date,open,high,low,close,adj_close,volume
2006-01-03,3.395613,3.423077,3.372102,3.413405,3.016348,87889558
2006-01-04,3.399349,3.492603,3.394896,3.440575,3.040409,59580570
2006-01-05,3.410727,3.463233,3.378627,3.450185,3.048951,54824433
2006-01-06,3.456052,3.458569,3.315625,3.362373,2.971399,65157810
2006-01-09,3.346119,3.374458,3.301653,3.373102,2.981028,89167790
2006-01-10,3.339688,3.458287,3.336012,3.448104,3.047362,50503729
2006-01-11,3.437249,3.439918,3.413187,3.422947,3.025178,92632855
2006-01-12,3.426694,3.436293,3.323729,3.337014,2.94928,60003723
2006-01-13,3.341299,3.46463,3.32705,3.42509,3.027172,41120657
2006-01-17,3.395423,3.435104,3.383035,3.394124,3.0,66734393
2006-01-18,3.429852,3.443543,3.423443,3.437627,3.038502,54884076
2006-01-19,3.442464,3.485252,3.436188,3.457342,3.055978,45991154
2006-01-20,3.46423,3.507838,3.435371,3.482989,3.078698,31455278
2006-01-23,3.465348,3.474316,3.456696,3.470837,3.068108,66778127
2006-01-24,3.487828,3.516148,3.439838,3.509633,3.102453,52827861
2006-01-25,3.546118,3.567218,3.494627,3.517474,3.109436,68789187
2006-01-26,3.513957,3.5655,3.472144,3.493109,3.087948,52713543
2006-01-27,3.480417,3.484459,3.440078,3.451808,3.051487,71250098
2006-01-30,3.441491,3.468333,3.409341,3.435412,3.037142,35350134
2006-01-31,3.431591,3.455323,3.42308,3.435986,3.0377,99209903
2006-02-01,3.403659,3.490417,3.382095,3.472007,3.069596,94084270
2006-02-02,3.469312,3.571203,3.421724,3.548828,3.137565,87486403
2006-02-03,3.543551,3.599472,3.529957,3.592457,3.17619,67744334
2006-02-06,3.570097,3.653654,3.566668,3.640073,3.218447,75052186
2006-02-07,3.687957,3.767991,3.6682,3.743548,3.309991,38993602
2006-02-08,3.735901,3.81447,3.701273,3.804386,3.363839,96731767
2006-02-09,3.824004,3.83509,3.812261,3.832119,3.388416,45827751
2006-02-10,3.816598,3.868574,3.813663,3.84864,3.40308,83972443
2006-02-13,3.868068,3.869916,3.732494,3.776047,3.339055,128879368
2006-02-14,3.806201,3.825054,3.709038,3.728493,3.297059,103139155
2006-02-15,3.746685,3.778888,3.654137,3.696645,3.26895,76263504
2006-02-16,3.668356,3.721398,3.633367,3.712466,3.282994,92952222
2006-02-17,3.707619,3.734207,3.585145,3.58756,3.17259,89837598
2006-02-21,3.57609,3.638045,3.543675,3.617583,3.19935,71397767
2006-02-22,3.621327,3.649522,3.518996,3.553692,3.142897,83281900
2006-02-23,3.582738,3.629796,3.47906,3.502123,3.097341,110039539
2006-02-24,3.467667,3.622244,3.446546,3.603944,3.187446,57170254
2006-02-27,3.609095,3.619893,3.605393,3.613157,3.195752,102015157
2006-02-28,3.603482,3.646683,3.601728,3.640912,3.220353,59220024
2006-03-01,3.654781,3.69587,3.652389,3.668433,3.244748,106831047
2006-03-02,3.673038,3.749593,3.644332,3.728774,3.298174,64455765
2006-03-03,3.742938,3.745537,3.698302,3.732145,3.30121,70645999
2006-03-06,3.732834,3.788047,3.691703,3.722877,3.293175,60972357
2006-03-07,3.737288,3.798315,3.69727,3.780626,3.344313,58165833
2006-03-08,3.763816,3.862814,3.747339,3.827417,3.385759,48322588
2006-03-09,3.860058,3.885253,3.751725,3.78547,3.348708,93812218
2006-03-10,3.813383,3.850025,3.717008,3.722676,3.293213,92059800
2006-03-13,3.759717,3.785981,3.709246,3.722408,3.293138,97707650
2006-03-14,3.725965,3.734055,3.659436,3.683692,3.258941,50291836
2006-03-15,3.700495,3.70491,3.677917,3.69393,3.268052,68568800
2006-03-16,3.688889,3.73897,3.680776,3.705419,3.27827,53429861
2006-03-17,3.697452,3.709979,3.663332,3.70517,3.278103,87619279
2006-03-20,3.674174,3.773416,3.658929,3.767034,3.333001,72459040
2006-03-21,3.764853,3.852133,3.728427,3.845419,3.402411,58576731
2006-03-22,3.848749,3.850916,3.833314,3.844295,3.401472,78546603
2006-03-23,3.849092,3.90258,3.782997,3.887806,3.440028,58665521
2006-03-24,3.886421,3.971848,3.877562,3.956361,3.500745,97722792
2006-03-27,3.979576,4.021749,3.903204,3.905607,3.456006,127750863
2006-03-28,3.88097,3.892669,3.802926,3.831988,3.390917,61207431
2006-03-29,3.819317,3.924147,3.801704,3.879861,3.433336,77317794
2006-03-30,3.866084,3.869321,3.79306,3.820622,3.38097,42169874
2006-03-31,3.81512,3.835089,3.78815,3.793664,3.35717,54915057
2006-04-03,3.769906,3.772992,3.735062,3.73952,3.309418,89943813
2006-04-04,3.731615,3.753138,3.695384,3.741068,3.310843,56418488
2006-04-05,3.723968,3.782399,3.688328,3.738492,3.308618,58858043
2006-04-06,3.720475,3.752345,3.718134,3.74278,3.312467,96036819
2006-04-07,3.738787,3.762405,3.721399,3.745027,3.31451,63088404
2006-04-10,3.775504,3.79038,3.707949,3.72234,3.294593,65351778
2006-04-11,3.724937,3.738113,3.653914,3.692323,3.268079,78868479
2006-04-12,3.668241,3.687897,3.599735,3.611492,3.196588,81774318
2006-04-13,3.628936,3.646706,3.556458,3.563136,3.153839,75223868
2006-04-17,3.571961,3.607425,3.49848,3.529876,3.124605,47168224
2006-04-18,3.563064,3.56864,3.50645,3.525792,3.121041,76215476
2006-04-19,3.533915,3.543461,3.497623,3.509485,3.106657,70397718
2006-04-20,3.50976,3.514275,3.494018,3.496555,3.095263,81282711
2006-04-21,3.502162,3.548021,3.495296,3.532801,3.1274,65501222
2006-04-24,3.552297,3.596557,3.528037,3.590052,3.178238,53500801
2006-04-25,3.587985,3.652396,3.579575,3.624974,3.209206,86930651
2006-04-26,3.640841,3.675902,3.60944,3.632541,3.215958,47086033
2006-04-27,3.640648,3.73179,3.630874,3.709439,3.284091,99901372
2006-04-28,3.700184,3.794538,3.673047,3.740792,3.311904,67240856
2006-05-01,3.770435,3.791436,3.714346,3.74479,3.315607,67706984
2006-05-02,3.750667,3.841351,3.738014,3.803599,3.367731,71407173
2006-05-03,3.82481,3.87578,3.742141,3.761238,3.330279,105749107
2006-05-04,3.755324,3.793293,3.742142,3.786752,3.352925,56794480
2006-05-05,3.786245,3.815121,3.747076,3.753812,3.323813,75643199
2006-05-08,3.729289,3.840453,3.705656,3.829569,3.39106,81566616
2006-05-09,3.853208,3.8566,3.821529,3.838152,3.398715,73470434
2006-05-10,3.822709,3.863545,3.810837,3.856959,3.415426,107407067
2006-05-11,3.810978,3.971994,3.796113,3.946829,3.495065,89512973
2006-05-12,3.912012,3.976332,3.876097,3.962035,3.508588,51150769
2006-05-15,3.981366,4.033792,3.972392,3.99122,3.534607,89592018
2006-05-16,3.971132,4.048211,3.967117,3.981112,3.525713,52146871
2006-05-17,3.982288,3.987037,3.927075,3.949071,3.497395,49394881
2006-05-18,3.953896,3.982711,3.917238,3.925915,3.476945,68518935
2006-05-19,3.929106,3.973876,3.875861,3.902568,3.456324,95919858
2006-05-22,3.910152,3.949269,3.815968,3.81906,3.382531,68927440
2006-05-23,3.811695,3.89398,3.792048,3.858924,3.417896,84918954
2006-05-24,3.831269,3.910566,3.821182,3.903546,3.457474,89718387
2006-05-25,3.874667,3.886263,3.840508,3.84584,3.406418,69838487
2006-05-26,3.845218,3.940246,3.830715,3.927131,3.478479,65799671
2006-05-30,3.950211,4.008825,3.916049,3.939133,3.489339,57603001
2006-05-31,3.918923,3.985868,3.894392,3.980826,3.526329,69962775
2006-06-01,3.997298,4.112474,3.979585,4.084386,3.618125,73443028
2006-06-02,4.04798,4.072781,3.981626,4.016402,3.55796,69288178
2006-06-05,3.980498,4.023236,3.953677,4.007802,3.550516,58971551
2006-06-06,4.023101,4.059336,3.91339,3.936588,3.487485,61209352
2006-06-07,3.920259,3.989044,3.883244,3.954683,3.503573,73779982
2006-06-08,3.925139,3.966699,3.905256,3.949932,3.499421,52017400
2006-06-09,3.932183,3.9468,3.808391,3.82746,3.390974,146432555
2006-06-12,3.887936,3.964915,3.876071,3.904221,3.459152,65733425
2006-06-13,3.879476,4.037307,3.836628,4.020705,3.562415,37059266
2006-06-14,4.023274,4.030485,3.950869,3.985669,3.531431,80455200
2006-06-15,4.011074,4.083945,3.957831,4.055203,3.593099,67527119
2006-06-16,4.028801,4.060252,3.923563,3.951934,3.501655,54584987
2006-06-19,3.901732,4.083108,3.858561,4.070171,3.606598,67249336
2006-06-20,4.01959,4.086314,3.973584,4.076145,3.611952,45585320
2006-06-21,3.976467,4.068848,3.951263,4.034395,3.575015,88650590
2006-06-22,4.06224,4.113541,3.988515,3.994905,3.540079,64798055
2006-06-23,3.988256,4.073236,3.968212,4.040427,3.580477,58332938
2006-06-26,4.025612,4.044667,3.943894,3.967612,3.516125,83751399
2006-06-27,3.956911,3.970704,3.920314,3.936798,3.488874,38733535
2006-06-28,3.932597,4.015411,3.924283,3.962233,3.511473,68609375
2006-06-29,3.98686,4.11385,3.984253,4.07711,3.613341,63697735
2006-06-30,4.088843,4.173479,4.065346,4.132678,3.662648,47711935
2006-07-03,4.115559,4.18638,4.09138,4.100425,3.634243,66007343
2006-07-05,4.100552,4.112135,4.037106,4.045111,3.585335,57373460
2006-07-06,4.079996,4.093945,3.995076,4.011746,3.555821,55968952
2006-07-07,3.985393,4.026422,3.918476,3.959078,3.509196,78531987
2006-07-10,3.938958,4.104794,3.934125,4.030893,3.573027,50980951
2006-07-11,4.051815,4.144452,4.031776,4.105351,3.639087,70057346
2006-07-12,4.083916,4.144717,4.069848,4.131842,3.662629,35518256
2006-07-13,4.14385,4.160596,4.117081,4.157763,3.685667,64588016
2006-07-14,4.139802,4.18208,4.0974,4.118301,3.650746,111034919
2006-07-17,4.095016,4.29085,4.087498,4.24945,3.767191,77790923
2006-07-18,4.300816,4.353566,4.238833,4.250818,3.768465,79150440
2006-07-19,4.263963,4.296347,4.115258,4.144439,3.674218,66902749
2006-07-20,4.147139,4.22963,4.138127,4.160095,3.688159,70480339
2006-07-21,4.150619,4.357678,4.141243,4.289895,3.803295,72985243
2006-07-24,4.254517,4.515992,4.250911,4.466313,3.959898,131990677
2006-07-25,4.4443,4.533211,4.425035,4.477441,3.969829,104516337
2006-07-26,4.430077,4.524796,4.397098,4.522941,4.010237,81989947
2006-07-27,4.498988,4.540315,4.4915,4.504469,3.993925,61653823
2006-07-28,4.492442,4.592742,4.451789,4.5624,4.045356,40585074
2006-07-31,4.553702,4.582017,4.522651,4.569542,4.051889,102097565
2006-08-01,4.585027,4.635626,4.556108,4.606741,4.084941,75416024
2006-08-02,4.601915,4.64227,4.596064,4.609341,4.087313,56650858
2006-08-03,4.640191,4.679127,4.583669,4.662765,4.134754,76596377
2006-08-04,4.675976,4.729223,4.631292,4.687991,4.157192,49495990
2006-08-07,4.690078,4.880048,4.659796,4.77907,4.238167,77508011
2006-08-08,4.791101,4.868775,4.774592,4.821179,4.275581,63690993
2006-08-09,4.803008,4.830597,4.748031,4.758119,4.219727,67452563
2006-08-10,4.740333,4.937011,4.711703,4.869058,4.318184,62894946
2006-08-11,4.859473,4.891546,4.741431,4.824519,4.278754,89888779
2006-08-14,4.829199,4.844085,4.741268,4.767844,4.228698,62987988
2006-08-15,4.749348,4.779544,4.578086,4.663686,4.136387,88104011
2006-08-16,4.679511,4.702833,4.585762,4.615956,4.09412,56094591
2006-08-17,4.59858,4.781824,4.583507,4.771086,4.231782,115823070
2006-08-18,4.78082,4.960396,4.7297,4.864443,4.314658,72590261
2006-08-21,4.883939,4.989695,4.840625,4.940417,4.382261,68006661
2006-08-22,4.958831,5.000226,4.764306,4.827262,4.28196,81888990
2006-08-23,4.83517,5.011271,4.807716,4.944325,4.385871,90069497
2006-08-24,4.996819,5.068877,4.95454,5.031365,4.463154,90441812
2006-08-25,5.04405,5.211467,5.011484,5.193527,4.607077,63105102
2006-08-28,5.20533,5.352206,5.200498,5.287447,4.690623,55838930
2006-08-29,5.333678,5.365589,5.243515,5.279777,4.683896,58418067
2006-08-30,5.313383,5.550393,5.268129,5.488373,4.86903,77411037
2006-08-31,5.539823,5.603375,5.469064,5.489689,4.870278,93728456
2006-09-01,5.480469,5.489328,5.375896,5.416091,4.805062,62771707
2006-09-05,5.441705,5.460822,5.268063,5.340116,4.73797,43608524
2006-09-06,5.37711,5.404873,5.253326,5.315924,4.716583,60536238
2006-09-07,5.352333,5.389133,5.1904,5.224266,4.635335,42349471
2006-09-08,5.180422,5.225033,4.966819,5.030047,4.463084,88844091
2006-09-11,4.98461,5.03996,4.892782,4.947493,4.390052,65018586
2006-09-12,4.971522,5.036737,4.812119,4.890144,4.339235,90780731
2006-09-13,4.931186,5.164102,4.914503,5.124862,4.547586,74274132
2006-09-14,5.177804,5.346534,5.146858,5.281821,4.686941,61598943
2006-09-15,5.304003,5.410318,5.138735,5.187136,4.602996,58942717
2006-09-18,5.194161,5.217791,5.071482,5.128392,4.551091,51718420
2006-09-19,5.18638,5.191809,4.868832,4.91076,4.35803,48057139
2006-09-20,4.937628,4.98242,4.880183,4.969266,4.410024,73368552
2006-09-21,4.946105,5.125921,4.880058,5.065344,4.495362,52213133
2006-09-22,5.075368,5.102314,4.850613,4.891573,4.341217,68666037
2006-09-25,4.918971,4.943657,4.858236,4.872378,4.324394,54913572
2006-09-26,4.933044,4.946481,4.811009,4.868389,4.320925,85621537
2006-09-27,4.850643,4.882395,4.750787,4.807644,4.267081,60511096
2006-09-28,4.842336,4.903152,4.768525,4.857454,4.311361,87621858
2006-09-29,4.865454,4.935345,4.69447,4.767503,4.231592,61538715
2006-10-02,4.720263,4.900064,4.695086,4.887011,4.33788,90247113
2006-10-03,4.865297,4.883623,4.805466,4.814707,4.273771,71466373
2006-10-04,4.806418,4.824572,4.752424,4.782376,4.245142,90925001
2006-10-05,4.80489,4.85555,4.762626,4.840679,4.296966,85839018
2006-10-06,4.839252,4.917528,4.817271,4.882277,4.333963,45981053
2006-10-09,4.853536,4.855983,4.809079,4.839774,4.296445,61830447
2006-10-10,4.847587,5.011796,4.827307,4.970361,4.412444,73199252
2006-10-11,4.965408,5.136904,4.934683,5.093352,4.521704,90126662
2006-10-12,5.114313,5.181628,4.945971,5.022201,4.458612,69339099
2006-10-13,5.071866,5.102796,5.016361,5.052276,4.485385,65776715
2006-10-16,5.071903,5.077068,4.923955,4.977585,4.419293,56019147
2006-10-17,5.007097,5.057926,4.858619,4.881709,4.334242,82072821
2006-10-18,4.886373,4.906199,4.796299,4.828386,4.286969,54654765
2006-10-19,4.802735,4.804718,4.684167,4.689484,4.163711,52443627
2006-10-20,4.672695,4.926724,4.663774,4.884556,4.336984,119869422
2006-10-23,4.848596,4.897124,4.761757,4.77804,4.242617,80286267
2006-10-24,4.758784,4.816527,4.754479,4.813981,4.274601,66175375
2006-10-25,4.805014,4.859915,4.598431,4.692872,4.16713,89471013
2006-10-26,4.72434,4.762434,4.693117,4.711129,4.18341,63150509
2006-10-27,4.754988,4.765326,4.635884,4.646209,4.12583,108575011
2006-10-30,4.625504,4.65634,4.509903,4.574513,4.062364,82236635
2006-10-31,4.609473,4.663111,4.605384,4.638974,4.119676,72352866
2006-11-01,4.644282,4.729198,4.541414,4.595313,4.08097,73452871
2006-11-02,4.597466,4.632289,4.523948,4.540746,4.032576,62397784
2006-11-03,4.572311,4.594397,4.516006,4.577343,4.065144,87595034
2006-11-06,4.609678,4.63044,4.576165,4.611215,4.095428,106617139
2006-11-07,4.563117,4.626095,4.487191,4.505988,4.002037,54085516
2006-11-08,4.463974,4.647772,4.455725,4.625602,4.108341,68645649
2006-11-09,4.673421,4.857831,4.653933,4.761704,4.229292,107667374
2006-11-10,4.740614,4.987,4.675866,4.931168,4.379881,53999514
2006-11-13,4.953534,5.095907,4.938427,5.025936,4.464274,80126667
2006-11-14,5.043435,5.111073,5.015134,5.031528,4.469314,108163069
2006-11-15,5.066495,5.094212,4.92389,4.9564,4.402653,59059717
2006-11-16,4.959024,4.968797,4.779778,4.833713,4.293744,60648796
2006-11-17,4.819678,5.13824,4.756332,5.091205,4.522546,96072832
2006-11-20,5.156628,5.223399,5.110381,5.194367,4.614413,66550536
2006-11-21,5.158481,5.263073,5.1268,5.194892,4.614955,97522714
2006-11-22,5.174627,5.283555,5.1546,5.194916,4.615052,59288761
2006-11-24,5.175686,5.308372,5.170547,5.279029,4.689931,54653617
2006-11-27,5.322988,5.34633,5.281046,5.301322,4.709968,43193197
2006-11-28,5.337702,5.387561,5.307196,5.318257,4.725091,41758550
2006-11-29,5.308736,5.424629,5.24334,5.35877,4.761164,79681411
2006-11-30,5.341837,5.382076,5.305614,5.312822,4.720418,35810413
2006-12-01,5.324348,5.351365,5.106379,5.152412,4.577969,48513894
2006-12-04,5.172259,5.212994,5.00705,5.018974,4.459628,106369900
2006-12-05,5.030535,5.039071,4.959527,5.000332,4.443136,65435874
2006-12-06,4.972635,5.005161,4.92505,5.000314,4.443194,32412608
2006-12-07,5.005071,5.073079,4.995694,5.065199,4.500923,90025706
2006-12-08,5.026691,5.088628,5.022464,5.045483,4.483477,41737064
2006-12-11,5.041678,5.17358,5.031785,5.169428,4.593842,76803392
2006-12-12,5.191961,5.325077,5.183602,5.292285,4.703098,98150851
2006-12-13,5.258437,5.343445,5.248191,5.29641,4.70684,122862692
2006-12-14,5.260614,5.318648,5.191736,5.310987,4.719872,47213774
2006-12-15,5.336533,5.376654,5.301514,5.316479,4.724831,60964072
2006-12-18,5.284194,5.385181,5.25289,5.376955,4.778812,54941970
2006-12-19,5.404547,5.445806,5.207501,5.251109,4.667043,60538854
2006-12-20,5.205923,5.366139,5.177067,5.327582,4.735088,58200435
2006-12-21,5.342916,5.366978,5.317275,5.32278,4.730897,82370252
2006-12-22,5.355227,5.399536,5.336503,5.367729,4.770926,63031399
2006-12-26,5.357931,5.360149,5.304599,5.333344,4.740676,92560063
2006-12-27,5.354768,5.383036,5.271296,5.340627,4.747227,85047055
2006-12-28,5.298469,5.35829,5.245387,5.31084,4.720828,59699640
2006-12-29,5.343055,5.428976,5.302699,5.40675,4.806161,102046177
2007-01-02,5.399192,5.465507,5.380068,5.384913,4.787064,89590213
2007-01-03,5.391023,5.422608,5.314633,5.353899,4.759572,65677304
2007-01-04,5.334858,5.394738,5.321749,5.351167,4.757222,75477231
2007-01-05,5.332767,5.358225,5.318782,5.337582,4.745222,49405496
2007-01-08,5.338683,5.364616,5.335268,5.349693,4.756224,80230153
2007-01-09,5.338799,5.483214,5.33269,5.46032,4.854658,94104973
2007-01-10,5.454395,5.567144,5.421501,5.558937,4.942417,107591764
2007-01-11,5.540439,5.565218,5.535486,5.556867,4.940658,106566235
2007-01-12,5.55578,5.580471,5.47179,5.517332,4.905588,116324350
2007-01-16,5.511675,5.625835,5.498513,5.5514,4.936203,66740157
2007-01-17,5.576802,5.677011,5.550141,5.671419,5.043004,114650147
2007-01-18,5.71241,5.756454,5.651208,5.672429,5.043985,42224087
2007-01-19,5.65826,5.730932,5.646751,5.678958,5.049874,49961674
2007-01-22,5.71916,5.721687,5.6874,5.693104,5.062702,146849084
2007-01-23,5.710145,5.73716,5.575483,5.630911,5.007478,93948620
2007-01-24,5.602861,5.652016,5.557585,5.571261,4.954514,63676611
2007-01-25,5.577994,5.753951,5.555676,5.669439,5.041906,73519061
2007-01-26,5.631878,5.732004,5.611305,5.725959,5.092253,74429601
2007-01-29,5.701341,5.737324,5.670243,5.734516,5.100115,49243582
2007-01-30,5.716989,5.804268,5.702461,5.747695,5.11192,68267869
2007-01-31,5.77072,5.847039,5.724498,5.74552,5.110069,67001338
2007-02-01,5.758285,5.819762,5.739554,5.779917,5.140747,77256049
2007-02-02,5.771039,5.840172,5.700828,5.79098,5.150671,66846628
2007-02-05,5.783483,5.787138,5.696465,5.699802,5.069824,72322062
2007-02-06,5.703844,5.745227,5.699824,5.731084,5.097733,80224313
2007-02-07,5.694717,5.777408,5.688397,5.761887,5.125215,84874781
2007-02-08,5.757115,5.866546,5.738844,5.77908,5.140594,85907694
2007-02-09,5.765609,5.793874,5.62537,5.630467,5.008482,68797672
2007-02-12,5.67904,5.754549,5.635895,5.657943,5.033171,68856428
2007-02-13,5.687636,5.741412,5.671644,5.726576,5.094309,53235454
2007-02-14,5.722842,5.801421,5.66265,5.676649,5.049977,84656128
2007-02-15,5.676213,5.702293,5.57793,5.588505,4.971646,69166215
2007-02-16,5.63284,5.682664,5.512883,5.519964,4.910751,70650700
2007-02-20,5.54002,5.617262,5.502942,5.610721,4.991819,52211596
2007-02-21,5.626912,5.840036,5.611274,5.825899,5.183346,70961255
2007-02-22,5.800689,5.87404,5.784154,5.85814,5.212117,72270284
2007-02-23,5.845564,6.054415,5.812954,5.999195,5.337705,130979381
2007-02-26,6.037704,6.087049,5.93266,5.962557,5.305368,54730111
2007-02-27,5.96741,6.127805,5.908496,6.0873,5.416451,54123937
2007-02-28,6.067425,6.105595,5.991399,6.004236,5.342629,84879367
2007-03-01,6.005187,6.144541,5.965602,6.117974,5.443924,53503468
2007-03-02,6.075034,6.113204,6.024675,6.095767,5.424252,54056335
2007-03-05,6.134555,6.158326,5.994132,6.002495,5.341518,113315210
2007-03-06,6.060215,6.080281,6.026466,6.041582,5.37639,52730061
2007-03-07,6.037514,6.175119,6.021932,6.108111,5.435682,68756454
2007-03-08,6.100526,6.189383,6.057661,6.18179,5.501341,62792576
2007-03-09,6.241037,6.270126,6.223719,6.258526,5.569722,36254144
2007-03-12,6.21328,6.301557,6.175773,6.288203,5.596409,57079901
2007-03-13,6.32239,6.458153,6.259208,6.446306,5.737212,60836328
2007-03-14,6.435962,6.650573,6.359027,6.576617,5.853285,59962222
2007-03-15,6.618219,6.682363,6.548043,6.558925,5.837635,97908205
2007-03-16,6.578381,6.742168,6.564149,6.72204,5.98291,39762947
2007-03-19,6.768131,6.817951,6.650429,6.678214,5.944196,63558213
2007-03-20,6.727211,6.818864,6.699425,6.795294,6.048506,88774541
2007-03-21,6.851391,6.965356,6.739909,6.89732,6.139421,58177005
2007-03-22,6.894691,7.000372,6.843622,6.978468,6.211754,88762593
2007-03-23,7.035005,7.106599,6.986662,7.04763,6.27342,69880496
2007-03-26,7.013854,7.03101,6.993558,7.021987,6.250902,108919558
2007-03-27,7.017979,7.031418,6.854658,6.877679,6.122542,64351068
2007-03-28,6.889929,7.017848,6.807023,6.990209,6.222819,65991474
2007-03-29,6.946742,7.046604,6.888322,7.000853,6.232397,58586021
2007-03-30,6.949302,6.969883,6.898096,6.955947,6.192522,62481344
2007-04-02,6.991755,7.050496,6.97479,7.040271,6.2679,60167975
2007-04-03,7.054459,7.224435,7.04223,7.166306,6.380213,66116217
2007-04-04,7.160927,7.323363,7.149291,7.169524,6.383183,59227608
2007-04-05,7.129453,7.304464,7.079177,7.292679,6.492937,69299942
2007-04-09,7.329898,7.424466,7.251284,7.309718,6.508535,86996692
2007-04-10,7.357824,7.509727,7.348259,7.438826,6.623601,69691187
2007-04-11,7.351602,7.621087,7.322469,7.528522,6.703577,63253106
2007-04-12,7.566414,7.582298,7.412893,7.459376,6.642117,87765302
2007-04-13,7.438128,7.492625,7.341174,7.368096,6.560946,63843683
2007-04-16,7.351431,7.376189,7.282182,7.354892,6.549511,51034443
2007-04-17,7.395851,7.442553,7.338265,7.408922,6.597732,102466621
2007-04-18,7.357595,7.474347,7.321634,7.46293,6.645937,102914144
2007-04-19,7.460438,7.494586,7.427279,7.480616,6.661796,74015332
2007-04-20,7.517513,7.581062,7.392214,7.404078,6.593743,74520304
2007-04-23,7.405652,7.482016,7.321708,7.432822,6.619668,86567516
2007-04-24,7.389123,7.51749,7.357886,7.46214,6.645888,79284247
2007-04-25,7.496209,7.548484,7.386751,7.394973,6.586176,75858645
2007-04-26,7.390505,7.511117,7.362776,7.48255,6.664284,85224104
2007-04-27,7.468242,7.671184,7.416144,7.605931,6.774284,59798097
2007-04-30,7.585767,7.605254,7.338901,7.356105,6.552097,137653943
2007-05-01,7.351198,7.508645,7.304577,7.47956,6.662168,63130542
2007-05-02,7.422031,7.649033,7.397823,7.616185,6.783974,65371525
2007-05-03,7.53669,7.630754,7.374463,7.414046,6.604031,108999764
2007-05-04,7.366173,7.388651,7.352848,7.383537,6.576963,57561091
2007-05-07,7.482694,7.612861,7.181097,7.252404,6.460473,43025469
2007-05-08,7.213238,7.400154,7.204886,7.324992,6.525242,79545603
2007-05-09,7.305892,7.453884,7.285234,7.387304,6.580859,62999129
2007-05-10,7.376341,7.811397,7.352786,7.679453,6.841228,93592994
2007-05-11,7.688673,7.710949,7.541225,7.644769,6.810441,80394830
2007-05-14,7.653624,7.688685,7.646254,7.659995,6.824342,50766621
2007-05-15,7.672222,7.700084,7.587261,7.667489,6.831131,59662588
2007-05-16,7.694326,7.736917,7.629489,7.637535,6.804556,43495948
2007-05-17,7.606135,7.728155,7.575181,7.665375,6.829472,104637614
2007-05-18,7.676601,7.701918,7.453643,7.498437,6.680847,50798158
2007-05-21,7.561879,7.610804,7.326625,7.403034,6.596172,73989284
2007-05-22,7.344529,7.436117,7.296384,7.389894,6.584573,62078590
2007-05-23,7.351854,7.476493,7.277778,7.42103,6.612424,45890446
2007-05-24,7.497399,7.51007,7.230624,7.286221,6.49241,66859903
2007-05-25,7.28599,7.340485,7.155365,7.194103,6.410434,75789560
2007-05-29,7.150066,7.286446,7.049662,7.275655,6.483528,51693839
2007-05-30,7.277251,7.362954,7.234686,7.274776,6.482851,101963460
2007-05-31,7.287951,7.304431,7.102603,7.178532,6.397189,83408942
2007-06-01,7.169259,7.249464,7.10505,7.206838,6.42252,93461277
2007-06-04,7.171811,7.226354,6.905749,6.933828,6.179526,112148889
2007-06-05,6.960781,6.972667,6.897664,6.962302,6.205004,58405802
2007-06-06,6.868833,7.160118,6.786605,7.100572,6.328339,70261299
2007-06-07,7.128035,7.185624,7.100322,7.106346,6.333589,60548996
2007-06-08,7.053419,7.064477,6.997645,7.005584,6.243887,50085513
2007-06-11,7.035741,7.064719,6.93591,6.984302,6.225225,32203045
2007-06-12,7.059895,7.133728,6.9397,6.949194,6.194034,83678046
2007-06-13,6.943195,7.005597,6.770328,6.822559,6.081261,71770901
2007-06-14,6.815878,6.831956,6.713006,6.718651,5.988741,56237872
2007-06-15,6.68849,6.899083,6.576307,6.847948,6.104092,114401453
2007-06-18,6.935096,6.96426,6.63878,6.678143,5.953025,70598039
2007-06-19,6.713578,6.804727,6.708482,6.792081,6.054691,64627479
2007-06-20,6.832045,7.03443,6.800556,6.981301,6.223471,69893169
2007-06-21,7.082128,7.376124,7.019267,7.335331,6.539178,78530795
2007-06-22,7.295107,7.322137,7.215689,7.25142,6.46448,47988149
2007-06-25,7.219201,7.44037,7.208336,7.331014,6.535758,86007568
2007-06-26,7.368869,7.707982,7.169796,7.682098,6.84887,141364276
2007-06-27,7.757183,7.953507,7.61943,7.703863,6.868387,68069467
2007-06-28,7.725103,8.054185,7.656194,7.98767,7.121533,53040098
2007-06-29,8.128335,8.515523,8.059021,8.294532,7.395241,46455656
2007-07-02,8.245596,8.372589,7.870725,8.019221,7.150132,107982901
2007-07-03,7.799586,8.415196,7.720666,7.932675,7.073082,53393122
2007-07-05,7.984778,8.805798,7.887429,8.752901,7.804684,77045870
2007-07-06,8.803374,9.415891,8.720572,9.282249,8.276822,80595699
2007-07-09,9.213909,9.487438,9.192525,9.286222,8.280773,53910986
2007-07-10,9.371107,9.831232,9.136923,9.754395,8.698398,106968505
2007-07-11,9.834615,10.719514,9.69344,10.51225,9.374363,80221112
2007-07-12,10.62204,11.614118,10.599989,11.542526,10.293287,83994423
2007-07-13,11.507345,12.775058,11.377321,12.687637,11.314649,62999309
2007-07-16,12.658244,12.722067,12.372743,12.518871,11.164697,97982357
2007-07-17,12.570553,12.6601,12.41486,12.643145,11.275712,74300838
2007-07-18,12.804557,13.700092,12.469448,13.389359,11.941415,78820416
2007-07-19,13.578921,13.864435,13.159893,13.433056,11.980583,48016062
2007-07-20,13.180978,13.508799,12.967959,13.405445,11.956155,75516287
2007-07-23,13.239835,14.719643,12.991654,13.928571,12.423337,52129478
2007-07-24,14.024959,14.702437,13.315857,13.522458,12.06131,89443691
2007-07-25,13.422361,14.235187,13.158119,14.166078,12.635592,79453692
2007-07-26,14.264953,15.863266,13.806323,15.383377,13.721601,71804352
2007-07-27,15.761091,18.084593,14.441206,17.701247,15.789344,113200352
2007-07-30,17.895119,20.211539,17.372731,18.557866,16.554256,100875490
2007-07-31,17.963016,18.595787,17.63181,18.387692,16.402724,79463622
2007-08-01,18.018142,21.465815,17.618993,21.45083,19.135509,100126522
2007-08-02,20.974149,25.645544,20.629227,25.130927,22.418758,89455245
2007-08-03,24.823827,26.824969,22.90366,26.431396,23.579266,52453506
2007-08-06,26.013052,27.900719,25.602701,26.39341,23.546539,59736479
2007-08-07,26.269102,26.846173,25.912848,25.992706,23.189436,50543101
2007-08-08,26.147352,29.419057,25.783903,28.667514,25.576192,62222185
2007-08-09,28.618107,30.627626,28.02638,30.4575,27.173603,104100421
2007-08-10,30.96669,32.626654,27.196929,27.6264,24.648155,40902993
2007-08-13,27.912186,31.57489,26.699878,29.879486,26.659662,63235336
2007-08-14,29.469536,30.925434,28.760718,29.986078,26.755207,46614918
2007-08-15,29.68261,30.045028,25.650579,26.741106,23.860258,70742815
2007-08-16,25.592137,26.161214,24.039277,24.724585,22.061342,109045775
2007-08-17,24.723155,28.670989,24.612342,27.665968,24.686295,40852777
2007-08-20,27.369734,28.810119,24.850971,25.183931,22.472685,69629551
2007-08-21,25.169805,25.527034,23.952395,24.351711,21.730418,54583390
2007-08-22,25.790286,26.329934,21.653692,22.486596,20.066399,97074446
2007-08-23,22.762779,23.218004,20.938335,21.335463,19.039473,54419624
2007-08-24,20.82938,21.259101,20.439771,20.930009,18.677958,48282708
2007-08-27,20.778694,20.891054,19.784872,19.940191,17.79552,78685986
2007-08-28,20.200102,22.934751,19.809412,22.122058,19.743041,111220412
2007-08-29,22.476678,22.604817,21.177613,22.379199,19.972857,50431992
2007-08-30,21.461839,22.830985,21.071245,22.701175,20.260546,47633168
2007-08-31,23.029523,24.645763,20.517572,21.669734,19.340314,48571464
2007-09-04,21.530979,22.241422,21.012314,22.139501,19.76088,136511489
2007-09-05,22.428808,22.448114,21.112515,21.832262,19.486971,57554141
2007-09-06,22.183338,22.84033,21.711272,21.728191,19.394398,53348136
2007-09-07,22.599658,22.72797,19.454404,20.29709,18.117307,85073364
2007-09-10,21.317325,21.796062,20.278399,20.915138,18.669901,59045640
2007-09-11,20.792873,21.997824,18.841805,19.179779,17.121113,102848593
2007-09-12,18.919529,19.942529,18.356618,19.499723,17.407002,41070397
2007-09-13,19.608759,19.826926,18.646674,18.825876,16.805748,66693711
2007-09-14,18.08052,18.281406,17.754257,17.974122,16.045656,54703984
2007-09-17,18.508746,18.83744,16.849336,17.973536,16.045924,61193493
2007-09-18,17.656026,17.988775,16.78478,17.199727,15.355356,95910725
2007-09-19,17.044111,17.809146,16.857517,17.363736,15.502033,75541725
2007-09-20,17.332745,18.284631,17.300444,17.893347,15.975123,122814722
2007-09-21,17.386224,17.902219,17.040011,17.151687,15.313222,109240409
2007-09-24,17.174589,17.249374,16.620686,16.761233,14.965358,55710813
2007-09-25,16.623595,17.306466,15.084743,15.232365,13.600524,115443781
2007-09-26,15.298753,15.323517,13.259527,13.621925,12.16281,110582920
2007-09-27,13.739248,14.835496,13.116839,14.630401,13.063477,60677726
2007-09-28,14.376027,14.539739,14.040982,14.110135,12.599138,79225129
2007-10-01,13.839346,14.494146,13.170752,13.902,12.413904,67723357
2007-10-02,14.198442,15.208391,14.066502,14.843885,13.255186,45282901
2007-10-03,15.313497,15.475942,15.194929,15.221626,13.592721,43178127
2007-10-04,15.567543,16.129434,14.982566,15.711916,14.030774,79556064
2007-10-05,15.640711,15.808248,14.619554,14.883915,13.291586,65851121
2007-10-08,15.045346,15.326028,14.414286,15.152422,13.532034,80697310
2007-10-09,15.259624,15.380044,14.439628,14.629448,13.065201,52115941
2007-10-10,14.470999,15.82517,14.451933,15.575631,13.910442,63781439
2007-10-11,15.669916,16.694867,15.523541,16.439025,14.681772,62778356
2007-10-12,16.462554,16.687549,16.07741,16.585939,14.813225,56100729
2007-10-15,16.92139,17.783404,16.554288,17.302504,15.453965,81710836
2007-10-16,17.543693,17.979198,14.886682,15.377605,13.734941,79969216
2007-10-17,15.442228,15.699581,13.879277,14.219982,12.701186,56662401
2007-10-18,13.981144,15.093506,13.806514,14.783586,13.20481,90706539
2007-10-19,14.809746,14.844371,14.191285,14.256111,12.733875,55146983
2007-10-22,14.488021,14.93907,14.044246,14.196535,12.681285,46590197
2007-10-23,13.853021,14.595578,13.598085,14.19769,12.682525,54243758
2007-10-24,14.322154,16.18304,13.907955,15.937722,14.237096,56944814
2007-10-25,15.720741,17.266938,15.576232,16.450246,14.695173,56936731
2007-10-26,17.011517,17.660489,14.555795,14.796664,13.218228,70291896
2007-10-29,14.834507,15.471937,14.371327,14.690064,13.123647,70884528
2007-10-30,14.733091,15.618263,14.612514,15.572865,13.912542,128481357
2007-10-31,15.619604,16.570274,15.491174,16.219474,14.49045,84360305
2007-11-01,16.158699,17.663979,15.803587,17.434125,15.575873,54335492
2007-11-02,17.85857,18.475204,17.225429,17.899004,15.991465,68152724
2007-11-05,18.443773,18.926689,18.387739,18.561543,16.584213,67967312
2007-11-06,18.435261,19.925607,18.301512,19.446391,17.375085,94567761
2007-11-07,19.061341,19.693055,18.684091,18.924882,16.909401,54529157
2007-11-08,17.883117,20.517515,17.588199,20.119752,17.977314,56870564
2007-11-09,19.913308,21.048196,19.49187,20.451958,18.274446,74302506
2007-11-12,20.469906,21.008836,19.627935,19.966352,17.841421,60672910
2007-11-13,19.851781,20.752259,18.97885,19.244019,17.196246,39585722
2007-11-14,20.444211,21.372622,18.65684,18.689588,16.701086,70808002
2007-11-15,18.850968,19.083937,17.661832,17.91803,16.011882,54651957
2007-11-16,18.021024,18.501058,16.055258,16.869066,15.074756,85924732
2007-11-19,16.493463,18.053015,15.953239,17.501586,15.640767,39595458
2007-11-20,17.372902,17.512801,15.894271,16.047857,14.341839,70337598
2007-11-21,15.716734,18.034234,15.247801,17.248181,15.414812,77689409
2007-11-23,17.492559,17.642369,16.981105,17.254506,15.420971,47478907
2007-11-26,16.737011,17.436076,16.558908,16.857841,15.0672,88070034
2007-11-27,16.759084,17.329163,16.621032,17.000333,15.194807,52429227
2007-11-28,17.136418,17.349429,16.960711,17.252216,15.420191,54929853
2007-11-29,17.136256,18.012086,16.893074,17.670346,15.794179,93876846
2007-11-30,17.701728,17.89549,17.252007,17.342719,15.501593,69814396
2007-12-03,17.269847,17.55574,16.6222,16.675615,14.906044,46402127
2007-12-04,16.569769,16.844398,16.052185,16.355586,14.620216,95502740
2007-12-05,16.314459,16.734667,16.11027,16.598603,14.837692,56170651
2007-12-06,16.716885,17.46771,16.668638,17.020206,15.214818,106258786
2007-12-07,17.056847,17.409078,16.796568,17.24454,15.415609,79038827
2007-12-10,17.2385,17.252038,16.734788,17.076796,15.266408,59973503
2007-12-11,17.055464,17.933333,17.033036,17.758272,15.875899,55547077
2007-12-12,17.567747,18.212796,17.467391,18.159055,16.234466,55093045
2007-12-13,18.162105,18.343889,17.437692,17.634049,15.765361,85934727
2007-12-14,17.694752,17.795218,17.49694,17.562097,15.701292,85770500
2007-12-17,17.4844,17.491541,17.285308,17.366639,15.527309,77053980
2007-12-18,17.207191,17.488999,16.753404,17.011775,15.21028,97861819
2007-12-19,16.84142,17.198884,16.649727,16.906112,15.116054,69843440
2007-12-20,16.675189,17.573838,16.517328,17.558108,15.699273,72172866
2007-12-21,17.803615,18.358293,17.760779,18.336404,16.395442,121930465
2007-12-24,18.364301,18.60961,17.814357,18.021708,16.114851,69211226
2007-12-26,18.100116,18.2961,17.778931,18.033195,16.125653,51397752
2007-12-27,17.960291,18.334421,16.628408,17.273748,15.446794,81337465
2007-12-28,17.227773,17.251063,16.269592,16.580219,14.826859,138441762
2007-12-31,16.463888,16.974474,16.263989,16.890063,15.104682,82389096
2008-01-02,16.880915,17.119762,16.423671,16.515929,14.770581,55880331
2008-01-03,16.40125,17.391107,16.128866,17.203675,15.385901,78339063
2008-01-04,17.177887,17.652143,17.094727,17.515045,15.664628,45044285
2008-01-07,17.768658,18.097117,17.379356,17.576292,15.72018,68779005
2008-01-08,17.534353,17.687224,17.52464,17.612501,15.752823,77970070
2008-01-09,17.705768,18.387743,17.572554,18.236961,16.311616,43113053
2008-01-10,18.561387,19.746573,18.274887,19.592309,17.524162,58582026
2008-01-11,19.684584,19.840506,19.268555,19.490204,17.433121,55088877
2008-01-14,19.690399,20.027446,19.61702,19.787198,17.699642,67189533
2008-01-15,19.585313,19.940553,19.553757,19.894095,17.795554,109634823
2008-01-16,19.773337,19.972168,19.391323,19.599665,17.532469,38626116
2008-01-17,19.619589,20.262251,19.342263,20.146047,18.02152,84284773
2008-01-18,20.313444,20.494143,20.295654,20.348431,18.20286,49876776
2008-01-22,20.382239,21.575638,20.078635,21.464643,19.202639,101534918
2008-01-23,21.24284,22.117048,21.00312,21.632658,19.353266,57468605
2008-01-24,21.44835,22.694454,21.349259,22.392015,20.03294,63523733
2008-01-25,22.504089,22.774908,22.349202,22.446764,20.082252,73085576
2008-01-28,22.196722,22.542028,21.936916,22.405609,20.046419,77659756
2008-01-29,22.305318,22.459997,20.73936,20.937241,18.73297,106912998
2008-01-30,20.715437,21.296141,20.381735,20.702002,18.522801,74653651
2008-01-31,20.563504,20.605865,19.579778,20.005321,17.899751,41078030
2008-02-01,20.153208,20.311883,19.501168,19.760444,17.680938,59742669
2008-02-04,19.989479,20.020639,19.214853,19.343186,17.308443,88831451
2008-02-05,19.525993,19.622971,19.198694,19.259949,17.234245,96023883
2008-02-06,19.348692,19.595488,18.034374,18.078723,16.177522,89893565
2008-02-07,17.955338,18.211475,17.676243,17.849416,15.972592,62229366
2008-02-08,17.777686,18.77777,17.671196,18.528566,16.580604,67087430
2008-02-11,18.58188,18.735394,18.160688,18.386857,16.454604,79946207
2008-02-12,18.260416,18.611994,18.155808,18.511004,16.565977,115367406
2008-02-13,18.465955,18.975112,18.370843,18.756894,16.786306,80372231
2008-02-14,19.096642,19.258895,18.044589,18.094544,16.193808,77744445
2008-02-15,18.184878,18.599617,18.047228,18.377176,16.447021,100223061
2008-02-19,18.243887,18.765438,18.084217,18.528526,16.583564,86394319
2008-02-20,18.562216,18.619561,18.158272,18.187822,16.278892,57893918
2008-02-21,17.902549,18.984726,17.884414,18.489646,16.549309,79318785
2008-02-22,18.782801,19.250403,18.418346,18.642929,16.68678,74682778
2008-02-25,18.812776,19.297672,17.960469,18.234102,16.321655,92880215
2008-02-26,18.390084,18.68024,17.869874,17.910014,16.031822,59495934
2008-02-27,17.857243,18.021032,17.510848,17.751913,15.890561,85445541
2008-02-28,17.688169,17.802512,17.111286,17.257469,15.448215,35518531
2008-02-29,17.197815,17.355538,16.733438,16.867672,15.099533,76626631
2008-03-03,16.941634,17.010331,16.739242,16.839848,15.075368,77856331
2008-03-04,16.797128,17.005444,16.419606,16.90975,15.138194,40458115
2008-03-05,16.860113,16.98958,16.647315,16.858002,15.092116,64288617
2008-03-06,16.84466,17.301518,16.617247,17.031669,15.247842,92146718
2008-03-07,17.007434,17.047677,16.522231,16.832724,15.069981,101215788
2008-03-10,16.822485,16.857214,16.595747,16.846015,15.082623,56998489
2008-03-11,17.016098,17.26926,16.867355,17.085251,15.297068,99823003
2008-03-12,17.092205,17.115222,17.028088,17.108372,15.31802,50642622
2008-03-13,17.134421,17.348209,16.877077,16.936087,15.164014,60690274
2008-03-14,16.814415,17.394994,16.803683,17.294055,15.484781,83723739
2008-03-17,17.37273,17.67453,17.341167,17.550359,15.715045,127485833
2008-03-18,17.695673,17.871829,17.561452,17.668834,15.821391,65078598
2008-03-19,17.680841,17.732796,17.443244,17.662563,15.816035,85258152
2008-03-20,17.705256,17.722278,17.501244,17.681399,15.833163,57877555
2008-03-24,17.502236,17.989897,17.421915,17.939359,16.065213,47794835
2008-03-25,17.888732,18.019647,17.782426,17.964328,16.087838,79172326
2008-03-26,17.929255,17.961515,17.791553,17.877927,16.010725,86606980
2008-03-27,17.888248,17.992428,17.875804,17.959035,16.083626,59107953
2008-03-28,17.87313,18.201267,17.75471,18.067001,16.180583,48976375
2008-03-31,18.075507,18.449421,17.950222,18.336925,16.423133,56133630
2008-04-01,18.32514,18.47834,18.227451,18.35138,16.43635,83201280
2008-04-02,18.38418,18.511566,18.340085,18.428647,16.505825,40348523
2008-04-03,18.45077,18.496025,18.09779,18.186299,16.289031,69952319
2008-04-04,18.253502,18.306296,17.966273,18.085533,16.199043,122937265
2008-04-07,18.057663,18.59947,17.949191,18.408931,16.48952,50998668
2008-04-08,18.310062,18.671998,18.259292,18.66374,16.718036,66448909
2008-04-09,18.740276,18.848306,18.468296,18.693281,16.744773,60846310
2008-04-10,18.841711,18.982387,18.785988,18.915871,16.944439,64431317
2008-04-11,19.08707,19.188587,18.604196,18.690016,16.742398,58901771
2008-04-14,18.660172,18.999425,18.440605,18.959037,16.984223,70446120
2008-04-15,18.859199,19.306473,18.717455,19.255178,17.2498,56441258
2008-04-16,19.463027,19.682169,19.309153,19.558336,17.521673,55191653
2008-04-17,19.433002,19.559792,19.338824,19.532671,17.498967,67122177
2008-04-18,19.579909,19.635784,19.52457,19.583728,17.544996,48332857
2008-04-21,19.537201,19.705311,18.987765,19.212076,17.212883,90047273
2008-04-22,19.174828,19.235126,18.887491,19.121346,17.131876,81283723
2008-04-23,19.11542,19.320366,18.889105,18.90741,16.940478,51696385
2008-04-24,19.00719,19.101552,18.315808,18.512427,16.586857,82817061
2008-04-25,18.563719,19.356861,18.470139,19.172023,17.178127,69979017
2008-04-28,19.149756,19.275171,18.971652,19.212978,17.215671,116548367
2008-04-29,18.85312,19.295625,18.696413,19.188191,17.193743,51352174
2008-04-30,19.196772,19.39658,19.006845,19.2687,17.266167,104022326
2008-05-01,19.341548,19.440538,18.876693,19.02929,17.051919,86193691
2008-05-02,19.061344,19.807105,19.01602,19.615643,17.577632,91064866
2008-05-05,19.632876,19.770717,19.572244,19.582956,17.549205,45259210
2008-05-06,19.592828,19.864317,19.434733,19.741367,17.691456,109376765
2008-05-07,19.675424,19.791419,19.330964,19.4666,17.445506,47423244
2008-05-08,19.385787,19.416385,19.079932,19.316911,17.311643,77268129
2008-05-09,19.356054,19.530173,19.168398,19.327001,17.32097,38620349
2008-05-12,19.201683,20.158566,19.053689,20.039121,17.960061,96090315
2008-05-13,20.131143,20.689892,20.108169,20.534677,18.404506,63034484
2008-05-14,20.579868,20.853041,20.445506,20.745286,18.593573,104781382
2008-05-15,20.790651,20.952438,20.737016,20.829938,18.669751,93246200
2008-05-16,20.656995,21.005028,20.447633,20.898086,18.73114,71090659
2008-05-19,20.736809,21.06395,20.577188,21.031738,18.851862,94037791
2008-05-20,20.965361,21.510344,20.91559,21.305229,19.09732,53066738
2008-05-21,21.285439,21.309688,21.080962,21.226058,19.026666,99123562
2008-05-22,21.302813,21.321042,21.271583,21.305017,19.097757,88723933
2008-05-23,21.209361,21.539122,21.190767,21.492438,19.266077,81385283
2008-05-27,21.507847,21.546172,21.008707,21.218692,19.021938,66760533
2008-05-28,21.385146,21.451401,21.220869,21.286215,19.082784,72730497
2008-05-29,21.241668,21.499964,21.205296,21.301293,19.096615,99383697
2008-05-30,21.171175,22.108425,21.147352,21.768759,19.516019,62683629
2008-06-02,21.903483,21.955505,21.809313,21.887479,19.623421,45713048
2008-06-03,21.839657,22.409814,21.600761,22.048638,19.768233,83042781
2008-06-04,21.743076,22.063815,21.595632,22.045124,19.765408,83696732
2008-06-05,22.053501,22.100219,21.905344,21.914603,19.648707,69148793
2008-06-06,22.099598,22.305186,21.406482,21.44669,19.22949,112550357
2008-06-09,21.605407,22.107539,21.524601,21.716388,19.472267,62298361
2008-06-10,21.696024,21.962954,21.490637,21.949155,19.681303,63433247
2008-06-11,21.871744,21.88812,21.515891,21.577156,19.348058,86621079
2008-06-12,21.6313,21.980669,21.589584,21.817533,19.563923,59228698
2008-06-13,21.943309,22.280469,21.89636,22.138911,19.852431,85254196
2008-06-16,22.226641,22.313655,22.01521,22.159768,19.872113,64598819
2008-06-17,22.171273,22.357994,22.028209,22.238629,19.943161,67321373
2008-06-18,22.413015,22.662272,21.880098,22.628565,20.293181,57426142
2008-06-19,22.582308,23.011387,22.52656,22.913826,20.549339,75141591
2008-06-20,22.852278,23.161742,22.787886,23.003367,20.629979,127391975
2008-06-23,23.249311,23.259297,22.801427,22.870904,20.512194,69697301
2008-06-24,22.820316,23.494096,22.731043,23.292224,20.890406,37562319
2008-06-25,23.32448,23.372484,22.948087,23.087035,20.706715,45045171
2008-06-26,23.07589,23.102993,22.906198,22.922956,20.559891,52061683
2008-06-27,23.069317,23.341173,22.659542,22.805598,20.454967,93986973
2008-06-30,22.7945,22.985585,22.642211,22.939881,20.576423,46804252
2008-07-01,23.103148,23.206794,22.419922,22.630428,20.299186,52989906
2008-07-02,22.688921,22.698761,22.236337,22.257392,19.964906,52735953
2008-07-03,22.304253,22.688875,22.217583,22.543397,20.221785,100371593
2008-07-07,22.71782,22.850358,22.310291,22.72335,20.384545,39642714
2008-07-08,22.745005,23.220986,22.620935,22.835374,20.485375,61395495
2008-07-09,22.813248,22.951597,22.541636,22.781598,20.437469,98405700
2008-07-10,22.524119,23.521329,22.098974,23.265175,20.871631,39005229
2008-07-11,23.419271,23.581637,23.272026,23.44454,21.032889,56061926
2008-07-14,23.362931,23.442688,22.783706,23.184177,20.800333,55719307
2008-07-15,23.368535,23.430319,22.800225,22.970887,20.609313,55842636
2008-07-16,22.831942,23.384865,22.79259,23.338912,20.939846,93162538
2008-07-17,23.312686,23.503509,23.242867,23.340956,20.942024,100278347
2008-07-18,23.488271,23.503606,23.229515,23.240793,20.852498,53789701
2008-07-21,22.984923,23.458806,22.899249,23.444461,21.036273,40166153
2008-07-22,23.196987,23.368738,23.01496,23.193881,20.811774,40776617
2008-07-23,23.167246,23.254898,22.940338,23.005084,20.642706,50304502
2008-07-24,23.053918,23.254985,22.778292,23.206001,20.823333,61940107
2008-07-25,23.157783,23.312805,22.987762,23.083892,20.714102,73113622
2008-07-28,23.131053,23.381105,23.102339,23.292894,20.902678,70200935
2008-07-29,23.413207,23.90173,23.248845,23.848988,21.40206,81276322
2008-07-30,23.527747,24.072367,23.442971,24.017958,21.554047,50267089
2008-07-31,23.884322,24.317073,23.574716,24.112671,21.6394,72130676
2008-08-01,24.177035,24.209878,24.051433,24.115561,21.642349,48317457
2008-08-04,24.152424,24.326428,23.742031,23.84463,21.400258,88780503
2008-08-05,23.9209,24.102161,23.49267,23.768178,21.331994,78022535
2008-08-06,23.781681,23.8301,23.302664,23.330585,20.939597,53100006
2008-08-07,23.388204,23.474169,23.030811,23.16912,20.795021,51936922
2008-08-08,23.231956,23.350009,22.762359,22.858736,20.516779,51756880
2008-08-11,22.792367,22.865228,22.665738,22.679624,20.35702,64363111
2008-08-12,22.593282,22.628201,22.081546,22.373043,20.082166,46697553
2008-08-13,22.332652,22.898513,22.268072,22.582224,20.270261,73003857
2008-08-14,22.698517,22.786617,22.276152,22.368561,20.078803,65397910
2008-08-15,22.276046,22.73421,22.205956,22.702787,20.37915,95488693
2008-08-18,22.734191,22.885819,22.226497,22.483195,20.183028,81392465
2008-08-19,22.490019,22.787755,22.422305,22.700069,20.378049,39489575
2008-08-20,22.766352,22.794732,21.804957,21.828057,19.595558,88501407
2008-08-21,21.862037,22.105465,21.713756,21.838428,19.605191,67779618
2008-08-22,21.812938,22.15443,21.687079,22.029494,19.777043,75949162
2008-08-25,21.941495,22.496395,21.86997,22.368843,20.082684,135825780
2008-08-26,22.416294,22.598745,21.660845,21.916684,19.67706,88766392
2008-08-27,21.683555,23.004474,21.640176,22.843523,20.509525,113080567
2008-08-28,22.855022,23.930171,22.801905,23.783354,21.353681,92233207
2008-08-29,23.66125,24.04566,23.506687,23.770729,21.342696,88470628
2008-09-02,23.672472,23.871564,23.381789,23.528515,21.126611,55478119
2008-09-03,23.64089,23.650715,23.023473,23.145643,20.783166,68185437
2008-09-04,23.230912,24.450644,23.219257,24.420554,21.928307,53885846
2008-09-05,24.289898,24.916184,24.255676,24.622795,22.110271,80932828
2008-09-08,24.576998,25.014994,24.399362,24.639249,22.126136,88782693
2008-09-09,24.624067,25.569925,24.292153,25.446652,22.851563,64159241
2008-09-10,25.725181,26.128386,25.441554,26.011357,23.359061,58745799
2008-09-11,25.764882,25.96625,25.313161,25.81818,23.185963,50075830
2008-09-12,25.833138,26.116071,24.972596,25.327307,22.74551,63317039
2008-09-15,25.519936,25.570172,24.703534,24.791805,22.265693,59047345
2008-09-16,24.755986,24.830203,24.591973,24.646814,22.135838,84380983
2008-09-17,24.562228,24.798227,24.073431,24.587485,22.082916,105554566
2008-09-18,24.531032,25.915009,24.389274,25.595685,22.988795,80914598
2008-09-19,25.631451,26.128434,25.569071,26.049093,23.396409,139396260
2008-09-22,25.92236,26.55633,25.83533,26.470174,23.775781,75945276
2008-09-23,26.353716,26.600952,26.335197,26.491283,23.795132,48450290
2008-09-24,26.441416,26.514052,25.978142,26.394755,23.708818,76448466
2008-09-25,26.375538,26.601509,25.830609,26.132762,23.473871,89953870
2008-09-26,25.912704,26.842795,25.724737,26.553089,23.851823,67476052
2008-09-29,26.595411,27.246447,26.386897,26.978625,24.235264,60922572
2008-09-30,27.125147,27.388128,26.933059,27.372243,24.58926,91730686
2008-10-01,27.268481,27.967072,27.250426,27.917105,25.079137,89485729
2008-10-02,27.598023,28.394163,27.322438,28.210704,25.343306,42498911
2008-10-03,28.288042,28.590578,27.948973,28.141353,25.281419,40605438
2008-10-06,27.965708,28.652952,27.836702,28.591948,25.687487,95905068
2008-10-07,28.681464,29.041574,28.224148,28.541494,25.64258,59329306
2008-10-08,28.510433,28.609422,28.299238,28.56537,25.664452,94397248
2008-10-09,28.632822,29.060777,27.707272,27.899641,25.066742,118320047
2008-10-10,27.713922,27.971048,26.980593,27.020588,24.277346,67580874
2008-10-13,27.050049,27.148687,26.897255,26.942879,24.208719,121906138
2008-10-14,27.172455,27.403748,26.99647,27.37263,24.595263,51976739
2008-10-15,27.538026,28.229286,27.455506,27.932394,25.098643,52986288
2008-10-16,28.130416,28.648264,27.45497,27.488502,24.70019,48403908
2008-10-17,27.592936,27.787621,26.896063,26.942736,24.210182,56227873
2008-10-20,26.69903,27.055315,26.472769,26.499639,23.813198,67652843
2008-10-21,26.393162,26.613643,25.987614,26.195992,23.54072,74418485
2008-10-22,26.258862,26.625884,25.909337,26.149573,23.499392,58245636
2008-10-23,25.878086,25.979322,25.79825,25.882421,23.259697,69440924
2008-10-24,25.997906,26.147861,25.699695,25.801934,23.187747,60108996
2008-10-27,25.616409,26.65607,25.451809,26.465331,23.785102,86243243
2008-10-28,26.382005,26.408597,25.735277,25.905544,23.282389,73828241
2008-10-29,25.773556,26.157719,25.760403,26.063881,23.425078,101000293
2008-10-30,25.864476,26.964336,25.424932,26.711932,24.007913,35220675
2008-10-31,26.893434,27.201801,26.787959,26.986708,24.255272,111392481
2008-11-03,26.893863,27.113774,26.598974,26.612986,23.920554,76834230
2008-11-04,26.615017,27.034856,26.588333,26.818028,24.105249,100965034
2008-11-05,26.724267,27.005287,26.679949,26.901298,24.180493,63568271
2008-11-06,26.871502,27.494428,26.832647,27.476494,24.697918,90238764
2008-11-07,27.592297,27.979823,27.282731,27.92079,25.097697,77778200
2008-11-10,28.193101,28.436745,27.465923,27.671073,24.874455,86133044
2008-11-11,27.60508,28.416531,27.571918,28.148392,25.303949,69183121
2008-11-12,28.140171,28.423602,27.513781,27.542602,24.759782,47126493
2008-11-13,27.274938,28.104861,27.052671,27.807744,24.998545,77825639
2008-11-14,28.123494,28.360614,27.832586,28.252844,25.399097,68571939
2008-11-17,28.275233,28.2916,27.831853,27.925803,25.106327,63013456
2008-11-18,27.64665,28.554145,27.371545,28.300759,25.443844,83580759
2008-11-19,28.233124,28.672999,28.072445,28.381048,25.516447,74387298
2008-11-20,28.359029,28.391761,27.121071,27.235537,24.486959,45475311
2008-11-21,27.048426,27.67763,26.419194,27.528753,24.750991,60236177
2008-11-24,27.764183,28.49521,27.70337,28.147373,25.308437,50326225
2008-11-25,28.323599,28.452902,27.900304,27.980284,25.158614,65176791
2008-11-26,28.250034,28.677132,28.174356,28.255758,25.406724,54909602
2008-11-28,28.26011,28.383025,28.226668,28.291247,25.439471,102054141
2008-12-01,28.227065,28.60216,28.186734,28.402792,25.541031,47355695
2008-12-02,28.397656,29.17768,28.324256,29.143244,26.207308,189629321
2008-12-03,29.006961,29.241913,28.396591,28.62062,25.737757,66992823
2008-12-04,28.671609,30.069421,28.539529,29.901612,26.890161,71078407
2008-12-05,29.808259,30.294183,29.413141,30.260208,27.213089,100464605
2008-12-08,29.981236,30.318226,29.670838,30.081313,27.053541,90461512
2008-12-09,30.063576,30.845889,30.01595,30.776327,27.679054,74405051
2008-12-10,30.98384,31.304662,30.93127,31.203763,28.063935,46609215
2008-12-11,31.210179,31.47075,30.443489,30.66022,27.575539,83126745
2008-12-12,30.605302,30.641902,30.193976,30.461778,27.397511,38961952
2008-12-15,30.266506,30.527677,29.861427,29.9117,26.904093,66695700
2008-12-16,29.681313,30.036387,29.549579,29.741094,26.751082,67686197
2008-12-17,29.693942,29.836438,29.537986,29.669024,26.686696,55646083
2008-12-18,29.561889,29.595393,29.371916,29.429053,26.471281,94566540
2008-12-19,29.502834,29.518743,29.280214,29.380739,26.428257,51738786
2008-12-22,29.340997,29.404935,29.024574,29.078026,26.157252,77481101
2008-12-23,29.217922,29.362129,28.822849,28.943634,26.036788,80257266
2008-12-24,28.947823,29.209262,28.335328,28.508014,25.645339,92280249
2008-12-26,28.338047,28.956935,27.825561,28.867989,25.970019,62405777
2008-12-29,29.037341,29.118553,28.826889,29.085216,26.16673,112541567
2008-12-30,29.097597,29.800264,28.930571,29.594906,26.625713,72023403
2008-12-31,29.651528,29.73934,29.51244,29.557885,26.592843,44513256
2009-01-02,29.51525,29.764582,29.220209,29.598343,26.630117,65954964
2009-01-05,29.601887,29.702972,29.097387,29.440032,26.488988,63171992
2009-01-06,29.644281,29.877261,29.31004,29.580992,26.616255,48110681
2009-01-07,29.557549,30.278482,29.405526,30.01982,27.011546,50377301
2009-01-08,29.93005,30.26524,29.79816,30.064747,27.052415,63271728
2009-01-09,30.007923,30.357627,29.726403,30.338819,27.299475,63299222
2009-01-12,30.320562,30.345051,29.872923,30.065586,27.054947,60887599
2009-01-13,30.219785,30.747247,30.114938,30.587174,27.524758,49514311
2009-01-14,30.454369,30.723584,30.198613,30.563598,27.503995,108129806
2009-01-15,30.504655,30.743459,29.999118,30.087624,27.076114,105907166
2009-01-16,30.205583,30.352748,29.544438,29.577778,26.617736,88756820
2009-01-20,29.393958,29.849081,29.134405,29.555543,26.599474,111187075
2009-01-21,29.574154,30.057044,29.523525,29.887093,26.898305,60400768
2009-01-22,29.902767,30.612765,29.7394,30.409205,27.368654,97525071
2009-01-23,30.386383,30.778633,30.337769,30.672228,27.605831,57149341
2009-01-26,30.43281,31.762854,30.134637,31.548495,28.395894,60814756
2009-01-27,31.600785,32.365039,31.322983,31.989734,28.793514,68328884
2009-01-28,32.232636,32.276506,31.673328,31.754023,28.581824,157084190
2009-01-29,31.853279,32.141819,31.598997,31.711528,28.544043,51939829
2009-01-30,31.923346,32.485081,31.888138,32.308828,29.08216,50441240
2009-02-02,32.391492,32.992888,32.11923,32.933877,29.646246,85444488
2009-02-03,33.164666,33.464168,33.009558,33.091104,29.788267,95626175
2009-02-04,33.068411,33.28966,32.117857,32.635683,29.378785,60602121
2009-02-05,32.709843,33.633603,32.622313,33.47639,30.136088,75828920
2009-02-06,33.371923,33.878914,33.288947,33.638399,30.282429,62903791
2009-02-09,33.585326,33.702006,33.213521,33.357149,30.030717,67083102
2009-02-10,33.432076,35.140489,33.196322,34.925927,31.443571,107143773
2009-02-11,34.828684,35.716669,34.623658,35.239247,31.726172,84832565
2009-02-12,35.322308,35.954641,35.151636,35.788274,32.220994,47143759
2009-02-13,35.810316,36.067533,34.498694,34.986298,31.499474,75154229
2009-02-17,35.121526,35.391802,35.079881,35.294163,31.778745,60527029
2009-02-18,35.390541,35.570415,35.024294,35.337959,31.818702,62563062
2009-02-19,35.3336,35.513039,35.154659,35.489825,31.955969,56267396
2009-02-20,35.592696,37.065643,35.221448,36.67663,33.025142,136371278
2009-02-23,36.838538,37.323458,36.009769,36.196386,32.594316,44406704
2009-02-24,36.367147,36.558729,35.403375,35.483129,31.952563,70371342
2009-02-25,35.870262,35.913921,35.296616,35.325917,31.811517,132553568
2009-02-26,35.261025,36.271905,35.201504,35.936256,32.361668,46781521
2009-02-27,35.827436,36.599525,35.56125,36.305505,32.694724,89751196
2009-03-02,36.215792,36.675709,35.737555,36.551008,32.917433,63101111
2009-03-03,36.392056,36.484291,35.167863,35.380485,31.863797,67403470
2009-03-04,34.962148,35.073908,34.434201,34.545522,31.112337,79737616
2009-03-05,34.414323,34.695262,34.171547,34.567048,31.132235,53222433
2009-03-06,34.485842,35.063482,34.415388,34.72302,31.273222,53588532
2009-03-09,34.653937,35.005986,33.69979,33.971945,30.598276,58393879
2009-03-10,34.148148,34.654929,34.059612,34.190584,30.795709,69505354
2009-03-11,34.365592,34.98279,34.326835,34.628995,31.191101,58186207
2009-03-12,34.657258,34.984293,33.852142,33.892545,30.528265,71528761
2009-03-13,33.910856,34.011236,33.025864,33.19624,29.901569,75332064
2009-03-16,33.278308,33.562837,32.498763,32.914982,29.649687,67743106
2009-03-17,32.966645,32.98968,32.549051,32.745185,29.497218,60725238
2009-03-18,32.956197,33.502112,32.810618,33.257578,29.95928,88733490
2009-03-19,33.079558,33.198771,32.583853,32.636655,29.400419,149847949
2009-03-20,32.591894,32.759595,32.480327,32.642058,29.405769,78972611
2009-03-23,32.855644,33.609436,32.73074,33.419816,30.107901,121266275
2009-03-24,33.672964,34.930605,33.637639,34.777847,31.331865,94898340
2009-03-25,35.011314,35.453751,34.943128,35.10566,31.627716,37130053
2009-03-26,34.992403,35.820862,34.710069,35.295716,31.799465,181520433
2009-03-27,35.341465,35.712019,34.964662,35.566805,32.044228,55934579
2009-03-30,35.171007,35.627834,35.055507,35.590965,32.067576,69952123
2009-03-31,35.524914,35.733339,34.985057,35.397836,31.89409,63117809
2009-04-01,35.677923,35.76466,33.433825,34.2817,30.888938,51090651
2009-04-02,34.121573,34.445432,33.917221,34.111391,30.735989,71195082
2009-04-03,34.479953,34.929821,34.24505,34.620464,31.195201,41892780
2009-04-06,34.83465,35.276523,34.504905,34.659109,31.231561,57127913
2009-04-07,34.428737,35.53243,34.158418,35.218628,31.736269,106136330
2009-04-08,35.345006,35.651739,34.987508,35.499689,31.990065,68415666
2009-04-09,35.497143,36.670654,35.191639,36.509388,32.900482,86156149
2009-04-13,36.503908,36.756415,36.254071,36.73478,33.105769,106382472
2009-04-14,36.70507,37.569692,36.162003,37.451025,33.751811,67902298
2009-04-15,37.347576,37.434694,37.073059,37.33978,33.652108,57270151
2009-04-16,37.472263,37.633859,36.420919,36.6012,32.987011,93218721
2009-04-17,36.459666,36.623313,35.94386,36.122489,32.556105,52313137
2009-04-20,36.059057,36.617719,35.808442,35.850121,32.31222,45826663
2009-04-21,35.634127,35.88214,35.121533,35.149531,31.68129,84263041
2009-04-22,35.233064,36.054835,35.132806,35.908678,32.366063,74732428
2009-04-23,35.919532,36.015131,35.60662,35.825743,32.29184,116378522
2009-04-24,36.047363,36.357175,35.87349,35.984272,32.435264,91524039
2009-04-27,36.108861,36.470288,35.58325,35.94385,32.400425,48434888
2009-04-28,35.946525,36.500582,35.79415,36.432044,32.841031,109987733
2009-04-29,36.410579,36.603255,35.536449,35.598643,32.090304,39919339
2009-04-30,35.647446,36.7984,35.476894,36.544536,32.943518,103929082
2009-05-01,36.115679,36.25741,35.859754,36.017145,32.468628,53603218
2009-05-04,36.010049,36.067437,35.349408,35.47692,31.983204,106410443
2009-05-05,35.377039,35.611412,34.729191,35.040489,31.590271,58119701
2009-05-06,34.777844,36.328192,34.612239,36.060556,32.510432,63291418
2009-05-07,35.873432,36.871562,35.811316,36.339454,32.762411,73516837
2009-05-08,36.312442,36.564872,35.861238,36.278506,32.708,62454945
2009-05-11,36.575285,38.306588,36.47655,38.007223,34.268267,66025758
2009-05-12,38.06448,38.233499,35.558586,36.278014,32.709706,82861137
2009-05-13,36.552844,36.691749,36.114227,36.530271,32.937692,116004308
2009-05-14,36.817981,37.181871,35.649474,35.768456,32.251327,62975774
2009-05-15,35.581619,35.793982,34.910128,34.987815,31.547965,104526714
2009-05-18,34.618797,36.712892,34.300392,36.160205,32.606698,45995513
2009-05-19,36.283485,36.526862,35.457637,35.970222,32.435918,56198752
2009-05-20,36.371833,36.529597,36.034378,36.153551,32.601769,82390699
2009-05-21,36.327818,36.762856,36.215124,36.307789,32.741392,102808716
2009-05-22,36.606667,36.982538,34.805613,35.073909,31.629231,53882552
2009-05-26,34.866017,35.134743,34.751328,35.118726,31.671728,78202779
2009-05-27,35.420532,35.706072,34.671488,34.734994,31.326175,75796879
2009-05-28,34.341456,34.836882,33.202199,33.645767,30.344341,81674729
2009-05-29,33.585158,33.750635,33.226041,33.628903,30.32963,51041011
2009-06-01,33.394027,33.529763,32.426853,32.4779,29.292993,61187506
2009-06-02,32.480352,32.495935,32.266329,32.46181,29.278963,113918623
2009-06-03,32.216036,32.478036,31.633328,31.937886,28.806882,67256430
2009-06-04,32.189736,32.57748,32.043646,32.288528,29.123627,45494381
2009-06-05,32.490782,33.206016,31.96314,32.357949,29.186724,107174055
2009-06-08,32.484137,32.761653,31.991007,32.1419,28.993277,55311171
2009-06-09,32.039973,32.258833,31.764189,31.809174,28.693616,57969642
2009-06-10,31.841395,32.311254,31.610472,32.274228,29.113598,77206241
2009-06-11,31.857418,32.4937,31.414616,32.259937,29.101185,55920886
2009-06-12,32.25335,32.317458,31.475259,31.658056,28.558706,63570825
2009-06-15,31.750634,32.080466,31.707256,31.775682,28.666229,67505777
2009-06-16,31.976253,32.360189,30.351458,30.95681,27.927948,59164106
2009-06-17,31.052858,31.151265,29.66168,30.169125,27.217778,83369729
2009-06-18,30.069868,30.262608,29.825924,29.930935,27.003333,28766331
2009-06-19,30.123443,30.416315,28.676145,28.735273,25.925047,87031570
2009-06-22,28.764143,28.962545,28.418876,28.899802,26.074771,74739519
2009-06-23,28.918693,29.131588,28.622672,28.890132,26.066474,47518083
2009-06-24,28.916193,29.37802,28.87319,29.083111,26.241023,99331986
2009-06-25,29.125731,29.25844,28.906277,29.030696,26.19416,68701858
2009-06-26,29.017472,29.125124,28.811816,28.987407,26.155531,80480808
2009-06-29,29.048238,29.214458,28.485261,28.796395,25.98446,59872738
2009-06-30,28.672379,28.820183,28.507538,28.79986,25.988013,35470307
2009-07-01,28.665177,28.77982,27.656094,27.716614,25.01094,98651352
2009-07-02,27.853074,27.875222,26.856102,27.226631,24.569192,64100138
2009-07-06,27.184331,27.355063,27.038137,27.233865,24.577335,47511013
2009-07-07,27.216033,28.111558,27.138693,27.723877,25.01996,55284315
2009-07-08,27.634516,28.133736,27.545249,27.980912,25.252341,40880247
2009-07-09,27.812226,28.086917,27.785713,28.059801,25.323953,65457792
2009-07-10,27.996671,28.434399,27.830116,28.196444,25.447691,143813689
2009-07-13,28.362974,28.490479,27.926524,28.055857,25.322057,81288009
2009-07-14,27.963089,28.429709,27.789436,28.169027,25.424618,48669183
2009-07-15,28.030204,28.058599,27.978034,28.023671,25.293839,168260156
2009-07-16,28.022371,28.289903,27.954743,28.187149,25.44181,66054993
2009-07-17,28.054189,28.237483,28.03122,28.192682,25.447222,63993550
2009-07-20,28.25836,28.558013,28.058734,28.159111,25.418173,55711956
2009-07-21,28.331879,28.476598,27.561305,27.630048,24.941017,80334187
2009-07-22,27.787226,28.001395,27.636014,27.661155,24.969507,152375641
2009-07-23,27.68253,28.348387,27.490516,28.175992,25.434664,55147066
2009-07-24,28.092632,28.74646,27.946719,28.721831,25.927823,73515191
2009-07-27,28.657763,28.977718,28.595857,28.902609,26.092301,79681370
2009-07-28,28.99713,29.552498,28.875813,29.3732,26.51757,81002049
2009-07-29,29.276026,29.421252,29.126006,29.228173,26.387076,55777588
2009-07-30,29.311899,29.431501,28.708207,28.829286,26.02739,144610269
2009-07-31,28.944645,29.01043,28.624678,28.672077,25.885885,60782670
2009-08-03,28.653417,28.742197,28.274604,28.481256,25.714874,51481836
2009-08-04,28.529726,28.555789,28.404507,28.46368,25.699428,64476175
2009-08-05,28.50841,29.043995,28.459329,28.768874,25.975409,73375079
2009-08-06,28.817895,29.214621,28.772019,29.02904,26.210744,67867804
2009-08-07,29.013829,29.106611,28.845685,29.032421,26.214227,60979884
2009-08-10,29.07543,29.315814,28.665173,28.820636,26.024283,58181400
2009-08-11,28.781258,29.455555,28.424478,29.160703,26.331787,59563023
2009-08-12,29.183606,29.273296,28.773122,28.966066,26.156462,65161599
2009-08-13,28.834347,29.668845,28.628206,29.369503,26.521202,60067784
2009-08-14,29.201065,29.333918,28.952586,29.221666,26.388136,38211597
2009-08-17,29.157043,29.484794,29.033651,29.425228,26.573269,124982928
2009-08-18,29.507217,30.013524,29.449214,29.909189,27.010768,110081144
2009-08-19,29.717438,29.981446,29.486919,29.588199,26.721322,76153613
2009-08-20,29.648827,30.109205,29.472988,30.093583,27.178185,87187489
2009-08-21,30.071347,30.163668,29.962498,30.05968,27.148012,91121228
2009-08-24,30.018036,30.117783,29.426243,29.657639,26.786234,100341674
2009-08-25,29.694361,30.299352,29.362793,30.237672,27.310558,111541454
2009-08-26,29.815442,29.880443,29.38608,29.682735,26.809781,81759946
2009-08-27,29.601554,30.260916,29.566293,29.938599,27.041325,53498109
2009-08-28,30.059764,30.189084,29.651909,29.678905,26.807203,44911598
2009-08-31,29.83124,30.369479,29.223996,29.416677,26.571657,66397142
2009-09-01,29.411378,29.58677,29.247237,29.425592,26.580147,93588864
2009-09-02,29.45937,29.897431,29.407554,29.444713,26.597855,71984180
2009-09-03,29.252811,29.765468,29.19157,29.523918,26.66984,80740007
2009-09-04,29.401344,29.634784,29.263337,29.591273,26.731124,56523346
2009-09-08,29.564379,29.689765,28.770972,28.800923,26.018874,64009961
2009-09-09,28.831094,29.259852,28.607506,29.157919,26.341819,84595396
2009-09-10,29.430853,29.845363,29.100835,29.40723,26.567487,83493389
2009-09-11,29.486935,29.751399,29.419832,29.592135,26.734976,46783570
2009-09-14,29.636864,29.889756,29.502372,29.55362,26.701496,61332688
2009-09-15,29.288011,29.806633,29.036506,29.490806,26.645181,80522044
2009-09-16,29.526994,29.568541,29.342362,29.541857,26.691745,72104132
2009-09-17,29.43708,29.979579,29.229253,29.825048,26.948057,42593931
2009-09-18,29.988068,30.19259,29.549044,29.902112,27.018131,72500668
2009-09-21,29.871948,30.04037,29.32049,29.716644,26.851874,49144343
2009-09-22,29.557831,29.87113,29.369565,29.829123,26.953953,54644610
2009-09-23,29.98116,30.046699,29.636542,29.835188,26.959876,62026515
2009-09-24,29.623561,29.839726,29.122971,29.23346,26.416573,57084796
2009-09-25,29.273977,29.768457,29.187727,29.668637,26.810257,84990259
2009-09-28,29.84953,29.916335,29.446887,29.539626,26.694991,75086693
2009-09-29,29.558027,29.708974,29.482337,29.567081,26.720241,62645199
2009-09-30,29.463825,29.646694,29.31958,29.623215,26.77141,51440779
2009-10-01,29.416514,30.13433,29.259378,29.803182,26.934494,55234648
2009-10-02,29.780431,30.768732,29.529598,30.626345,27.678879,84156617
2009-10-05,30.596055,30.722754,30.529817,30.621215,27.675606,100280373
2009-10-06,30.51405,30.675911,30.271439,30.309206,27.394061,111787544
2009-10-07,30.282325,30.433607,30.195752,30.239465,27.331476,64542387
2009-10-08,30.173594,30.747517,30.100817,30.581383,27.640969,116738647
2009-10-09,30.548839,30.703965,29.973877,30.349917,27.432208,84959839
2009-10-12,30.338909,30.660129,29.845131,30.134713,27.239035,50343291
2009-10-13,30.042753,30.264344,29.829767,30.16815,27.269707,59982704
2009-10-14,30.286944,30.329246,29.364381,29.566221,26.726048,48488645
2009-10-15,29.761703,30.681518,29.453759,30.605688,27.666117,85898453
2009-10-16,30.707502,30.849004,30.12618,30.349438,27.43493,70250212
2009-10-19,30.484613,31.067479,30.192834,30.733941,27.783877,105373940
2009-10-20,30.612393,31.892794,30.260234,31.788914,28.738059,103670083
2009-10-21,31.663462,31.780831,30.828712,31.220094,28.224294,45520220
2009-10-22,31.140076,31.282033,30.447684,30.767944,27.815988,87731745
2009-10-23,30.840058,31.351596,30.616885,31.119101,28.133916,68794923
2009-10-26,31.068232,31.272387,30.630497,30.884334,27.923045,113638724
2009-10-27,31.279545,31.528369,30.443376,30.992355,28.021169,65496024
2009-10-28,31.280784,31.337681,30.972367,31.294452,28.29477,63758611
2009-10-29,31.499228,31.602668,31.379482,31.435257,28.422545,40023093
2009-10-30,31.837384,32.180802,30.986285,31.542931,28.520368,86066680
2009-11-02,31.43284,31.864357,31.131692,31.555415,28.533062,89298285
2009-11-03,31.41418,32.116524,31.365412,31.8719,28.819707,84587153
2009-11-04,31.926108,32.673327,31.630881,32.532511,29.417539,53937497
2009-11-05,32.713586,32.843267,32.449716,32.549997,29.433834,66156868
2009-11-06,32.550477,32.611109,32.387876,32.437616,29.332694,70755240
2009-11-09,32.425566,33.078011,32.374896,32.595119,29.476573,64492465
2009-11-10,32.492293,33.231124,32.146629,33.156606,29.984833,78542082
2009-11-11,33.244201,33.695238,32.881392,33.465352,30.264541,84159895
2009-11-12,33.595317,33.900199,33.581326,33.827193,30.592276,44843671
2009-11-13,33.639575,35.036124,33.615976,34.650085,31.336989,53612970
2009-11-16,34.567519,34.847887,34.442623,34.627446,31.318058,66553650
2009-11-17,34.612807,34.701595,33.784426,33.817548,30.586065,43458032
2009-11-18,33.792484,34.457709,33.749879,33.926385,30.685007,67203938
2009-11-19,34.169782,34.404755,33.026295,33.066047,29.907358,66980969
2009-11-20,32.973409,33.195482,32.577033,33.179928,30.010853,141351290
2009-11-23,33.219442,33.294994,32.956111,33.11378,29.952499,84272908
2009-11-24,33.284312,33.619348,32.877676,33.056588,29.901258,117879522
2009-11-25,33.035158,33.308661,32.942055,33.185176,30.018065,53848847
2009-11-27,33.185083,33.531717,33.134097,33.446719,30.255641,96985398
2009-11-30,33.142915,33.837218,32.964809,33.700922,30.487093,55267183
2009-12-01,33.612899,33.989442,33.491672,33.762065,30.542907,74313941
2009-12-02,33.676111,34.350281,33.638674,34.213215,30.95155,50536784
2009-12-03,34.247109,34.308256,33.974701,34.028595,30.785035,42684142
2009-12-04,33.885446,34.108474,33.443319,33.791261,30.570826,44281783
2009-12-07,33.687813,34.125703,33.457007,34.032768,30.790834,61507377
2009-12-08,33.93123,34.004056,33.785025,33.915026,30.684812,84643417
2009-12-09,33.842045,33.960485,33.642006,33.667664,30.461511,60291669
2009-12-10,33.550829,33.873027,33.391076,33.823178,30.602718,41862885
2009-12-11,33.859531,34.193593,33.719959,34.162908,30.910608,74600293
2009-12-14,34.214771,34.709339,34.109472,34.640787,31.344538,58397405
2009-12-15,34.580895,35.010814,34.546318,34.979943,31.651941,57444338
2009-12-16,35.042251,35.070659,34.609733,34.862569,31.546252,81093876
2009-12-17,35.072845,35.150006,34.415436,34.535159,31.2505,42412923
2009-12-18,34.430489,35.315656,34.135623,34.948667,31.625199,64692685
2009-12-21,34.89027,35.050791,34.545728,34.934764,31.614176,147975278
2009-12-22,34.909925,35.083605,34.74022,35.032743,31.703363,95929421
2009-12-23,35.05354,35.180019,34.737497,34.92442,31.605854,72093026
2009-12-24,35.02744,35.229442,34.37594,34.698532,31.401946,75134347
2009-12-28,34.837188,34.967146,34.252052,34.336136,31.076022,72395924
2009-12-29,34.547398,34.857105,34.153747,34.187113,30.941657,57781848
2009-12-30,34.241149,34.561336,34.19082,34.302701,31.046781,50680657
2009-12-31,34.220455,34.757982,33.956837,34.674077,31.383423,47189844
2010-01-04,34.5382,35.532263,34.454682,35.390472,32.033935,74782515
2010-01-05,35.45596,36.347078,35.160779,35.88554,32.482583,78481975
2010-01-06,36.014881,36.248127,35.887105,36.1925,32.760973,56713308
2010-01-07,36.370269,36.401956,35.824224,35.99772,32.585196,111969135
2010-01-08,35.774517,35.853403,35.469829,35.645348,32.266758,55839775
2010-01-11,35.873112,36.053026,35.006185,35.339993,31.991922,60580965
2010-01-12,35.2648,35.880175,34.850371,35.68016,32.300393,77350359
2010-01-13,35.775696,36.646655,35.653282,36.222487,32.791887,107713137
2010-01-14,36.062809,36.895468,35.734762,36.727694,33.249793,48425053
2010-01-15,36.44213,37.032628,36.324076,36.800082,33.315873,80600186
2010-01-19,36.640447,37.544271,36.229049,37.450319,33.906774,71104056
2010-01-20,37.757498,38.619668,37.514984,38.431111,34.795335,79312680
2010-01-21,38.343775,38.56383,38.32117,38.478283,34.838617,63934934
2010-01-22,38.586566,38.770521,38.354755,38.753382,35.088271,60680095
2010-01-25,38.625477,39.799762,38.123736,39.561821,35.822016,61137192
2010-01-26,39.354194,39.779867,38.782834,38.955843,35.273902,125481502
2010-01-27,38.642662,39.626672,38.416221,39.305926,35.59148,56056949
2010-01-28,39.303026,39.725144,38.850099,39.424904,35.699802,76217840
2010-01-29,39.617828,39.64835,38.52808,38.735985,35.076552,98061216
2010-02-01,38.850072,38.916752,38.250963,38.611044,34.965137,63126507
2010-02-02,38.730051,39.519138,38.624081,39.316198,35.604291,75144947
2010-02-03,39.046709,39.892003,38.835241,39.551687,35.818135,79473948
2010-02-04,39.615336,40.219825,39.285148,39.747806,35.996333,56745699
2010-02-05,39.76167,40.403038,39.61385,39.957419,36.186757,36403313
2010-02-08,39.715709,40.140866,39.674403,40.083032,36.302305,62530118
2010-02-09,40.083785,40.418351,39.787173,40.159565,36.372217,85052175
2010-02-10,40.359695,40.783292,40.224949,40.367827,36.561439,63314581
2010-02-11,40.076138,40.887253,39.959622,40.497458,36.679449,93969956
2010-02-12,40.68833,40.780785,39.378547,40.187463,36.399277,93250232
2010-02-16,40.268032,40.654303,40.115446,40.553272,36.733018,72781614
2010-02-17,40.69336,41.103358,40.438512,40.968094,37.109372,79715301
2010-02-18,41.089093,41.723173,40.820799,41.28043,37.392903,33039518
2010-02-19,41.456622,42.102344,41.307669,41.95163,38.001519,61595965
2010-02-22,42.030024,42.293517,41.314862,41.454161,37.552741,46693528
2010-02-23,41.344652,41.584779,40.831024,41.515279,37.608724,52068269
2010-02-24,41.753312,41.821977,39.581296,40.054142,36.285676,70646819
2010-02-25,39.644797,40.424064,39.531277,40.269942,36.481772,76582695
2010-02-26,40.235332,41.391317,40.102694,40.827154,36.987175,81613462
2010-03-01,40.749944,41.087115,40.38049,40.649389,36.827944,75964226
2010-03-02,40.778977,41.034092,40.635854,40.920028,37.073749,65893672
2010-03-03,40.670779,42.25608,40.607535,42.182174,38.217888,87266131
2010-03-04,42.160422,42.192276,41.965777,41.999793,38.053272,52652650
2010-03-05,42.330869,42.372571,41.083573,41.192306,37.322274,69371325
2010-03-08,41.232194,41.458556,40.769082,40.810774,36.978409,71345296
2010-03-09,40.800774,40.948902,40.279088,40.304691,36.52045,52626051
2010-03-10,40.30698,40.424564,39.383508,39.717788,35.989244,81142221
2010-03-11,39.541783,40.825676,38.935725,40.594331,36.784104,59724543
2010-03-12,40.292338,40.92674,40.085946,40.763814,36.938286,100148585
2010-03-15,40.720957,40.889401,40.342279,40.409739,36.619245,56578746
2010-03-16,40.248438,41.29666,40.165525,41.20284,37.338565,82961289
2010-03-17,41.117153,41.356206,39.898706,40.079852,36.321494,62212098
2010-03-18,40.145289,40.265139,39.346944,39.613265,35.899249,59447557
2010-03-19,39.641088,40.135935,39.552647,40.07217,36.315725,81009763
2010-03-22,40.009145,40.189017,39.980865,40.055063,36.302011,112564740
2010-03-23,40.086378,40.312409,39.577658,39.714664,35.994098,77198993
2010-03-24,40.006232,40.395435,39.780086,40.222501,36.454959,75465849
2010-03-25,40.207478,40.351185,39.851949,39.999802,36.253715,60233432
2010-03-26,39.860871,40.673869,39.464584,40.619263,36.815766,84362913
2010-03-29,40.628683,40.788608,40.032524,40.572861,36.775522,112344665
2010-03-30,40.426505,41.316284,40.405311,40.829637,37.008873,55126434
2010-03-31,40.971178,41.05379,40.83746,40.909139,37.081545,65895999
2010-04-01,41.184615,41.641602,41.086841,41.495547,37.613704,121020251
2010-04-05,41.237658,41.339113,40.975949,41.00561,37.172043,86417158
2010-04-06,41.405264,41.47972,40.350957,40.653756,36.853689,102962504
2010-04-07,40.295563,40.479844,39.296324,39.504039,35.812028,54762085
2010-04-08,39.595184,41.190467,39.349933,40.752723,36.944618,51951698
2010-04-09,40.871923,41.128088,40.451922,40.575628,36.784676,88250760
2010-04-12,40.795495,41.32999,40.617913,40.761321,36.954841,71428889
2010-04-13,40.171706,40.936213,39.925664,40.81785,37.006699,87532311
2010-04-14,40.963752,41.364005,40.576132,41.157848,37.315565,72831849
2010-04-15,41.167892,42.063776,40.632467,41.736909,37.841189,79585151
2010-04-16,41.861773,41.933689,41.003927,41.029005,37.199972,76594166
2010-04-19,41.257392,41.798771,40.234738,40.55892,36.77557,57894043
2010-04-20,40.674349,41.124852,39.597417,39.816987,36.103437,69149516
2010-04-21,39.916066,40.378825,39.524174,39.689141,35.988106,53404700
2010-04-22,39.841126,40.432966,39.790462,40.320591,36.561274,109336562
2010-04-23,40.231147,40.436561,39.941999,40.087133,36.35018,84580392
2010-04-26,40.100515,40.17741,39.670962,39.98508,36.259427,40614738
2010-04-27,40.014809,40.300272,39.316936,40.161591,36.42009,71726495
2010-04-28,39.9897,40.276448,39.34699,39.53677,35.854067,68978693
2010-04-29,39.376166,39.473728,39.186543,39.365636,35.699459,121920849
2010-04-30,39.162029,39.609436,38.830282,38.846126,35.228911,48298253
2010-05-03,39.126277,39.274569,38.81432,39.067774,35.431666,91097561
2010-05-04,39.30316,39.709598,39.011198,39.400619,35.73412,75588084
2010-05-05,39.385042,39.724328,38.871504,38.992132,35.364226,61664504
2010-05-06,38.981675,39.01389,38.280474,38.439617,34.863691,77027566
2010-05-07,38.339875,38.806116,38.042034,38.495474,34.914925,127655412
2010-05-10,38.582147,38.80341,37.842024,37.905356,34.381389,77784558
2010-05-11,37.708966,38.2024,37.509039,37.877028,34.356259,63196427
2010-05-12,37.683512,38.723838,37.364991,38.643699,35.052242,45444027
2010-05-13,38.469014,39.315752,38.419274,39.09795,35.464859,83952372
2010-05-14,39.167092,39.976502,38.941694,39.512349,35.841339,94697854
2010-05-17,39.387703,40.555854,39.318408,40.273469,36.533546,83539411
2010-05-18,40.347338,40.377846,40.083593,40.329229,36.584729,68677659
2010-05-19,40.049294,40.993332,39.647099,40.910249,37.112411,56568372
2010-05-20,40.855229,41.602356,40.76902,40.923865,37.125373,89712359
2010-05-21,41.001026,41.235254,40.878956,41.031069,37.223238,67487081
2010-05-24,40.879748,41.946157,40.64723,41.729298,37.858535,88607982
2010-05-25,41.664327,41.717134,40.821656,41.471711,37.62546,56764020
2010-05-26,41.555758,42.16341,40.734526,41.769801,37.896526,41627835
2010-05-27,41.859065,42.584414,41.575002,42.276979,38.357304,111290063
2010-05-28,42.307054,43.563083,42.004918,43.115139,39.118397,49225069
2010-06-01,43.240728,43.36516,42.999512,43.157334,39.159254,59617745
2010-06-02,43.064994,43.125199,43.002817,43.073337,39.08368,70194806
2010-06-03,43.068491,43.27061,42.79305,42.866026,38.896211,97010261
2010-06-04,42.665595,43.628346,42.618349,43.475998,39.450341,69392125
2010-06-07,43.340151,43.450812,43.243858,43.320898,39.311539,59912443
2010-06-08,43.0245,43.84529,42.549623,43.442282,39.422337,87370959
2010-06-09,43.28299,43.485953,42.783968,42.947465,38.973948,45231840
2010-06-10,42.766048,43.247973,42.486626,43.041865,39.060256,55420398
2010-06-11,42.931046,43.098768,42.303089,42.525196,38.592016,62780897
2010-06-14,42.674262,42.8349,42.11444,42.248366,38.34268,60127223
2010-06-15,42.17242,42.336217,41.833162,42.316475,38.405123,74515539
2010-06-16,42.30648,42.59425,42.012049,42.327934,38.416154,70871229
2010-06-17,42.313385,42.546937,42.186562,42.207634,38.307601,88381647
2010-06-18,42.224268,42.772041,41.623507,41.724553,37.86978,60487691
2010-06-21,41.706644,41.742322,41.213359,41.42052,37.595688,59942998
2010-06-22,41.277089,41.925608,40.921957,41.815649,37.954953,84659442
2010-06-23,41.735897,42.85534,41.637082,42.484391,38.562586,99132698
2010-06-24,42.335126,43.44254,42.315071,43.215925,39.227235,38969513
2010-06-25,43.135678,43.536949,42.576619,42.708233,38.767038,103785044
2010-06-28,42.589923,43.529172,42.337042,43.224398,39.237504,48011728
2010-06-29,43.154119,43.49847,42.964767,43.365226,39.36599,101467665
2010-06-30,43.424457,43.673133,43.146131,43.513354,39.501106,84246441
2010-07-01,43.577328,43.822532,42.533325,42.888713,38.934701,41568574
2010-07-02,43.284884,43.54747,41.908522,42.196542,38.306972,45555971
2010-07-06,42.06866,43.183321,42.032863,43.06098,39.094297,55771810
2010-07-07,43.207559,44.101905,42.898254,43.730109,39.702439,100124615
2010-07-08,43.741274,43.829921,42.633707,42.815517,38.872722,114281466
2010-07-09,42.85009,42.922925,42.325913,42.524043,38.608723,103435241
2010-07-12,42.37871,42.956472,42.291749,42.845127,38.902162,55483864
2010-07-13,42.907349,43.356349,42.574431,43.123068,39.155168,76159204
2010-07-14,42.884881,43.747244,42.837648,43.395535,39.403211,73226594
2010-07-15,43.703227,44.082052,42.480541,42.578657,38.66212,73314678
2010-07-16,42.78739,42.918329,42.540999,42.702896,38.775568,56936916
2010-07-19,43.010687,43.408423,42.538002,42.846445,38.907832,55226410
2010-07-20,42.646287,42.915332,42.594213,42.817955,38.8826,61084176
2010-07-21,43.067064,43.303835,42.037703,42.418546,38.520533,99223635
2010-07-22,42.553345,43.557706,42.499877,43.233806,39.26152,63644929
2010-07-23,43.142659,43.714975,43.061973,43.26011,39.286053,68097682
2010-07-26,43.545999,43.79595,42.219843,42.412203,38.517936,83889761
2010-07-27,42.419792,42.717899,41.898304,42.588545,38.678722,95503502
2010-07-28,42.563357,43.038178,42.40834,43.014473,39.06619,63626902
2010-07-29,42.932281,43.347651,42.72593,43.077385,39.123969,73177127
2010-07-30,43.1104,43.378063,42.307113,42.457722,38.561809,62706786
2010-08-02,42.909082,43.540755,42.636395,43.451364,39.46622,89615609
2010-08-03,43.613987,44.395451,43.177008,44.128935,40.082306,39503477
2010-08-04,44.117185,44.82663,43.660374,44.203009,40.150247,77473695
2010-08-05,43.991345,44.235051,43.676493,43.830231,39.812301,73205399
2010-08-06,43.768107,44.287842,43.196817,43.863019,39.842738,63863066
2010-08-09,43.477066,44.131559,43.076704,44.000228,39.969341,53694882
2010-08-10,44.349361,44.735245,44.30881,44.568812,40.486502,70259571
2010-08-11,44.347412,44.553131,43.805384,44.147865,40.104771,59833367
2010-08-12,43.771486,45.801767,43.646694,45.254797,41.111004,54849212
2010-08-13,45.516188,45.744553,45.25987,45.410509,41.253136,71187543
2010-08-16,45.353185,45.386948,45.048513,45.250754,41.110032,108905739
2010-08-17,45.419773,45.600102,44.06229,44.546509,40.470895,63493978
2010-08-18,44.383686,44.915427,44.123826,44.367616,40.309031,72263975
2010-08-19,44.59984,44.84044,44.159846,44.178099,40.13751,48559246
2010-08-20,44.504628,44.859993,44.448136,44.714388,40.625417,84091591
2010-08-23,44.685432,45.1475,44.483,45.096198,40.974331,36481204
2010-08-24,45.442332,46.079781,45.379785,45.872987,41.680805,67341180
2010-08-25,45.902371,46.699372,45.567044,46.602392,42.344247,57123061
2010-08-26,46.401227,46.67736,46.231215,46.297627,42.06802,57155535
2010-08-27,46.292223,47.622557,46.086233,47.162925,42.854971,67103288
2010-08-30,47.341448,47.699606,46.84297,47.600051,43.2543,67684739
2010-08-31,47.850356,48.826942,47.790304,48.029032,43.644834,100673101
2010-09-01,48.078911,49.142351,47.970019,48.933901,44.467835,71994124
2010-09-02,48.862257,49.658328,48.515995,49.037878,44.563054,68690265
2010-09-03,48.975599,48.997556,48.34098,48.923373,44.459729,52877253
2010-09-07,49.267833,49.658479,48.512371,48.560137,44.132533,62479612
2010-09-08,48.46507,48.490876,48.16862,48.21508,43.819657,84057641
2010-09-09,47.851732,48.209172,47.167591,47.390019,43.070518,77013469
2010-09-10,47.323643,47.381811,46.107578,46.527182,42.287022,93439314
2010-09-13,46.542804,46.707078,46.182325,46.266051,42.051761,90044141
2010-09-14,46.382923,46.857243,45.782374,46.621013,42.375087,57043208
2010-09-15,46.373505,47.111293,46.316994,47.085244,42.797742,29584329
2010-09-16,47.008247,47.317843,46.798544,47.228906,42.929027,68275046
2010-09-17,47.137138,47.48434,47.02344,47.272193,42.969078,68741119
2010-09-20,47.827953,47.94437,47.609527,47.731377,43.388602,116337592
2010-09-21,47.484192,48.827605,47.134869,48.328002,43.931666,74448932
2010-09-22,48.365232,49.316051,48.087988,48.85651,44.412825,57390868
2010-09-23,48.883116,49.267713,48.79715,49.246206,44.767813,75507136
2010-09-24,49.308757,49.768178,49.127932,49.190908,44.718278,93383085
2010-09-27,49.292515,49.55478,48.53859,48.659851,44.237687,88344791
2010-09-28,49.097084,49.122861,48.565923,48.752243,44.32241,100252769
2010-09-29,49.179609,49.956338,49.106787,49.828138,45.301289,68589496
2010-09-30,50.224062,50.98434,50.01061,50.840349,46.222301,48753591
2010-10-01,50.663067,50.919882,50.019192,50.521008,45.932721,105072075
2010-10-04,50.491213,51.149473,50.232272,50.846516,46.230945,81120671
2010-10-05,50.482029,50.546657,49.843684,50.385648,45.812665,56314301
2010-10-06,50.443853,51.210946,50.049701,50.869916,46.253741,61806281
2010-10-07,51.327887,51.766981,49.847359,49.945019,45.41352,70952515
2010-10-08,49.659201,49.989195,48.719954,48.882435,44.448074,64452593
2010-10-11,48.933132,48.962984,48.788528,48.91357,44.478576,49752089
2010-10-12,48.917029,49.537613,48.259703,48.381126,43.995132,69287497
2010-10-13,48.532687,49.07381,47.007949,47.288496,43.00226,47750100
2010-10-14,47.27378,47.426091,45.906966,46.072974,41.897602,101787301
2010-10-15,46.180137,46.239922,45.551265,45.740375,41.595827,61385874
2010-10-18,45.718095,46.595412,45.185262,46.391456,42.189993,62028242
2010-10-19,46.472124,46.8268,44.073897,44.865643,40.803036,99251895
2010-10-20,44.907416,46.320767,44.613449,45.714958,41.576129,53232101
2010-10-21,46.081619,46.521945,44.556986,44.618816,40.579893,77066425
2010-10-22,44.788702,45.607617,44.672672,45.151753,41.065263,81438655
2010-10-25,45.388417,45.706239,43.45572,43.665418,39.715406,151644580
2010-10-26,43.014672,43.865394,42.34962,43.808027,39.84577,46643990
2010-10-27,44.159869,44.184524,43.208239,43.433093,39.505395,62733590
2010-10-28,43.511841,44.405694,43.403723,44.32102,40.313689,82805255
2010-10-29,44.539438,44.778866,43.7172,44.325226,40.318177,78381011
2010-11-01,44.580675,45.080374,42.849437,43.562987,39.626798,67479825
2010-11-02,43.376319,43.841156,43.314229,43.691326,39.744194,54641784
2010-11-03,43.639483,44.495382,43.576624,44.351795,40.345658,55400071
2010-11-04,44.275773,44.407014,43.855107,44.362842,40.35637,53445412
2010-11-05,43.914831,45.675354,43.548898,45.61722,41.498145,91823298
2010-11-08,45.539196,45.704686,44.450919,44.556553,40.53525,80640355
2010-11-09,44.604482,45.776427,44.507207,45.629785,41.512303,71019156
2010-11-10,45.714567,46.688761,45.529766,46.455121,42.263858,72289300
2010-11-11,46.299555,47.096065,46.029026,46.770783,42.551739,54388405
2010-11-12,46.925585,47.332528,46.545691,46.62118,42.416328,61034808
2010-11-15,46.632745,47.348637,46.306542,47.162672,42.911096,74558204
2010-11-16,47.19121,47.86728,46.593427,47.109989,42.863867,93813756
2010-11-17,47.639867,47.774525,47.408936,47.735748,43.433938,65474112
2010-11-18,47.639254,47.720604,46.675003,47.054452,42.814742,51561406
2010-11-19,46.910265,47.470418,46.774718,47.280171,43.02083,59765923
2010-11-22,47.284826,48.337199,46.884574,47.866688,43.556656,101247327
2010-11-23,47.690624,48.222215,47.523279,47.993072,43.672377,47226512
2010-11-24,47.92828,48.020014,46.813126,46.99092,42.761149,126896612
2010-11-26,47.134718,49.667072,46.799082,49.026012,44.614523,64504608
2010-11-29,48.674849,49.133145,48.181264,48.996387,44.589761,33650366
2010-11-30,49.173491,49.402365,49.014247,49.14877,44.729173,69727576
2010-12-01,49.326428,51.07725,48.769409,50.873796,46.299841,56732759
2010-12-02,50.850754,51.1114,49.843017,49.990049,45.496297,84143005
2010-12-03,49.810435,51.689963,49.777031,51.199907,46.598164,60987993
2010-12-06,50.926016,52.361959,50.487615,52.179912,47.492427,42930651
2010-12-07,52.18944,53.897976,51.81453,53.350269,48.558446,56319359
2010-12-08,53.511262,53.964663,52.212658,52.853575,48.107154,114949866
2010-12-09,52.898198,53.552503,52.274771,52.410205,47.704384,69972950
2010-12-10,52.479217,52.975024,52.290077,52.922975,48.171905,83226620
2010-12-13,52.749135,53.643598,52.621177,53.511243,48.709762,102276263
2010-12-14,53.210277,55.104621,52.984667,54.399557,49.519182,86795774
2010-12-15,54.328878,54.870674,54.280794,54.790284,49.875675,74370643
2010-12-16,54.596822,55.012996,53.887335,54.133654,49.278753,32255910
2010-12-17,54.147069,54.639805,52.253459,52.376828,47.680269,70739509
2010-12-20,52.234683,52.353582,52.075587,52.310029,47.621807,58094142
2010-12-21,52.30142,52.369164,51.611903,52.253183,47.570837,111772877
2010-12-22,52.618645,54.149358,50.879346,51.874862,47.227193,69853635
2010-12-23,51.662585,52.005872,50.228949,50.255463,45.753633,82622046
2010-12-27,50.186216,50.883189,49.975059,50.804815,46.256814,62414575
2010-12-28,50.75625,51.356013,50.342033,50.589645,46.061663,67962577
2010-12-29,50.531245,50.854753,49.214253,49.732881,45.282327,65866524
2010-12-30,50.142933,50.251191,49.216628,49.743417,45.292664,52342986
2010-12-31,49.818303,49.857325,48.532346,48.885926,44.512627,81950947
2011-01-03,48.715274,48.842656,46.366025,46.565859,42.402202,96230291
2011-01-04,46.198617,46.773934,45.633061,46.445614,42.293403,68636432
2011-01-05,46.290166,46.81425,45.972662,46.721671,42.545479,50243889
2011-01-06,46.865317,47.040647,45.845102,46.486678,42.332186,122243539
2011-01-07,46.523943,47.545337,46.036284,46.698234,42.525535,50572832
2011-01-10,46.426655,47.872495,45.896774,47.804326,43.534937,61029304
2011-01-11,47.880898,48.627422,47.299047,48.35476,44.036935,65849463
2011-01-12,48.54961,48.619609,48.435797,48.587239,44.249383,96918095
2011-01-13,48.862144,49.254622,47.702501,47.780229,43.515137,66225351
2011-01-14,47.63756,48.020355,47.391369,47.683254,43.427532,80723773
2011-01-18,47.528778,49.502826,47.489423,48.803687,44.450887,60491525
2011-01-19,48.358479,49.744776,47.750599,49.008722,44.638368,27951776
2011-01-20,49.136442,49.541358,48.473276,48.942345,44.578643,48059365
2011-01-21,48.840665,49.816763,48.523893,49.616678,45.193594,88929185
2011-01-24,49.249982,49.541316,48.991964,49.098665,44.723964,46582073
2011-01-25,48.788033,50.266026,48.766828,49.802174,45.365535,146867226
2011-01-26,49.935396,50.065424,49.330457,49.428658,45.026033,77164354
2011-01-27,49.218596,50.386847,48.817936,50.087898,45.627305,74296964
2011-01-28,50.547565,50.841495,49.589377,49.646063,45.22556,38088527
2011-01-31,49.626958,50.107345,49.595537,49.810951,45.378002,33667685
2011-02-01,50.301585,50.337431,49.600541,49.750242,45.323441,60627055
2011-02-02,50.016219,50.351233,48.969899,49.213652,44.835334,86660784
2011-02-03,49.64072,50.162051,49.602186,50.018254,45.569102,98835402
2011-02-04,50.042061,51.440463,49.826478,51.026769,46.488673,69592800
2011-02-07,50.810137,50.882887,49.964467,50.271303,45.802652,52550453
2011-02-08,50.492475,50.688572,50.092249,50.130651,45.675253,62405426
2011-02-09,50.323845,50.684042,50.093151,50.591485,46.095887,72149424
2011-02-10,50.533056,50.861503,50.093592,50.165124,45.708164,74063947
2011-02-11,50.467042,51.439894,50.319429,51.032471,46.499215,70591668
2011-02-14,51.178797,52.603744,51.019236,52.15501,47.524379,107771059
2011-02-15,52.436967,52.624544,51.356147,51.608644,47.027296,57383720
2011-02-16,51.405845,52.270694,51.3625,51.658234,47.073257,52617211
2011-02-17,51.532376,52.285568,51.24988,51.345327,46.788891,96019309
2011-02-18,51.196718,51.685526,50.758064,51.591394,47.013894,71936538
2011-02-22,51.514543,51.740509,50.64693,51.109583,46.577892,73155172
2011-02-23,51.027513,51.747924,50.703292,51.478647,46.915004,104582251
2011-02-24,51.340234,52.93528,51.078486,51.999192,47.39018,94787092
2011-02-25,52.448629,52.977559,51.752876,51.95611,47.351695,94960650
2011-02-28,51.719376,51.852215,50.699477,51.18191,46.648404,89631953
2011-03-01,51.236764,51.296944,50.117995,50.305619,45.850485,47214930
2011-03-02,50.386011,51.614367,50.224471,51.576274,47.009381,26174920
2011-03-03,51.520545,51.915932,50.982166,51.664823,47.090863,70746312
2011-03-04,51.695476,52.123854,51.252143,51.522653,46.962051,84404579
2011-03-07,51.229183,52.21371,51.062651,51.593867,47.029279,120765281
2011-03-08,51.702085,51.948466,50.775713,50.910937,46.407531,77733014
2011-03-09,50.731754,51.790804,49.90977,51.449828,46.899524,116499862
2011-03-10,50.962924,52.542628,50.511051,51.650971,47.083651,67804825
2011-03-11,51.917662,52.304274,51.796765,52.167975,47.555719,100217542
2011-03-14,52.303464,52.86012,51.669714,52.755528,48.093696,55559107
2011-03-15,52.678501,53.323031,52.529826,53.245692,48.541343,42177767
2011-03-16,53.275035,53.510359,52.869456,53.337886,48.62619,87177964
2011-03-17,53.409132,53.451234,53.060444,53.22313,48.522369,54799037
2011-03-18,53.435729,53.939731,53.197478,53.621386,48.886253,97159034
2011-03-21,53.326735,54.315424,53.154741,53.91533,49.156662,61364377
2011-03-22,53.956239,55.19915,53.597346,54.994517,50.141422,92191517
2011-03-23,55.26916,55.683826,55.026188,55.48413,50.588659,45566691
2011-03-24,55.612761,56.168578,55.474463,55.838196,50.912321,55555415
2011-03-25,55.696561,56.90447,55.516506,56.6122,51.618893,77405064
2011-03-28,56.86016,57.219784,56.010038,56.128664,51.180529,104580793
2011-03-29,56.423486,57.230108,56.213019,56.865629,51.853377,111856167
2011-03-30,56.907643,57.007512,56.19972,56.655212,51.662355,73788349
2011-03-31,56.424004,56.553316,55.557171,55.799011,50.882444,138558847
2011-04-01,55.858293,56.443598,55.530025,56.151654,51.204856,88580352
2011-04-04,55.469763,56.966552,55.420398,56.571964,51.59068,61977852
2011-04-05,56.425961,56.616637,55.517512,56.034637,51.101505,85284680
2011-04-06,55.678366,56.938336,55.50539,56.647188,51.660978,71870184
2011-04-07,56.583444,56.810328,55.687637,56.364066,51.403622,84132475
2011-04-08,56.550495,56.749278,55.245247,55.567555,50.678041,78059069
2011-04-11,55.579003,55.620653,54.027256,54.153894,49.391206,61513651
2011-04-12,54.308069,54.560809,54.01615,54.270636,49.498494,81637662
2011-04-13,54.395476,54.935081,54.052022,54.138089,49.378413,72011854
2011-04-14,54.034989,54.984836,53.437876,54.859794,50.03749,78656325
2011-04-15,54.812589,55.97901,54.675831,55.476315,50.600649,60886516
2011-04-18,55.533881,56.699807,55.473008,55.921874,51.009562,111365685
2011-04-19,56.299966,57.999871,56.115162,57.70489,52.636819,58956384
2011-04-20,57.445597,58.433937,57.282126,57.932919,52.845688,65175923
2011-04-21,58.423961,58.532115,57.103552,57.45944,52.414648,77090821
2011-04-25,57.365454,57.579559,57.266026,57.411619,52.374467,61525159
2011-04-26,57.449429,58.503628,57.122707,58.245952,53.13647,61791901
2011-04-27,57.722642,58.448046,57.567781,58.332047,53.215887,56782583
2011-04-28,58.290871,58.6268,57.630877,57.65998,52.603629,46234787
2011-04-29,57.641811,57.786142,56.755077,56.843172,51.859301,71118301
2011-05-02,56.743797,58.355258,56.663496,58.034603,52.94888,65202667
2011-05-03,57.802786,58.3442,57.432371,58.157479,53.061859,113353187
2011-05-04,58.360899,58.889313,58.273424,58.759523,53.612034,99698354
2011-05-05,58.482222,58.808812,58.145419,58.734164,53.589777,65606982
2011-05-06,58.596269,59.044607,58.284992,58.499438,53.376487,59717731
2011-05-09,58.105198,60.470189,58.039805,60.05478,54.798324,67743272
2011-05-10,60.141209,62.200029,59.57741,61.437228,56.06069,79468181
2011-05-11,61.626537,61.783167,61.396604,61.715039,56.315115,73293905
2011-05-12,61.766824,62.122743,59.793353,60.398625,55.114789,37700483
2011-05-13,59.947909,60.960268,59.900196,60.669359,55.362748,70932367
2011-05-16,60.562927,61.862231,60.037707,60.87177,55.550192,52551041
2011-05-17,61.089044,61.166308,60.888926,61.014359,55.68123,61165459
2011-05-18,61.087707,61.552439,60.027376,60.456277,55.172835,91814232
2011-05-19,60.857448,61.06195,60.819155,60.858274,55.540613,85500163
2011-05-20,60.358717,62.486551,60.092265,61.621548,56.238118,121069857
2011-05-23,61.698911,62.631318,60.935528,62.366918,56.921175,57945997
2011-05-24,62.105859,62.260232,61.695353,61.797582,56.402479,105892823
2011-05-25,61.926114,62.523771,60.590297,60.858448,55.546246,53892932
2011-05-26,61.082271,63.14399,60.681701,62.332481,56.892549,68199933
2011-05-27,62.483484,64.09147,61.921061,63.588649,58.040041,53934710
2011-05-31,64.013637,64.267339,63.314479,64.222671,58.622591,80167611
2011-06-01,64.852202,64.964121,63.646696,63.672403,58.12126,53530682
2011-06-02,63.65201,63.744534,63.40156,63.583778,58.041316,86780215
2011-06-03,63.29005,64.18611,63.087162,63.163427,57.658553,103518580
2011-06-06,63.048639,64.300446,62.446539,64.004833,58.429507,56783256
2011-06-07,63.988645,64.561525,63.360987,64.23773,58.64308,95196712
2011-06-08,64.543889,65.288882,63.557861,63.745537,58.19471,87341679
2011-06-09,63.77016,63.843403,63.537494,63.650566,58.108963,54314289
2011-06-10,64.114475,64.428285,62.162157,62.326026,56.900676,76409565
2011-06-13,62.284092,62.641865,61.898514,62.208152,56.795862,73460883
2011-06-14,62.744469,63.731499,62.414764,63.603237,58.070524,57032007
2011-06-15,63.676131,63.958089,62.744464,62.98138,57.503706,63092651
2011-06-16,62.813032,63.316583,62.600446,63.044204,57.562011,62206603
2011-06-17,63.500968,63.529829,63.29001,63.334393,57.827916,87333171
2011-06-20,63.300106,64.868878,62.613093,64.385898,58.790897,44287775
2011-06-21,64.312982,64.661927,63.828332,63.922326,58.368568,84325976
2011-06-22,63.504768,63.869586,62.299999,62.975329,57.504793,114410800
2011-06-23,63.201898,63.354426,62.399225,62.634178,57.194217,60083594
2011-06-24,62.316112,63.906168,61.987868,63.454482,57.944227,97733868
2011-06-27,63.318561,64.896108,63.275362,64.50193,58.90362,62726019
2011-06-28,63.961135,65.294385,63.691332,65.188496,59.531574,72850581
2011-06-29,65.614972,66.530884,64.146615,64.737985,59.121129,86133002
2011-06-30,64.698109,65.310252,64.344686,64.513922,58.917474,59158068
2011-07-01,64.388792,64.615127,62.685702,63.011015,57.545887,89226879
2011-07-05,62.351556,62.673108,61.654813,62.143198,56.757067,65472123
2011-07-06,61.996279,62.48125,61.417715,61.615573,56.276098,55533606
2011-07-07,61.534768,62.793231,61.154187,62.671942,57.241864,68170316
2011-07-08,63.054592,64.464887,62.811736,63.628281,58.116297,88326333
2011-07-11,63.839727,64.644359,63.812007,64.184979,58.627659,62807031
2011-07-12,63.991321,64.369037,63.753122,63.929366,58.395137,81879700
2011-07-13,63.856172,65.561841,63.74637,65.191866,59.549323,93023263
2011-07-14,64.89864,65.729412,64.767417,65.665599,59.983039,75321476
2011-07-15,65.903919,67.834931,65.629062,67.40763,61.575329,104706453
2011-07-18,67.596659,67.801239,66.978232,67.22598,61.412423,100368877
2011-07-19,67.220575,68.012219,67.085173,67.344664,61.521854,81474822
2011-07-20,67.625192,68.661381,66.986807,67.445914,61.615362,75943014
2011-07-21,67.788071,68.968442,67.723948,68.617046,62.686282,79741082
2011-07-22,68.779081,69.263489,67.735222,67.84516,61.98213,72435243
2011-07-25,67.294898,69.178118,66.978462,68.718366,62.782969,79224584
2011-07-26,68.561119,69.068154,67.911653,68.890826,62.941568,113812116
2011-07-27,69.083571,69.179044,67.122285,67.414159,61.593434,61923261
2011-07-28,67.275934,67.760938,66.031282,66.695217,60.937568,29306722
2011-07-29,67.309909,67.968205,66.23886,67.513801,61.6865,74644646
2011-08-01,67.36748,67.614845,67.191615,67.543016,61.716234,77217190
2011-08-02,67.334443,67.51823,66.835117,67.123657,61.33406,123283123
2011-08-03,66.906524,67.940673,66.643298,67.261839,61.461333,49019950
2011-08-04,67.088118,69.364239,66.731202,69.159237,63.196142,49757488
2011-08-05,69.253324,69.469651,68.772547,69.154579,63.192923,82386824
2011-08-08,69.241321,69.832537,66.558356,67.523179,61.705204,44464288
2011-08-09,67.285714,68.506815,66.548612,68.426974,62.532153,75935546
2011-08-10,68.409969,69.857335,68.140754,69.319053,63.348421,99256991
2011-08-11,69.352312,69.674649,68.687494,68.951847,63.013879,85871980
2011-08-12,68.507589,68.932079,66.937943,68.000711,62.145673,66208905
2011-08-15,68.03663,68.167658,67.877716,67.908668,62.064614,125893015
2011-08-16,67.559893,68.532566,67.489058,68.193095,62.325588,83869422
2011-08-17,68.254816,68.750174,66.089745,66.385174,60.674221,65252338
2011-08-18,66.345854,67.70986,66.142921,66.972899,61.212392,41574871
2011-08-19,67.046008,68.716223,66.547772,68.614135,62.713491,74821962
2011-08-22,68.348542,69.711713,68.265992,69.031224,63.097821,100059828
2011-08-23,68.888982,69.481649,67.446698,67.714504,61.895293,63159504
2011-08-24,67.557781,67.719694,67.521237,67.688125,61.872198,52112506
2011-08-25,67.796662,68.518559,67.16394,67.825312,61.998615,60004162
2011-08-26,67.976444,68.943298,67.845431,68.517872,62.632708,72820500
2011-08-29,68.211854,69.019784,67.866538,68.940617,63.022248,42371499
2011-08-30,69.061554,70.346729,68.960558,69.856566,63.860614,106612011
2011-08-31,69.263963,72.146903,69.087358,70.53725,64.483933,95654120
2011-09-01,71.112728,71.529042,70.147057,70.423314,64.380832,60160036
2011-09-02,69.808908,71.468098,69.339558,71.239033,65.127631,52339929
2011-09-06,70.542915,70.856914,69.531019,69.712256,63.736019,73260766
2011-09-07,69.693518,69.797254,68.631512,68.80761,62.90996,97058372
2011-09-08,68.993644,69.650954,68.591162,69.587673,63.624207,56754517
2011-09-09,69.134786,69.29498,69.048113,69.156321,63.230859,95247933
2011-09-12,69.107786,69.98129,68.633545,69.744614,63.771889,85286545
2011-09-13,69.620116,70.119378,67.241295,67.635903,61.844778,86734621
2011-09-14,67.454548,67.48876,66.480325,66.696395,60.986714,61480212
2011-09-15,66.434909,67.439505,65.913023,66.74752,61.034465,44206026
2011-09-16,66.476696,67.891694,66.393814,67.702105,61.908362,75007276
2011-09-19,67.520644,68.359493,66.379325,67.797115,61.998297,82273344
2011-09-20,67.735822,68.16723,65.614107,66.205448,60.543762,85369696
2011-09-21,65.891397,66.213294,64.542735,65.085482,59.52055,61609972
2011-09-22,65.511877,65.552243,63.401112,63.663149,58.220786,79088587
2011-09-23,64.090253,64.929071,63.439724,64.400749,58.896298,48621996
2011-09-26,64.644388,65.413787,64.201862,64.594751,59.07663,69413885
2011-09-27,65.229498,65.707386,64.472738,64.577359,59.061693,45541939
2011-09-28,64.870655,65.092961,64.006261,64.188738,58.70723,49349331
2011-09-29,63.868255,65.62336,63.558347,64.559241,59.047063,69838773
2011-09-30,64.786345,65.099853,63.873434,64.171948,58.693802,36451768
2011-10-03,63.824492,64.137765,62.980993,63.437809,58.025194,125759069
2011-10-04,63.451664,64.037739,63.254136,63.690534,58.257313,67833287
2011-10-05,63.495624,63.639306,62.471349,62.536535,57.202697,82038820
2011-10-06,62.61963,63.741097,62.18446,63.468311,58.055954,71878674
2011-10-07,63.629467,65.358229,63.315176,65.227534,59.666137,93585896
2011-10-10,65.371073,66.829486,64.884133,66.287434,60.638656,77684585
2011-10-11,66.249126,66.424027,65.29381,65.466955,59.889079,46459319
2011-10-12,65.106712,65.338091,64.71471,65.145022,59.595554,101839579
2011-10-13,64.501937,66.685055,64.220886,66.338758,60.688598,104655049
2011-10-14,65.900051,66.030985,65.187654,65.706634,60.1113,83216376
2011-10-17,65.452045,66.450422,64.264907,64.527568,59.035548,48087272
2011-10-18,64.251116,64.969989,62.802011,63.22329,57.843229,60195670
2011-10-19,62.99889,63.191173,62.781328,63.016204,57.654712,52599160
2011-10-20,63.613195,63.678757,60.879951,61.990589,56.717289,88805540
2011-10-21,61.33557,62.977757,61.217398,62.798548,57.457462,71033722
2011-10-24,62.780498,62.861309,60.881585,61.235312,56.029942,48842833
2011-10-25,62.184006,62.412475,62.109629,62.161205,56.878063,64722842
2011-10-26,61.964153,62.372887,61.125528,61.400114,56.182581,75035387
2011-10-27,61.49492,62.655281,61.293974,62.258024,56.968525,90301198
2011-10-28,62.199121,62.928187,61.261167,61.339667,56.129115,53284020
2011-10-31,61.242402,62.434566,61.168747,62.128169,56.853439,67239512
2011-11-01,62.484208,63.831223,62.113663,63.532184,58.139206,88074059
2011-11-02,63.623123,63.742564,62.754759,62.997002,57.650401,45200873
2011-11-03,63.142207,64.141442,62.281769,63.079484,57.726831,87998396
2011-11-04,63.426177,63.490558,62.800804,63.035795,57.687797,54446438
2011-11-07,63.068151,63.639714,61.534197,61.865983,56.620023,79479111
2011-11-08,61.529999,61.685066,60.552697,60.641655,55.500424,86650921
2011-11-09,61.074362,61.579329,59.953666,60.496136,55.368152,49212024
2011-11-10,60.762969,61.248228,59.842317,60.20928,55.106517,61375356
2011-11-11,60.330898,60.638579,60.080367,60.483146,55.358081,51562787
2011-11-14,60.403728,61.79599,59.474047,61.663986,56.441644,183503405
2011-11-15,61.204964,61.37134,60.67265,61.169437,55.989898,68233331
2011-11-16,60.782061,60.939206,59.955614,60.560094,55.433062,89428195
2011-11-17,60.543002,61.230076,59.711668,59.974976,54.898382,76816534
2011-11-18,59.970739,61.35725,59.589035,60.880479,55.728154,84012309
2011-11-21,60.742364,62.949284,60.707893,62.518156,57.230055,58582587
2011-11-22,62.62938,63.001667,62.383833,62.957784,57.633443,52404829
2011-11-23,62.951279,63.468778,62.858988,63.135864,57.797412,50893055
2011-11-25,63.165044,63.488865,62.938181,63.119832,57.784635,68524047
2011-11-28,63.058675,63.168612,62.812473,62.901479,57.587576,64082563
2011-11-29,62.945297,62.975515,62.631865,62.801155,57.496672,85960686
2011-11-30,62.594881,63.832091,62.188285,63.616802,58.244382,68658552
2011-12-01,63.779762,64.713607,63.502302,64.316021,58.88552,83315052
2011-12-02,64.538501,64.775124,63.663863,63.730041,58.349975,89086861
2011-12-05,63.52614,64.391933,62.976249,64.258502,58.836723,87602308
2011-12-06,64.017755,64.136067,63.171121,63.498525,58.141824,60418359
2011-12-07,63.452967,63.672431,63.257975,63.497992,58.142291,45181550
2011-12-08,63.952194,64.370852,61.692247,62.351974,57.093871,78797768
2011-12-09,62.396991,63.594986,62.259852,63.540826,58.183423,73194935
2011-12-12,63.725076,64.205852,62.072137,62.370133,57.114251,118384284
2011-12-13,62.380049,62.53181,61.718923,62.037341,56.810436,80133184
2011-12-14,61.563633,62.364805,61.206045,61.484068,56.304704,54248268
2011-12-15,61.713476,61.856136,60.275343,60.875933,55.748713,74903920
2011-12-16,60.625517,61.0494,60.255918,60.784691,55.666071,56228963
2011-12-19,60.780578,61.978514,60.466579,61.676912,56.485943,56601513
2011-12-20,61.673188,61.923478,61.250862,61.318131,56.15828,64793837
2011-12-21,61.236307,62.17304,60.639721,62.008116,56.791137,43095001
2011-12-22,61.590323,63.486507,61.400879,63.312084,57.986349,54154819
2011-12-23,63.905023,64.12022,61.901484,62.212308,56.980021,77156602
2011-12-27,62.875811,63.286135,61.849979,62.484457,57.233042,59236522
2011-12-28,62.480078,62.748599,62.445259,62.723181,57.452647,64239184
2011-12-29,62.799386,63.513462,62.391612,62.97807,57.687065,49828303
2011-12-30,63.233305,64.52101,62.963827,64.49318,59.075857,60295974
2012-01-03,64.577869,64.617871,63.047818,63.548474,58.214329,75916805
2012-01-04,63.413405,63.638736,63.136499,63.596023,58.258844,74870843
2012-01-05,63.055369,65.50262,62.665045,65.334212,59.852142,100153242
2012-01-06,65.54418,65.611181,63.804045,64.069359,58.694385,54326339
2012-01-09,64.005203,64.35852,62.492985,62.84034,57.571309,76778321
2012-01-10,62.789612,63.261353,62.676151,63.225226,57.924874,92478055
2012-01-11,63.08141,64.255584,62.534505,63.981755,58.618944,36624598
2012-01-12,63.755436,64.665526,63.168094,64.505361,59.099633,60900221
2012-01-13,64.610492,64.785508,62.751274,63.048886,57.766164,59395199
2012-01-17,62.364504,62.819561,62.049197,62.466924,57.236724,85434149
2012-01-18,62.16356,62.442532,61.86747,62.069679,56.873674,54759728
2012-01-19,62.275715,62.74221,61.491542,62.448279,57.22152,71313576
2012-01-20,62.95697,63.037316,62.165468,62.437499,57.212582,110630807
2012-01-23,62.209525,63.241305,62.099283,62.718327,57.472742,57075544
2012-01-24,62.77332,63.697046,62.029904,62.195534,56.994611,41116729
2012-01-25,62.095768,62.618666,61.773892,62.261907,57.056371,61832048
2012-01-26,62.363242,62.756838,61.762624,61.913453,56.737981,87004006
2012-01-27,62.031185,62.696213,61.326322,62.621919,57.388168,48887664
2012-01-30,63.045561,63.404667,61.998092,62.801843,57.555891,88242150
2012-01-31,63.068394,63.116449,62.127162,62.366192,57.157569,43812386
2012-02-01,62.241281,62.512118,61.744258,62.173883,56.982258,68209749
2012-02-02,62.499555,62.703913,60.972069,61.514599,56.378951,63429982
2012-02-03,61.572046,61.78537,60.401146,60.869872,55.788967,65709168
2012-02-06,60.769878,62.281267,60.539405,62.039999,56.864224,103070073
2012-02-07,61.713569,62.490515,61.001695,61.284864,56.17301,73660525
2012-02-08,61.129333,61.423696,60.672916,60.949524,55.866559,105047336
2012-02-09,61.290177,62.103593,60.757934,61.821757,56.666982,76270602
2012-02-10,62.001209,62.200246,60.244076,60.974273,55.89108,84592900
2012-02-13,61.026107,61.339962,60.176358,60.370538,55.340403,66477113
2012-02-14,60.194302,60.625724,60.1458,60.310854,55.2866,44556733
2012-02-15,60.539836,60.717532,57.690206,58.412829,53.547572,43772838
2012-02-16,58.505098,58.817043,58.240396,58.37853,53.517009,54901786
2012-02-17,58.674688,59.333685,58.159435,59.213223,54.283084,87574125
2012-02-21,58.790947,59.734784,58.409332,59.304114,54.369979,70240607
2012-02-22,59.357786,59.554541,57.999809,58.514372,53.646826,58616596
2012-02-23,58.656585,59.423359,57.983461,58.710739,53.827742,68205549
2012-02-24,58.571641,59.4637,58.48185,58.994828,54.089092,37976405
2012-02-27,59.116126,59.356867,57.789117,58.152896,53.319798,103426916
2012-02-28,58.406127,58.624385,57.021846,57.634106,52.844993,82911228
2012-02-29,57.686443,58.353239,57.480432,58.130107,53.300654,83254253
2012-03-01,58.155914,58.888676,57.927819,58.358538,53.510986,60973573
2012-03-02,58.658639,59.579397,58.140217,59.201599,54.28491,144341055
2012-03-05,58.836469,58.981189,58.398345,58.659349,53.790345,97522719
2012-03-06,59.029016,59.265089,57.786051,58.066912,53.247958,51535758
2012-03-07,58.188014,58.621232,56.38922,57.079689,52.343524,56198895
2012-03-08,57.507014,57.560452,56.863633,56.976332,52.249601,96867142
2012-03-09,56.650055,57.385955,56.482896,57.086887,52.351844,115570428
2012-03-12,57.451779,57.631034,56.203787,56.336689,51.666417,45590769
2012-03-13,56.293773,57.287833,56.093862,56.773333,52.067719,92987816
2012-03-14,56.559494,56.896672,56.532303,56.803376,52.096128,96518491
2012-03-15,56.708017,56.866579,56.675745,56.84319,52.133499,68046292
2012-03-16,56.570699,56.988294,56.076257,56.471071,51.793063,61054664
2012-03-19,56.328599,57.285356,55.344058,57.098558,52.37115,58186804
2012-03-20,57.02506,57.210271,56.546816,57.051523,52.328868,78808819
2012-03-21,57.816325,57.872856,56.309206,56.509534,51.832597,109328702
2012-03-22,56.476332,57.340375,56.226762,57.144173,52.415571,49735326
2012-03-23,57.529843,58.027828,56.168815,56.257019,51.602676,62865935
2012-03-26,56.41251,57.232322,56.191368,56.54811,51.87224,45427140
2012-03-27,56.51499,57.650444,56.164558,57.351667,52.610216,71889085
2012-03-28,57.305813,57.73643,57.185058,57.526553,52.77151,53234629
2012-03-29,57.417204,58.514424,57.112455,58.328505,53.508054,64323446
2012-03-30,58.426914,59.908601,58.376539,59.783002,54.843248,82385756
2012-04-02,59.272228,60.225351,58.98951,59.456788,54.546676,70245587
2012-04-03,59.583201,60.376462,59.219808,59.983228,55.030546,56830193
2012-04-04,59.543476,59.961923,58.878866,59.417409,54.51234,75902387
2012-04-05,59.208265,59.843935,58.637744,59.498715,54.587831,77350377
2012-04-09,59.355841,60.086822,59.176698,59.999631,55.051019,62831751
2012-04-10,60.447579,60.588797,59.190768,59.505443,54.598487,63873272
2012-04-11,59.447842,59.651867,58.552155,59.614896,54.699814,47326240
2012-04-12,60.023188,60.272729,59.985877,60.013123,55.066112,61627355
2012-04-13,60.575338,61.764151,60.353077,60.72843,55.723371,59185573
2012-04-16,60.345546,62.693479,60.258241,61.221959,56.178993,62424217
2012-04-17,60.920076,60.961395,60.016512,60.876098,55.862539,128726602
2012-04-18,60.760915,61.177816,60.185249,60.225405,55.266342,50471732
2012-04-19,60.377225,61.469315,60.083386,61.289508,56.243749,64190267
2012-04-20,61.244096,62.706649,61.072324,61.571246,56.503221,82860970
2012-04-23,61.33367,62.026602,61.053741,61.889268,56.797865,117797400
2012-04-24,61.633598,62.424297,61.402802,62.177833,57.063628,123993990
2012-04-25,62.513068,62.784867,61.855771,61.903879,56.813141,88366951
2012-04-26,62.073917,62.428761,60.497217,60.97641,55.962862,51190496
2012-04-27,60.883306,61.390811,60.441637,60.806716,55.808038,28790807
2012-04-30,60.570247,62.125768,60.050265,61.632216,56.568464,68452016
2012-05-01,61.519112,62.350456,61.149213,61.412581,56.367801,113795997
2012-05-02,61.265656,61.326258,60.719471,60.892046,55.890943,34845721
2012-05-03,60.656563,61.203192,59.904152,60.255855,55.307912,47467134
2012-05-04,60.094912,61.428362,60.010499,61.287104,56.255404,78389223
2012-05-07,61.267651,61.857033,61.072924,61.501341,56.454833,67069621
2012-05-08,61.647452,61.717397,61.192182,61.657333,56.598955,111520394
2012-05-09,61.235027,62.012208,60.914394,61.7818,56.714143,58967373
2012-05-10,62.128557,62.426744,60.093765,60.161361,55.227527,74975563
2012-05-11,59.822801,61.121511,59.45965,60.940918,55.944072,37873358
2012-05-14,60.165237,61.016773,60.072442,60.977896,55.980777,78960385
2012-05-15,60.970869,61.042055,60.271553,60.575302,55.612089,64442948
2012-05-16,60.407134,62.242159,60.36467,62.01896,56.938396,65464353
2012-05-17,61.754982,62.987069,61.629979,62.356218,57.248966,73754593
2012-05-18,62.839217,63.125938,62.343869,62.599648,57.473403,80867190
2012-05-21,62.708739,63.696166,62.572239,63.484373,58.288551,72648104
2012-05-22,64.672444,64.97226,61.278824,61.60898,56.567577,76437843
2012-05-23,60.932738,61.872734,60.375616,61.682872,56.636353,92316635
2012-05-24,61.36117,63.509921,60.999449,63.171986,58.004589,107849838
2012-05-25,63.430055,63.981766,62.888605,63.731454,58.519255,72338179
2012-05-29,63.622958,64.15421,63.59214,64.108646,58.869467,118859770
2012-05-30,64.232341,65.590709,64.158455,65.382913,60.040582,90912994
2012-05-31,65.001696,66.000024,64.725414,65.735277,60.365147,49800186
2012-06-01,65.926089,65.954225,65.594316,65.756473,60.385603,57242803
2012-06-04,66.110641,66.571952,65.24287,65.440488,60.098389,75789768
2012-06-05,64.948829,65.106049,63.906232,64.196401,58.956829,75279657
2012-06-06,64.132527,64.78686,62.99282,63.15847,58.004565,40205591
2012-06-07,62.90857,64.776178,62.392454,64.40803,59.153129,51670914
2012-06-08,64.760077,65.274533,63.805811,64.133967,58.902393,98535864
2012-06-11,63.898921,64.504387,63.103187,64.250139,59.011997,64452611
2012-06-12,63.622675,63.795672,63.473558,63.639549,58.452147,80892161
2012-06-13,63.412878,65.310717,63.111311,64.510508,59.253086,68140349
2012-06-14,64.748139,65.462706,62.844408,63.180271,58.032212,60659015
2012-06-15,63.347778,63.761132,61.941609,62.015919,56.96367,110912548
2012-06-18,62.009595,62.289491,60.61426,61.603897,56.588003,78993677
2012-06-19,61.019838,61.349846,60.43958,60.943206,55.982026,75606499
2012-06-20,60.778124,61.056303,60.712855,60.802313,55.85352,47523751
2012-06-21,60.612008,61.141437,60.044292,60.515644,55.591097,68351839
2012-06-22,60.878034,61.377396,60.835506,60.948567,55.98971,70880422
2012-06-25,61.044804,61.244665,59.932575,60.185334,55.291299,112132809
2012-06-26,60.202339,61.316835,59.849291,61.009151,56.049047,72941422
2012-06-27,61.093654,62.898414,61.060677,62.693477,57.597383,77729080
2012-06-28,63.561299,63.892816,62.084726,62.336508,57.27037,48244728
2012-06-29,62.191542,63.964656,62.096836,63.647218,58.475518,78959750
2012-07-02,63.322046,65.641542,62.510663,65.488014,60.169704,76625973
2012-07-03,65.552698,66.769552,64.359508,64.811037,59.548684,50555836
2012-07-05,63.443327,66.185788,60.555558,65.51061,60.193432,61593051
2012-07-06,65.538906,67.654377,65.431493,66.5157,61.117948,75557297
2012-07-09,66.573411,66.752862,65.153203,65.687574,60.359999,123531472
2012-07-10,65.728814,67.3469,64.49948,66.3572,60.976316,49905113
2012-07-11,66.188067,66.408152,65.537142,65.8415,60.503429,168707007
2012-07-12,67.032923,67.910097,66.863883,67.350751,61.891334,41148208
2012-07-13,67.436718,68.015109,64.907937,65.802814,60.469866,60795826
2012-07-16,65.865509,66.416584,63.817331,64.145235,58.949529,104649920
2012-07-17,64.168633,65.103718,62.805926,63.662652,58.506996,89060590
2012-07-18,63.898523,64.092819,62.163468,62.988942,57.888797,64487631
2012-07-19,63.069691,63.848326,61.005464,61.404707,56.433763,66222921
2012-07-20,61.395673,61.450322,58.504298,59.2902,54.491328,107095729
2012-07-23,59.494615,59.842853,58.031938,58.398859,53.674776,81426091
2012-07-24,58.634381,58.780764,56.883571,57.862578,53.18275,111245968
2012-07-25,57.825459,58.456649,57.009456,57.69997,53.034165,58287365
2012-07-26,57.495784,58.175897,57.441976,57.799762,53.12676,42555526
2012-07-27,57.382056,57.853642,56.267344,56.549571,51.978499,51884086
2012-07-30,56.055248,56.737006,54.149188,54.427239,50.030187,68504748
2012-07-31,54.376367,54.57548,53.879561,54.309861,49.923111,63179652
2012-08-01,54.352431,54.604045,53.747775,54.5084,50.106437,86196695
2012-08-02,55.138605,55.660652,54.077002,55.3436,50.875024,56742654
2012-08-03,54.994188,56.588633,54.163733,56.304364,51.759064,86291994
2012-08-06,56.098223,57.892821,55.712357,56.144932,51.615046,34303826
2012-08-07,55.98029,56.300265,55.129591,55.680621,51.189037,86558014
2012-08-08,56.305648,56.444853,53.937543,54.323363,49.942085,52220723
2012-08-09,54.10082,54.637068,53.840803,54.548661,50.150036,65961820
2012-08-10,53.739534,54.749371,53.692949,54.659021,50.252323,66025231
2012-08-13,55.134797,55.308728,51.509014,51.645093,47.483722,93133611
2012-08-14,52.523425,53.466098,50.567526,51.579648,47.42433,82731809
2012-08-15,51.052472,51.279519,50.857845,51.169695,47.048176,39289319
2012-08-16,51.404602,51.897001,51.320723,51.772279,47.603007,57731840
2012-08-17,51.762639,52.26011,51.200318,51.424737,47.284229,47016471
2012-08-20,51.467796,52.128517,49.863003,49.938891,45.92028,92436989
2012-08-21,49.858858,50.182124,46.417661,47.574008,43.746419,114458235
2012-08-22,47.257597,47.448335,46.568675,46.840595,43.072721,86304042
2012-08-23,47.183801,47.721576,46.856656,47.18981,43.394558,82924066
2012-08-24,47.549659,47.58191,45.69763,46.095743,42.389178,40798385
2012-08-27,46.098348,46.656234,45.961336,46.463595,42.729557,60781880
2012-08-28,46.58894,46.678292,46.172037,46.385968,42.658868,81174719
2012-08-29,46.649023,46.833673,45.892781,46.256194,42.540221,66205250
2012-08-30,46.220887,47.532595,45.762155,47.266105,43.469715,71247692
2012-08-31,47.017285,47.04475,46.509349,46.690487,42.941036,88634347
2012-09-04,46.596966,46.8464,46.4716,46.700692,42.953243,49135903
2012-09-05,47.129298,47.808989,46.773731,47.07195,43.295422,57108360
2012-09-06,47.292332,48.309685,46.863092,48.080018,44.22334,58103977
2012-09-07,47.83644,48.916185,47.817244,48.421851,44.538485,62381864
2012-09-10,48.594719,48.993149,47.887744,48.768596,44.859632,105198831
2012-09-11,48.804037,50.638092,48.555435,50.182602,46.161059,85273762
2012-09-12,49.883691,52.559839,49.776886,52.326814,48.134229,146768612
2012-09-13,52.613609,53.87631,52.500059,53.4326,49.152223,70561089
2012-09-14,53.371208,53.774122,52.84328,53.571759,49.281043,67829606
2012-09-17,53.61862,54.673948,53.569039,54.603412,50.232544,64429598
2012-09-18,54.642771,55.413612,53.316626,53.588467,49.299653,95556490
2012-09-19,53.673553,54.352206,53.301264,53.381412,49.109975,51126434
2012-09-20,53.037088,53.481453,52.597229,53.229253,48.970796,107163724
2012-09-21,53.043843,54.480389,52.893624,53.746032,49.447045,55385472
2012-09-24,53.747609,55.987297,53.609003,55.615201,51.169226,94378852
2012-09-25,56.081416,56.840491,55.487203,55.670113,51.220589,52161336
2012-09-26,56.066225,56.417258,53.938672,54.3201,49.9793,66804447
2012-09-27,54.940157,56.205008,54.198249,54.302001,49.963468,72376218
2012-09-28,54.169606,56.864535,53.993499,56.451103,51.941717,157471403
2012-10-01,56.127395,57.978141,55.621171,57.264346,52.692593,85434689
2012-10-02,58.133278,59.276554,57.57186,58.839162,54.142573,63212958
2012-10-03,58.957361,59.860851,58.687917,59.731426,54.964518,90797710
2012-10-04,59.499469,59.735886,59.087964,59.600991,54.845394,35761118
2012-10-05,59.543116,63.052353,59.089104,61.963819,57.020626,51908778
2012-10-08,62.207468,62.338854,61.189176,61.499611,56.59624,63010070
2012-10-09,61.428295,61.939537,60.141211,60.230474,55.429202,89800823
2012-10-10,60.960247,61.440997,59.454312,59.590096,54.840773,90716729
2012-10-11,59.920716,60.055029,59.540967,59.611274,54.861164,49435331
2012-10-12,59.375416,61.103615,58.440572,60.937425,56.082563,74184105
2012-10-15,61.337225,61.658113,60.331373,60.501478,55.684091,53683847
2012-10-16,60.984935,61.137132,60.45118,60.671385,55.841387,71915178
2012-10-17,60.232845,60.760892,59.929697,60.353845,55.550038,59232408
2012-10-18,59.965188,61.138468,59.544532,60.337833,55.536213,58857931
2012-10-19,60.046866,60.485834,57.765572,58.401733,53.755069,74558950
2012-10-22,58.75651,59.158228,58.381804,58.796148,54.12077,75181850
2012-10-23,58.902824,59.456803,58.487035,58.882195,54.200864,81932600
2012-10-24,59.276695,61.502518,58.59824,60.601022,55.783956,108748259
2012-10-25,60.710387,60.966019,60.35854,60.504214,55.695757,79454739
2012-10-26,60.877584,61.214953,59.235638,59.722019,54.976629,68069550
2012-10-29,60.076634,60.62237,59.894267,60.236732,55.453177,108410204
2012-10-30,60.831531,61.032334,59.630934,60.243267,55.460104,67277743
2012-10-31,60.158048,60.365882,59.90708,60.020983,55.256377,92559367
2012-11-01,59.683765,61.536177,59.219283,60.657159,55.842969,92837042
2012-11-02,60.489281,60.561139,60.445026,60.483085,55.683625,97760356
2012-11-05,60.467694,60.860164,58.14281,58.355933,53.727915,95220357
2012-11-06,58.250048,58.33197,58.120117,58.175814,53.56296,66379430
2012-11-07,58.414146,59.366565,58.202874,59.289249,54.589006,98837940
2012-11-08,59.241969,59.473905,58.517054,59.041574,54.361858,71822467
2012-11-09,58.804527,59.071754,58.126784,58.162391,53.553241,51559116
2012-11-12,58.450858,58.855736,57.909968,57.941006,53.352029,130391677
2012-11-13,57.912853,58.940092,57.622447,58.622543,53.980474,42619320
2012-11-14,58.447675,58.825666,57.625074,58.17004,53.564683,110264859
2012-11-15,57.68644,59.572764,57.255858,59.257607,54.567043,78012723
2012-11-16,58.988625,61.312633,58.554919,60.784684,55.974163,88546109
2012-11-19,60.811831,60.897711,58.517961,58.848954,54.194298,90203583
2012-11-20,59.403951,59.654026,58.753337,58.938596,54.277742,87132679
2012-11-21,58.236631,59.087338,57.598737,58.589118,53.956787,81386027
2012-11-23,58.459807,59.655861,58.034229,58.989641,54.327427,48023270
2012-11-26,58.764289,58.834237,58.317399,58.722014,54.083617,87958010
2012-11-27,58.835888,59.15793,58.162584,59.084933,54.418763,46579218
2012-11-28,58.844778,60.135598,58.42467,59.822695,55.099167,82940633
2012-11-29,59.911352,61.222253,59.657685,61.140019,56.313401,52600520
2012-11-30,61.158065,61.784628,61.110243,61.235752,56.402503,81755569
2012-12-03,61.536151,61.681781,60.358556,60.433407,55.66623,98349261
2012-12-04,60.363254,60.561547,59.59,60.081433,55.34293,83838795
2012-12-05,59.918299,62.13611,59.662131,61.618325,56.759542,96140801
2012-12-06,62.05273,62.215075,61.031718,61.783666,56.91278,81786833
2012-12-07,61.808162,64.232996,61.40838,63.699438,58.678481,88642033
2012-12-10,63.429655,65.885356,63.148737,65.224397,60.0862,76804037
2012-12-11,64.622169,68.349158,64.209094,67.649126,62.320939,73982271
2012-12-12,67.55507,68.758857,67.025184,68.612801,63.209752,60793131
2012-12-13,69.11058,70.169294,68.921312,69.644168,64.160956,122880099
2012-12-14,69.455404,71.089066,69.287277,70.956655,65.371182,61199022
2012-12-17,70.585699,72.476182,69.948948,71.470151,65.847502,72420251
2012-12-18,71.820687,72.049417,69.179427,69.826655,64.334359,96241664
2012-12-19,69.318626,69.585297,67.632346,68.142051,62.783291,72801314
2012-12-20,67.280869,68.483931,66.784388,68.347506,62.973623,144115946
2012-12-21,69.100476,70.133691,66.357693,66.575513,61.341962,72840790
2012-12-24,66.316776,66.978292,64.376181,64.79486,59.70423,51804516
2012-12-26,64.672042,65.209202,63.869818,63.979837,58.955177,72639963
2012-12-27,64.180366,64.223782,62.343869,62.789889,57.859631,58095720
2012-12-28,62.420607,63.23814,60.774132,62.12528,57.248148,80390668
2012-12-31,62.642574,63.137475,61.554784,61.587079,56.754995,48317477
2013-01-02,61.396078,63.207673,61.256916,62.670903,57.75568,49370988
2013-01-03,62.435327,63.422825,60.344424,60.710743,55.950174,121536630
2013-01-04,60.248094,63.088361,60.178166,62.897532,57.966439,107005189
2013-01-07,62.831817,65.332631,62.408922,64.672821,59.605486,92330525
2013-01-08,65.112378,65.647,64.101838,64.930602,59.844051,63706845
2013-01-09,65.400402,66.414591,63.265213,63.7526,58.759297,39294705
2013-01-10,63.945035,64.256001,63.273402,63.637097,58.653804,55044591
2013-01-11,64.727708,64.926911,63.043125,63.159923,58.214954,58705777
2013-01-14,62.979502,63.650816,59.894556,61.003548,56.230178,72868710
2013-01-15,61.395036,62.93005,61.017295,62.532846,57.640759,57628404
2013-01-16,62.846319,63.274081,59.982528,60.205977,55.496838,87481287
2013-01-17,60.912222,61.667084,60.177594,61.105606,56.327026,66891923
2013-01-18,60.706878,60.990139,60.445424,60.941987,56.177125,64980160
2013-01-22,61.522228,61.972999,60.95212,61.450339,56.649453,67525149
2013-01-23,61.267664,62.897548,61.103163,62.185746,57.328347,56462965
2013-01-24,61.328342,61.911449,61.19864,61.390161,56.595836,51184136
2013-01-25,62.108508,62.329495,61.246648,61.356074,56.56534,76273332
2013-01-28,61.346026,61.653541,57.627079,57.881284,53.364494,78819751
2013-01-29,58.341499,58.619375,57.674207,58.163816,53.62586,85082509
2013-01-30,57.703171,59.912659,57.456733,59.758653,55.097172,78355370
2013-01-31,59.125889,59.385815,58.41428,59.262795,54.640892,78012105
2013-02-01,59.235146,61.207177,59.028021,60.990144,56.234448,95808744
2013-02-04,60.735967,63.775916,60.276176,63.484612,58.537295,82687374
2013-02-05,63.681786,64.857634,63.552666,64.142314,59.144715,55256064
2013-02-06,63.54474,64.91154,62.225199,64.821388,59.771861,61466067
2013-02-07,64.8455,65.523758,64.56312,64.917074,59.861076,76262430
2013-02-08,64.415761,65.288982,63.840472,64.831714,59.783346,50260776
2013-02-11,65.458171,65.753282,64.758956,65.713346,60.599313,87324113
2013-02-12,65.778066,67.287717,65.129548,66.978028,61.766588,67929534
2013-02-13,66.042199,66.990437,65.802783,66.895275,61.691287,50055731
2013-02-14,66.799026,67.645627,66.717032,67.087504,61.869579,80339266
2013-02-15,67.21355,68.048178,66.09292,66.198886,61.051078,72359364
2013-02-19,65.838323,66.03961,64.093015,64.340297,59.340917,48410786
2013-02-20,64.796778,64.955775,63.789966,64.08702,59.108292,60869189
2013-02-21,63.822681,64.808852,63.448454,64.365255,59.365886,70222700
2013-02-22,64.149444,64.250588,62.718516,63.111301,58.210286,94985586
2013-02-25,62.590115,63.068211,61.701445,62.184056,57.357874,59695416
2013-02-26,62.028621,64.641936,61.648605,63.875895,58.919376,81603174
2013-02-27,63.955944,65.200544,63.633655,64.899519,59.864554,43161611
2013-02-28,64.684489,65.235302,63.761105,64.095308,59.123705,66295362
2013-03-01,64.180936,64.545622,62.580467,63.43475,58.515345,82743600
2013-03-04,62.976499,64.595955,62.944632,63.878866,58.927924,77674947
2013-03-05,63.692208,64.507116,62.729826,62.805078,57.938312,74871929
2013-03-06,62.547802,64.486117,62.17984,63.731819,58.794205,39223931
2013-03-07,63.553183,63.72868,63.010172,63.35673,58.449136,67176667
2013-03-08,63.22125,64.414842,62.324869,64.292196,59.313115,86905360
2013-03-11,64.081931,66.208136,63.448477,65.95776,60.852689,54358672
2013-03-12,65.234201,65.964196,63.696413,64.072771,59.114568,56619413
2013-03-13,64.12322,64.657763,63.369984,64.548363,59.554335,83032876
2013-03-14,63.986275,65.119324,63.901634,64.501418,59.512,64218205
2013-03-15,65.275696,65.917672,62.691298,63.298773,58.403343,87152536
2013-03-18,63.635615,64.393778,63.305624,63.949149,59.006328,57412654
2013-03-19,63.762414,64.983435,63.473358,64.039266,59.09045,52697576
2013-03-20,63.999486,64.63627,63.382634,63.448871,58.546642,65209389
2013-03-21,63.064362,63.274377,62.720506,62.902718,58.043639,65407188
2013-03-22,62.713602,63.27078,62.380745,62.516037,57.687776,53705234
2013-03-25,62.594669,63.891397,62.342905,63.371718,58.480253,63852615
2013-03-26,63.074325,63.669856,61.874278,62.544513,57.717845,79602517
2013-03-27,61.970873,63.533883,61.65322,63.024795,58.162019,74960040
2013-03-28,62.818658,64.208834,62.409691,63.936816,59.00464,56853893
2013-04-01,64.013774,65.677564,63.683517,65.312458,60.278123,64628063
2013-04-02,64.885275,65.407882,64.598586,65.192916,60.168785,53894673
2013-04-03,65.271675,65.361719,65.117637,65.180784,60.158575,68205830
2013-04-04,64.996417,66.650265,64.610846,66.428577,61.311233,87828105
2013-04-05,66.465058,66.702667,64.888339,65.481944,60.438517,83894060
2013-04-08,65.170118,66.017484,63.802409,64.045485,59.115607,69254709
2013-04-09,64.638237,65.932499,64.187031,65.589983,60.542212,64680141
2013-04-10,65.826174,67.256379,65.707493,66.441022,61.328763,81229284
2013-04-11,66.108536,67.305672,65.696978,66.549899,61.430272,89374905
2013-04-12,66.453334,67.0216,66.23894,66.473474,61.360734,43840562
2013-04-15,66.413867,68.110002,65.714731,67.9259,62.704539,70643762
2013-04-16,68.093281,68.291949,67.077571,67.58788,62.393527,38652856
2013-04-17,67.641288,68.173396,66.461578,67.01502,61.865709,79922694
2013-04-18,67.495321,68.209894,65.845158,66.007955,60.937026,88452488
2013-04-19,65.727807,67.982341,65.38721,67.637463,62.442376,50955579
2013-04-22,68.035621,69.51941,67.898503,69.338263,64.015696,60322248
2013-04-23,69.392004,69.776358,67.912317,68.222815,62.986907,127170232
2013-04-24,67.779388,69.87195,67.391123,69.546806,64.21034,116532630
2013-04-25,69.395957,71.092308,69.239887,70.894182,65.455405,76903535
2013-04-26,71.675317,71.829062,68.995534,70.031111,64.659608,110133857
2013-04-29,69.388086,70.604566,69.142333,70.28447,64.896732,53443170
2013-04-30,70.23869,70.64075,69.343842,70.017897,64.651656,70937702
2013-05-01,69.948599,72.528385,69.873535,71.192018,65.736871,83538329
2013-05-02,71.610843,72.19306,71.1569,71.682266,66.190641,52841641
2013-05-03,71.162563,71.443021,70.944376,71.069498,65.625895,74167003
2013-05-06,71.790149,72.04555,68.86082,69.061742,63.775067,104035918
2013-05-07,68.51971,68.99353,68.46293,68.69618,63.438531,46655654
2013-05-08,69.89067,70.443264,68.158616,68.452182,63.214245,48744794
2013-05-09,68.581878,70.126155,68.159222,69.994392,64.639508,57319851
2013-05-10,70.169642,71.116367,68.733391,68.889203,63.619916,91221548
2013-05-13,68.994444,70.061061,68.351511,69.661935,64.336713,72545066
2013-05-14,69.93906,72.751467,69.636331,72.226543,66.706368,92400773
2013-05-15,72.753611,73.81412,71.468704,71.757622,66.274375,84902723
2013-05-16,71.64466,72.121318,70.278376,70.42859,65.047967,48885149
2013-05-17,70.952232,71.079246,69.964389,70.261743,64.894933,96774436
2013-05-20,69.753704,71.076417,69.359277,70.962466,65.545362,85934678
2013-05-21,70.806184,71.455704,70.43999,71.004876,65.585613,81120579
2013-05-22,70.800081,71.361979,70.165684,70.922907,65.510976,71548259
2013-05-23,71.190773,72.834399,71.129662,72.598714,67.060008,83160962
2013-05-24,73.296995,73.433394,71.969732,72.170367,66.665436,66718735
2013-05-28,72.352134,72.591618,71.973706,72.24155,66.735574,59526541
2013-05-29,72.55778,73.195765,71.0024,71.589103,66.133941,42656517
2013-05-30,71.865414,71.936708,70.332738,70.588326,65.210495,87829076
2013-05-31,70.718726,70.769262,70.099844,70.370898,65.0107,59259761
2013-06-03,70.641116,71.241534,70.269949,70.322598,64.96928,63709089
2013-06-04,70.481575,70.66926,69.327115,70.320514,64.968422,93133190
2013-06-05,70.475683,70.983194,69.648846,70.413004,65.054942,53887744
2013-06-06,70.773175,70.978725,69.449813,69.72725,64.422428,90327805
2013-06-07,70.360529,71.166335,69.484375,69.559272,64.268286,72257687
2013-06-10,70.115523,70.283405,67.513813,67.837393,62.68047,72789277
2013-06-11,67.192455,67.773,66.879649,67.639586,62.498727,62541857
2013-06-12,67.197396,70.648016,66.453564,69.838078,64.531184,78263176
2013-06-13,70.373314,71.186681,69.136617,70.105243,64.779113,62575897
2013-06-14,70.4909,71.460474,69.358592,69.666919,64.375147,66327107
2013-06-17,69.402914,70.103246,66.783462,67.298547,62.189737,93795860
2013-06-18,67.486294,68.266023,67.140551,67.26283,62.157752,60957537
2013-06-19,66.805657,66.868268,66.172333,66.536938,61.487963,45038328
2013-06-20,66.218764,66.55113,65.634299,65.993286,60.986567,58836714
2013-06-21,65.889818,66.615205,64.67129,64.892225,59.970026,73693600
2013-06-24,64.812281,65.539359,63.69892,63.73347,58.902067,51904643
2013-06-25,63.666713,64.378569,63.262284,64.068164,59.212362,66186088
2013-06-26,63.795121,65.21669,63.385683,65.010607,60.084363,85637838
2013-06-27,65.008352,65.394231,63.465361,63.795096,58.961926,106215117
2013-06-28,63.104507,63.931862,62.715053,62.810268,58.052664,87934979
2013-07-01,62.637083,62.768739,61.340588,61.778655,57.102005,46297375
2013-07-02,61.480895,61.684116,60.519555,61.106258,56.481437,38175450
2013-07-03,61.246038,62.881218,60.965094,62.752825,58.004336,92113727
2013-07-05,62.863127,64.367755,62.790871,63.804174,58.978067,93236894
2013-07-08,64.474938,64.583177,63.331712,63.777216,58.956054,56559608
2013-07-09,63.940844,64.614404,63.849183,64.199941,59.347798,57895291
2013-07-10,63.971115,66.877361,63.842944,66.26248,61.255459,81208467
2013-07-11,66.311089,66.435426,64.813886,65.571319,60.617521,90979276
2013-07-12,65.591493,66.766942,65.185273,66.61287,61.581396,95713275
2013-07-15,66.153989,66.308467,65.855987,66.20836,61.210457,62717546
2013-07-16,66.900653,67.046706,65.375799,65.464996,60.524201,150925612
2013-07-17,65.349776,65.586846,64.667156,64.77285,59.885277,68168493
2013-07-18,64.845672,65.571164,64.791459,65.312719,60.385401,58841094
2013-07-19,65.189812,66.507665,65.019277,65.945065,60.971043,69758769
2013-07-22,65.769811,66.092433,64.284106,64.583441,59.715065,62067204
2013-07-23,64.32036,65.347665,64.132469,65.270453,60.35128,71509021
2013-07-24,65.786129,66.844556,65.135445,65.346557,60.422641,82203635
2013-07-25,65.22029,65.292979,64.884478,65.004549,60.107391,54667673
2013-07-26,64.718789,65.044624,62.420577,63.106465,58.353259,107881530
2013-07-29,63.022099,64.888448,62.482191,64.51479,59.658449,129896517
2013-07-30,64.948392,65.039595,63.146884,63.329925,58.563736,64735148
2013-07-31,63.363087,64.115152,62.728024,63.829637,59.026809,72509147
2013-08-01,63.803066,64.132779,63.476845,63.568056,58.785877,84617010
2013-08-02,63.427211,65.007836,63.121223,63.861654,59.058357,43760666
2013-08-05,63.552312,63.742919,63.376136,63.711738,58.922621,82904035
2013-08-06,63.562496,64.322883,63.315333,63.726092,58.936865,68703614
2013-08-07,63.670123,65.289648,63.601392,64.914994,60.037402,43387150
2013-08-08,65.159478,67.141915,64.812029,67.09668,62.05618,64069689
2013-08-09,66.624642,68.335967,66.534134,67.84636,62.750573,127162103
2013-08-12,67.67152,69.129617,67.597635,68.212328,63.092163,54192376
2013-08-13,68.070815,69.773557,68.038667,68.680647,63.526372,82580835
2013-08-14,68.299571,70.186941,68.270528,69.523059,64.306621,60236711
2013-08-15,69.401286,70.661875,69.292268,69.81892,64.581343,57728776
2013-08-16,70.190953,70.319049,69.319041,69.497255,64.284865,76026595
2013-08-19,70.118405,70.594693,69.154492,69.196839,64.010134,57688701
2013-08-20,68.782095,69.074032,68.175546,68.559657,63.421755,47095033
2013-08-21,68.693026,70.397995,67.951018,70.071937,64.821769,70778752
2013-08-22,70.539217,71.288908,69.002,69.777474,64.550429,117572275
2013-08-23,68.847542,69.57559,68.389026,69.295314,64.105441,75257500
2013-08-26,69.023535,69.265606,67.899684,68.381935,63.263587,34460369
2013-08-27,68.18353,69.319513,68.046565,68.973748,63.812151,31769068
2013-08-28,69.127875,69.568305,66.581413,66.710854,61.719613,59045717
2013-08-29,67.047924,67.484781,64.97089,65.194904,60.318075,68606052
2013-08-30,65.741271,65.833375,64.87744,65.41689,60.524451,58061020
2013-09-03,65.526201,66.546365,65.44631,66.055356,61.119182,52699817
2013-09-04,66.069857,66.739716,65.506996,65.841002,60.921847,88697321
2013-09-05,65.595718,65.77402,64.485889,64.650539,59.82131,54843434
2013-09-06,64.726065,67.395069,64.576184,67.339993,62.310891,60658416
2013-09-09,67.262631,67.302658,66.696703,66.796732,61.811249,68731980
2013-09-10,66.459208,67.986617,66.419609,67.183963,62.1706,88565244
2013-09-11,66.98067,68.74765,66.844269,68.080993,63.001727,81616240
2013-09-12,67.831823,69.019029,67.401896,68.731354,63.604611,90401684
2013-09-13,68.722007,69.366978,67.974172,68.144144,63.062238,59537170
2013-09-16,67.856906,69.121897,67.741426,69.079563,63.931048,60578470
2013-09-17,69.272601,69.432927,68.497624,68.862067,63.730809,56658720
2013-09-18,69.220943,69.324505,67.881939,68.127824,63.052314,59249076
2013-09-19,68.17976,69.298947,67.839908,69.179325,64.02653,61851112
2013-09-20,69.019136,69.918149,68.695568,69.09826,63.952553,75662832
2013-09-23,69.49425,70.272544,67.374035,67.873748,62.822326,54186983
2013-09-24,67.433135,68.681758,67.030054,68.324408,63.240485,57885064
2013-09-25,68.25471,68.483185,67.90544,67.983388,62.925873,80123524
2013-09-26,67.634549,68.994226,67.209062,68.913147,63.787512,50487116
2013-09-27,68.87689,69.634799,68.741696,69.586955,64.412262,74458780
2013-09-30,69.803905,70.803067,69.762734,70.154844,64.941122,53848117
2013-10-01,70.178379,71.131689,69.738125,70.86538,65.59993,66592311
2013-10-02,70.784763,71.582926,70.651282,71.066642,65.787319,83403676
2013-10-03,71.025356,71.953041,69.896198,70.49685,65.260927,92549683
2013-10-04,70.251826,70.590766,69.974879,70.222,65.007558,68455206
2013-10-07,70.252921,71.545518,70.114809,70.962975,65.696748,83597313
2013-10-08,70.8201,70.897505,70.12246,70.525221,65.292553,76086063
2013-10-09,70.612246,71.758971,70.315968,70.89131,65.632558,64844933
2013-10-10,70.827063,71.817298,70.69191,71.564022,66.256456,58439107
2013-10-11,71.278268,72.111347,70.453473,71.988702,66.650735,51527263
2013-10-14,71.774158,72.926183,71.236839,72.594816,67.215218,77518596
2013-10-15,72.652563,74.182076,72.493329,73.448406,68.00667,85358737
2013-10-16,73.375418,74.865346,73.333489,74.351414,68.843906,59169919
2013-10-17,74.802869,74.985567,74.051587,74.508576,68.990559,68870672
2013-10-18,75.13908,75.170037,74.722788,74.816561,69.276874,74875759
2013-10-21,74.773316,75.31962,74.345175,75.130668,69.571151,71130111
2013-10-22,74.994495,75.774399,72.93245,74.295426,68.798846,102135862
2013-10-23,74.263671,75.738309,73.858999,74.961129,69.416438,181632655
2013-10-24,75.205656,77.762498,75.141096,77.364564,71.643275,50785768
2013-10-25,77.256895,77.753261,75.63647,75.670387,70.075536,62702621
2013-10-28,74.834144,75.487382,74.55156,75.142126,69.589763,105063493
2013-10-29,75.177008,76.349218,75.057454,76.169502,70.542384,60314108
2013-10-30,76.618575,76.649959,75.439004,76.410134,70.766401,94103129
2013-10-31,76.26516,77.224016,76.055524,77.152036,71.454679,78134583
2013-11-01,76.994667,77.730922,76.213401,76.721833,71.057412,108014576
2013-11-04,77.257673,77.641764,76.514589,77.31317,71.608619,95665927
2013-11-05,77.446284,79.081991,77.275645,78.577824,72.781157,68425297
2013-11-06,78.535384,78.569512,78.159791,78.493649,72.704385,56050344
2013-11-07,79.181064,79.648084,73.769213,75.32159,69.767426,114677654
2013-11-08,75.899922,76.317172,73.765141,73.990077,68.535223,124973340
2013-11-11,74.855342,77.118051,73.750169,74.08789,68.629208,73381840
2013-11-12,72.919253,74.803439,72.549683,74.459927,68.974967,58215775
2013-11-13,75.38217,75.600084,74.167933,74.6268,69.130683,70194436
2013-11-14,74.005008,78.662131,72.386696,77.969406,72.228299,83316456
2013-11-15,78.214524,78.702349,76.717503,77.121098,71.443628,86031224
2013-11-18,76.435226,77.6123,75.184479,76.262204,70.651445,74570934
2013-11-19,75.369053,76.411284,74.832322,75.564525,70.006245,58067851
2013-11-20,74.931396,75.829924,71.369809,72.742581,67.392982,79596824
2013-11-21,72.142391,74.023206,72.066236,73.816354,68.388911,87579995
2013-11-22,73.798326,74.435723,73.475249,74.039011,68.596324,69835717
2013-11-25,72.944753,75.075111,70.262594,74.483824,69.01184,79577106
2013-11-26,73.840141,81.537691,72.813913,80.647853,74.724253,67740594
2013-11-27,82.020711,86.77396,79.707576,85.231435,78.972467,58220823
2013-11-29,85.964102,87.986528,83.766314,87.55871,81.131504,68053942
2013-12-02,85.990864,89.194989,83.919406,87.396543,80.985232,68826762
2013-12-03,86.27578,88.140624,84.01491,85.844818,79.548647,53604612
2013-12-04,86.011558,87.759834,79.257785,83.677347,77.54142,85047353
2013-12-05,83.235557,85.053,82.625557,84.08911,77.924268,63231135
2013-12-06,85.083311,85.18178,78.735719,80.207458,74.328414,75682604
2013-12-09,81.161372,83.49851,78.075935,82.705106,76.646766,84033742
2013-12-10,83.959453,85.138874,79.907566,80.732606,74.819985,36934441
2013-12-11,79.327184,82.763302,77.859774,82.476256,76.437191,53376448
2013-12-12,81.980375,83.172809,78.640955,79.122263,73.329988,69477107
2013-12-13,80.012861,81.934295,79.465092,81.364951,75.409736,67345497
2013-12-16,80.588179,81.329543,73.739618,75.036155,69.547581,171247056
2013-12-17,74.507143,79.055284,72.499216,78.077488,72.367642,54951723
2013-12-18,78.056044,78.781438,76.33285,76.649601,71.045344,140712025
2013-12-19,75.556824,76.177202,71.088682,72.838622,67.514115,111796400
2013-12-20,71.174251,74.230776,70.694388,73.422906,68.056806,87080860
2013-12-23,73.001049,73.189419,71.416988,72.213545,66.939129,65416932
2013-12-24,72.325815,78.557687,72.208923,77.285227,71.641557,86879083
2013-12-26,77.230973,78.998055,73.565934,74.123209,68.712699,86222163
2013-12-27,70.939116,80.635473,68.421441,79.090589,73.318697,122749525
2013-12-30,77.944991,79.890816,70.560088,73.978601,68.583153,70245737
2013-12-31,75.26387,75.558165,72.443758,72.796064,67.48797,40729054
2014-01-02,72.00325,72.095278,68.019057,69.953926,64.855204,76900303
2014-01-03,68.35832,73.275413,66.379918,71.421188,66.216609,81524986
2014-01-06,71.478496,72.078495,68.367913,69.922228,64.830076,44912196
2014-01-07,68.370589,73.925927,67.20667,73.435399,68.088516,90370457
2014-01-08,73.91188,74.334149,65.299218,66.174554,61.357346,126763506
2014-01-09,65.80242,67.656618,62.131301,63.698526,59.062532,92570027
2014-01-10,64.24719,65.714733,64.139051,64.211292,59.538956,59200629
2014-01-13,63.663366,65.775457,62.148666,65.148537,60.41098,53690020
2014-01-14,65.488947,67.051571,63.818955,65.017092,60.290084,127008458
2014-01-15,63.750324,64.282434,61.639533,62.482843,57.941037,154882770
2014-01-16,61.658,63.207859,60.994528,62.346143,57.815223,57377482
2014-01-17,62.334246,66.4857,62.060487,64.797994,60.089876,137827242
2014-01-21,63.859193,65.451027,62.937075,64.615609,59.92468,37626257
2014-01-22,62.785526,64.23151,61.536158,61.933834,57.438539,98060506
2014-01-23,60.866589,61.502928,56.749525,56.917227,52.786915,118240351
2014-01-24,57.372625,59.466239,55.194722,58.555593,54.307282,71076188
2014-01-27,58.599996,58.817053,55.228498,55.918693,51.86425,89718721
2014-01-28,55.629835,57.238427,52.519926,52.648909,48.832348,38381469
2014-01-29,52.430974,55.652806,51.538301,55.329371,51.319343,65576359
2014-01-30,56.643939,58.28414,55.617603,55.781022,51.739111,121363301
2014-01-31,55.240005,58.162353,54.923526,57.773082,53.587706,80300936
2014-02-03,57.147889,57.936529,54.556516,55.954711,51.903624,92760095
2014-02-04,56.002115,57.633837,54.108128,55.943209,51.893808,57266972
2014-02-05,55.138191,58.201674,54.856451,57.102372,52.969936,79503036
2014-02-06,55.811176,56.094528,53.400772,55.137065,51.147696,113534333
2014-02-07,54.208021,54.34849,53.662314,53.922727,50.022042,59202707
2014-02-10,53.87505,54.167189,53.118095,53.931708,50.032839,38929524
2014-02-11,53.840599,54.138415,51.346917,51.906791,48.155099,114013552
2014-02-12,52.422163,52.869778,48.204537,49.15087,45.599119,42278599
2014-02-13,50.194971,50.301439,49.607364,49.690525,46.100534,56582751
2014-02-14,49.986496,50.2452,46.817702,47.178619,43.770825,88587161
2014-02-18,47.570939,47.767776,46.402953,46.606873,43.243218,86626239
2014-02-19,47.24288,48.650265,44.824011,45.186774,41.926297,41436149
2014-02-20,45.156795,47.253252,44.841392,46.712955,43.343069,134481634
2014-02-21,46.63075,47.932829,46.565445,47.047362,43.654069,62621156
2014-02-24,47.291055,47.872489,45.537987,45.958945,42.646255,72686891
2014-02-25,46.024449,47.586529,45.451358,46.970992,43.586071,84067277
2014-02-26,46.341166,46.563407,45.154412,46.460642,43.113207,57920208
2014-02-27,46.852857,47.849546,45.979706,46.129484,42.806611,56956569
2014-02-28,45.85428,46.718757,45.240702,46.199456,42.872247,44723020
2014-03-03,46.059273,47.990693,46.027882,47.94968,44.498615,76488366
2014-03-04,47.934601,49.940642,47.127355,49.380022,45.826765,89532017
2014-03-05,49.943408,52.132717,48.41892,51.971554,48.232609,124198172
2014-03-06,51.620725,52.279523,51.180382,51.465758,47.763986,106694992
2014-03-07,50.154168,52.52264,50.035438,52.459214,48.686786,48997900
2014-03-10,51.49218,51.623141,50.912718,51.053085,47.384109,69135850
2014-03-11,50.933483,51.196051,50.746153,51.102877,47.431101,75703920
2014-03-12,51.232158,53.172472,48.672117,48.739955,45.2387,62931960
2014-03-13,48.079236,49.42405,47.523518,49.091052,45.565325,40014928
2014-03-14,50.304147,50.461305,47.425716,47.652548,44.230861,44807019
2014-03-17,47.39519,48.020274,45.453835,46.229386,42.912003,88545833
2014-03-18,47.156132,47.609848,46.900327,47.590579,44.176244,82721465
2014-03-19,46.992268,48.218055,46.351555,47.172984,43.789329,40593418
2014-03-20,47.294333,47.763663,47.078851,47.667963,44.24953,84430008
2014-03-21,47.320192,48.117847,46.473731,47.320872,43.928052,52137078
2014-03-24,47.276117,47.977664,45.1403,46.167594,42.859574,49530582
2014-03-25,46.665771,46.700115,45.165858,45.450687,42.194728,46809231
2014-03-26,45.50937,46.071324,43.583244,44.61086,41.415745,52075336
2014-03-27,44.861762,47.710272,44.450508,45.990807,42.697558,118185296
2014-03-28,45.654161,46.64101,44.965419,46.382342,43.061764,47563565
2014-03-31,46.343964,46.757998,45.980725,46.10081,42.802497,77600115
2014-04-01,45.986438,46.395572,45.950656,46.372565,43.055516,62040617
2014-04-02,46.208674,46.759703,45.994764,46.655645,43.319059,71241685
2014-04-03,46.900907,47.525718,46.229667,46.754443,43.411505,59234879
2014-04-04,46.512226,46.969112,46.377879,46.481721,43.158991,52815614
2014-04-07,46.435958,46.812423,44.941309,45.093138,41.871734,69158050
2014-04-08,44.723055,45.4099,44.04113,45.268251,42.035027,56813377
2014-04-09,45.566014,47.0835,45.362335,45.550889,42.298173,75137427
2014-04-10,45.624387,46.238162,44.261345,44.411895,41.241191,73702156
2014-04-11,44.542067,44.847719,44.240903,44.638899,41.452669,64994228
2014-04-14,44.325965,46.282614,43.981119,45.278799,42.048966,64620240
2014-04-15,45.581642,47.774126,44.681007,46.100598,42.812848,55937678
2014-04-16,46.58073,46.645968,45.793188,45.921652,42.647364,58669811
2014-04-17,45.571935,45.921539,44.507922,45.236192,42.011469,51760616
2014-04-21,45.379712,46.278128,44.668512,45.671013,42.41808,76454783
2014-04-22,45.722529,46.277918,44.665608,44.825119,41.633119,76465091
2014-04-23,44.668589,47.040977,43.933136,46.451044,43.143971,82252832
2014-04-24,46.61997,46.845475,45.916226,46.45649,43.149737,66142659
2014-04-25,46.940888,46.970106,43.46197,44.831841,41.641415,62633425
2014-04-28,44.642645,46.635194,44.105868,45.507884,42.271431,51880400
2014-04-29,45.728344,46.323353,43.421651,44.173602,41.032715,89082856
2014-04-30,44.080617,44.492723,42.951796,43.453862,40.364814,79971225
2014-05-01,43.441447,43.464847,42.523547,42.811879,39.769122,122089131
2014-05-02,42.461356,42.883693,40.345165,41.114817,38.193302,45037379
2014-05-05,41.646928,42.004369,40.268527,40.306686,37.444439,67155569
2014-05-06,39.733422,41.189947,39.052297,41.006034,38.094751,45190168
2014-05-07,40.824275,43.190974,40.559483,42.83011,39.789978,83202546
2014-05-08,42.71829,43.015917,41.912875,42.32614,39.322426,51561038
2014-05-09,42.2563,42.486313,41.736339,42.271702,39.272497,55398529
2014-05-12,42.426178,43.217009,42.110686,42.898076,39.856394,53867850
2014-05-13,43.051882,44.292762,42.340769,44.24948,41.112651,69133018
2014-05-14,44.393828,45.20631,43.6147,45.088454,41.892839,84362544
2014-05-15,45.065528,45.955785,45.039538,45.91737,42.663707,51315148
2014-05-16,45.937702,47.630237,45.707947,47.465873,44.103209,58733872
2014-05-19,47.057004,47.499273,47.007903,47.327906,43.977184,52020981
2014-05-20,47.137645,48.457791,46.951631,47.931754,44.539012,67591645
2014-05-21,47.662632,48.865382,47.387656,48.766266,45.3152,53695748
2014-05-22,48.384078,49.02069,48.011308,48.912449,45.451784,88454531
2014-05-23,49.052259,50.661614,48.478989,50.476764,46.90619,70314772
2014-05-27,50.696051,51.377995,50.026334,50.808826,47.217866,50369963
2014-05-28,51.11199,51.544518,50.939652,51.199032,47.581276,92864065
2014-05-29,51.397538,52.752882,50.927956,52.46242,48.756192,82708955
2014-05-30,52.665948,53.260386,51.160934,51.258224,47.63785,78984520
2014-06-02,51.378245,51.9813,50.907805,51.310317,47.688613,70573229
2014-06-03,50.95801,51.470056,49.458231,49.841476,46.324211,100959327
2014-06-04,50.089445,50.870926,49.164487,49.824163,46.30888,64131180
2014-06-05,49.900262,50.294755,49.441685,49.649554,46.147348,56674992
2014-06-06,49.807142,49.940712,49.253922,49.377684,45.89541,76341236
2014-06-09,49.267104,51.316946,48.727808,50.782719,47.203683,77853905
2014-06-10,50.572514,51.016491,49.444537,49.580287,46.086753,76587362
2014-06-11,49.609271,49.876232,49.143008,49.171403,45.707431,63267753
2014-06-12,49.331814,49.602794,48.630319,48.733476,45.301098,118184935
2014-06-13,48.599556,49.072708,48.372861,48.888215,45.445686,71661960
2014-06-16,48.850365,49.477978,48.58189,49.195444,45.733534,61845215
2014-06-17,49.143336,49.676958,48.928284,49.573491,46.085735,60382104
2014-06-18,50.015888,50.786313,49.667466,50.682286,47.117294,53736406
2014-06-19,51.241078,51.949127,50.913918,51.87876,48.2304,109506780
2014-06-20,51.713806,52.910576,51.577052,52.719616,49.012928,104010182
2014-06-23,53.075267,53.332721,51.014332,51.255707,47.654295,49570214
2014-06-24,51.367204,51.46337,49.740594,49.916234,46.4097,63459898
2014-06-25,50.270918,52.381324,50.238525,51.753727,48.118903,71009576
2014-06-26,51.848023,52.205166,50.769652,51.029294,47.446128,77693694
2014-06-27,50.106574,53.428225,50.058033,52.772059,49.067327,76153950
2014-06-30,52.634942,52.712082,50.425044,51.274152,47.676925,84914365
2014-07-01,51.413632,51.703453,50.744068,51.512786,47.899605,70409840
2014-07-02,51.615772,52.65308,51.166711,52.098264,48.444813,56123134
2014-07-03,52.202421,52.94129,50.854153,51.202672,47.612807,70281837
2014-07-07,50.744991,50.813454,50.131689,50.447533,46.913694,82595168
2014-07-08,50.340061,50.706642,48.740792,49.018394,45.585415,63761775
2014-07-09,48.749024,48.844682,47.129036,47.540311,44.211575,70461588
2014-07-10,47.60796,47.774757,45.857757,46.646913,43.381444,69641318
2014-07-11,46.676104,47.372835,46.556538,47.245059,43.938439,59948447
2014-07-14,47.667772,48.262242,45.114487,45.383098,42.208875,125892740
2014-07-15,45.20032,46.303151,41.67474,42.788083,39.796016,119046573
2014-07-16,42.191278,42.913976,41.746726,42.450408,39.482603,127954715
2014-07-17,42.296403,43.379377,42.065072,42.84109,39.846626,46926383
2014-07-18,43.005038,43.454014,42.331554,42.552908,39.579237,48779002
2014-07-21,42.799955,43.765937,42.686932,42.941986,39.943094,75514324
2014-07-22,42.878646,44.100584,41.98885,43.695827,40.644958,54734952
2014-07-23,43.522211,43.750898,42.537801,42.719435,39.737391,110232527
2014-07-24,42.504199,43.637024,42.271138,43.413225,40.383414,56828695
2014-07-25,43.416345,43.761211,42.976874,43.11977,40.111098,84775030
2014-07-28,43.161434,43.232055,42.496814,42.793632,39.809678,54088041
2014-07-29,43.220241,43.248527,42.457149,42.680169,39.704779,55105404
2014-07-30,43.479456,44.08373,41.260823,41.746252,38.836606,62394301
2014-07-31,42.112463,42.156334,41.247155,41.549921,38.654594,75203334
2014-08-01,41.806932,42.500088,40.990103,41.052666,38.192617,42251194
2014-08-04,40.888418,41.291126,39.802959,40.356879,37.547154,53662238
2014-08-05,40.462685,42.507442,40.441686,41.785627,38.877069,85507465
2014-08-06,41.734463,42.73741,41.603923,42.550168,39.589043,43276150
2014-08-07,42.585273,42.695856,41.47715,41.660335,38.761771,63118669
2014-08-08,41.864393,42.128947,41.202196,41.242461,38.373602,88743329
2014-08-11,41.395393,41.728369,41.194418,41.45464,38.572922,61196584
2014-08-12,41.434638,41.687532,41.083355,41.528036,38.641851,77120943
2014-08-13,41.617493,41.785677,41.119692,41.391208,38.515165,63074557
2014-08-14,40.957839,41.599888,40.442126,41.317665,38.447364,71845671
2014-08-15,41.454124,41.599924,40.97427,41.215237,38.352682,45681327
2014-08-18,40.968565,41.113816,40.351282,40.612367,37.793546,81771610
2014-08-19,40.666596,40.779086,39.956411,40.40385,37.600119,43734483
2014-08-20,40.210322,41.466323,40.023326,41.312326,38.446185,44953741
2014-08-21,41.62368,41.925157,41.527809,41.722335,38.828387,59712259
2014-08-22,41.633488,41.960178,41.086638,41.547563,38.666372,58122802
2014-08-25,41.411707,42.677121,41.333392,42.635005,39.680359,101613939
2014-08-26,42.507606,42.579317,41.46846,41.640595,38.7555,105975090
2014-08-27,41.320164,43.171568,41.168754,42.615752,39.663744,53614700
2014-08-28,42.602385,42.98477,42.452738,42.683731,39.727666,87522423
2014-08-29,42.682932,42.828373,41.735969,41.838078,38.941219,49276506
2014-09-02,41.637584,43.717226,41.489242,42.815661,39.853733,54625609
2014-09-03,41.893539,43.8799,41.016676,43.71863,40.694904,68406968
2014-09-04,43.837584,44.357117,42.472941,42.801283,39.841658,81529271
2014-09-05,42.583541,43.629969,42.481682,43.45819,40.453806,56857296
2014-09-08,43.438145,43.558165,42.328254,42.589673,39.647286,63790494
2014-09-09,42.321969,42.968794,42.190627,42.641224,39.695927,86535002
2014-09-10,42.665115,43.274806,42.191726,42.795606,39.8403,69121371
2014-09-11,42.858142,43.507094,42.691536,43.243684,40.258096,55613969
2014-09-12,42.968606,43.143851,41.655001,42.099537,39.193587,59805999
2014-09-15,42.480342,43.784507,42.22056,43.283959,40.298239,71071165
2014-09-16,43.406501,43.689293,43.348575,43.653719,40.643161,53271875
2014-09-17,43.153832,44.724563,42.585136,44.561851,41.489346,95108071
2014-09-18,44.628953,44.805934,44.139276,44.443223,41.379576,62781551
2014-09-19,44.602827,46.151329,44.56551,45.823367,42.665283,75468278
2014-09-22,45.803742,45.92459,44.432295,44.504639,41.439482,85402932
2014-09-23,44.333733,44.800617,43.999323,44.680095,41.603537,53761011
2014-09-24,44.415028,44.854167,44.050154,44.526418,41.461123,49414362
2014-09-25,44.743303,45.121474,44.621202,45.058627,41.957383,50685930
2014-09-26,45.044575,45.363679,44.385163,44.611135,41.541373,137008758
2014-09-29,44.767948,45.387868,43.866744,44.251726,41.208726,51389444
2014-09-30,44.052577,45.332788,43.754378,44.796361,41.716594,59728744
2014-10-01,44.62526,44.657732,44.1208,44.259031,41.216882,141253109
2014-10-02,44.42477,44.549123,43.529295,43.673114,40.671907,147996385
2014-10-03,44.016971,44.212385,43.959996,44.011292,40.987518,94537802
2014-10-06,44.020715,45.495801,43.725476,45.209499,42.105478,68016506
2014-10-07,44.93803,45.345207,44.593312,45.05129,41.958821,118623431
2014-10-08,45.222032,46.155936,44.543684,46.112249,42.947658,106565346
2014-10-09,46.332636,46.441139,46.04161,46.186941,43.01793,54744665
2014-10-10,45.970795,46.491281,45.653258,46.208623,43.038832,58055178
2014-10-13,46.232356,47.667469,46.066651,47.106633,43.877403,58780772
2014-10-14,47.13323,48.043751,46.995106,47.40513,44.156163,66471114
2014-10-15,47.331687,47.891166,46.632954,47.003947,43.783195,60954943
2014-10-16,47.351509,47.780765,46.966344,47.293406,44.053543,88255079
2014-10-17,47.257975,48.196511,46.850911,48.094085,44.800107,78180594
2014-10-20,48.114272,48.285279,47.5704,47.782524,44.512078,92121065
2014-10-21,47.990935,48.217624,46.916115,47.657049,44.395921,56443678
2014-10-22,47.355237,47.485175,46.849127,47.279455,44.044889,49706921
2014-10-23,47.435759,47.659712,46.384274,46.511414,43.330105,44390080
2014-10-24,46.404327,48.195947,45.972771,47.777436,44.510263,63623529
2014-10-27,47.949741,48.170456,47.436765,48.070456,44.785453,60366948
2014-10-28,48.357093,48.537445,46.563808,47.247455,44.019416,77957766
2014-10-29,47.295141,47.422164,47.042359,47.255722,44.027842,63354884
2014-10-30,47.264466,47.633865,46.327371,46.572444,43.39195,112084242
2014-10-31,46.612731,47.158087,46.106897,46.282631,43.122636,55019379
2014-11-03,46.453155,46.797095,45.863844,46.020753,42.880752,71382370
2014-11-04,46.021579,46.066233,45.433353,45.577824,42.468741,83439281
2014-11-05,45.829791,46.024565,43.732954,43.928562,40.932655,86796617
2014-11-06,44.218918,44.605386,43.801388,43.828986,40.840542,64749116
2014-11-07,43.769923,45.655768,43.649653,45.299468,42.211453,115325213
2014-11-10,45.358648,45.411834,43.921962,44.533488,41.499735,85594986
2014-11-11,44.19431,45.348751,44.126415,45.064885,41.995621,55120651
2014-11-12,45.132109,45.511228,44.462373,44.893139,41.836259,76289279
2014-11-13,45.059765,45.312425,43.748168,44.049787,41.051007,70338799
2014-11-14,44.01329,44.575452,43.737435,43.937025,40.946594,74675611
2014-11-17,44.024781,44.200695,43.601636,43.709459,40.736525,112762969
2014-11-18,43.536324,44.582355,43.470554,44.219488,41.212541,61869109
2014-11-19,44.25613,45.28251,44.176544,44.726057,41.685347,43035982
2014-11-20,44.584977,44.777185,43.921398,43.992683,41.002506,61992655
2014-11-21,44.259578,44.365236,43.509435,43.555122,40.595352,44598442
2014-11-24,43.50441,44.293943,43.369282,44.05347,41.061859,64495645
2014-11-25,44.20036,44.287955,43.909694,44.261876,41.25679,70290603
2014-11-26,44.56123,44.579354,44.235163,44.324693,41.316022,67670145
2014-11-28,44.26302,44.299588,44.182647,44.238444,41.236982,60333059
2014-12-01,44.135196,44.538059,43.619685,44.262999,41.261903,32440383
2014-12-02,44.262862,44.351148,43.698823,44.023268,41.039101,63810225
2014-12-03,44.509888,44.949012,44.299696,44.705127,41.675424,47400544
2014-12-04,44.594642,44.82313,44.050769,44.669172,41.64259,29807342
2014-12-05,44.701709,44.777916,43.666933,43.748598,40.78506,88897927
2014-12-08,44.288077,44.395233,43.898858,44.101366,41.115957,99080726
2014-12-09,44.204009,44.284847,42.514429,42.997371,40.087355,63011442
2014-12-10,43.242267,43.583916,41.657777,41.715732,38.893095,96100092
2014-12-11,41.376781,42.873624,40.840729,42.485865,39.611768,130331811
2014-12-12,42.364792,42.916426,42.054839,42.639535,39.755696,89068504
2014-12-15,42.600242,43.077304,40.562276,40.741752,37.988137,58908507
2014-12-16,40.62055,41.176839,40.195402,40.757684,38.003617,34300473
2014-12-17,40.353795,41.122903,40.099443,40.877307,38.115784,64122060
2014-12-18,40.704943,40.887585,39.280865,40.027995,37.324461,48140220
2014-12-19,40.317855,41.359483,37.708535,38.015788,35.448742,39294179
2014-12-22,37.860757,38.430106,36.925326,37.037697,34.5384,101345844
2014-12-23,37.131562,38.753544,36.927798,38.39908,35.808506,98358517
2014-12-24,38.673758,39.050607,37.343935,37.529372,34.998047,80265962
2014-12-26,37.086959,37.50277,37.001826,37.406868,34.884952,77706124
2014-12-29,37.312646,37.387616,36.404698,36.703815,34.230984,57812407
2014-12-30,36.181011,36.251184,35.341862,35.862386,33.446794,106928814
2014-12-31,36.324161,37.071179,35.490597,37.039694,34.545369,159617329
2015-01-02,37.141841,37.399856,36.371224,36.940299,34.4538,127513954
2015-01-05,36.534228,37.008716,35.759891,35.829995,33.419879,59736659
2015-01-06,35.650667,35.990752,35.510239,35.928584,33.512386,76235968
2015-01-07,35.807594,37.121199,35.404976,36.600885,34.140036,38302520
2015-01-08,36.680118,38.289705,36.428246,37.662272,35.130639,73746863
2015-01-09,37.494468,37.775281,36.96527,37.380421,34.868306,37081680
2015-01-12,37.66964,38.218111,37.386358,38.163746,35.600743,93740798
2015-01-13,37.870248,37.945872,37.073836,37.475046,34.958869,75811561
2015-01-14,37.546952,37.78136,36.146179,36.490488,34.040976,82366642
2015-01-15,36.654947,36.760836,36.004396,36.404572,33.961385,60611229
2015-01-16,36.462108,37.356769,35.734991,36.119134,33.695657,74341543
2015-01-20,36.281994,36.368987,33.71245,34.378282,32.073718,94463109
2015-01-21,34.254604,34.80735,33.632221,33.944416,31.669457,60898313
2015-01-22,33.786538,35.146527,33.650662,34.682348,32.358464,53770452
2015-01-23,34.646558,35.218751,33.130096,33.361696,31.126813,82470428
2015-01-26,33.635899,34.065849,32.841751,33.908938,31.638955,46368692
2015-01-27,33.92497,34.915796,33.234107,33.520779,31.277294,71977616
2015-01-28,33.441257,33.937199,33.181496,33.908863,31.639925,78479865
2015-01-29,33.362199,35.036094,32.989569,34.627666,32.311161,72412769
2015-01-30,35.128089,35.321774,34.844575,34.939018,32.60222,61617964
2015-02-02,34.845529,35.481439,34.569605,35.380041,33.015373,81481221
2015-02-03,35.422073,35.614294,34.94527,35.44098,33.072783,45801696
2015-02-04,35.319801,35.745711,34.069367,34.956435,32.621151,157194526
2015-02-05,35.176925,35.367365,34.884882,34.948382,32.614172,112605153
2015-02-06,35.000972,35.205186,34.656945,34.8547,32.527281,93747884
2015-02-09,35.268313,35.679595,34.689763,35.011347,32.675078,87062130
2015-02-10,34.869531,34.985482,34.412062,34.462662,32.163535,55216813
2015-02-11,34.170973,34.588138,33.117805,33.420553,31.191461,84486481
2015-02-12,33.281191,34.582047,33.228057,34.166482,31.888162,83381495
2015-02-13,34.330413,35.195401,34.112357,34.943538,32.613937,92501027
2015-02-17,35.071681,35.178167,33.79333,33.925663,31.666002,58817515
2015-02-18,33.870001,34.114194,33.810398,33.844467,31.590733,58649587
2015-02-19,33.477028,34.504504,32.965898,34.376944,32.088279,65407039
2015-02-20,33.868221,35.098658,33.82221,34.594745,32.292111,53795552
2015-02-23,34.719629,35.239148,34.504086,35.122203,32.786076,66413037
2015-02-24,35.00996,35.02594,34.223427,34.603497,32.302402,59993168
2015-02-25,34.932226,35.044915,34.57869,34.983166,32.65736,58385104
2015-02-26,35.126177,35.379822,34.740642,35.057487,32.727278,113748771
2015-02-27,34.878618,34.964021,34.180932,34.612913,32.312784,73167599
2015-03-02,34.390401,35.150009,34.260239,35.022705,32.696956,72520253
2015-03-03,34.97848,35.017156,34.2371,34.506454,32.215517,48778849
2015-03-04,34.855708,35.460104,34.833269,35.151882,32.818633,72553113
2015-03-05,35.21526,35.815193,35.078008,35.711212,33.341384,63959472
2015-03-06,35.622219,35.848567,35.349422,35.469868,33.1166,48798135
2015-03-09,35.518385,36.030279,35.290445,35.911521,33.530604,41060924
2015-03-10,36.279131,36.417481,35.664117,35.853566,33.477042,38652724
2015-03-11,35.907569,36.270124,35.810504,35.888504,33.510214,65159076
2015-03-12,36.341121,36.385115,35.228327,35.543031,33.188181,53643560
2015-03-13,35.474638,35.74618,34.307809,34.701304,32.402753,75956644
2015-03-16,34.593578,34.765015,34.107049,34.359112,32.084809,74923930
2015-03-17,34.460601,34.690911,34.186914,34.435523,32.15669,63966660
2015-03-18,34.817366,35.020923,33.158376,33.340912,31.135028,114981013
2015-03-19,33.513123,34.010923,32.920595,33.179398,30.984708,50645446
2015-03-20,33.455762,34.196098,33.096041,33.795629,31.560697,63992067
2015-03-23,34.194022,34.600291,33.958799,34.353942,32.083669,42179546
2015-03-24,34.599714,34.636835,34.383398,34.597578,32.311735,75202418
2015-03-25,34.613262,34.656864,34.323608,34.51211,32.232444,116049690
2015-03-26,34.328108,35.36627,34.262451,35.140889,32.820229,108727456
2015-03-27,34.966394,35.084358,34.656809,34.728145,32.435275,45944067
2015-03-30,34.707372,34.868904,34.649503,34.813377,32.516482,74664173
2015-03-31,34.768183,34.967782,34.208178,34.830835,32.533323,99100007
2015-04-01,34.643366,34.810492,34.554895,34.757102,32.464986,84069573
2015-04-02,34.779962,34.862452,33.914991,34.331102,32.067606,97025204
2015-04-06,34.315963,35.551837,34.204264,35.383298,33.052601,65250241
2015-04-07,35.544536,35.669114,34.204877,34.277184,32.019873,110291261
2015-04-08,34.070784,34.714755,33.687379,34.317527,32.058086,79842073
2015-04-09,34.170894,34.435745,33.558479,33.763149,31.540725,100917498
2015-04-10,33.788467,34.16428,33.330657,33.946003,31.712064,71845847
2015-04-13,33.940358,34.017005,33.418731,33.671955,31.457602,114343762
2015-04-14,33.69558,33.849126,33.497659,33.612347,31.40243,89296612
2015-04-15,33.701005,33.861314,33.261155,33.359748,31.16695,57800540
2015-04-16,33.228774,33.442431,32.813618,33.168121,30.988428,53716028
2015-04-17,32.935749,33.007622,32.420808,32.70841,30.559429,96211931
2015-04-20,32.618414,32.980653,32.409105,32.664717,30.520111,68172667
2015-04-21,32.606665,33.487686,32.427381,33.116039,30.94231,93299407
2015-04-22,33.192671,33.232368,32.965881,33.05908,30.889597,61748406
2015-04-23,32.92407,33.544754,32.908466,33.383297,31.19305,53652297
2015-04-24,33.564837,33.762994,32.875628,32.896094,30.738317,40335936
2015-04-27,32.703733,33.163618,32.343696,33.059389,30.892423,46534192
2015-04-28,32.816268,33.205667,32.748909,33.074284,30.90685,80864121
2015-04-29,33.175693,33.777959,32.957299,33.51898,31.322918,108107651
2015-04-30,33.646274,34.567612,33.557201,34.327188,32.078701,68007679
2015-05-01,34.385066,34.52494,33.832153,33.953732,31.730229,97176318
2015-05-04,33.81793,33.883526,33.699647,33.731138,31.523765,124657288
2015-05-05,33.825112,34.656412,33.703691,34.352895,32.105362,65864151
2015-05-06,34.580567,34.646709,33.53421,33.809923,31.598432,100896001
2015-05-07,33.921724,34.009604,33.211139,33.628705,31.429585,112320792
2015-05-08,33.383008,34.522868,33.351568,34.224011,31.986486,62648375
2015-05-11,34.227022,34.978802,34.136513,34.560624,32.302684,54815607
2015-05-12,34.685095,34.751327,33.717439,34.052207,31.828006,111791700
2015-05-13,34.005411,34.992607,33.825508,34.423356,32.175441,71263562
2015-05-14,34.204278,34.720908,34.061278,34.317379,32.076912,91707547
2015-05-15,34.246468,34.719328,34.121945,34.554544,32.299124,87445835
2015-05-18,34.727316,34.801473,34.34362,34.504533,32.253966,60179185
2015-05-19,34.392761,34.528598,34.184987,34.394979,32.152086,64666175
2015-05-20,34.436757,34.644927,34.349493,34.5328,32.28145,95954038
2015-05-21,34.687778,34.805984,34.19484,34.248652,32.016353,44414172
2015-05-22,34.505201,35.177315,34.453546,35.123112,32.834355,71733106
2015-05-26,35.394705,35.834621,35.182411,35.682991,33.359943,41712957
2015-05-27,35.79464,35.963988,34.705628,35.303992,33.00616,64665911
2015-05-28,35.483195,35.786411,34.746098,35.25939,32.965002,35020521
2015-05-29,35.412054,35.81268,34.64993,34.999351,32.722422,97261452
2015-06-01,34.911594,35.034868,34.667294,34.881923,32.61424,65517909
2015-06-02,34.794635,35.918962,34.478628,35.540933,33.230954,55580918
2015-06-03,35.496605,36.299788,35.2664,35.908093,33.574802,97570672
2015-06-04,36.031934,36.451912,35.898055,35.92709,33.593116,56505479
2015-06-05,35.91082,36.04336,35.268666,35.44394,33.141898,64450159
2015-06-08,35.814396,36.063067,35.071633,35.253417,32.965374,65264215
2015-06-09,35.405744,35.647769,34.973387,35.132476,32.852822,89737249
2015-06-10,35.291227,35.450092,34.773845,34.832104,32.572476,84994240
2015-06-11,34.990559,35.263335,34.645961,34.731744,32.47916,77459804
2015-06-12,34.848847,35.173192,34.734777,35.105732,32.829432,91006681
2015-06-15,35.454753,35.572816,34.261398,34.470645,32.237113,82872787
2015-06-16,34.921922,35.01622,34.245641,34.338479,32.114038,114371034
2015-06-17,34.440291,34.63955,34.111209,34.309756,32.087702,98428374
2015-06-18,34.063305,35.104551,33.750486,34.972019,32.707612,95594021
2015-06-19,35.027942,35.461987,34.818528,35.409136,33.11697,59560218
2015-06-22,35.508337,36.158579,35.36274,35.99803,33.669402,63082087
2015-06-23,35.789045,36.376242,35.615514,36.321155,33.972183,121199415
2015-06-24,36.269812,36.518607,36.091658,36.275623,33.930153,73027726
2015-06-25,36.124206,36.522708,36.056464,36.425107,34.070531,110935938
2015-06-26,36.506021,37.579295,36.473957,37.453051,35.032603,73117442
2015-06-29,37.452826,37.620812,37.141567,37.19103,34.78923,38973288
2015-06-30,37.491264,37.551461,36.554388,36.737361,34.365423,66020286
2015-07-01,36.74345,36.850574,36.025905,36.047362,33.720528,91061906
2015-07-02,35.931704,36.847721,35.363278,36.239287,33.900621,71648059
2015-07-06,36.256395,36.348212,35.477286,35.600286,33.305046,69445595
2015-07-07,35.329157,35.383088,34.879862,34.997205,32.741385,135988746
2015-07-08,35.028146,35.192751,34.820379,34.920336,32.670007,33693602
2015-07-09,34.825722,35.12723,33.733943,33.805017,31.627081,97950561
2015-07-10,33.809269,34.015256,33.460834,33.88487,31.70231,73836927
2015-07-13,33.970583,34.782139,33.89101,34.459139,32.241178,106257201
2015-07-14,34.48928,34.919803,34.376162,34.644033,32.414705,58133412
2015-07-15,34.95619,35.077643,34.270413,34.628894,32.401072,97384895
2015-07-16,34.810493,35.413941,34.155029,34.271459,32.067159,76320723
2015-07-17,34.15033,34.384762,34.021045,34.051839,31.862188,54493332
2015-07-20,34.101955,34.166124,33.311564,33.648734,31.486556,59519398
2015-07-21,33.37671,34.54114,33.308969,34.478821,32.263833,64238832
2015-07-22,34.439976,35.067349,34.150937,34.394291,32.185263,51322700
2015-07-23,34.492325,34.985083,34.305461,34.918673,32.676502,93875948
2015-07-24,34.657849,35.06006,34.400135,34.530741,32.31401,47190918
2015-07-27,34.478561,34.887216,34.458728,34.547332,32.33113,34970392
2015-07-28,34.572521,34.741353,34.228282,34.602735,32.383511,45998474
2015-07-29,34.408209,34.587538,33.862544,33.963014,31.78534,80074700
2015-07-30,33.768437,33.968391,33.173801,33.212549,31.083504,44115927
2015-07-31,33.041919,33.504642,32.756246,33.328439,31.192478,65652214
2015-08-03,33.477243,33.642034,33.203305,33.497918,31.35264,62862226
2015-08-04,33.422196,33.930129,33.122541,33.785949,31.622745,63863476
2015-08-05,33.680705,34.046094,32.979316,33.14075,31.019365,105491530
2015-08-06,33.225663,33.46802,33.147112,33.222528,31.09642,71941331
2015-08-07,33.141579,33.742298,32.8118,33.460865,31.320018,76756828
2015-08-10,33.439671,33.879774,32.792423,33.367953,31.23459,50250018
2015-08-11,33.107477,34.115375,33.092556,33.980184,31.808201,76907433
2015-08-12,34.07214,34.413295,33.41139,33.660072,31.509068,54554959
2015-08-13,33.798378,34.663991,33.386874,34.302072,32.110569,71110796
2015-08-14,34.30193,34.66353,33.84462,33.890399,31.725718,66291382
2015-08-17,34.109872,34.41701,33.753524,34.154546,31.974569,65560158
2015-08-18,34.436325,35.326157,34.046638,34.556079,32.351005,70502069
2015-08-19,34.22572,34.529326,33.929084,34.038449,31.866929,78113868
2015-08-20,34.143285,35.56551,34.064931,35.495679,33.23174,72557568
2015-08-21,35.715204,35.878823,35.211435,35.851468,33.565388,85622582
2015-08-24,35.595952,36.666919,35.47555,36.345936,34.030002,65808086
2015-08-25,36.261579,36.782752,36.228636,36.614147,34.281686,72075018
2015-08-26,36.685291,36.722685,36.026401,36.467943,34.145357,39110371
2015-08-27,36.315143,36.403599,35.694359,36.057298,33.76142,94677397
2015-08-28,36.119215,36.346781,35.491732,35.659234,33.38925,88360479
2015-08-31,35.744841,36.772994,35.320168,36.257354,33.950969,61370959
2015-09-01,36.09338,36.493907,35.832604,35.964057,33.676882,65668849
2015-09-02,36.2516,36.345381,35.967575,36.119564,33.823055,79490260
2015-09-03,36.223325,37.744489,36.122364,37.345866,34.971962,79635343
2015-09-04,37.516711,37.8019,36.505987,36.795977,34.457593,65097626
2015-09-08,36.71838,36.747665,35.7779,35.935029,33.653569,134997049
2015-09-09,35.998651,36.250908,34.483385,35.32616,33.0839,89414310
2015-09-10,35.794491,36.011637,34.709038,34.833828,32.623354,100992884
2015-09-11,34.989734,35.152235,34.894917,34.934464,32.718141,35451139
2015-09-14,34.75502,35.550633,34.264825,35.053508,32.83125,82087238
2015-09-15,34.912297,35.585593,34.703273,35.232946,32.999855,85267334
2015-09-16,35.293805,35.408033,35.128413,35.322029,33.083835,98786624
2015-09-17,35.518657,35.799463,35.118217,35.312125,33.075103,83498390
2015-09-18,35.530383,35.87011,34.750647,35.264133,33.030694,86335587
2015-09-21,35.181022,36.822658,35.109583,36.776755,34.449212,65535015
2015-09-22,37.318603,37.781143,37.223365,37.277586,34.918919,70383613
2015-09-23,37.439071,37.502685,36.572148,36.87879,34.545924,72539401
2015-09-24,37.175924,37.531303,35.606747,35.632382,33.378909,46957079
2015-09-25,35.623552,35.879597,35.041534,35.214312,32.98782,46309524
2015-09-28,34.949118,35.02596,34.816792,34.84456,32.643056,64895632
2015-09-29,34.889921,35.514404,34.66968,35.166651,32.945338,46919895
2015-09-30,35.028992,35.179487,33.801142,34.424446,32.250545,138371098
2015-10-01,34.131687,34.281191,34.084675,34.257041,32.094238,44342617
2015-10-02,34.368794,34.656929,33.205914,33.489358,31.375538,62609838
2015-10-05,33.346868,34.250448,32.870561,33.96155,31.819494,38099355
2015-10-06,34.376692,34.738392,32.967927,33.330996,31.229223,75409743
2015-10-07,33.271596,33.300548,32.389793,32.496121,30.447493,63333328
2015-10-08,32.605687,33.824956,32.476616,33.692971,31.56941,109267275
2015-10-09,33.533834,33.6592,33.508324,33.538145,31.424859,103227953
2015-10-12,33.727109,33.858891,33.248948,33.357928,31.257537,85491951
2015-10-13,33.532078,33.85007,33.389599,33.756738,31.631756,53021115
2015-10-14,33.550003,34.221025,33.460008,34.07408,31.929646,84563033
2015-10-15,34.171045,35.390207,34.052781,35.079585,32.87241,73805731
2015-10-16,35.744381,35.759574,35.25089,35.504058,33.270722,81965469
2015-10-19,35.213197,35.702498,35.064502,35.322428,33.102149,68945446
2015-10-20,35.133099,35.2422,35.015467,35.167154,32.957176,88276707
2015-10-21,35.543773,35.890122,35.339147,35.366561,33.144596,99264318
2015-10-22,35.229238,36.502328,34.995962,36.136077,33.866322,55852475
2015-10-23,36.416969,37.158077,36.239542,36.781291,34.471576,66040919
2015-10-26,36.644934,37.742807,36.625971,37.487357,35.135036,75899084
2015-10-27,37.558228,38.022292,36.377911,36.569741,34.275563,130225100
2015-10-28,36.60813,36.713823,36.396853,36.637587,34.339717,33553993
2015-10-29,36.693577,37.325319,36.023487,36.406055,34.123267,98608164
2015-10-30,36.288609,36.425723,35.516407,35.771517,33.529067,71731652
2015-11-02,35.623164,36.170126,35.339037,35.862405,33.615914,74471667
2015-11-03,36.144481,36.299307,35.90598,35.957958,33.706035,53368363
2015-11-04,35.866122,37.157158,35.676612,36.961081,34.646905,52725066
2015-11-05,37.01107,37.11029,35.30694,35.62109,33.391361,90250234
2015-11-06,35.56235,35.582936,35.128561,35.532382,33.308753,54495489
2015-11-09,35.802761,35.847139,35.153066,35.27411,33.068273,59048627
2015-11-10,35.108867,35.902828,34.676081,35.555423,33.332543,51253935
2015-11-11,35.588181,36.109954,35.527188,35.813394,33.574937,71267759
2015-11-12,35.820631,36.739751,35.708733,36.481105,34.201475,86903192
2015-11-13,36.633359,37.454674,36.393493,37.342733,35.009837,73483914
2015-11-16,37.318043,37.601845,36.218135,36.394692,34.122704,44174775
2015-11-17,36.418185,36.778978,36.059609,36.690961,34.401044,45417100
2015-11-18,36.961302,38.708742,36.852388,38.512385,36.109384,52022012
2015-11-19,38.326461,38.345806,38.140223,38.243572,35.857933,84112050
2015-11-20,37.968605,39.704227,37.379347,39.656703,37.183524,85351244
2015-11-23,39.775889,40.449083,39.323299,40.208621,37.702879,57923166
2015-11-24,40.411208,41.328967,40.355267,41.040325,38.483385,111469396
2015-11-25,40.953994,42.989864,40.889603,42.699961,40.040277,59788744
2015-11-27,42.648449,44.005595,42.611746,43.461503,40.755724,47658829
2015-11-30,43.146801,44.322485,42.85331,43.699996,40.981389,62496081
2015-12-01,44.01024,44.715642,43.918244,44.677908,41.899153,99753815
2015-12-02,44.966061,44.988493,42.950834,43.117385,40.436351,39931878
2015-12-03,43.348413,43.440874,42.537645,42.721152,40.065414,56112015
2015-12-04,42.25179,42.601832,40.831564,41.584161,38.999743,58809712
2015-12-07,41.264407,41.902367,41.146585,41.839081,39.240754,68086223
2015-12-08,41.3058,43.339288,40.850971,42.910755,40.246536,118613811
2015-12-09,43.143014,43.775828,41.359066,42.031853,39.422851,87857101
2015-12-10,42.3377,42.73934,41.343406,41.874834,39.276223,84527849
2015-12-11,41.937579,42.146669,40.075774,40.748698,38.220599,152801435
2015-12-14,40.90024,41.421704,40.828335,40.971394,38.431372,86993092
2015-12-15,40.910937,41.412979,40.863916,41.04832,38.504162,99356888
2015-12-16,41.394471,41.45366,40.553519,40.881236,38.348063,120342376
2015-12-17,40.712457,42.096082,40.456163,41.326055,38.765956,47013662
2015-12-18,41.220839,41.284655,40.268384,40.287847,37.792685,40064196
2015-12-21,40.587973,40.85502,39.566532,39.625405,37.173103,73915300
2015-12-22,40.196587,40.414045,39.573178,39.727262,37.269268,74611168
2015-12-23,39.897614,40.690444,39.835197,40.509248,38.003496,49315315
2015-12-24,40.372077,40.787464,40.301931,40.6559,38.141702,95833827
2015-12-28,40.564309,40.962283,40.063758,40.30572,37.815663,103248612
2015-12-29,40.367897,40.91201,40.048845,40.634789,38.125028,67053865
2015-12-30,40.563467,40.856579,40.477332,40.669404,38.158132,57044603
2015-12-31,40.641304,40.955585,40.170244,40.588499,38.082849,121129272
2016-01-04,40.144719,41.891107,40.127761,41.475902,38.918027,72833540
2016-01-05,41.22924,41.564179,40.71155,40.945804,38.421252,59339856
2016-01-06,40.926336,42.062689,40.767442,42.022925,39.432609,110828670
2016-01-07,42.006694,42.281553,41.435098,41.575168,39.013093,143495686
2016-01-08,41.365116,41.740384,41.200353,41.563516,39.0028,88700795
2016-01-11,41.283888,42.312657,41.164885,41.566127,39.007172,98567545
2016-01-12,41.870999,42.012416,40.871525,41.059055,38.531951,101918104
2016-01-13,40.67427,42.053205,40.385828,41.402421,38.854821,55887073
2016-01-14,41.398259,41.791557,40.190848,40.298988,37.819907,55501028
2016-01-15,40.537967,40.735551,40.255752,40.301101,37.822511,74030629
2016-01-19,40.085164,40.339327,39.661094,39.884967,37.43443,93060237
2016-01-20,39.982541,40.965374,39.775032,40.766905,38.26281,69987466
2016-01-21,40.722768,41.494425,40.693423,41.236664,38.70435,45192900
2016-01-22,41.224874,41.833569,41.095411,41.356039,38.817031,62408289
2016-01-25,41.58199,41.691287,41.259563,41.300492,38.766805,74142341
2016-01-26,41.201746,41.373986,40.094051,40.339856,37.865724,49227283
2016-01-27,40.43755,40.461048,39.297419,39.450955,37.03195,116745696
2016-01-28,39.404565,39.656711,39.194118,39.553598,37.128909,55946305
2016-01-29,39.633881,39.853605,39.273364,39.688842,37.256474,56711694
2016-02-01,39.632339,39.69986,37.936614,38.142938,35.807077,86408631
2016-02-02,38.2986,38.350676,37.266304,37.369249,35.081345,99049569
2016-02-03,37.144349,37.239745,36.45151,36.609766,34.368926,95135676
2016-02-04,36.697544,36.806165,35.648256,36.069761,33.862529,80909958
2016-02-05,36.324571,37.116012,36.01923,36.776327,34.526426,54356422
2016-02-08,36.991967,37.275679,35.472178,35.737853,33.553137,87520590
2016-02-09,35.875503,36.771363,35.582668,36.657815,34.417425,60148394
2016-02-10,36.695053,37.182741,36.516384,37.100976,34.834074,74544935
2016-02-11,37.207779,37.99086,37.123249,37.937347,35.619927,51256336
2016-02-12,37.821109,38.507655,37.481004,38.429047,36.082184,73234255
2016-02-16,38.410586,39.203306,37.847131,39.042098,36.660205,153594960
2016-02-17,38.898906,39.336452,38.806442,39.267865,36.872804,67608517
2016-02-18,39.417554,39.650381,38.992627,39.0841,36.70085,39082873
2016-02-19,39.02339,39.453366,38.943441,39.30199,36.906061,69421588
2016-02-22,39.337968,39.57332,38.962549,39.544286,37.135416,102973638
2016-02-23,39.326367,40.505025,38.812874,40.284378,37.831046,92908040
2016-02-24,40.201966,40.323429,39.356164,39.561099,37.152425,63660160
2016-02-25,39.624081,40.118297,39.381208,39.912414,37.482966,62940593
2016-02-26,39.778062,40.08351,39.554431,39.800358,37.378345,117635150
2016-02-29,39.859196,40.513992,39.79551,40.206809,37.761922,92080451
2016-03-01,39.998073,40.829255,39.754266,40.624288,38.154642,54263549
2016-03-02,40.646124,41.032871,40.595839,40.87356,38.389391,44240376
2016-03-03,40.561994,40.839544,40.244384,40.748044,38.272132,90297535
2016-03-04,41.007425,41.746686,40.849405,41.309777,38.800371,89433361
2016-03-07,41.572851,41.86237,40.054546,40.676663,38.207599,103708992
2016-03-08,40.600552,40.969162,40.319442,40.451469,37.996698,103189005
2016-03-09,40.28734,41.499109,40.233916,41.338709,38.830734,59744704
2016-03-10,41.622551,42.248401,41.173681,41.264012,38.761206,47190772
2016-03-11,41.085329,41.457869,40.538468,41.313311,38.808152,76022677
2016-03-14,41.254406,41.436057,40.989783,41.113379,38.622247,94045373
2016-03-15,41.319298,41.913239,41.275573,41.606316,39.085958,62861648
2016-03-16,41.721622,41.903966,40.92757,41.003609,38.520394,73280629
2016-03-17,41.207204,41.469991,40.816218,41.219743,38.724075,86758373
2016-03-18,41.548667,41.850768,41.501408,41.521945,39.00862,69741787
2016-03-21,41.17416,42.302778,40.855421,42.163445,39.613242,72307652
2016-03-22,42.345558,42.737706,42.09898,42.122413,39.575342,82452062
2016-03-23,42.07976,42.567171,41.816783,42.489545,39.92093,91283709
2016-03-24,42.797086,43.358374,41.574668,41.64539,39.12845,76380790
2016-03-28,41.618733,41.683782,40.74459,40.854578,38.387955,69536341
2016-03-29,41.077808,41.221213,40.899832,41.118499,38.636576,44058618
2016-03-30,40.745425,41.079791,40.669692,40.91262,38.443756,90536192
2016-03-31,41.084025,41.784326,39.756261,39.994626,37.581775,107180453
2016-04-01,39.77655,41.762804,39.328557,41.567077,39.060003,55612427
2016-04-04,41.277865,43.468085,41.22669,43.022002,40.429168,53361318
2016-04-05,43.397456,43.636701,42.714447,42.863251,40.280646,105159382
2016-04-06,42.96116,43.161374,42.90029,43.057026,40.46341,89266169
2016-04-07,43.366518,43.725049,43.156488,43.446315,40.82992,115985846
2016-04-08,43.026566,44.003837,42.943305,43.95591,41.309505,64625430
2016-04-11,43.727387,43.987771,43.109778,43.470363,40.855204,73222165
2016-04-12,43.867574,43.999806,42.231649,42.740912,40.170297,47926386
2016-04-13,42.903367,42.958652,41.897025,41.996549,39.471351,81765196
2016-04-14,42.001096,43.630539,41.852401,43.006259,40.421013,106485000
2016-04-15,42.449749,43.071875,42.038007,42.363829,39.817855,59255125
2016-04-18,41.957358,42.783809,41.49241,41.708404,39.203752,64758907
2016-04-19,41.871451,42.430339,39.874144,40.129858,37.72062,60366188
2016-04-20,40.612499,41.535308,39.326779,39.403679,37.038646,68918758
2016-04-21,39.129294,39.309442,38.747078,38.920603,36.585166,59431014
2016-04-22,38.863231,40.906299,38.613261,40.576222,38.142066,40857293
2016-04-25,40.397214,40.846675,39.906988,40.607151,38.17302,68541839
2016-04-26,41.039934,41.193667,40.016268,40.371608,37.95222,75780837
2016-04-27,40.540994,40.783659,39.66177,39.832262,37.445811,65880039
2016-04-28,39.993704,40.086867,39.785095,39.849166,37.462317,43974007
2016-04-29,39.875984,41.03214,39.521594,40.577499,38.147652,69039735
2016-05-02,40.57884,41.306875,39.167568,39.961369,37.570269,69926193
2016-05-03,40.280993,40.501228,39.192325,39.548612,37.182819,61307435
2016-05-04,39.507453,39.52587,39.0404,39.460654,37.100733,44779963
2016-05-05,39.617525,40.594284,39.573106,40.442588,38.024568,44084094
2016-05-06,40.503196,40.636048,40.445967,40.518271,38.096351,52391766
2016-05-09,40.370857,40.557141,39.891374,40.127011,37.730338,32937777
2016-05-10,40.139067,41.425306,40.000571,40.952195,38.506868,78590458
2016-05-11,40.823141,42.728874,40.676114,42.506896,39.969392,57446141
2016-05-12,42.750753,42.983586,42.290766,42.417899,39.886363,75398279
2016-05-13,42.345791,42.648434,41.843071,42.244815,39.724261,39908207
2016-05-16,42.383501,43.291381,42.290894,42.91118,40.352856,31013919
2016-05-17,42.755701,44.506794,42.45898,44.327499,41.68542,43569125
2016-05-18,44.535789,45.865788,44.164268,45.759433,43.032713,96617618
2016-05-19,45.702971,46.872242,45.485586,46.621516,43.844146,98293924
2016-05-20,46.372126,46.988958,45.998161,46.566746,43.793358,48779474
2016-05-23,46.010098,47.385704,45.352865,47.172667,44.365378,76056496
2016-05-24,47.116858,48.692489,47.035676,48.328419,45.453097,98484058
2016-05-25,48.42169,49.779703,48.020743,49.28536,46.353866,109316539
2016-05-26,49.267878,49.73275,47.951128,49.07034,46.152394,62428846
2016-05-27,48.899167,49.121449,48.323549,48.873485,45.967999,62455774
2016-05-31,48.096819,49.20087,47.50421,48.515553,45.634345,64957725
2016-06-01,48.370065,50.763624,48.093759,49.896976,46.9345,110133141
2016-06-02,49.901894,50.117915,49.647613,49.708469,46.757953,41411022
2016-06-03,49.694449,50.692052,49.084134,50.414859,47.423193,49689108
2016-06-06,50.630532,51.336352,49.400356,49.977782,47.014369,75301480
2016-06-07,50.32915,50.905409,48.872311,49.319419,46.395806,53712167
2016-06-08,49.182834,50.102563,48.860524,49.803864,46.852303,45319027
2016-06-09,49.031167,49.770762,48.606107,49.722333,46.776372,37536987
2016-06-10,49.306656,50.132884,49.17591,49.804825,46.854747,69832245
2016-06-13,49.702652,49.907583,48.63588,48.772534,45.885862,47432541
2016-06-14,48.62403,49.029829,48.5225,48.939036,46.043266,70385995
2016-06-15,49.035727,49.274812,47.938885,48.377028,45.51526,37573812
2016-06-16,48.547137,48.662378,46.67524,47.672854,44.853479,45240787
2016-06-17,47.161934,47.254844,46.231092,46.554509,43.801992,62046862
2016-06-20,46.639878,47.006208,46.12818,46.258598,43.525722,117379954
2016-06-21,46.453297,47.464017,46.37428,47.333252,44.537619,86815109
2016-06-22,47.289872,48.062292,46.727484,47.812509,44.989309,50113449
2016-06-23,48.091727,49.030827,47.98065,48.558216,45.691734,67773557
2016-06-24,48.484358,50.19744,47.598874,49.973056,47.023826,55597849
2016-06-27,49.92539,50.797597,48.376271,49.257764,46.353033,163697416
2016-06-28,49.488047,49.80874,48.362359,48.748029,45.87411,79979378
2016-06-29,48.985775,49.780811,48.794525,48.873758,45.993183,74608267
2016-06-30,48.973569,49.09672,47.896101,48.178887,45.340011,34238646
2016-07-01,47.850782,48.103648,47.538511,47.796479,44.980875,73359463
2016-07-05,47.570075,47.680394,47.095915,47.555201,44.756751,55369736
2016-07-06,48.172751,48.230045,47.290463,47.519062,44.723473,44510386
2016-07-07,46.990091,47.231516,46.678868,47.088974,44.319416,84892405
2016-07-08,46.985332,47.658801,46.58835,47.081091,44.312725,70466881
2016-07-11,47.143742,47.31658,46.873329,47.139231,44.369633,70334649
2016-07-12,47.052409,47.399593,45.977877,46.328503,43.607254,71585437
2016-07-13,46.491003,46.925572,45.054819,45.172488,42.519839,79794559
2016-07-14,44.948375,46.704819,44.610695,46.092743,43.386767,117226339
2016-07-15,45.803759,45.964113,45.461068,45.554924,42.881227,53563037
2016-07-18,45.676616,46.903463,45.648194,46.444859,43.721084,50827727
2016-07-19,47.021165,47.397058,46.625414,46.823158,44.077922,47111954
2016-07-20,46.620658,47.505478,46.383881,46.820776,44.076403,73578271
2016-07-21,46.578209,47.448959,46.26032,47.357759,44.582644,69808783
2016-07-22,47.152719,48.375417,46.738175,47.802471,45.002036,132296646
2016-07-25,47.171701,48.367542,46.87044,48.311418,45.483408,49267399
2016-07-26,48.225294,48.446077,48.033362,48.056797,45.244435,111187592
2016-07-27,47.563631,48.569401,46.095033,46.1494,43.449376,93569827
2016-07-28,46.174688,46.29052,46.071784,46.172766,43.472089,55414091
2016-07-29,46.286743,46.468676,46.200171,46.408381,43.69464,69564006
2016-08-01,46.814449,47.025912,45.127186,46.036584,43.346721,83328709
2016-08-02,46.330496,46.816511,45.659616,46.067593,43.37663,44478440
2016-08-03,45.826325,46.934464,45.774022,46.699968,43.972788,57897646
2016-08-04,46.525374,47.78973,46.095487,47.338168,44.574451,70218272
2016-08-05,47.317489,47.592976,47.015799,47.362454,44.598052,90214330
2016-08-08,47.108285,47.894944,46.987596,47.454098,44.686549,58121499
2016-08-09,47.646128,48.665105,47.497894,48.06523,45.262783,118156466
2016-08-10,48.281988,48.609265,47.769408,48.445873,45.621982,57219132
2016-08-11,48.679161,49.975915,48.335505,49.781494,46.88052,63171501
2016-08-12,49.409357,49.584005,47.779947,48.588931,45.758205,105732581
2016-08-15,48.68324,49.07084,47.614912,47.921772,45.132137,77577614
2016-08-16,47.676278,48.436465,45.606104,46.400627,43.70026,70636470
2016-08-17,46.614238,47.84365,46.525229,47.788264,45.007879,114590280
2016-08-18,47.319266,48.103606,47.198053,47.945092,45.156325,56879078
2016-08-19,47.2054,47.664215,46.84349,47.352641,44.599067,56037069
2016-08-22,47.180636,47.920705,46.68506,47.637124,44.869218,30836046
2016-08-23,47.53817,47.761224,45.504224,45.980229,43.309307,106492183
2016-08-24,45.989848,47.592104,45.717602,47.255784,44.511498,91092955
2016-08-25,46.942983,48.427508,46.622353,47.541599,44.781451,73227784
2016-08-26,47.455715,48.260446,46.005931,46.122285,43.445253,67367353
2016-08-29,46.283735,46.625833,45.298887,45.454387,42.81823,92059550
2016-08-30,45.441102,46.203467,45.251943,46.094603,43.42203,87070160
2016-08-31,46.503943,46.768951,46.053663,46.103667,43.431282,39003014
2016-09-01,46.558278,46.953036,45.820091,46.191635,43.514866,120469015
2016-09-02,46.313629,46.994031,45.990465,46.975048,44.253607,78931865
2016-09-06,47.088896,48.971148,46.57973,48.488203,45.682102,91681675
2016-09-07,47.843989,49.773202,47.586378,48.932688,46.10162,128069982
2016-09-08,49.337266,50.017508,47.807831,48.288011,45.494989,62899742
2016-09-09,48.471423,49.285909,47.189832,47.570816,44.820014,72754106
2016-09-12,47.094768,47.477502,46.889651,47.289217,44.556895,55095706
2016-09-13,47.242372,48.329824,46.72431,48.100064,45.321636,69324532
2016-09-14,48.314848,48.938109,47.454282,47.776459,45.017463,120312661
2016-09-15,48.011493,48.346776,46.366594,47.052943,44.336457,64634705
2016-09-16,46.664291,46.727186,45.982573,46.327063,43.653201,175063030
2016-09-19,46.435043,46.682581,44.928771,45.197005,42.590466,137949992
2016-09-20,45.131604,45.569717,44.995729,45.267144,42.65726,93879007
2016-09-21,45.554983,46.945422,45.181721,46.800982,44.103389,92841455
2016-09-22,46.896251,47.462579,46.719792,47.417878,44.685461,119583831
2016-09-23,47.279734,47.365437,46.855229,47.028962,44.319684,62355084
2016-09-26,47.21332,47.405145,47.118601,47.245328,44.52578,52053697
2016-09-27,46.701383,47.227963,46.462443,47.182541,44.467337,35601706
2016-09-28,47.215553,47.397006,46.824767,47.053391,44.346348,62403999
2016-09-29,46.823436,46.922921,46.489584,46.611516,43.930616,88206001
2016-09-30,46.636885,47.491152,46.447986,47.404837,44.679043,131260150
2016-10-03,47.518876,47.688066,47.292778,47.472565,44.745082,55371680
2016-10-04,47.960403,48.063179,47.657342,47.801745,45.056089,67426832
2016-10-05,47.781649,48.624533,47.685786,48.370217,45.592658,70506985
2016-10-06,48.220101,48.571278,47.790889,47.89258,45.14319,51844651
2016-10-07,47.93549,49.078997,47.667059,48.531599,45.746276,98286665
2016-10-10,48.325671,49.164386,47.57956,48.931001,46.125028,51196711
2016-10-11,48.876978,49.097811,48.397609,48.960465,46.153561,52440209
2016-10-12,49.431247,49.924742,49.158802,49.235879,46.413948,90674409
2016-10-13,48.921601,50.199969,48.856783,50.068823,47.199928,68723221
2016-10-14,49.752993,49.86411,48.452598,48.543951,45.763181,50147595
2016-10-17,48.447903,48.730854,47.851974,48.033349,45.28406,56746139
2016-10-18,48.035764,48.107366,46.972774,47.010368,44.320359,68196038
2016-10-19,47.335826,47.541275,46.72192,46.914834,44.231018,145690384
2016-10-20,47.075589,47.428421,45.568716,46.070238,43.435452,71969069
2016-10-21,46.453703,46.882327,44.208867,44.467947,41.925486,102787676
2016-10-24,44.641026,45.540215,44.280907,44.929247,42.362499,55614439
2016-10-25,45.129479,45.308785,45.095867,45.206561,42.62467,39593021
2016-10-26,45.272287,46.074054,44.665752,45.899807,43.279034,89745817
2016-10-27,45.343287,45.443425,45.057559,45.077551,42.504425,71759240
2016-10-28,45.116274,45.47225,44.999935,45.17181,42.594003,81628340
2016-10-31,45.068115,45.304354,43.376119,43.522276,41.040625,80249503
2016-11-01,43.719185,43.95971,42.742347,43.422657,40.947359,71139488
2016-11-02,43.859005,43.943562,43.481421,43.530614,41.049836,79624342
2016-11-03,43.701079,43.931061,43.552643,43.820041,41.323448,63546001
2016-11-04,43.806923,44.333272,43.780857,44.251828,41.731319,75486883
2016-11-07,44.197449,44.431347,43.745144,44.024131,41.518638,77617886
2016-11-08,43.964829,44.322233,43.550931,43.81897,41.325832,54838774
2016-11-09,43.598006,44.233122,42.964391,43.37097,40.903993,52200506
2016-11-10,43.604449,43.99745,43.090886,43.166333,40.711665,72367545
2016-11-11,43.224094,43.713951,42.933363,43.511612,41.037984,54493364
2016-11-14,43.694898,44.146789,43.495537,43.938359,41.442512,78085319
2016-11-15,43.732002,45.785358,43.620434,45.405889,42.827385,67923611
2016-11-16,45.155546,46.398215,45.016244,46.197067,43.57435,57636810
2016-11-17,46.127166,46.867734,45.197396,45.319842,42.747629,70736554
2016-11-18,45.343689,45.568497,44.548318,45.025667,42.470848,67038881
2016-11-21,44.615066,44.898511,44.470039,44.607871,42.078833,85138419
2016-11-22,44.522772,45.183799,43.756804,44.182518,41.678279,88334454
2016-11-23,44.490369,44.522937,42.624003,42.88111,40.451298,79213446
2016-11-25,42.707371,43.011586,42.388114,42.786665,40.363531,64671604
2016-11-28,42.330989,42.79845,41.838455,42.079872,39.698723,131172350
2016-11-29,41.743239,43.504569,41.601726,43.357242,40.904483,71583920
2016-11-30,43.447495,43.657823,42.581689,42.712459,40.296838,48254181
2016-12-01,43.03778,44.226352,42.83613,43.654772,41.186534,137457380
2016-12-02,44.067091,44.516488,42.639834,43.164185,40.724354,104224573
2016-12-05,43.097635,43.57361,42.868332,43.23226,40.790592,60955225
2016-12-06,42.996754,44.82579,42.646799,44.317366,41.8151,45538587
2016-12-07,44.451394,44.527757,43.43047,43.683302,41.217513,67014130
2016-12-08,43.561725,44.928015,43.284818,44.731225,42.206978,74590390
2016-12-09,44.729216,44.875615,44.644383,44.692791,42.171406,82992787
2016-12-12,44.393507,44.859449,44.072223,44.474454,41.967455,88831038
2016-12-13,44.468624,44.714684,44.279297,44.647861,42.131779,93371185
2016-12-14,44.768701,45.83594,44.475373,45.746514,43.169227,76309090
2016-12-15,45.947374,47.197813,45.437976,46.876996,44.236746,63524879
2016-12-16,47.026736,47.655459,46.954031,47.482503,44.808885,64183265
2016-12-19,47.425848,48.042806,47.090319,47.219098,44.562509,97331809
2016-12-20,47.197896,47.516266,46.900309,47.068932,44.42152,70273306
2016-12-21,47.704116,48.40492,47.643534,47.996629,45.297783,91653375
2016-12-22,48.106078,49.347244,47.789945,48.884876,46.136841,30641829
2016-12-23,48.732501,49.456089,48.303465,49.316395,46.544867,67836648
2016-12-27,49.297802,49.394801,48.879223,49.064053,46.30975,113005087
2016-12-28,49.192829,49.268583,47.924664,48.023282,45.328149,116230506
2016-12-29,48.177619,49.329943,47.876937,49.102082,46.347166,61759305
2016-12-30,49.169339,50.533844,49.067719,50.182305,47.367561,94442053
2017-01-03,50.048081,51.428055,50.025334,51.139929,48.274643,84709859
2017-01-04,51.108286,52.311081,51.052578,51.544963,48.657783,104112606
2017-01-05,51.604141,52.006132,51.347487,51.747169,48.849466,96804221
2017-01-06,51.987303,52.236955,51.572175,52.005923,49.094537,63833363
2017-01-09,51.759454,54.131822,51.707126,53.348471,50.364408,85860876
2017-01-10,53.656685,54.261206,52.67931,53.48049,50.489872,56983383
2017-01-11,53.247387,53.89587,52.968109,53.439397,50.451906,54831183
2017-01-12,53.247455,53.792769,52.475701,53.008005,50.045453,56382855
2017-01-13,52.893389,53.186351,52.611629,52.809161,49.858541,74841397
2017-01-17,53.039317,53.888972,52.578132,53.701643,50.704488,160762479
2017-01-18,53.355833,54.599174,52.770875,54.320092,51.289264,68860521
2017-01-19,54.936889,55.935899,54.277511,55.09467,52.021478,73887560
2017-01-20,55.601947,57.108633,55.509715,57.024325,53.844381,98258623
2017-01-23,57.420141,57.497481,55.812156,56.630189,53.474859,74511305
2017-01-24,56.821764,57.46352,56.568426,56.982174,53.808116,64128156
2017-01-25,56.633888,57.773873,56.474296,57.5683,54.362487,76705240
2017-01-26,57.651812,57.820256,55.590703,55.912508,52.799768,123607545
2017-01-27,56.392978,57.234627,54.881307,55.27856,52.201971,60082275
2017-01-30,55.617789,56.348315,55.381136,55.505846,52.41919,95681063
2017-01-31,55.908464,56.045928,55.357497,55.928491,52.819199,64349475
2017-02-01,56.242074,57.723759,56.011575,57.302327,54.117547,95244693
2017-02-02,57.73281,57.764703,56.534505,57.039022,53.869761,65524843
2017-02-03,56.085061,57.750719,55.348385,57.304411,54.121293,35420464
2017-02-06,57.2821,58.851456,56.917523,58.456432,55.212044,84321767
2017-02-07,58.491696,59.008214,58.263581,58.553824,55.304939,54154958
2017-02-08,58.580868,58.843402,56.624763,57.258784,54.082643,67793738
2017-02-09,56.653045,59.104544,56.206653,58.613457,55.363081,71564495
2017-02-10,59.142815,59.240134,57.971954,58.110609,54.88902,99683532
2017-02-13,58.117584,58.35849,57.604055,57.992203,54.779878,56003210
2017-02-14,58.094055,58.181848,56.975774,57.251352,54.080953,132170343
2017-02-15,57.196301,59.182804,55.968323,58.543283,55.30225,75406295
2017-02-16,57.951789,58.947515,57.655993,58.707598,55.458379,53211699
2017-02-17,58.83342,59.499148,58.392604,59.453515,56.163935,55222035
2017-02-21,59.400584,60.348837,58.811475,60.299295,56.966661,60559816
2017-02-22,60.447123,61.492667,59.937789,61.354584,57.964578,45419618
2017-02-23,62.008438,62.327675,61.497929,62.270573,58.830923,40776035
2017-02-24,62.318308,63.314587,61.946809,62.822995,59.353806,71579928
2017-02-27,63.393644,65.049643,62.975337,63.816511,60.295429,45143494
2017-02-28,64.496431,65.139091,64.424219,65.015739,61.429499,105255640
2017-03-01,65.445058,65.761635,63.748008,64.279712,60.735068,64747059
2017-03-02,64.281662,64.393166,63.062069,63.920366,60.39653,73195053
2017-03-03,63.595,63.778144,63.442796,63.570481,60.066921,67558296
2017-03-06,63.360066,63.42269,62.110873,62.328681,58.896462,72157957
2017-03-07,62.691799,62.735112,61.20306,61.51273,58.126398,43774253
2017-03-08,61.201915,62.319093,60.790613,61.935235,58.526606,116610084
2017-03-09,61.824897,62.116807,61.448574,61.747875,58.350515,81927317
2017-03-10,61.279967,61.519164,60.148264,60.972777,57.619009,66840235
2017-03-13,61.04343,61.384928,60.116938,60.478724,57.154948,88745640
2017-03-14,60.988658,61.255259,59.278584,59.515554,56.245636,74253253
2017-03-15,59.402396,59.942903,58.943504,59.744662,56.463084,59424443
2017-03-16,59.79355,60.080445,59.654599,60.032434,56.735981,94152009
2017-03-17,59.88089,62.271668,59.634104,61.562282,58.182779,63479895
2017-03-20,61.096851,61.252334,60.65054,60.878711,57.539569,48381752
2017-03-21,61.058012,62.123802,60.741542,61.408795,58.041531,111308845
2017-03-22,61.310171,61.600428,60.628894,61.088286,57.739546,91411216
2017-03-23,61.183957,61.521245,60.971011,61.123225,57.773519,73767749
2017-03-24,60.706889,62.938016,60.406146,62.351386,58.935341,50334053
2017-03-27,61.844234,63.97984,61.438453,63.054366,59.602745,69548045
2017-03-28,62.909621,64.60989,62.671015,63.779729,60.289391,68523915
2017-03-29,63.30828,65.44745,62.84729,65.120594,61.557889,57180750
2017-03-30,65.469974,65.521981,63.714417,63.763268,60.275811,129063871
2017-03-31,63.650626,63.681134,61.525983,62.193951,58.793292,59519294
2017-04-03,62.292392,62.57595,62.086069,62.191184,58.793573,65102444
2017-04-04,62.312839,62.662726,61.189018,61.428865,58.073855,68766437
2017-04-05,61.590312,61.91108,60.196725,60.978335,57.648879,74884512
2017-04-06,61.146745,61.778189,60.71988,60.851114,57.529549,93680974
2017-04-07,60.491227,60.766385,59.807518,60.140066,56.858248,75147356
2017-04-10,60.24704,62.044757,60.171215,61.599999,58.241383,120977152
2017-04-11,61.31437,62.190291,60.949628,62.019886,58.639339,94221233
2017-04-12,61.694619,61.774589,61.068543,61.437817,58.089952,61447653
2017-04-13,61.407984,61.807842,61.170545,61.489177,58.139468,71062567
2017-04-17,61.456546,62.320533,61.312773,62.123157,58.742771,88204861
2017-04-18,61.790777,62.284431,60.512449,60.880673,57.568842,55209639
2017-04-19,61.507564,62.068285,61.255425,61.550748,58.203421,77448374
2017-04-20,61.314234,61.672358,60.758388,61.565262,58.218102,65604286
2017-04-21,61.619741,62.230304,61.201085,61.854052,58.492152,79088167
2017-04-24,62.526877,62.756987,62.403433,62.478594,59.085661,98974123
2017-04-25,62.169652,63.779069,61.589057,63.042648,59.620063,61532667
2017-04-26,63.417176,64.760861,62.725868,64.158471,60.676305,65748299
2017-04-27,64.324687,64.730859,63.579546,63.854894,60.390196,80095170
2017-04-28,63.638598,63.677965,62.65634,62.71274,59.310989,60947697
2017-05-01,62.426889,63.741037,62.207942,63.713307,60.260252,85337957
2017-05-02,63.683831,63.710661,63.578169,63.647424,60.198928,53426817
2017-05-03,63.759337,64.752282,63.206937,64.53321,61.037723,140691275
2017-05-04,64.853598,64.994127,64.02911,64.64597,61.145381,49051032
2017-05-05,64.427353,65.053337,64.084026,64.913281,61.399224,74958338
2017-05-08,65.051461,65.210396,64.470549,64.682522,61.183973,56408364
2017-05-09,65.127851,65.605925,63.155165,63.364697,59.938411,101415107
2017-05-10,63.92978,64.645387,63.719491,64.392314,60.911463,82899540
2017-05-11,64.649024,64.988007,64.275213,64.807198,61.304927,75494965
2017-05-12,64.868833,65.768867,64.264917,64.504627,61.019709,107771637
2017-05-15,65.058922,65.22752,64.218061,64.348694,60.875201,45966780
2017-05-16,64.375354,65.788708,64.191131,65.393332,61.864466,92671675
2017-05-17,65.457731,66.239632,65.397716,65.997108,62.436686,51790297
2017-05-18,65.640441,66.892592,65.367233,66.818287,63.214603,58549879
2017-05-19,66.928021,68.419657,66.298189,67.834674,64.177227,56196563
2017-05-22,67.766599,68.366075,67.083503,68.244931,64.568547,70278656
2017-05-23,68.178263,68.470707,67.953398,68.18122,64.509327,44710498
2017-05-24,67.798074,69.512334,67.75496,69.374454,65.639377,64598102
2017-05-25,68.985388,70.426108,68.709986,70.231895,66.451746,90741119
2017-05-26,70.166914,71.676073,69.988919,71.59027,67.738121,66468383
2017-05-30,71.637445,71.980699,70.279074,70.440587,66.65468,126394992
2017-05-31,70.689954,71.301818,69.390624,69.443365,65.712135,57034206
2017-06-01,69.288168,69.523228,67.764277,68.308322,64.639139,70214528
2017-06-02,68.155427,68.370945,66.602692,67.580728,63.951679,95015921
2017-06-05,67.653489,68.351204,66.002897,66.887402,63.298703,127927163
2017-06-06,67.463232,69.282857,66.648153,68.663739,64.980803,84725133
2017-06-07,68.825743,70.436213,68.391996,69.999157,66.24568,79408875
2017-06-08,70.054206,70.309329,68.579182,69.336957,65.620066,65169179
2017-06-09,68.901847,71.505008,68.120989,70.637017,66.851534,83411885
2017-06-12,70.489841,70.702211,66.884827,67.993023,64.352405,97265304
2017-06-13,68.429271,69.688233,67.954695,68.976556,65.284347,47711976
2017-06-14,68.562917,68.692098,67.729416,67.913092,64.278865,138285239
2017-06-15,67.703348,68.360713,67.4978,67.834579,64.205608,77720533
2017-06-16,66.979905,68.210919,66.846559,67.66421,64.045405,110438857
2017-06-19,67.931756,68.086167,66.284454,66.312832,62.769395,48178796
2017-06-20,66.863307,67.14285,66.338141,67.0991,63.514692,47743403
2017-06-21,67.362378,67.405538,65.651771,66.169479,62.63576,69855482
2017-06-22,66.613402,66.768006,64.248573,65.365574,61.875803,94077676
2017-06-23,65.595989,66.367517,65.027958,65.066773,61.593966,110185067
2017-06-26,64.936153,65.538466,61.434073,63.063215,59.700286,45131275
2017-06-27,62.857466,63.416605,61.763255,62.580696,59.244472,97189102
2017-06-28,62.671154,62.778624,61.799625,62.078955,58.770444,65580487
2017-06-29,61.745172,62.019274,61.590151,61.759376,58.468858,67771684
2017-06-30,61.634029,61.826572,58.871257,59.320419,56.160769,71329876
2017-07-03,59.539068,59.708676,58.390638,58.780296,55.652159,50368457
2017-07-05,58.823493,59.262699,58.113347,58.519581,55.407139,71521465
2017-07-06,58.483176,59.961689,57.831018,59.011455,55.873769,71305865
2017-07-07,58.426769,59.719787,57.960888,59.354567,56.199561,53153116
2017-07-10,59.285188,60.082697,58.786711,59.785474,56.610353,57421393
2017-07-11,59.35453,61.043672,59.318558,60.202755,57.006409,75270854
2017-07-12,59.43543,59.672285,58.850446,59.383678,56.231743,108414923
2017-07-13,59.229241,59.402499,58.108511,58.418205,55.318424,87946131
2017-07-14,58.993978,59.021436,57.250906,57.843276,54.774901,66756056
2017-07-17,58.162202,58.420821,56.898464,56.993092,53.972476,96139369
2017-07-18,56.795188,57.543013,56.243543,57.302522,54.266398,52850496
2017-07-19,56.359678,58.446839,56.319982,57.878809,54.813052,66490144
2017-07-20,57.717903,58.365628,56.571287,56.896175,53.883351,80296124
2017-07-21,57.552265,58.047571,56.093576,56.438057,53.45037,74210476
2017-07-24,56.289804,57.764518,55.742589,57.373318,54.338799,88101783
2017-07-25,57.158398,57.476435,56.497717,56.97283,53.960379,72333904
2017-07-26,56.913795,57.742843,54.651745,54.836006,51.937393,117645398
2017-07-27,55.214024,56.833743,54.90851,56.514207,53.527764,53455624
2017-07-28,56.857993,57.139346,56.462372,56.857974,53.85425,72458844
2017-07-31,56.734743,58.700796,56.351473,58.079026,55.013506,67729486
2017-08-01,58.413624,58.779553,57.063926,57.569434,54.531707,54519731
2017-08-02,57.055993,58.461029,56.465166,58.388977,55.308915,48539054
2017-08-03,58.25458,58.953094,56.050666,56.276243,53.308505,76742345
2017-08-04,56.014998,56.767794,55.597226,56.614775,53.630065,63109786
2017-08-07,56.685583,56.935506,54.754868,54.941549,52.047616,100301830
2017-08-08,54.872501,55.996074,54.753562,55.842135,52.901635,42613059
2017-08-09,55.687364,57.107281,55.58988,56.479238,53.506068,53372512
2017-08-10,56.445476,57.695896,56.079295,57.266817,54.253079,52688157
2017-08-11,57.293051,57.756371,56.974858,57.646325,54.613512,87235185
2017-08-14,57.934659,58.785339,57.695212,58.316214,55.250881,66531806
2017-08-15,58.38263,58.440088,56.866312,56.927673,53.936213,57793267
2017-08-16,56.866302,57.133918,55.438937,56.3091,53.351021,96946545
2017-08-17,56.33851,58.121072,55.803928,57.775507,54.741292,72307778
2017-08-18,57.748934,57.779127,56.622849,57.531688,54.511174,146821377
2017-08-21,58.002751,60.166059,57.732974,59.265596,56.156816,108216073
2017-08-22,59.209313,59.250185,56.933353,57.104513,54.109982,67130502
2017-08-23,57.276641,58.251365,55.945114,56.424967,53.466949,58624563
2017-08-24,55.867028,58.324062,55.315237,58.255929,55.202832,76439133
2017-08-25,57.339042,59.669639,57.201278,58.757595,55.679121,39250385
2017-08-28,58.316435,60.184396,58.008218,59.803234,56.672769,54104272
2017-08-29,59.99531,61.929442,59.157135,61.789023,58.555571,99067282
2017-08-30,61.235653,62.948759,60.364264,62.246712,58.990278,114323099
2017-08-31,61.904058,65.400163,60.944456,65.151411,61.744033,84202966
2017-09-01,64.938676,65.104136,63.32975,63.947149,60.603748,59216146
2017-09-05,64.125151,65.079969,62.718499,62.989454,59.700048,90048611
2017-09-06,62.190343,64.427874,62.05788,63.117297,59.822197,68882436
2017-09-07,61.961833,64.98618,61.803867,64.398762,61.037764,77839386
2017-09-08,64.358338,66.118836,64.053795,65.987885,62.544978,35785552
2017-09-11,66.35447,67.045541,63.643914,64.285419,60.934341,48270847
2017-09-12,63.732644,64.419203,63.595716,63.791794,60.467441,41505236
2017-09-13,64.264935,65.178795,62.667773,63.167861,59.877006,74525858
2017-09-14,63.209713,65.343741,62.418213,64.750422,61.378129,58911284
2017-09-15,64.861624,66.412115,64.048699,66.221452,62.773577,96376610
2017-09-18,65.725489,65.766083,65.132039,65.614763,62.201541,88009183
2017-09-19,65.591018,66.890106,64.582008,66.653023,63.18683,75819405
2017-09-20,66.989453,67.188347,65.827489,65.856694,62.432938,77634669
2017-09-21,66.50336,67.28868,66.121097,67.08759,63.600887,67545150
2017-09-22,66.420233,67.285107,65.034707,65.446385,62.045998,76482293
2017-09-25,64.697637,65.754253,64.474052,65.469281,62.070763,80263110
2017-09-26,65.303992,67.079379,65.04278,66.384089,62.939118,60036641
2017-09-27,66.053764,68.734835,65.821683,68.184407,64.647071,81878857
2017-09-28,68.609324,69.122426,68.036647,68.723127,65.158913,53709557
2017-09-29,68.548437,71.374587,68.088022,70.685125,67.020257,80514363
2017-10-02,70.582152,71.910379,70.429205,71.163387,67.477047,97053623
2017-10-03,71.10662,71.207936,69.540216,71.047113,67.367903,97810493
2017-10-04,71.104757,72.181415,70.922695,72.112942,68.379661,76496955
2017-10-05,72.242082,72.873311,71.4564,71.898387,68.177332,34769919
2017-10-06,71.689394,74.575914,70.717741,74.267482,70.424974,103348479
2017-10-09,74.524494,74.938066,74.063674,74.254658,70.416283,72928629
2017-10-10,73.739646,73.81564,73.114448,73.233365,69.448924,98373569
2017-10-11,73.488174,75.071113,72.677441,75.022069,71.146363,82902721
2017-10-12,75.234034,76.149757,74.869109,75.473997,71.576119,64070064
2017-10-13,75.23428,77.493882,74.207184,77.414177,73.417304,58256922
2017-10-16,77.559155,78.482661,76.499692,77.060785,73.085759,71063722
2017-10-17,77.55668,78.423666,76.454268,76.96705,72.998059,71834734
2017-10-18,77.808648,78.209293,75.672332,76.289761,72.356884,33720815
2017-10-19,76.296183,78.326934,76.01354,77.350692,73.364327,63847669
2017-10-20,76.828885,77.807035,75.595482,77.606988,73.608625,83369113
2017-10-23,77.65504,78.147465,77.165787,77.414551,73.42972,48442709
2017-10-24,77.237512,78.985246,77.144931,78.329381,74.298681,67829548
2017-10-25,78.108295,81.169824,77.269835,80.779189,76.623685,73265106
2017-10-26,80.443294,81.364254,80.219343,80.742854,76.590477,57539050
2017-10-27,79.9195,80.279438,79.225074,79.847912,75.742803,72933462
2017-10-30,80.272003,82.551336,79.162132,81.485104,77.299634,69375672
2017-10-31,81.668293,83.198753,80.780329,83.124649,78.85626,46406452
2017-11-01,82.57481,83.532057,81.560723,82.250105,78.027905,86442741
2017-11-02,82.680681,85.403583,82.248974,84.797374,80.445734,141179437
2017-11-03,84.056015,84.387202,82.900313,83.081614,78.819319,69325995
2017-11-06,83.645057,84.138598,81.613521,82.330094,78.110203,34776792
2017-11-07,82.514253,83.263591,80.867593,81.849155,77.65519,59246151
2017-11-08,81.540869,82.795017,81.460076,82.421927,78.199898,55748879
2017-11-09,82.669339,83.37026,80.122784,80.733267,76.598998,63588345
2017-11-10,81.100725,82.501712,80.717283,81.146172,76.992023,84284858
2017-11-13,81.860513,82.997365,80.706198,80.979017,76.837211,48588381
2017-11-14,81.337035,82.543536,81.120688,82.49643,78.278299,73199450
2017-11-15,82.153927,82.488985,81.230877,81.574286,77.404578,54757927
2017-11-16,81.626605,82.395771,80.741443,82.151976,77.954019,79237950
2017-11-17,82.356955,83.138906,81.63489,82.581879,78.363241,46617551
2017-11-20,82.597026,83.263046,79.702432,79.831711,75.757297,118656610
2017-11-21,80.49264,81.083678,79.779388,80.400636,76.298439,99855325
2017-11-22,80.714994,81.440845,79.700323,80.145741,76.057798,101387291
2017-11-24,80.700914,83.51209,80.449078,82.82008,78.598312,44953727
2017-11-27,82.676771,85.370983,81.837683,85.306206,80.961697,133799507
2017-11-28,84.389733,84.788966,84.342688,84.476802,80.17585,89390855
2017-11-29,84.020343,85.481923,83.837656,85.331019,80.987907,80670878
2017-11-30,85.068832,85.807329,82.962101,83.488446,79.240417,92545565
2017-12-01,83.330936,84.824227,82.879883,84.35603,80.065172,77262572
2017-12-04,84.172354,84.209802,83.016461,83.39948,79.161179,63636851
2017-12-05,82.957289,83.541819,82.271373,83.107293,78.885136,42970840
2017-12-06,82.913491,83.230295,82.481526,82.78098,78.576693,116686411
2017-12-07,82.768372,83.044994,80.477222,80.799958,76.697543,67826637
2017-12-08,81.006824,83.395392,80.328333,82.891174,78.683875,72669957
2017-12-11,82.94707,83.033467,80.7566,81.908667,77.755069,56746359
2017-12-12,81.945375,83.32526,81.814844,82.380773,78.204519,43962531
2017-12-13,82.324192,85.883938,82.20946,84.850568,80.550432,94408717
2017-12-14,84.449253,86.265685,83.666539,85.750443,81.40604,54907058
2017-12-15,86.267871,86.386183,85.114346,85.365532,81.041961,53520954
2017-12-18,85.985373,86.656785,83.053122,84.072245,79.818109,67981732
2017-12-19,84.133879,87.275114,83.263585,87.221161,82.809047,71030939
2017-12-20,87.490497,87.924617,86.476673,86.877371,82.484003,87444281
2017-12-21,86.849407,87.129561,86.763331,86.848517,82.457962,107481840
2017-12-22,86.57539,88.625779,86.278263,88.018883,83.570535,57431543
2017-12-26,87.365808,89.622857,87.309429,89.528768,85.009697,51922471
2017-12-27,89.750651,90.235562,89.192183,89.638398,85.115192,64287127
2017-12-28,90.426903,90.66464,89.845804,90.576652,86.007514,77935993
2017-12-29,90.191554,93.091501,89.218531,92.286699,87.632737,111090201
2018-01-02,91.519526,93.129358,91.455403,92.798576,88.124591,91087431
2018-01-03,93.656327,96.640352,92.678389,96.037973,91.202328,58417822
2018-01-04,95.667186,96.762141,95.031275,95.563145,90.752899,47850305
2018-01-05,95.404661,96.382126,95.341317,95.910406,91.084176,63911504
2018-01-08,96.268666,96.44734,92.991628,94.021749,89.294957,62908240
2018-01-09,93.731602,97.264573,93.686261,95.879812,91.061105,80367576
2018-01-10,95.499814,97.298909,94.123096,95.896031,91.078006,70753686
2018-01-11,96.749433,97.260583,95.867871,96.974773,92.104062,85206926
2018-01-12,97.117568,97.413811,96.22305,96.327386,91.490694,94353976
2018-01-16,95.74329,97.67818,95.288598,97.504254,92.614556,87750336
2018-01-17,97.463608,97.969319,94.794423,94.96928,90.208189,69188527
2018-01-18,95.997452,97.265435,93.691473,94.067721,89.353295,54757924
2018-01-19,93.990756,94.564811,92.707507,92.913525,88.258394,45886157
2018-01-22,92.58124,94.226055,92.530588,93.917258,89.216236,82587098
2018-01-23,94.507263,96.939676,94.361717,96.645283,91.809217,78082008
2018-01-24,96.003392,98.627784,95.495945,98.031568,93.127663,48864242
2018-01-25,97.779955,98.772642,96.473188,96.582487,91.752578,79202378
2018-01-26,96.292544,97.080508,96.210951,96.981649,92.133292,77455716
2018-01-29,96.501116,100.55194,96.221376,99.867562,94.879606,75684155
2018-01-30,99.907053,100.740207,98.774635,99.075939,94.129068,66784716
2018-01-31,99.40227,100.614476,98.677381,99.903995,94.917339,52922881
2018-02-01,99.025001,101.917307,98.366028,101.235629,96.184084,58491384
2018-02-02,101.468581,102.871171,100.96678,101.866169,96.784751,49121902
2018-02-05,102.366467,106.20084,101.671626,105.247878,100.002698,91568500
2018-02-06,104.670811,106.05691,103.348284,105.548572,100.290053,86760157
2018-02-07,105.774636,105.961184,104.373086,104.638879,99.427316,33837198
2018-02-08,105.211184,107.23557,102.217796,102.776222,97.659033,63521364
2018-02-09,102.67001,103.114337,102.175395,102.387338,97.291109,93565799
2018-02-12,101.788335,104.917012,100.914984,104.729266,99.521374,91338574
2018-02-13,104.098148,104.488436,103.272714,104.136773,98.95997,72276947
2018-02-14,104.529922,106.91819,103.987867,106.440632,101.150963,102408426
2018-02-15,106.669665,106.856327,103.602818,104.174081,98.998676,65241131
2018-02-16,104.576805,105.61269,103.381393,103.765964,98.612454,48662841
2018-02-20,103.853324,105.614488,103.359417,104.703193,99.509674,116578063
2018-02-21,104.695636,104.960508,104.247036,104.91297,99.710684,84678691
2018-02-22,105.502006,106.169296,105.375748,105.500948,100.271154,109300788
2018-02-23,104.791512,105.423517,103.250815,104.548986,99.368014,44280949
2018-02-26,104.923694,106.548833,101.036466,102.278907,97.21522,89403422
2018-02-27,102.545225,104.465817,102.069826,103.747996,98.613197,103089498
2018-02-28,104.206697,104.77023,103.027681,103.657119,98.528435,52084360
2018-03-01,103.152994,105.812699,102.009278,105.682152,100.454925,118150803
2018-03-02,105.663593,106.003222,101.852641,103.121929,98.022946,62355813
2018-03-05,103.085476,103.143524,102.576725,102.971374,97.884659,96908452
2018-03-06,102.966024,103.221555,102.23752,102.620751,97.552959,47547552
2018-03-07,103.141671,103.731599,101.562623,103.348635,98.246511,82505033
2018-03-08,103.142367,106.531837,102.545562,105.610299,100.39817,63469969
2018-03-09,105.438209,106.048083,104.337342,104.66559,99.50172,58284758
2018-03-12,105.895269,108.828812,105.285974,107.386258,102.09319,66459715
2018-03-13,106.246603,107.792155,105.739832,107.199908,101.917699,91315752
2018-03-14,107.175952,107.326173,105.858735,106.342522,101.104221,59445380
2018-03-15,107.172357,107.760674,103.304302,104.277466,99.142516,47253762
2018-03-16,103.247978,106.131126,103.087409,105.857746,100.646631,80296923
2018-03-19,105.258364,106.518553,103.55041,104.237482,99.111013,97855847
2018-03-20,104.628218,108.782782,103.000336,108.352099,103.024963,67757313
2018-03-21,108.272753,109.557859,107.131082,108.697376,103.354962,38102540
2018-03-22,108.768319,111.041502,108.671373,110.563039,105.130656,75569847
2018-03-23,110.021267,110.431019,108.506289,108.964963,103.612801,124880213
2018-03-26,109.025497,110.206745,108.696373,109.586016,104.208485,54101522
2018-03-27,109.819958,113.422366,109.366747,112.2859,106.777636,56452366
2018-03-28,111.98164,112.063684,110.571789,111.152836,105.701891,49960640
2018-03-29,110.855398,114.58586,110.693807,113.524955,107.959455,72082252
2018-04-02,113.332383,114.176648,112.683449,113.867935,108.292736,58531677
2018-04-03,113.681214,114.374343,112.945552,114.282826,108.689098,85444458
2018-04-04,114.98781,116.411559,111.340332,112.643475,107.131747,62565760
2018-04-05,113.28857,114.822474,111.930622,113.260308,107.720169,36710887
2018-04-06,113.457298,116.569575,113.229232,116.40172,110.709736,82837004
2018-04-09,116.613507,118.069577,115.751088,117.550379,111.807736,63824943
2018-04-10,117.959912,118.859701,117.369067,118.371291,112.590394,88957751
2018-04-11,118.762933,119.980907,118.075175,118.619399,112.828239,72669609
2018-04-12,117.626982,119.12753,117.501661,118.696408,112.903343,44641940
2018-04-13,118.799514,120.258565,118.373423,120.172339,114.309117,62300396
2018-04-16,120.301325,122.203133,118.658228,121.337382,115.423007,91188616
2018-04-17,121.167076,123.417244,120.358348,123.077746,117.080463,53802297
2018-04-18,122.386848,122.892148,120.248414,121.016311,115.121368,43732664
2018-04-19,120.142503,121.259928,118.360581,119.287804,113.478924,68075984
2018-04-20,119.274411,119.586109,115.466239,117.565131,111.841975,27076900
2018-04-23,118.056371,118.840555,116.730373,118.362011,112.605612,64951455
2018-04-24,117.528627,118.822769,116.238188,118.394151,112.638039,45468258
2018-04-25,118.461286,119.6458,118.399318,118.683795,112.915456,62356492
2018-04-26,118.89445,119.723931,117.558754,118.497769,112.740324,86192092
2018-04-27,118.374148,119.305368,116.096598,116.722832,111.05345,61307159
2018-04-30,116.658199,117.116182,115.927842,116.84152,111.171852,93512377
2018-05-01,116.887998,118.504619,115.15402,117.727488,112.016668,50518731
2018-05-02,117.610236,119.575665,117.43261,118.76868,113.009209,44892617
2018-05-03,118.29171,121.579649,118.243833,121.299302,115.41901,78274477
2018-05-04,120.976486,122.755993,120.697271,121.923435,116.014792,53136973
2018-05-07,121.47207,123.301821,120.451587,122.964173,117.010861,56925619
2018-05-08,123.206543,124.009252,122.325626,122.647519,116.711454,45347180
2018-05-09,122.412841,123.119332,121.436748,121.886187,115.988875,48786633
2018-05-10,121.511498,125.294717,120.791229,123.634987,117.654995,67608470
2018-05-11,123.737069,124.718928,121.405265,122.186299,116.278288,96129136
2018-05-14,123.082326,123.641216,121.929465,122.230953,116.326515,73450483
2018-05-15,122.489675,122.819294,121.829865,122.461208,116.547562,151580654
2018-05-16,122.46116,122.656143,121.268658,122.08077,116.187404,58461255
2018-05-17,122.200999,122.421809,121.46668,121.922939,116.039098,73450101
2018-05-18,121.912752,124.433013,121.642758,123.901812,117.92441,69747569
2018-05-21,124.27152,127.6299,124.17352,126.763814,120.654286,54225979
2018-05-22,127.305537,129.994902,127.017054,129.570523,123.327749,107978701
2018-05-23,130.182126,131.007293,125.087937,126.172724,120.095631,36956426
2018-05-24,126.953856,130.055947,126.593401,129.47983,123.245475,92847418
2018-05-25,129.671885,132.165572,128.722964,130.331826,124.058485,41749811
2018-05-29,130.979379,132.383366,129.58346,130.905754,124.612976,79292572
2018-05-30,130.533541,131.827582,128.856264,130.170471,123.915074,58110499
2018-05-31,130.378491,132.624437,130.189407,131.539901,125.220753,100307204
2018-06-01,132.219935,133.20977,129.221927,129.276225,123.067845,95646197
2018-06-04,129.282732,129.407689,126.731888,126.987017,120.894532,57827948
2018-06-05,125.56459,129.743879,125.415429,129.156948,122.962376,76589394
2018-06-06,129.031062,129.563587,128.362646,129.049972,122.862548,41905860
2018-06-07,129.513161,129.702857,126.417534,126.651499,120.581053,82565019
2018-06-08,128.042988,128.108742,126.883938,127.073754,120.985057,41810300
2018-06-11,127.59006,127.668838,126.385569,126.466906,120.41322,45678765
2018-06-12,126.361275,126.794915,125.005025,126.38158,120.333955,48142943
2018-06-13,126.329321,127.9099,126.275419,127.181101,121.097206,80527439
2018-06-14,126.200735,126.650777,125.181925,125.74123,119.72818,71542727
2018-06-15,124.986364,128.886385,124.583738,128.263177,122.131533,67845481
2018-06-18,127.703526,129.78899,126.935715,128.63121,122.488008,104009593
2018-06-19,128.268747,129.824673,126.16404,127.066347,120.999868,52684904
2018-06-20,126.397174,131.710726,125.543208,130.854818,124.609514,56742572
2018-06-21,129.506464,131.000028,129.365109,130.523147,124.295714,69315464
2018-06-22,131.289134,131.983999,127.241876,128.188882,122.074825,51172850
2018-06-25,128.659337,128.940518,127.2989,128.497899,122.375134,76882089
2018-06-26,128.743914,132.48132,128.203031,131.297568,125.043457,67412732
2018-06-27,130.543809,134.56137,130.447503,133.780956,127.410646,49027689
2018-06-28,134.929896,135.986547,131.196836,131.531409,125.270275,76772411
2018-06-29,131.221042,133.441102,130.299985,132.272481,125.97814,44142118
2018-07-02,132.14816,135.297105,131.631776,134.19066,127.811339,124320759
2018-07-03,134.356364,134.419049,133.153364,133.637984,127.287027,58325814
2018-07-05,133.28168,136.031641,132.986465,135.277833,128.853178,68297574
2018-07-06,134.081175,138.814273,133.35651,137.973921,131.423382,65513463
2018-07-09,137.766596,138.516998,137.015041,137.48761,130.966613,43191951
2018-07-10,136.706692,137.519959,134.463678,135.200412,128.790011,40613028
2018-07-11,135.058329,135.309158,134.26994,134.944772,128.548604,57208555
2018-07-12,134.335785,137.750548,133.046332,136.372972,129.911244,43130691
2018-07-13,136.533912,138.641407,135.363867,137.83006,131.301448,89609994
2018-07-16,138.398508,139.311931,136.414618,137.695531,131.179756,76975690
2018-07-17,137.490796,138.259285,135.437736,136.271635,129.825371,66291646
2018-07-18,136.830054,138.346721,135.657202,137.210613,130.722079,58332049
2018-07-19,137.140126,137.458954,136.868755,137.364315,130.870663,76194375
2018-07-20,137.695069,140.132307,137.469668,139.569547,132.973831,92085736
2018-07-23,139.653179,140.695908,136.890478,138.345096,131.813739,65681188
2018-07-24,138.1384,140.693169,137.585954,139.744445,133.149212,134997950
2018-07-25,140.549447,140.866475,139.19973,140.421044,133.796077,73339330
2018-07-26,139.227032,143.439965,138.123315,142.362886,135.648532,100232687
2018-07-27,142.898049,144.791798,142.077195,143.551827,136.783645,56406597
2018-07-30,143.469469,144.029741,141.965286,142.314857,135.611679,48375337
2018-07-31,140.96208,142.428402,139.891152,141.635841,134.966862,88764606
2018-08-01,141.857589,143.559424,140.831228,142.760892,136.041175,57773701
2018-08-02,143.379097,144.153046,139.151071,140.040785,133.451294,86456551
2018-08-03,138.793959,140.212416,138.405698,140.078618,133.48954,48560957
2018-08-06,140.164182,140.694434,139.309095,140.13034,133.54541,97640769
2018-08-07,140.713236,141.714683,139.453868,141.040954,134.415442,68067517
2018-08-08,141.14177,144.71353,140.181147,144.111108,137.343628,73251454
2018-08-09,144.251025,147.634289,143.734096,146.190516,139.327676,46087856
2018-08-10,146.327727,146.599293,143.42084,144.41518,137.637943,58142164
2018-08-13,145.297428,148.651798,143.895052,147.985927,141.04807,58324007
2018-08-14,148.204913,148.536887,145.981522,146.975332,140.087154,74338720
2018-08-15,146.041276,148.802655,145.763258,148.631124,141.667673,57231810
2018-08-16,148.536582,150.282463,148.267266,149.374108,142.378187,91621420
2018-08-17,150.011362,152.970921,149.35986,152.67816,145.529885,49048871
2018-08-20,152.853632,153.467112,150.806773,151.676107,144.581872,41100387
2018-08-21,151.419433,153.097217,150.490752,152.651545,145.514076,122249691
2018-08-22,153.124698,153.420944,149.037869,150.147221,143.129198,59880954
2018-08-23,149.984149,151.124986,147.098329,147.164372,140.288074,57081517
2018-08-24,146.350493,148.820938,145.106824,147.763962,140.861962,100567856
2018-08-27,149.045744,149.790142,147.106681,147.72856,140.835155,71165283
2018-08-28,148.314955,152.026062,147.910908,151.008141,143.964066,40266123
2018-08-29,151.564493,153.908691,149.739894,152.51504,145.403061,65049320
2018-08-30,153.992184,154.912303,149.788864,150.528033,143.511069,84330001
2018-08-31,150.214025,151.262129,148.988391,149.89132,142.906384,70440120
2018-09-04,149.231594,149.657626,147.000095,148.478806,141.568995,85009341
2018-09-05,147.893041,150.614607,144.708916,146.38466,139.574598,52616676
2018-09-06,147.228437,147.711344,144.37019,146.448292,139.637564,84198487
2018-09-07,146.687379,147.960306,145.063228,145.457302,138.694939,83960622
2018-09-10,145.861614,146.273085,145.787949,146.095052,139.309905,43144975
2018-09-11,145.637516,146.041998,144.002231,145.180132,138.439751,69313844
2018-09-12,145.171364,145.278468,143.979628,145.085111,138.351414,35137123
2018-09-13,144.956529,146.266278,144.530045,146.094597,139.316337,64355531
2018-09-14,146.10226,147.082,143.252796,143.878124,137.204954,102176815
2018-09-17,143.49807,145.626982,142.756037,145.43905,138.700318,67946572
2018-09-18,146.120061,147.631359,144.322269,145.667077,138.920061,75320667
2018-09-19,145.043498,145.759916,144.084188,144.817558,138.11216,67971524
2018-09-20,144.04888,144.413387,143.25175,143.905508,137.244595,80140004
2018-09-21,143.344017,144.384025,142.314944,143.937619,137.277474,88943611
2018-09-24,143.79122,145.673033,143.335582,145.494713,138.769358,74824326
2018-09-25,144.413474,147.466012,143.391468,146.433091,139.666655,82000365
2018-09-26,145.808033,146.257543,143.789059,144.845288,138.154491,69447981
2018-09-27,144.658489,145.034507,143.869797,143.931397,137.28507,49405233
2018-09-28,143.673755,143.949512,139.872162,140.407261,133.925868,68323003
2018-10-01,139.850986,141.225234,138.967448,140.791068,134.298576,87188610
2018-10-02,141.228933,142.372972,136.94802,137.842319,131.487967,50324664
2018-10-03,139.030751,139.916579,132.770515,133.339299,127.19462,50200745
2018-10-04,133.565949,134.354351,128.627552,130.477806,124.467038,160133966
2018-10-05,130.018401,132.198293,129.756473,131.429879,125.377311,69518176
2018-10-08,131.892799,133.7347,131.80031,133.35617,127.221163,63968728
2018-10-09,133.859546,137.069721,132.662333,136.416658,130.142992,57208081
2018-10-10,136.503623,140.20392,134.400873,139.45437,133.043188,72952895
2018-10-11,140.397948,141.246381,136.629316,138.056295,131.711551,72014898
2018-10-12,137.364093,140.838158,136.232096,140.756484,134.289851,119183994
2018-10-15,141.252618,142.182375,140.202205,141.206675,134.725998,77282847
2018-10-16,141.451578,143.636617,140.664424,142.316076,135.786714,51984980
2018-10-17,142.158791,142.596559,142.078774,142.173755,135.653151,80383933
2018-10-18,142.769177,145.037885,140.595814,141.276344,134.799113,76389673
2018-10-19,141.263097,141.690113,140.229212,141.577221,135.088415,53502491
2018-10-22,142.163985,143.532357,139.280823,139.965768,133.5574,58380127
2018-10-23,139.721571,142.415455,138.238101,141.761475,135.273112,85655968
2018-10-24,142.768025,146.325031,140.605001,145.773052,139.103366,92632452
2018-10-25,144.51187,147.085233,143.860822,146.876824,140.158939,64892061
2018-10-26,147.935644,148.784812,143.986332,145.368723,138.722094,78673455
2018-10-29,145.507528,146.249601,142.500388,143.70018,137.136599,87092246
2018-10-30,144.805667,145.974706,140.965258,141.81445,135.339224,66439982
2018-10-31,141.335301,146.163113,140.793287,144.761474,138.153958,84408134
2018-11-01,145.178152,145.531119,143.301607,143.956899,137.388364,88739260
2018-11-02,142.62019,143.155715,142.008043,142.293581,135.803171,97758040
2018-11-05,141.557005,145.43045,140.987077,145.077895,138.467308,72665890
2018-11-06,145.467141,147.723507,144.626354,147.48196,140.764142,64686977
2018-11-07,147.384015,149.47944,145.040836,148.923458,142.142315,91700062
2018-11-08,149.651175,149.737552,147.634568,147.915857,141.182914,54999456
2018-11-09,147.999851,149.204896,144.554612,145.582005,138.957578,78257589
2018-11-12,145.012102,147.619861,144.925526,146.90948,140.231559,106575622
2018-11-13,146.056512,152.265251,145.651945,151.40618,144.526231,50991258
2018-11-14,150.939341,151.181355,149.199237,150.492217,143.65616,58409724
2018-11-15,149.726221,158.996077,149.119636,157.651514,150.49272,105716743
2018-11-16,156.284303,156.870904,156.195035,156.721199,149.607107,78457124
2018-11-19,156.932376,157.653627,155.08146,155.554749,148.500924,80743735
2018-11-20,156.231246,157.830412,155.329692,156.125265,149.048018,60350301
2018-11-21,154.741209,157.532945,153.441587,155.773872,148.714997,46138864
2018-11-23,155.372101,158.400564,154.314606,157.667984,150.528223,72447654
2018-11-26,157.857154,159.034643,157.4715,157.711277,150.576976,70132532
2018-11-27,158.829753,160.064706,155.070534,156.200966,149.137436,44495196
2018-11-28,157.707565,159.98204,157.07206,158.881334,151.699087,98998492
2018-11-29,159.274083,166.05228,159.035468,164.786349,157.33975,95205422
2018-11-30,161.717942,168.112369,159.445397,165.748789,158.261298,59642460
2018-12-03,164.303368,168.331488,161.491399,166.663189,159.142234,47565806
2018-12-04,167.217182,168.534156,164.609932,165.970287,158.483203,81763724
2018-12-05,166.053273,169.896753,165.069832,168.953325,161.334324,100348543
2018-12-06,169.526721,170.279114,167.897227,168.757394,161.149875,48047458
2018-12-07,167.708627,170.215273,165.519176,169.928309,162.270672,115591590
2018-12-10,169.577174,172.140801,167.327971,172.006001,164.26283,51796880
2018-12-11,171.710968,173.878712,170.2228,172.69571,164.924199,65359453
2018-12-12,171.945518,174.069401,171.859474,173.680489,165.867387,85483102
2018-12-13,173.627045,179.742488,172.370882,179.031421,170.980413,87480520
2018-12-14,179.598629,182.444144,178.567602,181.862145,173.686693,81295565
2018-12-17,181.744673,182.022161,179.271715,181.918346,173.74893,73427450
2018-12-18,180.333579,186.822997,178.906174,185.404085,177.081044,93193642
2018-12-19,186.02193,188.065422,182.809298,183.257566,175.03376,66695994
2018-12-20,183.592407,184.274289,179.472821,180.469054,172.373216,47171427
2018-12-21,180.568387,182.926931,176.854235,177.875288,169.898597,70566127
2018-12-24,177.378379,180.924765,176.851367,179.378772,171.343102,39010647
2018-12-26,178.145509,178.304554,173.977169,174.933685,167.102632,63678814
2018-12-27,173.724124,175.152164,173.064115,173.186126,165.436022,67588533
2018-12-28,174.041583,174.63831,172.384703,172.728385,165.001476,49527290
2018-12-31,171.672666,176.944081,171.475858,176.653946,168.759745,52047542
2019-01-02,177.474558,178.645595,174.252297,176.150742,168.284557,57423132
2019-01-03,175.8236,178.407042,174.619069,177.924528,169.981925,102733520
2019-01-04,178.048305,179.053829,174.846558,177.943685,170.003019,81607571
2019-01-07,179.489105,180.194069,170.001772,170.139171,162.55479,75031366
2019-01-08,171.610393,171.78992,167.519476,168.56915,161.057402,54264776
2019-01-09,168.16669,170.043867,164.480464,164.847096,157.503797,68091387
2019-01-10,164.617727,165.022968,161.462576,163.059574,155.798461,89831136
2019-01-11,162.495799,164.126524,160.165366,160.375819,153.236732,84527638
2019-01-14,159.920078,161.261972,158.437704,160.580066,153.439449,103517661
2019-01-15,158.997845,163.443531,158.876766,161.613199,154.429178,92851011
2019-01-16,162.397139,163.189816,158.297452,158.575252,151.528763,83365507
2019-01-17,159.316078,160.636494,157.777829,158.718313,151.667958,76490487
2019-01-18,159.065912,160.928449,158.469122,159.624652,152.536543,48452329
2019-01-22,159.904757,160.673802,158.970409,159.491583,152.419397,65571513
2019-01-23,160.082753,163.611534,159.37343,163.292298,156.054144,75465975
2019-01-24,164.231935,165.053732,160.121107,161.623678,154.462026,86900506
2019-01-25,162.480988,169.3889,160.816664,168.709543,161.23656,71169051
2019-01-28,168.966034,169.227463,164.313691,164.640125,157.355151,64403116
2019-01-29,167.212242,169.613416,164.447594,165.231872,157.923308,50923001
2019-01-30,166.426902,167.99671,163.890505,166.120617,158.775351,50793939
2019-01-31,167.079571,173.162739,166.684281,171.626674,164.040644,135995550
2019-02-01,170.602214,175.053303,169.434162,173.973607,166.286572,67522153
2019-02-04,173.374278,179.147459,172.77392,177.780495,169.933627,82120066
2019-02-05,175.898672,178.284074,173.985274,174.060778,166.380823,65152297
2019-02-06,175.363022,175.998512,174.025233,175.536452,167.794144,83672434
2019-02-07,176.419315,183.595145,175.117587,182.503146,174.456427,64194497
2019-02-08,182.897036,183.054904,180.57604,181.132462,173.149022,68656985
2019-02-11,181.817109,183.664872,178.526559,179.70968,171.797416,105605067
2019-02-12,181.300605,185.655373,180.426747,183.950333,175.85425,79349906
2019-02-13,185.86321,193.902235,185.785789,191.385895,182.965561,89241717
2019-02-14,191.123412,191.86587,189.33191,190.793472,182.402199,96552047
2019-02-15,191.441908,195.904614,188.735002,194.425771,185.877799,60745173
2019-02-19,196.664527,199.48301,196.4714,199.160243,190.416631,62012421
2019-02-20,200.750469,201.98653,194.497278,195.375704,186.801311,71299888
2019-02-21,198.374406,200.463494,192.399443,192.97293,184.507018,139565976
2019-02-22,193.228408,197.403336,191.533188,195.156505,186.597862,46545178
2019-02-25,195.433449,195.639997,194.150557,195.102059,186.554997,52463059
2019-02-26,194.469233,196.481044,192.045943,195.26096,186.710005,67979674
2019-02-27,195.344536,196.969236,194.56516,195.984169,187.404621,57285731
2019-02-28,196.676033,197.141376,196.498332,196.942361,188.32396,72859306
2019-03-01,195.911705,199.241063,195.746204,197.881093,189.22472,69197391
2019-03-04,196.876333,197.182122,194.171795,194.693933,186.186159,59430788
2019-03-05,194.896559,196.373379,193.727145,194.028213,185.552577,65555358
2019-03-06,193.190358,199.03312,191.764023,194.960954,186.447637,58820171
2019-03-07,194.949774,202.590587,194.848152,202.134288,193.31091,98479538
2019-03-08,203.394272,206.643509,201.57641,204.725718,195.792438,66946237
2019-03-11,204.287041,208.224066,202.71894,206.383122,197.387247,60936903
2019-03-12,207.597124,209.330165,202.00098,203.401403,194.538692,30391694
2019-03-13,205.343909,205.807206,200.836533,201.955781,193.159233,98514985
2019-03-14,200.84633,208.178843,200.403256,205.898283,196.933246,48978872
2019-03-15,206.041397,207.828049,203.095559,203.718575,194.851647,75680532
2019-03-18,202.979073,207.754378,202.374311,206.997962,197.998054,58282683
2019-03-19,206.402911,207.517193,203.08841,207.418134,198.403217,65746886
2019-03-20,206.26874,214.45738,205.99017,212.897546,203.647825,47227412
2019-03-21,214.016843,220.295326,213.035189,218.059464,208.5889,37050314
2019-03-22,220.406439,224.685537,217.927276,221.639763,212.017186,42435355
2019-03-25,221.488816,225.268685,220.669076,222.565423,212.91315,36266042
2019-03-26,223.305116,226.726464,221.802086,224.567936,214.832347,60593847
2019-03-27,225.780573,227.263738,219.115447,221.898582,212.282203,88832367
2019-03-28,220.244011,225.776616,218.970838,223.548666,213.864291,55075106
2019-03-29,224.016982,225.661042,222.040104,224.222806,214.51275,71269860
2019-04-01,225.426499,227.334575,224.462074,225.325043,215.577879,69206551
2019-04-02,226.059702,231.398587,225.572069,231.029035,221.038757,55526311
2019-04-03,229.96642,230.358844,223.684222,225.35204,215.610791,86047561
2019-04-04,222.840121,228.272553,220.499476,226.8221,217.02087,67294390
2019-04-05,226.311891,227.947495,222.044598,222.766193,213.143725,88155620
2019-04-08,227.022416,229.629844,221.328206,227.504699,217.688277,69371353
2019-04-09,226.894559,227.673599,226.282556,227.157494,217.359623,93529942
2019-04-10,228.318411,234.014523,227.440371,233.75796,223.67907,73059900
2019-04-11,236.856464,237.241999,232.861047,234.029865,223.942929,80777628
2019-04-12,233.445972,234.231699,227.604324,228.641067,218.789989,63885395
2019-04-15,229.078261,235.839883,227.903186,233.803276,223.740808,122494792
2019-04-16,231.838969,238.910689,228.68115,235.211086,225.091726,109806090
2019-04-17,232.389306,238.776234,232.188234,238.543968,228.284969,76554208
2019-04-18,238.190351,241.882639,235.731054,239.137647,228.856876,69484300
2019-04-22,238.513312,244.820274,237.984629,243.768421,233.303898,108968410
2019-04-23,243.807197,249.53374,242.0835,249.252806,238.556767,73895598
2019-04-24,248.695688,253.927939,246.907061,251.142159,240.368991,77321485
2019-04-25,252.585272,252.757276,245.208668,248.226845,237.582638,89137940
2019-04-26,244.151374,253.399803,243.483505,252.816364,241.979328,62551555
2019-04-29,254.468406,254.82502,246.060694,249.088232,238.422753,57468917
2019-04-30,248.591844,248.733715,246.940159,247.496832,236.903386,83353573
2019-05-01,248.701135,253.41029,248.190309,252.889121,242.068849,89312886
2019-05-02,253.522778,257.199781,253.307613,256.506963,245.535929,62337576
2019-05-03,257.136389,261.960423,255.006281,256.855448,245.873547,82708649
2019-05-06,257.103849,259.464102,255.018286,256.295741,245.349862,48324731
2019-05-07,255.317298,265.336052,252.14214,261.50898,250.344566,100112200
2019-05-08,260.597581,269.047434,260.0565,267.160755,255.759255,82615219
2019-05-09,266.866647,267.431909,265.338417,266.961071,255.572291,41852383
2019-05-10,267.476842,275.664918,266.340208,271.117507,259.555674,50985374
2019-05-13,272.313672,273.454614,269.99364,270.418122,258.898873,83700865
2019-05-14,272.745389,273.772934,271.054745,273.059881,261.432393,102952273
2019-05-15,273.142213,273.8544,271.152636,271.941168,260.365594,48538271
2019-05-16,272.975433,274.858993,267.47841,268.35153,256.932975,69077624
2019-05-17,265.433402,271.312047,261.252387,269.190459,257.740441,45049301
2019-05-20,270.291335,273.883755,267.109095,273.679127,262.051098,39420840
2019-05-21,273.447693,275.378845,272.565038,274.387119,262.733324,46376725
2019-05-22,271.521988,276.153295,270.314016,275.537751,263.83942,59120400
2019-05-23,273.439402,278.30667,272.975607,278.022326,266.222882,69028893
2019-05-24,279.763123,281.718817,278.407671,278.538622,266.721649,83534508
2019-05-28,277.309135,278.636934,275.171136,275.312614,263.649827,85210660
2019-05-29,275.263209,276.862574,273.003189,274.680828,263.049126,55615201
2019-05-30,274.257393,281.287614,271.027231,278.178324,266.402892,84305424
2019-05-31,277.961635,289.177642,276.9532,287.681835,275.50864,67797884
2019-06-03,288.569416,291.492753,288.205862,290.035191,277.776103,65445410
2019-06-04,288.503388,293.962449,287.171456,293.829298,281.414466,59571255
2019-06-05,293.623347,297.252128,291.259016,295.5525,283.069509,65819261
2019-06-06,293.48966,293.881866,289.582264,292.041921,279.711798,64209119
2019-06-07,291.864114,297.63926,291.579987,294.53241,282.101772,114249913
2019-06-10,295.891246,298.66319,294.894671,298.076451,285.510307,46208720
2019-06-11,297.763114,297.962027,289.897539,292.943779,280.598625,54508148
2019-06-12,293.747392,296.158126,292.097891,294.281505,281.884608,79526698
2019-06-13,292.919546,293.859292,287.530683,290.897259,278.647504,70496017
2019-06-14,290.421063,292.649391,288.594579,291.399682,279.133355,70000752
2019-06-17,292.892036,296.539788,290.020959,294.429046,282.049099,54971799
2019-06-18,292.505052,294.880085,290.839981,293.799919,281.451048,73344203
2019-06-19,292.672386,293.763722,286.817956,288.419549,276.301362,75299568
2019-06-20,288.180577,289.010716,284.428898,285.863733,273.85743,54781182
2019-06-21,287.519113,288.398308,280.771421,281.550067,269.729369,52327401
2019-06-24,281.415309,289.464713,280.505926,288.323181,276.231731,78719969
2019-06-25,286.961722,295.212065,285.67291,294.545375,282.197619,87077997
2019-06-26,294.846528,295.071198,288.909081,289.560183,277.425971,47671709
2019-06-27,290.862744,295.295877,290.58178,295.020905,282.662501,74381354
2019-06-28,294.695217,295.486067,286.106925,287.095751,275.07385,43791875
2019-07-01,288.354566,290.724179,281.53919,281.732131,269.94813,31151841
2019-07-02,281.165206,285.124469,280.394743,283.506831,271.653063,92023660
2019-07-03,282.722738,290.135909,281.769715,288.848435,276.775874,37090173
2019-07-05,288.906888,292.995617,285.977074,287.112214,275.121258,59683302
2019-07-08,289.500285,290.168498,288.282956,289.082733,277.023132,65409565
2019-07-09,288.06815,288.327156,284.188136,284.578509,272.711289,39347731
2019-07-10,284.467273,285.061334,279.963022,280.811986,269.106255,35912657
2019-07-11,282.526017,284.99892,280.500207,284.134614,272.294851,57012777
2019-07-12,284.47425,286.238404,283.142677,283.28347,271.483633,45462813
2019-07-15,281.554881,289.238871,280.136587,287.530698,275.567528,99566746
2019-07-16,287.389889,288.488539,284.500578,286.098698,274.199613,73256950
2019-07-17,285.047281,289.798529,283.994443,289.666155,277.623257,92194629
2019-07-18,290.024571,293.016622,284.740558,284.978148,273.134641,94724013
2019-07-19,283.487581,288.036687,281.674438,286.097831,274.212295,59614305
2019-07-22,284.929556,286.766408,284.730721,286.569113,274.677534,98975458
2019-07-23,290.256207,291.903242,289.090363,289.327281,277.325805,53473012
2019-07-24,290.547041,294.155876,278.944363,284.582909,272.782713,34909401
2019-07-25,286.77402,287.845347,282.34806,282.743311,271.023846,105422964
2019-07-26,284.324091,290.468195,282.518735,288.945472,276.973482,89544983
2019-07-29,287.928395,291.368449,282.192391,284.424854,272.653605,87038682
2019-07-30,284.104544,284.67183,277.984334,279.294746,267.740211,85915539
2019-07-31,279.321788,282.390776,275.145191,276.538743,265.10258,143170615
2019-08-01,277.903451,279.664697,275.066067,276.711658,265.272701,48057254
2019-08-02,278.457937,279.539584,276.715838,279.128319,267.593856,78911397
2019-08-05,278.159219,283.348638,276.816235,282.858478,271.183237,82588966
2019-08-06,281.692904,283.887113,280.221356,282.367154,270.71664,102646395
2019-08-07,282.494511,286.71169,280.550457,284.198395,272.4768,70088803
2019-08-08,284.516612,285.572099,282.331297,282.805067,271.145393,46878778
2019-08-09,282.589491,285.658079,278.299243,279.315584,267.804176,77346727
2019-08-12,275.991262,280.088775,273.181975,279.233261,267.738439,73064327
2019-08-13,277.70578,278.394642,272.044279,272.463838,261.251976,68447622
2019-08-14,272.509285,281.614658,272.286174,279.36712,267.875589,93277681
2019-08-15,280.317301,284.017729,272.694744,274.801279,263.501888,88804643
2019-08-16,275.564734,279.040042,274.000673,277.726501,266.311205,46565404
2019-08-19,280.510745,286.961108,277.419035,283.842332,272.189072,45137608
2019-08-20,283.608485,287.242339,283.363282,283.833861,272.185421,101767745
2019-08-21,278.218564,280.747552,274.519999,277.382446,266.003139,75519593
2019-08-22,275.956933,278.677636,274.152507,275.812922,264.502348,63682214
2019-08-23,276.649243,283.647056,275.856431,279.921741,268.447081,72219913
2019-08-26,282.77677,283.277539,278.880618,280.728842,269.234365,50974503
2019-08-27,279.333488,288.1303,277.80506,287.980787,276.193916,99289225
2019-08-28,287.400457,291.621917,286.690055,290.159535,278.28806,69378271
2019-08-29,290.456918,295.136895,289.399138,293.745524,281.731961,65429932
2019-08-30,294.802953,297.641034,294.320644,295.421404,283.343956,70821204
2019-09-03,296.351838,305.467516,294.890636,304.110744,291.697224,96290890
2019-09-04,303.01986,311.738333,301.034826,310.490898,297.821839,70789040
2019-09-05,311.608118,316.859147,308.808568,316.122365,303.228504,60392221
2019-09-06,313.995804,325.36303,313.587872,325.075077,311.821179,109546922
2019-09-09,320.373082,329.094975,314.65791,322.922994,309.772106,51564054
2019-09-10,320.800123,332.676924,316.667427,332.432334,318.89942,77911172
2019-09-11,332.350947,338.254311,328.401299,332.620594,319.085258,83600554
2019-09-12,332.284557,332.53832,328.36483,328.990981,315.608529,80035046
2019-09-13,326.691343,330.648205,323.626366,328.661813,315.297931,59094084
2019-09-16,325.594322,340.752712,323.944324,337.206202,323.510835,91580319
2019-09-17,338.793483,340.016667,334.533396,334.847386,321.253097,80894042
2019-09-18,331.573283,334.709199,330.716653,333.999164,320.444576,63361285
2019-09-19,335.409873,336.62145,327.445123,330.115066,316.723308,37283255
2019-09-20,332.806153,335.241766,323.739114,327.774669,314.483019,81946934
2019-09-23,326.569914,332.258336,322.428782,328.976301,315.65148,43826254
2019-09-24,330.044151,336.564031,329.844623,334.577711,321.031284,55659427
2019-09-25,334.524481,338.011517,333.730106,337.48247,323.823754,107402981
2019-09-26,337.319753,341.716651,335.194358,341.205547,327.401528,87189426
2019-09-27,341.638369,348.628359,340.742012,341.028109,327.236644,58107802
2019-09-30,339.936741,344.20881,337.206465,343.069586,329.211786,82607732
2019-10-01,344.592109,352.605163,343.919053,347.723255,333.682957,77087440
2019-10-02,346.708998,351.189778,344.817691,350.093442,335.96296,43428152
2019-10-03,350.280874,351.722382,346.923931,349.758711,335.647254,75498483
2019-10-04,348.90844,352.788677,348.178086,350.605935,336.465822,65911480
2019-10-07,345.753973,350.589183,344.59022,349.661121,335.57565,59516788
2019-10-08,348.633828,351.569699,344.717584,350.24757,336.143997,57642895
2019-10-09,347.892443,350.090324,345.388007,347.547403,333.558038,85835163
2019-10-10,346.467292,347.169413,343.10248,346.073417,332.148839,40590177
2019-10-11,345.621045,352.442071,337.483603,349.948938,335.873943,42246989
2019-10-14,347.955092,349.511624,342.550898,347.883643,333.908168,60569797
2019-10-15,346.213914,355.34778,344.712583,354.599122,340.359459,39824069
2019-10-16,351.312953,355.666193,350.71727,353.495614,339.305838,137118261
2019-10-17,352.878389,354.513527,347.301663,351.071829,336.984883,71326400
2019-10-18,351.841447,354.608964,334.843713,337.445891,323.911013,54245844
2019-10-21,331.997834,336.532476,329.144284,335.366636,321.931022,88117653
2019-10-22,334.169166,343.250593,322.778366,327.036308,313.939584,58731133
2019-10-23,326.922406,327.947872,321.330124,322.762317,309.841842,47294631
2019-10-24,322.563467,324.196433,311.207814,316.224714,303.570932,77200623
2019-10-25,318.27504,324.69885,317.784364,324.04624,311.084589,84935341
2019-10-28,325.251342,335.461541,324.762281,333.500088,320.176067,84354714
2019-10-29,332.159273,334.147291,330.232522,333.951893,320.615089,54168939
2019-10-30,334.267932,341.795945,334.127335,339.36659,325.818895,112304458
2019-10-31,341.651007,343.282843,334.912336,335.993992,322.586232,52427051
2019-11-01,338.264944,340.128188,335.361685,336.412211,322.993067,37261868
2019-11-04,333.86281,339.950779,332.909406,338.378266,324.896709,63442033
2019-11-05,340.926334,341.190676,326.977351,332.361125,319.124544,125346473
2019-11-06,331.72379,333.346926,331.586512,331.88147,318.669226,66338928
2019-11-07,331.694044,338.203756,329.107751,336.98654,323.576378,48801652
2019-11-08,335.247927,342.208461,333.619655,339.466045,325.962568,76679491
2019-11-11,340.476573,343.256828,337.074174,340.973626,327.426315,65047156
2019-11-12,339.836336,351.266401,337.587491,349.994845,336.09463,82535345
2019-11-13,349.823036,359.47803,349.301096,357.536188,343.342106,49595798
2019-11-14,356.678722,360.292198,354.962227,359.515317,345.248335,52378973
2019-11-15,359.148491,367.170513,354.039724,365.396519,350.901912,155599751
2019-11-18,366.386445,370.921193,359.972009,361.771988,347.438281,37471898
2019-11-19,363.191132,370.79678,360.874,369.108288,354.489734,69723442
2019-11-20,369.739727,371.192471,366.637687,367.030531,352.500057,56873562
2019-11-21,370.120844,380.384764,368.327779,375.178202,360.331087,47158272
2019-11-22,376.061179,378.858747,372.876462,377.714095,362.772585,59695332
2019-11-25,378.765128,379.40826,375.792514,376.097912,361.238137,75050596
2019-11-26,375.265479,382.512225,372.485922,381.94484,366.860077,74381347
2019-11-27,382.968397,385.129055,372.874411,373.282165,358.545421,95114327
2019-11-29,375.268847,375.585623,372.821663,373.8825,359.133854,42615432
2019-12-02,371.329826,375.81241,370.370467,373.178076,358.474883,45913463
2019-12-03,373.133233,377.711753,368.934361,373.583823,358.870538,87972610
2019-12-04,375.495436,379.811826,374.065947,379.256625,364.325906,61239016
2019-12-05,380.652294,391.744537,377.567984,389.401715,374.077746,52816015
2019-12-06,386.493741,399.487894,382.925099,398.790421,383.103276,62941487
2019-12-09,400.506835,410.523693,398.720118,407.432401,391.424596,96942777
2019-12-10,407.677539,407.92636,402.23918,404.038307,388.170231,68994513
2019-12-11,401.180701,408.777464,400.092804,405.173498,389.267234,126249930
2019-12-12,405.882328,408.965036,398.25265,399.887253,384.194827,103683507
2019-12-13,400.393913,412.145068,399.782881,411.110897,394.984519,97289931
2019-12-16,411.827398,421.577255,408.316293,418.592092,402.192074,102253489
2019-12-17,416.743939,422.29937,414.888881,420.765336,404.286815,44498908
2019-12-18,420.01919,420.766022,416.856048,419.406079,402.98741,112820516
2019-12-19,419.657863,420.744274,416.445328,417.323056,400.992519,64650712
2019-12-20,417.238801,420.173393,411.873724,416.291129,400.007545,91723622
2019-12-23,417.747442,418.142079,416.074472,416.551449,400.277408,83778378
2019-12-24,417.443489,420.328905,408.528763,412.082147,395.989219,121424736
2019-12-26,412.118206,425.771494,411.522617,422.050237,405.581353,88900357
2019-12-27,421.121425,423.311181,412.350475,418.694765,402.363425,56056941
2019-12-30,419.178764,434.94994,415.808133,433.591008,416.69917,76521140
2019-12-31,432.015037,432.663446,426.285305,429.338588,412.619193,51628918
2020-01-02,433.906508,437.461724,410.161303,415.110012,398.957817,75782265
2020-01-03,414.200307,419.982737,413.236312,416.556169,400.354279,40908533
2020-01-06,417.240271,426.194216,409.072964,425.926161,409.380002,91604341
2020-01-07,426.090855,432.922779,422.747978,430.067148,413.366912,64570281
2020-01-08,429.167998,431.491378,414.877079,417.518349,401.311996,51748690
2020-01-09,416.464864,427.562332,414.218867,427.018049,410.449699,43921093
2020-01-10,423.146299,425.352987,419.380403,424.963396,408.481478,41955787
2020-01-13,431.118917,435.72688,426.191626,435.090544,418.236462,82122918
2020-01-14,434.464742,440.902188,428.620483,435.860211,418.983197,41888418
2020-01-15,435.873257,449.707535,435.63247,447.887042,430.551407,80600785
2020-01-16,451.350326,455.92115,446.897841,448.995656,431.624202,58216926
2020-01-17,455.033046,457.576694,453.742011,455.098143,437.497773,44163527
2020-01-21,457.336606,481.105731,454.577223,473.344469,455.068346,39001049
2020-01-22,468.325018,470.898822,466.155162,466.918535,448.897895,48807420
2020-01-23,463.786473,465.43033,463.052395,464.481488,446.562241,85907884
2020-01-24,466.266105,467.026522,457.377856,457.756618,440.104039,46751544
2020-01-27,457.881261,464.195485,455.985099,463.180693,445.340891,98419449
2020-01-28,463.926836,469.0676,456.800909,458.477343,440.825936,125567238
2020-01-29,461.052378,478.61921,460.652484,477.724196,459.339329,72433010
2020-01-30,477.238383,483.982233,469.401809,480.85729,462.359444,127099102
2020-01-31,479.792083,487.648091,478.078983,487.289983,468.552378,57569645
2020-02-03,484.850407,489.824571,481.296805,488.536968,469.774563,78567946
2020-02-04,492.689646,494.69828,475.812884,477.943612,459.595599,49580439
2020-02-05,477.927196,487.477337,467.185227,470.789676,452.723735,100961825
2020-02-06,470.191401,484.983887,469.721888,482.067361,463.576269,43885598
2020-02-07,476.697304,476.918945,463.170473,468.002899,450.058683,65105079
2020-02-10,469.034028,471.384058,465.527338,467.871922,449.954902,51749758
2020-02-11,468.675272,469.243154,463.920389,467.188137,449.304683,79572055
2020-02-12,469.362694,471.675569,467.64629,470.161977,452.172115,67657966
2020-02-13,469.574302,470.020356,461.379114,462.583127,444.890564,60465564
2020-02-14,465.291739,473.154671,451.960525,453.90263,436.549244,74090588
2020-02-18,453.898532,455.255721,447.518784,451.967957,434.7171,66167048
2020-02-19,451.470332,462.248647,449.810259,459.25741,441.735584,114625248
2020-02-20,458.830533,464.63857,456.799051,462.987799,445.330964,66685288
2020-02-21,462.597001,467.523678,458.118972,460.954794,443.382774,76073227
2020-02-24,459.517057,463.258046,457.176643,458.956737,441.482641,68407892
2020-02-25,457.171561,464.512416,453.197777,456.511481,439.137699,58476925
2020-02-26,454.989053,456.129058,444.638793,450.06749,432.946064,55072274
2020-02-27,450.036741,452.801783,445.937186,446.558941,429.578043,61097102
2020-02-28,443.958538,451.398885,441.908939,450.889072,433.750641,101649404
2020-03-02,451.624015,452.732779,446.426167,447.967033,430.960907,113843128
2020-03-03,449.772547,454.054787,443.398488,446.644092,429.695247,104355929
2020-03-04,445.85339,450.387781,443.461483,448.489301,431.477524,81564697
2020-03-05,450.223765,451.134669,442.58395,444.156734,427.316317,98581451
2020-03-06,440.806544,445.484405,438.30707,443.613569,426.800757,60722245
2020-03-09,442.322159,443.37775,438.210685,442.653078,425.897657,91345847
2020-03-10,444.639747,449.792918,440.643669,448.97686,431.989165,154198532
2020-03-11,451.129431,455.083036,442.358625,443.445691,426.674285,82105172
2020-03-12,445.053596,445.333716,440.153333,442.708844,425.972304,106819974
2020-03-13,442.444309,446.786194,434.862159,439.417358,422.812197,133793553
2020-03-16,439.073458,441.043783,435.504435,437.643353,421.125984,31128995
2020-03-17,441.719285,443.09104,435.249725,440.107301,423.503895,78105306
2020-03-18,440.581628,446.191538,439.236201,443.356766,426.637779,97116637
2020-03-19,445.059116,458.927519,443.961557,454.284505,437.160615,78814358
2020-03-20,457.951226,461.391007,452.636586,454.631844,437.502048,45989568
2020-03-23,453.706366,462.529026,449.873321,459.456188,442.166409,66607257
2020-03-24,458.235807,458.888156,455.158922,458.256209,441.01883,56216210
2020-03-25,455.987645,460.157511,451.852817,455.925114,438.782628,97602021
2020-03-26,453.003776,457.767483,452.28929,457.311346,440.123968,87356270
2020-03-27,459.526484,461.001578,459.267406,460.785114,443.474464,39759123
2020-03-30,461.778856,462.244869,452.538773,453.385345,436.374193,35977742
2020-03-31,454.531673,456.30853,449.695481,451.245391,434.321665,116440487
2020-04-01,449.550218,458.367865,444.028099,457.127685,439.990574,106215641
2020-04-02,463.010845,463.847283,459.956006,461.434919,444.143632,93438698
2020-04-03,457.57176,462.392955,454.196784,455.894948,438.818468,58638437
2020-04-06,458.452176,459.069138,452.989952,454.987619,437.966707,66006050
2020-04-07,455.792287,465.097138,453.548172,457.755022,440.637822,67836157
2020-04-08,457.971356,460.167242,455.011381,459.948677,442.756721,50711592
2020-04-09,461.30896,468.272192,455.553745,464.478302,447.124383,73343586
2020-04-13,461.918258,464.030808,459.516965,463.698871,446.403404,65796254
2020-04-14,462.824461,466.580602,459.257015,461.238469,444.042067,46511962
2020-04-15,459.993641,468.100228,457.148818,467.67481,450.245836,87198494
2020-04-16,468.354499,471.025278,454.664628,458.028478,440.966241,51007311
2020-04-17,456.169126,458.822694,452.844736,458.48476,441.412777,75949230
2020-04-20,460.415079,463.252454,453.184873,454.190407,437.299877,76421270
2020-04-21,452.107126,459.202119,449.784741,453.551025,436.691446,58100171
2020-04-22,453.466495,456.824342,449.995385,450.701595,433.955065,90858341
2020-04-23,442.654331,493.724632,442.05835,484.377724,466.387566,60177047
2020-04-24,482.224521,485.644638,469.181076,470.369875,452.907419,87742770
2020-04-27,478.794124,505.253735,477.88632,504.634808,485.924214,50072661
2020-04-28,511.128176,523.850355,471.867716,492.062493,473.825832,87607134
2020-04-29,494.775111,510.571749,477.723288,501.106527,482.542607,87374944
2020-04-30,501.404571,509.383602,476.217347,478.886862,461.153663,86403650
2020-05-01,471.497692,503.778172,468.047094,490.691047,472.528501,48999430
2020-05-04,485.94361,495.731238,482.662637,485.95763,467.993351,93243570
2020-05-05,477.782666,487.787947,449.342289,460.997001,443.962728,60467829
2020-05-06,459.27879,462.165097,444.700024,453.319224,436.575824,66751558
2020-05-07,459.020004,461.949754,429.553232,442.185221,425.860052,110186359
2020-05-08,440.102109,464.977841,438.903404,464.432095,447.292935,89360784
2020-05-11,467.139992,468.440103,444.548897,449.276058,432.717532,129706179
2020-05-12,441.123514,484.774771,438.641578,479.251725,461.595999,45583723
2020-05-13,486.755799,491.506951,433.063605,448.275849,431.768372,50783614
2020-05-14,465.503114,472.396643,446.967974,448.581451,432.069818,85203716
2020-05-15,454.371591,487.352499,450.200211,466.086473,448.937881,51936288
2020-05-18,460.836055,462.225649,452.902706,457.259971,440.457836,48318244
2020-05-19,447.030349,448.927448,416.164333,419.220539,403.822806,188856568
2020-05-20,418.668876,426.878135,399.232684,425.829148,410.195423,79547592
2020-05-21,428.404637,437.013155,384.060105,384.773203,370.652878,77845784
2020-05-22,383.853574,394.546943,380.795328,389.967673,375.662894,58021246
2020-05-26,385.74907,392.572523,338.403254,345.263533,332.620444,101527912
2020-05-27,350.168861,366.421142,322.889198,331.438048,319.306476,54972014
2020-05-28,332.300123,342.911151,318.796596,331.737102,319.599833,66494032
2020-05-29,330.483332,333.397902,309.561134,311.681519,300.282957,97126249
2020-06-01,301.641797,307.898329,298.19462,304.66635,293.538806,94518715
2020-06-02,310.272979,322.139513,264.799762,273.706285,263.71385,77736159
2020-06-03,281.446194,297.342543,273.788526,274.089405,264.087322,41522398
2020-06-04,275.616406,294.481636,269.881746,281.002485,270.752576,77624968
2020-06-05,288.477929,308.907122,287.8661,307.892069,296.666203,73796159
2020-06-08,300.34028,312.011187,296.326876,299.853423,288.934888,34440235
2020-06-09,307.152834,320.634763,300.848183,308.990421,297.744073,73315103
2020-06-10,306.216892,312.795336,287.367252,289.122122,278.603498,75760109
2020-06-11,284.829368,291.231709,265.54848,269.718534,259.910106,70973931
2020-06-12,268.895571,275.219513,241.556602,242.354769,233.545273,108393549
2020-06-15,249.898846,254.110182,239.760324,250.38424,241.294767,74833967
2020-06-16,242.13972,255.422686,241.053629,252.474089,243.312747,97487944
2020-06-17,244.018814,253.897919,242.773975,252.208574,243.060859,66299914
2020-06-18,246.932951,254.146858,246.056479,253.458716,244.269671,52831622
2020-06-19,252.373428,254.465526,244.345978,246.665477,237.726623,64652699
2020-06-22,242.417462,250.295581,236.054887,248.856844,239.850397,56866136
2020-06-23,247.239718,258.856904,246.510906,249.156734,240.143378,64131057
2020-06-24,246.565181,250.697823,214.907286,218.298144,210.404568,86797722
2020-06-25,216.932616,223.728283,206.091257,207.894986,200.380876,63676815
2020-06-26,211.105404,212.551044,200.941581,202.764723,195.439251,91866891
2020-06-29,205.620299,205.743484,197.596064,201.002564,193.750303,56807761
2020-06-30,204.037081,215.096567,198.371158,213.159606,205.472089,106979439
2020-07-01,217.956553,220.09222,213.117948,215.507593,207.738809,89088829
2020-07-02,210.643846,212.684377,203.164889,203.729093,196.388135,134419090
2020-07-06,205.828936,215.369923,203.394577,214.565605,206.847768,79278344
2020-07-07,214.081159,231.796278,209.654842,229.279436,221.035979,55213423
2020-07-08,233.995464,239.236261,229.241155,231.149927,222.842879,40019803
2020-07-09,230.575805,238.435963,229.978379,237.539792,229.006868,61948307
2020-07-10,238.072337,249.532759,234.470457,243.734776,234.983175,71197521
2020-07-13,238.433494,250.802183,228.491019,243.582964,234.848387,69348325
2020-07-14,242.157462,256.283809,241.67298,252.708097,243.650307,71923355
2020-07-15,258.555656,263.912414,253.044648,259.928425,250.615954,66718519
2020-07-16,259.901188,265.168352,246.379783,262.469291,253.069946,61760176
2020-07-17,264.861855,267.137331,262.108245,262.893759,253.483377,54681445
2020-07-20,259.580927,271.564623,256.905421,263.588334,254.165614,60345475
2020-07-21,261.141144,267.775339,240.115201,242.494371,233.829557,84876455
2020-07-22,246.819195,247.301661,235.531592,241.443871,232.820418,71969263
2020-07-23,240.205946,244.013582,237.205573,240.796078,232.199576,41389509
2020-07-24,241.376533,244.410849,229.306934,232.956034,224.643114,55760207
2020-07-27,236.862551,243.772912,229.391521,242.373168,233.735721,65053924
2020-07-28,241.920904,247.276237,225.600061,233.327941,225.016536,58236873
2020-07-29,231.970601,234.546888,219.123995,222.707566,214.777998,95195499
2020-07-30,222.48967,225.306872,222.164169,224.056568,216.082518,58012044
2020-07-31,221.636398,230.604237,218.155098,226.577426,218.51725,115108965
2020-08-03,222.580138,228.409443,219.193178,221.765597,213.887135,124400293
2020-08-04,226.66995,229.161715,208.119184,213.972574,206.374358,90557525
2020-08-05,215.656645,217.151472,208.191641,211.253886,203.755558,45771467
2020-08-06,208.799652,210.078439,199.410964,203.255621,196.044407,59346343
2020-08-07,204.173797,206.997468,191.487251,194.153492,187.268284,43684792
2020-08-10,194.044291,195.507895,185.044049,186.123034,179.531456,52801754
2020-08-11,186.214022,189.255133,184.443686,186.81631,180.20314,62241424
2020-08-12,185.551511,189.303515,182.889103,184.082488,177.56901,51823140
2020-08-13,185.22414,188.491421,178.844798,179.594295,173.24247,94330862
2020-08-14,176.128753,177.800494,174.236672,175.727157,169.514888,68305036
2020-08-17,172.984026,174.157534,167.245044,167.864222,161.937903,65612775
2020-08-18,172.61638,174.55987,164.021191,166.478271,160.60352,50760267
2020-08-19,168.0169,174.829678,166.177569,168.777455,162.824244,67774975
2020-08-20,168.2878,174.561104,165.153768,171.728162,165.673594,86302837
2020-08-21,173.825872,175.574098,158.528471,164.652465,158.849972,51225566
2020-08-24,168.393389,170.468987,162.365839,163.093649,157.353844,71666695
2020-08-25,163.441946,166.200747,151.284824,155.879182,150.395749,58718734
2020-08-26,151.775241,159.313168,149.854815,158.455854,152.884291,36359689
2020-08-27,155.946976,161.382321,154.723556,160.870838,155.21691,66971703
2020-08-28,158.085903,174.841644,157.855402,168.335356,162.42175,76921283
2020-08-31,167.229528,170.411051,161.198754,163.47223,157.737238,90593696
2020-09-01,167.587017,177.215949,165.519921,170.301527,164.329647,61081303
2020-09-02,170.030789,172.657913,157.393826,158.59753,153.038583,85018508
2020-09-03,158.336384,163.074465,137.950311,139.715956,134.821035,117953423
2020-09-04,142.423532,154.565412,140.662659,150.569257,145.296479,53503250
2020-09-08,146.702397,151.362338,144.777922,147.06186,141.921233,44004450
2020-09-09,146.496463,155.219895,144.398666,148.08163,142.907704,25957561
2020-09-10,151.202497,153.517847,147.71208,153.06794,147.722221,73344022
2020-09-11,150.298114,153.696924,146.857832,150.895872,145.628402,36665756
2020-09-14,150.073984,153.033741,144.531773,145.822712,140.739271,84961431
2020-09-15,146.420033,147.616032,136.531527,138.161907,133.347715,44530733
2020-09-16,139.563986,144.656663,137.880431,141.364791,136.441237,70334772
2020-09-17,142.714394,146.928654,141.082024,143.305456,138.316584,70079984
2020-09-18,140.500292,141.811048,136.719796,139.695332,134.834354,70625608
2020-09-21,139.458358,146.229289,138.819115,145.920026,140.849388,76636328
2020-09-22,145.394474,150.605513,143.901992,148.569523,143.409172,80126544
2020-09-23,147.115555,147.348072,142.941767,143.172047,138.20144,61987979
2020-09-24,142.391503,144.200159,130.702088,135.563942,130.859621,95244767
2020-09-25,134.309642,146.294745,127.668608,143.415709,138.441191,62979903
2020-09-28,145.301314,148.639631,133.908401,137.380946,132.622285,85227438
2020-09-29,135.482009,138.002169,133.830207,136.248324,131.531056,64599575
2020-09-30,139.039993,142.763707,138.590334,139.497187,134.669648,30853705
2020-10-01,137.969893,138.027297,132.610143,133.856167,129.225967,51631224
2020-10-02,134.65016,138.03513,132.7025,132.923462,128.327634,118732196
2020-10-05,134.219184,134.540335,130.859148,133.062852,128.468535,57003493
2020-10-06,132.154244,139.872839,130.408568,139.429284,134.617362,56986727
2020-10-07,138.827368,139.069756,136.141823,137.818283,133.064145,94182510
2020-10-08,132.812142,134.41974,132.555377,133.814682,129.200774,61834309
2020-10-09,134.958588,136.188632,127.167987,128.544067,124.113927,92908106
2020-10-12,127.724075,131.936685,126.261243,129.78555,125.3188,47432709
2020-10-13,128.945746,135.186486,125.164329,134.684327,130.051115,72103578
2020-10-14,135.505066,140.621123,134.656541,138.449347,133.688812,75850472
2020-10-15,138.64784,139.67751,131.351727,131.493592,126.974314,78213973
2020-10-16,130.466724,130.610054,124.208629,125.802374,121.480692,91767582
2020-10-19,126.528211,129.152217,122.369371,122.810043,118.597001,46969893
2020-10-20,123.115349,126.264139,121.950307,126.178691,121.852088,87014422
2020-10-21,126.798115,132.379684,125.033133,132.227341,127.69543,47213401
2020-10-22,133.607455,135.982717,121.229311,123.631634,119.39629,145001529
2020-10-23,127.162294,130.031022,124.760563,125.524368,121.226176,87960690
2020-10-26,124.545015,129.445032,120.635692,129.017253,124.605598,87564155
2020-10-27,131.419145,133.623602,130.088117,130.155561,125.707047,51429130
2020-10-28,129.711533,135.402128,128.654749,129.495706,125.071799,69585452
2020-10-29,130.197492,133.250394,129.551758,130.969306,126.497135,91035606
2020-10-30,131.10254,132.255407,125.139541,126.190916,121.883914,81055303
2020-11-02,124.033489,126.585781,118.370315,119.292547,115.226671,74807056
2020-11-03,116.956971,121.002597,114.963931,119.58472,115.510782,81933487
2020-11-04,119.911469,121.303019,117.860734,118.45404,114.420501,66195694
2020-11-05,118.797338,121.930355,118.578161,121.489322,117.354355,99714782
2020-11-06,120.889251,122.673804,120.192136,121.908603,117.761301,65636739
2020-11-09,120.476739,123.469796,119.790826,122.698175,118.529853,70247164
2020-11-10,123.106295,125.50905,122.764241,124.001101,119.790483,39241007
2020-11-11,121.928346,125.753082,121.6572,125.109873,120.863591,66926882
2020-11-12,125.649484,126.248168,124.354451,125.000398,120.759815,71563491
2020-11-13,124.460091,126.779354,124.105107,125.794353,121.528832,103717185
2020-11-16,126.538072,128.266465,125.994881,127.255477,122.94647,73871575
2020-11-17,127.802782,128.517245,124.693522,125.335839,121.093822,81703413
2020-11-18,125.891998,127.687272,125.21221,127.558631,123.243408,146794506
2020-11-19,128.637772,130.364886,125.447988,127.11173,122.813643,122160137
2020-11-20,127.058803,128.241897,126.76185,126.85521,122.56781,67025166
2020-11-23,128.048692,129.335821,122.31792,122.948877,118.799356,61974901
2020-11-24,122.390881,125.352627,122.183489,125.102177,120.881968,57264880
2020-11-25,125.069198,131.353703,123.370548,128.513588,124.180338,69188344
2020-11-27,128.211766,129.418661,125.731723,127.621633,123.32251,109597664
2020-11-30,128.857609,129.642136,126.104572,126.174654,121.930283,84328222
2020-12-01,125.587291,127.836926,125.41701,127.098969,122.825522,47446290
2020-12-02,127.508854,128.234629,125.739297,126.5389,122.286294,98095049
2020-12-03,125.743882,126.72056,125.05432,125.995769,121.763416,90470025
2020-12-04,125.763849,128.680181,124.365537,127.030522,122.765427,31112524
2020-12-07,126.920952,127.466709,125.75792,126.070529,121.84367,81177936
2020-12-08,125.660481,128.110637,123.994008,126.530172,122.289912,53894270
2020-12-09,126.538518,128.327352,125.652036,126.553264,122.314239,117624442
2020-12-10,126.544863,126.759049,125.089924,125.805925,121.593931,94748073
2020-12-11,125.195036,126.623952,124.6147,125.75966,121.551212,68832964
2020-12-14,125.309681,126.842938,124.74769,125.694276,121.494002,102649667
2020-12-15,125.302795,128.241958,124.894084,126.721573,122.488982,72430485
2020-12-16,126.893835,127.51821,124.664959,125.17161,120.992777,93125052
2020-12-17,124.82342,127.413096,124.547342,126.368295,122.151517,88657018
2020-12-18,126.445332,127.83319,126.186113,126.655185,122.430846,47858846
2020-12-21,126.814953,127.699724,123.307397,123.407176,119.297047,53015181
2020-12-22,121.744578,121.831659,121.494104,121.738083,117.685477,89209941
2020-12-23,121.776512,124.042314,120.971039,122.439739,118.365719,66922424
2020-12-24,122.239607,122.509556,121.4409,122.359878,118.290459,49600991
2020-12-28,122.650133,123.131441,119.555828,119.965229,115.983072,67808488
2020-12-29,119.694707,122.698772,119.185754,122.455729,118.392845,80656982
2020-12-30,121.488272,123.992663,121.252198,123.599241,119.500381,129692877
2020-12-31,123.5761,124.677414,121.92146,122.949643,118.874278,50257783
2021-01-04,123.024505,123.691291,122.203027,123.001889,118.932607,52618232
2021-01-05,123.639456,126.846614,123.544074,125.804706,121.644696,74410747
2021-01-06,125.53543,129.110241,124.526214,127.645566,123.426711,83354988
2021-01-07,127.8081,129.318657,126.497458,128.245812,124.009155,56128667
2021-01-08,127.395205,127.992674,124.531797,124.819967,120.698468,57949486
2021-01-11,124.65335,127.553205,123.523522,126.57647,122.403004,58163617
2021-01-12,126.056578,127.336212,124.64082,125.045522,120.92452,62826925
2021-01-13,124.97409,128.28668,123.548205,127.421259,123.223986,56189911
2021-01-14,127.251036,127.329213,123.811717,124.362006,120.267482,49099855
2021-01-15,123.069011,126.381556,122.85622,124.658986,120.556664,103198913
2021-01-19,124.960731,127.593354,124.345927,126.510171,122.354969,82494624
2021-01-20,126.378724,126.842479,123.081414,123.222409,119.177151,63563501
2021-01-21,122.561594,123.002573,121.94517,122.865162,118.833584,108811203
2021-01-22,123.5027,123.935268,122.579646,122.860179,118.830716,74383599
2021-01-25,122.599861,122.87998,120.77903,121.148142,117.180604,76696840
2021-01-26,121.91107,122.22707,120.268008,120.843387,116.88775,96213602
2021-01-27,120.447993,122.723256,119.898567,122.235445,118.236183,37325432
2021-01-28,122.764631,123.618423,120.493761,121.139289,117.177815,85658710
2021-01-29,121.939086,122.949803,117.479683,117.952947,114.097547,58243830
2021-02-01,118.418879,118.591796,114.899523,116.670722,112.862795,81088281
2021-02-02,117.071352,118.347344,116.268536,117.572477,113.736986,62506834
2021-02-03,117.65026,119.348862,116.483701,118.942364,115.064074,102005393
2021-02-04,118.558592,119.919589,117.875126,118.922294,115.046549,99931365
2021-02-05,119.161819,122.758773,118.569689,122.005379,118.031093,110353715
2021-02-08,121.493322,122.146205,117.465829,118.874754,115.008115,72797070
2021-02-09,118.127126,119.34355,117.302272,118.289873,114.444138,52951335
2021-02-10,118.730437,121.716128,115.840144,116.294335,112.515326,63716830
2021-02-11,116.697564,117.323573,115.260865,116.581357,112.794874,43568179
2021-02-12,115.384677,117.30288,114.966539,115.322827,111.579053,79605839
2021-02-16,114.598059,118.687899,113.54405,118.356678,114.521939,84841384
2021-02-17,118.505934,118.767519,117.347681,117.416344,113.613939,72168290
2021-02-18,117.554515,117.687644,114.751542,115.885536,112.134546,107308043
2021-02-19,115.760456,116.061264,115.224831,115.306109,111.575707,91436576
2021-02-22,115.674122,115.863397,113.603277,114.926163,111.213534,92744190
2021-02-23,114.739688,115.45061,112.621108,112.9376,109.291006,63146385
2021-02-24,113.19661,114.219667,108.893646,110.272178,106.713399,89012264
2021-02-25,110.213927,113.741168,110.001997,112.803262,109.164591,91589014
2021-02-26,113.314359,114.630932,112.95904,113.556891,109.895716,57853959
2021-03-01,113.887618,115.01665,112.81217,114.898535,111.199584,128132135
2021-03-02,114.128669,114.658182,113.409386,114.09279,110.421593,62313473
2021-03-03,114.195266,114.4219,111.867845,112.680054,109.056106,68615600
2021-03-04,112.88764,114.135357,112.171072,113.564115,109.91354,72414063
2021-03-05,113.76047,114.709732,112.303488,113.697451,110.044398,59600003
2021-03-08,114.065556,115.347554,111.521156,111.991093,108.398206,94754654
2021-03-09,111.391747,113.358031,110.648873,112.997832,109.374443,55897313
2021-03-10,113.059792,113.692153,111.606148,112.99368,109.372221,103290821
2021-03-11,113.488915,116.019681,110.530839,111.026023,107.469393,39351073
2021-03-12,111.108048,112.687886,110.153016,111.669008,108.093556,52693810
2021-03-15,111.973206,116.652842,110.211798,115.672219,111.974109,79944918
2021-03-16,115.521821,116.24233,114.499647,115.332084,111.646683,55036340
2021-03-17,115.739056,116.540389,114.331908,115.187691,111.508736,51138080
2021-03-18,113.724629,115.853106,113.378852,114.215328,110.569245,46749002
2021-03-19,114.107651,115.41585,112.228883,115.127019,111.453664,60189225
2021-03-22,115.676777,118.256051,115.013071,118.096001,114.333548,61207408
2021-03-23,118.76398,120.034306,116.181095,117.085693,113.35729,93973164
2021-03-24,118.017803,118.575227,116.684243,118.313774,114.548146,91468069
2021-03-25,118.302106,119.011083,118.21924,118.916518,115.133598,73917858
2021-03-26,118.481594,120.239025,118.287316,119.07922,115.293018,67341635
2021-03-29,117.689126,120.110539,116.483321,119.946617,116.138559,84587693
2021-03-30,119.426388,119.690653,116.723494,116.961375,113.249953,57066693
2021-03-31,117.230507,117.690363,115.316769,115.478468,111.815938,44888062
2021-04-01,116.198853,116.487675,114.641907,114.820286,111.180457,56885054
2021-04-05,113.512925,117.819895,113.381286,117.268394,113.558422,58416275
2021-04-06,117.295043,117.564435,114.674862,114.721586,111.094011,89813990
2021-04-07,115.484163,117.33014,115.139074,116.352555,112.675258,98594089
2021-04-08,115.402607,118.721848,115.207882,117.108241,113.408924,81769001
2021-04-09,117.442259,117.923269,116.916983,117.855007,114.133975,85266839
2021-04-12,117.869975,118.203784,117.020179,117.581633,113.874844,53667628
2021-04-13,117.399109,119.256871,116.372245,116.810893,113.13026,76716720
2021-04-14,116.361721,117.158719,115.040289,115.623939,111.982546,39577178
2021-04-15,116.321801,118.379334,116.218807,117.093254,113.40745,85867529
2021-04-16,116.854791,118.582194,115.769057,117.217316,113.529472,146270067
2021-04-19,118.253025,119.608901,115.014884,115.096542,111.480915,91200603
2021-04-20,115.064091,116.577592,113.884322,115.567958,111.939361,108083168
2021-04-21,115.946371,118.390016,115.113161,117.714839,114.020707,55308612
2021-04-22,117.8623,118.74238,114.130888,115.389278,111.769963,52738621
2021-04-23,115.61753,115.894072,112.711159,113.190151,109.641615,62273509
2021-04-26,112.905354,116.579913,111.86244,116.049784,112.417137,117054266
2021-04-27,116.338503,119.107257,114.765784,118.555038,114.845857,59091877
2021-04-28,118.507402,119.872484,117.911872,118.988686,115.267831,73736458
2021-04-29,118.444539,119.634161,115.623133,116.684039,113.037109,78000906
2021-04-30,116.385129,119.089168,116.33215,118.888207,115.174279,63792371
2021-05-03,119.751291,121.286307,119.029428,120.60561,116.84379,51450630
2021-05-04,120.224758,121.776121,119.67974,120.322203,116.571138,65382704
2021-05-05,119.93264,120.789759,118.551098,119.192728,115.478771,82263412
2021-05-06,118.20096,121.775994,117.926354,120.978469,117.210795,51405668
2021-05-07,121.820736,121.894385,121.28853,121.578287,117.793868,58722477
2021-05-10,122.64119,124.096643,120.183588,120.69643,116.945225,84870141
2021-05-11,120.948973,121.547193,117.72274,118.769829,115.080391,121980515
2021-05-12,118.768397,118.966261,116.499474,117.081893,113.446753,96104119
2021-05-13,117.395988,119.968261,116.893576,119.25589,115.555151,94523466
2021-05-14,119.674404,120.482757,118.501555,118.921129,115.23267,58956522
2021-05-17,118.595321,119.034836,117.671387,117.885282,114.234581,71253988
2021-05-18,117.60898,121.427993,117.008295,120.831582,117.091563,104673146
2021-05-19,120.537162,120.847067,117.62332,118.419548,114.756072,93730322
2021-05-20,118.39697,118.735766,113.488182,114.5587,111.016488,69543517
2021-05-21,115.409067,115.94478,113.526694,114.290643,110.758539,60738745
2021-05-24,114.071087,119.636241,113.789672,117.564085,113.936431,37766446
2021-05-25,117.024041,120.580487,116.547812,120.247533,116.538991,62477940
2021-05-26,119.767199,123.501678,118.208236,122.865766,119.078432,80695417
2021-05-27,123.541202,124.788493,118.812309,119.483687,115.802508,51609413
2021-05-28,119.327948,123.007349,118.426663,122.858696,119.075491,59163974
2021-06-01,123.048876,123.486482,116.869129,117.188018,113.586895,104782075
2021-06-02,116.672332,117.322962,116.12956,116.362615,112.788709,84448341
2021-06-03,117.897226,120.130423,114.734398,116.060189,112.497419,64317716
2021-06-04,115.632441,117.216083,115.302206,116.383621,112.812776,81058054
2021-06-07,115.552224,117.815028,112.559816,113.694187,110.21129,70132569
2021-06-08,113.902374,116.339124,111.782735,113.086011,109.623545,58778917
2021-06-09,112.982568,114.363055,112.921554,113.267444,109.801227,51028278
2021-06-10,114.066987,116.51431,113.780327,115.342987,111.81509,55880445
2021-06-11,115.516265,116.583654,114.975743,116.213425,112.660756,86493017
2021-06-14,115.643264,115.836395,114.10166,115.233216,111.716018,88625847
2021-06-15,115.008269,121.641527,114.310459,119.838893,116.183027,82683725
2021-06-16,120.166808,120.40076,117.298666,118.822139,115.199183,54334554
2021-06-17,119.673867,120.029692,117.393171,118.054943,114.457259,48870794
2021-06-18,117.275513,117.400711,116.873023,117.229831,113.659159,122628173
2021-06-21,116.756092,117.424608,113.089788,113.440621,109.990784,68922524
2021-06-22,113.236403,113.413255,110.565124,110.939714,107.567699,63342759
2021-06-23,111.508084,112.132203,109.94837,110.777363,107.412047,49102189
2021-06-24,110.727631,112.663427,110.104222,111.991882,108.591454,117913407
2021-06-25,111.758082,113.640916,109.528551,110.520334,107.166348,78237006
2021-06-28,111.168526,112.406779,110.951014,111.283223,107.911403,84037383
2021-06-29,111.001852,113.14196,110.262724,112.621144,109.210579,32945753
2021-06-30,113.360595,114.449714,109.892802,111.151165,107.786887,71916346
2021-07-01,111.334204,111.642731,105.588108,107.500359,104.248294,63315476
2021-07-02,108.81413,109.195301,107.951335,108.030166,104.763795,62825351
2021-07-06,108.843198,110.688232,108.260493,109.846779,106.532481,91784740
2021-07-07,109.896739,111.769457,109.619203,111.415667,108.055808,83343725
2021-07-08,112.480315,113.785715,111.883658,113.6204,110.195865,65449728
2021-07-09,113.580523,113.650931,110.699598,112.191308,108.811633,54907396
2021-07-12,112.840545,113.634655,112.557385,112.659665,109.271266,72401073
2021-07-13,112.800695,114.890801,112.64372,114.032414,110.604545,45797555
2021-07-14,113.476136,116.090322,113.227683,115.09538,111.637391,51645011
2021-07-15,115.766325,116.383216,113.412591,114.213023,110.783364,78721671
2021-07-16,114.615837,116.08049,113.580262,113.647337,110.236476,99752315
2021-07-19,114.435215,114.867719,111.98219,112.040628,108.683345,93883713
2021-07-20,112.341548,113.791809,111.024881,113.344306,109.949764,32665879
2021-07-21,112.464135,112.800768,111.118197,111.697362,108.353924,58662229
2021-07-22,112.212901,112.608074,109.953673,110.42136,107.117876,75093814
2021-07-23,110.198753,110.466865,109.965932,110.298805,107.000745,107818653
2021-07-26,110.26396,110.401056,106.71789,108.219011,104.988314,71096966
2021-07-27,108.113945,108.202916,107.210571,107.446033,104.240124,60815928
2021-07-28,107.921496,108.708226,106.270135,107.380039,104.17781,69245577
2021-07-29,107.480845,109.138512,107.294784,108.163462,104.939594,63568175
2021-07-30,107.916877,108.095098,106.267142,106.793149,103.611826,50257025
2021-08-02,106.882442,107.458274,105.535608,105.73514,102.590391,57462714
2021-08-03,105.592535,107.007631,105.249071,106.662489,103.491859,79081297
2021-08-04,105.844027,107.19346,105.326381,106.824044,103.650314,57487633
2021-08-05,107.2195,108.423992,104.386441,104.660476,101.552693,51366032
2021-08-06,104.316765,108.386688,103.54743,107.685533,104.489641,82064769
2021-08-09,108.060281,109.099451,106.971738,109.050938,105.819739,76811329
2021-08-10,108.53362,109.23381,106.213102,106.903362,103.737499,80654302
2021-08-11,107.38609,111.54576,106.907317,111.420017,108.122173,89678987
2021-08-12,112.780143,113.32286,111.067971,111.48453,108.186554,71170554
2021-08-13,111.045137,111.326775,110.096467,110.309362,107.047909,76735495
2021-08-16,109.673384,112.641694,109.41637,111.616444,108.321683,122755331
2021-08-17,111.020036,111.290832,110.612876,111.211306,107.930277,59618030
2021-08-18,110.958658,113.674633,110.830515,112.354108,109.041155,80578569
2021-08-19,112.752771,112.963215,110.653776,111.175454,107.899028,53951457
2021-08-20,111.595106,112.72495,109.981916,110.839966,107.575195,26519000
2021-08-23,110.710557,112.238472,109.578901,111.412046,108.135753,81682325
2021-08-24,111.311051,112.789289,110.687362,112.049056,108.755817,50146126
2021-08-25,113.05326,114.316865,108.684798,109.487491,106.271284,51446421
2021-08-26,108.24799,111.820665,108.181213,110.624831,107.376979,58558364
2021-08-27,111.572147,112.020449,109.699422,111.37209,108.104075,61560500
2021-08-30,111.457376,114.125798,109.769942,113.609861,110.281617,60848228
2021-08-31,113.787533,113.855245,112.583788,113.389515,110.069534,52442117
2021-09-01,113.344003,113.622526,112.09452,113.326038,110.009723,63825111
2021-09-02,112.530418,113.531486,112.074754,112.401888,109.114409,69112821
2021-09-03,112.714667,112.806931,108.414582,108.963754,105.778569,92309451
2021-09-07,109.637834,111.007785,108.221303,109.997067,106.788694,119472525
2021-09-08,109.902071,111.982019,109.326051,111.466629,108.217169,90129016
2021-09-09,111.043471,114.07409,110.500179,112.79689,109.51045,69077133
2021-09-10,112.946071,115.512229,112.486818,115.408815,112.048115,61737046
2021-09-13,116.479371,117.553229,113.941368,114.009159,110.694672,78257356
2021-09-14,115.112854,118.020992,113.716989,117.682743,114.263334,90838290
2021-09-15,118.74833,120.07069,118.030076,119.922829,116.440245,49299499
2021-09-16,120.320256,123.362385,120.066497,121.894717,118.356813,47089693
2021-09-17,121.490145,123.896296,121.34032,123.473067,119.891321,45522988
2021-09-20,122.811784,123.520869,121.235863,122.022562,118.488732,60212577
2021-09-21,121.460429,121.698916,117.986856,118.762615,115.325089,81504299
2021-09-22,118.163126,119.567631,116.303345,117.7162,114.31084,41825873
2021-09-23,117.06597,118.306769,116.473437,117.501647,114.104369,71358794
2021-09-24,118.450891,119.360887,117.201235,118.777239,115.344975,69913860
2021-09-27,118.769659,120.843859,118.3974,119.573142,116.123601,46528811
2021-09-28,119.254269,121.275355,119.086002,120.973132,117.485133,122612363
2021-09-29,120.92547,120.978248,118.931288,120.027834,116.569005,66385505
2021-09-30,120.068502,124.910653,119.366526,124.265882,120.686908,96055947
2021-10-01,121.861084,124.324015,121.554582,124.19422,120.619292,109111222
2021-10-04,123.892878,132.303589,122.702836,131.096631,127.329292,94382280
2021-10-05,129.943098,131.485015,129.338612,130.793872,127.03732,56831039
2021-10-06,130.513849,132.255031,128.567232,131.163732,127.39865,57299401
2021-10-07,131.834393,133.735133,131.343762,133.672444,129.837482,62791635
2021-10-08,134.028302,134.76769,133.385905,134.665127,130.803835,67379607
2021-10-11,133.938005,137.839702,132.372473,137.726602,133.78412,82078002
2021-10-12,137.004671,138.361836,136.733809,138.000633,134.052509,77996803
2021-10-13,138.66766,143.932738,135.672153,142.814672,138.7311,48776099
2021-10-14,143.136268,143.904122,142.553881,143.055209,138.967041,43471485
2021-10-15,142.550552,143.989998,142.425574,143.174336,139.085049,39091892
2021-10-18,143.015316,144.84797,140.565615,143.863501,139.761417,40009058
2021-10-19,142.880359,146.400216,141.907741,146.185573,142.019612,48675293
2021-10-20,147.54296,148.672677,145.761294,146.202521,142.03841,100838583
2021-10-21,146.751514,147.527294,144.985815,146.712505,142.53621,61948792
2021-10-22,146.3542,149.319948,144.463723,147.575056,143.376563,80625411
2021-10-25,146.893665,147.778089,146.149325,146.42101,142.26236,88796102
2021-10-26,145.658812,146.567818,144.796899,146.462179,142.304698,61124032
2021-10-27,146.347294,148.340324,146.032497,148.217859,144.012906,58610446
2021-10-28,148.714389,153.512579,148.151227,151.548315,147.251296,122686373
2021-10-29,150.384999,152.846712,150.129545,151.785415,147.484096,54665101
2021-11-01,151.338611,155.104104,150.059746,153.988845,149.632459,105577285
2021-11-02,154.69543,155.210663,154.589128,154.922451,150.542126,83874782
2021-11-03,154.618481,156.925036,152.546429,153.380046,149.04578,97852387
2021-11-04,154.510244,155.783771,153.413621,153.550911,149.214268,84339548
2021-11-05,152.299739,155.144994,151.752339,154.073495,149.724552,61992061
2021-11-08,154.607434,157.952162,151.185392,153.591128,149.263156,68511183
2021-11-09,154.024307,154.908414,151.903422,153.360659,149.04163,66577937
2021-11-10,153.38915,154.825809,152.153433,153.056983,148.748949,97391856
2021-11-11,151.728217,153.632391,151.012281,152.316706,148.03194,62301289
2021-11-12,152.161922,153.102436,149.993848,150.069028,145.849887,75006297
2021-11-15,150.150442,151.237013,147.502112,148.246092,144.085303,55936404
2021-11-16,147.431956,148.874062,146.939018,147.1218,142.994915,89540061
2021-11-17,146.444627,147.344675,141.178282,142.133848,138.149149,86306195
2021-11-18,142.129063,142.315794,138.661725,139.583311,135.672344,77436639
2021-11-19,140.382029,140.447674,136.605315,138.842591,134.954595,64660538
2021-11-22,138.666565,140.536655,135.635523,136.398616,132.585592,83126260
2021-11-23,138.350868,139.955935,137.960301,139.714604,135.811112,53104817
2021-11-24,140.501247,142.190966,137.611816,139.879667,135.973797,47329963
2021-11-26,140.438317,141.081929,140.199919,140.431296,136.514509,70233052
2021-11-29,142.2682,142.848088,137.848273,138.638306,134.778169,111481453
2021-11-30,138.531372,140.001936,137.354898,139.534593,135.651729,57180761
2021-12-01,139.411937,143.119512,138.068754,142.84641,138.873669,89429275
2021-12-02,142.41882,143.844372,141.263301,141.652602,137.715324,106922568
2021-12-03,141.699356,143.119546,140.754355,142.900204,138.93053,51574136
2021-12-06,143.054597,144.836996,142.568052,143.828317,139.839752,52291295
2021-12-07,142.945126,146.183027,142.172986,145.930202,141.88568,37803335
2021-12-08,146.346505,147.694628,145.04357,146.759663,142.694496,72084403
2021-12-09,146.783059,148.071302,145.815543,145.93618,141.896154,81232304
2021-12-10,144.869738,145.287852,144.040826,145.084856,141.070715,74130068
2021-12-13,144.781266,149.084629,143.64893,148.472267,144.37152,76047074
2021-12-14,148.727422,149.786165,146.601349,148.887012,144.777187,59573653
2021-12-15,148.080814,151.135751,147.619743,150.836914,146.675675,55476983
2021-12-16,150.606285,151.783526,149.019158,150.569347,146.417894,45518043
2021-12-17,150.453238,151.569803,150.106851,150.571581,146.422472,59455663
2021-12-20,150.912503,151.592585,147.257248,148.235904,144.15826,75053269
2021-12-21,149.614596,150.928723,141.975469,144.097064,140.135572,81981024
2021-12-22,143.378862,147.719213,142.544461,147.27933,143.232705,57585549
2021-12-23,148.45978,148.814009,144.870701,145.758715,141.756199,69924866
2021-12-27,145.428272,145.754909,145.312825,145.539939,141.552732,62839352
2021-12-28,145.416612,145.582082,144.735989,144.817187,140.852094,97916279
2021-12-29,144.694237,147.20976,144.320424,146.899357,142.879601,82283211
2021-12-30,147.028711,147.522095,145.430231,145.859103,141.870143,77140215
2021-12-31,146.972657,147.358132,144.543221,144.638786,140.68551,82255754
2022-01-03,144.876768,145.580736,142.481998,143.836582,139.912127,64128989
2022-01-04,143.35192,147.454105,142.659282,146.825277,142.821625,81555105
2022-01-05,145.827173,147.312489,145.748696,146.269856,142.283686,93715897
2022-01-06,145.058587,147.181724,143.235377,146.628318,142.634722,63776453
2022-01-07,145.888009,146.169788,141.936925,142.963401,139.071908,65150538
2022-01-10,144.78508,147.468402,144.480348,145.740117,141.780029,85348569
2022-01-11,144.897369,145.594972,142.838994,143.208314,139.319309,80228900
2022-01-12,142.77449,145.986423,142.532486,144.240239,140.325516,103217072
2022-01-13,144.363281,146.737726,143.613191,145.953594,141.994703,55653209
2022-01-14,146.2642,149.918847,146.128572,149.734384,145.675334,91309115
2022-01-18,149.338826,150.253556,147.663826,149.608271,145.562204,100681628
2022-01-19,148.844076,151.310982,148.640368,150.573145,146.50339,76402257
2022-01-20,149.927077,152.219874,148.798889,151.529599,147.436415,63667840
2022-01-21,149.913713,152.020496,148.830346,151.153346,147.072741,110338384
2022-01-24,151.303123,152.495413,149.990415,150.909343,146.842561,71994710
2022-01-25,151.005609,151.818246,150.018135,151.266788,147.192792,47402606
2022-01-26,152.491895,153.188456,148.629425,149.417296,145.3955,82031065
2022-01-27,150.7938,152.444647,148.382185,148.990583,144.982654,85533482
2022-01-28,149.054082,149.651528,145.939212,147.169891,143.213292,51128511
2022-01-31,146.536637,147.023855,145.778003,145.856586,141.94229,61271421
2022-02-01,145.233743,145.399974,144.601284,145.318889,141.421346,62943191
2022-02-02,145.486655,146.065362,143.806775,144.741811,140.86206,58690002
2022-02-03,144.148218,145.693463,143.011978,145.320233,141.4273,62640668
2022-02-04,145.438044,146.145074,144.239065,145.376867,141.484741,65179096
2022-02-07,144.483495,147.853874,144.303724,147.767755,143.818707,45378318
2022-02-08,147.748399,148.728253,144.446756,145.671677,141.780975,51964572
2022-02-09,145.514347,148.896022,145.220855,147.802436,143.857187,91018812
2022-02-10,147.598501,150.354962,147.330463,149.850011,145.852502,51696213
2022-02-11,150.060291,151.617043,149.964112,151.148728,147.118991,74762657
2022-02-14,150.264363,150.526089,148.13611,150.314256,146.313977,125341206
2022-02-15,149.922597,150.515503,149.594953,149.726646,145.744399,33819682
2022-02-16,149.340896,151.016927,149.248984,149.763513,145.782679,60513802
2022-02-17,149.291275,149.521388,147.490928,148.163649,144.227711,92816134
2022-02-18,147.056693,151.265238,146.503938,150.270448,146.280946,102569845
2022-02-22,149.12859,151.1236,148.314408,148.635971,144.69937,72197527
2022-02-23,149.286378,151.565248,148.687279,150.495274,146.511837,61175130
2022-02-24,150.180562,150.71232,147.314051,147.632404,143.727104,56251453
2022-02-25,146.444448,147.941455,146.363031,147.427445,143.529925,66073482
2022-02-28,147.160151,149.511431,146.428771,148.378794,144.463242,55542305
2022-03-01,149.512213,150.358672,148.805753,148.868039,144.941958,21584422
2022-03-02,149.007605,149.448377,147.231703,148.488192,144.574503,57929766
2022-03-03,148.809785,150.575738,146.804512,146.892233,143.022958,87878082
2022-03-04,146.567017,147.527563,144.326247,145.098047,141.278353,86151015
2022-03-07,145.019076,145.745264,141.720693,143.01366,139.2557,56824329
2022-03-08,141.580114,146.011302,140.12372,145.250157,141.435752,34238180
2022-03-09,144.728453,146.341248,144.058747,146.215889,142.378463,83046083
2022-03-10,146.674914,148.662207,142.938999,144.544696,140.753442,66839319
2022-03-11,144.976832,145.151427,144.220652,144.652886,140.861108,47502566
2022-03-14,145.051117,146.923562,144.305341,146.031656,142.210744,74507026
2022-03-15,145.730714,147.785876,144.620683,147.540346,143.68232,93476789
2022-03-16,147.999079,148.726778,146.559201,147.128819,143.283908,143665035
2022-03-17,147.082385,147.793651,146.754766,147.192109,143.347899,72714138
2022-03-18,147.518628,148.259491,146.711868,148.152778,144.285848,69174306
2022-03-21,147.523419,147.775439,145.665013,146.220887,142.411399,43557778
2022-03-22,145.993653,146.920871,143.861392,144.347707,140.589331,56328087
2022-03-23,144.745829,148.353752,144.386339,147.115421,143.287336,74643593
2022-03-24,146.766557,150.777298,146.215566,149.123776,145.245817,99060939
2022-03-25,148.786789,149.339339,146.521871,147.090175,143.267453,43137666
2022-03-28,146.403009,147.308881,144.87855,146.516407,142.71563,80138876
2022-03-29,146.36825,147.465961,144.562634,145.353188,141.584912,48974396
2022-03-30,146.210646,146.699204,143.578674,144.496818,140.753056,148006084
2022-03-31,144.331701,144.605503,142.288236,142.514529,138.824406,79781248
2022-04-01,141.929595,144.765649,141.848978,144.445754,140.707937,70032133
2022-04-04,144.581113,144.710308,143.622934,144.226761,140.501535,70279434
2022-04-05,144.422455,148.550318,143.9729,147.819154,144.003505,106785580
2022-04-06,146.895792,148.515419,146.555918,147.792105,143.97952,49149267
2022-04-07,147.152105,147.43751,144.295695,145.175524,141.432762,61194060
2022-04-08,145.329346,145.501348,143.228024,144.59809,140.872529,102597630
2022-04-11,144.752678,144.827142,142.603253,143.701785,140.006217,95294725
2022-04-12,143.685638,145.646221,143.614663,144.677059,140.958725,71764066
2022-04-13,144.056226,145.527591,141.264452,142.197984,138.545641,88058977
2022-04-14,141.295473,144.748054,141.219266,144.552696,140.842186,70021574
2022-04-18,145.25737,145.514499,143.248592,143.391086,139.719573,64510769
2022-04-19,143.40269,144.953126,140.200873,141.033181,137.4243,68866020
2022-04-20,141.955065,143.33262,137.89966,138.696568,135.149699,56103853
2022-04-21,139.088105,142.383819,137.7483,140.766671,137.169115,71639634
2022-04-22,142.196626,142.485313,140.969477,141.427322,137.815146,83800220
2022-04-25,141.544362,143.064249,141.465169,142.005909,138.385776,57550419
2022-04-26,142.849162,146.147208,141.201228,145.372617,141.668984,80294286
2022-04-27,145.94716,147.328826,143.578888,145.275753,141.576913,71657706
2022-04-28,145.04925,145.684052,143.517318,143.847118,140.186956,74100820
2022-04-29,143.655027,144.539389,142.247135,142.616563,138.989995,62827535
2022-05-02,142.05474,144.601849,137.120654,137.572742,134.081039,58894446
2022-05-03,137.800308,138.565193,136.601754,137.132343,133.654014,55565549
2022-05-04,136.741464,142.789709,136.232292,142.370634,138.761716,50702644
2022-05-05,143.486155,144.287084,138.886162,141.179927,137.603452,86611748
2022-05-06,140.033945,141.080611,137.684353,139.013358,135.493995,59934494
2022-05-09,138.857663,141.354089,137.925308,140.435147,136.886535,40807819
2022-05-10,140.862628,143.253565,140.356994,141.185683,137.620366,86119113
2022-05-11,142.164457,143.90997,138.238502,138.40153,134.908737,127944549
2022-05-12,138.153833,138.367721,136.445487,137.52163,134.053244,51928062
2022-05-13,136.515506,138.642753,135.757934,137.524702,134.058441,55616722
2022-05-16,136.62461,138.304311,136.534272,136.863822,133.420793,73947845
2022-05-17,137.991888,138.58127,136.337148,137.036772,133.591587,112253176
2022-05-18,137.440803,138.289541,134.957319,136.210965,132.788722,64743865
2022-05-19,135.902322,138.110244,135.661727,137.733949,134.275648,120133863
2022-05-20,137.933161,138.154469,133.641534,133.913565,130.553333,93282744
2022-05-23,134.328622,135.573154,132.687131,133.364053,130.024017,89698052
2022-05-24,134.885488,135.221904,134.531814,135.021315,131.641936,73500364
2022-05-25,134.514759,134.618793,132.874448,133.075067,129.746532,45322392
2022-05-26,133.368936,134.013458,132.438748,132.980413,129.656375,62201868
2022-05-27,134.242716,135.531553,133.772441,134.535326,131.174575,71814538
2022-05-31,134.461051,137.050513,133.373034,135.655537,132.275494,46892903
2022-06-01,135.497622,138.750314,134.535797,136.202944,132.811443,62228793
2022-06-02,137.341963,137.707014,135.144278,135.386225,132.017229,61230476
2022-06-03,135.470714,136.262491,134.288605,136.067206,132.683445,82485161
2022-06-06,136.696734,137.99259,135.876994,136.90952,133.511391,73244646
2022-06-07,136.602357,142.112247,134.52283,142.007594,138.485204,84943609
2022-06-08,141.013066,142.119736,139.241176,140.457861,136.976161,75101273
2022-06-09,140.318845,140.703811,138.626251,139.285658,135.835246,70622241
2022-06-10,138.910291,142.331522,138.496251,140.774919,137.28987,65417386
2022-06-13,140.133696,141.78245,139.916207,141.056591,137.571348,42670043
2022-06-14,140.904066,141.413499,139.39037,141.034755,137.552313,67965011
2022-06-15,140.031304,140.283475,137.868871,139.632569,136.186986,111218389
2022-06-16,140.707058,141.762566,137.616572,138.419338,135.00591,64550546
2022-06-17,138.195593,141.306614,137.913162,140.831706,137.361046,56688700
2022-06-21,141.463741,142.44875,141.296844,141.865749,138.378699,66779566
2022-06-22,142.854814,144.326756,140.117902,140.83999,137.380409,80183980
2022-06-23,141.208066,141.644125,138.337486,139.012809,135.600338,52828887
2022-06-24,139.407189,139.505185,138.045389,138.686405,135.28417,53536065
2022-06-27,138.567056,139.911531,137.18821,138.754913,135.357667,51534003
2022-06-28,139.064805,139.672953,136.223759,136.385772,133.048718,68324112
2022-06-29,136.099608,137.863197,134.863816,137.418728,134.058601,75351279
2022-06-30,137.409417,139.622098,136.586233,139.2176,135.815719,78282815
2022-07-01,138.9353,139.746728,137.355264,137.849775,134.483527,62924548
2022-07-05,138.6833,139.373901,137.086608,137.204506,133.862811,41369493
2022-07-06,138.48685,139.104608,134.377436,134.94987,131.66525,78960250
2022-07-07,134.251513,137.59044,133.932461,136.306179,132.990732,55534474
2022-07-08,135.544489,136.655334,133.87373,136.382582,133.067463,79188783
2022-07-11,135.902199,137.574401,135.845627,137.171531,133.84383,72758863
2022-07-12,136.943082,139.217155,134.828388,137.919668,134.576028,64996707
2022-07-13,137.596776,137.895269,137.521174,137.65701,134.321944,97864158
2022-07-14,137.931975,138.892327,135.768399,136.743551,133.432808,52658281
2022-07-15,136.320479,138.10157,135.750928,136.142061,132.848063,49135414
2022-07-18,137.187512,138.081186,135.987719,136.180118,132.891748,66164975
2022-07-19,137.040515,137.376197,134.82237,135.840678,132.562682,64531504
2022-07-20,135.965528,136.75,132.66969,134.676918,131.429164,66957270
2022-07-21,134.706755,136.38096,133.711664,136.16656,132.885066,165799910
2022-07-22,136.963318,137.147215,136.116741,137.012067,133.712394,46951067
2022-07-25,137.691988,138.49121,137.272716,137.597877,134.290713,123178389
2022-07-26,137.159316,138.385972,136.204462,136.535346,133.255909,91948682
2022-07-27,135.842038,138.101436,135.388817,136.522973,133.246023,61450698
2022-07-28,136.684762,138.057069,133.549592,134.396699,131.17294,92040369
2022-07-29,134.331218,135.23119,133.640948,134.677248,131.448919,74672272
2022-08-01,135.74558,136.749818,132.653846,132.963717,129.782859,105144374
2022-08-02,132.750936,133.161209,130.815926,132.312326,129.149172,65525038
2022-08-03,131.224597,132.513258,130.909198,131.896502,128.745404,60611656
2022-08-04,132.806891,133.73909,131.225057,131.2979,128.163208,106437935
2022-08-05,130.674399,131.922176,129.857209,131.593504,128.453865,55311209
2022-08-08,131.287674,132.120136,129.5495,130.187559,127.087726,78481146
2022-08-09,129.890162,131.160584,129.571567,130.839189,127.725939,67097428
2022-08-10,130.444969,131.347039,129.722545,130.551418,127.447109,73734909
2022-08-11,130.189903,130.474404,129.627108,130.358835,127.261196,83530016
2022-08-12,130.225128,131.431812,130.004561,130.168054,127.077036,74320965
2022-08-15,129.358555,130.545631,128.08805,130.369105,127.279585,94981532
2022-08-16,130.46484,130.553595,129.340142,129.842899,126.767932,60541568
2022-08-17,129.731827,130.830079,128.903173,130.202874,127.121469,71573226
2022-08-18,129.612419,132.602706,129.06887,132.181922,129.055801,53080134
2022-08-19,132.43763,133.223954,130.799274,131.564461,128.455054,59280057
2022-08-22,130.595588,131.147243,129.362266,130.654751,127.573131,103554332
2022-08-23,130.812772,131.663445,129.952052,131.587825,128.486308,84503483
2022-08-24,130.903354,131.528723,129.763722,129.954272,126.893342,57789606
2022-08-25,130.899432,131.438909,129.357982,129.810477,126.755016,55207941
2022-08-26,130.97669,131.366892,130.155043,130.228993,127.16577,66431842
2022-08-29,129.218047,130.905828,128.605987,130.742789,127.673773,50156131
2022-08-30,131.842239,133.079548,128.699138,129.792278,126.747655,70914151
2022-08-31,130.763981,131.698738,129.124884,129.518151,126.482036,60910184
2022-09-01,130.277174,132.68264,129.196527,131.529054,128.447911,50393549
2022-09-02,131.675269,136.231053,130.608755,136.087536,132.901791,50817310
2022-09-06,136.831078,136.923367,130.646256,132.823289,129.722481,53398365
2022-09-07,132.361443,134.333633,131.482662,133.669837,130.551412,67255307
2022-09-08,132.316977,132.764602,131.042509,131.976545,128.89974,48295463
2022-09-09,131.273101,132.845714,130.574232,132.585408,129.496536,87412366
2022-09-12,133.649281,134.370328,133.268645,134.058245,130.941513,81882898
2022-09-13,133.31862,133.635833,132.482657,133.1821,130.087874,39110600
2022-09-14,133.624256,135.208261,132.137649,134.560753,131.436656,100281907
2022-09-15,133.477622,133.855093,132.788471,133.11686,130.028422,52562274
2022-09-16,132.370082,132.437328,130.03183,130.416662,127.392964,108066127
2022-09-19,129.406607,129.805995,126.090012,126.387915,123.463708,67607426
2022-09-20,125.0886,129.415622,122.799202,128.244903,125.279788,56612867
2022-09-21,129.191037,129.69612,126.661847,127.603402,124.655167,75179307
2022-09-22,127.232368,127.820709,125.840098,126.963168,124.031763,58537826
2022-09-23,126.789174,128.904784,126.18313,126.69944,123.776157,76367127
2022-09-26,126.444048,128.061681,125.705206,126.242271,123.335614,70985170
2022-09-27,125.268498,125.655936,124.641975,124.893366,122.019772,38437014
2022-09-28,124.454525,125.487584,123.760879,124.529028,121.665815,48041789
2022-09-29,124.934271,129.572011,122.477178,127.781651,124.845704,39306919
2022-09-30,127.431669,128.778252,126.8248,128.463196,125.513651,86453534
2022-10-03,129.076007,129.302672,128.622362,128.969359,126.014402,113323421
2022-10-04,128.144329,128.517197,127.756814,128.132364,125.198641,58942305
2022-10-05,128.564718,129.739573,127.989321,128.071934,125.14165,83821914
2022-10-06,128.394308,129.02985,124.584564,125.430937,122.563093,76373391
2022-10-07,124.685505,126.085529,124.027199,125.281417,122.419002,64574076
2022-10-10,124.943191,125.064243,124.220881,124.28556,121.451884,99220918
2022-10-11,123.765605,125.041183,123.041817,123.10583,120.301028,93527279
2022-10-12,122.899756,123.173273,121.718737,122.399992,119.613236,42877776
2022-10-13,121.475414,121.759416,119.382202,120.033757,117.302801,56165269
2022-10-14,120.559367,122.444544,119.787114,121.821818,119.052137,47257001
2022-10-17,121.379319,121.718274,119.28254,120.27693,117.548165,48136472
2022-10-18,120.433662,121.699928,117.863213,118.195719,115.516069,153166015
2022-10-19,118.663089,119.014976,117.753858,118.331869,115.651032,79221696
2022-10-20,117.7779,119.079371,117.330126,118.24628,115.569281,72806751
2022-10-21,118.395954,119.994841,118.017183,118.986144,116.294305,84461620
2022-10-24,119.818477,121.146035,116.218605,116.930439,114.290739,72075777
2022-10-25,118.247504,119.255916,114.722044,116.684393,114.052121,52556852
2022-10-26,115.970998,118.54388,115.048464,118.441126,115.771126,95142624
2022-10-27,118.332469,121.223109,116.747348,120.574411,117.858257,65759620
2022-10-28,119.46379,120.098681,117.275915,117.728613,115.078456,44287415
2022-10-31,117.063286,119.058197,116.755672,117.352309,114.716275,79454421
2022-11-01,118.241108,118.373883,114.663815,115.879475,113.278386,83702298
2022-11-02,116.240294,118.335554,115.877077,117.171658,114.543445,66622532
2022-11-03,116.131842,120.388436,115.271339,119.322328,116.647791,105112585
2022-11-04,118.741902,121.994489,118.125227,120.616229,117.914627,103497646
2022-11-07,121.598706,122.320753,120.75787,121.262064,118.551839,90238801
2022-11-08,121.213466,121.6352,120.436229,120.709099,118.013171,98314479
2022-11-09,120.286064,123.627902,118.56707,122.490762,119.75701,66215594
2022-11-10,121.689094,127.438732,121.447268,125.935932,123.127313,94194825
2022-11-11,126.546599,129.333586,125.936315,128.225642,125.368018,88192600
2022-11-14,127.626025,127.958264,126.484271,127.498256,124.662986,109649198
2022-11-15,127.846079,128.314669,125.588807,125.71372,122.920152,53147255
2022-11-16,125.521723,129.833818,125.261706,128.832207,125.971411,115899577
2022-11-17,128.775413,129.69777,125.497489,125.788243,122.99706,94447348
2022-11-18,126.012634,126.877125,125.742061,125.945313,123.152669,33757797
2022-11-21,126.191219,127.163261,125.66796,125.977428,123.190142,88164779
2022-11-22,125.641074,126.948368,124.507061,126.37665,123.582561,60928161
2022-11-23,125.565573,130.320075,124.994263,129.542494,126.680492,87141343
2022-11-25,128.700122,130.407444,127.461946,130.168449,127.296799,59768265
2022-11-28,131.750795,132.876204,128.959858,129.845212,126.986952,47278890
2022-11-29,130.00564,134.915235,129.324669,133.801194,130.858001,81348336
2022-11-30,134.746896,135.720867,131.002904,131.344808,128.457758,110349182
2022-12-01,131.114496,132.124789,127.17024,128.282273,125.4646,66533649
2022-12-02,128.287453,129.657971,127.421314,129.202312,126.366507,61164494
2022-12-05,129.815277,131.107351,125.988015,126.477325,123.707426,81438762
2022-12-06,127.022767,128.891659,125.558776,126.469659,123.70196,107705684
2022-12-07,127.005857,128.064492,124.613813,125.386519,122.644538,44392299
2022-12-08,125.362032,129.405087,125.015747,128.820907,126.005892,69486955
2022-12-09,129.785713,130.55386,125.873,127.263902,124.484955,76851891
2022-12-12,128.557388,129.980514,126.152291,129.193919,126.379056,28869083
2022-12-13,128.503516,129.7818,127.871758,128.300992,125.507646,73159019
2022-12-14,129.334673,130.055774,123.502701,124.785913,122.071103,137354889
2022-12-15,125.135596,127.716243,124.099998,126.374307,123.62697,78882028
2022-12-16,123.628612,130.315036,123.504265,130.006254,127.18205,76568660
2022-12-19,128.113753,132.523373,126.632769,130.525699,127.696503,115304179
2022-12-20,130.98787,131.878496,130.603342,130.722997,127.891626,58572642
2022-12-21,132.08777,132.909362,128.291231,129.809646,127.000143,88927635
2022-12-22,129.889615,130.220955,127.747398,128.345036,125.569295,102849081
2022-12-23,127.824944,129.904147,127.663372,128.017375,125.250778,51091292
2022-12-27,128.718405,131.219935,127.717357,131.127614,128.302231,75980565
2022-12-28,131.907314,132.258913,129.177618,130.597266,127.78541,65054280
2022-12-29,132.658835,132.838115,131.284082,131.645649,128.813336,78231707
2022-12-30,130.059402,138.76247,129.435442,138.644847,135.664177,137927938
2023-01-03,138.85106,140.896573,137.157346,139.471294,136.481824,67894671
2023-01-04,139.215156,140.617658,135.728521,135.795031,132.886542,88477914
2023-01-05,135.441906,137.530732,134.812215,137.454855,134.513025,88592294
2023-01-06,137.673152,142.209409,136.764589,141.178654,138.159396,88933112
2023-01-09,141.465407,147.113132,139.504595,145.959383,142.844924,58755510
2023-01-10,144.810793,145.255795,143.362218,143.917033,140.848467,54451265
2023-01-11,143.932703,147.055212,142.26234,146.807177,143.679348,107935689
2023-01-12,147.287417,148.781073,146.144775,146.778187,143.653336,84275215
2023-01-13,146.038745,147.138073,145.391728,146.593902,143.475331,51757556
2023-01-17,147.626979,149.125213,146.856749,147.225037,144.102508,46144599
2023-01-18,147.455845,150.262391,146.020833,149.770575,146.596465,93355383
2023-01-19,150.132021,152.268636,149.249694,151.179644,147.978103,78682274
2023-01-20,151.648673,152.958744,149.810114,151.130157,147.932094,94789023
2023-01-23,151.642616,152.849411,147.670731,149.102388,145.954427,92091294
2023-01-24,149.663842,150.832951,145.833967,147.071339,143.968624,47867897
2023-01-25,147.786659,148.598987,147.07731,147.721546,144.607489,61599225
2023-01-26,147.661771,147.958928,144.561795,145.127403,142.070366,143277887
2023-01-27,146.076875,147.415353,145.639358,146.485125,143.401844,56129655
2023-01-30,146.506927,147.68626,144.177329,145.153144,142.104902,53855319
2023-01-31,143.190376,147.100997,143.017716,146.786298,143.70612,53798187
2023-02-01,146.958954,147.335081,146.10934,146.306461,143.238705,55971511
2023-02-02,145.675394,148.379096,145.340524,147.782866,144.686529,62510228
2023-02-03,147.277543,148.994705,141.662227,141.760244,138.792373,52787870
2023-02-06,143.186309,144.755412,140.672363,141.685428,138.725959,45806985
2023-02-07,140.846334,145.803864,140.505109,145.319693,142.286651,100464336
2023-02-08,145.405352,150.912825,144.546373,150.690771,147.548051,80085184
2023-02-09,151.934404,152.775812,146.8732,149.123517,146.015881,96483138
2023-02-10,148.028196,148.884076,143.192967,144.954146,141.935729,66808601
2023-02-13,144.895257,145.735693,140.81009,141.833294,138.886706,116651252
2023-02-14,141.688846,142.55177,138.068758,139.935975,137.031055,85299840
2023-02-15,138.317574,142.004353,136.612193,141.572723,138.636104,40615742
2023-02-16,141.746876,143.328337,136.81854,137.657202,134.804016,69927363
2023-02-17,137.571366,138.929119,135.873737,136.312572,133.489449,78559417
2023-02-21,135.013887,138.736769,133.425008,138.556918,135.696229,45006053
2023-02-22,138.476085,146.939868,138.250966,146.474105,143.452312,96100878
2023-02-23,147.376724,148.315511,145.241864,146.810256,143.78389,105594252
2023-02-24,147.565138,148.544059,139.674748,141.880623,138.95816,60678519
2023-02-27,142.615305,147.940762,142.105492,145.746633,142.751572,68945403
2023-02-28,145.121055,148.013581,142.771881,143.45805,140.512328,95843225
2023-03-01,144.915054,147.292819,141.915317,142.343531,139.422984,96396005
2023-03-02,143.528338,144.519138,140.899424,141.109107,138.216158,75130850
2023-03-03,140.43577,141.580318,138.542479,138.870054,136.025244,44088702
2023-03-06,138.503099,143.927705,137.278102,143.796238,140.857454,49636324
2023-03-07,143.190633,147.057161,142.383422,145.607069,142.633619,92795848
2023-03-08,146.08316,146.587719,144.559137,145.301757,142.33688,69511882
2023-03-09,145.816209,147.728352,144.869077,144.960065,142.004493,40774277
2023-03-10,144.663099,148.454446,143.682227,148.218062,145.198449,90993947
2023-03-13,150.135272,150.808512,142.709347,145.172475,142.221918,104987523
2023-03-14,145.367414,146.324749,142.792938,143.198352,140.290222,80078206
2023-03-15,142.900994,144.02923,141.168154,141.630774,138.756759,49308764
2023-03-16,140.812271,141.473126,139.030959,139.959434,137.121586,111076401
2023-03-17,139.700613,141.4968,136.432118,136.932867,134.15859,41940505
2023-03-20,136.872866,141.738309,134.935437,140.204101,137.370318,63635836
2023-03-21,140.716526,144.004047,139.728432,143.803234,140.899021,66625048
2023-03-22,143.409351,143.627918,141.956995,142.259496,139.38875,60278218
2023-03-23,142.648292,147.455587,142.420279,147.04887,144.083843,127694293
2023-03-24,145.45565,147.306995,143.747954,147.142633,144.178084,100751862
2023-03-27,148.452049,149.465581,143.612726,145.013934,142.099275,68822711
2023-03-28,145.159035,145.929961,143.062553,143.610294,140.726158,91329865
2023-03-29,143.50944,147.929878,141.242059,147.198009,144.244191,80039068
2023-03-30,146.847521,147.501953,142.266717,142.679229,139.818386,124135090
2023-03-31,141.388963,144.911663,141.029172,142.795323,139.934451,85654078
2023-04-03,145.358648,146.224759,138.497787,139.141794,136.360839,92780191
2023-04-04,139.804729,142.149521,138.276638,141.95759,139.122643,94012655
2023-04-05,141.4457,143.781355,137.666622,139.159336,136.382511,46417267
2023-04-06,139.98394,141.228156,138.819053,138.88708,136.117924,96498353
2023-04-10,138.609955,140.068838,137.972969,139.627638,136.852709,88782396
2023-04-11,137.628316,137.911126,136.264821,137.493903,134.763593,86260531
2023-04-12,138.650633,140.741892,133.209594,134.172381,131.510189,59935818
2023-04-13,134.270846,135.699615,134.078937,135.36006,132.676482,102792354
2023-04-14,135.416331,136.919766,130.656809,131.716709,129.107483,80987508
2023-04-17,130.65742,134.128187,129.023402,132.825626,130.200849,57006488
2023-04-18,134.624086,135.479594,129.017806,131.93852,129.333398,58728928
2023-04-19,132.656536,132.909041,129.662584,132.496297,129.882296,58288767
2023-04-20,133.369821,137.917958,132.262688,136.080198,133.397681,61417318
2023-04-21,135.814931,137.230561,134.822058,136.742088,134.048725,63408919
2023-04-24,136.77584,139.106136,135.314155,138.840853,136.11286,82667357
2023-04-25,139.771744,142.00218,139.697222,141.177002,138.405381,43968493
2023-04-26,140.535043,142.114934,139.867503,140.297549,137.545453,100825251
2023-04-27,141.127527,142.859682,140.984921,141.781537,139.002615,51331475
2023-04-28,142.088663,144.680174,141.505534,144.031072,141.210378,94643554
2023-05-01,143.295766,146.171514,141.552358,144.88439,142.053985,85491062
2023-05-02,145.567026,146.925051,144.065946,144.157154,141.343278,55417476
2023-05-03,144.447898,145.830616,144.053647,145.516139,142.678079,77045747
2023-05-04,144.387571,147.558112,143.602017,147.035115,144.169799,59802597
2023-05-05,147.784608,148.215144,144.90458,146.202031,143.355305,58809365
2023-05-08,145.811114,146.831535,144.734482,146.553467,143.706979,50811422
2023-05-09,147.114523,147.520298,145.829795,146.464208,143.621814,45356060
2023-05-10,146.564789,149.298804,144.395859,148.50752,145.627864,103283886
2023-05-11,148.591298,149.76978,147.062386,147.741777,144.879348,48415671
2023-05-12,148.096346,151.600672,147.468747,150.49026,147.577005,71267055
2023-05-15,150.070962,151.791488,149.369332,151.201759,148.282039,65927783
2023-05-16,151.647571,152.200251,150.19144,150.855259,147.944659,85413977
2023-05-17,150.996693,151.438103,150.25744,150.921892,148.012438,75293180
2023-05-18,150.011344,152.852893,149.306407,152.718849,149.777214,101036422
2023-05-19,153.919118,155.224334,151.874459,152.635391,149.697823,78058086
2023-05-22,154.013199,154.251417,149.488008,150.961435,148.06338,71906977
2023-05-23,150.175637,151.991499,149.475616,151.60302,148.69509,36688069
2023-05-24,152.296836,152.650545,149.760406,151.683899,148.776862,30945373
2023-05-25,151.702439,152.512951,151.171563,151.947679,149.038035,47473391
2023-05-26,152.551399,153.125508,147.936705,150.073268,147.201936,77150401
2023-05-30,150.113102,151.024536,149.250358,150.671936,147.79886,46757881
2023-05-31,149.929387,151.001617,149.357811,150.69183,147.820804,111159223
2023-06-01,150.264908,152.40782,148.627807,151.915865,149.023965,64181485
2023-06-02,152.818868,154.266065,151.96459,153.477301,150.558151,56864106
2023-06-05,152.927681,155.668511,151.925489,155.511901,152.561571,79503019
2023-06-06,156.71914,157.127273,154.905685,154.988468,152.050566,65695409
2023-06-07,155.520835,155.706406,152.278479,152.790833,149.897051,95433434
2023-06-08,153.097092,155.069044,152.541852,154.566826,151.641898,68271086
2023-06-09,154.559321,159.926004,153.848646,159.21952,156.209114,55568985
2023-06-12,158.695606,160.085727,153.1127,154.294466,151.38464,40806306
2023-06-13,154.053611,154.366965,151.738008,152.616986,149.741255,111885196
2023-06-14,150.707796,155.56129,148.749035,154.710661,151.797972,78369001
2023-06-15,154.457325,155.693085,151.082923,152.379846,149.513495,78158888
2023-06-16,152.34032,153.909875,150.744847,152.916193,150.042218,76048373
2023-06-20,151.445373,151.651116,149.798079,150.91673,148.090064,85206820
2023-06-21,149.70982,157.046591,148.590525,155.115838,152.213023,154090634
2023-06-22,154.597347,158.534289,154.010153,158.128924,155.172272,64564020
2023-06-23,157.46232,157.527008,156.93225,157.041016,154.107236,65695381
2023-06-26,156.319826,161.03161,155.309603,158.75336,155.795269,72644331
2023-06-27,159.6862,160.814064,159.070085,160.216181,157.233416,48892187
2023-06-28,159.519406,161.199992,159.116155,160.335203,157.352807,59846806
2023-06-29,159.587946,159.748542,150.215698,151.788654,148.967679,66571655
2023-06-30,150.566255,154.56933,150.141788,153.373318,150.525366,88907899
2023-07-03,154.095659,154.780288,153.692147,153.838709,150.989555,78843714
2023-07-05,152.730306,155.54305,152.067706,154.152506,151.302511,71421688
2023-07-06,154.144727,156.269266,152.821034,153.472509,150.637561,74379739
2023-07-07,153.426376,154.484527,151.145811,153.480375,150.647756,71682912
2023-07-10,154.157735,154.471645,152.656688,152.742376,149.930766,49587016
2023-07-11,153.737882,154.138931,150.077526,150.893501,148.118358,58104683
2023-07-12,150.73467,151.086037,147.296664,147.855204,145.138324,89878528
2023-07-13,148.299016,149.788756,147.798101,149.417121,146.673949,41759710
2023-07-14,148.626226,152.523917,146.757625,151.393791,148.61677,56583840
2023-07-17,152.565556,156.33003,152.250808,155.451843,152.607906,62072987
2023-07-18,155.670679,161.053684,155.554376,160.334442,157.403765,45920846
2023-07-19,159.006946,160.066634,157.764356,159.136227,156.230019,68672541
2023-07-20,159.530823,163.419197,159.187234,162.788188,159.817911,70819480
2023-07-21,161.633401,161.983333,159.335698,159.850753,156.936651,91101465
2023-07-24,160.99776,164.460249,160.64513,162.786393,159.82665,49136441
2023-07-25,161.950309,168.064015,158.841403,167.252854,164.214601,107442001
2023-07-26,168.200469,172.978627,167.672011,169.889125,166.805723,104913356
2023-07-27,171.241948,176.757466,170.428252,174.027989,170.872275,133549345
2023-07-28,174.046957,176.057088,170.515689,171.265589,168.162729,144988271
2023-07-31,169.761008,173.418714,167.596356,172.105455,168.995707,70052847
2023-08-01,171.780634,172.609179,168.343543,169.272395,166.216567,112294198
2023-08-02,169.283358,170.270304,167.744984,169.740226,166.678691,98659525
2023-08-03,169.609662,171.35338,168.019827,169.54327,166.488022,58728207
2023-08-04,167.858339,174.905774,167.31291,170.880948,167.804351,77183089
2023-08-07,171.722586,171.965553,164.377409,165.596656,162.623214,97004332
2023-08-08,165.601078,171.680937,165.168035,171.312884,168.239565,74069944
2023-08-09,172.117651,179.638057,171.73667,177.868718,174.680659,54107033
2023-08-10,178.38847,179.857029,170.609577,172.463112,169.374722,79732699
2023-08-11,173.353218,175.690337,169.62745,172.41459,169.329851,82496947
2023-08-14,174.221947,175.882965,163.301688,165.354098,162.403684,83575924
2023-08-15,166.080204,172.016992,164.80889,171.312644,168.258677,122879580
2023-08-16,171.162613,172.768884,164.618588,165.461558,162.514566,108655512
2023-08-17,166.136034,167.332368,162.509982,163.486704,160.577524,86722299
2023-08-18,161.645728,165.504702,158.777511,163.734037,160.823097,86711274
2023-08-21,163.548077,168.274626,161.468895,166.507874,163.55568,108104862
2023-08-22,164.669429,166.971234,163.747632,165.227526,162.300699,36817595
2023-08-23,165.986373,166.822607,160.299912,162.857946,159.975722,76162879
2023-08-24,164.782105,166.904562,163.014695,164.412789,161.5057,46958723
2023-08-25,162.903324,167.000112,161.000641,166.478189,163.537267,33499816
2023-08-28,169.003764,169.876839,166.320985,168.32324,165.357873,68703064
2023-08-29,170.047757,173.1185,167.292322,169.702679,166.715749,87835885
2023-08-30,169.051932,170.258427,164.435667,167.243967,164.303012,121256080
2023-08-31,168.033515,172.256637,167.680614,170.708719,167.709591,75152289
2023-09-01,169.70487,171.612398,166.424244,166.576448,163.652607,45430554
2023-09-05,167.200802,169.395375,166.021861,168.142633,165.202157,57791851
2023-09-06,168.463719,171.382091,168.265118,168.913775,165.962539,88747693
2023-09-07,169.075268,172.648573,168.538527,172.295807,169.288261,75207507
2023-09-08,171.94489,175.085276,171.639243,174.41069,171.369043,83393108
2023-09-11,174.862319,175.33388,173.805775,174.324896,171.293187,135530223
2023-09-12,173.321038,174.709578,173.014332,173.925232,170.90328,59059339
2023-09-13,173.804015,174.348871,168.697779,169.178917,166.242164,65350747
2023-09-14,168.783329,170.544211,167.661709,170.455264,167.499106,70503134
2023-09-15,171.488643,177.444512,170.772958,177.142402,174.073131,67660803
2023-09-18,175.662405,180.33836,174.457381,179.799248,176.692649,95672839
2023-09-19,178.716413,186.74757,177.917289,186.365929,183.148879,60405336
2023-09-20,185.934135,186.470816,182.040861,184.599477,181.4159,68068981
2023-09-21,184.112925,186.272462,183.815056,185.957957,182.753953,65595881
2023-09-22,185.907585,187.44684,181.874859,183.357274,180.20104,85781774
2023-09-25,183.433835,187.131532,183.29798,186.55444,183.352207,84372259
2023-09-26,185.447292,196.26707,184.727919,195.391602,192.040833,64662689
2023-09-27,196.154252,198.586749,193.401416,194.428878,191.097757,71110432
2023-09-28,192.712503,205.712772,192.577522,202.840133,199.368179,93153360
2023-09-29,202.05172,202.883666,200.163833,200.685482,197.253648,85452321
2023-10-02,199.182901,207.431792,198.911821,205.519757,202.01521,98691705
2023-10-03,205.524438,206.593398,197.346926,198.617668,195.234023,99403306
2023-10-04,200.42174,202.357858,194.195129,195.115639,191.794806,34311789
2023-10-05,197.550413,199.338697,194.122941,195.104541,191.787047,88942075
2023-10-06,196.061789,200.008092,195.375788,197.644045,194.286561,66147628
2023-10-09,197.191066,200.546797,196.267877,199.849274,196.46401,82477658
2023-10-10,198.907489,200.114268,191.665438,196.207035,192.886636,45721613
2023-10-11,193.737715,198.957982,192.172596,197.975372,194.628246,49724738
2023-10-12,198.247169,198.966519,189.865843,193.467849,190.200055,88303077
2023-10-13,192.429076,200.557282,188.621507,197.761951,194.42482,104873891
2023-10-16,195.490722,197.658966,195.149828,197.452653,194.130308,138017768
2023-10-17,199.321242,202.35838,198.577718,201.398975,198.013481,99330636
2023-10-18,200.115064,204.994683,199.250787,202.65144,199.248166,77077946
2023-10-19,200.689565,201.559628,199.437861,199.87967,196.526172,94442517
2023-10-20,199.676732,206.50548,197.751447,205.834288,202.384211,80011256
2023-10-23,207.527516,209.781206,198.408324,199.229587,195.899868,68981837
2023-10-24,200.230894,200.494598,198.402929,199.059033,195.735381,61167857
2023-10-25,201.875455,202.333595,193.18582,194.230706,190.990808,66967679
2023-10-26,194.046644,199.825371,193.139309,199.493396,196.168936,67489461
2023-10-27,198.813366,207.977803,196.331009,204.673029,201.265559,86738275
2023-10-30,207.009855,208.381615,203.939463,206.45455,203.027426,75371643
2023-10-31,205.305202,205.971375,200.284119,202.803233,199.439996,160985771
2023-11-01,202.215509,210.989108,200.585526,209.114598,205.650073,62074016
2023-11-02,208.719628,215.409194,208.3321,214.016743,210.47446,60992727
2023-11-03,216.368908,218.031088,208.141961,211.518525,208.021007,79898330
2023-11-06,212.590905,213.759889,212.456781,213.383378,209.865367,90609246
2023-11-07,212.691035,214.486878,211.239982,211.488033,208.004687,50228598
2023-11-08,211.987967,216.764321,211.446699,215.420811,211.87617,56765539
2023-11-09,215.551896,219.590372,215.267672,217.17216,213.60221,49609929
2023-11-10,219.377883,222.788907,217.530211,219.692013,216.08419,51571898
2023-11-13,218.767885,220.767923,216.57163,218.122854,214.551374,82017990
2023-11-14,218.11008,219.495871,213.565648,213.975245,210.475134,78917364
2023-11-15,213.384463,218.213956,212.794781,216.739564,213.197737,47279353
2023-11-16,215.339076,223.590538,214.13532,221.4533,217.838023,157325972
2023-11-17,219.925625,223.610668,218.991544,222.364939,218.738372,38827751
2023-11-20,222.438675,223.372194,221.88789,222.930781,219.305793,73480404
2023-11-21,222.938457,227.185971,222.306546,226.490595,222.811383,49129784
2023-11-22,225.489055,225.787797,225.180494,225.312539,221.656105,67272827
2023-11-24,225.182074,231.920481,223.931185,230.835236,227.096639,98457091
2023-11-27,231.341505,232.045829,226.149042,227.655341,223.979283,74334724
2023-11-28,227.356271,231.058224,225.528852,226.155937,222.507746,79536370
2023-11-29,224.922824,228.325689,224.050601,227.897571,224.224969,99748941
2023-11-30,228.040114,228.755535,225.618775,227.666253,224.001058,64845128
2023-12-01,226.294176,226.443483,223.420552,224.122849,220.518321,78615944
2023-12-04,223.687889,227.65208,223.57556,225.961214,222.338077,53240083
2023-12-05,225.843347,227.290543,219.828975,222.515612,218.951319,77937019
2023-12-06,223.47279,226.17353,220.126454,221.799657,218.250418,45489774
2023-12-07,220.533345,227.29426,219.447827,226.354931,222.736458,71590041
2023-12-08,221.474468,227.576917,221.251948,225.676986,222.072998,122797049
2023-12-11,224.696828,229.668228,224.425623,226.653267,223.04468,103465365
2023-12-12,222.58168,224.140313,219.056612,220.394277,216.888903,92368211
2023-12-13,220.828436,222.155141,217.551616,217.737745,214.278144,49707755
2023-12-14,217.620278,222.197294,215.168451,218.019449,214.558896,60111896
2023-12-15,219.715937,221.169234,217.933104,220.832485,217.330852,52428720
2023-12-18,219.107989,219.240204,213.783722,215.609936,212.201572,56739695
2023-12-19,215.784131,219.806071,214.930483,217.274612,213.843445,69401547
2023-12-20,218.456528,220.02423,213.289605,217.474926,214.044112,66629639
2023-12-21,216.963809,217.139778,215.738968,215.836888,212.435405,66751166
2023-12-22,215.627515,216.593231,214.999631,216.356002,212.949836,48145108
2023-12-26,218.146559,218.266248,216.185862,216.382149,212.989565,51080920
2023-12-27,216.316652,217.162534,215.498678,216.529381,213.137991,72859474
2023-12-28,217.990517,218.582924,213.909338,215.56936,212.196492,37958081
2023-12-29,214.465112,218.472454,214.270903,216.274081,212.893684,45518744
2024-01-02,216.305956,217.914846,212.868719,213.950531,210.620291,58489539
2024-01-03,214.371528,217.371429,214.091058,216.046978,212.687599,49815808
2024-01-04,215.707556,215.934518,212.023505,213.552622,210.235482,59223867
2024-01-05,212.688697,216.765446,211.250095,215.508836,212.164795,65833546
2024-01-08,215.243146,219.489897,215.110574,218.490678,215.110968,106163982
2024-01-09,219.318478,222.373168,217.747384,220.625293,217.216133,59251471
2024-01-10,220.844209,222.269814,215.694368,217.50575,214.148311,75564497
2024-01-11,215.732938,221.051531,214.324735,220.147302,216.752649,50527662
2024-01-12,220.879561,222.265609,219.506039,221.46765,218.056219,56396150
2024-01-16,221.031114,227.684197,220.42711,224.237713,220.798121,87879053
2024-01-17,223.348863,225.002556,222.699842,222.821984,219.407712,77957235
2024-01-18,222.642084,226.442663,220.520382,221.774806,218.380167,61404196
2024-01-19,219.385437,224.041919,218.201966,220.152417,216.786172,174386274
2024-01-22,220.923829,222.566717,220.083691,221.693745,218.314691,51804210
2024-01-23,221.931933,223.458848,219.801332,222.715982,219.32495,82363210
2024-01-24,222.476193,225.397665,215.819166,216.692609,213.396794,93235097
2024-01-25,216.421883,219.775184,214.89775,218.286442,214.969916,85923760
2024-01-26,217.462636,227.389277,216.782698,224.882253,221.469152,100536606
2024-01-29,225.102213,227.848854,224.953954,226.039603,222.619907,46294469
2024-01-30,224.404755,233.298071,221.821245,233.18202,229.658041,109096465
2024-01-31,232.360394,235.427514,229.135009,235.30185,231.749642,80937758
2024-02-01,234.564221,235.959014,232.785751,233.952235,230.424186,88614979
2024-02-02,235.612255,236.50743,233.86965,234.7326,231.196581,80308245
2024-02-05,235.815867,237.47292,227.95973,229.179403,225.738162,81362499
2024-02-06,230.371102,232.616346,224.145092,224.301663,220.937293,51831749
2024-02-07,224.247122,228.01233,222.953786,223.169255,219.825482,54840083
2024-02-08,225.245305,228.888572,224.004346,225.593243,222.2168,63781686
2024-02-09,226.917266,229.275254,222.030342,222.952418,219.619108,40387238
2024-02-12,224.263902,227.242874,220.56986,222.287386,218.97481,89807790
2024-02-13,222.163305,227.870917,221.665172,225.986939,222.622889,72332711
2024-02-14,224.355199,227.037558,223.596692,226.213667,222.849903,55095411
2024-02-15,226.705371,233.577538,225.452122,232.676431,229.220332,82601089
2024-02-16,231.71645,233.936967,231.016076,232.639087,229.187307,101078498
2024-02-20,232.991366,236.404073,232.897995,235.836331,232.352379,84350423
2024-02-21,236.494088,237.779603,233.830657,234.859143,231.393428,42810306
2024-02-22,233.753735,237.854347,232.225353,237.137313,233.641818,85574002
2024-02-23,236.416616,242.79277,235.825074,241.037278,237.488198,80439514
2024-02-26,241.074256,247.454242,240.830005,245.659667,242.054453,60712180
2024-02-27,245.78576,246.745662,244.338749,246.386504,242.774612,59479354
2024-02-28,245.106516,248.646949,240.223149,240.87064,237.343507,34233495
2024-02-29,240.958435,249.72,240.443014,248.592741,244.956555,100885088
2024-03-01,246.828226,247.758189,241.514287,243.762513,240.200924,71112891
2024-03-04,243.957297,245.551969,239.613048,243.571012,240.02405,83877355
2024-03-05,241.36439,242.095009,240.604737,241.103762,237.596631,65904463
2024-03-06,240.515513,241.367592,239.562764,239.745597,236.262104,93834554
2024-03-07,240.555097,241.874634,235.255736,235.638247,232.218248,108596166
2024-03-08,234.556355,235.256644,231.451651,232.496936,229.126293,53281417
2024-03-11,229.535329,239.752715,229.051942,238.111914,234.671433,44495521
2024-03-12,239.328088,240.125012,232.041754,233.212054,229.846146,50948977
2024-03-13,234.102169,240.779104,233.185339,238.459273,235.021493,79304773
2024-03-14,234.574888,246.226795,234.155482,243.949299,240.436321,140255006
2024-03-15,243.767199,244.860347,242.890274,244.628669,241.109869,63990277
2024-03-18,243.646598,255.09178,241.693361,254.2465,250.601704,80515980
2024-03-19,254.604365,259.846633,253.617775,258.777291,255.071733,102712404
2024-03-20,258.640709,262.509097,254.666665,254.881062,251.235424,98800739
2024-03-21,256.586117,257.701172,250.379181,252.898851,249.28566,50596738
2024-03-22,252.154244,253.517895,249.72173,251.188516,247.603828,79691344
2024-03-25,249.403317,249.960549,243.937405,244.5171,241.039497,72366207
2024-03-26,242.363303,244.86978,239.306042,240.029171,236.619284,60813900
2024-03-27,240.385544,240.902138,238.096953,239.041103,235.649123,72939725
2024-03-28,239.263516,239.454915,235.312771,237.163353,233.801859,57722186
2024-04-01,236.996435,239.417751,236.377133,238.373827,235.010618,125045164
2024-04-02,239.334953,240.192821,236.813028,238.266104,234.908274,64798003
2024-04-03,238.859905,240.717746,237.865532,238.729682,235.369185,51176447
2024-04-04,239.889144,241.081775,235.392632,235.516969,232.20551,59737731
2024-04-05,236.55788,241.935924,235.525889,241.004756,237.620041,76932730
2024-04-08,240.636053,244.681106,239.146566,239.992516,236.633678,105433408
2024-04-09,241.538477,243.04056,238.184986,239.566842,236.217842,70161043
2024-04-10,241.01619,241.672762,240.447935,240.657677,237.297326,75251455
2024-04-11,242.248082,242.513935,239.142754,240.013443,236.665975,77781319
2024-04-12,239.437974,242.194221,238.130017,241.535811,238.171023,99855941
2024-04-15,241.877395,244.011513,238.359264,238.483951,235.173268,97122713
2024-04-16,237.391013,237.613397,232.558951,236.611625,233.330767,69185730
2024-04-17,235.887725,245.185856,232.708489,244.908327,241.516394,46584830
2024-04-18,244.703345,252.678985,242.643522,249.009695,245.564992,53639653
2024-04-19,246.473375,249.755257,243.357554,246.120711,242.71996,55773392
2024-04-22,247.793652,250.606832,242.570538,243.879505,240.521575,92725049
2024-04-23,244.02434,244.738176,238.560288,239.605788,236.310584,96157521
2024-04-24,238.359637,239.067509,234.577062,235.246412,232.014972,41692009
2024-04-25,236.676843,237.592888,232.035141,234.846088,231.623952,43508975
2024-04-26,235.369749,238.602596,232.479828,234.519339,231.305485,80532545
2024-04-29,235.894209,237.599175,228.556282,229.536171,226.401764,61999629
2024-04-30,228.785931,229.396071,227.74105,228.183053,225.070821,108008036
2024-05-01,228.51076,232.587434,227.303411,227.766032,224.663178,118127183
2024-05-02,231.663374,233.612476,225.617197,228.672286,225.560792,78461326
2024-05-03,230.582899,232.352994,228.572658,229.815435,226.69211,40836075
2024-05-06,230.251053,236.960295,229.78225,234.925919,231.74456,56422883
2024-05-07,233.757245,240.192116,233.152585,238.058909,234.838981,75545599
2024-05-08,238.693779,242.817427,237.12996,242.654233,239.376081,113320050
2024-05-09,241.355878,246.725488,239.617302,245.609558,242.295462,69099631
2024-05-10,243.685718,251.642445,241.789753,249.647545,246.283008,86079656
2024-05-13,250.268228,250.385245,245.046056,246.068547,242.764209,61267221
2024-05-14,246.187592,250.207195,244.992462,249.370389,246.025753,60659891
2024-05-15,246.23539,249.747504,245.816944,249.377395,246.036706,55084172
2024-05-16,250.072268,258.143255,246.64576,255.21235,251.797633,75300149
2024-05-17,255.428558,258.979735,253.724696,258.67081,255.214011,59447797
2024-05-20,259.35005,262.883552,258.996278,260.544149,257.074984,73286172
2024-05-21,262.365414,263.063069,261.050655,261.654645,258.174934,73217052
2024-05-22,261.040725,263.188063,260.475252,261.886509,258.40796,106053239
2024-05-23,262.091829,263.008125,259.782206,262.786638,259.300392,65210366
2024-05-24,262.429543,265.813356,261.235595,263.407262,259.917052,99980586
2024-05-28,262.923543,266.090507,262.209145,264.437691,260.950974,80205124
2024-05-29,263.604729,264.523838,260.283448,262.432422,258.976399,43206973
2024-05-30,261.596365,264.878091,260.509618,263.486601,260.020967,85641164
2024-05-31,264.879388,267.103432,261.521582,262.798869,259.346541,84953603
2024-06-03,264.942454,266.958887,260.018757,261.386191,257.965134,33417362
2024-06-04,259.872319,263.678935,258.745588,259.62453,256.230739,76218966
2024-06-05,260.419664,263.701836,258.307755,262.215153,258.791748,75452299
2024-06-06,262.18165,263.520489,261.2056,262.930924,259.502437,77276825
2024-06-07,266.024565,266.753044,261.75177,262.465846,259.047679,96827074
2024-06-10,263.189608,264.564181,258.782356,259.856247,256.484705,38405425
2024-06-11,260.638164,263.956902,260.364739,263.788539,260.370254,79384542
2024-06-12,262.420998,267.423939,261.569481,265.399383,261.964528,92687520
2024-06-13,267.098434,267.967239,260.692194,263.208679,259.806444,80796212
2024-06-14,264.357356,264.837262,262.849159,263.481256,260.079769,43355053
2024-06-17,264.121748,265.28877,262.398142,262.617212,259.239656,48740881
2024-06-18,263.186336,263.372914,261.784655,262.122755,258.755809,42360312
2024-06-20,263.436472,265.827894,262.097345,264.634918,261.244285,75015482
2024-06-21,266.282866,268.108522,258.083866,260.012436,256.685246,81757608
2024-06-24,259.901744,263.784109,257.660167,260.735271,257.411517,49471556
2024-06-25,260.821489,261.353647,260.068494,260.94616,257.62395,88143988
2024-06-26,260.754335,265.285323,259.567188,264.053641,260.69615,68830836
2024-06-27,263.344858,271.516918,262.24964,268.742911,265.330154,78593278
2024-06-28,270.900835,272.053165,268.444001,270.188925,266.762187,53905845
2024-07-01,271.859797,274.179828,270.435092,271.51855,268.08816,51146647
2024-07-02,269.911395,273.352621,268.642231,272.858138,269.41525,63775797
2024-07-03,273.243783,280.744233,271.798824,277.566085,274.068294,95226803
2024-07-05,278.979391,279.457447,277.741159,278.21728,274.720308,59232005
2024-07-08,280.615768,281.850188,268.60785,272.115811,268.708772,46528847
2024-07-09,271.620738,271.805722,269.729777,270.105921,266.728429,99715080
2024-07-10,268.765068,269.042122,263.939006,265.827315,262.507636,89250852
2024-07-11,264.540543,266.88652,261.056396,264.097942,260.804143,91384991
2024-07-12,266.089495,267.70651,264.414741,265.424193,262.11816,53229132
2024-07-15,265.931833,267.70525,265.344576,266.63244,263.324334,43512931
2024-07-16,266.802182,268.767714,265.444262,267.082718,263.773359,54500204
2024-07-17,264.647759,266.786173,264.136145,265.588382,262.301847,64374159
2024-07-18,264.713726,266.162554,257.941546,259.413699,256.207782,67212728
2024-07-19,257.682939,259.936228,253.304603,258.307129,255.119078,65809247
2024-07-22,255.859647,259.902068,254.31896,259.290973,256.1034,60307474
2024-07-23,258.52824,259.688673,257.78891,259.410428,256.225596,115478970
2024-07-24,261.043171,261.328411,258.398427,258.763478,255.590786,29948499
2024-07-25,258.941615,259.906472,256.367964,258.093388,254.9331,75179975
2024-07-26,257.954214,263.041014,255.605634,262.563533,259.352771,34505571
2024-07-29,262.65641,268.873176,262.275593,266.382841,263.138341,83903361
2024-07-30,267.343657,273.237323,264.175008,271.951418,268.643507,43901494
2024-07-31,273.682956,275.171878,267.017506,269.578259,266.303588,66279061
2024-08-01,270.821526,275.168399,268.827205,273.094696,269.781742,88131920
2024-08-02,275.392496,275.942053,273.428604,273.649229,270.333988,104736491
2024-08-05,274.740732,274.927122,267.309985,268.921991,265.677113,122137904
2024-08-06,267.915244,271.22774,267.232534,269.664307,266.414849,70817034
2024-08-07,269.790765,270.488365,264.725936,266.125191,262.922698,87617171
2024-08-08,264.410581,272.495121,263.073339,271.92747,268.659567,81568449
2024-08-09,271.252154,272.814837,265.213212,265.916711,262.725358,125476919
2024-08-12,265.054352,269.404522,263.299154,268.337041,265.129707,64990298
2024-08-13,267.839015,270.904617,266.284662,270.212379,266.987015,61137968
2024-08-14,270.2813,272.865386,267.643444,272.634401,269.384552,71024938
2024-08-15,273.9991,276.179521,273.190625,273.942929,270.681928,69888573
2024-08-16,272.931647,274.299574,272.751248,274.056356,270.798454,41828248
2024-08-19,272.126091,272.985545,269.953324,271.727872,268.510882,61835573
2024-08-20,271.836133,275.037044,266.836901,268.033691,264.864788,41270018
2024-08-21,268.751058,270.410759,268.003457,268.476924,265.307138,46592747
2024-08-22,269.229394,273.862059,267.308673,273.080062,269.860362,60346303
2024-08-23,274.447385,274.749878,272.261174,272.839052,269.626623,58547596
2024-08-26,275.298903,283.455637,273.389065,280.603644,277.31346,76366263
2024-08-27,281.798114,283.438673,277.634576,279.418389,276.146639,78035190
2024-08-28,278.326445,278.832234,271.90709,272.291543,269.107663,51596021
2024-08-29,273.045394,278.373094,269.749819,275.898139,272.676567,101649680
2024-08-30,274.78757,283.211337,271.243657,281.189449,277.910657,47159654
2024-09-03,286.772084,287.46887,282.869244,284.277554,280.981216,38232426
2024-09-04,282.670857,284.135345,277.189341,278.794053,275.565826,41562648
2024-09-05,279.792224,287.044426,278.735426,283.378033,280.101328,83849468
2024-09-06,281.729492,286.269659,279.460261,282.966505,279.699153,43211017
2024-09-09,284.661692,285.939761,280.418995,282.354747,279.108213,93829631
2024-09-10,282.271368,290.09641,281.591945,287.597903,284.295753,80129888
2024-09-11,287.039151,291.852948,286.726889,291.122934,287.785037,55129086
2024-09-12,288.637604,290.967079,285.299222,286.875404,283.590866,92386413
2024-09-13,287.410551,288.482573,285.408213,285.867163,282.598812,58733453
2024-09-16,288.390989,290.231182,285.717057,287.356443,284.085064,62847611
2024-09-17,288.837306,292.901029,284.61338,290.219926,286.920661,74952893
2024-09-18,289.34166,291.350677,287.771671,288.385451,285.111724,61319243
2024-09-19,289.575068,291.151852,286.698007,287.518328,284.259115,59854667
2024-09-20,286.944298,296.20023,284.878698,295.190637,291.849247,65810653
2024-09-23,296.944569,297.808378,289.519249,290.799234,287.521721,54346873
2024-09-24,290.952417,294.050785,286.813517,288.015062,284.773607,56518381
2024-09-25,287.828455,289.499281,285.291261,286.813785,283.590508,53244671
2024-09-26,285.452732,286.468859,275.072418,278.005639,274.885866,54785844
2024-09-27,279.191175,283.103629,272.561182,273.416791,270.352954,85419958
2024-09-30,274.059187,274.566033,269.8245,270.161214,267.147024,131752247
2024-10-01,269.558509,272.263445,269.403274,271.435097,268.411103,54966626
2024-10-02,270.277459,276.374075,268.780995,272.650158,269.617057,79163908
2024-10-03,272.245591,272.620123,264.252392,264.523747,261.585345,119318353
2024-10-04,264.761584,267.535205,259.823096,260.251528,257.36481,57018632
2024-10-07,261.159471,264.936796,260.561342,263.019573,260.11497,99065055
2024-10-08,262.861846,265.315812,257.11674,258.040702,255.195275,47294697
2024-10-09,259.432836,261.916118,258.204396,260.202898,257.337855,63800298
2024-10-10,260.107235,265.697983,259.364629,264.763199,261.852245,87259687
2024-10-11,264.709254,268.341978,264.479007,265.736259,262.818925,74762182
2024-10-14,265.004983,266.595379,257.873152,258.962157,256.131813,41787255
2024-10-15,259.865595,261.970831,257.682239,258.133241,255.31615,81210628
2024-10-16,259.447791,260.306696,255.920219,256.506815,253.711642,51480158
2024-10-17,255.529042,259.201967,254.8023,258.916871,256.099642,58725714
2024-10-18,259.5037,263.33523,258.605682,261.880969,259.035744,100659885
2024-10-21,262.686414,262.942148,258.807553,260.90335,258.081464,123736701
2024-10-22,260.60434,263.810436,258.349815,263.513017,260.667187,97296621
2024-10-23,262.649622,263.261185,260.972522,261.997202,259.172001,78376658
2024-10-24,260.65138,264.593462,258.497653,262.109995,259.287837,86130272
2024-10-25,263.622605,266.013015,261.343198,265.750645,262.893606,93391416
2024-10-28,266.155527,267.250137,264.393772,266.0909,263.243176,78609148
2024-10-29,266.391438,268.522625,266.15957,267.548086,264.689115,72709490
2024-10-30,266.671133,270.836114,266.355476,270.07949,267.197857,148207284
2024-10-31,269.595207,271.317311,265.3101,267.386862,264.538304,86242115
2024-11-01,267.679974,268.30666,265.254595,266.043023,263.213105,43905786
2024-11-04,265.878242,267.257976,262.068584,263.770819,260.977932,67053005
2024-11-05,264.147673,268.613003,262.509879,267.931824,265.099234,51259344
2024-11-06,268.76365,270.580397,265.639349,269.792694,266.944816,95563793
2024-11-07,271.204085,273.136964,268.756087,272.198704,269.329852,90013386
2024-11-08,272.399443,277.527097,270.29074,276.460196,273.550924,96239989
2024-11-11,276.560836,277.673489,270.585533,272.128503,269.278085,85446742
2024-11-12,271.534268,273.875455,268.744917,271.112658,268.277288,78278040
2024-11-13,269.893336,271.894898,269.003066,270.502153,267.677565,95081142
2024-11-14,269.974756,277.65438,269.641386,277.487306,274.594288,110736578
2024-11-15,277.875085,279.485736,275.712812,276.21231,273.337075,123012031
2024-11-18,275.85469,280.22211,274.632127,278.103109,275.221755,75041498
2024-11-19,277.540587,278.019994,273.064435,275.000317,272.155581,106165829
2024-11-20,273.82865,277.459211,273.679203,274.566028,271.730248,54526993
2024-11-21,274.055188,275.007331,272.762754,274.228556,271.40072,43895400
2024-11-22,272.407498,277.403183,272.212827,276.75777,273.908353,81367332
2024-11-25,276.483298,277.826357,265.56425,267.100814,264.36385,61534455
2024-11-26,267.705316,273.254135,266.41737,272.347509,269.561211,51449772
2024-11-27,271.674262,275.972174,269.702155,275.333969,272.521594,41474616
2024-11-29,276.707207,278.745527,274.626045,275.07924,272.278412,42275496
2024-12-02,277.270358,280.206584,267.945881,268.186541,265.468976,60438893
2024-12-03,268.387669,271.362741,266.012908,270.422378,267.686554,89075112
2024-12-04,270.616674,273.51669,265.078119,265.661386,262.978048,70433389
2024-12-05,267.798116,268.533418,262.311351,263.928756,261.26721,52869654
2024-12-06,264.501873,272.805607,263.833784,270.926882,268.199171,69229063
2024-12-09,269.587838,270.381643,267.177584,267.53593,264.855411,97066065
2024-12-10,266.353122,269.978809,264.968907,269.429617,266.734506,90338794
2024-12-11,269.735015,270.188628,266.235125,269.01905,266.332422,110640936
2024-12-12,269.561988,275.085805,268.233818,274.550809,271.813401,69902489
2024-12-13,272.375682,282.514936,272.108301,278.894915,276.11873,89766415
2024-12-16,279.20555,283.929703,277.700809,281.270665,278.484555,64181488
2024-12-17,278.850403,279.162904,276.931535,277.283942,274.541832,83159234
2024-12-18,276.635393,277.957092,271.679449,275.243635,272.52618,45131130
2024-12-19,277.435572,277.879635,272.405536,274.693719,271.98616,73537611
2024-12-20,274.550766,278.605025,272.917995,277.078747,274.352187,64404763
2024-12-23,275.58147,286.500206,273.881976,283.572407,280.795785,58335529
2024-12-24,281.925049,283.177954,280.640992,280.863879,278.118346,72501737
2024-12-26,281.613142,283.144074,274.975208,276.291993,273.60014,53617131
2024-12-27,277.591157,279.826773,277.459663,279.636035,276.91615,81671252
2024-12-30,281.361252,284.860384,278.737602,284.335187,281.583473,73829572
2024-12-31,285.142293,285.475539,275.893886,276.824569,274.150044,109091918
2025-01-02,277.507303,282.978822,275.672098,282.546562,279.825948,163962965
2025-01-03,283.210063,289.96,281.443393,287.754876,284.988793,108139104
2025-01-06,288.964215,291.902994,280.843361,282.061775,279.364184,57290687
2025-01-07,284.385656,290.575006,282.274402,288.45628,285.702227,99978247
2025-01-08,287.051417,291.432067,282.612924,291.106076,288.33146,85239987
2025-01-09,290.904821,296.423963,289.89594,295.26628,292.456816,51178000
2025-01-10,296.376652,297.504564,287.665645,291.96044,289.187182,57918226
2025-01-13,292.241242,295.628493,284.761886,288.722759,285.994348,67099332
2025-01-14,287.80975,289.011516,283.161055,285.60803,282.913701,43715789
2025-01-15,284.972078,286.236474,280.950755,285.624544,282.934707,69878781
2025-01-16,285.499513,286.250997,281.057427,282.451546,279.796187,79555857
2025-01-17,279.761007,284.823488,278.83283,282.662182,280.009442,134512064
2025-01-21,282.953191,286.348498,280.263439,281.276352,278.654927,64675117
2025-01-22,279.351038,283.714629,277.100637,282.816165,280.184992,71728691
2025-01-23,283.203889,284.797775,281.375902,284.238621,281.59884,117670257
2025-01-24,283.170219,285.465848,276.773526,278.479344,275.897583,89527239
2025-01-27,278.192665,279.067094,276.867201,277.743123,275.181748,85079968
2025-01-28,278.127112,283.564128,276.787408,280.844104,278.258702,76665901
2025-01-29,281.120179,281.48542,274.653535,276.263832,273.725092,45910808
2025-01-30,277.843205,279.32845,277.244655,278.508433,275.953599,69869478
2025-01-31,280.034445,281.394912,276.50592,277.658153,275.115638,51760233
2025-02-03,277.510144,281.509244,275.830733,278.476407,275.939998,125032293
2025-02-04,278.008991,281.965616,270.949636,274.453952,271.958648,81520641
2025-02-05,275.423561,278.751922,274.535473,276.620325,274.109827,91330826
2025-02-06,275.955948,276.459876,272.649808,275.571192,273.074702,70550275
2025-02-07,276.404238,281.401951,273.98411,274.5703,272.087347,53399392
2025-02-10,273.598918,274.685614,271.582437,273.731361,271.269362,55407422
2025-02-11,274.989585,276.262506,271.307593,273.107125,270.655187,63743814
2025-02-12,272.613354,273.29423,269.917781,270.462308,268.038518,62242319
2025-02-13,271.561193,272.084868,268.560227,269.904002,267.489609,89364534
2025-02-14,270.819541,274.372512,265.09262,266.003188,263.62802,88847578
2025-02-18,266.163689,268.469338,265.416444,268.089372,265.713036,117645088
2025-02-19,267.883031,269.037091,265.342768,266.981136,264.618969,45306809
2025-02-20,265.888203,267.277852,263.759123,263.870883,261.540531,67903633
2025-02-21,262.913914,267.127066,261.594437,264.500739,262.169132,86527922
2025-02-24,264.570203,267.431977,264.244116,266.659143,264.321535,55009922
2025-02-25,265.087905,267.928163,263.049627,266.800559,264.466055,121882147
2025-02-26,265.770413,266.607706,264.872705,266.183026,263.85826,70917333
2025-02-27,265.554775,270.605094,264.148357,269.791164,267.439279,74163985
2025-02-28,269.636373,272.538619,267.469321,271.477201,269.115039,37116011
2025-03-03,271.906648,279.717527,271.05213,277.527423,275.126175,69717287
2025-03-04,277.739848,287.508383,277.514653,286.296633,283.824174,57204874
2025-03-05,286.434028,292.042416,284.985463,289.832786,287.334509,54121479
2025-03-06,291.662061,292.071311,286.004037,286.830324,284.362598,69777924
2025-03-07,289.433921,290.595291,282.634612,283.513911,281.079335,51191802
2025-03-10,281.855337,287.114605,280.998543,284.48874,282.059693,58760385
2025-03-11,284.327733,289.067331,281.155508,287.17378,284.726485,90334202
2025-03-12,287.167814,291.747927,285.84166,291.405102,288.926493,56884706
2025-03-13,293.218681,294.835196,291.500424,293.042076,290.554316,51490192
2025-03-14,292.453278,301.769378,291.340207,300.564911,298.018183,51180618
2025-03-17,300.040738,304.867961,297.932723,302.409612,299.862031,103831075
2025-03-18,302.306568,304.709368,300.752471,304.373418,301.814251,73619741
2025-03-19,303.408762,308.085982,303.091761,306.368484,303.797533,119772118
2025-03-20,307.6553,312.173685,305.512788,310.086789,307.489686,61211496
2025-03-21,312.161555,320.894233,307.860331,320.303534,317.626079,52588759
2025-03-24,322.76154,324.68558,318.194061,318.391185,315.745276,50067459
2025-03-25,318.663645,319.464103,317.355177,317.821604,315.185606,56203160
2025-03-26,315.597592,315.805258,312.938942,315.046002,312.438157,72568126
2025-03-27,315.034397,325.458981,311.873452,320.59118,317.942656,78315372
2025-03-28,324.55657,327.646516,320.174075,326.879402,324.184254,79919457
2025-03-31,327.611571,339.496024,325.948279,339.232115,336.451699,73807004
2025-04-01,339.204158,340.230827,331.88779,333.741087,331.011114,76539744
2025-04-02,335.410722,336.417905,326.343139,328.588887,325.906412,51702055
2025-04-03,328.761158,332.163877,321.025712,321.306256,318.688469,48605871
2025-04-04,323.273469,327.358961,316.718983,317.697256,315.114048,85560970
2025-04-07,314.101286,328.125794,310.743384,324.24468,321.624085,44645774
2025-04-08,322.370401,335.124213,320.558899,327.080933,324.442745,58108337
2025-04-09,325.807195,326.520447,316.331428,322.95722,320.357556,90267405
2025-04-10,318.791761,322.996832,318.317968,318.727822,316.167396,106417475
2025-04-11,319.205213,323.125133,317.962786,319.216782,316.65763,57452023
2025-04-14,317.080042,323.494648,313.816879,322.81116,320.238974,58916975
2025-04-15,323.060573,331.435256,318.560142,327.331082,324.728214,69566800
2025-04-16,324.248129,329.471241,320.758302,326.469441,323.878745,66926824
2025-04-17,323.718895,327.245166,320.850678,326.389908,323.805163,33642676
2025-04-21,325.106152,327.637381,320.810304,326.251781,323.689398,61323740
2025-04-22,327.797915,331.392982,326.952934,327.230905,324.666165,82701420
2025-04-23,326.256646,328.656255,325.578243,328.29307,325.725356,96419713
2025-04-24,329.485673,330.427878,328.589602,329.998502,327.422828,91923614
2025-04-25,331.370903,340.038089,330.223609,339.62752,336.982225,57342167
2025-04-28,341.327318,344.817974,340.6047,344.099179,341.435882,81567880
2025-04-29,345.040047,346.29279,343.02461,344.344106,341.684525,59822728
2025-04-30,346.924749,348.621176,343.854535,345.054531,342.395089,40345027
2025-05-01,343.936729,345.247992,340.075308,341.285782,338.660949,63606401
2025-05-02,338.403776,346.583679,335.48251,344.076471,341.435784,82464821
2025-05-05,345.492391,347.520062,338.44543,342.1625,339.553235,68389093
2025-05-06,339.422018,360.024997,337.784524,355.984626,353.27576,201845541
2025-05-07,357.240968,363.802585,353.628206,357.846113,355.128915,93482172
2025-05-08,359.323163,360.569828,354.689428,356.156483,353.457921,66086463
2025-05-09,356.330701,356.51506,341.028681,341.933567,339.348345,75230632
2025-05-12,344.596343,345.629088,332.603174,334.437183,331.924995,94228262
2025-05-13,333.952592,334.120182,324.077664,327.592259,325.13683,45544281
2025-05-14,326.880718,341.636793,325.958492,340.655553,338.107763,83309008
2025-05-15,342.601075,343.529041,340.139556,341.555867,339.006913,74353639
2025-05-16,334.998381,338.127487,333.1336,333.801116,331.315476,90314356
2025-05-19,338.400696,340.462761,327.735128,329.386958,326.950301,38938808
2025-05-20,332.125816,334.172747,331.132667,332.652007,330.19662,90969397
2025-05-21,332.627569,335.263195,318.659806,321.149956,318.784705,42072627
2025-05-22,317.998535,328.237278,316.239054,326.465394,324.066319,92657107
2025-05-23,330.498536,333.574929,323.828816,329.867753,327.449054,66950148
2025-05-27,332.421908,337.276118,329.204131,336.345492,333.901236,47657016
2025-05-28,335.083669,337.460728,323.921991,330.820914,328.4222,63341039
2025-05-29,331.137032,332.52726,323.869025,326.84234,324.477804,80475204
2025-05-30,328.560127,334.2142,316.057464,316.614848,314.329466,81421260
2025-06-02,318.771769,322.189161,312.306149,314.810113,312.553161,60845301
2025-06-03,317.103924,320.292883,316.696766,317.639989,315.36793,107057335
2025-06-04,315.875479,318.768897,313.865518,318.170655,315.899989,96936188
2025-06-05,324.034717,327.270728,305.615548,306.037093,303.858011,85260805
2025-06-06,310.264564,310.941003,309.3558,309.951686,307.749786,75567865
2025-06-09,310.120374,310.956505,307.342794,309.289569,307.107507,72413112
2025-06-10,307.299685,308.872239,305.887612,307.070958,304.909557,56639472
2025-06-11,307.315713,307.991634,300.669621,301.614448,299.496374,87122316
2025-06-12,304.996524,305.989884,293.719557,299.06392,296.968635,45728492
2025-06-13,300.564975,306.738446,298.610576,304.354777,302.227389,76681760
2025-06-16,302.202751,303.017319,297.422909,302.049508,299.953014,96451722
2025-06-17,304.287343,306.226055,293.159251,297.744105,295.682352,103759695
2025-06-18,296.746446,297.329479,289.840135,293.383519,291.356748,100825775
2025-06-20,292.516471,302.259641,291.329492,301.331182,299.259337,53133120
2025-06-23,301.106048,302.583151,300.895183,301.114608,299.058991,36819721
2025-06-24,297.416641,311.709553,295.190321,306.111655,304.026919,56739234
2025-06-25,305.142473,306.452907,296.691338,299.486623,297.451892,57583206
2025-06-26,299.925909,301.942296,291.05527,292.141762,290.161699,62287524
2025-06-27,295.493514,298.325109,287.502462,288.163813,286.215413,52110464
2025-06-30,287.114051,287.814266,271.026449,273.649778,271.812908,59046883
2025-07-01,274.33693,287.712761,268.020216,283.874401,281.973531,75316844
2025-07-02,283.684678,292.878393,278.862273,292.058984,290.108074,58181508
2025-07-03,292.854467,294.212659,285.743764,286.069622,284.163388,63150947
2025-07-07,283.381401,294.052693,281.105142,292.131585,290.204026,58914428
2025-07-08,288.810058,291.747705,286.460464,291.374506,289.456697,39021231
2025-07-09,290.056414,290.756687,289.723515,290.022523,288.118345,60833592
2025-07-10,292.220498,294.004417,276.241489,276.739467,274.927017,71694102
2025-07-11,276.563453,279.888264,274.711028,275.413879,273.614605,70111833
2025-07-14,274.28315,284.299225,272.158877,282.176892,280.347251,103325917
2025-07-15,278.940491,291.314745,277.729957,287.617996,285.757769,139885747
2025-07-16,289.683074,290.511961,279.774247,281.700195,279.88284,65544223
2025-07-17,283.804461,286.469064,279.512486,284.438045,282.60767,76602419
2025-07-18,282.395599,282.632905,275.109703,275.646768,273.877464,79402679
2025-07-21,277.930735,286.236268,277.086002,285.627161,283.807782,108983516
2025-07-22,282.223583,287.733502,280.316163,284.644088,282.835616,92661652
2025-07-23,286.592176,286.797945,285.61371,286.490604,284.675077,69437227
2025-07-24,288.383158,290.244011,284.854875,289.698412,287.867286,76453702
2025-07-25,290.64589,292.187912,283.151403,284.599486,282.805234,52557769
2025-07-28,285.792034,287.728996,282.085682,283.017183,281.246767,62060816
2025-07-29,281.845919,283.460217,280.273672,280.96713,279.214125,70960235
2025-07-30,279.974735,287.944991,278.673621,284.606661,282.835594,70776001
2025-07-31,284.940449,286.64297,277.93194,280.073144,278.334861,100868014
2025-08-01,280.239587,284.516906,278.940197,284.363194,282.602927,68337637
2025-08-04,285.664542,286.663768,280.380237,281.541959,279.812945,85482360
2025-08-05,281.200129,282.250716,280.353039,281.688568,279.963253,70420692
2025-08-06,281.203801,285.521119,280.909858,284.649479,282.910676,141907614
2025-08-07,285.264059,295.303516,285.083279,293.918655,292.128029,42656148
2025-08-08,296.466782,306.489254,296.102747,303.238901,301.396445,75773510
2025-08-11,303.059511,304.301256,300.808608,301.953185,300.133332,61719751
2025-08-12,299.450464,306.734465,298.506493,304.953153,303.120198,45015664
2025-08-13,301.879294,305.680515,298.335717,303.965106,302.143053,115776767
2025-08-14,304.909179,305.688499,301.850364,302.072251,300.266477,53813614
2025-08-15,304.554235,305.640913,294.898779,295.62418,293.86178,91586386
2025-08-18,294.908511,295.762739,293.648029,295.408493,293.66185,77754751
2025-08-19,296.850627,300.035952,295.059619,296.768413,295.018576,65799450
2025-08-20,298.735378,304.824111,295.507449,296.768787,295.023794,49143035
2025-08-21,295.57839,301.958416,294.128715,300.383068,298.621729,54321123
2025-08-22,300.098024,302.905816,297.924969,301.174174,299.413114,51546748
2025-08-25,300.558365,302.779514,295.199612,295.347281,293.634763,73617263
2025-08-26,292.873647,294.196629,291.457105,293.795645,292.096922,64013040
2025-08-27,291.988632,293.305736,289.952902,291.434101,289.753793,48259840
2025-08-28,290.178624,297.871772,289.760125,295.066468,293.370036,78920121
2025-08-29,292.559688,294.012055,291.543146,292.543249,290.866101,57858599
2025-09-02,293.285138,293.437714,286.19351,286.532883,284.908913,85596060
2025-09-03,286.541074,288.414425,279.490137,282.148446,280.553934,82990819
2025-09-04,281.484629,283.872646,276.299626,277.066119,275.504855,53520594
2025-09-05,275.358144,280.103391,275.14646,275.847775,274.297882,95594086
2025-09-08,274.577062,274.935616,266.364663,267.109711,265.622004,55628910
2025-09-09,265.736937,268.797623,258.575189,262.217619,260.761443,95885846
2025-09-10,262.843948,271.232165,260.939161,270.461845,268.964305,109031451
2025-09-11,270.570994,271.829472,269.998059,271.224256,269.726925,58058829
2025-09-12,269.116618,279.499378,266.953443,275.16104,273.64647,60688843
2025-09-15,275.012147,279.344848,269.187706,270.317749,268.843087,37090600
2025-09-16,268.263076,274.655859,267.828807,274.183338,272.692067,94510029
2025-09-17,275.409294,276.822212,274.549397,275.453972,273.960291,103679568
2025-09-18,275.801428,276.891381,271.716801,272.684737,271.210528,110192228
2025-09-19,272.677337,275.412015,270.425334,273.354182,271.88082,74240603
2025-09-22,272.939772,275.127943,271.486932,271.900471,270.448272,71895105
2025-09-23,270.635697,273.805132,269.347837,271.963252,270.515161,80965616
2025-09-24,272.084565,273.09117,270.024482,270.606686,269.17024,67939335
2025-09-25,272.772794,275.513929,269.539123,270.037389,268.608377,61639394
2025-09-26,273.540309,275.51654,271.14736,272.848973,271.409541,62990486
2025-09-29,272.735046,275.077866,269.440498,270.418444,269.005091,41734261
2025-09-30,271.652542,272.591107,266.089925,266.789135,265.399111,64133494
2025-10-01,266.580672,266.996576,263.070132,265.149286,263.772138,92323086
2025-10-02,263.005897,269.087119,261.904348,266.979277,265.596988,64510996
2025-10-03,267.168631,268.433267,263.396523,266.032832,264.65979,82977775
2025-10-06,266.068891,270.049721,264.458892,266.772395,265.408616,56222364
2025-10-07,266.840069,267.54162,264.358187,265.859616,264.504848,44264734
2025-10-08,267.153401,268.815404,266.49644,266.6081,265.253875,105054625
2025-10-09,265.603346,270.643827,265.474412,268.031031,266.673959,75898265
2025-10-10,264.504382,273.123193,263.936908,270.305968,268.941795,73972547
2025-10-13,272.267142,274.132344,264.232704,266.540177,265.20808,76196825
2025-10-14,266.530864,268.294618,265.238945,266.182392,264.856433,62924175
2025-10-15,266.990448,267.918874,265.416037,266.448409,265.12548,52479969
2025-10-16,265.873476,270.35882,265.56939,268.25003,266.922542,92029856
2025-10-17,269.354191,270.426542,264.132491,266.634484,265.319348,74277340
2025-10-20,266.381083,266.732476,255.402419,257.702275,256.443834,48431468
2025-10-21,259.121717,267.55666,257.713298,266.998149,265.698677,70993202
2025-10-22,269.950867,270.770066,262.212745,264.616471,263.332917,49436249
2025-10-23,265.722655,274.557337,260.673608,271.234676,269.923453,74878597
2025-10-24,267.68006,278.408215,266.998678,272.41515,271.102675,105558850
2025-10-27,275.697189,283.948031,260.546256,263.842172,262.583941,70423804
2025-10-28,259.635091,261.291916,246.172644,253.866143,252.659636,85185311
2025-10-29,251.562373,254.825256,249.355259,250.105281,248.920737,100818791
2025-10-30,252.672262,257.413992,249.941258,251.393165,250.206631,67131347
2025-10-31,252.8982,253.418486,248.718112,251.725831,250.541843,84346987
2025-11-03,256.354854,258.775602,254.700187,255.119727,253.93229,64164078
2025-11-04,254.700382,262.497289,253.254248,259.317361,258.114626,82839015
2025-11-05,257.144318,260.734517,255.373296,259.354585,258.155918,38518600
2025-11-06,259.527244,260.183661,250.046518,253.777343,252.608602,53076048
2025-11-07,255.271669,263.695817,253.901516,259.671138,258.4795,74181644
2025-11-10,260.520211,271.619553,258.041846,269.709031,268.48456,91068121
2025-11-11,272.710252,274.32898,263.503588,268.128808,266.915895,78521308
2025-11-12,265.955288,281.071738,264.615946,277.314636,276.064705,81430986
2025-11-13,274.620861,277.868776,268.124177,271.341974,270.123401,111326842
2025-11-14,274.519264,275.79685,263.476836,265.700645,264.511751,86406927
2025-11-17,264.504633,266.196481,251.967766,252.168498,251.052527,69403392
2025-11-18,251.848261,255.749571,249.301999,252.879578,251.764596,76075147
2025-11-19,253.797088,254.935314,247.349724,249.558722,248.462464,72162528
2025-11-20,252.891632,254.727025,248.628642,253.339434,252.230711,40255712
2025-11-21,254.337138,263.403372,250.864311,257.997804,256.872914,94800351
2025-11-24,256.030706,260.192896,246.488769,251.796347,250.710851,81084852
2025-11-25,251.269113,258.551858,249.900739,258.034674,256.926505,62037616
2025-11-26,254.825949,262.28304,253.924172,259.139927,258.031249,49668445
2025-11-28,254.313739,257.877198,252.050588,254.350143,253.270278,94533332
2025-12-01,251.01753,254.15192,247.527488,248.101715,247.060554,94619261
2025-12-02,241.734032,246.925927,240.650536,245.431225,244.405286,78466421
2025-12-03,247.098402,254.56391,246.80532,252.053938,251.004438,83860252
2025-12-04,253.437692,257.680868,243.792692,248.991868,247.95919,58791008
2025-12-05,251.747065,254.822958,251.096895,253.077061,252.031581,100896995
2025-12-08,248.607925,251.006703,245.892088,248.44166,247.427523,50624911
2025-12-09,249.135545,251.159284,241.226345,242.672996,241.686376,40706695
2025-12-10,243.793483,244.411061,242.703137,243.818677,242.831388,81665253
2025-12-11,244.493798,244.855961,235.693301,240.55032,239.580201,114945581
2025-12-12,239.5496,241.693016,237.915491,239.242245,238.281316,55316576
2025-12-15,240.257089,240.88868,235.184118,238.059242,237.114749,52357314
2025-12-16,240.13977,242.656517,236.765747,238.259683,237.318294,79685623
2025-12-17,237.714962,248.278676,233.998447,247.30544,246.332356,76027506
2025-12-18,247.077104,251.335554,246.611864,251.17957,250.195353,63495823
2025-12-19,253.69395,255.113242,247.930878,252.522928,251.537579,43778663
2025-12-22,252.342012,254.269401,248.296379,250.176635,249.212723,100083723
2025-12-23,249.565463,254.988026,249.293154,251.584907,250.619685,73602259
2025-12-24,252.966755,253.584851,246.736346,252.248014,251.284377,62840832
2025-12-26,249.82456,252.099357,242.902617,248.794844,247.852541,46455795
2025-12-29,246.449723,248.494582,241.235168,243.872409,242.960723,76345434
2025-12-30,244.210945,250.626682,243.474611,249.820008,248.890176,100825309
2025-12-31,248.48635,248.634581,243.90038,246.3122,245.399455,51796041
2026-01-02,244.390697,246.591643,240.468807,243.537834,242.643341,83132178
2026-01-05,243.141731,244.939695,239.459391,242.484778,241.60606,70222539
2026-01-06,240.992056,247.554069,237.36965,246.711553,245.821556,99531925
2026-01-07,248.528946,253.128726,243.410585,245.962078,245.078811,85553853
2026-01-08,241.95355,247.569569,239.391399,247.105831,246.2225,81508317
2026-01-09,248.114511,248.639618,245.674136,246.092929,245.217248,87208631
2026-01-12,246.726415,249.501661,246.264984,247.352606,246.484589,50723400
2026-01-13,244.900897,256.858272,242.920074,254.610217,253.7209,65823831
2026-01-14,255.746779,259.268504,249.21599,251.707824,250.832764,39289943
2026-01-15,250.736168,253.311513,249.93304,250.125924,249.260458,51346311
2026-01-16,251.342826,258.933791,249.664958,254.465222,253.588907,50769574
2026-01-20,256.573362,257.579069,253.12235,253.897686,253.039953,50454694
2026-01-21,254.097422,257.059519,252.747665,256.701219,255.838217,92624846
2026-01-22,257.382627,257.850784,248.275147,251.852577,251.009999,71994456
2026-01-23,251.786973,258.519702,250.552208,256.059923,255.207461,60475128
2026-01-26,256.281421,258.315867,248.973388,252.441459,251.613443,83178553
2026-01-27,255.390645,255.841103,251.358015,251.992799,251.170381,68723421
2026-01-28,251.064915,253.53505,250.268521,250.661313,249.847345,69782274
2026-01-29,251.5363,252.907818,249.379191,249.516903,248.710736,95222125
2026-01-30,251.064248,251.41131,246.778435,249.229069,248.427914,87486635
2026-02-02,250.271869,253.048585,242.417735,242.955488,242.186434,71409223
2026-02-03,242.544153,243.253533,240.077561,242.119255,241.356813,71579864
2026-02-04,242.321644,249.272648,241.5053,247.316265,246.541508,36816841
2026-02-05,247.931657,250.46661,242.518452,243.372126,242.61371,65545596
2026-02-06,243.275337,244.948473,240.772471,243.272197,242.518076,49036417
2026-02-09,243.977398,254.013189,240.165089,251.681271,250.913448,131393124
2026-02-10,255.235122,256.319395,248.646038,249.392813,248.636055,79227824
2026-02-11,250.742339,251.592645,249.042573,251.185418,250.427335,59219776
2026-02-12,252.393955,253.119462,241.912919,242.829447,242.100559,65102384
2026-02-13,242.674844,247.24455,241.210308,244.654359,243.924,72571533
2026-02-17,240.95123,253.220301,240.072377,251.206279,250.472819,92607103
2026-02-18,251.971653,252.482225,250.278223,251.913704,251.182304,84172438
2026-02-19,251.957316,255.144927,248.247033,250.733532,250.009666,56392582
2026-02-20,247.962736,251.056112,247.481228,250.779683,250.059792,33559914
2026-02-23,252.789554,256.089102,249.817451,251.13669,250.428114,36350394
2026-02-24,251.439677,252.332277,246.363391,249.58656,248.886446,69966601
2026-02-25,250.341709,252.349148,244.831069,246.084581,245.398322,47518086
2026-02-26,249.994205,251.881238,242.072488,243.401068,242.72628,96017910
2026-02-27,241.380274,246.593982,240.095731,246.457047,245.777824,52308100
2026-03-02,246.598619,249.220176,242.385306,246.191637,245.525245,68112219
2026-03-03,249.452563,250.372071,234.656541,237.453429,236.81458,87030458
2026-03-04,240.270874,242.235556,227.410734,229.745331,229.130984,45636557
2026-03-05,230.773496,231.230488,225.856188,229.305725,228.69631,61507248
2026-03-06,229.560001,229.802737,220.444581,221.579851,220.994599,91840604
2026-03-09,223.930659,225.151649,210.156823,211.75109,211.202206,87259956
2026-03-10,209.072795,209.320698,201.482493,201.728942,201.209342,84290080
2026-03-11,201.477217,210.845459,198.832694,206.2735,205.745574,56320936
2026-03-12,206.810672,212.467507,203.880932,206.747867,206.222115,52896077
2026-03-13,207.278791,210.541058,205.217625,207.913051,207.387742,84546896
2026-03-16,209.062336,210.33071,208.553405,209.042548,208.524662,69996486
2026-03-17,209.222859,216.040622,209.078868,215.72774,215.196827,102141373
2026-03-18,213.221667,214.070693,203.387858,206.69155,206.186263,71849604
2026-03-19,203.322487,205.615754,199.414655,199.882212,199.396846,62619967
2026-03-20,198.497146,200.312074,194.798558,195.104862,194.634294,67657449
2026-03-23,197.088427,197.478431,192.860076,193.863187,193.405145,61207333
2026-03-24,194.097125,194.371319,192.672513,193.572365,193.118182,85903589
2026-03-25,193.379889,193.746113,187.228299,188.647614,188.208078,107812668
2026-03-26,189.247069,191.214519,184.742797,185.038417,184.610323,64138516
2026-03-27,184.850303,189.572634,183.816756,188.437133,188.004264,84383160
2026-03-30,187.098444,191.38602,185.808797,190.090556,189.663236,43485552
2026-03-31,190.156615,193.476796,189.057591,191.995991,191.567534,105812669
2026-04-01,194.659466,194.901608,192.833133,192.995313,192.567789,60463368
2026-04-02,191.86045,197.136326,189.137665,196.47041,196.038409,88668052
2026-04-06,196.557596,198.569385,194.385788,197.654773,197.233127,93851969
2026-04-07,198.72948,201.188213,193.240689,195.885866,195.471205,90001613
2026-04-08,194.727065,195.665705,192.679905,195.158784,194.748861,65956768
2026-04-09,193.348398,198.010032,191.689515,197.531241,197.119572,63415273
2026-04-10,198.855029,204.227087,196.569896,200.77136,200.35623,44953166
2026-04-13,199.251239,201.145555,195.865807,196.681453,196.284452,70306329
2026-04-14,194.958736,200.048963,190.775297,199.968862,199.568505,64642750
2026-04-15,201.794749,201.959116,193.429836,194.029378,193.644093,120265153
2026-04-16,193.989088,201.335619,190.939492,200.066805,199.672811,134247353
2026-04-17,200.364576,204.49152,199.149614,200.749154,200.357108,94153536
2026-04-20,201.733588,205.200646,199.994388,204.653809,204.264204,56818775
2026-04-21,202.948004,214.553586,200.44621,211.997624,211.597514,117188039
2026-04-22,214.342248,215.877382,207.425456,209.148344,208.757041,86997106
2026-04-23,209.593729,211.617931,203.818961,204.298478,203.919598,72579839
2026-04-24,203.664917,213.05145,200.645038,210.619619,210.23247,100720260
2026-04-27,211.278439,218.316838,209.391995,217.668377,217.278979,66736185
2026-04-28,217.078409,227.784684,214.950287,227.535748,227.132428,86591605
2026-04-29,227.016638,231.836399,226.511006,229.628148,229.224885,72304007
2026-04-30,230.868267,232.42347,227.658246,229.853639,229.45375,57983333
2026-05-01,229.932302,232.258543,229.685324,231.844086,231.444535,90093449
2026-05-04,232.8862,233.456612,227.583867,228.296301,227.914096,62140873
2026-05-05,226.978922,231.770882,225.289421,229.275596,228.895512,75117931
2026-05-06,228.022832,236.597362,226.392269,232.265291,231.884059,53228256
2026-05-07,235.846394,235.943572,229.357821,232.402848,232.025202,79728309
2026-05-08,232.168945,241.813036,231.859595,239.564649,239.179295,76087013
2026-05-11,238.359728,240.057228,234.34525,236.21052,235.842183,136004615
2026-05-12,235.564285,238.214603,233.00577,233.202407,232.842586,94522989
2026-05-13,235.836789,237.026721,232.049196,233.378227,233.021963,140202133
2026-05-14,232.981993,234.589317,230.542227,231.542929,231.193264,60461905
2026-05-15,230.682072,230.842943,228.172189,229.586579,229.243634,67964008
2026-05-18,230.826759,234.110649,226.770021,231.503017,231.168602,62946923
2026-05-19,228.555869,232.367546,227.801775,229.916232,229.58788,109035545
2026-05-20,229.545999,234.225582,227.997442,233.101958,232.77288,70055538
2026-05-21,235.535004,237.690319,234.606846,234.863263,234.535552,58144944
2026-05-22,231.467598,238.996832,228.876692,236.225869,235.900132,39488203
2026-05-26,236.251939,236.782246,229.311507,231.917234,231.612656,78817210
2026-05-27,231.555751,233.158068,230.121288,232.419677,232.118252,87291940
2026-05-28,231.267551,240.758378,230.454041,236.387206,236.084514,39958111
2026-05-29,236.280439,238.528815,227.603229,231.374821,231.082343,58135966
2026-06-01,233.156324,234.626308,220.188706,224.165321,223.89299,65153720
2026-06-02,224.554389,225.932742,223.196465,224.08476,223.816203,63294281
2026-06-03,224.565572,228.818348,223.971809,228.255394,227.985584,77138312
2026-06-04,229.125776,229.431727,216.427575,220.639138,220.381952,110354406
2026-06-05,222.065622,223.667766,218.720255,220.971426,220.717477,56845964
2026-06-08,220.116743,220.903939,219.132331,219.457025,219.21562,98415705
2026-06-09,219.580237,225.849586,219.462264,223.220478,222.978596,82593125
2026-06-10,223.843126,225.309553,220.530687,222.363861,222.126556,92205776
2026-06-11,223.587497,229.084554,220.527856,228.52421,228.284081,84813330
2026-06-12,228.329621,236.999037,227.922163,235.600034,235.356336,68228277
2026-06-15,235.266075,237.287677,232.382778,236.810133,236.576842,66591998
2026-06-16,238.3217,247.487704,237.424921,243.096876,242.86138,68141938
2026-06-17,241.483977,254.145254,239.458963,253.853571,253.611822,105922861
2026-06-18,252.300747,258.544922,250.667437,257.291445,257.050645,55502382
2026-06-22,258.570093,261.899598,255.562391,255.789471,255.566868,103787755
2026-06-23,256.342642,257.790813,253.073688,257.654907,257.43491,86460482
2026-06-24,254.453446,257.915996,250.888984,255.356002,255.142159,48267723
2026-06-25,257.859886,262.039277,248.3209,249.692851,249.487849,59835282
2026-06-26,251.929809,252.33034,248.847676,249.797209,249.596221,38299770
2026-06-29,248.261996,249.278433,243.415585,245.587557,245.40205,105574747
2026-06-30,245.159376,250.712972,243.318825,248.788232,248.604391,51806448
