date,open,high,low,close,adj_close,volume
2006-01-03,3.768429,3.788313,3.72976,3.778913,3.74017,42520371
2006-01-04,3.800824,3.830139,3.704201,3.740124,3.701784,51446361
2006-01-05,3.712318,3.747041,3.647214,3.690414,3.652588,49439644
2006-01-06,3.691314,3.723905,3.598105,3.653058,3.61562,36489528
2006-01-09,3.623354,3.670215,3.615712,3.648335,3.61096,63636923
2006-01-10,3.630949,3.714272,3.627871,3.700951,3.663042,44883995
2006-01-11,3.69111,3.736761,3.677645,3.728058,3.689878,76503790
2006-01-12,3.718872,3.825724,3.714227,3.793118,3.754275,46083569
2006-01-13,3.785509,3.907756,3.768686,3.902132,3.862179,73010541
2006-01-17,3.890434,3.913005,3.8147,3.889055,3.849257,42444501
2006-01-18,3.898597,3.901995,3.873455,3.877299,3.837626,31452709
2006-01-19,3.883599,3.901532,3.737712,3.768863,3.730305,34123218
2006-01-20,3.761198,3.790783,3.681687,3.703543,3.665658,42746949
2006-01-23,3.685145,3.758492,3.630762,3.743183,3.704908,34860942
2006-01-24,3.778761,3.82083,3.75004,3.760393,3.721947,33276687
2006-01-25,3.73836,3.755011,3.624722,3.684635,3.646968,54745142
2006-01-26,3.65802,3.689298,3.612595,3.65058,3.613267,49138593
2006-01-27,3.604968,3.677897,3.572075,3.663044,3.625609,43107288
2006-01-30,3.676823,3.708051,3.633693,3.64242,3.60521,26624397
2006-01-31,3.605477,3.667061,3.588493,3.657302,3.619945,23314249
2006-02-01,3.675477,3.724096,3.62208,3.660397,3.623013,23168660
2006-02-02,3.651697,3.697945,3.59048,3.597994,3.561252,31010062
2006-02-03,3.596581,3.717379,3.581795,3.699993,3.662215,47573113
2006-02-06,3.720954,3.802874,3.719199,3.77717,3.738619,40511942
2006-02-07,3.789578,3.911962,3.768907,3.867129,3.827665,64294270
2006-02-08,3.881845,3.963131,3.841199,3.931778,3.891659,37447375
2006-02-09,3.928837,3.953222,3.924247,3.931719,3.891607,84479145
2006-02-10,3.932859,3.96793,3.920357,3.962345,3.921926,20794465
2006-02-13,3.966493,4.082923,3.953434,4.049327,4.008036,42665356
2006-02-14,4.062474,4.084253,3.976745,4.076317,4.034757,46577760
2006-02-15,4.063248,4.078898,4.03582,4.073724,4.032196,102976065
2006-02-16,4.101483,4.116195,4.04849,4.082273,4.040664,90120338
2006-02-17,4.131321,4.195591,4.111018,4.147341,4.105074,55681623
2006-02-21,4.169567,4.289681,4.154959,4.276193,4.232636,42615551
2006-02-22,4.272288,4.329058,4.221333,4.297595,4.253826,39875358
2006-02-23,4.285959,4.304417,4.264439,4.283516,4.239896,54479157
2006-02-24,4.304771,4.333048,4.250792,4.296948,4.253197,25493925
2006-02-27,4.305945,4.356016,4.2709,4.320921,4.276944,24636256
2006-02-28,4.330066,4.403248,4.308173,4.389947,4.345273,51606363
2006-03-01,4.374182,4.415869,4.333324,4.379367,4.334807,27120603
2006-03-02,4.404718,4.441094,4.331944,4.349838,4.305583,46254890
2006-03-03,4.335257,4.380625,4.304489,4.351459,4.307194,62371096
2006-03-06,4.344343,4.35323,4.302167,4.330548,4.286514,38371318
2006-03-07,4.337428,4.40473,4.307471,4.383044,4.338481,38306636
2006-03-08,4.385631,4.391469,4.277575,4.331491,4.287459,51694534
2006-03-09,4.350902,4.370782,4.326423,4.354061,4.309805,37534805
2006-03-10,4.336712,4.382319,4.243122,4.254671,4.211431,40987411
2006-03-13,4.248862,4.396611,4.244434,4.337944,4.293875,61554162
2006-03-14,4.319966,4.344969,4.296991,4.333549,4.289531,52954835
2006-03-15,4.322161,4.429202,4.299318,4.409738,4.364952,43772989
2006-03-16,4.417846,4.498771,4.359165,4.471535,4.426128,48596621
2006-03-17,4.460254,4.467267,4.404897,4.413219,4.36841,33624424
2006-03-20,4.397598,4.603879,4.394578,4.556666,4.510418,34468447
2006-03-21,4.540589,4.58309,4.484398,4.489668,4.444107,77043323
2006-03-22,4.504232,4.592508,4.450616,4.572051,4.52566,74868485
2006-03-23,4.558894,4.595444,4.505566,4.584808,4.538294,55539205
2006-03-24,4.558426,4.648655,4.549094,4.646683,4.599548,71048848
2006-03-27,4.606707,4.641379,4.543107,4.620361,4.573511,49324589
2006-03-28,4.599426,4.716802,4.589115,4.663398,4.616118,76057313
2006-03-29,4.674724,4.712892,4.642425,4.684584,4.637095,29267439
2006-03-30,4.711597,4.758155,4.613836,4.654397,4.60722,86360993
2006-03-31,4.663879,4.675474,4.621419,4.648154,4.601047,44799804
2006-04-03,4.634576,4.662216,4.589592,4.640233,4.593226,67637291
2006-04-04,4.651652,4.740908,4.633804,4.712954,4.665217,43752962
2006-04-05,4.696979,4.711097,4.617803,4.6676,4.620328,55350976
2006-04-06,4.659218,4.674967,4.651842,4.657944,4.610776,45732075
2006-04-07,4.649529,4.746269,4.613468,4.717499,4.669734,42222685
2006-04-10,4.698935,4.770769,4.673145,4.737315,4.689369,49536891
2006-04-11,4.739547,4.79827,4.667039,4.691501,4.644025,63690865
2006-04-12,4.682795,4.724784,4.639588,4.646226,4.599214,29977244
2006-04-13,4.654592,4.681674,4.615381,4.634094,4.587211,66660917
2006-04-17,4.647918,4.663386,4.586073,4.618251,4.571554,60125044
2006-04-18,4.667278,4.721614,4.517341,4.547371,4.501396,38958286
2006-04-19,4.500033,4.654821,4.483675,4.615601,4.568943,46627323
2006-04-20,4.597127,4.618734,4.544577,4.586738,4.540378,58891837
2006-04-21,4.555829,4.580133,4.500315,4.565169,4.519033,49103861
2006-04-24,4.564698,4.659128,4.554287,4.626213,4.579479,54072328
2006-04-25,4.656535,4.674994,4.503496,4.532415,4.486635,63965973
2006-04-26,4.560002,4.566181,4.437353,4.458763,4.413733,69770258
2006-04-27,4.461698,4.513784,4.447633,4.485262,4.439971,54746315
2006-04-28,4.479258,4.583149,4.447698,4.570859,4.524709,35889451
2006-05-01,4.580637,4.582647,4.501605,4.513039,4.467491,62216206
2006-05-02,4.515379,4.586781,4.434935,4.532805,4.487064,48786354
2006-05-03,4.534406,4.555375,4.49665,4.511051,4.465536,52488730
2006-05-04,4.502265,4.520426,4.489156,4.503514,4.458081,41067730
2006-05-05,4.448029,4.640013,4.417186,4.570765,4.52466,40327240
2006-05-08,4.566102,4.683685,4.55244,4.652491,4.60558,29466364
2006-05-09,4.615464,4.791038,4.586793,4.768192,4.720121,52343281
2006-05-10,4.73416,4.741723,4.624013,4.655465,4.608537,57372330
2006-05-11,4.635703,4.819327,4.62891,4.768637,4.720575,62354620
2006-05-12,4.751561,4.763498,4.655074,4.675284,4.628169,31485811
2006-05-15,4.6457,4.789734,4.640588,4.780216,4.732062,38224443
2006-05-16,4.794314,4.841458,4.781688,4.802462,4.754091,42772300
2006-05-17,4.778492,4.896302,4.77326,4.863523,4.814543,53347227
2006-05-18,4.84136,4.846419,4.641779,4.718505,4.670992,36228399
2006-05-19,4.70494,4.758184,4.687239,4.691366,4.644133,35266762
2006-05-22,4.695448,4.730471,4.522458,4.528894,4.483315,78038484
2006-05-23,4.581584,4.592234,4.431646,4.453868,4.409051,45675374
2006-05-24,4.478984,4.497945,4.380829,4.423584,4.379077,32924337
2006-05-25,4.395947,4.443012,4.38019,4.404582,4.360272,33061318
2006-05-26,4.398728,4.542306,4.388742,4.513665,4.468263,57890480
2006-05-30,4.509589,4.631826,4.475167,4.563305,4.51743,31853225
2006-05-31,4.522354,4.603485,4.508678,4.572512,4.52655,22493058
2006-06-01,4.556095,4.676995,4.533268,4.671054,4.624108,42713307
2006-06-02,4.686454,4.777619,4.67164,4.760249,4.712413,71446460
2006-06-05,4.746232,4.850229,4.663416,4.777958,4.729963,43198217
2006-06-06,4.76646,4.774372,4.713509,4.752219,4.704489,56012043
2006-06-07,4.757096,4.799728,4.53745,4.588395,4.542317,29559186
2006-06-08,4.601682,4.662256,4.470766,4.491443,4.446344,38572816
2006-06-09,4.458133,4.503678,4.4494,4.472422,4.42752,54934019
2006-06-12,4.506872,4.65912,4.424804,4.622423,4.576034,58872835
2006-06-13,4.581188,4.768769,4.569988,4.749018,4.701365,52942648
2006-06-14,4.772345,4.79098,4.698093,4.733971,4.686476,76566847
2006-06-15,4.691785,4.76321,4.651757,4.727333,4.679911,58759128
2006-06-16,4.755989,4.802001,4.739228,4.743978,4.696395,43936505
2006-06-19,4.753691,4.935616,4.707975,4.909468,4.860245,31994845
2006-06-20,4.859938,4.965261,4.815285,4.955542,4.905864,50657008
2006-06-21,4.987517,5.220291,4.965801,5.165449,5.113674,46074413
2006-06-22,5.157958,5.190684,5.054541,5.101707,5.050578,36474249
2006-06-23,5.161878,5.222737,5.112094,5.186381,5.13441,41764587
2006-06-26,5.176043,5.194136,5.039898,5.084683,5.033752,61337450
2006-06-27,5.106853,5.205365,4.954989,4.985248,4.93532,46655888
2006-06-28,4.97449,5.001126,4.888502,4.903355,4.854254,60351171
2006-06-29,4.851898,4.932742,4.829969,4.9248,4.87549,62088403
2006-06-30,4.960879,5.048155,4.889528,5.036003,4.985587,41825048
2006-07-03,5.005032,5.116287,4.996618,5.034342,4.983962,53343394
2006-07-05,5.020676,5.072235,4.924609,4.945491,4.896015,53319647
2006-07-06,4.892952,5.008482,4.870123,4.928235,4.878938,39339218
2006-07-07,4.929882,4.978157,4.851693,4.863379,4.814737,60505858
2006-07-10,4.821096,5.06485,4.773024,5.056901,5.006344,37139650
2006-07-11,5.06293,5.17784,5.029362,5.173224,5.121511,48513397
2006-07-12,5.15469,5.403241,5.098447,5.382488,5.328691,43657627
2006-07-13,5.347097,5.385155,5.295493,5.300757,5.247784,32328914
2006-07-14,5.305054,5.322834,5.096427,5.140482,5.089117,82348786
2006-07-17,5.183378,5.331128,5.172794,5.295769,5.242874,52592165
2006-07-18,5.30388,5.378892,5.121891,5.166538,5.114941,55631806
2006-07-19,5.194327,5.217233,5.104358,5.122738,5.071585,48706880
2006-07-20,5.093536,5.163172,4.950598,4.997701,4.947803,40731071
2006-07-21,4.992284,5.150127,4.969521,5.071974,5.021342,36972967
2006-07-24,5.060619,5.241528,5.010821,5.225655,5.17351,40912529
2006-07-25,5.211316,5.221055,5.128933,5.202728,5.150819,64178921
2006-07-26,5.175062,5.196602,5.079909,5.158325,5.106866,35908235
2006-07-27,5.134081,5.193953,5.122444,5.166801,5.115265,28307235
2006-07-28,5.232132,5.279268,5.096939,5.162998,5.111507,36594641
2006-07-31,5.164878,5.20773,5.156953,5.183972,5.132292,24554821
2006-08-01,5.228045,5.361459,5.222946,5.29782,5.245013,27253639
2006-08-02,5.315694,5.452725,5.269232,5.360992,5.307562,43936472
2006-08-03,5.319425,5.477096,5.23135,5.460045,5.405635,35939929
2006-08-04,5.421566,5.5772,5.354584,5.556442,5.501079,47341611
2006-08-07,5.556571,5.875399,5.509814,5.769984,5.712517,53015115
2006-08-08,5.737946,5.857433,5.73508,5.804846,5.747039,67242133
2006-08-09,5.82029,5.876553,5.616811,5.669585,5.613133,32827164
2006-08-10,5.647672,5.753538,5.577807,5.737247,5.680129,33490120
2006-08-11,5.711677,5.742987,5.655407,5.667239,5.610826,34131437
2006-08-14,5.647492,5.711765,5.563183,5.612859,5.55701,34240732
2006-08-15,5.624596,5.641342,5.609058,5.634008,5.577956,51962666
2006-08-16,5.596702,5.666874,5.518936,5.5391,5.484,71765553
2006-08-17,5.522382,5.628487,5.515226,5.609444,5.553652,29916882
2006-08-18,5.604005,5.728852,5.600141,5.719362,5.662484,56452734
2006-08-21,5.719779,5.749967,5.682475,5.699141,5.642488,48025534
2006-08-22,5.738204,5.773595,5.488004,5.525252,5.470335,50789050
2006-08-23,5.548542,5.723923,5.503393,5.677275,5.620854,29272853
2006-08-24,5.604326,5.93919,5.548844,5.865017,5.806738,51160211
2006-08-25,5.860246,6.028531,5.835816,5.971367,5.91204,50393899
2006-08-28,6.030211,6.199687,5.972242,6.134038,6.073119,49802566
2006-08-29,6.112213,6.119951,5.868271,5.893084,5.834567,73565179
2006-08-30,5.854423,6.080874,5.8442,6.030771,5.970894,33971554
2006-08-31,6.083804,6.112058,6.011709,6.053866,5.993768,30715071
2006-09-01,6.068421,6.113116,6.050149,6.085826,6.025419,37285609
2006-09-05,6.079612,6.114035,5.984137,6.013878,5.954218,42258158
2006-09-06,6.041741,6.267236,6.029813,6.262608,6.200489,52045907
2006-09-07,6.245089,6.266173,6.220924,6.229225,6.167445,47689157
2006-09-08,6.277886,6.280408,6.208266,6.219897,6.158219,89861872
2006-09-11,6.361329,6.384684,6.106734,6.120723,6.060053,63483527
2006-09-12,6.189413,6.198669,5.842272,5.919539,5.860871,48146702
2006-09-13,5.8976,5.921507,5.848497,5.8784,5.820148,38449831
2006-09-14,5.910837,6.070469,5.788971,6.009577,5.950033,54121275
2006-09-15,5.996006,6.040707,5.847558,5.882619,5.824342,54935788
2006-09-18,5.886228,5.947288,5.850929,5.887463,5.829161,55477921
2006-09-19,5.94606,5.96566,5.565255,5.618657,5.563025,70927449
2006-09-20,5.641873,5.665832,5.488693,5.52484,5.470144,40010459
2006-09-21,5.55055,5.776808,5.517322,5.655131,5.599152,58763329
2006-09-22,5.649791,5.749881,5.456441,5.491431,5.437081,48589154
2006-09-25,5.565496,5.581155,5.468126,5.51702,5.462439,42276138
2006-09-26,5.425473,5.667568,5.386626,5.604915,5.549472,26919094
2006-09-27,5.608338,5.688512,5.583541,5.593023,5.537705,34843076
2006-09-28,5.572186,5.728631,5.467822,5.716716,5.660182,45482946
2006-09-29,5.77662,5.7813,5.613391,5.631554,5.575871,40315187
2006-10-02,5.672666,5.675941,5.562279,5.609277,5.553837,44508507
2006-10-03,5.633403,5.686177,5.523669,5.587659,5.53244,42169608
2006-10-04,5.576601,5.611769,5.486451,5.593858,5.538585,39214853
2006-10-05,5.603605,5.785159,5.573134,5.75764,5.700757,49816072
2006-10-06,5.802156,5.856096,5.705327,5.762177,5.705257,33454259
2006-10-09,5.782552,5.787234,5.45091,5.496212,5.441941,32506395
2006-10-10,5.554048,5.756022,5.529658,5.738073,5.681422,28990283
2006-10-11,5.750956,5.880933,5.599277,5.629712,5.574138,44155631
2006-10-12,5.590227,5.603791,5.403797,5.440489,5.38679,53126240
2006-10-13,5.474209,5.569176,5.282799,5.294798,5.242545,27559930
2006-10-16,5.272488,5.337637,5.070266,5.090967,5.040746,65223702
2006-10-17,5.103465,5.124703,4.962308,5.027381,4.977793,39111647
2006-10-18,5.011496,5.132801,4.983991,5.10269,5.052367,42325477
2006-10-19,5.089208,5.107169,4.930835,4.95116,4.902338,31759771
2006-10-20,4.947076,5.251636,4.88565,5.176939,5.125897,48414096
2006-10-23,5.200249,5.256004,5.104325,5.230241,5.178695,42727920
2006-10-24,5.226236,5.292067,5.187403,5.246017,5.194323,42120853
2006-10-25,5.257176,5.298322,5.014455,5.038082,4.988444,38276119
2006-10-26,4.932767,5.058183,4.909101,5.046605,4.99689,55293317
2006-10-27,5.060587,5.079186,4.83534,4.87301,4.825011,61046833
2006-10-30,4.855481,4.870062,4.718352,4.784068,4.736965,39515994
2006-10-31,4.801336,4.83283,4.740116,4.761344,4.714471,39186637
2006-11-01,4.782614,4.830633,4.744383,4.768481,4.721545,56729835
2006-11-02,4.79413,4.816431,4.701009,4.733125,4.686543,55480653
2006-11-03,4.731118,4.848598,4.656676,4.786337,4.739238,51552013
2006-11-06,4.778405,4.889789,4.751575,4.808318,4.761022,59476618
2006-11-07,4.85414,4.918595,4.722439,4.742944,4.696297,45258863
2006-11-08,4.794185,4.839656,4.74601,4.77373,4.726787,50937965
2006-11-09,4.78563,4.8668,4.727479,4.846064,4.798416,58029759
2006-11-10,4.851779,4.981134,4.810814,4.888926,4.840863,48619055
2006-11-13,4.930028,5.065738,4.921271,5.050535,5.000904,15971333
2006-11-14,5.039196,5.133874,4.972099,5.107922,5.057734,38107195
2006-11-15,5.044972,5.058082,5.026334,5.051318,5.001694,72143571
2006-11-16,5.028061,5.033209,5.003099,5.014101,4.964848,44674138
2006-11-17,4.984786,5.130732,4.960864,5.001662,4.952539,57435673
2006-11-20,5.131898,5.157897,4.940118,5.015499,4.96626,37423471
2006-11-21,5.053742,5.218445,5.03382,5.128279,5.07794,41710729
2006-11-22,5.098605,5.273094,5.046991,5.215299,5.164113,44287564
2006-11-24,5.208868,5.230729,4.947506,5.033994,4.984601,45314194
2006-11-27,4.985418,5.082521,4.935281,5.065831,5.016146,51673908
2006-11-28,5.076955,5.135595,4.960538,5.031005,4.981668,50549723
2006-11-29,5.017495,5.030659,4.891158,4.970799,4.92206,46168582
2006-11-30,5.017737,5.073055,5.001208,5.04041,4.990995,42717154
2006-12-01,5.045025,5.078966,4.835445,4.87525,4.82746,45968261
2006-12-04,4.921875,4.959492,4.696714,4.729666,4.683323,35137650
2006-12-05,4.673244,4.879243,4.634412,4.809844,4.762722,28609018
2006-12-06,4.924193,4.95699,4.853298,4.859391,4.81179,53391176
2006-12-07,4.879107,5.088753,4.863947,5.065032,5.015424,30653758
2006-12-08,5.072333,5.121976,5.033816,5.070049,5.020398,45163963
2006-12-11,5.03909,5.198588,5.033828,5.187497,5.136717,54700233
2006-12-12,5.215178,5.240217,5.157131,5.176891,5.126223,36917857
2006-12-13,5.192585,5.312425,5.143143,5.19002,5.139229,32947396
2006-12-14,5.18591,5.1906,5.083737,5.132502,5.082281,50393568
2006-12-15,5.119033,5.129429,5.009278,5.080589,5.030883,49743403
2006-12-18,5.115316,5.126067,5.080218,5.088236,5.038476,23936161
2006-12-19,5.065016,5.110415,4.961795,4.99087,4.94207,47780233
2006-12-20,4.975666,4.997325,4.955469,4.990355,4.941566,37040562
2006-12-21,4.985959,5.020107,4.97903,4.992023,4.943224,35062681
2006-12-22,5.008873,5.043185,4.93394,4.941672,4.893373,53946178
2006-12-26,4.950794,5.122283,4.946443,5.083016,5.033362,68717162
2006-12-27,5.097061,5.141131,4.989695,5.115596,5.065631,27491746
2006-12-28,5.078604,5.135071,5.076236,5.111403,5.061486,60756980
2006-12-29,5.130225,5.175417,5.082542,5.135527,5.085381,32630033
2007-01-02,5.133747,5.145005,5.092674,5.128677,5.078626,28754547
2007-01-03,5.13611,5.160732,5.101252,5.103996,5.054193,43397694
2007-01-04,5.068685,5.15269,5.030832,5.108735,5.058893,43820745
2007-01-05,5.1051,5.143467,5.008991,5.08363,5.03404,44202498
2007-01-08,5.049215,5.163597,5.016872,5.14697,5.096782,36312526
2007-01-09,5.164679,5.308695,5.160516,5.245511,5.194369,39572945
2007-01-10,5.302297,5.395971,5.298163,5.371032,5.318674,45116497
2007-01-11,5.387583,5.412729,5.289572,5.348912,5.296777,27827314
2007-01-12,5.347137,5.376619,5.245144,5.252004,5.20082,80341332
2007-01-16,5.274724,5.389802,5.24297,5.371801,5.319479,23245884
2007-01-17,5.370855,5.409786,5.284979,5.342827,5.290795,46584239
2007-01-18,5.390148,5.425219,5.223204,5.22898,5.178063,38678932
2007-01-19,5.190422,5.265061,5.158639,5.247746,5.196654,30412303
2007-01-22,5.242595,5.282395,5.222474,5.27141,5.220109,33665281
2007-01-23,5.286173,5.303418,5.115225,5.166903,5.116626,26875617
2007-01-24,5.145879,5.171311,5.119937,5.12968,5.079772,42878366
2007-01-25,5.127154,5.17433,5.038639,5.06927,5.019957,48367225
2007-01-26,5.080407,5.130676,5.062266,5.093418,5.043877,32277046
2007-01-29,5.116521,5.147168,5.062576,5.102998,5.053384,54459482
2007-01-30,5.084157,5.128893,5.059516,5.084303,5.034878,49264135
2007-01-31,5.065063,5.09774,5.036914,5.088115,5.03866,49078577
2007-02-01,5.111661,5.179428,5.090047,5.139451,5.089504,48126592
2007-02-02,5.161082,5.182227,5.091321,5.123641,5.073854,29726450
2007-02-05,5.119398,5.167781,5.02177,5.057689,5.008564,35827102
2007-02-06,5.067796,5.213455,5.05111,5.172866,5.122629,71433120
2007-02-07,5.154851,5.197121,5.143052,5.15313,5.103092,78726463
2007-02-08,5.106501,5.23795,5.081319,5.190602,5.140207,43278686
2007-02-09,5.193224,5.201512,5.071903,5.084468,5.03511,55605453
2007-02-12,5.042998,5.161408,5.010254,5.120505,5.070818,52141449
2007-02-13,5.060573,5.25484,4.984098,5.242637,5.191773,51264711
2007-02-14,5.234976,5.246595,5.181374,5.216904,5.166296,50633779
2007-02-15,5.239088,5.247053,5.102869,5.133819,5.084024,38007308
2007-02-16,5.135407,5.16705,5.091095,5.162369,5.112304,58331576
2007-02-20,5.198438,5.341163,5.184609,5.245522,5.194679,41171225
2007-02-21,5.236087,5.357,5.18999,5.325235,5.273627,54790951
2007-02-22,5.309001,5.486776,5.251677,5.459798,5.406893,52816779
2007-02-23,5.401678,5.494375,5.352761,5.447968,5.395185,50296209
2007-02-26,5.462497,5.517268,5.351889,5.373963,5.321919,96900376
2007-02-27,5.382809,5.496969,5.355981,5.470759,5.417785,39380213
2007-02-28,5.473755,5.524247,5.387359,5.394292,5.342066,46281292
2007-03-01,5.414716,5.487316,5.333362,5.336413,5.284755,59829575
2007-03-02,5.332,5.343083,5.293688,5.320702,5.269203,44091451
2007-03-05,5.307271,5.30952,5.1398,5.214516,5.164065,57394896
2007-03-06,5.230008,5.237385,5.127524,5.140501,5.090774,37742917
2007-03-07,5.188348,5.203928,5.081823,5.093282,5.044019,55097408
2007-03-08,5.048663,5.188953,5.02688,5.153428,5.10359,30757713
2007-03-09,5.142492,5.197267,5.134672,5.18972,5.139538,35532721
2007-03-12,5.221691,5.389721,5.198264,5.290702,5.239564,73308587
2007-03-13,5.298282,5.344047,5.280231,5.336896,5.28532,51054102
2007-03-14,5.322164,5.426335,5.271425,5.406186,5.353947,79191119
2007-03-15,5.397626,5.410545,5.364001,5.392413,5.340314,35424953
2007-03-16,5.363995,5.613267,5.322228,5.547205,5.493619,60557992
2007-03-19,5.577978,5.613896,5.514673,5.537641,5.48417,54350577
2007-03-20,5.528606,5.552773,5.507421,5.549201,5.495625,49482795
2007-03-21,5.514695,5.690821,5.426198,5.631036,5.576678,47057391
2007-03-22,5.642482,5.697442,5.575313,5.594189,5.540195,49274653
2007-03-23,5.605178,5.616101,5.446279,5.507032,5.453886,54676923
2007-03-26,5.526485,5.603217,5.393374,5.425537,5.373199,47704428
2007-03-27,5.400978,5.44764,5.304561,5.341895,5.290371,59541788
2007-03-28,5.297704,5.533187,5.240383,5.528382,5.475067,41651764
2007-03-29,5.56568,5.659625,5.47721,5.498886,5.445864,30399253
2007-03-30,5.494067,5.626188,5.460525,5.602093,5.548083,31394531
2007-04-02,5.601144,5.709395,5.589992,5.661517,5.606957,49973742
2007-04-03,5.645841,5.692605,5.591441,5.67926,5.624537,43008221
2007-04-04,5.700158,5.713162,5.590448,5.644506,5.590125,36318373
2007-04-05,5.662817,5.763933,5.645495,5.725807,5.67065,25822557
2007-04-09,5.722722,5.757193,5.670324,5.7217,5.666614,60147771
2007-04-10,5.738228,5.782667,5.698832,5.724438,5.669333,31498146
2007-04-11,5.751711,5.796773,5.744869,5.774345,5.718768,26650812
2007-04-12,5.79335,5.816553,5.758135,5.797651,5.741857,71359786
2007-04-13,5.811264,5.824455,5.733641,5.758998,5.703584,51287052
2007-04-16,5.74777,5.763079,5.708475,5.736136,5.680965,39040976
2007-04-17,5.692678,5.86291,5.679698,5.803551,5.74774,65703336
2007-04-18,5.85168,5.869473,5.79821,5.801071,5.745292,39175062
2007-04-19,5.812746,5.933428,5.787652,5.92194,5.865006,74904066
2007-04-20,5.912203,5.987008,5.850702,5.897706,5.841014,41629847
2007-04-23,5.905394,5.964691,5.743374,5.75802,5.702694,57270784
2007-04-24,5.755376,5.809691,5.712862,5.799694,5.743975,56546446
2007-04-25,5.803615,5.870232,5.786793,5.81829,5.7624,61005731
2007-04-26,5.832456,5.93839,5.828038,5.901543,5.844862,74641699
2007-04-27,5.902649,6.064159,5.874434,6.001849,5.944213,56488546
2007-04-30,5.95154,5.995596,5.850316,5.935508,5.878533,54318862
2007-05-01,5.954478,5.992825,5.810722,5.87946,5.823031,48096881
2007-05-02,5.846369,5.90076,5.754281,5.776595,5.721161,27239342
2007-05-03,5.71525,5.756919,5.62974,5.633238,5.579187,73623872
2007-05-04,5.595995,5.676094,5.576328,5.618715,5.564811,50230724
2007-05-07,5.608592,5.616838,5.507898,5.551893,5.498653,41705626
2007-05-08,5.533135,5.581646,5.479904,5.510268,5.457434,38797808
2007-05-09,5.452601,5.457625,5.385488,5.429774,5.377719,75592693
2007-05-10,5.425255,5.460431,5.401837,5.430499,5.378445,41343380
2007-05-11,5.428695,5.47672,5.403538,5.412318,5.360446,30526821
2007-05-14,5.445941,5.45311,5.29047,5.351367,5.3001,50885370
2007-05-15,5.367757,5.376169,5.29,5.318999,5.26805,36416846
2007-05-16,5.344522,5.348498,5.265661,5.302302,5.251519,35406946
2007-05-17,5.325434,5.473372,5.308033,5.394021,5.342368,43323089
2007-05-18,5.427012,5.458584,5.26322,5.266127,5.215706,43456435
2007-05-21,5.22556,5.233892,5.178221,5.18155,5.131959,64025374
2007-05-22,5.14159,5.201585,5.095374,5.153269,5.103956,42114882
2007-05-23,5.180877,5.183507,5.099767,5.1117,5.062792,33932515
2007-05-24,5.101682,5.127992,4.899931,4.965728,4.918223,56253702
2007-05-25,4.958851,5.054808,4.926384,5.013502,4.965546,44732318
2007-05-29,4.972901,5.025134,4.951369,4.982291,4.934662,24138895
2007-05-30,4.984119,5.086715,4.908858,5.060323,5.011955,31649793
2007-05-31,5.07564,5.089181,4.88683,4.938461,4.891264,45881423
2007-06-01,4.924635,5.071863,4.902214,5.043962,4.995763,42551971
2007-06-04,5.029802,5.087009,4.839037,4.848853,4.802539,27162603
2007-06-05,4.867581,5.016693,4.860543,4.990979,4.943314,51021960
2007-06-06,4.986949,5.094072,4.96652,5.084255,5.035706,42082000
2007-06-07,5.136272,5.160637,4.970711,5.043016,4.994867,36558751
2007-06-08,5.02091,5.052484,4.857602,4.870891,4.824393,70098978
2007-06-11,4.79577,4.898031,4.713342,4.842958,4.796746,51507838
2007-06-12,4.796206,4.808372,4.716627,4.739914,4.694692,29933492
2007-06-13,4.777033,4.792959,4.705233,4.749818,4.704508,63173948
2007-06-14,4.749632,4.775063,4.529617,4.57892,4.535246,30233238
2007-06-15,4.614271,4.661115,4.578892,4.631967,4.587793,50402701
2007-06-18,4.64264,4.692154,4.52107,4.531709,4.48851,46118395
2007-06-19,4.550604,4.561551,4.438211,4.493947,4.451114,39419704
2007-06-20,4.465497,4.792278,4.45432,4.743781,4.698573,38626416
2007-06-21,4.744009,5.064556,4.692392,5.01355,4.965778,65920621
2007-06-22,5.033714,5.16617,4.959423,5.128895,5.080031,55652532
2007-06-25,5.228279,5.235855,5.143698,5.191677,5.142236,40403048
2007-06-26,5.249982,5.560095,5.211676,5.484129,5.43191,36741224
2007-06-27,5.551005,5.628975,5.091134,5.118575,5.069844,59712891
2007-06-28,5.066774,5.360038,5.051858,5.331316,5.280567,40974395
2007-06-29,5.342618,5.537952,5.260445,5.530227,5.477592,65352802
2007-07-02,5.504718,5.594732,5.101938,5.108196,5.059598,46088032
2007-07-03,5.191731,5.298443,4.972691,5.063615,5.015448,29725491
2007-07-05,5.116455,5.567647,5.029407,5.548656,5.49589,40208482
2007-07-06,5.558268,5.673618,5.465763,5.522344,5.469836,49383421
2007-07-09,5.533695,5.833712,5.478186,5.721714,5.667334,48251633
2007-07-10,5.878254,6.04029,5.444329,5.688812,5.634753,30686695
2007-07-11,5.622381,5.966963,5.578426,5.933377,5.877001,44848848
2007-07-12,5.913605,6.439529,5.777194,6.14723,6.08883,25748387
2007-07-13,6.244107,6.413815,6.149474,6.219845,6.160764,47606673
2007-07-16,6.169395,6.535749,6.119296,6.285488,6.225809,26663764
2007-07-17,6.33946,6.478178,6.257625,6.445367,6.384179,58863009
2007-07-18,6.494812,6.514578,6.379506,6.451703,6.390464,31425131
2007-07-19,6.412685,6.615509,6.290498,6.605317,6.542629,40446787
2007-07-20,6.701199,6.900406,6.558462,6.766605,6.702395,53113749
2007-07-23,6.919846,7.698441,6.606146,7.631864,7.559474,69105345
2007-07-24,7.73667,7.868172,6.352122,6.426443,6.365495,59729916
2007-07-25,6.412536,7.154292,6.002055,6.792986,6.728572,41919910
2007-07-26,6.859397,7.17143,6.692257,7.111216,7.043793,53854726
2007-07-27,6.975971,8.193747,6.681384,7.617233,7.545024,44815040
2007-07-30,7.308549,7.642573,6.646717,6.7897,6.725362,46894573
2007-07-31,6.693854,6.933559,5.890249,6.208825,6.15,46946623
2007-08-01,6.360939,7.786922,6.307733,7.286855,7.217826,67860604
2007-08-02,7.056424,8.940953,6.801222,8.407417,8.327785,69713719
2007-08-03,9.035998,9.474255,7.93582,8.287183,8.208701,29253829
2007-08-06,8.252014,8.410716,7.748774,8.36887,8.289649,32508863
2007-08-07,7.924181,8.356421,7.835074,8.278891,8.200532,34797965
2007-08-08,7.787816,8.037081,7.683128,7.997616,7.92193,48804165
2007-08-09,7.982864,8.35511,7.878833,8.231076,8.153193,46562461
2007-08-10,8.072242,8.365969,7.526646,8.107496,8.030793,51371018
2007-08-13,8.486923,8.805822,8.153696,8.709712,8.627347,41698171
2007-08-14,8.879423,9.472547,8.815893,9.020224,8.934935,58905386
2007-08-15,9.051399,9.064702,7.754278,7.783589,7.710003,60393224
2007-08-16,7.987589,8.041237,7.28992,7.386405,7.316584,30893532
2007-08-17,7.568733,8.938553,7.492097,8.890025,8.806003,63057027
2007-08-20,8.46054,9.35764,7.341474,7.498825,7.427982,65016833
2007-08-21,7.489688,7.537453,6.444337,6.619903,6.557372,60644385
2007-08-22,6.513823,6.580076,5.690234,5.829342,5.774286,50993934
2007-08-23,5.690769,6.053423,5.417648,5.981726,5.925239,61671676
2007-08-24,6.063513,6.333044,5.955197,6.076296,6.018924,46607649
2007-08-27,6.065453,6.198136,5.209583,5.2546,5.205009,89268950
2007-08-28,5.033384,5.518866,5.001961,5.402386,5.351407,45461800
2007-08-29,5.241193,5.720242,4.998774,5.48322,5.431486,48314880
2007-08-30,5.262915,6.251084,5.067637,5.97282,5.916474,73161437
2007-08-31,5.799179,6.277255,5.644293,6.198026,6.139564,101836346
2007-09-04,6.043579,7.046439,5.795739,6.744319,6.680741,85603962
2007-09-05,6.755099,7.209935,5.975184,6.419516,6.359008,48908482
2007-09-06,6.480913,6.760566,5.918385,5.955035,5.898914,42112180
2007-09-07,6.049431,6.180213,5.6412,5.661729,5.60838,70694353
2007-09-10,5.699348,6.016753,5.485174,5.932853,5.876972,48234665
2007-09-11,5.926756,6.157042,5.522134,5.704316,5.650597,50884731
2007-09-12,5.619499,6.272611,5.502524,6.212798,6.154298,101608191
2007-09-13,6.119491,6.197174,5.944386,6.103666,6.046202,48944250
2007-09-14,6.04201,6.063957,5.399865,5.555332,5.503038,95411387
2007-09-17,5.512235,5.707617,5.467855,5.671514,5.618149,37671916
2007-09-18,5.904258,6.268829,5.005636,5.248526,5.199148,49262503
2007-09-19,5.323119,5.502147,5.21246,5.236616,5.187358,24945085
2007-09-20,5.202268,5.701916,5.117289,5.517294,5.465402,40488738
2007-09-21,5.681333,5.739947,5.263509,5.296689,5.24688,52477275
2007-09-24,5.208314,5.287697,4.782507,4.92489,4.878597,42276240
2007-09-25,4.844726,4.888827,4.409244,4.515035,4.4726,65188996
2007-09-26,4.431575,4.457642,4.269064,4.415299,4.373808,55525063
2007-09-27,4.562137,4.688108,4.257002,4.665002,4.621171,26843742
2007-09-28,4.632651,5.124542,4.427778,4.812262,4.767054,42619486
2007-10-01,4.803812,4.831389,4.579317,4.646929,4.603293,65175978
2007-10-02,4.738126,4.788655,4.678348,4.729241,4.684839,46551238
2007-10-03,4.692989,5.184494,4.483215,4.941291,4.894905,31845523
2007-10-04,4.930992,5.096585,4.780836,5.04797,5.000589,49252327
2007-10-05,5.041714,5.123792,4.649613,4.859237,4.813634,30490383
2007-10-08,4.849972,4.938849,4.749545,4.906816,4.860786,37750192
2007-10-09,4.85423,4.888332,4.520036,4.634295,4.590828,65953889
2007-10-10,4.553694,4.777518,4.501805,4.709437,4.665272,51241403
2007-10-11,4.734561,4.833736,4.703332,4.804658,4.759606,51357619
2007-10-12,4.771636,4.793452,4.478406,4.58118,4.53823,51164693
2007-10-15,4.554621,4.729401,4.487075,4.704849,4.660758,23352356
2007-10-16,4.684348,4.687186,4.182763,4.19706,4.157734,65983942
2007-10-17,4.124653,4.706296,3.970768,4.606757,4.563598,50819150
2007-10-18,4.842829,4.952829,4.205847,4.445658,4.404014,38909059
2007-10-19,4.525414,4.641835,3.77196,3.983506,3.946197,30586742
2007-10-22,3.835261,3.996082,3.746355,3.772279,3.736963,41452376
2007-10-23,3.891415,4.023224,3.674524,3.953494,3.916487,67612411
2007-10-24,3.89992,4.695517,3.859083,4.457462,4.415745,53046938
2007-10-25,4.510008,4.769745,4.418419,4.763943,4.719364,37497833
2007-10-26,4.928392,5.059554,4.301304,4.320781,4.280354,56414555
2007-10-29,4.263296,4.425961,4.066535,4.237255,4.197627,54070454
2007-10-30,3.97375,4.744991,3.763427,4.604883,4.561823,60103788
2007-10-31,4.782977,4.859712,4.560246,4.719395,4.675271,31330620
2007-11-01,4.654234,4.769916,4.320334,4.749804,4.705402,60495198
2007-11-02,4.797821,5.083167,4.755493,4.866583,4.821096,34366599
2007-11-05,4.785679,4.817232,4.635103,4.70063,4.656713,28252927
2007-11-06,4.772843,4.866258,4.537543,4.590012,4.547135,43344238
2007-11-07,4.424996,4.633273,4.382279,4.529821,4.487512,51751136
2007-11-08,4.541658,4.859948,4.172816,4.272581,4.232681,25002442
2007-11-09,4.381743,4.465204,4.086131,4.191208,4.152073,62336204
2007-11-12,4.315049,4.371931,3.843976,3.869228,3.833116,44200285
2007-11-13,3.978297,4.186442,3.587897,3.698859,3.664342,75305799
2007-11-14,3.719498,3.994194,3.614372,3.90062,3.864225,55180426
2007-11-15,3.93696,4.084681,3.810259,4.072235,4.034244,63038097
2007-11-16,4.011361,4.052768,3.53196,3.734129,3.699297,82457343
2007-11-19,3.742099,4.139434,3.654142,3.945426,3.908639,71864828
2007-11-20,4.077384,4.110495,3.636037,3.651738,3.617694,69872219
2007-11-21,3.712654,3.941384,3.703668,3.873835,3.837727,33036624
2007-11-23,3.887097,3.932845,3.718845,3.880484,3.844324,42870481
2007-11-26,3.851132,3.957796,3.666222,3.715052,3.680449,40909082
2007-11-27,3.709197,3.93343,3.637843,3.905997,3.869621,53997959
2007-11-28,3.921536,4.041647,3.89875,4.011471,3.974118,22676809
2007-11-29,4.073241,4.078857,3.906757,3.990129,3.95298,52948184
2007-11-30,3.979878,3.994888,3.850351,3.890455,3.854239,35994157
2007-12-03,3.915184,3.928763,3.699249,3.74919,3.714304,69778152
2007-12-04,3.726923,3.800852,3.712998,3.792551,3.757267,55156799
2007-12-05,3.805857,4.015161,3.760208,3.978344,3.941337,59533798
2007-12-06,3.932077,3.993956,3.903779,3.973353,3.936398,35596461
2007-12-07,3.920848,4.057696,3.914202,4.04747,4.009831,27914335
2007-12-10,4.001897,4.179173,3.943131,4.082968,4.045016,66346512
2007-12-11,4.11355,4.211454,4.056729,4.177632,4.138805,61459366
2007-12-12,4.180983,4.388063,4.09832,4.272169,4.23247,36824520
2007-12-13,4.261075,4.321617,3.901593,3.960376,3.923579,58523094
2007-12-14,3.887019,3.963308,3.83354,3.929552,3.893047,38579653
2007-12-17,3.953448,3.979753,3.709787,3.750169,3.715345,72260987
2007-12-18,3.723184,3.859653,3.705805,3.779114,3.744027,40043471
2007-12-19,3.797831,3.834112,3.664605,3.668182,3.63413,70599802
2007-12-20,3.653061,3.959786,3.605817,3.913303,3.87698,38974455
2007-12-21,3.873466,4.113972,3.795645,4.07595,4.038124,55379903
2007-12-24,4.043867,4.049809,3.792655,3.874472,3.838531,45852147
2007-12-26,3.898325,3.962143,3.827459,3.896959,3.86082,49928161
2007-12-27,3.836047,3.89677,3.751948,3.790401,3.755256,54331627
2007-12-28,3.795397,3.846666,3.433468,3.457907,3.425849,76239181
2007-12-31,3.475088,3.611518,3.440775,3.608587,3.575147,46622649
2008-01-02,3.58693,3.773222,3.490662,3.72769,3.693156,36348749
2008-01-03,3.708351,3.826886,3.636793,3.773771,3.738816,54536822
2008-01-04,3.777183,3.93961,3.770994,3.90593,3.869755,61222271
2008-01-07,3.903645,3.926853,3.900307,3.908823,3.872638,38939654
2008-01-08,3.938794,4.068625,3.916747,4.062625,4.025021,71645599
2008-01-09,4.102104,4.449583,4.085639,4.334631,4.294515,76567597
2008-01-10,4.331962,4.722202,4.266541,4.703924,4.660397,67146796
2008-01-11,4.59438,4.768452,4.536734,4.710299,4.666719,63327986
2008-01-14,4.630909,4.858107,4.622779,4.780828,4.736615,47003574
2008-01-15,4.750057,5.055152,4.653565,5.016489,4.970104,35850832
2008-01-16,5.064478,5.085809,4.919938,4.974961,4.928967,53980361
2008-01-17,4.948628,5.129899,4.935126,5.096583,5.049471,48512656
2008-01-18,5.035051,5.073687,5.032132,5.065462,5.018645,56465245
2008-01-22,5.021765,5.219499,4.985381,5.213323,5.165167,71145945
2008-01-23,5.196275,5.255999,5.155487,5.228257,5.179971,19405283
2008-01-24,5.215847,5.376234,5.198985,5.366203,5.31665,54145024
2008-01-25,5.313326,5.391719,5.26063,5.30095,5.252006,53583841
2008-01-28,5.292128,5.589581,5.180983,5.419046,5.369034,32486202
2008-01-29,5.533351,5.582568,5.018447,5.054721,5.008079,73550023
2008-01-30,5.052474,5.195603,5.013255,5.145925,5.098448,56297970
2008-01-31,5.046999,5.247382,5.004243,5.200191,5.15222,64616006
2008-02-01,5.195687,5.262513,5.111662,5.160872,5.113271,52241577
2008-02-04,5.135931,5.260177,4.941759,4.944431,4.898846,58786805
2008-02-05,4.905131,4.908721,4.65727,4.821098,4.776657,34143852
2008-02-06,4.87443,4.909487,4.813006,4.871105,4.826209,67639911
2008-02-07,4.869729,4.899684,4.656206,4.720081,4.676584,23458974
2008-02-08,4.754118,4.776379,4.690023,4.758737,4.71489,62800901
2008-02-11,4.760022,4.79253,4.60495,4.62348,4.580898,30514675
2008-02-12,4.626917,4.732285,4.604524,4.730265,4.686707,19780546
2008-02-13,4.734775,4.990309,4.690918,4.960057,4.914389,22374792
2008-02-14,5.07897,5.190418,4.757271,4.759915,4.716096,78008879
2008-02-15,4.779772,5.152023,4.678156,4.996857,4.950863,46902514
2008-02-19,5.039273,5.083462,4.801041,4.941388,4.895932,28745561
2008-02-20,4.9108,5.0002,4.602937,4.735172,4.69162,34567407
2008-02-21,4.82286,4.863368,4.419685,4.466386,4.425311,67715777
2008-02-22,4.497978,4.540366,4.473979,4.490622,4.449331,46799441
2008-02-25,4.447776,4.452229,4.37213,4.395286,4.35489,46891600
2008-02-26,4.370208,4.451702,4.138347,4.156055,4.117863,54695227
2008-02-27,4.219838,4.269341,4.008799,4.042733,4.005588,48162418
2008-02-28,3.991608,4.02868,3.942872,3.951344,3.915043,41209073
2008-02-29,3.941645,4.024052,3.923809,4.010768,3.973927,59346696
2008-03-03,3.970974,3.977288,3.885048,3.929307,3.893231,57141570
2008-03-04,3.928427,4.02154,3.880142,4.001256,3.964524,40013622
2008-03-05,3.97715,4.015311,3.967855,3.981882,3.945333,27436088
2008-03-06,3.95729,4.027056,3.948991,3.999896,3.963187,28300639
2008-03-07,4.035005,4.141098,3.980434,4.071975,4.03461,38343596
2008-03-10,4.063848,4.246526,4.050143,4.209215,4.170609,58780299
2008-03-11,4.208646,4.287611,4.176169,4.216028,4.177365,46144891
2008-03-12,4.212345,4.285875,4.170909,4.273445,4.234261,29849164
2008-03-13,4.270739,4.313345,4.220179,4.304297,4.264836,49123325
2008-03-14,4.294805,4.419578,4.287643,4.395787,4.355493,48390152
2008-03-17,4.413415,4.444546,4.306188,4.377769,4.337658,32413774
2008-03-18,4.375386,4.480396,4.338643,4.430271,4.389685,25473515
2008-03-19,4.414552,4.535821,4.395486,4.496643,4.455455,36569450
2008-03-20,4.514637,4.523096,4.48057,4.50677,4.465496,43539477
2008-03-24,4.515082,4.530563,4.469038,4.495798,4.454648,27909236
2008-03-25,4.450598,4.578113,4.38732,4.553725,4.512052,46082208
2008-03-26,4.55746,4.594204,4.497987,4.52586,4.484447,40999827
2008-03-27,4.503362,4.645318,4.483376,4.603521,4.561404,30920961
2008-03-28,4.603876,4.670151,4.599614,4.640696,4.598245,37882735
2008-03-31,4.689616,4.70142,4.590576,4.648761,4.606256,42063836
2008-04-01,4.63761,4.658314,4.51669,4.617993,4.575775,68736703
2008-04-02,4.608496,4.626816,4.578259,4.616285,4.574089,61891044
2008-04-03,4.593301,4.627528,4.448695,4.479987,4.439043,61410643
2008-04-04,4.463875,4.495425,4.449389,4.474583,4.433694,47511347
2008-04-07,4.504874,4.722028,4.497004,4.688369,4.645546,48808747
2008-04-08,4.668575,4.673548,4.619746,4.630401,4.588114,38493237
2008-04-09,4.619957,4.646439,4.506161,4.541891,4.500418,44773246
2008-04-10,4.557176,4.592973,4.47538,4.477852,4.43697,41206848
2008-04-11,4.461701,4.486012,4.401169,4.410472,4.370211,52477088
2008-04-14,4.424303,4.472313,4.420086,4.458514,4.417832,58021132
2008-04-15,4.435358,4.55941,4.395076,4.546811,4.50533,43395351
2008-04-16,4.539102,4.583582,4.513013,4.569213,4.527533,37384650
2008-04-17,4.572443,4.592939,4.442823,4.499677,4.458638,57505113
2008-04-18,4.4925,4.496507,4.440792,4.463792,4.423087,48685225
2008-04-21,4.456517,4.465108,4.391926,4.398158,4.358069,39344136
2008-04-22,4.389734,4.514561,4.370726,4.46548,4.424784,35588947
2008-04-23,4.505016,4.596431,4.497795,4.564661,4.523066,39195802
2008-04-24,4.555787,4.572191,4.517211,4.561797,4.520235,38089384
2008-04-25,4.550598,4.743901,4.507064,4.711434,4.668515,28130984
2008-04-28,4.714035,4.752028,4.698245,4.726016,4.682984,56712180
2008-04-29,4.726376,4.733345,4.605882,4.625045,4.582938,45894548
2008-04-30,4.628681,4.688321,4.500683,4.530771,4.489528,47399833
2008-05-01,4.535285,4.560961,4.489865,4.516439,4.475333,33641911
2008-05-02,4.478312,4.594232,4.405346,4.558173,4.516693,49175262
2008-05-05,4.63191,4.77748,4.604085,4.7717,4.728297,37605557
2008-05-06,4.770038,4.965747,4.739991,4.951354,4.906323,45418075
2008-05-07,4.923072,4.934106,4.868899,4.893988,4.849485,41315185
2008-05-08,4.836401,4.858784,4.809271,4.851418,4.80731,34978042
2008-05-09,4.838073,4.881202,4.833482,4.86957,4.825303,63633664
2008-05-12,4.859866,4.904006,4.726958,4.767077,4.723762,53918498
2008-05-13,4.777221,4.827224,4.703123,4.707003,4.66424,36899194
2008-05-14,4.682826,4.870592,4.666248,4.854367,4.810271,39867266
2008-05-15,4.850464,5.000693,4.81137,4.983294,4.938034,34642245
2008-05-16,5.03173,5.128692,4.996577,5.110928,5.064516,43408360
2008-05-19,5.113303,5.132158,5.075251,5.089163,5.042969,53467326
2008-05-20,5.094102,5.152633,4.96498,4.997269,4.951915,41865374
2008-05-21,4.964658,5.086689,4.90842,5.005844,4.96042,39436896
2008-05-22,5.027606,5.030199,4.988111,5.025075,4.979483,39675924
2008-05-23,5.034314,5.03775,5.001543,5.005874,4.960463,34182261
2008-05-27,5.002618,5.036201,4.990927,5.015555,4.970083,96234261
2008-05-28,4.9952,5.054578,4.972667,5.043905,4.998184,42299038
2008-05-29,5.049011,5.086811,4.99251,5.018391,4.972907,55576778
2008-05-30,4.952412,5.122303,4.916789,5.10073,5.054507,44431408
2008-06-02,5.109356,5.123318,5.080502,5.114324,5.067999,25123624
2008-06-03,5.085176,5.273766,5.056647,5.238135,5.190695,37101198
2008-06-04,5.275896,5.312512,5.187107,5.234058,5.186662,40788688
2008-06-05,5.245682,5.317474,5.181114,5.294324,5.246389,41720664
2008-06-06,5.256007,5.279609,5.106412,5.123022,5.076645,45411215
2008-06-09,5.159896,5.221634,5.132147,5.142634,5.096101,41542634
2008-06-10,5.14683,5.318788,5.13487,5.236461,5.189086,68418066
2008-06-11,5.230628,5.278285,5.164269,5.171846,5.125063,76397273
2008-06-12,5.158966,5.304233,5.107004,5.20358,5.156516,37873039
2008-06-13,5.198273,5.230171,5.16367,5.168373,5.121635,48904239
2008-06-16,5.161517,5.174293,5.093397,5.10597,5.059818,41432230
2008-06-17,5.119047,5.21455,5.088564,5.159154,5.112528,32304922
2008-06-18,5.146748,5.197394,5.061514,5.096785,5.050729,69930050
2008-06-19,5.131789,5.151694,5.128983,5.141994,5.095536,38785161
2008-06-20,5.135154,5.150796,5.076687,5.102069,5.05598,53843219
2008-06-23,5.129375,5.18544,5.108255,5.131283,5.084951,33886505
2008-06-24,5.104062,5.244506,5.019216,5.231282,5.184053,50241610
2008-06-25,5.181257,5.214996,5.148154,5.178177,5.131435,27857370
2008-06-26,5.201014,5.208016,5.107809,5.133321,5.086991,47325544
2008-06-27,5.16207,5.166801,5.044088,5.07706,5.031244,49296174
2008-06-30,5.079221,5.139794,5.046344,5.089526,5.043619,68761136
2008-07-01,5.106437,5.136046,4.973957,5.020826,4.975545,39463192
2008-07-02,4.973399,4.984867,4.821932,4.841237,4.797583,25153063
2008-07-03,4.830526,5.212685,4.797595,5.142446,5.096082,59741801
2008-07-07,5.173935,5.245062,5.132591,5.190034,5.143269,35937309
2008-07-08,5.187495,5.221847,5.118267,5.152523,5.106103,73236692
2008-07-09,5.185508,5.276447,5.156982,5.242611,5.195386,46514299
2008-07-10,5.237702,5.386666,5.185101,5.366926,5.318589,53090415
2008-07-11,5.283496,5.390155,5.279577,5.366562,5.318235,33351944
2008-07-14,5.351408,5.380419,5.208077,5.328645,5.280682,50499558
2008-07-15,5.325203,5.414616,5.285621,5.356029,5.307827,84555346
2008-07-16,5.29948,5.334937,5.222829,5.321699,5.273813,46485717
2008-07-17,5.325064,5.473389,5.305154,5.421268,5.372493,35967312
2008-07-18,5.427647,5.495656,5.377289,5.41234,5.363652,51920578
2008-07-21,5.416033,5.47499,5.398251,5.44118,5.392256,32387345
2008-07-22,5.370182,5.424313,5.306283,5.328919,5.281011,37536529
2008-07-23,5.365998,5.407568,5.217939,5.271448,5.224064,83668002
2008-07-24,5.339919,5.36064,5.170641,5.294757,5.24717,44513914
2008-07-25,5.239646,5.322156,5.235918,5.294213,5.246639,59504129
2008-07-28,5.240132,5.277667,5.19229,5.221021,5.174126,39077646
2008-07-29,5.180179,5.294382,5.124917,5.270878,5.223542,50873211
2008-07-30,5.279204,5.33683,5.214106,5.227539,5.180599,36776642
2008-07-31,5.220619,5.25555,5.10184,5.149206,5.102976,48378577
2008-08-01,5.098584,5.193127,5.066243,5.17471,5.128258,41942624
2008-08-04,5.186817,5.220762,5.124342,5.163531,5.117202,51449755
2008-08-05,5.151463,5.18688,5.141553,5.17616,5.129724,41351962
2008-08-06,5.144473,5.193194,5.054315,5.070885,5.0254,78387674
2008-08-07,5.064948,5.188052,5.037319,5.14968,5.103496,29427857
2008-08-08,5.138166,5.157755,4.955808,4.960445,4.915964,50624494
2008-08-11,4.946122,4.990149,4.839451,4.858908,4.815357,40054862
2008-08-12,4.854022,4.893999,4.752807,4.768724,4.725989,37796452
2008-08-13,4.738283,4.740908,4.649224,4.712734,4.670506,33612289
2008-08-14,4.693562,4.707015,4.540853,4.609704,4.568406,39815677
2008-08-15,4.59077,4.614204,4.572284,4.60973,4.568438,52608969
2008-08-18,4.583795,4.593813,4.575332,4.58835,4.547268,27364152
2008-08-19,4.588774,4.595557,4.49474,4.533531,4.492946,44871520
2008-08-20,4.534854,4.571999,4.315833,4.344414,4.305528,28384111
2008-08-21,4.337404,4.359721,4.279168,4.308058,4.269503,44267602
2008-08-22,4.284157,4.328798,4.276585,4.29065,4.252256,34988793
2008-08-25,4.281846,4.290479,4.277617,4.286874,4.248532,43262390
2008-08-26,4.280437,4.34001,4.028266,4.076804,4.040347,83175003
2008-08-27,4.051181,4.11346,4.004312,4.094009,4.057404,42370601
2008-08-28,4.095853,4.170561,4.05615,4.140314,4.103299,60267466
2008-08-29,4.140529,4.149629,4.050976,4.123856,4.086994,41471362
2008-09-02,4.144025,4.153829,3.977852,4.021647,3.985721,41177814
2008-09-03,4.013457,4.029464,3.799289,3.85375,3.819329,68423871
2008-09-04,3.858217,4.018459,3.810935,4.002378,3.966635,33899884
2008-09-05,3.996795,4.062363,3.955158,4.05915,4.022905,63246509
2008-09-08,4.015106,4.177046,4.012875,4.131604,4.094729,31666630
2008-09-09,4.131067,4.188053,4.001403,4.050868,4.01472,36330237
2008-09-10,4.031365,4.097157,3.996585,4.083088,4.046657,53619979
2008-09-11,4.101786,4.13557,3.962568,4.033392,3.997411,61805835
2008-09-12,3.99903,4.084877,3.944837,4.050934,4.014801,40711676
2008-09-15,4.001086,4.028353,3.97188,4.019027,3.983195,42457916
2008-09-16,4.019073,4.044938,3.986343,4.001701,3.966029,37983201
2008-09-17,3.96367,3.993806,3.865462,3.870206,3.835711,58719975
2008-09-18,3.87231,3.993566,3.849916,3.938494,3.903397,32020040
2008-09-19,3.95783,3.963537,3.929333,3.934393,3.899337,26879488
2008-09-22,3.957106,3.962333,3.863476,3.909562,3.874743,32296750
2008-09-23,3.876977,3.98864,3.843089,3.92883,3.893845,41820474
2008-09-24,3.905247,3.964087,3.805887,3.936703,3.901653,38360273
2008-09-25,3.960009,3.965664,3.817845,3.833523,3.799397,42000452
2008-09-26,3.809244,3.883254,3.769399,3.879023,3.844497,47726398
2008-09-29,3.875953,3.964447,3.865976,3.958928,3.923707,34312759
2008-09-30,3.99464,4.006733,3.933697,3.955292,3.920109,71878464
2008-10-01,3.92503,4.066794,3.867966,3.99834,3.962779,69555252
2008-10-02,3.958657,4.018599,3.934564,4.0102,3.97454,34502996
2008-10-03,4.033951,4.051478,3.911226,3.914097,3.879296,39053297
2008-10-06,3.885206,4.017463,3.8658,3.966525,3.931274,44178157
2008-10-07,3.956191,3.992373,3.895539,3.918014,3.8832,55594557
2008-10-08,3.92104,3.985609,3.908254,3.972955,3.937658,44672671
2008-10-09,3.953654,3.981546,3.874567,3.921104,3.886273,34289674
2008-10-10,3.937702,3.963156,3.91126,3.92324,3.888395,37948804
2008-10-13,3.900357,4.022636,3.874131,4.010269,3.974668,42859901
2008-10-14,4.02456,4.072985,4.003454,4.05712,4.021108,33636568
2008-10-15,4.060271,4.3296,4.032268,4.310585,4.272329,117233487
2008-10-16,4.330808,4.346891,4.200929,4.242908,4.205259,58243404
2008-10-17,4.20647,4.215685,4.159271,4.161785,4.124861,45092424
2008-10-20,4.156146,4.198797,4.127895,4.129816,4.093193,48560327
2008-10-21,4.079288,4.088143,4.034182,4.042086,4.006246,49867404
2008-10-22,3.996347,4.19769,3.945233,4.129218,4.092611,39198001
2008-10-23,4.127064,4.189603,4.100849,4.184698,4.147605,47479261
2008-10-24,4.192961,4.197906,4.059896,4.108969,4.072553,28457280
2008-10-27,4.107296,4.293184,4.081861,4.252234,4.214565,58340552
2008-10-28,4.259225,4.275608,4.228548,4.249582,4.211942,55587399
2008-10-29,4.242325,4.361407,4.193259,4.348376,4.309867,28451442
2008-10-30,4.368738,4.40267,4.363871,4.396176,4.357251,35441996
2008-10-31,4.415246,4.440124,4.394801,4.412634,4.373569,28884996
2008-11-03,4.4281,4.486259,4.413631,4.455781,4.416352,35340221
2008-11-04,4.401918,4.523419,4.396964,4.513329,4.473396,58262109
2008-11-05,4.505237,4.564804,4.4653,4.556686,4.516376,47208229
2008-11-06,4.570595,4.603414,4.516439,4.536256,4.496133,42848509
2008-11-07,4.5423,4.568349,4.486484,4.496004,4.456243,25687121
2008-11-10,4.481012,4.48726,4.34054,4.391767,4.352945,33402041
2008-11-11,4.377844,4.395092,4.30405,4.349263,4.310823,27445182
2008-11-12,4.350294,4.364414,4.220735,4.230639,4.193253,33216892
2008-11-13,4.249004,4.302241,4.208336,4.297286,4.259318,39218586
2008-11-14,4.317222,4.432253,4.274825,4.415245,4.37624,36962341
2008-11-17,4.437299,4.484416,4.369422,4.412534,4.373571,31921896
2008-11-18,4.404798,4.549409,4.375145,4.465541,4.426116,25321220
2008-11-19,4.467923,4.509811,4.435729,4.447782,4.40852,46011082
2008-11-20,4.447923,4.516208,4.329126,4.347073,4.308705,42363433
2008-11-21,4.381172,4.518224,4.307371,4.484872,4.445294,41210441
2008-11-24,4.441713,4.56215,4.361783,4.52829,4.488348,55492455
2008-11-25,4.544589,4.734907,4.475107,4.624705,4.583919,38499433
2008-11-26,4.653091,4.753681,4.642263,4.693259,4.651875,42355985
2008-11-28,4.684782,4.818126,4.666915,4.798883,4.75658,47079110
2008-12-01,4.777081,4.801964,4.563754,4.632739,4.59192,60538797
2008-12-02,4.614352,4.627715,4.464029,4.561011,4.52083,52489569
2008-12-03,4.556273,4.668417,4.462829,4.4866,4.447081,35014260
2008-12-04,4.458033,4.628768,4.4047,4.601205,4.560682,41354278
2008-12-05,4.603798,4.66026,4.572038,4.581768,4.541422,21456209
2008-12-08,4.607611,4.619163,4.548894,4.56621,4.526021,37987663
2008-12-09,4.558043,4.595435,4.461721,4.500657,4.46105,39014043
2008-12-10,4.54288,4.665875,4.513545,4.635529,4.594742,61256187
2008-12-11,4.5898,4.606189,4.507771,4.538551,4.498624,62577531
2008-12-12,4.527758,4.729978,4.524135,4.67651,4.635375,26984833
2008-12-15,4.692831,4.710423,4.655107,4.660537,4.619561,36236893
2008-12-16,4.680265,4.685148,4.601662,4.636506,4.595748,33169222
2008-12-17,4.632271,4.676312,4.568885,4.662387,4.621408,36596439
2008-12-18,4.656166,4.678912,4.561356,4.597824,4.557418,59760043
2008-12-19,4.64682,4.659356,4.607374,4.621333,4.580728,55695852
2008-12-22,4.564478,4.76749,4.518658,4.748901,4.707193,22508000
2008-12-23,4.764094,4.88844,4.740136,4.845293,4.802745,45171171
2008-12-24,4.81686,4.901346,4.78106,4.873892,4.8311,46128344
2008-12-26,4.885088,4.892508,4.807275,4.8248,4.782452,53996915
2008-12-29,4.845927,4.879256,4.81322,4.829822,4.78745,88476405
2008-12-30,4.830091,4.937247,4.809142,4.892979,4.850059,46721626
2008-12-31,4.91919,4.973361,4.850945,4.955098,4.91164,67454422
2009-01-02,4.936255,5.095705,4.901634,5.045327,5.001091,39912825
2009-01-05,5.080277,5.085313,4.848061,4.882616,4.839826,28096260
2009-01-06,4.91814,4.964227,4.823747,4.86145,4.818853,38718543
2009-01-07,4.849801,5.043606,4.835852,5.021034,4.977045,47338379
2009-01-08,5.025885,5.087832,4.986267,5.051068,5.006823,46485825
2009-01-09,5.028451,5.21482,4.976173,5.116297,5.071488,49466474
2009-01-12,5.073719,5.139798,5.071051,5.118621,5.073812,79211208
2009-01-13,5.150464,5.160322,5.10056,5.129293,5.084398,28975085
2009-01-14,5.147323,5.237284,5.131964,5.2014,5.155881,55802828
2009-01-15,5.179489,5.204567,5.10679,5.112664,5.067929,79643787
2009-01-16,5.135672,5.14097,4.998333,5.008336,4.964519,21976422
2009-01-20,5.004619,5.033125,4.859598,4.956391,4.913057,49009870
2009-01-21,4.967463,5.011965,4.9195,4.969884,4.926438,69682325
2009-01-22,4.948007,4.963458,4.933709,4.948743,4.905488,65680101
2009-01-23,4.974531,5.068595,4.873041,4.918972,4.875984,68814170
2009-01-26,4.900317,4.979332,4.88506,4.938956,4.895814,48725513
2009-01-27,4.96087,5.089734,4.946126,5.071667,5.027373,42490564
2009-01-28,5.107946,5.142047,4.99859,5.002414,4.958731,45475783
2009-01-29,4.965532,4.999661,4.945002,4.969868,4.926476,40038925
2009-01-30,4.948032,5.035298,4.934988,5.032516,4.988584,37086625
2009-02-02,5.03386,5.181812,5.026776,5.10426,5.059722,42867659
2009-02-03,5.076971,5.119388,5.037686,5.064278,5.020096,51031150
2009-02-04,5.081993,5.107556,4.978192,5.007597,4.963917,77245095
2009-02-05,5.042684,5.153893,5.030862,5.08235,5.038024,42267878
2009-02-06,5.090911,5.162478,5.058774,5.13995,5.095129,46629895
2009-02-09,5.126308,5.227889,5.102096,5.199026,5.153711,39151957
2009-02-10,5.197372,5.481924,5.155486,5.438483,5.391088,53518958
2009-02-11,5.391052,5.483772,5.322387,5.44338,5.39595,77718036
2009-02-12,5.432517,5.436091,5.340673,5.379007,5.332145,28119908
2009-02-13,5.33561,5.463704,5.324184,5.373519,5.326712,51155609
2009-02-17,5.328458,5.399447,5.275357,5.395845,5.348873,29788389
2009-02-18,5.377617,5.534641,5.340282,5.463697,5.416142,37261338
2009-02-19,5.399705,5.615945,5.389367,5.547267,5.498992,43697693
2009-02-20,5.56692,5.576181,5.459078,5.472424,5.424807,49068964
2009-02-23,5.488283,5.534252,5.415848,5.431862,5.384621,59636211
2009-02-24,5.453889,5.489642,5.310073,5.410715,5.363665,45053174
2009-02-25,5.418533,5.460169,5.374399,5.422519,5.375374,94970078
2009-02-26,5.389051,5.556365,5.353835,5.51113,5.463222,45162003
2009-02-27,5.497732,5.533963,5.472212,5.479463,5.431837,65690594
2009-03-02,5.490939,5.630501,5.485215,5.603676,5.554994,26915796
2009-03-03,5.585216,5.635975,5.491354,5.598678,5.550047,48529049
2009-03-04,5.616485,5.675307,5.416599,5.494045,5.44633,48044396
2009-03-05,5.490752,5.512787,5.354659,5.377691,5.330994,59542069
2009-03-06,5.336774,5.407085,5.32546,5.384456,5.337707,44684350
2009-03-09,5.358361,5.368368,5.235683,5.253525,5.207934,72085724
2009-03-10,5.253465,5.350447,5.13508,5.236836,5.191398,45627728
2009-03-11,5.235584,5.271324,5.099791,5.210098,5.164898,36868832
2009-03-12,5.237148,5.29016,5.138226,5.167095,5.122276,42784499
2009-03-13,5.188672,5.264152,5.062768,5.067835,5.023884,65174010
2009-03-16,5.044555,5.096527,4.958729,4.971954,4.928854,39556904
2009-03-17,5.001998,5.065815,4.883722,4.886031,4.843683,41262112
2009-03-18,4.883304,4.974009,4.819722,4.956587,4.913633,39942398
2009-03-19,4.970808,5.036509,4.763169,4.765947,4.724653,48426063
2009-03-20,4.763651,4.83974,4.756775,4.803183,4.761572,57168178
2009-03-23,4.79513,4.906206,4.708392,4.879229,4.83698,31759297
2009-03-24,4.879484,5.092004,4.876186,5.074441,5.030508,44370903
2009-03-25,5.013871,5.202004,4.972829,5.164589,5.119883,44675599
2009-03-26,5.159921,5.178065,5.075939,5.099864,5.055725,54737363
2009-03-27,5.103878,5.110166,4.930532,5.034174,4.99061,79509675
2009-03-30,4.973158,5.055311,4.962845,5.053001,5.009294,63944594
2009-03-31,5.066242,5.167866,5.049179,5.103408,5.059273,47260763
2009-04-01,5.089871,5.134996,4.961216,5.012282,4.968942,53993420
2009-04-02,5.005716,5.032667,4.96911,4.999853,4.956626,51433808
2009-04-03,5.025341,5.097762,4.986282,5.073047,5.029195,24231541
2009-04-06,5.064961,5.085514,4.974582,5.033498,4.990009,60126771
2009-04-07,5.01226,5.046822,4.942168,4.94971,4.906951,60813563
2009-04-08,4.9535,5.156584,4.932975,5.134896,5.090544,35922977
2009-04-09,5.16625,5.222206,5.005007,5.023223,4.979843,47271043
2009-04-13,5.068055,5.07715,4.992117,5.037187,4.993713,24990010
2009-04-14,5.029538,5.099918,5.005595,5.084043,5.040172,39374714
2009-04-15,5.070613,5.114081,5.014515,5.060899,5.017235,49083837
2009-04-16,5.063538,5.089977,5.042915,5.073035,5.029272,59182822
2009-04-17,5.056495,5.144717,5.042125,5.126322,5.082107,78945738
2009-04-20,5.17472,5.202967,5.086864,5.114209,5.070119,44046452
2009-04-21,5.110869,5.123632,4.976758,5.053752,5.01019,34475637
2009-04-22,5.083827,5.151554,5.070577,5.128427,5.084229,44116754
2009-04-23,5.132949,5.174177,5.066578,5.07836,5.0346,56496657
2009-04-24,5.079103,5.278085,5.052821,5.243926,5.198746,70097631
2009-04-27,5.241508,5.427519,5.2344,5.392211,5.345776,60627248
2009-04-28,5.390298,5.503455,5.341054,5.484764,5.437539,46926642
2009-04-29,5.48493,5.5029,5.33226,5.341687,5.295701,42725841
2009-04-30,5.366054,5.477834,5.359407,5.466674,5.41962,62400045
2009-05-01,5.52289,5.533626,5.337355,5.364096,5.317932,45635182
2009-05-04,5.388677,5.399293,5.152559,5.196308,5.151609,33529087
2009-05-05,5.218634,5.254043,5.093993,5.117336,5.073323,28986284
2009-05-06,5.169145,5.418012,5.069593,5.273107,5.227761,38447392
2009-05-07,5.26631,5.280121,5.233702,5.256896,5.211697,55400251
2009-05-08,5.257888,5.270554,5.183697,5.257632,5.212434,37963752
2009-05-11,5.2426,5.396898,5.214441,5.377879,5.331669,35354100
2009-05-12,5.392611,5.425932,5.290681,5.308252,5.262647,36300081
2009-05-13,5.290605,5.47535,5.225133,5.434115,5.387436,33508942
2009-05-14,5.408084,5.434703,5.207363,5.258068,5.212909,63254825
2009-05-15,5.299712,5.314668,5.183027,5.226422,5.181542,22340467
2009-05-18,5.357465,5.419514,5.198611,5.271106,5.225864,95211647
2009-05-19,5.206373,5.246265,5.204228,5.223673,5.178844,41519647
2009-05-20,5.161258,5.234097,5.076152,5.10344,5.059651,32575066
2009-05-21,5.14086,5.189701,5.002418,5.047428,5.004126,31291751
2009-05-22,4.941421,4.994888,4.770831,4.845845,4.804279,32876458
2009-05-26,4.823277,5.004023,4.750188,4.968817,4.926224,44479878
2009-05-27,4.94198,4.98548,4.714524,4.760546,4.719744,42681089
2009-05-28,4.795328,4.838046,4.557093,4.596752,4.557361,77639041
2009-05-29,4.604351,4.631111,4.466729,4.476062,4.437711,48968273
2009-06-01,4.420453,4.484551,4.379775,4.387625,4.350049,37933751
2009-06-02,4.430671,4.51294,4.272686,4.283621,4.246942,54658461
2009-06-03,4.220753,4.285624,4.134883,4.154521,4.118952,51038324
2009-06-04,4.154628,4.186468,4.100509,4.148839,4.113325,67686116
2009-06-05,4.168634,4.245287,4.09809,4.195865,4.159954,43179287
2009-06-08,4.17929,4.31151,4.174534,4.257297,4.220878,31476424
2009-06-09,4.258123,4.267947,4.13872,4.22309,4.186969,33968749
2009-06-10,4.248091,4.452906,4.19713,4.391483,4.353928,47548289
2009-06-11,4.413025,4.459631,4.353548,4.410866,4.373151,55050225
2009-06-12,4.44974,4.570857,4.361312,4.504366,4.465858,61555730
2009-06-15,4.498651,4.502086,4.461784,4.4867,4.448361,75015091
2009-06-16,4.499138,4.538159,4.466176,4.527704,4.489021,74725891
2009-06-17,4.526784,4.56181,4.494047,4.553346,4.51445,78070024
2009-06-18,4.564061,4.574002,4.42447,4.452461,4.414433,28344894
2009-06-19,4.453906,4.46106,4.438232,4.451525,4.41351,32102100
2009-06-22,4.437739,4.491123,4.387959,4.476689,4.438478,63973124
2009-06-23,4.507179,4.563183,4.399291,4.439193,4.401308,40771241
2009-06-24,4.444715,4.458245,4.406764,4.449238,4.411274,32312975
2009-06-25,4.426863,4.434084,4.32575,4.328513,4.291584,36226588
2009-06-26,4.337894,4.412217,4.282165,4.395471,4.357977,46231702
2009-06-29,4.384666,4.450566,4.371862,4.439159,4.40131,39836413
2009-06-30,4.41529,4.47901,4.396625,4.472524,4.434397,31247490
2009-07-01,4.428563,4.474919,4.423704,4.449055,4.411134,69590686
2009-07-02,4.445749,4.489409,4.428515,4.473297,4.435176,45802959
2009-07-06,4.452945,4.622411,4.445089,4.577372,4.538389,69703085
2009-07-07,4.592551,4.651773,4.561998,4.619201,4.579868,63505036
2009-07-08,4.610591,4.687246,4.595966,4.645783,4.606229,41893131
2009-07-09,4.642498,4.652112,4.560592,4.591402,4.552317,27707693
2009-07-10,4.583347,4.612213,4.50613,4.529384,4.490833,42308368
2009-07-13,4.569229,4.595581,4.506638,4.536655,4.498061,44296996
2009-07-14,4.593553,4.632188,4.551317,4.613342,4.574102,50328468
2009-07-15,4.588068,4.666141,4.559405,4.60715,4.567969,44768760
2009-07-16,4.632755,4.703096,4.528243,4.598809,4.559705,47561488
2009-07-17,4.611963,4.72914,4.569695,4.656731,4.617141,37102077
2009-07-20,4.654544,4.670344,4.584942,4.591739,4.552721,34563165
2009-07-21,4.63511,4.706843,4.618374,4.635403,4.596019,32596004
2009-07-22,4.654968,4.697025,4.621952,4.694112,4.654236,60466230
2009-07-23,4.679411,4.773058,4.651347,4.75104,4.710687,32323589
2009-07-24,4.755532,4.759291,4.734804,4.739687,4.699437,68398820
2009-07-27,4.709374,4.852746,4.703914,4.813437,4.77258,36972312
2009-07-28,4.855654,4.940933,4.834057,4.91997,4.878215,35594408
2009-07-29,4.89784,5.010988,4.871498,4.972048,4.929858,53123525
2009-07-30,4.972258,4.994877,4.902679,4.910993,4.869328,35849544
2009-07-31,4.918148,4.95484,4.820139,4.83123,4.790248,43374279
2009-08-03,4.810707,4.855066,4.78686,4.826482,4.78556,30242280
2009-08-04,4.826007,4.89431,4.795793,4.890881,4.84942,50263576
2009-08-05,4.927528,5.096549,4.925521,5.024906,4.982315,41772200
2009-08-06,4.970452,5.006045,4.947245,4.987267,4.945002,41910410
2009-08-07,4.966883,5.117836,4.925974,5.075532,5.032527,32688036
2009-08-10,5.063308,5.085944,4.999367,5.069034,5.026104,29133291
2009-08-11,5.050478,5.107856,5.01875,5.095952,5.052801,63282132
2009-08-12,5.106106,5.160167,4.883067,4.889267,4.847873,51720965
2009-08-13,4.892837,5.006121,4.828504,4.963944,4.921924,30011503
2009-08-14,4.983811,4.987978,4.90315,4.923054,4.881387,49094465
2009-08-17,4.924242,5.054395,4.872735,5.033515,4.990933,43883416
2009-08-18,5.0142,5.09989,5.010731,5.065112,5.02227,36988111
2009-08-19,5.105843,5.119341,4.961667,4.97592,4.933839,40521670
2009-08-20,4.962072,4.988039,4.879946,4.915708,4.874143,59566758
2009-08-21,4.950461,4.994889,4.902546,4.941561,4.899784,41485956
2009-08-24,4.927335,4.937109,4.864085,4.874288,4.8331,46467159
2009-08-25,4.846596,5.06396,4.820422,5.037832,4.995269,31049126
2009-08-26,5.024797,5.104255,4.994435,5.101013,5.057923,77036910
2009-08-27,5.13514,5.183735,5.04719,5.067944,5.02514,68792216
2009-08-28,5.049933,5.237843,5.04657,5.225099,5.180975,65195181
2009-08-31,5.243347,5.363302,5.167878,5.340176,5.295102,41239247
2009-09-01,5.296856,5.511494,5.270571,5.459147,5.413076,36591638
2009-09-02,5.430527,5.444326,5.378897,5.437435,5.391555,52162736
2009-09-03,5.45204,5.611911,5.399478,5.58707,5.539935,44069798
2009-09-04,5.644168,5.701653,5.573811,5.584492,5.537386,34809194
2009-09-08,5.574351,5.587581,5.540174,5.547879,5.501112,31735186
2009-09-09,5.569987,5.607358,5.53138,5.54778,5.501021,14139475
2009-09-10,5.53995,5.686858,5.521796,5.63605,5.588555,39621120
2009-09-11,5.59341,5.898695,5.588238,5.800095,5.751225,55686633
2009-09-14,5.761213,5.778579,5.670446,5.697383,5.649402,37885325
2009-09-15,5.676908,5.679204,5.579331,5.612661,5.565401,38846358
2009-09-16,5.576197,5.623398,5.52613,5.597081,5.54996,22936154
2009-09-17,5.573905,5.728397,5.555586,5.697937,5.649975,39489884
2009-09-18,5.711002,5.794506,5.492324,5.581783,5.534806,28682788
2009-09-21,5.607558,5.638561,5.494376,5.556031,5.509293,45228892
2009-09-22,5.576061,5.677043,5.560127,5.664081,5.616443,62776572
2009-09-23,5.626148,5.653676,5.485811,5.532912,5.486383,35506494
2009-09-24,5.510984,5.53137,5.48462,5.509395,5.463072,48930825
2009-09-25,5.53588,5.625654,5.509778,5.622394,5.575129,44340100
2009-09-28,5.606421,5.655261,5.542816,5.635516,5.588164,26438822
2009-09-29,5.606258,5.661667,5.529184,5.650378,5.602908,34488690
2009-09-30,5.672827,5.725356,5.587723,5.611778,5.56464,36405539
2009-10-01,5.669028,5.701275,5.616951,5.659359,5.611829,70334050
2009-10-02,5.643794,5.756119,5.623022,5.74579,5.697542,27769900
2009-10-05,5.758431,5.778925,5.728662,5.758341,5.710011,31567378
2009-10-06,5.75723,5.760261,5.706104,5.724217,5.676181,40530671
2009-10-07,5.717462,5.751901,5.678859,5.721726,5.673719,53568984
2009-10-08,5.689599,5.82896,5.670903,5.807046,5.758331,24286956
2009-10-09,5.80253,5.808266,5.710786,5.7504,5.702168,33646790
2009-10-12,5.752414,5.893443,5.721388,5.878702,5.829418,32058912
2009-10-13,5.892124,5.931853,5.7614,5.77898,5.73054,35328126
2009-10-14,5.707059,5.780912,5.643235,5.665331,5.617851,39044492
2009-10-15,5.715572,5.835924,5.709785,5.818077,5.769325,36581143
2009-10-16,5.841046,5.90487,5.794829,5.875426,5.826201,31811562
2009-10-19,5.909007,6.028984,5.873293,6.020434,5.970019,39467726
2009-10-20,5.984823,6.329776,5.981814,6.261186,6.208763,52495267
2009-10-21,6.305844,6.423378,6.161815,6.173631,6.12195,37773455
2009-10-22,6.1148,6.120297,5.849517,5.86588,5.816783,60707176
2009-10-23,5.813649,5.972727,5.754242,5.953932,5.904105,42866881
2009-10-26,5.923945,5.926399,5.71903,5.805095,5.756538,51960730
2009-10-27,5.80551,5.812039,5.722759,5.768662,5.720418,76388047
2009-10-28,5.737476,5.884444,5.699432,5.855763,5.806798,37761785
2009-10-29,5.84722,5.96253,5.829518,5.948724,5.89899,38248141
2009-10-30,5.928809,6.08989,5.902572,5.998775,5.94863,52677591
2009-11-02,5.964334,6.055933,5.876398,5.914281,5.864867,62382047
2009-11-03,5.935316,6.090537,5.903847,6.032657,5.982262,25895613
2009-11-04,6.068442,6.095821,5.881049,5.897686,5.848427,18964188
2009-11-05,5.816159,6.082182,5.808929,5.986557,5.936564,32606824
2009-11-06,5.992479,6.00353,5.905043,5.998939,5.94885,38953449
2009-11-09,5.975259,5.993899,5.800883,5.824352,5.775745,75074454
2009-11-10,5.889376,6.056663,5.857789,5.98824,5.938273,43247173
2009-11-11,5.98639,6.101867,5.949657,6.095894,6.045037,55827679
2009-11-12,6.116465,6.164214,5.982537,6.066604,6.016,29617569
2009-11-13,6.043234,6.224578,6.014725,6.172254,6.120777,52773374
2009-11-16,6.161883,6.16853,6.091992,6.163199,6.111822,66810597
2009-11-17,6.157349,6.187678,6.014459,6.024327,5.974116,47471495
2009-11-18,6.008263,6.03843,5.918666,6.007429,5.957367,29540264
2009-11-19,5.996587,6.063098,5.778188,5.83025,5.781672,63926920
2009-11-20,5.789452,5.952956,5.773697,5.945465,5.895936,44677004
2009-11-23,5.947371,6.03887,5.933556,5.990914,5.94103,46493442
2009-11-24,5.987254,5.990058,5.957577,5.971699,5.921984,47675380
2009-11-25,5.925761,5.966608,5.825095,5.899331,5.850226,67590995
2009-11-27,5.914794,5.926674,5.742412,5.807107,5.758785,44666398
2009-11-30,5.800379,5.99253,5.711939,5.932008,5.882671,31762058
2009-12-01,5.956869,5.989301,5.935209,5.950389,5.900907,37320836
2009-12-02,5.922098,6.006281,5.837152,5.874518,5.825675,62126547
2009-12-03,5.871693,6.011198,5.865941,5.982206,5.932476,43059184
2009-12-04,5.953569,6.05534,5.933712,6.02059,5.970549,29089863
2009-12-07,6.015802,6.081993,5.915113,5.921225,5.872034,42661425
2009-12-08,5.909295,5.974269,5.859166,5.874918,5.82612,67956725
2009-12-09,5.879663,5.940913,5.805133,5.817352,5.76904,48462876
2009-12-10,5.853901,5.863398,5.801986,5.843366,5.794845,40853879
2009-12-11,5.827756,5.858483,5.797741,5.856026,5.807408,36882755
2009-12-14,5.866237,5.984313,5.847014,5.976442,5.926849,43310515
2009-12-15,5.947107,6.089541,5.934256,6.046329,5.996164,61250408
2009-12-16,6.014801,6.042728,5.936169,5.975261,5.925694,67964687
2009-12-17,5.999814,6.05553,5.803417,5.823793,5.775491,67219433
2009-12-18,5.810616,5.914352,5.803141,5.905555,5.856582,58430271
2009-12-21,5.90458,5.989954,5.893068,5.959434,5.910039,30052966
2009-12-22,6.022299,6.09981,6.006937,6.072613,6.022288,62700914
2009-12-23,6.139028,6.175426,6.118501,6.162336,6.111276,28393197
2009-12-24,6.158338,6.182729,6.127916,6.172723,6.121585,26926059
2009-12-28,6.15847,6.166496,6.105945,6.126383,6.075663,34364961
2009-12-29,6.189533,6.208501,6.156815,6.17814,6.126999,69349808
2009-12-30,6.187385,6.192631,6.148052,6.160018,6.109036,51528669
2009-12-31,6.151853,6.156997,6.125687,6.154232,6.103306,40772880
2010-01-04,6.165749,6.225229,6.115375,6.182436,6.13131,25771693
2010-01-05,6.211775,6.266153,6.183807,6.197744,6.1465,40241290
2010-01-06,6.232747,6.291483,6.189344,6.245579,6.193948,42220931
2010-01-07,6.281267,6.291082,6.162114,6.218612,6.167212,70345946
2010-01-08,6.17973,6.245219,6.141037,6.234246,6.182726,48095733
2010-01-11,6.181951,6.32746,6.159283,6.298134,6.246112,34570599
2010-01-12,6.319047,6.343558,6.168703,6.193782,6.142629,41721466
2010-01-13,6.187391,6.450436,6.164273,6.384753,6.332032,52321155
2010-01-14,6.408174,6.4493,6.36135,6.430166,6.377079,74235260
2010-01-15,6.410885,6.602942,6.337887,6.529702,6.475802,28987397
2010-01-19,6.510698,6.650986,6.476071,6.634607,6.579877,46957150
2010-01-20,6.657996,6.749223,6.630425,6.69583,6.640604,34108829
2010-01-21,6.710889,6.793152,6.499812,6.529745,6.475897,56473913
2010-01-22,6.507419,6.5166,6.486516,6.509455,6.455784,44181413
2010-01-25,6.498565,6.730405,6.45725,6.624951,6.570355,34881719
2010-01-26,6.660061,6.749248,6.508699,6.569249,6.515121,29955032
2010-01-27,6.590126,6.611224,6.472726,6.553306,6.499318,47498713
2010-01-28,6.548347,6.607666,6.420015,6.481113,6.427729,23874702
2010-01-29,6.509429,6.551257,6.505817,6.52384,6.470113,67767554
2010-02-01,6.458218,6.645172,6.440049,6.591182,6.536926,48808286
2010-02-02,6.638823,6.838429,6.60248,6.815098,6.759008,46609469
2010-02-03,6.859756,6.913213,6.727083,6.824984,6.768823,46150845
2010-02-04,6.837473,7.026639,6.793899,6.946865,6.88971,22261319
2010-02-05,6.964747,7.227693,6.953897,7.216599,7.157235,64330551
2010-02-08,7.256457,7.301149,7.220505,7.278328,7.218486,36306627
2010-02-09,7.378428,7.451909,7.271199,7.335525,7.275223,55518803
2010-02-10,7.348489,7.604493,7.340615,7.548443,7.486401,58458044
2010-02-11,7.58666,7.603581,7.461962,7.517698,7.455918,50448109
2010-02-12,7.486502,7.630053,7.365802,7.622382,7.559753,28551685
2010-02-16,7.639139,7.784616,7.528884,7.731395,7.667911,47387414
2010-02-17,7.7351,7.752632,7.609387,7.631316,7.568665,27901985
2010-02-18,7.619701,7.883513,7.597071,7.867378,7.802799,56799109
2010-02-19,7.876128,7.941131,7.75191,7.81853,7.754363,57775731
2010-02-22,7.77482,7.795707,7.472728,7.555906,7.493925,56073681
2010-02-23,7.586117,7.625403,7.415355,7.458396,7.397225,49254404
2010-02-24,7.431542,7.45969,7.289409,7.420557,7.359706,38356583
2010-02-25,7.346109,7.618113,7.334417,7.600665,7.538348,34102125
2010-02-26,7.592967,7.815553,7.514276,7.779614,7.715841,41144629
2010-03-01,7.735594,7.82227,7.685566,7.802574,7.738644,22907683
2010-03-02,7.756814,7.847896,7.734509,7.838306,7.774094,59937919
2010-03-03,7.844682,7.959841,7.782714,7.878613,7.814081,51526324
2010-03-04,7.839017,7.933708,7.630008,7.671699,7.608872,52172930
2010-03-05,7.649932,7.668344,7.563124,7.566171,7.504219,35049816
2010-03-08,7.569228,7.651177,7.48242,7.621488,7.559114,60590292
2010-03-09,7.557162,7.64305,7.544564,7.63081,7.56837,42866335
2010-03-10,7.606649,7.638908,7.467495,7.500437,7.439074,36535809
2010-03-11,7.460606,7.5501,7.448781,7.466457,7.405382,54734707
2010-03-12,7.481258,7.534379,7.390749,7.422304,7.3616,52354408
2010-03-15,7.373993,7.545308,7.321888,7.526364,7.46484,40179187
2010-03-16,7.500092,7.570511,7.408052,7.55688,7.495117,32729052
2010-03-17,7.508736,7.562893,7.467349,7.484588,7.423426,45493725
2010-03-18,7.473742,7.538369,7.36137,7.433076,7.372345,60679488
2010-03-19,7.41202,7.528695,7.369128,7.496864,7.435622,33457562
2010-03-22,7.498732,7.616728,7.416622,7.515509,7.454145,55881507
2010-03-23,7.453636,7.619442,7.414225,7.560477,7.498756,21188356
2010-03-24,7.505262,7.539892,7.4854,7.517749,7.456387,32551582
2010-03-25,7.470014,7.601522,7.444777,7.546,7.484417,43461109
2010-03-26,7.534108,7.581741,7.528989,7.549172,7.487574,83638226
2010-03-29,7.550563,7.567869,7.357098,7.450288,7.389528,87362623
2010-03-30,7.441212,7.495348,7.419313,7.49055,7.429471,48350168
2010-03-31,7.503322,7.543639,7.34953,7.35503,7.295066,30697892
2010-04-01,7.33249,7.506036,7.278606,7.449389,7.388666,46923906
2010-04-05,7.440993,7.464766,7.308087,7.364099,7.304111,58274652
2010-04-06,7.387595,7.445118,7.275443,7.28769,7.228335,44882424
2010-04-07,7.345805,7.360583,7.21827,7.275584,7.216337,40652715
2010-04-08,7.289132,7.412856,7.263758,7.387165,7.32702,42288782
2010-04-09,7.331235,7.448615,7.288031,7.393465,7.333278,58325558
2010-04-12,7.393119,7.45886,7.360967,7.443571,7.383006,50888820
2010-04-13,7.43255,7.518513,7.399104,7.511372,7.450266,51582874
2010-04-14,7.513183,7.518228,7.404081,7.437049,7.376558,47521859
2010-04-15,7.368333,7.615527,7.3134,7.515612,7.454492,35555506
2010-04-16,7.611986,7.62217,7.347198,7.399181,7.339018,35741461
2010-04-19,7.405925,7.455281,7.401747,7.414145,7.353891,41866394
2010-04-20,7.459826,7.48894,7.395761,7.446255,7.38575,61039431
2010-04-21,7.386195,7.452617,7.297151,7.34111,7.281469,39944970
2010-04-22,7.270671,7.316351,7.238838,7.292969,7.233729,40744274
2010-04-23,7.337574,7.357474,7.274562,7.294021,7.234782,32597556
2010-04-26,7.318463,7.36094,7.228097,7.339523,7.279945,29937452
2010-04-27,7.277446,7.319011,7.142939,7.1512,7.09316,26503209
2010-04-28,7.185258,7.249282,7.044634,7.164125,7.10599,73326862
2010-04-29,7.155085,7.232612,7.062372,7.075367,7.017962,54079251
2010-04-30,7.046128,7.090343,6.987978,7.054829,6.9976,54654760
2010-05-03,7.057076,7.197573,7.029444,7.167669,7.109554,29570939
2010-05-04,7.140034,7.307688,7.120144,7.296782,7.23763,63374627
2010-05-05,7.217339,7.352449,7.213911,7.316059,7.25676,73317091
2010-05-06,7.271828,7.29904,7.23964,7.26945,7.21054,39488608
2010-05-07,7.288358,7.369108,7.081274,7.143864,7.08598,42662620
2010-05-10,7.104883,7.167779,6.99398,7.126016,7.068307,55276247
2010-05-11,7.158375,7.181668,7.105847,7.163641,7.105636,32221596
2010-05-12,7.195201,7.26544,7.087761,7.14181,7.083992,51084800
2010-05-13,7.146981,7.414775,7.082836,7.398879,7.33899,41115200
2010-05-14,7.40509,7.53627,7.308398,7.522477,7.461597,34242184
2010-05-17,7.527362,7.552042,7.45152,7.482597,7.422071,30417637
2010-05-18,7.524304,7.553141,7.280777,7.310185,7.251063,28000684
2010-05-19,7.342081,7.4641,7.291431,7.388439,7.328694,97015607
2010-05-20,7.380157,7.393498,7.274388,7.33007,7.270807,50032550
2010-05-21,7.34513,7.379802,7.228632,7.294527,7.235561,54083695
2010-05-24,7.260622,7.354854,7.21725,7.339145,7.279849,40719311
2010-05-25,7.427503,7.483695,7.272977,7.328007,7.268811,36650236
2010-05-26,7.317909,7.384879,7.276898,7.313748,7.254677,62347236
2010-05-27,7.367548,7.388263,7.346768,7.357525,7.29811,57696200
2010-05-28,7.428232,7.54203,7.340427,7.345696,7.286387,45245271
2010-06-01,7.308504,7.381462,7.286423,7.294653,7.235796,34560593
2010-06-02,7.338026,7.40549,7.305631,7.324445,7.265357,55271875
2010-06-03,7.290069,7.407194,7.282179,7.396446,7.336787,37246473
2010-06-04,7.349744,7.423737,7.258056,7.399362,7.33969,38992682
2010-06-07,7.407817,7.44398,7.3601,7.376719,7.31726,35909232
2010-06-08,7.386474,7.463652,7.353857,7.417262,7.357485,47898899
2010-06-09,7.434686,7.488425,7.353392,7.426333,7.366494,48346991
2010-06-10,7.499071,7.559381,7.42773,7.476827,7.416591,52291860
2010-06-11,7.432014,7.568474,7.376776,7.487531,7.427219,39912174
2010-06-14,7.457652,7.554668,7.441337,7.505409,7.444984,38204910
2010-06-15,7.496723,7.505074,7.286424,7.326009,7.267038,27799820
2010-06-16,7.384189,7.442348,7.189969,7.210949,7.152913,32393266
2010-06-17,7.210563,7.251685,7.185222,7.195148,7.13725,81776287
2010-06-18,7.188178,7.264098,7.139353,7.146764,7.089265,21932940
2010-06-21,7.176595,7.312922,7.126912,7.23987,7.181651,37553204
2010-06-22,7.277476,7.348559,7.2242,7.309588,7.250818,26283375
2010-06-23,7.318185,7.497844,7.292993,7.490594,7.430379,67802070
2010-06-24,7.530706,7.766283,7.482728,7.65418,7.59266,53445047
2010-06-25,7.596802,7.809063,7.556946,7.770454,7.708011,57701659
2010-06-28,7.782807,7.805801,7.743868,7.788413,7.725857,55393740
2010-06-29,7.786232,7.813174,7.628646,7.642563,7.581189,55260296
2010-06-30,7.732501,7.746259,7.611597,7.635276,7.573971,58196076
2010-07-01,7.642115,7.667788,7.588232,7.645898,7.584518,70241774
2010-07-02,7.600456,7.733393,7.537736,7.680663,7.619014,41073919
2010-07-06,7.632564,7.668719,7.559343,7.612589,7.551528,33542428
2010-07-07,7.568431,7.721108,7.555979,7.717995,7.656099,37671804
2010-07-08,7.764466,7.825568,7.654784,7.678603,7.617033,42290715
2010-07-09,7.650615,7.728178,7.61555,7.706465,7.644683,48714854
2010-07-12,7.654254,7.665727,7.433635,7.448865,7.389178,40896334
2010-07-13,7.393558,7.524887,7.380122,7.450258,7.39057,49161467
2010-07-14,7.485032,7.496987,7.27113,7.292404,7.233991,33801050
2010-07-15,7.341513,7.437881,6.959877,7.047548,6.991106,33458827
2010-07-16,7.097652,7.10412,7.04491,7.053534,6.997053,43797387
2010-07-19,7.025784,7.08078,6.993177,7.045869,6.989478,52340363
2010-07-20,7.029889,7.068601,6.904226,6.945178,6.889603,39126844
2010-07-21,6.888393,6.951071,6.850661,6.921672,6.866294,44758807
2010-07-22,6.925967,6.99702,6.829474,6.992479,6.936544,44730342
2010-07-23,7.06587,7.156221,6.930884,6.977665,6.921858,20480980
2010-07-26,7.032786,7.041361,6.850218,6.857228,6.802412,40753791
2010-07-27,6.938964,7.029815,6.923383,6.978632,6.922855,88896467
2010-07-28,6.924306,7.2543,6.883481,7.135995,7.07897,53359055
2010-07-29,7.123465,7.169284,6.995277,7.014335,6.958291,37117872
2010-07-30,7.021682,7.048077,6.939244,6.942231,6.886773,38188608
2010-08-02,6.909505,7.145258,6.879845,7.029626,6.973498,31342776
2010-08-03,6.974027,7.108095,6.954793,7.097351,7.040692,38614325
2010-08-04,7.066077,7.095217,7.044828,7.075735,7.019259,61908253
2010-08-05,7.061895,7.136448,6.820612,6.837241,6.782678,55399107
2010-08-06,6.852282,7.041829,6.687733,6.980449,6.924752,62232078
2010-08-09,7.016243,7.298712,6.989785,7.181305,7.124035,45504818
2010-08-10,7.198771,7.259768,7.150946,7.229974,7.172326,51882695
2010-08-11,7.197131,7.391716,7.135302,7.175686,7.118481,37423209
2010-08-12,7.09989,7.137747,6.991419,7.021516,6.965549,28731760
2010-08-13,7.064687,7.248765,7.03195,7.228035,7.170431,42202035
2010-08-16,7.189436,7.400814,7.164143,7.339597,7.281135,28808821
2010-08-17,7.357199,7.402986,7.220427,7.274905,7.216967,62860998
2010-08-18,7.272582,7.386854,7.257368,7.331854,7.273473,51792459
2010-08-19,7.310353,7.533512,7.284607,7.469916,7.410445,57106930
2010-08-20,7.472352,7.586771,7.397002,7.574738,7.514443,31042788
2010-08-23,7.542238,7.683,7.37588,7.407506,7.348572,62299531
2010-08-24,7.388635,7.466833,7.373801,7.433114,7.373987,62317541
2010-08-25,7.419339,7.652329,7.405621,7.560466,7.500336,59725499
2010-08-26,7.460822,7.639614,7.405138,7.553961,7.493894,43540902
2010-08-27,7.548662,7.816916,7.516161,7.779879,7.718026,68294576
2010-08-30,7.785637,7.895277,7.665083,7.817422,7.755302,31249568
2010-08-31,7.870461,7.881648,7.783929,7.803325,7.741328,67144181
2010-09-01,7.780111,8.073711,7.739311,7.992341,7.928853,94150166
2010-09-02,7.94669,7.988376,7.776257,7.842863,7.780573,49449638
2010-09-03,7.853198,7.875491,7.667338,7.74716,7.685641,53678693
2010-09-07,7.745872,7.7656,7.637735,7.673557,7.612663,43119194
2010-09-08,7.683811,7.85391,7.604388,7.787198,7.725413,52998064
2010-09-09,7.915273,7.930457,7.704074,7.751981,7.690487,51554790
2010-09-10,7.644783,7.715855,7.536761,7.570469,7.510425,40279665
2010-09-13,7.5369,7.608936,7.440374,7.4504,7.391338,66473040
2010-09-14,7.452545,7.460889,7.395071,7.430829,7.371932,34834683
2010-09-15,7.410471,7.65456,7.311456,7.577675,7.517624,58412476
2010-09-16,7.611846,7.617782,7.427403,7.489155,7.429816,54406748
2010-09-17,7.54024,7.547608,7.507695,7.522282,7.462691,51511285
2010-09-20,7.480446,7.550682,7.453137,7.508487,7.449036,53767349
2010-09-21,7.501403,7.74134,7.446557,7.70925,7.64822,130908172
2010-09-22,7.740686,7.883596,7.718035,7.829839,7.767865,50303044
2010-09-23,7.834749,7.86911,7.808735,7.832532,7.770547,43643079
2010-09-24,7.801889,7.870906,7.699532,7.845002,7.782929,101590246
2010-09-27,7.833741,7.870236,7.709358,7.737855,7.676661,31602072
2010-09-28,7.709361,8.027802,7.703377,7.999234,7.935984,37776857
2010-09-29,7.960484,8.396219,7.870799,8.351139,8.285118,47615488
2010-09-30,8.298192,8.457462,8.155304,8.430836,8.364196,55926095
2010-10-01,8.403288,8.406946,8.197135,8.243615,8.178467,46290143
2010-10-04,8.291599,8.397414,8.236279,8.388075,8.321819,36562803
2010-10-05,8.407415,8.611988,8.300216,8.352807,8.286841,27834285
2010-10-06,8.305984,8.591199,8.295889,8.551211,8.48369,56325773
2010-10-07,8.581454,8.591638,8.514054,8.562079,8.494484,54388341
2010-10-08,8.533967,8.538314,8.309876,8.401927,8.335607,33676325
2010-10-11,8.373681,8.48575,8.338479,8.449447,8.382787,34670407
2010-10-12,8.466027,8.522894,8.352128,8.487777,8.420825,40261567
2010-10-13,8.543227,8.617171,8.385391,8.404494,8.338211,54367104
2010-10-14,8.517937,8.685573,8.278732,8.289233,8.223871,37347132
2010-10-15,8.364891,8.485436,8.219778,8.240549,8.175581,42706697
2010-10-18,8.331863,8.379971,7.977337,8.123115,8.059106,61735676
2010-10-19,8.101712,8.188181,7.938854,7.959197,7.896491,50249118
2010-10-20,8.032088,8.096379,7.87045,7.911397,7.849078,65776390
2010-10-21,7.928211,8.037478,7.614772,7.724029,7.663197,33303942
2010-10-22,7.674782,7.682023,7.654896,7.670462,7.610061,54007357
2010-10-25,7.669494,7.67443,7.397591,7.413447,7.355101,31893681
2010-10-26,7.438975,7.568794,7.359076,7.501436,7.442408,39121284
2010-10-27,7.406077,7.517541,7.333773,7.508631,7.449557,25342298
2010-10-28,7.454306,7.682314,7.401977,7.66701,7.6067,75323946
2010-10-29,7.717437,7.904413,7.667186,7.778713,7.717534,41970395
2010-11-01,7.795588,7.814053,7.766054,7.771189,7.710102,64796070
2010-11-02,7.827147,7.873524,7.576608,7.632301,7.572315,29798005
2010-11-03,7.606348,7.788405,7.576076,7.747493,7.686613,23465004
2010-11-04,7.751304,7.785197,7.702513,7.775193,7.714106,48744901
2010-11-05,7.711371,7.781771,7.663441,7.730191,7.669468,50715483
2010-11-08,7.712656,7.869177,7.703652,7.762975,7.702025,49701650
2010-11-09,7.753446,7.946899,7.709557,7.884258,7.822367,41279319
2010-11-10,7.89036,7.9904,7.876365,7.986645,7.923962,43641097
2010-11-11,8.035436,8.072442,8.001372,8.043847,7.980725,76703969
2010-11-12,8.000705,8.093133,7.990683,8.022198,7.959257,40821498
2010-11-15,8.069544,8.150715,7.98738,8.033077,7.970084,80735033
2010-11-16,8.07044,8.081363,7.969217,8.027318,7.964381,36384551
2010-11-17,8.012374,8.039179,7.95065,8.002746,7.940012,42775318
2010-11-18,8.005935,8.022308,7.83765,7.87871,7.816959,67249827
2010-11-19,7.915829,7.957698,7.771743,7.821654,7.760361,35743428
2010-11-22,7.83675,7.849162,7.75872,7.80147,7.740366,41501489
2010-11-23,7.834383,7.838056,7.742419,7.758454,7.697698,64341869
2010-11-24,7.729004,7.789657,7.523625,7.607166,7.547605,47064477
2010-11-26,7.553684,7.714778,7.515355,7.692837,7.632627,37334703
2010-11-29,7.71639,7.777387,7.661204,7.668451,7.608462,50146540
2010-11-30,7.743668,7.750936,7.6919,7.696765,7.636565,29069708
2010-12-01,7.713772,7.74118,7.679595,7.687681,7.627563,57881588
2010-12-02,7.679165,7.781033,7.478578,7.527847,7.468989,49311930
2010-12-03,7.5335,7.639555,7.456969,7.610848,7.551351,70834851
2010-12-06,7.585797,7.737225,7.577345,7.7249,7.664543,42039571
2010-12-07,7.737202,7.817908,7.727801,7.807954,7.746959,38401707
2010-12-08,7.831205,7.87727,7.671753,7.746835,7.686328,50442920
2010-12-09,7.719505,7.820609,7.667297,7.803806,7.742864,26265492
2010-12-10,7.753362,8.012846,7.737103,7.988035,7.925665,41278928
2010-12-13,7.938373,7.996069,7.800697,7.888933,7.82737,57217634
2010-12-14,7.820231,8.287426,7.761069,8.17352,8.109747,46927424
2010-12-15,8.22385,8.408692,8.093303,8.326568,8.261612,66564872
2010-12-16,8.369369,8.377189,8.319482,8.360117,8.29491,36650609
2010-12-17,8.321337,8.390721,8.053042,8.104732,8.041529,41856743
2010-12-20,8.14478,8.213171,8.049823,8.105324,8.042149,51922012
2010-12-21,8.149886,8.166165,8.063257,8.114184,8.050951,43458113
2010-12-22,8.064277,8.396597,8.02109,8.250725,8.186439,61303373
2010-12-23,8.096737,8.145722,7.97237,8.110163,8.046983,35250133
2010-12-27,8.094519,8.432705,8.036215,8.393364,8.328024,44019378
2010-12-28,8.450508,8.513271,8.36629,8.410549,8.345086,29770454
2010-12-29,8.483767,8.491455,8.253953,8.261881,8.197587,39612746
2010-12-30,8.196704,8.302561,7.971059,8.025154,7.962713,41981208
2010-12-31,8.031242,8.03477,7.946421,7.954951,7.893067,51216390
2011-01-03,7.952458,7.992188,7.731642,7.887366,7.82604,43869250
2011-01-04,7.91234,8.017112,7.649646,7.723976,7.663931,43231970
2011-01-05,7.810565,7.855269,7.42592,7.538521,7.479928,38762402
2011-01-06,7.584068,7.656722,7.540422,7.650264,7.590812,28759955
2011-01-07,7.625299,7.783193,7.555937,7.758465,7.698183,45753157
2011-01-10,7.806991,8.15375,7.583031,8.027921,7.965578,27029783
2011-01-11,7.992653,8.316086,7.937202,8.19538,8.131749,45226541
2011-01-12,8.152108,8.45204,8.096927,8.381675,8.316608,29484672
2011-01-13,8.41862,8.446641,8.192743,8.261803,8.197677,63639077
2011-01-14,8.281076,8.347329,8.125235,8.208679,8.144978,35170630
2011-01-18,8.182337,8.236365,8.039843,8.135248,8.07216,37467102
2011-01-19,8.130565,8.162821,7.989217,8.097986,8.035198,60563059
2011-01-20,8.202693,8.232986,8.038279,8.041889,7.979547,35216834
2011-01-21,7.99024,8.18205,7.932404,8.133734,8.070691,50951208
2011-01-24,8.132812,8.13815,8.011975,8.02962,7.967417,42861931
2011-01-25,8.058047,8.094108,7.939191,7.998731,7.936779,48017569
2011-01-26,8.012514,8.060797,7.89646,7.957683,7.896059,57402918
2011-01-27,8.027729,8.133828,7.969621,8.124243,8.06134,21972588
2011-01-28,8.080653,8.202512,7.916601,7.956698,7.895103,43200077
2011-01-31,8.001196,8.043525,7.747827,7.834753,7.774134,47314844
2011-02-01,7.859937,7.99893,7.793873,7.980836,7.919098,71926767
2011-02-02,7.935066,8.092899,7.901045,8.049413,7.987155,38419224
2011-02-03,7.919968,7.994546,7.911063,7.958942,7.897394,43557318
2011-02-04,8.026728,8.112795,8.02143,8.093672,8.031094,55398335
2011-02-07,8.13131,8.183,8.014806,8.041177,7.979038,33875386
2011-02-08,8.057289,8.172274,8.044075,8.110044,8.047383,34986834
2011-02-09,8.086642,8.231042,8.065926,8.224882,8.161345,70021622
2011-02-10,8.260042,8.278193,8.142451,8.17402,8.110887,28095279
2011-02-11,8.160013,8.211635,8.12384,8.198269,8.13496,24673223
2011-02-14,8.169114,8.389551,8.11591,8.344024,8.279623,29189508
2011-02-15,8.391827,8.441009,7.97158,8.091552,8.029111,48195967
2011-02-16,8.06752,8.193426,7.970124,8.172703,8.109647,53094231
2011-02-17,8.183061,8.224169,8.039983,8.057923,7.995764,35435926
2011-02-18,8.04387,8.1556,7.954781,8.010068,7.948289,39861581
2011-02-22,8.067447,8.094693,7.821792,7.861107,7.800519,46002694
2011-02-23,7.848578,8.021072,7.835794,7.995016,7.933407,59909133
2011-02-24,7.960959,8.09032,7.836984,8.004124,7.942455,38269887
2011-02-25,7.971321,8.079113,7.922957,8.06786,8.005711,46706283
2011-02-28,8.090912,8.149563,8.060135,8.067728,8.005613,52858893
2011-03-01,8.044329,8.184242,8.010245,8.154067,8.091298,28639781
2011-03-02,8.154455,8.188834,8.064174,8.116466,8.053998,50916220
2011-03-03,8.173587,8.184332,7.976346,7.990171,7.928686,57402234
2011-03-04,8.060959,8.124001,7.941726,7.970064,7.908745,82989773
2011-03-07,8.077105,8.085583,7.902619,7.990344,7.928901,59383794
2011-03-08,7.95158,8.066134,7.871858,8.050554,7.988659,44128387
2011-03-09,8.064613,8.348536,8.014233,8.2959,8.232129,35993690
2011-03-10,8.328873,8.386133,8.288138,8.3576,8.293367,43290597
2011-03-11,8.338833,8.346755,8.253822,8.310099,8.246242,36982758
2011-03-14,8.306393,8.409964,8.208723,8.405079,8.340527,43905691
2011-03-15,8.427027,8.498468,8.402788,8.440984,8.376167,38284188
2011-03-16,8.469121,8.522591,8.359084,8.42002,8.355376,40317506
2011-03-17,8.4671,8.515616,8.29458,8.393376,8.328948,37193091
2011-03-18,8.474987,8.544506,8.460413,8.524903,8.459476,52849774
2011-03-21,8.533251,8.606941,8.380968,8.45252,8.387684,28613839
2011-03-22,8.385295,8.689452,8.373695,8.6237,8.557562,35032464
2011-03-23,8.671884,8.74014,8.497311,8.506785,8.441556,38112528
2011-03-24,8.493108,8.654861,8.481188,8.586491,8.520662,34748739
2011-03-25,8.617948,8.680336,8.52295,8.557471,8.491877,40814363
2011-03-28,8.515139,8.792476,8.505092,8.741327,8.674359,32881825
2011-03-29,8.71229,8.844263,8.616691,8.819582,8.752026,48913696
2011-03-30,8.82347,8.869432,8.726349,8.821447,8.753889,20414263
2011-03-31,8.856141,8.90627,8.833086,8.887084,8.819035,47505251
2011-04-01,8.883569,9.072763,8.832531,9.050881,8.98159,39237966
2011-04-04,9.056167,9.117977,8.963263,8.999929,8.931065,29988829
2011-04-05,8.903637,9.128962,8.758097,9.098227,9.028623,48324928
2011-04-06,9.155278,9.268014,9.136521,9.233218,9.162594,49882775
2011-04-07,9.225104,9.253243,9.130439,9.221326,9.150806,85397706
2011-04-08,9.283794,9.317399,9.065468,9.117832,9.048115,37063331
2011-04-11,9.056908,9.222518,8.792624,8.811931,8.744589,67930344
2011-04-12,8.812162,8.850365,8.727408,8.761877,8.69493,49138920
2011-04-13,8.788286,8.855226,8.774665,8.787205,8.720076,26962531
2011-04-14,8.766,8.921597,8.754773,8.869021,8.801279,34394059
2011-04-15,8.853729,9.22496,8.805445,9.173347,9.103294,63090325
2011-04-18,9.134452,9.347173,9.075807,9.259043,9.188373,48609081
2011-04-19,9.307905,9.626099,9.244925,9.58139,9.508273,24569220
2011-04-20,9.481899,9.78653,9.450627,9.673924,9.600113,40224997
2011-04-21,9.67585,9.930515,9.570072,9.845951,9.770841,49743360
2011-04-25,9.841398,9.936649,9.615329,9.70958,9.635563,48267092
2011-04-26,9.66228,9.806019,9.587836,9.741706,9.667457,38294258
2011-04-27,9.782303,9.90439,9.713429,9.864344,9.789174,46893093
2011-04-28,9.85032,10.132582,9.749059,10.117006,10.039925,43603663
2011-04-29,10.111725,10.305133,10.039837,10.212553,10.134757,37522690
2011-05-02,10.227289,10.261528,9.99346,10.007954,9.931758,36675235
2011-05-03,9.988845,10.019066,9.905536,9.954167,9.878394,50362948
2011-05-04,9.912835,10.214054,9.860487,10.067541,9.990919,59718106
2011-05-05,9.97741,10.029221,9.87325,9.927732,9.852187,39183586
2011-05-06,9.967108,10.185499,9.956825,10.123543,10.046521,66384728
2011-05-09,10.138528,10.419103,10.062855,10.352657,10.273935,46632997
2011-05-10,10.320964,10.537694,10.309103,10.527366,10.447329,37969129
2011-05-11,10.54444,10.873695,10.432583,10.716336,10.634878,59858154
2011-05-12,10.766554,10.782729,10.69368,10.761401,10.679614,65922140
2011-05-13,10.72949,10.759496,10.551783,10.582875,10.50246,40654360
2011-05-16,10.563944,10.608719,10.415013,10.490302,10.410633,38649622
2011-05-17,10.627123,10.751334,10.616014,10.642509,10.561698,62967971
2011-05-18,10.679248,10.709471,10.547561,10.559086,10.478923,50334355
2011-05-19,10.489357,10.548669,10.284883,10.501662,10.421949,31741150
2011-05-20,10.55541,10.611651,10.438017,10.489107,10.409504,35556324
2011-05-23,10.513801,10.594885,10.46881,10.569821,10.489648,22864054
2011-05-24,10.69229,10.70504,10.4791,10.485136,10.40562,48258644
2011-05-25,10.531453,10.603728,10.308538,10.365457,10.286862,98492826
2011-05-26,10.392942,10.648199,10.270836,10.536777,10.456898,28460877
2011-05-27,10.531367,10.739633,10.392141,10.678878,10.597936,24928431
2011-05-31,10.620938,10.903972,10.59548,10.898934,10.816384,85254853
2011-06-01,10.89307,10.968792,10.873537,10.907976,10.825372,35678325
2011-06-02,10.908455,11.286215,10.882502,11.250069,11.164889,56680101
2011-06-03,11.239236,11.401722,11.189283,11.380488,11.294336,65300574
2011-06-06,11.29334,11.458943,11.284427,11.427016,11.340559,23523582
2011-06-07,11.414219,11.426521,11.281006,11.35517,11.269272,36700570
2011-06-08,11.447637,11.474867,11.398807,11.406606,11.320334,34371154
2011-06-09,11.398864,11.537281,11.360954,11.523055,11.435918,50607762
2011-06-10,11.540416,11.613845,11.31535,11.342244,11.25649,39929355
2011-06-13,11.413419,11.500009,11.014378,11.051784,10.968271,44859191
2011-06-14,11.103615,11.18737,11.096025,11.171605,11.087201,24914407
2011-06-15,11.145664,11.356731,11.039396,11.223843,11.13906,41042696
2011-06-16,11.13059,11.244151,10.963651,11.128651,11.044602,35893810
2011-06-17,11.135175,11.226243,11.054416,11.128783,11.044749,30662064
2011-06-20,11.184622,11.403081,11.138937,11.338011,11.252443,34801050
2011-06-21,11.330907,11.437285,11.267565,11.36383,11.278082,51457891
2011-06-22,11.300018,11.312803,11.235005,11.296145,11.210924,49280003
2011-06-23,11.314237,11.330968,11.096692,11.133524,11.049544,48685308
2011-06-24,11.161901,11.263207,11.157124,11.237987,11.153235,42254020
2011-06-27,11.241419,11.608456,11.118979,11.497528,11.410865,48033071
2011-06-28,11.518755,11.717067,11.498167,11.652376,11.564562,46552393
2011-06-29,11.728036,11.861578,11.428421,11.449739,11.363467,31580621
2011-06-30,11.526872,11.652024,11.226562,11.329085,11.243738,50319890
2011-07-01,11.334726,11.341095,11.1681,11.199024,11.114673,39904920
2011-07-05,11.165954,11.172441,10.996622,11.014727,10.931823,56170896
2011-07-06,11.04628,11.099761,11.017202,11.052004,10.968835,62495541
2011-07-07,11.090805,11.096738,10.955278,11.017731,10.934835,31349318
2011-07-08,11.033484,11.176025,10.923434,11.151467,11.067579,45363353
2011-07-11,11.198344,11.374938,11.167305,11.193647,11.109488,34957890
2011-07-12,11.168366,11.187138,11.115546,11.140108,11.056366,65360591
2011-07-13,11.204006,11.715911,11.121217,11.635777,11.548326,36033125
2011-07-14,11.662431,12.11645,11.523365,12.074626,11.983892,44931159
2011-07-15,12.093169,12.300875,12.061815,12.210158,12.118422,55886061
2011-07-18,12.224214,12.276556,11.961679,12.094264,12.003449,31993726
2011-07-19,12.107948,12.463482,12.085827,12.345471,12.252786,35060013
2011-07-20,12.36566,12.459785,12.313834,12.34435,12.251691,40850240
2011-07-21,12.361321,12.483896,12.318372,12.432987,12.339678,30788319
2011-07-22,12.428612,12.574166,12.251966,12.324765,12.232285,45514796
2011-07-25,12.243389,12.327956,12.184713,12.233642,12.141896,27391687
2011-07-26,12.306572,12.48273,12.058218,12.173248,12.081971,108509000
2011-07-27,12.132379,12.139356,11.942515,11.979368,11.889562,43711728
2011-07-28,11.927924,12.290764,11.912356,12.220006,12.128413,49175628
2011-07-29,12.239312,12.274878,12.188571,12.267052,12.175123,46145188
2011-08-01,12.291907,12.395942,12.149181,12.241496,12.149808,47101646
2011-08-02,12.191315,12.219479,12.16487,12.19918,12.107826,40840608
2011-08-03,12.103804,12.440932,12.019293,12.381951,12.289245,35997355
2011-08-04,12.285494,12.375508,12.253097,12.263165,12.171364,42941925
2011-08-05,12.252555,12.541554,12.224361,12.386484,12.293777,33960799
2011-08-08,12.438696,12.455804,12.047233,12.150718,12.059825,39502630
2011-08-09,12.033714,12.099955,11.972883,12.07244,11.982149,24885725
2011-08-10,12.118841,12.260675,12.052241,12.226973,12.135543,42704530
2011-08-11,12.299843,12.410463,12.278042,12.37352,12.281011,35333276
2011-08-12,12.357686,12.446264,12.330413,12.352201,12.259869,53848422
2011-08-15,12.399986,12.567435,12.299447,12.506943,12.413504,52211631
2011-08-16,12.471046,12.588052,12.456767,12.567631,12.473757,30933375
2011-08-17,12.515939,12.619272,12.475084,12.603226,12.509102,65860699
2011-08-18,12.529637,12.698291,12.507714,12.621331,12.527089,34346351
2011-08-19,12.543608,12.700488,12.522735,12.681255,12.586583,40217082
2011-08-22,12.719604,12.944807,12.696477,12.913734,12.817379,54058114
2011-08-23,12.947138,12.961134,12.670726,12.770734,12.675463,94619130
2011-08-24,12.868114,12.873709,12.734686,12.801781,12.706296,32919055
2011-08-25,12.766452,13.004703,12.675902,12.881016,12.784958,43314323
2011-08-26,12.959412,13.102855,12.949977,13.086751,12.989177,65458796
2011-08-29,12.993318,13.342423,12.97446,13.323286,13.224002,49788594
2011-08-30,13.37107,13.522016,13.270081,13.433679,13.333591,51743809
2011-08-31,13.301624,13.363133,13.212842,13.226561,13.128033,56179152
2011-09-01,13.329926,13.359112,13.102172,13.180516,13.08235,43348814
2011-09-02,13.096651,13.538603,13.024681,13.474706,13.374367,89349338
2011-09-06,13.349615,13.598228,13.344172,13.485819,13.385471,50902126
2011-09-07,13.623421,13.935535,13.59033,13.921113,13.817544,32652684
2011-09-08,14.004966,14.567577,13.71459,14.438741,14.331341,38024557
2011-09-09,14.603893,14.748964,14.259691,14.27077,14.164639,53683986
2011-09-12,14.257651,14.276462,14.15434,14.258631,14.152648,40647095
2011-09-13,14.169348,14.238887,13.663784,13.827826,13.725064,39019256
2011-09-14,13.933954,14.026994,13.845062,13.882639,13.779489,34523984
2011-09-15,13.844447,14.069231,13.722481,13.934909,13.831389,36082510
2011-09-16,13.999929,14.570892,13.975406,14.300955,14.194735,37610413
2011-09-19,14.312505,14.412854,13.791959,13.907762,13.804519,56789625
2011-09-20,13.862318,14.189997,13.827336,14.052108,13.947813,58236573
2011-09-21,14.118655,14.198992,13.693351,13.814187,13.711677,40794352
2011-09-22,13.705196,13.832192,13.624917,13.782336,13.680081,68108630
2011-09-23,13.806031,13.998531,13.466809,13.580474,13.479735,55728709
2011-09-26,13.574498,13.670348,13.52238,13.635305,13.534214,65953896
2011-09-27,13.708959,13.764029,13.567886,13.625896,13.524894,43731206
2011-09-28,13.622073,13.710911,13.40589,13.429018,13.329494,45448388
2011-09-29,13.344186,13.525349,13.319066,13.437246,13.337679,41614208
2011-09-30,13.27746,13.731133,13.234843,13.660791,13.559586,50576587
2011-10-03,13.655387,13.713692,13.592961,13.670929,13.569704,52149641
2011-10-04,13.584908,13.692352,13.505888,13.654388,13.553304,39802232
2011-10-05,13.574267,13.693869,12.961935,13.040541,12.94402,47568470
2011-10-06,13.090141,13.500206,13.007702,13.402915,13.30373,47678375
2011-10-07,13.365934,13.681642,13.193312,13.635989,13.535098,33709857
2011-10-10,13.706085,13.714409,13.336998,13.412097,13.312916,32071241
2011-10-11,13.36645,13.538355,13.320075,13.328441,13.229898,60528620
2011-10-12,13.193215,13.250506,13.043096,13.071985,12.975356,33464908
2011-10-13,13.097399,13.250688,12.952282,12.967618,12.871777,48580116
2011-10-14,12.881726,12.90248,12.575433,12.670088,12.576464,61508555
2011-10-17,12.750185,12.874026,12.196372,12.233433,12.143085,57572556
2011-10-18,12.225478,12.476308,12.189067,12.330186,12.239141,60841403
2011-10-19,12.383974,12.797378,12.237654,12.734121,12.64011,64023409
2011-10-20,12.839989,13.112272,12.6914,13.017549,12.921463,52409432
2011-10-21,12.944665,13.070478,12.911361,12.930458,12.835032,48312332
2011-10-24,12.903722,13.001602,12.677147,12.818463,12.723917,58715884
2011-10-25,12.875252,12.956686,12.867139,12.910957,12.815745,44923725
2011-10-26,12.78245,13.121511,12.754655,13.030118,12.934046,80600181
2011-10-27,13.0181,13.138567,12.981871,13.110598,13.01395,41791074
2011-10-28,13.184319,13.259588,12.693832,12.809189,12.71478,79435610
2011-10-31,12.764217,12.96237,12.687765,12.924632,12.829426,49810039
2011-11-01,12.821958,13.047881,12.716156,12.88599,12.791085,44425215
2011-11-02,12.848188,12.907951,12.810281,12.832818,12.738322,24502421
2011-11-03,12.760598,12.766174,12.667359,12.706136,12.61259,44761053
2011-11-04,12.746112,12.848779,12.59213,12.667498,12.574255,42974176
2011-11-07,12.778321,12.904471,12.700657,12.741926,12.648186,25371104
2011-11-08,12.649491,12.839904,12.46128,12.768627,12.674709,32897593
2011-11-09,12.800146,12.815895,12.468638,12.620097,12.527288,49434139
2011-11-10,12.685337,12.756098,12.440188,12.466488,12.374825,76600494
2011-11-11,12.477716,12.664166,12.408547,12.446256,12.354759,30770933
2011-11-14,12.540447,12.938708,12.39189,12.921612,12.826674,40244027
2011-11-15,12.868423,12.998089,12.706891,12.732545,12.639013,37606604
2011-11-16,12.703717,12.728503,12.454909,12.487909,12.396191,37396500
2011-11-17,12.499617,12.515722,12.083486,12.221894,12.132146,46948875
2011-11-18,12.217771,12.32032,12.185055,12.25778,12.167786,72548656
2011-11-21,12.237477,12.526755,12.171758,12.360932,12.270231,62988647
2011-11-22,12.401614,12.826708,12.389396,12.686079,12.593009,38522617
2011-11-23,12.734196,12.811077,12.586243,12.602361,12.509922,33066625
2011-11-25,12.420405,12.615568,12.333297,12.607352,12.514911,22137660
2011-11-28,12.60274,12.669464,12.433907,12.513941,12.422236,34163838
2011-11-29,12.597874,12.781616,12.575481,12.744438,12.65106,43014637
2011-11-30,12.659497,12.810812,12.452907,12.789785,12.696093,52647116
2011-12-01,12.75058,12.816948,12.595916,12.795538,12.701822,54431074
2011-12-02,12.868149,12.955375,12.766876,12.897116,12.802672,46524336
2011-12-05,12.847683,12.997518,12.73142,12.958746,12.863904,37429440
2011-12-06,13.106321,13.191037,12.912595,12.919821,12.825282,44081766
2011-12-07,12.984739,13.131858,12.849024,12.865405,12.771282,24638837
2011-12-08,12.735103,13.199752,12.700333,13.144076,13.047931,34882721
2011-12-09,13.232645,13.294664,12.979201,13.098197,13.002406,40494897
2011-12-12,13.15603,13.296164,12.823319,12.940533,12.845948,45379217
2011-12-13,12.982236,13.11967,12.777549,12.827724,12.733981,38922633
2011-12-14,12.861381,12.885337,12.594992,12.66441,12.571878,39002069
2011-12-15,12.709852,12.812354,12.474055,12.545804,12.454155,69337383
2011-12-16,12.495271,12.971367,12.424978,12.888911,12.794773,45450618
2011-12-19,12.759204,13.046603,12.687967,13.027075,12.931981,25090161
2011-12-20,13.103054,13.162877,13.069205,13.089592,12.994059,49465176
2011-12-21,13.208555,13.257181,13.100712,13.213093,13.116677,45523694
2011-12-22,13.184295,13.3642,12.983507,13.293786,13.196799,29940629
2011-12-23,13.346871,13.718298,13.317828,13.56967,13.470689,42166446
2011-12-27,13.578309,13.86899,13.469464,13.849815,13.748865,47535162
2011-12-28,13.804195,13.893232,13.511509,13.566073,13.467211,39698908
2011-12-29,13.471221,13.810373,13.353447,13.699632,13.599815,46167577
2011-12-30,13.7018,13.845403,13.569346,13.761047,13.660801,54485507
2012-01-03,13.745129,13.757384,13.649469,13.750357,13.650263,39673837
2012-01-04,13.714861,14.036368,13.703881,13.996138,13.894275,68964221
2012-01-05,13.982816,14.485785,13.948381,14.41199,14.30712,44306101
2012-01-06,14.57781,14.61367,14.160669,14.301962,14.197911,27928207
2012-01-09,14.29234,14.403651,14.186055,14.234707,14.131204,43715427
2012-01-10,14.337619,14.644533,14.266279,14.57753,14.471554,64301952
2012-01-11,14.507167,14.7457,14.458995,14.707154,14.600255,43020544
2012-01-12,14.730843,14.80488,14.570001,14.637593,14.53122,32114645
2012-01-13,14.705123,14.726702,14.67095,14.692641,14.585888,36740546
2012-01-17,14.751003,15.021883,14.729474,14.867555,14.759612,38621094
2012-01-18,14.881479,14.998812,14.808367,14.869075,14.761142,42667508
2012-01-19,14.882503,15.233413,14.842775,15.048835,14.939617,34286902
2012-01-20,15.168146,15.210577,15.074678,15.183379,15.073205,36786946
2012-01-23,15.138405,15.202514,15.026957,15.153435,15.04354,62887140
2012-01-24,15.192214,15.330229,14.956189,15.029801,14.920823,30775759
2012-01-25,15.022338,15.096842,14.864049,14.999497,14.89076,53154281
2012-01-26,14.990773,15.007241,14.619229,14.652348,14.546147,49822546
2012-01-27,14.633742,14.839261,14.619229,14.725507,14.618796,67165589
2012-01-30,14.654479,14.827986,14.414271,14.441142,14.33655,75951968
2012-01-31,14.571269,14.739779,14.333307,14.452424,14.34777,31246459
2012-02-01,14.366525,14.424313,14.146951,14.190594,14.087855,47311789
2012-02-02,14.200949,14.336961,14.111767,14.144036,14.041653,34107821
2012-02-03,14.117312,14.537966,14.103946,14.359937,14.256011,65673929
2012-02-06,14.319234,14.589335,14.276844,14.407351,14.303141,39790193
2012-02-07,14.3288,14.452642,14.123246,14.225784,14.122907,23477839
2012-02-08,14.22865,14.315391,14.049046,14.107478,14.005475,56474938
2012-02-09,14.186761,14.563816,14.143754,14.440351,14.335961,46205291
2012-02-10,14.435454,14.502326,14.284295,14.31597,14.212498,51444108
2012-02-13,14.236237,14.336235,14.223183,14.245477,14.142573,30424449
2012-02-14,14.301308,14.330689,14.060218,14.08998,13.988219,57336754
2012-02-15,14.03804,14.145349,13.981255,14.027461,13.92617,33768738
2012-02-16,14.0723,14.199637,14.065699,14.147375,14.045238,64962939
2012-02-17,14.193501,14.342549,13.869606,13.941475,13.840843,42321755
2012-02-21,13.882645,14.07876,13.599043,13.607772,13.509622,67800998
2012-02-22,13.560814,13.607034,13.36283,13.411445,13.31473,51365281
2012-02-23,13.391031,13.739498,13.360694,13.597386,13.499349,31544825
2012-02-24,13.589784,13.668326,13.509394,13.514876,13.417452,47960890
2012-02-27,13.558027,13.606431,13.507215,13.567699,13.469949,48660395
2012-02-28,13.578817,13.669547,13.186792,13.283838,13.188151,53555354
2012-02-29,13.228809,13.322693,13.151287,13.247081,13.151677,54645894
2012-03-01,13.300549,13.331403,13.014003,13.162369,13.067594,84120612
2012-03-02,13.208778,13.476751,13.095594,13.431402,13.334708,37898478
2012-03-05,13.488037,13.696469,13.317799,13.646385,13.548198,46518041
2012-03-06,13.66058,13.693535,13.177989,13.269817,13.174358,46101941
2012-03-07,13.227374,13.36536,13.125485,13.345527,13.249541,35709539
2012-03-08,13.417971,13.460685,13.236642,13.355445,13.259406,39415302
2012-03-09,13.308832,13.388591,13.101664,13.288676,13.193135,52004128
2012-03-12,13.292406,13.387089,13.194536,13.349661,13.253736,49657327
2012-03-13,13.31485,13.616753,13.286472,13.547131,13.449806,52607358
2012-03-14,13.560522,13.598342,13.498975,13.510746,13.4137,86457279
2012-03-15,13.367952,13.600177,13.211124,13.577098,13.479595,36891143
2012-03-16,13.542197,13.878112,13.482139,13.866017,13.766457,37035389
2012-03-19,13.885682,14.173654,13.722813,14.097328,13.996165,51862728
2012-03-20,14.141409,14.322136,14.043762,14.277803,14.175364,24635936
2012-03-21,14.28347,14.563609,14.270231,14.497543,14.393547,34256548
2012-03-22,14.55845,14.587305,14.458237,14.49621,14.392244,24261344
2012-03-23,14.57942,14.669458,14.134149,14.286729,14.184285,36811405
2012-03-26,14.274979,14.364998,14.154539,14.189355,14.087667,36205944
2012-03-27,14.138045,14.208906,13.818778,13.997778,13.897482,51058939
2012-03-28,14.005525,14.339524,13.814391,14.298172,14.195742,31319860
2012-03-29,14.327204,14.675573,14.302265,14.614643,14.509966,25154829
2012-03-30,14.713195,14.977134,14.648516,14.946314,14.839282,51491596
2012-04-02,14.999332,15.13839,14.806428,14.888703,14.782144,31149167
2012-04-03,15.010604,15.406045,14.907422,15.146807,15.038421,46369022
2012-04-04,15.22366,15.283352,15.066468,15.082022,14.974121,33368628
2012-04-05,15.009101,15.272913,14.937418,15.229937,15.120998,67432274
2012-04-09,15.24728,15.364494,15.186529,15.319312,15.209817,36748400
2012-04-10,15.247973,15.455132,15.162173,15.2817,15.172494,47347663
2012-04-11,15.26181,15.296197,14.908138,15.104861,14.99694,60451602
2012-04-12,15.165685,15.712384,14.986223,15.497516,15.38681,37369329
2012-04-13,15.699121,15.904773,15.41919,15.457649,15.347249,45880543
2012-04-16,15.349659,15.768595,15.183097,15.62459,15.513062,40274495
2012-04-17,15.717943,16.068118,15.688713,15.833834,15.720833,56603590
2012-04-18,15.666428,15.739081,15.530485,15.54925,15.438302,46096736
2012-04-19,15.482391,15.861114,15.375591,15.718632,15.606497,27370253
2012-04-20,15.790694,15.800917,15.487342,15.512689,15.402044,46629594
2012-04-23,15.609691,15.683844,15.450154,15.518795,15.408169,46596678
2012-04-24,15.622874,15.63588,15.23696,15.305661,15.196576,57184679
2012-04-25,15.26983,15.409814,15.200027,15.357013,15.247583,38135866
2012-04-26,15.366606,15.477375,14.930785,15.005283,14.898379,67778561
2012-04-27,14.945211,15.067024,14.901425,15.059591,14.952321,52583716
2012-04-30,14.964262,15.094836,14.819233,15.054962,14.947786,35227138
2012-05-01,15.174528,15.191939,14.850273,15.042721,14.935653,54050341
2012-05-02,14.995456,15.026598,14.825855,14.918474,14.81231,37307900
2012-05-03,14.859838,15.077715,14.751278,14.996368,14.889671,53279726
2012-05-04,15.131763,15.238633,14.811864,15.002993,14.896268,45379026
2012-05-07,14.971574,15.278762,14.887005,15.163033,15.055233,92513877
2012-05-08,15.20836,15.577244,15.113856,15.436753,15.327027,62605453
2012-05-09,15.505605,15.608917,15.389026,15.476886,15.366896,34439844
2012-05-10,15.475463,15.556879,14.914821,14.964313,14.857986,81755334
2012-05-11,14.926432,14.999033,14.900887,14.960999,14.854716,32177572
2012-05-14,14.840702,15.048593,14.769638,15.023587,14.916921,55727293
2012-05-15,14.95566,15.035853,14.932098,14.970363,14.864095,43537665
2012-05-16,15.033996,15.317169,14.911797,15.24538,15.137181,57663509
2012-05-17,15.287904,15.727967,15.266951,15.635692,15.524744,47234491
2012-05-18,15.72503,15.84385,15.419168,15.468372,15.358631,60103360
2012-05-21,15.494763,15.717646,15.328595,15.709135,15.59775,66000535
2012-05-22,15.792147,15.860112,15.673244,15.756629,15.644929,64886167
2012-05-23,15.853332,16.006769,15.813105,15.912253,15.799472,23644079
2012-05-24,15.913819,16.305608,15.879778,16.260686,16.145457,80701501
2012-05-25,16.267674,16.487854,16.203163,16.407904,16.291654,66429339
2012-05-29,16.542819,16.626975,16.19935,16.290724,16.175393,40226306
2012-05-30,16.189858,16.769354,16.021464,16.666066,16.5481,42570392
2012-05-31,16.692978,17.144047,16.662056,17.014114,16.893708,33116080
2012-06-01,17.049886,17.387331,16.955748,17.007397,16.887062,57213712
2012-06-04,16.966499,17.198468,16.859974,17.108071,16.987093,64209990
2012-06-05,16.938992,17.035454,16.900357,17.003467,16.883252,71090688
2012-06-06,17.122138,17.166633,16.273059,16.318219,16.202871,35091319
2012-06-07,16.289124,16.558824,16.198703,16.541361,16.424458,45371946
2012-06-08,16.562546,16.629868,16.50526,16.55624,16.439255,54782854
2012-06-11,16.474624,17.066488,16.296793,16.918934,16.799455,31981715
2012-06-12,16.884032,16.917047,16.567435,16.822104,16.703331,52436463
2012-06-13,16.780935,16.951603,16.591031,16.74137,16.62319,90172312
2012-06-14,16.696526,16.813909,16.204799,16.418245,16.302369,42474624
2012-06-15,16.417122,16.471623,16.320275,16.419179,16.303318,32285823
2012-06-18,16.410884,16.54113,16.386199,16.422836,16.307016,36921987
2012-06-19,16.30597,16.389127,15.981057,16.106176,15.992611,40641274
2012-06-20,16.148478,16.320741,16.028655,16.237962,16.12349,44461744
2012-06-21,16.175838,16.881877,16.097706,16.663826,16.546375,34157061
2012-06-22,16.638498,16.675343,16.487712,16.554186,16.43753,50698140
2012-06-25,16.616505,16.920158,16.538959,16.667621,16.550233,28906421
2012-06-26,16.454808,17.036303,16.400094,16.981816,16.862239,52326669
2012-06-27,16.989161,17.100121,16.79131,16.941945,16.822672,20380487
2012-06-28,17.007232,17.024106,16.440228,16.546929,16.430459,30331942
2012-06-29,16.585993,16.963572,16.343224,16.877727,16.758952,61410999
2012-07-02,16.825717,17.716908,16.709725,17.650446,17.526305,47078442
2012-07-03,17.710766,17.830389,17.654605,17.670131,17.545875,54921387
2012-07-05,17.734811,17.910343,17.41865,17.60512,17.481369,30215090
2012-07-06,17.440715,18.53666,17.353011,18.503698,18.373656,43395724
2012-07-09,18.525744,18.676695,17.673109,17.686815,17.562586,58785667
2012-07-10,17.791019,18.267768,17.65971,18.210685,18.082802,33973737
2012-07-11,17.855427,18.219942,17.45916,17.762913,17.638198,51080540
2012-07-12,17.461461,18.19664,17.208971,18.110183,17.983054,37185733
2012-07-13,17.820879,17.883005,17.335125,17.487124,17.364393,30853044
2012-07-16,17.499935,17.709399,16.483877,16.813012,16.69508,74534840
2012-07-17,16.91352,17.09465,16.534375,16.570613,16.454404,43907335
2012-07-18,16.508061,16.615369,16.208732,16.426034,16.310861,34701262
2012-07-19,16.233957,16.456588,15.429367,15.841743,15.730689,49795817
2012-07-20,15.991625,16.019332,15.239638,15.286585,15.179444,18917257
2012-07-23,15.221696,15.641769,14.374862,14.50163,14.400049,32585381
2012-07-24,14.577166,14.585677,14.465201,14.552847,14.450927,64446399
2012-07-25,14.48193,14.908412,14.423081,14.773535,14.67009,29866980
2012-07-26,14.785425,15.207536,14.730767,15.131824,15.025891,52026486
2012-07-27,15.182314,15.203847,15.042825,15.103329,14.997615,52139388
2012-07-30,14.87378,14.95289,14.812156,14.904214,14.799955,41712721
2012-07-31,14.889948,15.465451,14.766849,15.066093,14.960722,63231903
2012-08-01,15.049905,15.520733,14.941616,15.510338,15.401881,37137858
2012-08-02,15.22304,15.582975,15.159404,15.245936,15.139349,24958200
2012-08-03,15.229188,15.639299,14.640878,15.101189,14.995635,25817249
2012-08-06,15.122944,15.200257,14.781397,14.996129,14.891369,33484110
2012-08-07,14.959431,15.063651,14.869246,15.026601,14.921649,32393496
2012-08-08,15.094026,15.169273,14.958425,14.990093,14.885416,43981349
2012-08-09,14.948055,15.392801,14.890464,15.260247,15.153705,42902344
2012-08-10,15.205693,15.289089,14.724163,14.768411,14.665322,28691942
2012-08-13,14.833129,14.961071,14.220429,14.232123,14.132837,26228183
2012-08-14,14.198122,14.567189,13.647244,13.764366,13.668362,43712720
2012-08-15,13.762117,14.149063,13.246294,13.497005,13.402883,35837005
2012-08-16,13.664237,13.840914,12.918627,12.928317,12.838179,38129497
2012-08-17,12.975082,13.181321,12.723459,12.884477,12.794662,38890061
2012-08-20,13.089782,13.161233,12.53711,12.556751,12.469272,35239027
2012-08-21,12.55649,12.615529,12.287394,12.465872,12.379043,57681073
2012-08-22,12.457864,12.507318,12.093154,12.248319,12.163022,48967404
2012-08-23,12.224609,12.294185,12.197672,12.231353,12.14619,45745178
2012-08-24,12.169069,12.215073,11.928706,12.008555,11.92496,39671562
2012-08-27,11.942425,12.156726,11.894732,12.051273,11.96743,37443241
2012-08-28,12.038087,12.291683,11.93871,12.208907,12.123984,43871168
2012-08-29,12.183913,12.32952,12.167025,12.220045,12.135061,40964952
2012-08-30,12.2662,12.66997,12.182998,12.620372,12.53262,76444723
2012-08-31,12.662742,12.673508,12.614104,12.650014,12.562074,46701241
2012-09-04,12.493312,12.613643,12.468549,12.571246,12.483922,45971278
2012-09-05,12.527963,12.658858,12.367335,12.392839,12.306771,47248216
2012-09-06,12.343927,12.564623,12.179214,12.54647,12.459352,77994970
2012-09-07,12.578987,12.80766,12.349628,12.645449,12.557661,62475755
2012-09-10,12.606761,12.685039,12.513266,12.600019,12.512598,46384726
2012-09-11,12.553079,12.746737,12.354179,12.732756,12.644431,38362064
2012-09-12,12.541663,13.241449,12.37531,13.223445,13.131735,65051229
2012-09-13,13.225715,13.492109,13.205185,13.448599,13.355345,40661751
2012-09-14,13.416253,13.584569,13.297971,13.358895,13.266281,59849789
2012-09-17,13.309514,13.534196,13.251919,13.365154,13.272551,64927218
2012-09-18,13.404733,13.502311,13.195483,13.207076,13.115587,44613078
2012-09-19,13.156612,13.242678,12.881231,12.900282,12.810935,50039876
2012-09-20,12.866889,13.065867,12.37146,12.493467,12.406955,58557368
2012-09-21,12.489373,12.694756,12.424828,12.591483,12.504309,52310505
2012-09-24,12.683451,12.714933,12.603296,12.690249,12.602443,57711024
2012-09-25,12.593082,12.72822,12.49065,12.710107,12.622181,43934908
2012-09-26,12.632278,12.668156,12.352106,12.38809,12.302409,68531774
2012-09-27,12.430771,12.683902,12.320465,12.617617,12.530366,45460437
2012-09-28,12.615238,13.4169,12.489097,13.190408,13.099213,37370230
2012-10-01,13.418568,13.479062,13.079183,13.146855,13.056015,28877210
2012-10-02,13.098671,13.782807,12.915026,13.556856,13.463202,45805824
2012-10-03,13.439684,13.837624,13.334375,13.806246,13.710888,42340699
2012-10-04,13.80112,14.002414,13.705957,13.728769,13.633965,51885478
2012-10-05,13.808376,14.37605,13.783112,14.134933,14.037343,64581309
2012-10-08,14.268268,14.300356,14.056151,14.091734,13.994499,37084198
2012-10-09,14.131339,14.171958,13.405708,13.453072,13.360263,44116438
2012-10-10,13.467242,13.801755,13.406666,13.781319,13.686264,56969318
2012-10-11,13.800612,14.084865,13.602581,13.880139,13.784421,60720302
2012-10-12,13.861607,13.986434,13.488592,13.598398,13.504642,57468772
2012-10-15,13.63459,13.716918,13.367028,13.532993,13.439743,35716595
2012-10-16,13.50254,13.658527,12.976923,13.148765,13.05818,37491410
2012-10-17,13.068195,13.30345,12.603371,12.660126,12.572924,34563386
2012-10-18,12.621032,12.768085,12.550791,12.70215,12.614676,30069687
2012-10-19,12.686939,12.886084,12.636173,12.796808,12.7087,37643127
2012-10-22,12.787299,12.96676,12.708713,12.764439,12.676606,59674085
2012-10-23,12.871105,12.984278,12.689548,12.766928,12.679095,23870470
2012-10-24,12.913459,12.947402,12.647386,12.70367,12.61629,44893246
2012-10-25,12.721061,12.73969,12.618214,12.67172,12.584577,51314686
2012-10-26,12.589106,12.673863,12.561767,12.586666,12.500125,69206643
2012-10-29,12.504743,12.516544,12.436654,12.456341,12.370746,50357821
2012-10-30,12.45762,12.672945,12.433356,12.566557,12.480222,34483164
2012-10-31,12.404652,12.546515,12.289059,12.462951,12.377345,49345478
2012-11-01,12.556058,12.652636,12.449221,12.503744,12.417875,28192747
2012-11-02,12.532777,12.54922,12.330756,12.340663,12.255931,43364333
2012-11-05,12.274117,12.294057,12.192341,12.256239,12.172136,45882457
2012-11-06,12.216047,12.244808,11.702074,11.84612,11.764847,31013589
2012-11-07,12.002931,12.347842,11.741956,11.776589,11.69581,40780546
2012-11-08,11.628034,11.816638,11.552496,11.768804,11.688094,63189778
2012-11-09,11.851878,11.984038,11.643761,11.684284,11.60417,59251428
2012-11-12,11.65866,11.699713,11.41626,11.449517,11.371058,59530690
2012-11-13,11.399122,11.42205,11.394336,11.417071,11.33885,29663520
2012-11-14,11.291755,11.457597,11.056868,11.071386,10.995549,66219574
2012-11-15,11.164974,11.276347,11.133327,11.138046,11.061768,31857154
2012-11-16,11.053869,11.31596,11.032458,11.290444,11.213137,48497630
2012-11-19,11.354073,11.369384,11.103157,11.128701,11.052547,80470453
2012-11-20,11.184009,11.426121,11.06442,11.376997,11.299159,30732057
2012-11-21,11.247332,11.79512,11.212275,11.641767,11.562134,42566387
2012-11-23,11.751253,12.139885,11.745712,11.981868,11.899941,46036344
2012-11-26,12.035233,12.055013,11.714624,11.723439,11.643327,32267331
2012-11-27,11.745783,11.862059,11.548254,11.637881,11.55837,49416951
2012-11-28,11.710509,12.017705,11.678409,11.915287,11.833896,46365663
2012-11-29,12.025952,12.301687,11.960187,12.274198,12.190372,36379185
2012-11-30,12.259863,12.336571,11.985987,11.992266,11.910382,59313696
2012-12-03,12.071512,12.167817,11.974692,11.993997,11.912151,30376374
2012-12-04,12.00551,12.017559,11.843166,11.989905,11.908103,53201420
2012-12-05,12.028914,12.465588,11.885935,12.406793,12.322163,57746604
2012-12-06,12.316706,12.396835,12.168139,12.229358,12.145955,90136701
2012-12-07,12.094508,12.796864,12.03524,12.644914,12.558694,52731657
2012-12-10,12.66007,12.806031,12.504964,12.616675,12.530699,18629107
2012-12-11,12.615665,12.728021,12.417153,12.700433,12.613904,34765738
2012-12-12,12.518205,12.944208,12.422004,12.788382,12.701271,42495121
2012-12-13,12.714319,12.986502,12.618245,12.955235,12.867005,58567306
2012-12-14,12.876588,13.275552,12.837126,13.108408,13.019152,37479037
2012-12-17,13.093233,13.181758,12.886625,12.997818,12.909369,68505841
2012-12-18,13.022393,13.089857,12.811334,12.868523,12.780971,37802011
2012-12-19,12.917805,12.98301,12.846482,12.8759,12.788315,69232049
2012-12-20,12.953682,13.36858,12.944445,13.254834,13.16469,35270248
2012-12-21,13.120517,13.291805,12.986021,13.067408,12.978556,41131381
2012-12-24,13.045401,13.113153,12.987653,13.00115,12.912802,54046950
2012-12-26,13.016018,13.0515,12.517236,12.589975,12.504455,88476925
2012-12-27,12.434238,12.507727,12.044421,12.054902,11.973033,84269228
2012-12-28,12.098573,12.230973,12.04041,12.082372,12.000333,31871517
2012-12-31,12.172329,12.332702,11.883246,11.946965,11.865894,70328859
2013-01-02,11.880965,12.408675,11.874142,12.37374,12.289807,42242055
2013-01-03,12.47475,12.554463,11.749892,12.01184,11.930378,73361520
2013-01-04,11.966162,12.278841,11.919199,12.16963,12.087114,41881037
2013-01-07,12.276555,12.477788,12.059493,12.091726,12.009788,40723637
2013-01-08,12.149091,12.470403,12.018653,12.379245,12.295375,135032512
2013-01-09,12.468882,12.68785,12.288845,12.34168,12.258081,26563906
2013-01-10,12.409901,12.451841,12.059785,12.379302,12.295466,44961351
2013-01-11,12.460642,12.682231,11.86684,11.903439,11.822842,38132256
2013-01-14,11.705084,12.276494,11.600571,12.164796,12.082479,66791999
2013-01-15,12.257901,12.612956,12.106278,12.565114,12.480105,37454324
2013-01-16,12.578199,12.813768,11.951467,12.059192,11.977622,51893381
2013-01-17,12.061936,12.816437,11.989407,12.69934,12.613457,46086972
2013-01-18,12.837778,12.848684,12.745351,12.791223,12.704736,56155336
2013-01-22,12.759566,13.06861,12.706821,12.924849,12.837529,40432431
2013-01-23,12.893122,13.001327,12.744766,12.878722,12.791731,47271525
2013-01-24,12.720003,13.123894,12.650156,13.028492,12.940507,41796806
2013-01-25,13.0213,13.034232,12.684559,12.770527,12.684302,25848603
2013-01-28,12.838326,12.957271,12.284426,12.316681,12.23357,38531706
2013-01-29,12.24366,12.315255,12.059746,12.194693,12.112422,34626479
2013-01-30,12.248812,12.37242,11.550558,11.653039,11.574438,46832086
2013-01-31,11.678806,11.878157,11.650344,11.738844,11.65968,37439096
2013-02-01,11.64256,12.080928,11.571078,12.003219,11.922289,60005411
2013-02-04,12.153619,12.207848,11.929031,11.936985,11.85655,43766884
2013-02-05,12.024613,12.132699,12.014172,12.074284,11.99294,60789824
2013-02-06,12.05463,12.227718,12.031906,12.091415,12.009972,27585419
2013-02-07,12.035841,12.331464,11.951944,12.210457,12.128229,24079938
2013-02-08,12.204632,12.259581,12.120559,12.222687,12.140393,44885344
2013-02-11,12.171756,12.263303,12.141813,12.244152,12.161764,36030384
2013-02-12,12.308456,12.34767,12.225713,12.251414,12.168994,61477659
2013-02-13,12.378223,12.578885,12.367603,12.561402,12.476913,74739446
2013-02-14,12.5847,12.933697,12.470673,12.782153,12.696197,23971811
2013-02-15,12.843363,12.931847,12.790812,12.890861,12.804191,34479037
2013-02-19,12.907304,13.045956,12.892669,12.962755,12.875672,36921753
2013-02-20,12.850337,12.930384,12.534369,12.753611,12.667951,46907039
2013-02-21,12.822774,13.119294,12.742362,13.014391,12.926997,50544356
2013-02-22,13.02488,13.101004,12.757568,12.88813,12.801601,57780569
2013-02-25,12.82583,12.884783,12.714929,12.87639,12.789993,56378273
2013-02-26,12.858049,13.295168,12.792154,13.203767,13.115191,27057967
2013-02-27,13.29448,13.788699,13.227736,13.530687,13.439936,40160896
2013-02-28,13.572986,13.655541,13.401002,13.433697,13.343615,58456044
2013-03-01,13.353271,13.429397,13.329964,13.402194,13.312341,54691529
2013-03-04,13.436644,13.457704,12.985109,13.089221,13.00152,100001858
2013-03-05,12.995382,13.082007,12.972478,13.06687,12.979337,57953144
2013-03-06,13.025335,13.334151,12.88358,13.21718,13.128658,50821991
2013-03-07,13.204816,13.505759,13.181991,13.407911,13.31813,33350348
2013-03-08,13.258586,13.708225,13.217998,13.662803,13.571333,74399219
2013-03-11,13.677865,13.977649,13.548729,13.92713,13.833948,41252294
2013-03-12,13.936597,14.031459,13.446173,13.499722,13.409418,50181428
2013-03-13,13.516053,13.774623,13.50804,13.707936,13.616257,61205752
2013-03-14,13.589997,14.236802,13.567034,14.211209,14.116183,45312562
2013-03-15,14.26927,14.461513,13.759742,13.981878,13.888405,41749047
2013-03-18,13.956381,14.023479,13.748581,14.008475,13.914881,24373240
2013-03-19,14.113715,14.144778,13.938233,14.046934,13.953103,56851306
2013-03-20,14.082249,14.153071,13.8292,14.13684,14.042427,40067686
2013-03-21,14.207964,14.43192,13.995091,14.029391,13.935715,52273836
2013-03-22,14.115919,14.350883,14.02611,14.080593,13.986594,44884555
2013-03-25,14.058359,14.368547,14.040297,14.286775,14.191458,30048578
2013-03-26,14.257083,14.285241,13.946726,14.105174,14.011088,57045445
2013-03-27,14.074541,14.618764,13.871186,14.454798,14.358399,39930124
2013-03-28,14.491872,14.682893,14.186689,14.419196,14.323054,46094971
2013-04-01,14.493226,14.632423,14.374335,14.590286,14.493083,35611477
2013-04-02,14.357245,14.644689,14.264091,14.538269,14.441432,40256046
2013-04-03,14.507497,14.860102,14.450731,14.68038,14.582617,59513695
2013-04-04,14.639928,14.760754,14.381677,14.561156,14.464207,39415483
2013-04-05,14.665245,14.706416,14.103487,14.13793,14.043817,43767185
2013-04-08,14.218054,14.414636,13.885682,13.950234,13.857428,39334958
2013-04-09,13.836021,14.121793,13.66413,14.052306,13.95884,32519083
2013-04-10,13.947572,14.218014,13.854972,14.074466,13.980872,41498349
2013-04-11,13.939584,14.310873,13.829881,14.240521,14.145842,47324201
2013-04-12,14.243835,14.253076,14.038509,14.137202,14.043229,65798757
2013-04-15,14.000672,14.625451,13.977282,14.479921,14.383729,48226898
2013-04-16,14.507762,14.524222,14.13431,14.240222,14.145641,30934564
2013-04-17,14.291553,14.523073,14.22232,14.382547,14.28704,65564873
2013-04-18,14.333901,14.417716,14.081206,14.098845,14.005242,96583241
2013-04-19,14.16073,14.370857,14.118633,14.191695,14.097494,48265671
2013-04-22,14.12485,14.789926,14.116042,14.605945,14.509055,66356090
2013-04-23,14.579078,14.648883,14.129299,14.402162,14.306643,29539400
2013-04-24,14.486011,14.93965,14.350963,14.849035,14.750573,57896646
2013-04-25,14.70289,15.226218,14.62886,15.184467,15.083801,46431294
2013-04-26,15.303978,15.384957,14.497979,14.566125,14.469579,47120835
2013-04-29,14.532496,14.690397,14.080709,14.263767,14.169282,54811824
2013-04-30,14.268623,14.634272,14.172966,14.574113,14.477593,47095010
2013-05-01,14.568205,14.7938,14.452669,14.625856,14.529013,48818562
2013-05-02,14.636461,15.082779,14.55669,15.069325,14.969565,35787183
2013-05-03,15.075038,15.253954,14.959804,14.996662,14.897405,33780463
2013-05-06,14.997087,15.192685,14.943437,15.171661,15.071307,25835844
2013-05-07,15.272945,15.325835,14.929891,15.001339,14.902131,57892807
2013-05-08,15.150083,15.285755,14.786036,14.899394,14.800881,46032127
2013-05-09,14.872417,15.43537,14.774725,15.358684,15.257156,31494509
2013-05-10,15.278952,15.299024,15.26883,15.288208,15.187167,51814612
2013-05-13,15.321902,15.650653,15.139181,15.543425,15.44076,25319326
2013-05-14,15.573071,15.974761,15.374337,15.784379,15.680144,40474130
2013-05-15,15.942562,16.226254,15.705792,15.746396,15.642433,34460439
2013-05-16,15.716049,15.765313,15.087938,15.249013,15.148355,50602206
2013-05-17,15.271886,15.533132,15.23576,15.442861,15.340944,47638231
2013-05-20,15.366837,15.811006,15.182773,15.799929,15.69572,63697470
2013-05-21,15.798492,15.905265,15.522451,15.539862,15.437389,67232728
2013-05-22,15.437173,15.592723,15.297437,15.418878,15.317224,43415460
2013-05-23,15.335655,15.485233,15.323184,15.438652,15.336889,46995396
2013-05-24,15.487947,15.670484,15.102684,15.293732,15.192945,53291948
2013-05-28,15.210441,15.268168,15.102039,15.154708,15.05492,42834106
2013-05-29,15.394509,15.5875,14.894178,15.021685,14.922793,59131403
2013-05-30,15.197837,15.241055,14.832406,14.85082,14.753073,30231189
2013-05-31,15.066708,15.11663,14.817887,14.854687,14.756935,36418954
2013-06-03,14.891179,15.117854,14.814319,14.852986,14.755306,32812533
2013-06-04,14.799771,15.050928,14.722558,15.044608,14.945688,35127782
2013-06-05,15.044033,15.206894,15.010697,15.178596,15.078815,52029004
2013-06-06,15.080117,15.347696,15.055782,15.246861,15.146652,43920152
2013-06-07,15.316152,15.40601,15.176834,15.226671,15.126615,25128351
2013-06-10,15.149298,15.264221,14.796739,14.909516,14.811606,45047062
2013-06-11,14.908843,15.203568,14.856959,15.085116,14.986073,32399217
2013-06-12,15.133643,15.616824,15.01233,15.585359,15.483053,84002967
2013-06-13,15.574795,16.009096,15.48748,15.857925,15.753851,31495766
2013-06-14,15.865502,16.073041,15.568277,15.818499,15.714706,49008451
2013-06-17,15.700342,15.769239,15.383521,15.436921,15.335694,73549425
2013-06-18,15.482934,15.63629,15.303203,15.49802,15.396413,28493904
2013-06-19,15.416365,15.52932,14.821292,15.00448,14.906129,32596878
2013-06-20,14.985154,15.080298,14.823673,14.844376,14.747095,40289143
2013-06-21,14.839329,14.879876,14.70635,14.868126,14.77071,53918210
2013-06-24,14.74072,14.850312,14.652662,14.691818,14.595617,34688737
2013-06-25,14.573667,15.241517,14.53176,15.112675,15.013739,65918180
2013-06-26,15.151818,15.258414,15.038602,15.075973,14.977298,54649892
2013-06-27,15.147724,15.154866,14.541734,14.733057,14.636646,53040320
2013-06-28,14.724715,14.823116,14.596023,14.721267,14.624953,34336542
2013-07-01,14.665619,14.767527,14.441879,14.578051,14.482733,38833123
2013-07-02,14.55201,14.654488,14.289931,14.557615,14.462451,27603741
2013-07-03,14.556615,15.017586,14.443899,14.918032,14.820533,42401386
2013-07-05,14.880341,15.388862,14.758247,15.153651,15.054652,29475981
2013-07-08,15.162876,15.563569,15.041213,15.482108,15.381027,59452776
2013-07-09,15.501669,15.746058,15.471856,15.634996,15.532938,28668628
2013-07-10,15.734626,15.819096,15.635403,15.708749,15.606231,40919215
2013-07-11,15.74657,15.785862,15.256978,15.430269,15.329589,25537926
2013-07-12,15.452327,15.510152,15.167796,15.368425,15.26817,52274599
2013-07-15,15.386102,15.530954,15.235108,15.47936,15.378444,28044197
2013-07-16,15.441661,15.621787,15.322295,15.485148,15.384216,55656884
2013-07-17,15.569616,15.62716,15.062378,15.130213,15.031615,46473980
2013-07-18,14.990627,15.09117,14.707818,14.722677,14.626755,40025564
2013-07-19,14.734742,14.921983,14.728193,14.793213,14.696851,38630441
2013-07-22,14.79793,15.246451,14.772277,14.910245,14.813182,46482921
2013-07-23,14.955917,15.061571,14.926476,14.951021,14.853712,27406208
2013-07-24,14.87891,14.924074,14.382404,14.545483,14.450834,33233648
2013-07-25,14.408175,14.649755,14.312528,14.618161,14.523059,47917350
2013-07-26,14.606322,14.756849,14.592125,14.606931,14.511922,53562257
2013-07-29,14.562285,14.670218,14.489693,14.544985,14.450438,30521114
2013-07-30,14.522337,14.634866,14.334266,14.564253,14.4696,59704557
2013-07-31,14.665193,14.984889,14.643768,14.923569,14.826601,71196781
2013-08-01,14.922688,15.015246,14.79023,14.966399,14.869173,48279313
2013-08-02,14.989773,15.086308,14.924639,14.997061,14.899656,47965611
2013-08-05,14.754925,15.049871,14.670932,14.945215,14.848209,39048912
2013-08-06,14.953516,14.986525,14.642481,14.698234,14.60285,55069538
2013-08-07,14.753979,15.033927,14.665392,14.998623,14.90131,54139964
2013-08-08,14.99261,15.014812,14.970634,14.990886,14.893644,68178774
2013-08-09,14.991486,15.45882,14.934259,15.177645,15.079213,44676819
2013-08-12,15.027803,15.037456,14.924878,14.978711,14.88163,43226304
2013-08-13,14.8645,15.312525,14.794228,15.118196,15.020231,59695598
2013-08-14,15.21145,15.266066,15.032045,15.223338,15.124712,37233365
2013-08-15,15.221475,15.364754,15.064714,15.349483,15.250061,47097100
2013-08-16,15.350367,15.389413,14.732069,14.906842,14.810308,115088286
2013-08-19,14.828031,15.013518,14.62298,14.930656,14.834028,89095810
2013-08-20,14.83485,15.046887,14.718733,15.026438,14.92921,49914515
2013-08-21,15.056913,15.629059,15.036464,15.582545,15.481741,77834276
2013-08-22,15.547645,15.671658,15.492238,15.62929,15.528205,34653279
2013-08-23,15.650857,15.658036,15.575844,15.595391,15.494546,49343520
2013-08-26,15.648954,15.710764,15.332063,15.399823,15.300306,22683167
2013-08-27,15.433909,15.879623,15.349024,15.857995,15.755538,43507049
2013-08-28,15.757106,15.836451,15.476095,15.518771,15.418527,30709795
2013-08-29,15.399097,15.618522,15.202968,15.521289,15.42105,71178906
2013-08-30,15.418347,15.636978,15.398608,15.519825,15.419616,38093218
2013-09-03,15.622653,15.707735,15.224714,15.23185,15.133583,46377868
2013-09-04,15.355764,15.652722,14.960707,15.065487,14.968314,58703035
2013-09-05,15.013783,15.126704,14.792476,15.089707,14.992398,31767152
2013-09-06,15.09361,15.866924,15.003631,15.716064,15.614738,47838057
2013-09-09,15.598812,15.77061,15.555123,15.663849,15.562924,35542799
2013-09-10,15.674837,16.035712,15.389991,15.627064,15.526396,63624429
2013-09-11,15.572584,15.621599,15.469983,15.481203,15.381496,36518244
2013-09-12,15.311664,15.498853,15.220715,15.414428,15.315172,61445296
2013-09-13,15.329652,15.565682,15.16751,15.523993,15.424053,54806715
2013-09-16,15.532257,15.633355,15.201108,15.338867,15.240182,36801674
2013-09-17,15.291426,15.36991,15.066632,15.096351,14.999246,66643014
2013-09-18,15.093999,15.275418,14.720625,14.753579,14.658699,44654084
2013-09-19,14.784232,15.413904,14.737736,15.28298,15.184716,65112781
2013-09-20,15.245864,15.372083,15.219279,15.33976,15.241152,34323282
2013-09-23,15.353959,15.430444,15.005703,15.060261,14.963511,55172023
2013-09-24,14.929582,15.140527,14.854642,15.064598,14.967841,35615826
2013-09-25,15.094943,15.190844,15.01999,15.16213,15.064767,35514567
2013-09-26,15.10231,15.360035,15.003456,15.317094,15.218756,32520182
2013-09-27,15.394918,15.460665,15.173009,15.187835,15.090348,46457867
2013-09-30,15.190752,15.390953,15.130149,15.330503,15.232163,57927839
2013-10-01,15.220363,15.521551,15.180531,15.487462,15.388136,35207976
2013-10-02,15.448967,16.024431,15.279543,15.956661,15.854348,49941239
2013-10-03,15.903078,16.206597,15.894265,16.160659,16.05706,63205622
2013-10-04,16.22265,16.424092,16.205435,16.325131,16.2205,65940928
2013-10-07,16.343046,16.879869,16.200751,16.779787,16.67231,36307356
2013-10-08,16.71894,16.797312,16.513326,16.713799,16.606768,42278834
2013-10-09,16.718489,16.846024,16.66776,16.748611,16.641379,33581469
2013-10-10,16.70436,16.829919,16.613912,16.776273,16.668887,57888542
2013-10-11,16.898652,17.186983,16.726127,16.861657,16.753748,33573257
2013-10-14,16.857938,16.969142,16.775226,16.781972,16.674641,46477586
2013-10-15,16.794216,17.137423,16.777387,17.074004,16.964829,18720655
2013-10-16,16.999987,17.449973,16.828185,17.41258,17.301263,66699294
2013-10-17,17.313756,17.652004,17.206628,17.56899,17.456697,60381927
2013-10-18,17.599688,17.734077,17.377145,17.452464,17.34094,28314857
2013-10-21,17.449725,17.516196,17.067651,17.11251,17.003228,79553554
2013-10-22,17.363828,17.387167,16.558025,16.764373,16.657337,39435055
2013-10-23,16.637379,16.646616,16.47414,16.578468,16.472641,65920817
2013-10-24,16.527487,16.683044,16.421538,16.603289,16.497326,70793230
2013-10-25,16.688283,16.711732,16.335792,16.517119,16.411729,39611007
2013-10-28,16.453758,16.660335,16.416911,16.608911,16.503003,52884331
2013-10-29,16.75061,16.885577,16.625771,16.748917,16.642139,48636876
2013-10-30,16.68986,16.871768,16.500375,16.716903,16.610352,48978000
2013-10-31,16.739968,16.810683,16.519027,16.645204,16.539132,47059387
2013-11-01,16.68356,16.707116,16.278365,16.462198,16.357315,34083495
2013-11-04,16.511635,16.850718,16.361263,16.676807,16.570625,47895478
2013-11-05,16.810201,17.046621,16.670115,16.996463,16.888269,55372636
2013-11-06,17.047276,17.11213,16.802846,16.943222,16.835389,47164698
2013-11-07,16.620462,17.395991,16.436839,16.909126,16.801534,41972505
2013-11-08,16.915926,17.304335,16.679886,17.05654,16.948033,45328535
2013-11-11,17.107984,17.706444,17.081214,17.578431,17.466676,40341545
2013-11-12,17.973831,17.982199,17.556316,17.909326,17.795492,29172841
2013-11-13,17.764823,19.201727,17.471335,18.827595,18.707949,63484139
2013-11-14,18.403225,20.076894,18.264617,19.891785,19.765404,77237356
2013-11-15,19.458284,20.471655,19.306467,20.157315,20.029274,46056424
2013-11-18,19.823463,20.188428,19.793652,19.871874,19.745728,33518955
2013-11-19,19.7525,20.192009,18.700369,18.949328,18.829063,45836904
2013-11-20,19.110233,19.233749,18.675262,18.944984,18.824772,37771022
2013-11-21,18.834145,20.310807,18.653489,19.640099,19.515504,35189222
2013-11-22,19.293787,19.601751,19.219172,19.418435,19.295273,30871672
2013-11-25,19.574722,19.770909,18.610072,19.022014,18.901443,33903021
2013-11-26,18.582116,20.784669,18.526377,20.644922,20.514092,61508500
2013-11-27,20.868302,22.34325,20.348703,22.142698,22.002407,22987265
2013-11-29,22.39464,22.820687,21.735772,21.90772,21.768977,59446507
2013-12-02,21.402666,21.703623,20.773776,20.917093,20.784709,40360719
2013-12-03,21.132053,22.637606,20.699231,21.65662,21.519585,44593806
2013-12-04,21.552121,21.712558,21.084086,21.696275,21.559019,43676226
2013-12-05,21.553079,23.399743,21.422224,22.56523,22.422508,29762595
2013-12-06,22.374873,22.905956,22.010174,22.772459,22.628457,37653621
2013-12-09,22.46596,23.206246,21.99732,23.072146,22.926343,31156191
2013-12-10,22.654056,24.18306,22.550731,23.889799,23.738861,51913009
2013-12-11,23.974179,24.247785,22.84951,23.021557,22.876136,52157658
2013-12-12,23.099429,23.762847,22.58155,23.546787,23.398081,37215694
2013-12-13,23.809027,24.950052,23.624465,24.753999,24.597703,54332784
2013-12-16,25.06474,25.457917,22.360816,23.066781,22.921232,40846992
2013-12-17,22.877495,23.031916,22.469428,22.715362,22.57206,30543914
2013-12-18,22.229479,22.984432,21.95283,22.629618,22.486889,52433773
2013-12-19,22.282281,22.371095,20.532088,20.840688,20.70927,38131288
2013-12-20,21.209707,21.333716,20.250776,20.31921,20.191108,41367335
2013-12-23,20.53478,21.209724,18.053922,18.76773,18.649486,43749648
2013-12-24,19.184156,21.316546,18.990443,20.90866,20.776956,68533170
2013-12-26,21.244382,21.296787,19.805711,20.298144,20.17034,43379494
2013-12-27,20.186765,20.258873,19.060151,20.019602,19.893579,82604801
2013-12-30,20.01693,20.328574,19.288889,19.466257,19.343797,34090956
2013-12-31,20.130259,20.432391,18.433477,18.708379,18.590712,32205124
2014-01-02,18.595246,18.930172,18.423475,18.845841,18.727361,23008689
2014-01-03,18.704166,18.738843,18.065532,18.224226,18.109679,50516312
2014-01-06,18.347083,18.69537,18.091736,18.602321,18.485473,57401447
2014-01-07,18.81573,19.841932,18.134696,19.817226,19.692774,44137971
2014-01-08,19.954317,20.545345,18.560715,18.750404,18.632677,53944515
2014-01-09,19.000842,19.030749,17.803912,18.386983,18.271563,66631557
2014-01-10,18.298817,18.591315,18.236825,18.533338,18.417025,44759301
2014-01-13,18.235313,20.1964,17.814171,19.857726,19.733182,69571720
2014-01-14,19.574089,20.646733,19.554773,20.058685,19.932908,45756644
2014-01-15,19.888091,20.121841,19.304216,19.350628,19.229317,40904338
2014-01-16,19.528503,20.195511,19.430193,19.846197,19.721806,23957662
2014-01-17,20.086182,20.499102,19.394603,19.634626,19.511588,30911099
2014-01-21,19.571018,20.540923,19.442384,19.896989,19.772415,55126614
2014-01-22,20.119858,20.508226,18.59875,18.762567,18.645121,54105709
2014-01-23,18.581774,19.279869,17.637612,17.771835,17.660615,34606610
2014-01-24,17.545181,18.760008,17.428937,18.233993,18.119905,34519379
2014-01-27,18.666625,19.10288,18.614293,18.726405,18.609313,41897650
2014-01-28,19.061894,19.55138,17.245786,17.31411,17.205872,46807357
2014-01-29,17.300246,17.87774,17.032004,17.621364,17.511229,40133412
2014-01-30,17.555005,17.784512,16.869578,17.02676,16.920364,94596350
2014-01-31,16.64447,17.127107,16.523319,16.833727,16.728561,43110561
2014-02-03,16.971419,16.993829,16.29041,16.689082,16.584888,31729188
2014-02-04,16.829095,16.868026,16.089589,16.172501,16.071554,34273958
2014-02-05,16.027487,17.35428,15.864925,16.874524,16.769218,44080757
2014-02-06,16.621642,16.974123,16.188104,16.860119,16.754926,32760490
2014-02-07,16.605484,16.736819,16.352199,16.394028,16.291765,31593549
2014-02-10,16.705495,16.72732,15.883901,15.907353,15.808191,41496697
2014-02-11,16.126724,16.369627,15.074055,15.529998,15.433209,24546090
2014-02-12,15.455728,15.531117,15.38237,15.389368,15.293477,48703058
2014-02-13,15.269357,16.056627,15.166514,15.670678,15.573056,37663274
2014-02-14,15.760188,16.088978,14.804263,14.86098,14.768421,81636064
2014-02-18,14.933462,15.163797,14.405941,14.573168,14.482481,67654201
2014-02-19,14.881313,15.138064,13.844489,13.905798,13.819283,53864618
2014-02-20,14.147251,14.489526,13.340224,13.401191,13.317834,50582591
2014-02-21,13.322119,13.592924,12.81817,12.985247,12.904494,58858547
2014-02-24,13.016871,13.206331,12.810831,13.124822,13.043255,26903410
2014-02-25,13.138154,13.166817,12.878733,12.995984,12.915236,54679805
2014-02-26,13.075911,13.233599,12.954618,13.061873,12.980733,33771686
2014-02-27,13.115229,13.152858,12.789684,12.817936,12.738329,32106100
2014-02-28,12.807233,12.972072,12.486314,12.520181,12.44244,51289957
2014-03-03,12.51054,12.647284,12.178312,12.552355,12.474465,38770183
2014-03-04,12.238975,12.400064,12.05377,12.37783,12.30104,45749872
2014-03-05,12.316163,12.506313,12.124995,12.465333,12.388017,64522695
2014-03-06,12.637751,13.020758,12.622935,12.892547,12.812599,36538336
2014-03-07,12.972217,13.077505,12.607226,12.687884,12.609223,61950323
2014-03-10,12.648172,13.097458,12.419192,12.517544,12.43999,42678108
2014-03-11,12.385026,12.499867,12.058851,12.163542,12.088198,44333353
2014-03-12,12.478573,12.668853,11.763021,11.908085,11.834339,30888327
2014-03-13,11.7655,11.964835,11.454667,11.820087,11.746902,29892109
2014-03-14,11.749545,11.874782,11.288519,11.348534,11.278285,40615297
2014-03-17,11.330614,11.359369,11.228373,11.302383,11.232465,53423433
2014-03-18,11.329071,12.115404,11.317729,11.958027,11.88407,43050273
2014-03-19,11.848467,12.785971,11.648944,12.346659,12.270314,32786599
2014-03-20,12.231565,12.867857,12.056146,12.670632,12.592302,79963611
2014-03-21,12.777491,12.909521,12.676089,12.881577,12.80196,47733377
2014-03-24,12.903241,13.08486,12.431524,12.648833,12.570706,62565284
2014-03-25,12.859972,13.039772,12.814761,12.844967,12.765646,46785480
2014-03-26,12.500921,13.094103,12.336536,12.84272,12.763431,28889493
2014-03-27,12.903733,13.30661,12.676391,13.203921,13.122419,60819529
2014-03-28,13.36367,13.382581,12.451823,12.732652,12.654077,70218245
2014-03-31,12.879524,13.059668,12.825727,12.859295,12.77999,48602149
2014-04-01,13.013239,13.071926,12.574747,12.714712,12.636316,48180500
2014-04-02,12.761588,12.90723,12.300551,12.514873,12.437727,40274139
2014-04-03,12.574486,12.706257,12.256549,12.446111,12.369406,56123854
2014-04-04,12.306276,12.538024,12.219145,12.325748,12.249801,57008058
2014-04-07,12.344811,12.498313,12.184838,12.226767,12.15148,57337863
2014-04-08,11.997807,12.273173,11.909239,12.091725,12.017286,46945111
2014-04-09,12.195066,12.358147,12.063061,12.221642,12.14642,48434500
2014-04-10,12.024254,12.946472,11.600643,12.826775,12.747846,42954093
2014-04-11,12.879947,13.570387,12.796045,13.20052,13.119309,37412228
2014-04-14,13.054189,13.177779,12.586287,12.664147,12.586287,35344000
2014-04-15,12.804418,12.908494,12.557033,12.749895,12.671525,33782162
2014-04-16,12.548492,13.049886,12.508492,12.761045,12.682624,50126234
2014-04-17,12.992811,13.255846,11.933051,11.999596,11.925871,25511546
2014-04-21,12.188444,12.316135,11.772201,11.934155,11.860897,46302219
2014-04-22,12.014523,12.048937,11.605646,11.81748,11.744954,51366989
2014-04-23,11.750839,12.264521,11.524297,12.200776,12.125915,26249844
2014-04-24,12.036122,12.148641,11.591971,11.716077,11.644205,39084781
2014-04-25,11.812493,12.073325,11.104136,11.122323,11.05411,71433659
2014-04-28,11.084341,11.282726,10.987711,11.238026,11.169148,44493424
2014-04-29,11.226698,11.579355,11.215742,11.283418,11.214277,52916606
2014-04-30,11.236163,11.250493,9.885744,10.176,10.113659,40609688
2014-05-01,10.12609,10.798801,10.114359,10.758856,10.692959,36991514
2014-05-02,11.009857,11.044494,10.810713,10.962885,10.895753,36294713
2014-05-05,10.830468,11.20933,10.618856,11.026866,10.959388,54242597
2014-05-06,11.25827,11.297748,11.027268,11.155936,11.087683,22318013
2014-05-07,11.022635,11.53408,10.797769,11.227355,11.15868,84247401
2014-05-08,11.348098,11.384911,11.029559,11.116659,11.048676,30033863
2014-05-09,11.089051,11.287096,11.071519,11.267599,11.198709,39396528
2014-05-12,11.258556,11.516463,11.169898,11.410138,11.340422,66474837
2014-05-13,11.468609,11.727859,11.449025,11.635323,11.564248,28513997
2014-05-14,11.605396,11.951926,11.550797,11.89779,11.825127,52891449
2014-05-15,11.919104,12.101828,11.706595,12.014598,11.941239,32501013
2014-05-16,12.1527,12.439102,12.093538,12.353846,12.278432,37303763
2014-05-19,12.412301,12.596957,12.284911,12.357936,12.282548,44480641
2014-05-20,12.41162,12.697246,12.312127,12.587446,12.510674,58915802
2014-05-21,12.656064,13.057833,12.639088,12.938146,12.859253,48794583
2014-05-22,12.871375,13.298824,12.730996,13.26271,13.181856,42690337
2014-05-23,13.225581,13.420746,13.18798,13.39604,13.314392,54739089
2014-05-27,13.322022,13.701135,13.296298,13.631565,13.548555,67070965
2014-05-28,13.60359,13.747663,13.590631,13.623593,13.54065,29131748
2014-05-29,13.678443,14.060786,13.567684,13.94153,13.85667,44565759
2014-05-30,13.868964,13.984582,13.542909,13.643878,13.560849,51693857
2014-06-02,13.676821,13.942631,13.373382,13.528174,13.445905,30687104
2014-06-03,13.49343,13.818225,13.466992,13.644959,13.561998,33533008
2014-06-04,13.775614,13.842703,13.370718,13.415528,13.33398,39510030
2014-06-05,13.495893,13.620872,13.43234,13.600262,13.517609,39159210
2014-06-06,13.609182,13.903429,13.492745,13.881041,13.796701,37604912
2014-06-09,13.882806,13.997715,13.845506,13.970326,13.8855,73130271
2014-06-10,14.039183,14.105086,13.910346,13.946739,13.862076,45169342
2014-06-11,14.010768,14.045345,13.554561,13.667546,13.584596,42804631
2014-06-12,13.583193,13.697267,13.514809,13.670478,13.587529,59561299
2014-06-13,13.661604,13.894381,13.590018,13.879098,13.794902,48631935
2014-06-16,13.960825,14.390371,13.915307,14.304559,14.21784,54185158
2014-06-17,14.392757,14.723521,14.295871,14.602651,14.514145,45304134
2014-06-18,14.547301,15.133277,14.43605,14.956519,14.865889,36689312
2014-06-19,14.879093,15.39553,14.870052,15.306941,15.214208,44174163
2014-06-20,15.394149,15.435624,15.181004,15.407955,15.314631,42046793
2014-06-23,15.554439,15.643062,14.759723,14.908195,14.817959,58712517
2014-06-24,15.002201,15.565758,14.757814,15.354622,15.261705,45717408
2014-06-25,15.307796,16.669085,15.258204,16.383831,16.284708,49739713
2014-06-26,16.258557,16.337074,15.948055,16.007304,15.91048,62036715
2014-06-27,16.06413,16.388402,16.013408,16.341302,16.24248,38671100
2014-06-30,16.40903,17.20064,16.307426,16.936138,16.833788,73956220
2014-07-01,16.832248,17.185651,16.681213,16.987806,16.885168,56155983
2014-07-02,17.055049,17.61344,17.003917,17.600426,17.494109,33833956
2014-07-03,17.438563,17.60204,17.347425,17.449811,17.344428,42252375
2014-07-07,17.441408,17.516486,16.918612,17.22273,17.118812,34766685
2014-07-08,17.005727,17.01783,16.428588,16.714997,16.614166,48752294
2014-07-09,16.640003,16.685901,16.279181,16.32133,16.222896,66729124
2014-07-10,16.257734,16.358794,16.06703,16.3004,16.202114,43213694
2014-07-11,16.026132,17.223225,15.979957,16.969478,16.867181,57006147
2014-07-14,17.231653,17.381678,15.777189,15.886487,15.790784,51601736
2014-07-15,15.922983,16.071411,15.423384,15.440512,15.347516,69309632
2014-07-16,15.48145,15.912594,15.462658,15.742588,15.647794,28329230
2014-07-17,15.701295,15.958394,15.437636,15.48514,15.391918,51917495
2014-07-18,15.465102,15.517805,15.156099,15.318367,15.226169,73769866
2014-07-21,15.13687,15.908601,15.113585,15.827033,15.731838,37560428
2014-07-22,15.764328,16.125055,15.685762,16.037686,15.941246,36606273
2014-07-23,16.128064,16.314443,15.969019,16.104132,16.007315,41258561
2014-07-24,16.05548,16.338754,15.847281,16.220359,16.122865,32938725
2014-07-25,16.114903,16.321548,15.565081,15.645894,15.551874,43496667
2014-07-28,15.581874,16.18177,15.541313,15.98239,15.886413,62258825
2014-07-29,16.035812,16.138689,15.748162,15.902023,15.80655,53625796
2014-07-30,15.946272,16.183681,15.795288,16.004026,15.907963,36432700
2014-07-31,15.991941,16.465118,15.853131,16.241894,16.144425,44233066
2014-08-01,16.261185,16.348574,15.762923,15.968123,15.872319,60124426
2014-08-04,16.016875,16.114893,15.842809,15.967728,15.871991,26632140
2014-08-05,15.800242,16.026884,15.508966,15.999819,15.903911,54734659
2014-08-06,16.000504,16.231256,15.714606,15.738578,15.644258,43853992
2014-08-07,15.790612,15.939443,15.145713,15.193528,15.102495,45207755
2014-08-08,15.163524,15.315325,14.934066,15.137155,15.046481,41116178
2014-08-11,15.166252,15.618622,15.150925,15.298803,15.207222,24997060
2014-08-12,15.265763,15.317533,14.928467,15.07724,14.987006,56455804
2014-08-13,15.14309,15.297267,14.663692,14.784032,14.695573,44534857
2014-08-14,14.642352,15.057797,14.606925,14.967994,14.878455,60681095
2014-08-15,14.807182,14.816238,14.734219,14.796639,14.708145,40066097
2014-08-18,14.787102,14.913359,14.270492,14.346682,14.260938,19864399
2014-08-19,14.313755,14.588622,14.305975,14.549638,14.4627,32707462
2014-08-20,14.620402,14.840065,14.533604,14.767537,14.679318,53730098
2014-08-21,14.750078,15.125517,14.579425,14.867279,14.778484,31438204
2014-08-22,14.826768,15.189193,14.734759,15.099988,15.009824,28356873
2014-08-25,15.201796,15.279014,15.074629,15.189743,15.099105,45030675
2014-08-26,15.213931,15.268948,14.813256,14.940223,14.851094,77504309
2014-08-27,15.031744,15.117995,14.960579,15.028471,14.938836,32793941
2014-08-28,14.962144,15.163048,14.856389,14.879559,14.790833,41145854
2014-08-29,14.974493,15.013875,14.219605,14.377978,14.292262,36530558
2014-09-02,14.435446,15.114363,14.366938,14.92664,14.837734,66737875
2014-09-03,14.82372,15.579848,14.804543,15.57347,15.480732,84139413
2014-09-04,15.512861,15.638767,15.471986,15.521385,15.428979,70238088
2014-09-05,15.535256,15.889875,15.485975,15.797202,15.703175,28100697
2014-09-08,15.80729,15.910998,15.323276,15.534682,15.442282,41204542
2014-09-09,15.380213,15.840638,15.365109,15.733972,15.640408,47851139
2014-09-10,15.974174,16.139102,15.852611,16.088408,15.992758,49761662
2014-09-11,16.186449,16.210153,15.641139,15.749526,15.655912,70017722
2014-09-12,15.519481,15.54672,15.213959,15.387807,15.296364,53340594
2014-09-15,15.356302,16.007876,15.273533,15.889532,15.795172,44035539
2014-09-16,15.890523,15.996789,15.747165,15.767629,15.674015,38883635
2014-09-17,15.823514,16.268175,15.79326,16.245301,16.148873,64054167
2014-09-18,16.136645,16.874346,16.05752,16.643549,16.544779,42038648
2014-09-19,16.698562,16.81,16.56561,16.744829,16.645481,32901394
2014-09-22,16.740919,17.070276,16.6222,16.986937,16.886222,44894793
2014-09-23,16.975668,17.112621,16.458667,16.545834,16.447756,31702762
2014-09-24,16.506723,16.550649,16.24096,16.26026,16.163898,36518871
2014-09-25,16.230231,16.397394,16.161117,16.314666,16.218003,44822322
2014-09-26,16.34371,16.375096,16.184193,16.195611,16.099676,24724446
2014-09-29,16.148637,16.351808,16.095512,16.309506,16.212963,45388915
2014-09-30,16.162502,16.50218,16.152134,16.484851,16.387292,58139743
2014-10-01,16.508425,16.536507,16.164339,16.221223,16.125247,41370801
2014-10-02,16.223907,16.788785,16.166214,16.714773,16.615899,55700763
2014-10-03,16.690264,16.72424,16.669297,16.685037,16.586362,66436255
2014-10-06,16.615016,16.941826,16.455565,16.806435,16.707111,41374740
2014-10-07,16.929479,17.291301,16.733318,17.274746,17.172677,59585641
2014-10-08,17.237123,17.720882,17.220865,17.709081,17.60447,57947109
2014-10-09,17.760945,18.030582,17.681225,17.895376,17.789689,35244740
2014-10-10,17.85265,18.103101,17.810726,18.070486,17.96379,37406701
2014-10-13,18.134261,18.392971,18.069307,18.250202,18.142519,27729561
2014-10-14,18.150413,18.817029,18.102744,18.760399,18.649731,54455678
2014-10-15,18.68448,18.788346,18.57281,18.639046,18.529119,34014781
2014-10-16,18.723114,18.831164,18.522973,18.573473,18.463958,41346127
2014-10-17,18.719949,19.118693,18.652126,18.97553,18.863671,40305180
2014-10-20,18.994598,19.429612,18.875253,19.41563,19.301255,31394727
2014-10-21,19.45065,19.52488,19.394735,19.468225,19.353567,50807760
2014-10-22,19.516027,19.682434,19.499826,19.660359,19.544596,54724626
2014-10-23,19.616385,19.783134,19.339383,19.766848,19.650485,27410859
2014-10-24,19.71429,19.798433,19.368788,19.388111,19.274004,36411566
2014-10-27,19.499446,19.612973,19.379862,19.540374,19.425451,34678025
2014-10-28,19.636605,19.723839,18.800822,18.978909,18.867313,87126105
2014-10-29,19.015129,19.447025,18.991583,19.311636,19.19811,45576164
2014-10-30,19.259637,19.313299,19.001855,19.010506,18.898777,34334698
2014-10-31,18.858072,19.340673,18.665278,19.298322,19.184927,59281222
2014-11-03,19.478256,19.719334,18.973287,19.139799,19.027414,32618552
2014-11-04,19.246114,19.489186,18.560303,18.748004,18.637945,64241143
2014-11-05,18.897729,18.929817,18.224744,18.400029,18.292037,47028140
2014-11-06,18.33348,18.450001,18.301608,18.380885,18.273031,41163036
2014-11-07,18.28048,18.991475,18.241379,18.928078,18.817039,26524485
2014-11-10,18.748562,19.114102,18.730792,19.004215,18.892807,47639971
2014-11-11,19.128773,19.165116,18.94396,18.9842,18.872935,26058283
2014-11-12,18.904264,19.631822,18.801702,19.333612,19.220326,61149516
2014-11-13,19.231898,19.298322,18.924458,19.189088,19.076675,52189028
2014-11-14,19.12574,19.527489,19.111673,19.31119,19.198087,47588111
2014-11-17,19.415426,19.436929,18.687066,18.728022,18.618411,41701465
2014-11-18,18.907797,18.995197,18.439791,18.603626,18.494769,37006975
2014-11-19,18.476508,18.960506,18.464874,18.751397,18.6417,41038761
2014-11-20,18.596052,18.785942,18.487647,18.690242,18.580928,28212237
2014-11-21,18.6861,18.965434,18.62779,18.835953,18.725814,42820621
2014-11-24,18.864608,19.679391,18.779441,19.54639,19.432176,38868016
2014-11-25,19.54935,19.74128,19.498814,19.642079,19.527333,36230443
2014-11-26,19.673011,19.712985,19.34016,19.414224,19.300835,31743550
2014-11-28,19.389043,19.611477,19.263188,19.586975,19.47263,37991422
2014-12-01,19.604906,19.876568,19.382357,19.723609,19.608548,45975758
2014-12-02,19.616956,19.896674,19.571812,19.844302,19.728563,45323418
2014-12-03,19.7417,19.809701,19.373732,19.435325,19.321998,22307272
2014-12-04,19.578051,19.69882,19.394359,19.42675,19.313499,36881175
2014-12-05,19.417907,19.483076,18.999039,19.314386,19.201817,30078301
2014-12-08,19.543876,19.672948,18.883012,18.978096,18.867564,43683647
2014-12-09,19.044032,19.322368,18.022837,18.180664,18.074801,70438520
2014-12-10,18.067042,18.163697,17.579502,17.63711,17.534436,67292990
2014-12-11,17.622084,18.142788,17.597497,17.967269,17.862698,63138072
2014-12-12,17.79161,17.907093,17.426882,17.488417,17.386656,31864236
2014-12-15,17.525642,18.229156,17.307424,18.075145,17.970044,32938407
2014-12-16,18.426213,18.716654,18.108838,18.138254,18.032811,24516251
2014-12-17,18.149739,18.162698,17.493289,17.731865,17.628809,78574170
2014-12-18,17.806083,17.936524,17.052611,17.146433,17.046802,97837417
2014-12-19,17.420492,17.649086,16.482986,16.620708,16.524155,77288912
2014-12-22,16.585963,16.620209,16.299277,16.364478,16.269481,55303261
2014-12-23,16.317679,17.347912,16.167726,17.222715,17.122758,33717780
2014-12-24,17.360393,17.404104,16.089356,16.33045,16.235694,30859524
2014-12-26,16.20951,16.240452,15.997018,16.054919,15.961806,47714456
2014-12-29,16.31437,16.466938,15.665807,15.910255,15.818046,22199190
2014-12-30,15.849549,15.980612,15.4072,15.833925,15.742179,30400240
2014-12-31,16.017032,16.175055,15.581584,16.062014,15.968969,39407263
2015-01-02,16.168003,16.333405,15.290366,15.505471,15.415692,28470859
2015-01-05,15.439004,15.687988,14.675841,14.868697,14.782666,42079094
2015-01-06,15.109094,15.249415,14.814904,14.902763,14.816555,35648609
2015-01-07,14.841124,15.489074,14.650223,15.398097,15.309045,35693859
2015-01-08,15.401351,15.896743,15.363577,15.882629,15.790796,54895649
2015-01-09,16.13801,16.202655,15.522782,15.578252,15.4882,26964538
2015-01-12,15.628745,15.680516,15.160665,15.537494,15.447741,38401316
2015-01-13,15.706627,15.844741,14.537429,14.690412,14.605572,37474019
2015-01-14,14.72037,15.221088,13.453581,13.639461,13.56071,48850384
2015-01-15,13.659164,13.839395,13.433153,13.806783,13.727084,72968545
2015-01-16,13.805863,13.906439,13.440765,13.511351,13.433376,37865933
2015-01-20,13.494997,13.774795,13.202026,13.368014,13.290938,43322223
2015-01-21,13.373616,13.496527,13.200982,13.445205,13.367703,45133350
2015-01-22,13.242935,13.716545,13.112246,13.655255,13.576561,56494493
2015-01-23,13.663716,13.736265,13.198808,13.26653,13.190094,31669684
2015-01-26,13.288494,13.41325,13.038121,13.366694,13.289736,45680342
2015-01-27,13.381404,13.398252,12.967072,13.032001,12.956987,27874801
2015-01-28,13.097056,13.353121,12.730347,12.763584,12.690132,32826878
2015-01-29,12.737223,13.070169,12.681989,12.785564,12.712004,33168032
2015-01-30,12.874449,12.969749,12.665994,12.816603,12.742881,68355784
2015-02-02,12.679605,12.827384,12.404126,12.821414,12.747717,44096594
2015-02-03,12.878746,13.03584,12.212708,12.309053,12.238318,70464430
2015-02-04,12.213309,12.585018,12.156489,12.505129,12.433284,42341560
2015-02-05,12.49641,12.742443,12.375882,12.697353,12.624421,20425157
2015-02-06,12.655554,12.696297,12.359754,12.467981,12.396384,79990056
2015-02-09,12.561664,12.63132,12.070259,12.254938,12.184614,45580746
2015-02-10,12.363733,12.499852,12.325157,12.47459,12.403022,43481825
2015-02-11,12.432862,12.575456,11.854761,12.114075,12.044592,50942605
2015-02-12,12.12451,12.407957,12.100887,12.328605,12.257908,70927210
2015-02-13,12.273169,12.635594,12.229621,12.624572,12.552195,50051545
2015-02-17,12.683983,12.784969,12.338853,12.401229,12.330201,55812237
2015-02-18,12.33242,12.653176,12.130703,12.444037,12.37278,44189642
2015-02-19,12.499823,12.834948,12.493746,12.660725,12.588244,48984050
2015-02-20,12.928726,13.116926,12.81907,12.882064,12.808334,28764227
2015-02-23,12.8132,13.124603,12.654813,12.987809,12.913527,33045993
2015-02-24,12.884028,13.013187,12.83617,12.876263,12.802636,34127514
2015-02-25,12.939104,13.20487,12.761836,13.135295,13.060205,63656520
2015-02-26,13.016358,13.729134,12.946624,13.558821,13.481328,38232981
2015-02-27,13.642896,13.881611,13.619259,13.818381,13.739424,49712754
2015-03-02,13.89833,13.944257,13.537445,13.626209,13.548406,49998195
2015-03-03,13.567284,13.664205,13.350112,13.427798,13.351146,38724325
2015-03-04,13.341705,13.670761,13.24152,13.527318,13.450116,40648129
2015-03-05,13.412041,14.03392,13.406665,13.812829,13.734016,39785494
2015-03-06,13.779551,13.80058,13.611698,13.754715,13.676253,29459828
2015-03-09,13.64484,13.772999,13.440368,13.691252,13.613208,35154145
2015-03-10,13.787825,13.82582,13.571667,13.614874,13.537283,38341669
2015-03-11,13.635308,13.996194,13.534397,13.987216,13.907522,30210434
2015-03-12,13.943296,13.970573,13.686674,13.811187,13.732515,36529806
2015-03-13,13.847179,13.904614,13.630619,13.66089,13.583093,48752444
2015-03-16,13.562673,13.637064,13.496948,13.523875,13.446913,40653622
2015-03-17,13.509484,13.550578,13.259657,13.318435,13.242661,44663487
2015-03-18,13.443774,13.545203,13.218923,13.280704,13.205162,74912722
2015-03-19,13.386057,13.482376,13.244217,13.287713,13.212149,63606005
2015-03-20,13.208816,13.408751,13.187494,13.394649,13.318496,30371656
2015-03-23,13.291731,13.915419,13.24602,13.806959,13.728518,64322589
2015-03-24,13.84683,13.956266,13.814747,13.926281,13.847181,43234709
2015-03-25,13.933935,14.118758,13.918552,13.993857,13.914393,35793897
2015-03-26,14.085434,14.51155,14.027954,14.309114,14.227878,54029659
2015-03-27,14.32323,14.418074,14.270573,14.384153,14.302511,49945496
2015-03-30,14.437781,14.618859,14.268186,14.300307,14.219199,46185571
2015-03-31,14.288114,14.355074,13.897627,14.02366,13.94414,54624878
2015-04-01,13.977915,14.00844,13.596356,13.698345,13.620689,49799342
2015-04-02,13.720473,13.971821,13.680408,13.686838,13.609265,53512659
2015-04-06,13.643961,13.922294,13.486259,13.605581,13.528543,44098583
2015-04-07,13.608688,13.777691,13.490468,13.530481,13.453887,40783663
2015-04-08,13.50197,13.614412,13.494014,13.596462,13.519513,45653742
2015-04-09,13.511725,13.61257,13.385325,13.591409,13.514507,47369262
2015-04-10,13.536518,13.807266,13.422912,13.658116,13.580856,33805335
2015-04-13,13.720263,13.856176,13.46765,13.639005,13.561908,38552902
2015-04-14,13.668074,13.697091,13.343267,13.55394,13.477343,67402613
2015-04-15,13.660021,13.787527,13.263064,13.393943,13.318268,41912082
2015-04-16,13.511644,13.562587,13.146094,13.204729,13.13014,88562400
2015-04-17,13.190714,13.367227,13.044732,13.146825,13.072582,46174909
2015-04-20,13.10081,13.202434,12.961014,13.195499,13.121034,33551440
2015-04-21,13.159377,13.176091,12.919113,13.103553,13.029626,41232770
2015-04-22,13.166216,13.343739,13.049732,13.278332,13.203436,31505011
2015-04-23,13.432836,13.535556,13.330174,13.423046,13.347353,54120040
2015-04-24,13.408697,13.474512,13.365939,13.443138,13.36735,38033145
2015-04-27,13.529879,13.768228,13.438096,13.752145,13.67467,52106393
2015-04-28,13.726487,13.975154,13.698154,13.898434,13.820154,67071933
2015-04-29,13.82265,14.032279,13.704163,14.015282,13.936364,38704137
2015-04-30,14.049644,14.129229,13.865148,14.082207,14.002931,32675306
2015-05-01,14.07247,14.216411,13.970188,14.070521,13.991329,29806665
2015-05-04,14.15675,14.224823,13.961536,14.104804,14.025478,46450786
2015-05-05,14.068246,14.179889,14.048073,14.144657,14.065125,53227474
2015-05-06,14.062925,14.215865,13.723781,13.821302,13.743607,27289455
2015-05-07,13.896072,14.053212,13.569217,13.69996,13.622966,42876355
2015-05-08,13.742347,14.040975,13.656865,13.99367,13.915045,38290274
2015-05-11,13.86502,14.288681,13.853481,14.163776,14.084253,49121109
2015-05-12,14.209007,14.272545,14.02178,14.228615,14.148746,47761574
2015-05-13,14.232891,14.5695,14.09947,14.517308,14.435839,50810504
2015-05-14,14.517737,14.662206,14.40305,14.653654,14.57144,50162607
2015-05-15,14.69683,14.781658,14.648728,14.654775,14.572574,51687697
2015-05-18,14.608522,14.653844,14.370222,14.447768,14.366788,58311176
2015-05-19,14.507987,14.619378,14.2063,14.250205,14.170352,46676380
2015-05-20,14.155527,14.34584,14.12794,14.295983,14.215892,51348777
2015-05-21,14.321046,14.472513,13.79847,13.89858,13.820734,66116254
2015-05-22,13.883975,14.131507,13.83492,14.073061,13.994257,30993943
2015-05-26,14.189669,14.355836,14.004551,14.249337,14.169624,56523407
2015-05-27,14.259618,14.291213,14.198962,14.232106,14.152509,23334615
2015-05-28,14.277823,14.484379,14.227078,14.420656,14.340024,32839559
2015-05-29,14.27763,14.356737,14.208121,14.260061,14.180347,46672343
2015-06-01,14.266209,14.297471,14.033992,14.135541,14.05658,45272720
2015-06-02,14.237492,14.264437,14.192532,14.250298,14.170715,55099761
2015-06-03,14.292545,14.609665,14.282064,14.46404,14.383284,38611318
2015-06-04,14.465595,14.695272,14.275514,14.435601,14.355023,50084194
2015-06-05,14.374924,14.499765,14.318205,14.353119,14.273021,65613200
2015-06-08,14.514212,14.520225,14.290369,14.316856,14.237019,40633213
2015-06-09,14.280713,14.623383,14.267379,14.576998,14.49573,28600383
2015-06-10,14.665865,14.673203,14.546537,14.572198,14.490976,51676643
2015-06-11,14.523733,14.721687,14.496159,14.560661,14.479524,58823126
2015-06-12,14.573269,14.605764,14.522082,14.548866,14.467814,35477107
2015-06-15,14.678936,14.933133,13.985873,14.064772,13.986475,60017982
2015-06-16,14.037512,14.145106,13.924767,13.964165,13.886446,44333256
2015-06-17,14.012176,14.217826,14.005307,14.137636,14.058971,46480454
2015-06-18,14.053038,14.258616,13.883147,14.201103,14.122104,33803170
2015-06-19,14.19557,14.390049,14.165106,14.318599,14.238967,44627411
2015-06-22,14.263306,14.526165,14.252915,14.462362,14.381989,41299745
2015-06-23,14.515371,14.610805,14.509471,14.530713,14.44998,50257845
2015-06-24,14.476741,14.611572,14.282563,14.309743,14.230257,41765029
2015-06-25,14.392675,14.7526,14.281572,14.649983,14.568627,43571148
2015-06-26,14.591283,14.876037,14.568109,14.833058,14.750705,29952269
2015-06-29,14.8268,14.871346,14.635825,14.674352,14.592941,52554182
2015-06-30,14.73859,15.055048,14.6961,14.84485,14.762513,43005417
2015-07-01,14.925035,15.170841,14.826657,14.840427,14.758134,29712859
2015-07-02,14.770023,14.979819,14.623266,14.957594,14.874672,48913811
2015-07-06,14.902344,15.160803,14.842549,15.057383,14.97399,30687294
2015-07-07,15.086293,15.151331,14.509747,14.851501,14.769268,44743879
2015-07-08,14.886738,14.956574,14.710117,14.795694,14.71379,57147703
2015-07-09,14.922567,14.963493,14.017921,14.143337,14.065065,63919289
2015-07-10,14.18719,14.224292,13.910019,13.942238,13.865097,49848163
2015-07-13,13.91728,14.58792,13.801016,14.408903,14.329239,51465156
2015-07-14,14.489808,14.518016,14.370814,14.423515,14.34379,39054718
2015-07-15,14.33195,14.88002,14.224952,14.710035,14.628746,39547867
2015-07-16,14.714541,14.778117,14.619991,14.692305,14.611134,32984369
2015-07-17,14.55583,14.734516,14.462186,14.530315,14.450059,62955560
2015-07-20,14.516037,14.590091,13.944721,13.996193,13.918944,78511056
2015-07-21,13.976924,14.568546,13.883928,14.259215,14.180534,50469973
2015-07-22,14.182022,14.665708,14.092374,14.544283,14.464048,21557910
2015-07-23,14.579244,14.848586,14.399861,14.412815,14.333325,38675865
2015-07-24,14.374146,14.436975,14.088263,14.19901,14.120719,68998464
2015-07-27,14.290424,14.410337,14.192732,14.326357,14.247422,51845004
2015-07-28,14.33973,14.346118,14.251035,14.287845,14.209142,53460521
2015-07-29,14.366839,14.383764,14.012173,14.103724,14.026054,63958183
2015-07-30,14.159267,14.230521,13.915209,13.942746,13.865982,87249088
2015-07-31,13.923625,14.158739,13.828531,14.017502,13.940345,65086772
2015-08-03,13.979625,14.175301,13.921554,14.112442,14.03482,70251347
2015-08-04,14.089273,14.354086,14.027707,14.263685,14.185251,61246731
2015-08-05,14.365514,14.407634,13.808283,13.898873,13.822464,34687878
2015-08-06,13.946588,14.215623,13.79803,14.069027,13.991702,52989520
2015-08-07,13.985972,14.451447,13.974733,14.379532,14.30052,37899276
2015-08-10,14.428842,14.501143,14.276175,14.332888,14.25419,72377314
2015-08-11,14.323321,14.496644,14.313423,14.370361,14.291478,34181860
2015-08-12,14.526971,14.575603,14.395954,14.516935,14.437267,29954654
2015-08-13,14.566449,15.136849,14.405156,15.086464,15.00369,29921455
2015-08-14,15.019107,15.2101,14.66625,14.794444,14.713293,56457203
2015-08-17,14.785494,15.044219,14.697701,15.009486,14.927216,57073376
2015-08-18,14.968058,15.09521,14.85541,15.086724,15.004052,62554901
2015-08-19,15.207749,15.385056,14.455899,14.473014,14.393724,73830855
2015-08-20,14.379977,14.788299,14.274927,14.648299,14.568069,44104034
2015-08-21,14.796839,14.917669,14.476952,14.640374,14.560208,31811152
2015-08-24,14.673493,14.839212,14.206738,14.563284,14.483599,48043807
2015-08-25,14.470558,15.210952,14.288017,15.119167,15.036461,57703890
2015-08-26,15.007133,15.04667,14.580168,14.739943,14.659332,66536707
2015-08-27,14.647195,14.775015,14.629077,14.724949,14.64444,44165262
2015-08-28,14.653787,14.684529,13.783912,13.889865,13.81394,45728452
2015-08-31,13.751747,14.171904,13.689399,14.121963,14.044828,56613550
2015-09-01,14.080894,14.219152,13.921946,14.089321,14.012383,43807590
2015-09-02,14.071271,14.233248,14.043218,14.132266,14.055113,45261866
2015-09-03,14.093466,14.533022,14.06571,14.527053,14.447764,39276425
2015-09-04,14.587311,14.716241,14.348387,14.549444,14.470053,52635445
2015-09-08,14.516942,14.529561,14.393199,14.513194,14.434079,35900335
2015-09-09,14.297982,14.658595,14.097775,14.502827,14.423789,45230461
2015-09-10,14.68519,14.967408,14.12999,14.330937,14.252855,51224243
2015-09-11,14.341436,14.606136,14.204084,14.523483,14.444372,31275126
2015-09-14,14.386014,14.759787,14.316258,14.727173,14.647012,49275609
2015-09-15,14.606089,14.688743,14.552189,14.640593,14.560924,56754854
2015-09-16,14.685116,14.931679,14.665138,14.856207,14.775385,38343973
2015-09-17,14.908353,15.058026,14.820295,14.935644,14.85441,62489931
2015-09-18,14.964996,14.972756,14.872593,14.946219,14.864948,55140130
2015-09-21,15.038413,15.494453,14.698131,15.377168,15.293616,50852713
2015-09-22,15.438686,15.588501,15.306687,15.51426,15.429984,36818107
2015-09-23,15.598378,15.604747,14.703598,14.806929,14.726516,59324541
2015-09-24,14.732148,14.785488,14.213151,14.36555,14.287553,40163252
2015-09-25,14.490263,14.509097,14.297971,14.400756,14.322588,40273412
2015-09-28,14.20201,14.786266,14.164947,14.641498,14.562083,35926222
2015-09-29,14.583811,15.101555,14.484693,15.05496,14.973323,47492331
2015-09-30,14.983401,15.143054,14.961115,15.117509,15.035553,36631361
2015-10-01,15.133585,15.209787,14.9201,14.982216,14.901014,18749426
2015-10-02,14.984554,15.126108,14.488411,14.681545,14.601993,34795605
2015-10-05,14.785889,14.809809,14.353576,14.522656,14.444024,124734708
2015-10-06,14.704855,14.800927,14.303583,14.439883,14.361719,33652170
2015-10-07,14.306095,15.137484,14.221082,14.889759,14.80918,51314801
2015-10-08,14.803971,15.616465,14.578722,15.445569,15.362003,60189629
2015-10-09,15.444397,15.699321,15.391786,15.65904,15.57434,30296703
2015-10-12,15.437442,15.726722,15.377581,15.634184,15.549683,65274763
2015-10-13,15.693425,15.755299,15.500448,15.553466,15.469422,23257042
2015-10-14,15.541439,15.707884,15.47464,15.620581,15.536195,39590048
2015-10-15,15.744407,15.98209,15.299498,15.514185,15.430396,47012702
2015-10-16,15.626645,16.333834,15.609025,16.276294,16.18841,54182612
2015-10-19,16.296392,16.434649,15.793042,15.860791,15.775216,47272753
2015-10-20,15.664503,15.753877,15.504704,15.59826,15.514122,32752243
2015-10-21,15.530688,16.209097,15.224133,16.102815,16.015978,33688304
2015-10-22,15.894365,16.611544,15.860274,16.547169,16.457958,56514340
2015-10-23,16.440115,16.485881,16.222685,16.359404,16.271227,60268677
2015-10-26,16.363939,16.824022,16.356634,16.662953,16.573209,59604129
2015-10-27,16.641395,16.860722,16.559545,16.667912,16.578163,34088102
2015-10-28,16.605553,16.992025,16.54913,16.911298,16.820262,46758501
2015-10-29,16.760686,16.933025,16.704814,16.903607,16.812636,58561343
2015-10-30,17.043222,17.082737,16.578666,16.714589,16.624658,33412614
2015-11-02,16.83478,16.931644,16.13207,16.347024,16.259137,26602241
2015-11-03,16.355648,16.419998,15.995324,16.219479,16.1323,32429286
2015-11-04,16.216149,16.449099,16.133422,16.439289,16.350951,30784107
2015-11-05,16.524091,16.725422,16.377792,16.474279,16.385776,41464991
2015-11-06,16.385972,16.843605,16.276118,16.820994,16.730651,57522511
2015-11-09,17.006381,17.153035,16.664366,16.75067,16.660773,40768365
2015-11-10,16.769014,16.819318,16.42996,16.621147,16.531968,28684849
2015-11-11,16.541458,17.057199,16.471399,16.798965,16.708854,39485953
2015-11-12,16.741577,17.119311,16.443882,16.901721,16.811082,49364458
2015-11-13,16.843129,17.48226,16.79781,17.441186,17.347678,55068057
2015-11-16,17.298908,17.578871,16.704422,16.874413,16.784012,50804874
2015-11-17,16.722565,17.638275,16.589718,17.548147,17.454161,44846516
2015-11-18,17.387636,18.331499,17.268967,18.225693,18.128103,29186867
2015-11-19,18.210345,18.521615,17.969648,17.987809,17.891517,44099667
2015-11-20,18.186765,18.513124,17.70755,17.989853,17.893574,58934616
2015-11-23,17.871493,18.423855,17.751023,18.328732,18.230714,22012901
2015-11-24,18.16303,18.297322,17.784654,18.288524,18.190747,64180445
2015-11-25,18.424507,18.809964,18.147532,18.588395,18.48904,51188719
2015-11-27,18.466912,18.795561,18.396411,18.718168,18.618171,45577098
2015-11-30,18.956788,19.120772,18.375508,18.47019,18.371592,50220897
2015-12-01,18.379672,18.854753,18.290046,18.631356,18.531923,68095185
2015-12-02,18.527046,18.886959,17.758448,17.943044,17.847309,42008143
2015-12-03,17.852901,18.029059,17.417076,17.658435,17.564243,43625969
2015-12-04,17.759674,17.971948,17.353245,17.460743,17.367629,38061492
2015-12-07,17.414429,17.66426,17.306525,17.619228,17.525341,58019373
2015-12-08,17.549518,17.906406,17.375557,17.685367,17.591152,31687344
2015-12-09,17.657081,17.71231,17.235742,17.52312,17.429793,61560139
2015-12-10,17.885568,18.109098,17.422032,17.639569,17.545646,47067547
2015-12-11,17.565741,17.687328,17.059987,17.364029,17.271596,67458786
2015-12-14,17.489178,17.642185,17.331412,17.358148,17.265818,43269889
2015-12-15,17.404466,17.542438,17.186496,17.248675,17.15695,47216962
2015-12-16,17.190151,17.348879,17.033412,17.13314,17.042053,43466339
2015-12-17,17.091653,17.237132,16.393846,16.63501,16.546594,55665913
2015-12-18,16.650987,17.00093,16.270553,16.907191,16.817351,34995843
2015-12-21,16.744983,16.954633,16.489094,16.605246,16.517078,48229657
2015-12-22,16.57056,16.599676,16.306303,16.374055,16.287137,40882335
2015-12-23,16.399886,16.764899,16.327825,16.638058,16.549762,51132691
2015-12-24,16.532662,16.583748,16.285162,16.393324,16.306349,36225054
2015-12-28,16.266419,16.295098,16.100771,16.130343,16.044851,51559648
2015-12-29,16.087874,16.290063,16.077814,16.217364,16.131433,52415877
2015-12-30,16.366521,16.431499,16.206792,16.378391,16.291629,40414441
2015-12-31,16.34977,16.810241,16.23774,16.621025,16.533,53477953
2016-01-04,16.738517,16.812875,16.014801,16.160985,16.075485,84498914
2016-01-05,16.161888,16.311322,16.152294,16.25959,16.17359,81379415
2016-01-06,16.281558,16.87994,16.1907,16.738521,16.650011,35835309
2016-01-07,16.683843,16.957831,16.639612,16.911005,16.821605,24803044
2016-01-08,16.94413,17.270199,16.750928,17.057444,16.967294,61935627
2016-01-11,17.095545,17.125996,16.926278,17.110799,17.020436,44511255
2016-01-12,17.134438,17.160391,16.608959,16.700616,16.612443,31872680
2016-01-13,16.727952,17.102381,16.651219,16.916844,16.827552,28647863
2016-01-14,17.034933,17.092791,16.991525,17.018364,16.928559,53162859
2016-01-15,16.896119,17.118069,16.747785,17.00451,16.914802,69007670
2016-01-19,16.942341,16.990695,16.629595,16.742697,16.654461,62938908
2016-01-20,16.807504,17.350416,16.677807,17.317569,17.226327,37480205
2016-01-21,17.10664,17.40169,17.099493,17.14547,17.055158,51544526
2016-01-22,17.126095,17.473986,16.781896,16.818592,16.730025,31972466
2016-01-25,16.869212,17.012447,16.770594,16.780884,16.692584,57054801
2016-01-26,16.748373,16.800214,16.257846,16.554296,16.467211,54772019
2016-01-27,16.629309,16.718314,16.439497,16.646835,16.559285,48627349
2016-01-28,16.575527,17.301713,16.455177,17.149714,17.059543,97433860
2016-01-29,17.085493,17.239422,16.976018,17.210431,17.119964,41022517
2016-02-01,17.225324,17.235143,16.527626,16.570538,16.483503,45615328
2016-02-02,16.418497,16.802047,16.352325,16.65119,16.563754,56859328
2016-02-03,16.581579,16.615843,16.35612,16.561399,16.474457,59445697
2016-02-04,16.518171,16.773614,16.348957,16.73759,16.649745,53027547
2016-02-05,16.826606,17.011654,16.262249,16.337795,16.252071,35257208
2016-02-08,16.445214,16.465463,15.939134,16.031716,15.947663,34077160
2016-02-09,16.040162,16.076065,15.520428,15.608645,15.526832,50138305
2016-02-10,15.650668,15.818862,15.381388,15.408105,15.327364,70294599
2016-02-11,15.345701,15.481295,15.077943,15.335131,15.254793,38228359
2016-02-12,15.263868,15.533327,15.190803,15.383406,15.302837,48306185
2016-02-16,15.225083,15.842568,15.200273,15.759069,15.676618,44603744
2016-02-17,15.698869,15.782912,15.685173,15.740263,15.657931,33047891
2016-02-18,15.838926,16.035241,15.303865,15.442708,15.361954,57166031
2016-02-19,15.376535,15.706895,15.331383,15.698215,15.616146,61917821
2016-02-22,15.685909,15.940621,15.637648,15.851612,15.768806,28163516
2016-02-23,15.873009,16.061706,15.853166,15.954921,15.871597,28341451
2016-02-24,16.022453,16.043396,15.705807,15.726655,15.644545,54560112
2016-02-25,15.753517,15.780591,15.686977,15.741541,15.659375,85170374
2016-02-26,15.72221,15.957949,15.625753,15.891488,15.808561,44012613
2016-02-29,15.933847,16.077579,15.892279,16.056502,15.972779,71065673
2016-03-01,16.056201,16.0883,15.991771,16.062298,15.978567,32173539
2016-03-02,15.997502,16.11155,15.822131,15.911041,15.82812,60863161
2016-03-03,15.81465,15.85948,15.289745,15.567552,15.486442,32072108
2016-03-04,15.490838,15.765663,15.478562,15.733396,15.651443,55600417
2016-03-07,15.64622,15.774609,15.615713,15.665583,15.584048,48113477
2016-03-08,15.543673,15.570975,15.367406,15.387607,15.307539,54485898
2016-03-09,15.344778,15.400544,14.994453,15.084231,15.005763,65766825
2016-03-10,15.013202,15.057508,14.79265,14.824578,14.74748,54315587
2016-03-11,14.962514,14.977124,14.759045,14.824117,14.747042,27953523
2016-03-14,14.918842,15.00825,14.879849,14.918123,14.84062,39057864
2016-03-15,14.997426,15.011538,14.773778,14.902499,14.825098,28720312
2016-03-16,14.851747,15.129696,14.80299,14.96454,14.886836,36572614
2016-03-17,14.943729,15.215533,14.875478,15.093991,15.015636,40719588
2016-03-18,15.005094,15.170958,14.899385,15.143717,15.065125,28686804
2016-03-21,15.200507,15.355415,15.118663,15.323704,15.24424,51014507
2016-03-22,15.294863,15.452323,15.247995,15.334785,15.255285,55818298
2016-03-23,15.375498,15.579787,15.288419,15.501598,15.421254,52426509
2016-03-24,15.57042,15.727843,15.401029,15.538863,15.458347,49938890
2016-03-28,15.516351,15.594693,15.183534,15.344528,15.265102,40763277
2016-03-29,15.43213,15.492205,15.391038,15.447418,15.367481,47159144
2016-03-30,15.437182,15.841958,15.411122,15.690255,15.609083,42255667
2016-03-31,15.683548,15.726146,15.081314,15.115311,15.037133,43731743
2016-04-01,15.074061,15.540647,14.812871,15.41463,15.334926,49498295
2016-04-04,15.468435,15.724284,15.425465,15.69501,15.61392,54459660
2016-04-05,15.523699,15.733371,15.311114,15.455727,15.375894,74826219
2016-04-06,15.386258,15.68204,15.29904,15.428719,15.349046,48536777
2016-04-07,15.330196,15.778226,15.30627,15.711633,15.630521,37547432
2016-04-08,15.754845,16.138089,15.585737,16.09457,16.011503,51969179
2016-04-11,16.049817,16.601691,15.886003,16.572167,16.486703,45464226
2016-04-12,16.689507,16.735629,16.025523,16.254639,16.170835,64371407
2016-04-13,16.161764,16.203853,15.537964,15.699773,15.61885,59571851
2016-04-14,15.878609,16.024484,15.113091,15.232373,15.153881,42682772
2016-04-15,14.944057,15.091707,14.755408,14.889492,14.812787,37225801
2016-04-18,14.693617,14.964783,14.681475,14.941495,14.864583,30178783
2016-04-19,14.89377,15.195119,14.820443,15.107,15.029256,29241014
2016-04-20,15.032652,15.16619,14.989643,15.12516,15.047344,51124500
2016-04-21,15.165525,15.233673,14.606194,14.65725,14.581861,51692175
2016-04-22,14.956215,15.008467,14.605499,14.74814,14.672304,25385094
2016-04-25,14.781918,14.848003,14.229061,14.510362,14.435808,63648957
2016-04-26,14.621028,14.729604,14.053439,14.238914,14.165774,50536216
2016-04-27,14.299973,14.320577,13.750899,13.819289,13.748323,27760934
2016-04-28,13.891936,14.289391,13.770679,14.107248,14.034822,63405259
2016-04-29,14.182745,14.213601,13.848012,13.998864,13.927014,42797139
2016-05-02,13.936298,14.708226,13.891315,14.619601,14.544625,59989578
2016-05-03,14.729822,14.767505,14.446006,14.514469,14.440052,33435835
2016-05-04,14.519067,14.696249,14.328017,14.358963,14.285362,52540735
2016-05-05,14.38607,14.845435,14.255213,14.837111,14.76108,85079463
2016-05-06,14.95345,15.771122,14.918518,15.372261,15.293508,21571288
2016-05-09,15.263422,15.296735,14.172891,14.487576,14.413415,53737380
2016-05-10,14.298464,15.413825,14.134866,15.078118,15.000955,32850920
2016-05-11,15.135839,15.142515,14.479969,14.728356,14.653002,37165299
2016-05-12,14.65333,14.941235,14.469313,14.671366,14.596324,37753083
2016-05-13,14.485085,14.943849,14.187983,14.647001,14.572103,45613635
2016-05-16,14.650434,15.001339,14.608083,14.82553,14.749781,20342077
2016-05-17,14.855939,15.650199,14.597568,15.507004,15.427794,36289052
2016-05-18,15.497335,15.62527,15.302361,15.354703,15.276291,36746027
2016-05-19,15.263577,15.554876,15.080421,15.401484,15.322854,42057197
2016-05-20,15.445989,15.602934,15.059978,15.158038,15.080672,42859885
2016-05-23,15.241233,15.39736,15.002806,15.362145,15.283799,45155354
2016-05-24,15.411908,15.533035,15.206601,15.484961,15.406011,36498884
2016-05-25,15.443716,16.112945,15.394483,15.906129,15.825053,32883430
2016-05-26,15.936552,16.341329,15.831651,16.244307,16.161529,37624904
2016-05-27,16.364518,16.744261,15.45358,15.650278,15.570549,36078718
2016-05-31,15.766841,15.823114,15.133669,15.194315,15.116991,38734977
2016-06-01,15.032632,15.909656,14.911167,15.688291,15.608475,55352967
2016-06-02,15.549979,16.06425,15.396887,16.011289,15.929851,38315223
2016-06-03,16.142229,16.284106,15.880096,16.235288,16.152733,53889290
2016-06-06,16.214559,16.506886,16.017035,16.02998,15.948535,45490284
2016-06-07,16.189014,16.381453,15.925845,15.951289,15.870265,63305251
2016-06-08,15.926242,16.065983,15.275492,15.337148,15.259265,63031664
2016-06-09,15.377355,15.811164,15.329176,15.693413,15.613741,62086042
2016-06-10,15.504069,15.985877,15.353505,15.829333,15.748993,73247729
2016-06-13,15.664413,16.260551,15.490719,16.09575,16.014124,57122225
2016-06-14,16.251678,16.428235,15.829685,15.971105,15.890132,45509006
2016-06-15,15.846101,16.520562,15.577368,16.476219,16.392709,31886756
2016-06-16,16.522903,16.61242,16.01986,16.032001,15.950763,67045050
2016-06-17,15.941195,16.109074,15.743393,15.768731,15.688849,44372016
2016-06-20,15.854052,16.439366,15.829376,16.198017,16.116027,49245080
2016-06-21,16.241601,16.287121,16.047025,16.144496,16.062799,61689356
2016-06-22,16.231504,16.265285,16.048688,16.246265,16.164075,44827749
2016-06-23,15.98057,16.90434,15.910052,16.82305,16.737965,50228288
2016-06-24,16.895322,17.119814,16.66774,17.092078,17.005656,57681875
2016-06-27,17.001481,17.176176,16.909729,17.099462,17.013071,32655819
2016-06-28,17.103129,17.407018,16.955735,17.272426,17.185186,31809188
2016-06-29,17.423451,18.164535,17.310687,17.861938,17.771744,62545646
2016-06-30,17.714563,18.326359,17.533633,18.300128,18.207746,43957903
2016-07-01,18.20037,18.959576,18.010392,18.884041,18.788738,26305922
2016-07-05,19.208934,19.220351,18.630952,18.645652,18.551653,61505339
2016-07-06,18.691359,18.771769,18.086845,18.17618,18.084573,67179376
2016-07-07,17.973779,18.229802,17.909432,18.18599,18.094358,28278403
2016-07-08,18.147147,18.241336,17.96513,18.016933,17.926178,31441287
2016-07-11,17.938967,17.961338,17.583046,17.873025,17.783067,40743202
2016-07-12,17.806396,17.947964,17.693558,17.759834,17.670471,55232644
2016-07-13,17.781021,17.799619,17.513897,17.610438,17.52185,35317375
2016-07-14,17.683389,18.08439,17.62998,17.967808,17.877446,54774526
2016-07-15,17.8608,17.957334,17.659758,17.768853,17.679516,59483155
2016-07-18,17.715144,17.819927,17.481492,17.578686,17.490378,43555763
2016-07-19,17.677375,18.446843,17.578919,18.404289,18.311858,40346964
2016-07-20,18.389002,19.203423,18.300612,19.03043,18.93488,30607721
2016-07-21,19.003713,19.554948,18.978172,19.469516,19.371788,53303860
2016-07-22,19.229892,19.527676,19.014487,19.502083,19.404218,44761038
2016-07-25,19.575834,19.756903,19.287269,19.408929,19.311611,43306475
2016-07-26,19.59193,20.117453,19.215592,19.791857,19.692646,45199952
2016-07-27,19.838104,20.344762,19.004461,19.050849,18.955379,107237737
2016-07-28,18.921257,19.324678,18.625425,19.07801,18.982429,33855768
2016-07-29,19.075747,19.153976,18.925883,19.060186,18.96472,41617798
2016-08-01,19.148839,19.783951,18.950601,19.714592,19.615929,80507733
2016-08-02,19.652447,20.20895,19.371023,20.034146,19.933911,38226907
2016-08-03,20.093759,20.186213,19.863121,20.147708,20.046933,63161939
2016-08-04,20.203215,21.375092,20.05002,20.931763,20.827095,38818390
2016-08-05,20.802064,21.545598,20.786346,21.072601,20.967257,28695533
2016-08-08,20.841233,20.88854,19.823082,19.858665,19.759471,62631273
2016-08-09,20.000876,20.439099,19.721703,20.316499,20.215045,55180151
2016-08-10,20.14548,20.305614,19.925333,19.993316,19.893504,48656387
2016-08-11,19.846664,20.948657,19.806642,20.614549,20.511663,41118017
2016-08-12,20.629544,21.21146,20.485143,20.88337,20.779171,68448525
2016-08-15,20.722097,20.748504,20.48552,20.512904,20.410637,48192086
2016-08-16,20.634905,21.136353,20.525702,21.118467,21.01321,70056442
2016-08-17,21.233438,22.165825,20.97352,21.793347,21.684756,53270865
2016-08-18,21.734836,22.141199,21.546541,21.938698,21.829413,40370523
2016-08-19,21.93173,22.542748,21.853302,22.268398,22.1575,57338761
2016-08-22,22.187736,22.499084,22.143014,22.218914,22.108354,33031879
2016-08-23,21.993212,22.207774,21.420271,21.577923,21.470582,36675381
2016-08-24,21.566188,21.79534,21.331601,21.732811,21.624729,32911529
2016-08-25,21.476151,21.770453,21.450276,21.518448,21.411462,35861444
2016-08-26,21.163929,21.330441,20.807151,20.836045,20.73248,51340530
2016-08-29,21.042674,21.324777,20.131144,20.305006,20.204163,49103099
2016-08-30,20.272192,20.414399,19.817133,20.087614,19.987878,30289704
2016-08-31,20.328292,20.428596,19.667657,19.94841,19.849392,35158324
2016-09-01,20.185586,20.408073,19.304983,19.431073,19.33465,45409759
2016-09-02,19.318368,19.996056,19.270524,19.839885,19.74146,30251321
2016-09-06,20.094869,20.24216,19.445797,19.567144,19.470179,48114966
2016-09-07,19.358215,19.546125,19.081258,19.202405,19.107273,43418413
2016-09-08,19.12007,19.232685,18.992345,19.213093,19.117935,36662562
2016-09-09,19.235778,19.801558,18.975397,19.493444,19.396923,49246707
2016-09-12,19.591451,19.762914,19.125171,19.272879,19.17753,54746992
2016-09-13,19.294457,19.787271,18.909918,19.671543,19.574248,51886000
2016-09-14,19.666721,19.763939,19.060597,19.207965,19.112989,65377001
2016-09-15,19.255942,19.372092,18.919776,18.957523,18.863811,38809962
2016-09-16,18.903415,19.005467,18.815851,18.947316,18.85368,43919702
2016-09-19,18.840888,19.655131,18.671809,19.401092,19.305293,42337175
2016-09-20,19.424533,19.468402,18.924931,19.132615,19.038168,43603458
2016-09-21,19.216998,19.587018,19.155714,19.522067,19.425724,61645887
2016-09-22,19.492357,19.563991,19.316292,19.326982,19.231628,53465679
2016-09-23,19.451872,19.516574,19.045242,19.08793,18.993782,39491000
2016-09-26,19.044808,19.420896,18.878097,19.401218,19.305603,38867675
2016-09-27,19.309136,19.325708,18.838479,18.936806,18.843506,56323694
2016-09-28,18.888953,19.076558,18.74529,18.823061,18.730347,51392449
2016-09-29,18.88546,19.059352,18.77102,18.948605,18.855299,36701277
2016-09-30,18.947839,19.044155,18.90174,18.987372,18.8939,54509876
2016-10-03,19.021755,19.049466,18.364253,18.640959,18.549269,52055326
2016-10-04,18.677247,18.779219,18.571973,18.70989,18.617886,78419491
2016-10-05,18.614006,19.199074,18.494236,19.188206,19.093877,49976631
2016-10-06,19.098336,19.631106,18.825169,19.55597,19.459859,58066901
2016-10-07,19.647414,19.68203,19.195313,19.311628,19.216745,43984685
2016-10-10,19.250506,19.588944,18.972386,19.491622,19.395934,39021916
2016-10-11,19.715027,19.968696,18.958848,19.050688,18.95719,48758829
2016-10-12,18.867658,19.136831,18.84454,19.054188,18.960699,47874291
2016-10-13,19.057553,19.254395,18.704099,18.895459,18.802775,43097811
2016-10-14,18.986637,19.068637,18.267722,18.422404,18.332066,23356517
2016-10-17,18.440338,18.810212,18.349447,18.754605,18.662714,46956105
2016-10-18,18.761882,18.883751,17.73969,17.795785,17.708616,55994856
2016-10-19,17.799311,18.193872,17.495737,17.865196,17.777711,37712859
2016-10-20,17.913078,18.091285,17.785237,18.046878,17.958528,89846262
2016-10-21,18.188032,18.572062,17.879109,18.166538,18.077627,56182631
2016-10-24,18.179811,18.599724,18.099055,18.548428,18.457723,77542698
2016-10-25,18.544695,18.79788,18.461938,18.71667,18.625169,31011337
2016-10-26,18.935831,19.08914,18.5515,18.698061,18.606676,50960647
2016-10-27,18.772099,18.784335,18.436344,18.574985,18.484227,68494489
2016-10-28,18.746513,18.843313,18.319212,18.41356,18.323616,45342130
2016-10-31,18.306087,18.473662,18.050991,18.227299,18.138339,40416295
2016-11-01,18.225168,18.295019,18.007515,18.020627,17.932701,37396607
2016-11-02,18.195376,18.274709,17.895958,17.973829,17.886155,38814300
2016-11-03,18.025834,18.385125,17.971803,18.309027,18.219743,80397319
2016-11-04,18.389739,18.471696,18.077258,18.270483,18.181412,52865501
2016-11-07,18.233002,18.454019,18.173567,18.289201,18.200113,43001111
2016-11-08,18.29906,18.402075,17.959897,18.013435,17.925716,51056397
2016-11-09,18.004654,18.152959,17.892221,17.971598,17.884106,43595839
2016-11-10,18.142064,18.266796,17.701143,17.903024,17.815891,48462335
2016-11-11,18.003783,18.04714,17.737025,17.864287,17.777367,47979298
2016-11-14,17.698896,18.11826,17.636806,18.038097,17.950404,62313384
2016-11-15,18.110987,18.83696,18.06868,18.679034,18.588251,31119914
2016-11-16,18.858482,18.925174,18.15215,18.279983,18.191164,42658534
2016-11-17,18.384978,18.523743,17.817872,18.124405,18.036367,60592685
2016-11-18,18.18753,18.242568,17.844612,18.002806,17.915383,54210505
2016-11-21,17.933019,18.070918,17.5665,17.636279,17.550708,45143831
2016-11-22,17.741982,18.038575,17.172861,17.37513,17.290849,34214388
2016-11-23,17.528883,17.731546,17.476914,17.490864,17.406046,63241259
2016-11-25,17.507489,17.828665,17.323186,17.720748,17.634864,38126221
2016-11-28,17.638678,17.819015,17.606128,17.762653,17.676639,36778097
2016-11-29,17.596497,18.399158,17.486644,18.363691,18.27479,38063992
2016-11-30,18.310781,18.399297,18.237851,18.389914,18.300912,45066639
2016-12-01,18.506151,18.701861,18.42639,18.510751,18.421189,28976260
2016-12-02,18.520216,18.678092,18.423035,18.624176,18.534091,51648656
2016-12-05,18.69284,18.741837,18.564641,18.679716,18.589439,42715713
2016-12-06,18.695081,18.855786,18.490236,18.659917,18.569761,56620990
2016-12-07,18.752894,18.772699,18.338302,18.404053,18.315158,42196611
2016-12-08,18.32089,18.669488,18.114084,18.503261,18.413912,44235358
2016-12-09,18.621424,18.667172,18.010933,18.250724,18.162619,60400893
2016-12-12,18.28363,18.405974,17.605104,17.820833,17.734876,30393444
2016-12-13,17.717826,18.46395,17.563245,18.401079,18.312349,51146170
2016-12-14,18.383176,18.807773,18.246246,18.70868,18.618492,47184124
2016-12-15,18.905926,19.263316,18.650897,19.25122,19.158443,39194971
2016-12-16,19.212235,19.928392,19.137038,19.721933,19.626915,65380976
2016-12-19,19.861396,20.060163,19.782692,19.994474,19.898224,49514398
2016-12-20,19.975131,20.408464,19.903264,20.358232,20.260259,29340956
2016-12-21,20.369298,20.821058,20.313513,20.735948,20.636185,41959855
2016-12-22,20.655131,20.871879,20.490884,20.788659,20.68867,42400834
2016-12-23,20.913905,21.14774,20.755995,20.921515,20.820916,39917845
2016-12-27,21.051774,21.367508,20.020931,20.135103,20.038395,90347944
2016-12-28,20.036174,20.502911,19.833888,20.412726,20.314712,49614186
2016-12-29,20.257368,20.582295,20.222593,20.56984,20.4711,37056351
2016-12-30,20.583698,21.203626,20.405481,21.005044,20.904244,55034986
2017-01-03,21.073832,21.884802,21.013519,21.82157,21.71697,33868102
2017-01-04,21.819447,22.374384,21.699881,22.017578,21.912069,51262297
2017-01-05,22.22917,22.323003,22.085948,22.116466,22.010513,40562916
2017-01-06,22.165412,22.456673,21.812952,21.851184,21.746532,67205734
2017-01-09,21.922967,22.100056,21.280771,21.370737,21.268473,29060354
2017-01-10,21.251817,21.81183,20.994602,21.731293,21.627333,34933826
2017-01-11,21.768259,22.098138,21.477208,21.90978,21.804996,46954084
2017-01-12,21.7979,22.233317,21.6916,21.763011,21.658959,44578998
2017-01-13,21.955127,22.118066,21.484819,21.530273,21.427363,52642232
2017-01-17,21.568586,21.710125,21.413111,21.608068,21.504904,28531513
2017-01-18,21.530341,21.870807,21.409292,21.812287,21.708178,27477606
2017-01-19,21.846059,22.030955,21.457233,21.571166,21.468237,39683225
2017-01-20,21.38083,22.051926,21.119087,21.986333,21.881453,24073721
2017-01-23,22.04279,22.492724,21.503424,21.601267,21.498312,53174693
2017-01-24,21.686528,21.902488,21.506426,21.842936,21.738859,40750200
2017-01-25,21.900771,22.357788,21.83183,22.176932,22.071294,28448473
2017-01-26,22.143897,22.155422,21.795087,21.833512,21.72954,47786966
2017-01-27,21.724006,22.241997,21.450941,21.626355,21.523399,40399163
2017-01-30,21.498427,21.694334,21.260425,21.503424,21.401141,48741087
2017-01-31,21.223492,22.04209,20.986017,21.811707,21.707987,49487154
2017-02-01,21.634844,22.853074,21.512866,22.749193,22.641046,62108965
2017-02-02,22.700592,22.79165,22.368015,22.477613,22.370787,48302885
2017-02-03,22.430229,22.792572,22.371353,22.677124,22.569381,59580279
2017-02-06,22.917418,24.356416,22.866413,24.038023,23.923913,29290708
2017-02-07,24.172865,24.233374,23.536002,23.738678,23.626021,33438427
2017-02-08,24.056602,24.422528,22.62725,22.969229,22.860255,87257183
2017-02-09,23.37123,23.451608,22.91063,23.147169,23.037382,39970073
2017-02-10,23.029105,23.37297,22.848352,23.153797,23.04401,67001956
2017-02-13,22.815171,22.872465,22.506625,22.577803,22.470839,74546673
2017-02-14,22.527253,22.647554,21.191922,21.623582,21.521169,55183855
2017-02-15,21.841216,22.458783,21.749697,22.077754,21.973219,68135661
2017-02-16,22.054406,22.338324,22.034387,22.189369,22.084337,43621760
2017-02-17,22.226439,22.38165,22.156596,22.327604,22.221947,47586357
2017-02-21,22.376111,22.394887,21.861115,22.059553,21.955286,44687268
2017-02-22,22.389853,22.748269,21.237372,21.718302,21.615677,67883788
2017-02-23,21.850768,22.134099,21.73395,21.82737,21.724259,35622005
2017-02-24,21.812412,22.410137,21.450748,21.924915,21.821373,50562000
2017-02-27,21.778828,22.261665,21.642196,22.19216,22.087447,34991184
2017-02-28,22.342062,23.065984,22.042574,22.928165,22.82001,83857481
2017-03-01,23.265347,23.363881,22.676508,22.716216,22.609092,51427501
2017-03-02,22.92411,23.128771,22.807535,22.980242,22.871904,34675399
2017-03-03,22.904837,22.933847,22.478461,22.536011,22.429799,60409441
2017-03-06,22.88796,22.956751,22.195875,22.246708,22.14195,40381362
2017-03-07,22.022389,22.061772,21.766669,21.830542,21.727773,43900203
2017-03-08,21.677793,22.210917,21.582176,22.184922,22.080515,37377263
2017-03-09,22.163155,22.226334,21.864141,21.92543,21.822274,41209482
2017-03-10,22.001904,22.087264,21.491518,21.555332,21.453947,37400665
2017-03-13,21.670196,21.758127,21.240322,21.374722,21.274274,42086536
2017-03-14,21.438743,21.491134,21.113162,21.189812,21.090261,32051735
2017-03-15,21.28642,21.417766,21.145236,21.247486,21.147693,92427180
2017-03-16,21.213461,21.565244,21.029669,21.506912,21.405931,31160075
2017-03-17,21.536902,21.965517,21.514315,21.915188,21.81232,70371281
2017-03-20,21.820591,22.3671,21.540525,22.237024,22.132736,84283810
2017-03-21,22.333225,22.407693,21.756005,21.825805,21.723475,44869142
2017-03-22,21.825318,22.164431,21.538919,21.616901,21.51558,53744547
2017-03-23,21.943,22.181633,21.599704,21.699629,21.597949,45699230
2017-03-24,21.798204,22.210711,21.785484,22.200236,22.096241,58815176
2017-03-27,22.403978,22.461923,22.067688,22.213979,22.11001,50889194
2017-03-28,22.102567,22.73096,21.982536,22.655429,22.549425,26123822
2017-03-29,22.757252,22.880774,22.577179,22.815459,22.708737,45098055
2017-03-30,22.810503,23.00346,22.10327,22.20948,22.105623,31965739
2017-03-31,22.144215,22.247527,21.624291,21.824986,21.722957,41363407
2017-04-03,21.81173,22.217711,21.634733,22.026924,21.924041,40982881
2017-04-04,21.893754,22.447025,21.837972,22.11866,22.015379,43883246
2017-04-05,21.95749,22.2098,21.864649,22.092543,21.989413,42862883
2017-04-06,21.943738,22.031554,21.56304,21.789166,21.687483,47250231
2017-04-07,21.931832,21.99494,21.706278,21.786564,21.684922,62897125
2017-04-10,21.865696,22.668438,21.719105,22.44936,22.344718,62063158
2017-04-11,22.21872,22.479447,21.615808,21.814212,21.71256,63369514
2017-04-12,21.852471,22.164937,21.435635,21.593859,21.493263,29673168
2017-04-13,21.620203,21.977359,21.536218,21.944255,21.842057,32993289
2017-04-17,21.808548,22.066597,21.288953,21.340055,21.240787,83691947
2017-04-18,21.344881,21.505471,21.208774,21.311387,21.212282,78475465
2017-04-19,21.597776,21.692183,20.370894,20.455989,20.360889,47235775
2017-04-20,20.575665,20.70525,20.343947,20.561865,20.466301,39631887
2017-04-21,20.440319,20.552411,20.223607,20.474307,20.379178,37609043
2017-04-24,20.428829,20.859725,20.051417,20.78789,20.691389,45636127
2017-04-25,20.69599,20.730903,20.551593,20.625693,20.529973,42122972
2017-04-26,20.52035,21.069535,20.41684,20.961577,20.864327,41457107
2017-04-27,20.856725,20.907591,20.758927,20.787958,20.691542,58554438
2017-04-28,20.755007,20.936104,20.661301,20.775489,20.679159,51391510
2017-05-01,20.696291,20.893797,20.35839,20.798895,20.702541,38863757
2017-05-02,20.868606,21.034622,20.688405,20.708884,20.612975,24739580
2017-05-03,20.6748,21.077428,20.638155,21.037585,20.940183,48503831
2017-05-04,21.063782,21.176857,20.715498,20.744453,20.648436,76582122
2017-05-05,20.532651,21.00914,20.391245,20.733068,20.637132,82439997
2017-05-08,20.724882,20.784707,20.567655,20.676778,20.581187,26779822
2017-05-09,20.652208,20.80834,20.459944,20.701082,20.605407,26374851
2017-05-10,20.674474,21.004224,20.644872,20.944371,20.8476,45306542
2017-05-11,20.890527,20.917329,20.002222,20.301889,20.208115,44548762
2017-05-12,20.234337,20.62605,20.009334,20.536708,20.441877,40051538
2017-05-15,20.531535,20.656466,20.298851,20.403002,20.308872,25221523
2017-05-16,20.40696,20.53088,20.248734,20.289007,20.19543,54028901
2017-05-17,20.126802,21.136278,20.016016,20.944073,20.847504,32043620
2017-05-18,20.96404,21.052823,20.688909,20.878831,20.782591,29821378
2017-05-19,20.909868,21.000365,20.864046,20.940479,20.843983,57313259
2017-05-22,20.992766,21.068529,20.81797,20.913247,20.816962,43157227
2017-05-23,20.914932,21.42499,20.726122,21.280882,21.182934,61975765
2017-05-24,21.233044,22.040778,21.214194,21.834622,21.734154,35883631
2017-05-25,21.872837,22.279996,21.740317,22.164085,22.062132,54337564
2017-05-26,22.174686,22.829496,22.015681,22.727123,22.622611,56106488
2017-05-30,22.794777,22.854952,22.491041,22.679665,22.575495,53055764
2017-05-31,22.732108,22.743357,22.422387,22.537999,22.43451,40138396
2017-06-01,22.651615,22.835531,21.915939,22.00884,21.907811,55973825
2017-06-02,22.094086,22.457886,22.079267,22.360489,22.257876,37548356
2017-06-05,22.524973,22.623285,20.974271,21.082708,20.986045,32619106
2017-06-06,20.954265,21.037827,20.703589,20.845231,20.749685,64144995
2017-06-07,20.944383,21.243109,20.628801,21.123523,21.026731,40126038
2017-06-08,21.132986,21.183827,20.300177,20.861958,20.766393,30945283
2017-06-09,21.028925,21.550037,20.909825,21.277497,21.180057,40030282
2017-06-12,21.410387,21.678871,20.488473,20.574512,20.480375,38535284
2017-06-13,20.382655,20.915454,20.21656,20.876325,20.780836,39945397
2017-06-14,20.652371,20.980987,20.279963,20.459929,20.366372,44830810
2017-06-15,20.493371,20.678487,19.577165,19.752466,19.662172,70308228
2017-06-16,19.842873,20.162557,19.577767,19.666647,19.576771,50948398
2017-06-19,19.490093,19.659588,19.17328,19.579635,19.490237,42276935
2017-06-20,19.278669,20.959253,19.153308,20.888833,20.793486,81408879
2017-06-21,20.814251,22.165983,20.368314,21.695188,21.59619,53570413
2017-06-22,21.494482,22.59196,21.430258,22.558443,22.455536,33720297
2017-06-23,22.468834,22.482207,22.333714,22.448942,22.346566,42231406
2017-06-26,22.496034,22.848908,21.990671,22.224813,22.123549,27520372
2017-06-27,22.401026,22.787304,22.184736,22.693187,22.58982,43965755
2017-06-28,22.521555,22.908408,21.674623,21.907242,21.807485,77181491
2017-06-29,21.82556,22.76958,21.635894,22.043944,21.943594,35957066
2017-06-30,22.154175,22.251812,21.539253,21.732353,21.633452,72724825
2017-07-03,21.645111,21.817248,21.31494,21.515026,21.417202,42308766
2017-07-05,21.399511,21.822008,21.375695,21.725838,21.627115,29955380
2017-07-06,21.705499,22.275939,21.396195,22.03867,21.938555,41879858
2017-07-07,22.199143,22.448926,22.189064,22.327317,22.225921,50883144
2017-07-10,22.405731,22.487962,22.038319,22.332914,22.231584,28198999
2017-07-11,22.222172,22.89941,22.019177,22.843036,22.739422,43786918
2017-07-12,22.814877,23.21288,22.012045,22.390256,22.288727,48128695
2017-07-13,22.340765,22.456536,21.322041,21.850153,21.751103,52883419
2017-07-14,21.912456,22.049414,21.315977,21.423488,21.326401,44726431
2017-07-17,21.701693,21.830813,21.335799,21.377813,21.28102,46116450
2017-07-18,21.408003,22.102147,21.153127,21.965231,21.865809,59523420
2017-07-19,21.751009,22.97821,21.521868,22.520413,22.418509,43720160
2017-07-20,22.567157,22.667057,21.924285,22.137877,22.037734,31967284
2017-07-21,21.992008,22.475734,21.726235,21.953545,21.854265,29980572
2017-07-24,21.993355,22.165489,21.94807,22.01029,21.910844,38967612
2017-07-25,22.116841,22.280744,21.937505,22.215647,22.115304,51601589
2017-07-26,22.176541,22.244977,21.875257,21.946231,21.847134,47085668
2017-07-27,21.872569,22.326684,21.82451,22.208243,22.107993,38547671
2017-07-28,22.225384,22.268974,21.499323,21.664786,21.567019,45114896
2017-07-31,21.546173,22.064907,21.368761,21.96327,21.864246,45778601
2017-08-01,21.948965,21.998379,21.625741,21.776962,21.678808,58005236
2017-08-02,21.718688,21.775265,21.00342,21.121763,21.02659,51748773
2017-08-03,21.030516,21.329175,20.539546,20.611247,20.518403,39959690
2017-08-04,20.607053,21.36642,20.241625,21.196947,21.101494,26881829
2017-08-07,20.975891,21.156043,20.678071,20.754453,20.661077,55235633
2017-08-08,20.659079,21.93523,20.475486,21.69679,21.599204,45834131
2017-08-09,21.730074,22.196659,21.669017,21.681735,21.584246,34079110
2017-08-10,21.312957,21.963419,21.101265,21.833042,21.734902,36803231
2017-08-11,21.82262,22.656619,21.521665,22.530084,22.428842,70296142
2017-08-14,22.562934,23.251717,22.489401,23.024419,22.92105,33898657
2017-08-15,22.884687,22.989059,22.468069,22.570251,22.468952,42722639
2017-08-16,22.70362,22.714434,21.744292,21.826324,21.728393,60457521
2017-08-17,21.739461,23.021803,21.697963,22.865981,22.763417,44068007
2017-08-18,22.920617,23.339663,22.500576,23.187857,23.083881,41974984
2017-08-21,23.467608,23.596368,23.140863,23.176035,23.072206,36746266
2017-08-22,23.065156,23.075865,22.247577,22.415223,22.314833,55799040
2017-08-23,22.763801,22.825583,22.029293,22.470888,22.370279,40110699
2017-08-24,22.349025,23.188474,22.115769,22.725602,22.623884,41198356
2017-08-25,22.919368,23.099854,21.924686,22.134338,22.035297,57932308
2017-08-28,22.327638,23.070254,21.987394,23.01432,22.911435,69708324
2017-08-29,22.885851,23.524057,22.774077,23.353886,23.249515,34172165
2017-08-30,23.434997,24.402006,22.920636,24.095834,23.98818,37958676
2017-08-31,24.102721,24.357136,24.058205,24.255357,24.147023,42404525
2017-09-01,23.975008,24.104218,23.806626,24.058527,23.951105,66959653
2017-09-05,23.891851,24.319084,23.775102,24.125634,24.018044,24079701
2017-09-06,24.220862,24.465399,24.021739,24.243744,24.135661,39732672
2017-09-07,24.562835,24.762787,24.379609,24.727921,24.617713,40122178
2017-09-08,24.866769,25.742374,24.558779,25.700205,25.585698,48543599
2017-09-11,25.678759,26.75715,25.446052,26.406174,26.28863,61207748
2017-09-12,26.728961,27.284377,26.629107,26.828252,26.708866,52548161
2017-09-13,26.709995,26.863098,25.992429,26.418379,26.300853,40471375
2017-09-14,26.490931,28.289633,26.259491,28.104605,27.979615,59886649
2017-09-15,28.099507,28.133558,27.614577,27.766066,27.64262,51706616
2017-09-18,27.95043,28.405056,26.742366,27.342271,27.220821,56552106
2017-09-19,27.542649,27.703101,27.182336,27.385105,27.263502,80854427
2017-09-20,27.348234,27.509866,26.187592,26.555279,26.437397,65986432
2017-09-21,26.309078,26.741888,26.234022,26.650114,26.531847,30057394
2017-09-22,26.638268,26.742604,26.495276,26.611448,26.493389,29755792
2017-09-25,26.278293,26.499075,25.763391,25.791806,25.677489,59945011
2017-09-26,25.71995,25.745499,25.27919,25.32964,25.217406,96826592
2017-09-27,25.267945,25.92814,25.236877,25.511611,25.398605,36328207
2017-09-28,25.525831,25.596638,25.179395,25.461713,25.348963,29812209
2017-09-29,25.318168,26.000133,25.282564,25.872905,25.75837,63426492
2017-10-02,25.807655,26.154982,25.642248,25.811588,25.697429,39776590
2017-10-03,25.828735,26.137134,25.353549,25.371425,25.259248,48279250
2017-10-04,24.925643,25.812681,24.764224,25.726392,25.61268,43634637
2017-10-05,25.708167,25.829675,25.522211,25.64535,25.532031,25116962
2017-10-06,25.579706,26.141494,25.453531,26.010007,25.895112,47904772
2017-10-09,25.966367,26.15767,25.528254,26.102767,25.987569,40718893
2017-10-10,26.036286,26.136111,25.289471,25.408539,25.29644,39926356
2017-10-11,25.487285,26.0751,25.284081,25.679374,25.566115,30950916
2017-10-12,25.64936,26.443417,25.582675,25.906289,25.792065,40951585
2017-10-13,25.806267,26.232576,25.405339,26.037445,25.922677,32390165
2017-10-16,26.071099,26.386516,25.1387,25.593063,25.480359,39523177
2017-10-17,25.608096,26.665696,25.162415,26.548037,26.431164,53430819
2017-10-18,26.421395,26.527741,26.387183,26.436574,26.320228,49137933
2017-10-19,26.409851,26.780641,26.328965,26.634609,26.517427,44607197
2017-10-20,26.986034,27.132232,26.635975,26.730148,26.612582,30468776
2017-10-23,26.687735,26.737518,25.94407,26.400326,26.284319,39769251
2017-10-24,26.662501,26.874971,26.466205,26.500131,26.383722,33157807
2017-10-25,26.343193,27.806311,26.162782,27.542792,27.421839,51070870
2017-10-26,27.454384,27.618803,26.621147,26.739645,26.622256,63158598
2017-10-27,26.783866,26.91371,26.341074,26.51769,26.401312,62837533
2017-10-30,26.55494,27.221502,26.328442,26.716785,26.599643,24703526
2017-10-31,26.653435,28.061867,26.481456,27.563231,27.442414,71317147
2017-11-01,27.733024,28.048928,27.057244,27.334461,27.214685,33136363
2017-11-02,26.937277,28.094145,26.618414,27.928823,27.80648,39501206
2017-11-03,27.942405,28.296384,27.401043,27.478875,27.358541,57007468
2017-11-06,27.25203,27.805807,27.009357,27.712332,27.591089,69745471
2017-11-07,27.815604,28.393595,26.807392,27.140601,27.021896,87665215
2017-11-08,26.834523,27.463431,26.55905,26.959367,26.841492,40405220
2017-11-09,27.124871,27.433193,26.6763,26.949189,26.831394,25236248
2017-11-10,26.732289,27.018437,26.263115,26.945512,26.82777,47024843
2017-11-13,27.011137,27.3331,26.881481,26.995669,26.877818,39817629
2017-11-14,26.913672,27.709124,26.774919,27.636428,27.515818,97859307
2017-11-15,27.463253,27.586768,26.17173,26.479284,26.36376,16631788
2017-11-16,26.495216,26.916775,26.385915,26.84553,26.728445,76325570
2017-11-17,26.74066,26.937836,26.340819,26.651692,26.535488,36519560
2017-11-20,26.45423,26.474598,25.772811,26.08043,25.966824,56057297
2017-11-21,26.189368,26.704639,26.031582,26.533561,26.418017,35475548
2017-11-22,26.234789,26.415965,25.870659,26.296151,26.181677,33568759
2017-11-24,26.184261,27.292758,25.952828,26.94952,26.832275,40633895
2017-11-27,27.0463,27.481975,26.928487,27.461142,27.341784,62360517
2017-11-28,27.457988,27.760257,27.254561,27.366531,27.247621,27472696
2017-11-29,27.290136,28.44614,27.057587,28.1817,28.059286,64670473
2017-11-30,28.140738,28.452297,27.06764,27.40644,27.287431,97550339
2017-12-01,27.364421,27.881371,26.946852,27.697453,27.577218,26458779
2017-12-04,27.781166,28.534265,27.722136,28.348877,28.22593,39512642
2017-12-05,28.636441,29.043413,27.082176,27.544775,27.425353,53471584
2017-12-06,27.551251,27.719626,27.454482,27.677581,27.557622,43734554
2017-12-07,27.700804,27.959315,27.286762,27.790134,27.669724,48389855
2017-12-08,27.817719,28.038848,27.490946,27.788923,27.668556,43537490
2017-12-11,27.943565,28.335521,27.88867,28.077753,27.95625,35345130
2017-12-12,28.072954,28.570057,27.819363,28.526875,28.403468,72272020
2017-12-13,28.613703,29.038925,28.473423,28.972688,28.847391,50707439
2017-12-14,29.174624,29.883408,28.867505,29.81323,29.684339,40254766
2017-12-15,30.052638,30.079321,29.3986,29.785598,29.656867,53642931
2017-12-18,29.962979,30.56311,29.379189,30.261651,30.130986,38880472
2017-12-19,30.027073,30.539313,29.709338,30.336824,30.205876,52993920
2017-12-20,30.283447,30.351272,29.8097,30.09601,29.966143,37595133
2017-12-21,30.152895,30.46164,29.41689,29.458192,29.331117,71067616
2017-12-22,29.579871,29.808051,29.074299,29.289448,29.163141,45854451
2017-12-26,29.440266,29.678651,29.321698,29.516936,29.389809,49322523
2017-12-27,29.612314,30.640634,29.263857,30.335726,30.205114,56058619
2017-12-28,30.071238,30.996335,29.919462,30.536291,30.404857,47117291
2017-12-29,30.240624,31.010034,30.153278,30.848953,30.716215,30400644
2018-01-02,30.998345,31.207827,30.750891,30.793905,30.661572,36020150
2018-01-03,30.769298,31.555815,30.599658,31.432361,31.297327,59515308
2018-01-04,31.923045,32.071247,30.96318,31.003895,30.870744,66993936
2018-01-05,30.828651,31.650614,30.533606,31.537259,31.40186,49764054
2018-01-08,31.401602,31.93623,31.385898,31.703503,31.567521,42902865
2018-01-09,31.850688,31.903792,31.310393,31.484865,31.349863,35031022
2018-01-10,31.706764,31.831267,31.40583,31.572168,31.436834,33262245
2018-01-11,31.445676,31.671526,30.996236,31.286897,31.152829,51912988
2018-01-12,31.410792,31.538535,30.934604,31.176847,31.043293,57138344
2018-01-16,31.233036,31.899589,31.193741,31.82253,31.686383,61819906
2018-01-17,31.89591,32.631303,30.719092,30.94386,30.811515,49499864
2018-01-18,30.917596,31.516737,30.659564,31.431134,31.296748,36073772
2018-01-19,31.614804,32.050101,30.766355,30.950544,30.818254,47150410
2018-01-22,30.928322,31.710274,30.703167,31.50697,31.372431,80360277
2018-01-23,31.405225,32.437213,31.282763,32.205199,32.067723,52131227
2018-01-24,31.885612,33.391626,31.776358,33.055446,32.914385,27704696
2018-01-25,32.852261,33.85968,32.739336,33.747405,33.603438,45367341
2018-01-26,33.886991,33.902762,33.329523,33.662255,33.518696,40639161
2018-01-29,33.630912,33.774814,32.21432,32.325245,32.187521,25804296
2018-01-30,32.067866,32.159936,31.335045,31.442078,31.308159,22048965
2018-01-31,31.490295,31.614478,31.202473,31.481061,31.347019,47038477
2018-02-01,31.501963,31.793602,30.903467,30.968729,30.836911,43260254
2018-02-02,31.107755,31.531478,30.846032,31.474984,31.341054,38782999
2018-02-05,31.530235,31.793212,31.465876,31.777383,31.642296,45045153
2018-02-06,31.83253,33.066021,31.577166,32.846009,32.706425,52838564
2018-02-07,33.026885,33.325302,32.842734,33.168591,33.02768,38743538
2018-02-08,33.151631,33.277025,32.261709,32.866933,32.727349,37549671
2018-02-09,32.951362,33.015543,32.301808,32.657645,32.518995,63054145
2018-02-12,32.85962,33.004435,32.649737,32.777037,32.638014,38564504
2018-02-13,32.889201,32.991878,32.494976,32.522776,32.384875,36856793
2018-02-14,32.715199,33.318472,31.954668,32.336113,32.199047,47448585
2018-02-15,32.523233,32.729001,31.292978,31.488644,31.355214,76660301
2018-02-16,31.302687,32.21219,31.17939,31.875897,31.740869,43388438
2018-02-20,31.648242,31.685429,31.094908,31.223694,31.091599,75053860
2018-02-21,31.291439,31.559264,31.254183,31.527119,31.393783,45610721
2018-02-22,31.705381,32.480326,31.454052,32.279479,32.143006,30624085
2018-02-23,32.044325,32.089494,31.749398,31.842781,31.708197,44802451
2018-02-26,32.314486,32.359507,31.588818,31.716163,31.582245,41088899
2018-02-27,31.855167,31.871403,31.561945,31.741848,31.607864,25027715
2018-02-28,31.935837,32.561469,31.629982,31.78799,31.653855,28321041
2018-03-01,31.752818,32.123111,31.565224,32.066786,31.931518,41928951
2018-03-02,32.0197,32.306367,31.653048,32.111694,31.97628,50754760
2018-03-05,32.281554,32.388834,31.772594,32.008724,31.873875,31261201
2018-03-06,31.935927,32.367845,31.57388,32.314823,32.178729,45464624
2018-03-07,32.544168,32.751641,32.341108,32.523095,32.386168,20401825
2018-03-08,32.754919,33.566947,32.559885,33.000237,32.861347,50102259
2018-03-09,32.973209,33.13446,32.417886,32.447052,32.310534,59665943
2018-03-12,32.451305,33.079721,32.228059,32.925718,32.787321,48625114
2018-03-13,33.210971,34.270716,33.112671,33.974685,33.831925,54726929
2018-03-14,34.079757,34.315468,33.689984,34.255482,34.111589,40730343
2018-03-15,33.719568,34.731509,33.528258,34.610669,34.465331,62545481
2018-03-16,34.692771,35.005217,34.48884,34.52927,34.384321,35908391
2018-03-19,34.215014,34.347611,33.961036,34.051779,33.908973,56696902
2018-03-20,34.175898,34.820886,33.870389,34.740286,34.59464,36211029
2018-03-21,34.449846,34.888394,34.399598,34.600956,34.455942,36334310
2018-03-22,34.223845,35.339672,34.193184,35.264465,35.116718,43933504
2018-03-23,35.127997,35.547414,34.733161,35.398704,35.250442,37046473
2018-03-26,35.438572,35.567998,35.316858,35.546982,35.398245,31982311
2018-03-27,35.761062,36.277701,35.38869,35.97376,35.823286,32927618
2018-03-28,36.209617,36.602788,35.851832,35.86736,35.71738,71013293
2018-03-29,35.727404,36.328625,35.331322,36.192156,36.040867,49578950
2018-04-02,35.74243,36.219508,35.238123,35.387212,35.239481,48686476
2018-04-03,35.367756,35.708758,35.174876,35.494261,35.346131,65967086
2018-04-04,35.481521,35.907402,34.995672,35.050637,34.904406,30355812
2018-04-05,35.36138,35.851398,35.073356,35.587869,35.439446,51306174
2018-04-06,35.658285,37.167579,35.301248,36.666544,36.513672,41215431
2018-04-09,36.494125,36.713876,36.065469,36.687347,36.534538,30158234
2018-04-10,36.328074,36.343763,36.008084,36.210881,36.060107,40260741
2018-04-11,36.551401,36.577685,36.040542,36.313171,36.16202,36870517
2018-04-12,36.285902,36.795802,35.977621,36.675359,36.522751,46766422
2018-04-13,36.669062,36.718506,36.577601,36.604995,36.452729,34874216
2018-04-16,36.561691,37.350977,36.309866,36.88052,36.727259,51001407
2018-04-17,36.458313,37.554577,36.336126,37.512887,37.357049,33271763
2018-04-18,37.577804,38.128294,36.739979,36.993862,36.840231,39901917
2018-04-19,37.30415,37.672151,37.137696,37.223449,37.068915,39519646
2018-04-20,37.37246,37.726768,37.10241,37.679762,37.523385,57554960
2018-04-23,37.754316,37.970456,37.06896,37.162179,37.008102,42034447
2018-04-24,37.276803,37.394994,36.754367,37.223072,37.068794,41175306
2018-04-25,37.093342,37.564549,36.669119,37.533067,37.377555,45550993
2018-04-26,37.66507,37.971546,37.54204,37.868902,37.71205,74033870
2018-04-27,38.157175,38.218104,37.409414,37.569215,37.413655,44789442
2018-04-30,37.199031,37.853944,36.89317,37.5947,37.439189,45107459
2018-05-01,37.933977,38.492343,37.472933,38.353741,38.195142,51856656
2018-05-02,38.423268,38.629632,38.365853,38.498892,38.339746,29998505
2018-05-03,38.429298,39.117182,38.057352,39.035585,38.874273,65425492
2018-05-04,39.090637,39.310819,38.835787,39.267433,39.105217,43645810
2018-05-07,39.550123,39.771338,39.04597,39.306483,39.144266,55172609
2018-05-08,39.24679,39.651827,38.425489,38.442468,38.283869,61653623
2018-05-09,38.241751,38.891275,38.027028,38.501405,38.342616,58198799
2018-05-10,38.450886,38.788124,37.907237,37.962907,37.80639,71764723
2018-05-11,37.98435,38.090506,37.739072,37.914984,37.758716,46756652
2018-05-14,37.968202,38.177182,37.773179,38.112427,37.955501,42523935
2018-05-15,38.187322,38.903969,37.998295,38.784717,38.625076,39682912
2018-05-16,38.681305,39.703039,38.628322,39.368401,39.206411,28818177
2018-05-17,39.609137,39.868302,39.32404,39.779952,39.616323,59317878
2018-05-18,40.033844,40.147812,39.210605,39.779985,39.61641,65098880
2018-05-21,39.846172,40.868361,39.649096,40.518862,40.352414,64949401
2018-05-22,40.249219,41.479238,40.130997,41.426025,41.255908,90737656
2018-05-23,41.471808,41.593255,40.726453,40.906779,40.73885,30803060
2018-05-24,40.800564,41.970342,40.702423,41.700459,41.529328,22077867
2018-05-25,41.864118,42.749525,41.759331,42.160328,41.987368,51605610
2018-05-29,42.078465,42.315107,41.658066,41.782867,41.611683,34326186
2018-05-30,41.873593,42.681974,41.80901,42.327322,42.153965,34278596
2018-05-31,42.509323,42.946396,41.987398,42.16867,41.99602,51668011
2018-06-01,42.327827,42.430991,41.389121,41.641765,41.471329,30443166
2018-06-04,41.661041,42.175429,40.014401,40.462128,40.296686,45491054
2018-06-05,40.550177,40.912549,40.162115,40.413753,40.248564,38171500
2018-06-06,40.646934,41.09986,40.143888,40.986841,40.819366,88517342
2018-06-07,40.840864,41.118317,40.815637,40.89591,40.728861,81222971
2018-06-08,41.126899,41.73946,41.071625,41.487274,41.317867,77328280
2018-06-11,41.639521,42.345722,41.192968,42.303566,42.130999,56677539
2018-06-12,42.409856,42.74962,42.20518,42.640881,42.466995,34545478
2018-06-13,42.586743,43.494965,42.420197,43.470782,43.293572,46390540
2018-06-14,43.308291,43.467088,42.780697,43.185028,43.009041,27728974
2018-06-15,43.060534,43.614009,43.001563,43.251854,43.075653,35803119
2018-06-18,43.234879,43.44112,42.952035,43.225424,43.049508,75910827
2018-06-19,43.295195,44.931182,42.975098,44.5787,44.397338,87800855
2018-06-20,44.638174,45.724944,44.100356,45.443304,45.258486,52203627
2018-06-21,45.430837,46.214739,44.965439,45.68292,45.49719,40091687
2018-06-22,45.455266,46.129636,45.24892,45.980678,45.7938,46893482
2018-06-25,46.267132,46.706021,44.946799,45.393027,45.208724,29866249
2018-06-26,45.259991,46.440572,44.939931,46.314063,46.126083,48474926
2018-06-27,46.407308,46.848121,44.918816,45.363513,45.179453,33826502
2018-06-28,45.36044,45.831834,44.689451,45.126058,44.943023,51948120
2018-06-29,45.420181,46.299723,45.303419,46.104317,45.917377,58148548
2018-07-02,45.8972,47.593851,45.723398,47.303591,47.111982,30227752
2018-07-03,46.482916,47.400847,46.336534,47.263658,47.072275,38583216
2018-07-05,47.203519,48.115639,46.931738,47.435284,47.243335,71745501
2018-07-06,47.494851,48.297319,47.124716,47.963207,47.769187,51443265
2018-07-09,47.649907,47.849038,46.340524,46.852963,46.663626,33895239
2018-07-10,46.523391,46.880871,45.73663,45.81822,45.633126,56669944
2018-07-11,45.437893,46.187395,45.188599,46.087915,45.901795,65998029
2018-07-12,45.330404,45.864623,44.358156,45.069333,44.887388,69511241
2018-07-13,45.117896,45.652674,44.631628,45.409451,45.226195,58331678
2018-07-16,45.508177,45.727888,44.264633,44.5332,44.353662,40952503
2018-07-17,44.54465,44.970221,44.209092,44.921245,44.740204,61086268
2018-07-18,44.96335,45.267381,44.558028,44.746381,44.566105,51519544
2018-07-19,44.180576,44.816117,43.653456,44.747206,44.566988,36842487
2018-07-20,44.187637,45.634594,43.932573,45.188611,45.006677,66220340
2018-07-23,45.282843,45.666601,43.680263,44.210194,44.03238,32409763
2018-07-24,43.995435,44.129975,43.202833,43.661897,43.486348,45138554
2018-07-25,43.444922,43.613611,42.901604,43.383109,43.20874,48031980
2018-07-26,43.445354,43.815135,42.868744,43.095846,42.922691,35090960
2018-07-27,42.799377,43.451328,42.499206,43.309831,43.135875,47278204
2018-07-30,43.322635,44.296759,42.841513,44.253769,44.076203,43034645
2018-07-31,43.781872,44.681178,43.629813,44.426806,44.248605,23171394
2018-08-01,44.709825,44.900054,43.742564,44.202109,44.02487,47641148
2018-08-02,43.977248,44.125796,43.051035,43.355172,43.181388,33491558
2018-08-03,43.214202,44.004367,43.017318,43.88291,43.70707,56673115
2018-08-06,43.561585,43.87297,42.861881,43.654536,43.479791,30032445
2018-08-07,43.359652,44.310745,43.239193,43.818656,43.643313,58268274
2018-08-08,43.773617,44.957836,43.582715,44.876797,44.697281,38442846
2018-08-09,45.081268,45.1832,44.707097,44.95571,44.77594,44434332
2018-08-10,44.883817,44.966477,44.118625,44.364173,44.186829,34023120
2018-08-13,44.209921,44.703436,44.038273,44.223662,44.04706,48149939
2018-08-14,44.294882,44.602749,44.213311,44.349596,44.172552,41271203
2018-08-15,44.174024,44.289699,43.661731,44.100952,43.924961,49076968
2018-08-16,44.102887,44.436896,43.381249,43.649671,43.47554,47793361
2018-08-17,43.69103,45.008975,43.516321,44.567338,44.389607,56695967
2018-08-20,44.889561,45.86028,44.821809,45.709403,45.527304,49258592
2018-08-21,45.55276,45.581767,45.091885,45.361921,45.181269,47569093
2018-08-22,45.172776,45.29638,43.638548,43.66599,43.492151,71912769
2018-08-23,43.363698,43.506573,43.173437,43.351727,43.179199,54359789
2018-08-24,43.421937,43.86926,43.272234,43.698257,43.524409,33281176
2018-08-27,43.911056,44.542792,42.777636,43.04745,42.876367,32486827
2018-08-28,42.880786,43.078084,42.647594,43.01248,42.841594,59675952
2018-08-29,42.660258,44.005115,42.568927,43.717344,43.543718,49030639
2018-08-30,43.586009,43.945309,43.42936,43.739699,43.566044,30757940
2018-08-31,44.139743,44.417926,42.660237,42.907874,42.737579,54288940
2018-09-04,42.975822,43.230844,41.654787,41.755427,41.589934,45520898
2018-09-05,41.49291,42.305827,41.409535,42.098853,41.932057,40944545
2018-09-06,42.003405,42.315093,41.101089,41.256145,41.092744,38221775
2018-09-07,41.21308,41.950019,41.03275,41.597366,41.43267,64536545
2018-09-10,41.754899,42.147657,41.197497,42.007689,41.84154,31886252
2018-09-11,42.014351,42.141816,41.56215,41.836589,41.671174,58136309
2018-09-12,41.26279,42.40251,40.980031,42.266209,42.099153,65411233
2018-09-13,41.926599,42.118946,41.748876,42.036057,41.869968,38124321
2018-09-14,41.988535,42.425215,41.701356,42.319419,42.152268,22838958
2018-09-17,42.401526,42.497132,41.894517,42.146316,41.980021,53480326
2018-09-18,42.462356,42.645359,42.427636,42.468984,42.301474,40357480
2018-09-19,42.647571,42.710488,41.67065,41.752812,41.588183,40032496
2018-09-20,41.618478,41.73167,41.267012,41.599329,41.435362,27230772
2018-09-21,41.574536,42.566575,41.503233,42.269779,42.103228,34014646
2018-09-24,42.445636,42.540973,41.791831,42.028838,41.863408,50779449
2018-09-25,41.75119,42.945274,41.480625,42.778066,42.609745,40742486
2018-09-26,43.028542,43.386732,43.001761,43.242064,43.071976,40155925
2018-09-27,43.52818,44.751255,43.34069,44.219946,44.046072,35750374
2018-09-28,44.448783,44.808996,44.282101,44.537924,44.362861,21993607
2018-10-01,44.383609,44.487981,43.571042,43.746266,43.574494,48010805
2018-10-02,43.656295,43.77415,42.700582,43.254244,43.084463,46790796
2018-10-03,43.481746,43.802916,41.583123,41.816202,41.652122,33785641
2018-10-04,41.469309,41.601166,41.321483,41.482291,41.319578,29539770
2018-10-05,41.295252,42.293965,40.721238,42.037022,41.87219,48909169
2018-10-08,41.956836,42.377693,41.399423,42.342386,42.17653,40320691
2018-10-09,42.262154,43.331505,42.224618,43.233558,43.06427,40104960
2018-10-10,43.457695,43.545004,43.086451,43.519533,43.349185,41544610
2018-10-11,43.775318,44.062264,42.040269,42.28763,42.122162,50343249
2018-10-12,42.159373,43.810811,41.719089,43.539357,43.36905,51631141
2018-10-15,43.616521,44.076933,42.713411,42.737525,42.57053,63269683
2018-10-16,42.629488,44.710967,42.236526,44.119443,43.947108,43071769
2018-10-17,44.06438,45.225107,43.449424,44.969413,44.793819,54443270
2018-10-18,44.890792,45.196279,44.510545,44.716127,44.541583,24927567
2018-10-19,45.036726,45.495495,44.339361,45.359586,45.182592,60918765
2018-10-22,46.050993,46.459043,44.321123,45.232986,45.056671,37188601
2018-10-23,45.498246,46.367001,45.300711,45.877385,45.698621,56659874
2018-10-24,46.014634,46.3991,45.164846,46.125661,45.945993,52178273
2018-10-25,46.115815,46.22323,45.345288,45.588768,45.411253,16639887
2018-10-26,45.395848,46.011231,45.304293,45.928249,45.749474,44078396
2018-10-29,45.942765,46.731454,45.56548,45.931806,45.753205,30079846
2018-10-30,45.579931,46.640737,45.378084,46.389958,46.209639,45386526
2018-10-31,46.51036,46.567009,46.078546,46.29533,46.115442,52395235
2018-11-01,46.158189,47.567171,45.801848,47.347004,47.163094,48689710
2018-11-02,47.53618,47.581701,46.403526,46.695316,46.514002,66899888
2018-11-05,46.435159,46.943361,46.321635,46.660748,46.479759,53011978
2018-11-06,47.077948,47.280239,46.935047,47.087522,46.904941,42299129
2018-11-07,46.979314,48.483282,46.318196,47.853803,47.668317,30891259
2018-11-08,48.279884,48.353944,46.78272,47.459391,47.275498,31064976
2018-11-09,47.71472,47.737132,46.525791,46.779064,46.597871,28153805
2018-11-12,46.551132,47.834799,46.483437,47.217264,47.034567,37211335
2018-11-13,47.145141,47.41305,47.017969,47.24087,47.058145,38245486
2018-11-14,47.58387,47.683217,45.564102,45.768441,45.591474,46782003
2018-11-15,45.944456,48.058931,45.470171,47.832866,47.647982,44195160
2018-11-16,48.38363,48.782482,46.743082,46.808334,46.627474,50767781
2018-11-19,46.624946,47.689542,46.430812,47.600403,47.416678,57848281
2018-11-20,47.061862,49.057994,46.82738,48.865257,48.676716,58450621
2018-11-21,48.945826,50.245771,48.575054,49.962052,49.769347,40237570
2018-11-23,49.72554,51.203348,49.264168,50.972397,50.775935,51341835
2018-11-26,51.347032,51.430993,50.13412,50.465091,50.27079,54436028
2018-11-27,50.483333,50.866857,49.900034,50.518396,50.323959,38034644
2018-11-28,49.963765,51.486587,49.799346,50.72581,50.530644,54265816
2018-11-29,51.453608,52.661249,50.722496,52.514135,52.31216,39618297
2018-11-30,52.141949,53.363524,51.963505,53.22215,53.017525,36846960
2018-12-03,53.528973,54.104643,53.228864,53.311264,53.106514,27869082
2018-12-04,53.359107,54.62117,53.189386,54.145843,53.937961,50482482
2018-12-05,54.028103,55.045324,53.886248,54.474037,54.26497,50327812
2018-12-06,54.888113,55.435202,54.140889,54.322065,54.113655,42170413
2018-12-07,54.485265,55.362672,52.520153,52.62325,52.421429,22288330
2018-12-10,52.553124,54.669225,52.489097,54.624959,54.415684,75305718
2018-12-11,54.63873,55.132078,53.708845,54.04061,53.833649,26507168
2018-12-12,54.586151,55.13508,53.957986,54.268311,54.060551,58099981
2018-12-13,54.229637,55.704385,53.676808,55.512976,55.300527,48887690
2018-12-14,55.842041,56.175788,54.609315,54.723569,54.514216,50324239
2018-12-17,54.88678,57.94116,54.769981,57.471014,57.251385,66346418
2018-12-18,57.805635,58.147526,56.532877,56.843524,56.62637,66997979
2018-12-19,57.028239,57.63993,55.43587,55.879095,55.665702,55062197
2018-12-20,55.906764,56.184871,55.684463,56.119822,55.905586,58513455
2018-12-21,55.958534,56.227141,55.611911,56.027115,55.81331,48280625
2018-12-24,56.200096,56.516368,55.742944,56.295114,56.080516,35154887
2018-12-26,55.938489,56.675208,55.465438,56.433367,56.218396,37669666
2018-12-27,55.9958,56.403209,55.779007,55.819969,55.607411,63296121
2018-12-28,55.775838,56.825947,55.563594,56.541012,56.325785,49867187
2018-12-31,56.975132,57.268853,55.827341,56.534872,56.319899,71068244
2019-01-02,56.642493,56.95253,54.649903,55.418369,55.207793,40305867
2019-01-03,55.340683,55.549309,54.579711,55.03787,54.828815,27482264
2019-01-04,55.195554,55.795401,54.398452,55.302027,55.092045,45627428
2019-01-07,55.675762,55.946208,53.132119,53.594945,53.391663,21494863
2019-01-08,53.169038,53.250023,50.627525,50.750397,50.557974,58690793
2019-01-09,51.411182,52.232333,50.376629,50.496895,50.305502,27335093
2019-01-10,49.681988,50.148906,49.364786,49.819458,49.6307,40574850
2019-01-11,49.761628,50.512006,49.522074,49.848307,49.659508,21248352
2019-01-14,49.915425,50.586029,48.784669,50.312694,50.122342,53793714
2019-01-15,49.638318,51.114393,49.396194,51.020432,50.827472,66558131
2019-01-16,51.270474,51.684738,49.921458,50.18283,49.993106,55897258
2019-01-17,50.457775,52.288062,50.362492,51.686485,51.491147,47267075
2019-01-18,51.808816,51.893941,50.532782,50.651702,50.460344,50513981
2019-01-22,50.989202,51.095121,50.509152,50.541772,50.351105,38424518
2019-01-23,50.210622,52.395413,49.74303,51.728596,51.533522,34913811
2019-01-24,52.050943,52.600469,49.677262,49.820381,49.632571,47489644
2019-01-25,49.946332,51.968217,49.382025,51.267085,51.073891,28195079
2019-01-28,50.862402,51.11211,48.158247,48.906725,48.722626,94706921
2019-01-29,48.604277,50.285607,47.977909,50.144147,49.955458,43842865
2019-01-30,49.926953,53.578082,49.65296,53.116671,52.916869,68647313
2019-01-31,53.187213,54.379132,53.047414,54.18376,53.980019,28398109
2019-02-01,54.152333,57.190705,54.102824,56.420339,56.208265,74004538
2019-02-04,55.966427,57.495565,54.981174,56.615052,56.402477,56966150
2019-02-05,56.903269,57.738781,56.519509,57.631038,57.414727,38482689
2019-02-06,57.668567,57.977653,56.839306,57.858671,57.641584,71324537
2019-02-07,57.796886,58.310506,57.344808,58.28249,58.063892,47390719
2019-02-08,58.889432,59.442735,56.219129,56.389603,56.178182,31547126
2019-02-11,55.947382,56.857508,55.840156,56.517657,56.305987,29920008
2019-02-12,56.372397,57.628621,56.172807,57.458209,57.243095,74705647
2019-02-13,57.690112,57.95502,55.9997,56.52354,56.312003,52950119
2019-02-14,56.671741,57.258832,55.302671,55.853283,55.64433,48224396
2019-02-15,55.881045,58.468979,55.724624,57.782836,57.566743,31327107
2019-02-19,57.649984,60.776803,57.542318,60.161183,59.936525,30049699
2019-02-20,60.468837,60.986626,59.143686,59.618024,59.395474,83955736
2019-02-21,60.108015,60.817921,57.734474,58.118815,57.901941,52607729
2019-02-22,58.322981,59.335677,57.504872,57.625916,57.41096,28030422
2019-02-25,57.38021,59.018916,57.289585,58.454645,58.236837,44947129
2019-02-26,58.370117,58.939659,58.21573,58.444862,58.227171,43200044
2019-02-27,58.719024,59.472408,58.369237,58.751672,58.532918,47278215
2019-02-28,58.639565,59.092517,58.539974,58.934152,58.714798,31646916
2019-03-01,59.191079,59.760149,58.821801,59.326242,59.10551,32826715
2019-03-04,59.598884,60.315433,58.972631,60.184536,59.960857,51635565
2019-03-05,60.556581,61.030104,60.42897,60.845574,60.619521,66303108
2019-03-06,60.371129,61.989807,59.797702,61.603051,61.374268,56379465
2019-03-07,61.417024,61.896507,59.719694,60.449033,60.224618,32701139
2019-03-08,60.183823,61.355179,59.879504,61.26997,61.042591,65055397
2019-03-11,60.708736,60.955225,59.167047,60.062431,59.839779,28222423
2019-03-12,59.498916,59.547742,56.776649,57.483442,57.270429,43180242
2019-03-13,57.834484,59.059412,56.360254,57.187443,56.975604,30055051
2019-03-14,56.687059,59.049465,56.642841,58.839279,58.621402,94693875
2019-03-15,58.604081,60.289087,58.49938,60.213388,59.990505,28116911
2019-03-18,59.814078,61.617727,59.385076,59.910137,59.688622,30775172
2019-03-19,59.487197,60.732072,59.310577,60.181888,59.95945,36945410
2019-03-20,59.917124,65.263256,59.685837,64.69181,64.452791,44608010
2019-03-21,64.182197,68.66249,63.801725,67.641659,67.391834,62569494
2019-03-22,67.080455,68.930795,66.868845,68.3823,68.129833,58131039
2019-03-25,67.910205,68.081775,66.86269,67.267785,67.019707,56668884
2019-03-26,66.893069,68.100771,66.749354,67.651694,67.402293,25470335
2019-03-27,67.136876,67.200621,66.510313,66.611141,66.365666,56074834
2019-03-28,66.750009,66.971195,65.022037,65.146893,64.906903,46144481
2019-03-29,64.488589,66.669888,64.144909,65.897389,65.654725,41096765
2019-04-01,65.832147,65.952637,62.71919,64.105213,63.86941,78168634
2019-04-02,63.758145,65.211048,63.128222,65.127545,64.888071,59100802
2019-04-03,64.730674,65.130369,64.154534,64.381454,64.144811,40900801
2019-04-04,64.392525,64.738563,64.349388,64.561977,64.324759,44593355
2019-04-05,65.16247,66.273196,63.315602,63.456486,63.223416,37486480
2019-04-08,63.738799,64.703293,63.47109,64.592394,64.355417,38962689
2019-04-09,64.280325,64.899164,64.013701,64.551797,64.315056,41013168
2019-04-10,64.250436,65.696559,63.922023,65.253942,65.014715,52235257
2019-04-11,65.001321,67.010651,64.137651,66.355685,66.112509,76888377
2019-04-12,66.377168,66.986956,65.371349,65.995079,65.753316,33047710
2019-04-15,66.214677,67.093357,65.496084,65.920152,65.678932,35488510
2019-04-16,66.555525,67.06164,64.610752,65.145621,64.907324,58441589
2019-04-17,66.067808,66.317432,63.051848,64.363481,64.128133,46208393
2019-04-18,65.564021,66.544224,65.450757,66.501713,66.258637,53446650
2019-04-22,66.72649,69.370248,66.636945,67.807485,67.560007,73399408
2019-04-23,67.642283,68.254761,67.240145,67.354732,67.108998,46323657
2019-04-24,67.802524,68.113326,67.518349,68.03637,67.788242,42114598
2019-04-25,68.063582,68.384328,67.78966,68.089696,67.841466,68836561
2019-04-26,68.346435,69.818464,67.618066,68.903633,68.652529,58664651
2019-04-29,68.532485,71.223004,67.762483,70.584129,70.32719,49930924
2019-04-30,70.98496,71.282658,69.956208,70.657571,70.400461,39178878
2019-05-01,70.76659,71.353086,70.45961,71.00471,70.746434,54288965
2019-05-02,71.450685,71.63395,70.676275,71.601235,71.340887,48713334
2019-05-03,72.260101,73.174931,71.450358,72.922239,72.657187,77771405
2019-05-06,73.75499,74.250569,71.739385,71.799627,71.538949,34260201
2019-05-07,71.443849,72.298154,70.964695,71.973475,71.712264,34670033
2019-05-08,71.825322,72.043378,71.190379,71.754118,71.493802,26389254
2019-05-09,72.167264,72.799557,70.872452,71.33326,71.074567,59141910
2019-05-10,71.362885,72.330818,70.511491,71.091583,70.833864,52625230
2019-05-13,71.09467,71.733249,70.865346,71.272453,71.01437,68440053
2019-05-14,71.413934,72.289484,70.966093,71.289051,71.031005,24067024
2019-05-15,71.051526,71.523125,70.157656,70.467588,70.212611,34683932
2019-05-16,70.268434,70.369329,69.609543,69.691906,69.439832,71773178
2019-05-17,69.094655,71.645026,68.81825,71.306563,71.048745,45059553
2019-05-20,71.915103,72.682297,71.278173,72.592203,72.330034,35319019
2019-05-21,72.849641,73.183917,72.553527,73.151632,72.887542,46626738
2019-05-22,72.382875,73.144819,71.690077,73.101785,72.837975,57395738
2019-05-23,72.260174,74.423334,71.605926,73.806065,73.539814,27925113
2019-05-24,74.42277,75.337339,71.555397,71.924153,71.664789,46213680
2019-05-28,71.823576,72.411253,71.122961,72.000454,71.741207,46733885
2019-05-29,71.944202,72.683268,71.247392,71.58022,71.322585,38880527
2019-05-30,71.930308,72.602902,71.601322,71.645326,71.387554,39809625
2019-05-31,71.933016,73.381196,71.23073,73.268162,73.004651,69544048
2019-06-03,72.996396,73.747473,72.714947,73.647841,73.383266,41994786
2019-06-04,74.394043,75.26363,74.248484,75.028862,74.759427,43103078
2019-06-05,75.151142,77.100626,75.095485,76.112592,75.83937,35280043
2019-06-06,76.549944,76.898752,75.576452,76.102576,75.829494,38902649
2019-06-07,76.404002,76.83909,75.191557,75.811934,75.539998,46724672
2019-06-10,75.814067,78.953868,75.686754,77.855148,77.576201,45561981
2019-06-11,78.663237,79.039133,77.629659,78.067585,77.787984,41905852
2019-06-12,77.380633,78.491428,76.577745,78.05622,77.776766,53904393
2019-06-13,77.983483,79.933351,77.391813,79.391216,79.107091,62732436
2019-06-14,79.247737,79.541829,78.135887,79.055091,78.772277,25638993
2019-06-17,78.115102,79.761278,77.799563,79.551077,79.266814,42066107
2019-06-18,79.355452,82.102958,78.757166,81.133457,80.843651,31738183
2019-06-19,80.970055,81.404183,78.529345,79.347104,79.063786,48466856
2019-06-20,79.6212,79.707304,78.02066,78.317888,78.038352,28285305
2019-06-21,77.695547,78.750516,77.486957,78.369202,78.08959,56903956
2019-06-24,77.805735,78.927296,77.556483,78.582807,78.302754,37389969
2019-06-25,79.079237,80.877127,78.557046,80.510305,80.223492,34997392
2019-06-26,80.310799,80.398716,77.373171,78.359117,78.080075,45681313
2019-06-27,78.236716,80.043333,78.15927,79.645116,79.361603,32032692
2019-06-28,79.318789,79.802192,77.365718,77.666841,77.390476,48798938
2019-07-01,77.57593,77.775174,76.971739,77.100512,76.826478,54578308
2019-07-02,77.445394,78.126534,77.37688,78.043501,77.766222,29083689
2019-07-03,77.708034,78.103936,77.398277,77.981248,77.704297,42881116
2019-07-05,78.242929,80.141627,77.976542,79.560065,79.277723,70048760
2019-07-08,80.081037,80.379064,79.008009,79.321089,79.03992,73360345
2019-07-09,78.58141,81.640215,77.740144,80.953874,80.667028,43333378
2019-07-10,81.266564,82.302127,80.730683,81.460441,81.171911,33752028
2019-07-11,81.840309,82.627635,81.764394,82.4907,82.198633,34547690
2019-07-12,82.587963,83.111537,82.222653,82.263619,81.972469,50629482
2019-07-15,83.201511,84.525684,82.834454,84.274073,83.976152,24149229
2019-07-16,84.805724,85.381616,84.458869,85.336224,85.034664,73171116
2019-07-17,85.500427,86.026587,85.457691,85.631123,85.328638,36744160
2019-07-18,85.702707,86.469796,84.34525,84.739214,84.439995,60526861
2019-07-19,84.78479,85.594674,84.236269,84.342288,84.044586,57192133
2019-07-22,84.285846,84.668901,83.492236,84.032223,83.735959,27921679
2019-07-23,84.119803,85.225789,83.17665,85.162077,84.861946,65747013
2019-07-24,85.246631,86.812564,85.074279,86.412019,86.107601,31545510
2019-07-25,86.148263,86.250353,85.467688,85.997791,85.694949,55228380
2019-07-26,85.457808,87.276092,85.408698,86.832545,86.526882,17861894
2019-07-29,86.326777,86.863378,84.178225,84.359364,84.062752,62129547
2019-07-30,84.005865,84.700775,81.799464,82.251061,81.961975,36733894
2019-07-31,81.854901,82.863436,81.482604,81.71422,81.427131,28646083
2019-08-01,80.736913,80.992686,79.732923,79.996533,79.715589,41507402
2019-08-02,80.71277,81.132205,80.391509,81.095087,80.810395,54079851
2019-08-05,80.355846,82.223677,80.192063,81.947072,81.659725,39504775
2019-08-06,81.615539,83.013234,80.98681,82.014235,81.726764,45553315
2019-08-07,81.65425,82.802321,78.196446,79.380709,79.102577,36489774
2019-08-08,78.848453,78.943407,77.678405,78.073205,77.799761,50021351
2019-08-09,78.307709,78.819401,75.252903,76.124572,75.858057,55261390
2019-08-12,75.924202,77.060677,74.678221,74.810426,74.548817,69245590
2019-08-13,74.775071,75.399594,73.883134,73.95076,73.692259,54665596
2019-08-14,73.533488,75.938542,73.056082,75.391565,75.12813,78968782
2019-08-15,75.670796,76.422595,71.036209,71.933767,71.682512,48771459
2019-08-16,70.990489,72.49999,70.926565,71.608329,71.358309,24590337
2019-08-19,71.558167,71.920066,70.165363,70.211827,69.96697,29228514
2019-08-20,70.3479,70.642122,69.99181,70.026325,69.782211,69174314
2019-08-21,70.33415,70.401981,69.196154,69.54797,69.305618,44888455
2019-08-22,70.740009,71.489704,66.935171,67.06492,66.831312,72489533
2019-08-23,67.379923,67.755928,66.781977,67.089521,66.855919,44937185
2019-08-26,67.210212,67.752269,66.64264,67.144922,66.911401,55292525
2019-08-27,66.975206,68.49782,65.452268,67.480981,67.246384,37095147
2019-08-28,67.968586,68.512923,66.837662,68.284149,68.046853,68538202
2019-08-29,67.604013,68.072004,66.702619,67.316244,67.082403,21535596
2019-08-30,67.703996,68.470244,64.886036,65.704319,65.476168,38275939
2019-09-03,65.832206,67.067945,65.244001,66.982781,66.750556,23221150
2019-09-04,66.490093,66.560836,65.415878,65.457889,65.23104,32470166
2019-09-05,65.517679,66.938502,64.984207,66.207725,65.978367,34096680
2019-09-06,66.377552,68.48316,65.424204,67.566238,67.332267,78987108
2019-09-09,67.260625,67.854757,66.043012,66.402735,66.173064,34938013
2019-09-10,66.020359,67.973384,65.037492,67.422899,67.189792,49254373
2019-09-11,66.619457,69.452343,65.580699,68.441345,68.204809,24460604
2019-09-12,68.499694,69.212572,68.235396,68.311268,68.075276,23261871
2019-09-13,68.975133,69.169746,65.638295,66.6115,66.381471,63011426
2019-09-16,65.826805,69.70445,65.778769,69.083037,68.844755,48034569
2019-09-17,69.989887,70.452718,69.379168,69.7002,69.459885,42560427
2019-09-18,69.605524,69.664954,68.158569,68.260815,68.025556,34620567
2019-09-19,68.916359,69.742049,68.41363,69.454742,69.215462,58443831
2019-09-20,69.348849,70.195372,67.70572,67.845982,67.612338,20535985
2019-09-23,67.56698,68.267446,67.130133,67.478812,67.246708,36615418
2019-09-24,67.085193,68.837369,66.67245,68.439622,68.204307,24544238
2019-09-25,68.745606,70.843753,68.37632,70.551913,70.309432,27783514
2019-09-26,69.982218,70.909091,69.656239,70.323793,70.082191,56336824
2019-09-27,70.403542,71.309726,69.567235,69.954084,69.713848,74355501
2019-09-30,70.18588,71.500461,69.912262,71.185958,70.941782,27271029
2019-10-01,71.430016,71.737216,69.943144,70.212749,69.972007,29518733
2019-10-02,69.954551,70.786009,68.824674,68.871489,68.63544,51637267
2019-10-03,68.420199,68.459617,67.428057,67.696686,67.464756,52617355
2019-10-04,67.666941,68.016754,66.378447,67.791884,67.559721,35453841
2019-10-07,68.022461,68.14274,66.194949,66.226563,66.000031,53143050
2019-10-08,66.631236,67.619241,66.197551,67.18793,66.958201,51603563
2019-10-09,66.984271,67.30205,66.457174,66.995032,66.766054,54392592
2019-10-10,67.08682,67.980021,67.026515,67.879144,67.647238,50711358
2019-10-11,68.336835,68.558059,67.516526,68.052966,67.820558,31547351
2019-10-14,67.518924,68.738771,67.101537,68.493786,68.260153,26531772
2019-10-15,68.355551,70.860631,67.633423,70.773892,70.532578,33600822
2019-10-16,70.419289,70.574947,69.498923,69.569653,69.33254,39066572
2019-10-17,70.296351,72.128556,69.392873,71.431439,71.188079,59604323
2019-10-18,71.435467,72.332549,69.113719,69.663918,69.426674,53367687
2019-10-21,69.201668,70.766639,68.307034,69.165232,68.929969,38003544
2019-10-22,69.351835,70.118834,67.362885,67.726411,67.496135,31288198
2019-10-23,68.284931,69.137195,65.826257,66.870242,66.642968,78828283
2019-10-24,66.791592,67.332002,64.983402,66.484151,66.25828,41363050
2019-10-25,65.79761,67.856024,65.538195,67.458451,67.229362,59501694
2019-10-28,67.866984,69.815009,67.615641,69.412646,69.177205,39752643
2019-10-29,69.640481,70.071924,69.214492,69.936859,69.699735,42404759
2019-10-30,69.459204,70.528183,68.835491,70.100054,69.862473,40338178
2019-10-31,69.641176,70.334658,69.016361,69.235321,69.000764,49043203
2019-11-01,68.990418,69.388076,67.921043,68.048444,67.818001,38034026
2019-11-04,68.498184,68.695115,65.198465,65.930987,65.707984,40157591
2019-11-05,66.116322,67.797456,65.063054,67.427529,67.199557,67105471
2019-11-06,68.083401,68.843294,67.468492,68.805878,68.57334,60784635
2019-11-07,68.838582,70.203773,68.338367,69.901454,69.665309,23729842
2019-11-08,70.059203,70.738263,69.982026,70.573602,70.335282,31582609
2019-11-11,70.722464,71.140808,69.372025,69.524246,69.289754,67206711
2019-11-12,68.904313,70.593721,68.822314,70.109754,69.873383,48718787
2019-11-13,69.92865,70.772162,69.773547,70.569583,70.331758,58423179
2019-11-14,71.015364,71.371768,70.557541,71.333716,71.093414,39604816
2019-11-15,70.342962,71.388566,70.249488,71.105915,70.866477,43123206
2019-11-18,71.0213,71.162402,69.37524,69.695065,69.460663,37501532
2019-11-19,69.035211,69.137524,68.927011,69.036207,68.804115,60356397
2019-11-20,69.277642,70.292555,69.149904,69.330556,69.097569,39459580
2019-11-21,68.55177,69.843387,68.497116,69.743637,69.509357,35401765
2019-11-22,70.250613,71.396154,70.03714,70.988052,70.749688,76897960
2019-11-25,70.703685,71.188223,69.364477,69.562411,69.329119,34422400
2019-11-26,69.421833,69.853592,68.906669,69.734525,69.500751,39255533
2019-11-27,70.212373,70.675343,69.399813,69.662042,69.428606,59973194
2019-11-29,69.224687,69.664274,68.94189,69.630179,69.39704,57828659
2019-12-02,69.93039,70.493957,69.580168,70.101185,69.866756,52534157
2019-12-03,70.208714,71.598463,70.124194,71.478545,71.239608,57295475
2019-12-04,71.443852,71.624658,70.354771,70.988912,70.751708,40763514
2019-12-05,71.557238,73.611308,70.689246,73.005907,72.762063,71200299
2019-12-06,73.285344,74.140915,71.085902,71.706721,71.467314,42538641
2019-12-09,71.638487,73.162857,71.031044,73.095628,72.851883,51228946
2019-12-10,73.673667,74.378516,72.310432,72.65331,72.411139,28672949
2019-12-11,72.449978,74.841062,71.434642,74.090111,73.843252,39324770
2019-12-12,73.901089,74.302964,72.166761,73.205072,72.961261,32977844
2019-12-13,73.271438,76.329914,72.932785,75.860949,75.608396,50636136
2019-12-16,76.346763,77.57758,76.068462,77.511886,77.254155,42437761
2019-12-17,77.284503,80.159499,76.887411,80.059094,79.793002,43291075
2019-12-18,79.564165,81.138883,78.71104,80.357036,80.090064,33767231
2019-12-19,80.279528,80.745186,80.083085,80.119716,79.853642,51634903
2019-12-20,80.354204,80.524966,78.570244,79.282513,79.019327,45778880
2019-12-23,78.21492,78.27745,77.210072,77.375978,77.119438,77459104
2019-12-24,77.759954,78.322222,75.900841,76.463217,76.209807,35887412
2019-12-26,75.254543,77.810457,74.993803,77.232884,76.977134,27902870
2019-12-27,76.954836,77.461432,74.084791,75.175807,74.926972,29695539
2019-12-30,74.320243,76.413811,73.788376,76.336655,76.084289,53615955
2019-12-31,76.761825,79.016374,76.577173,77.70949,77.452692,47013387
2020-01-02,78.185505,78.852201,76.094955,76.390691,76.138459,43992345
2020-01-03,76.635863,77.230369,75.90413,76.816176,76.562645,37182343
2020-01-06,76.240823,77.225447,75.487327,75.764277,75.514527,71603617
2020-01-07,75.804238,78.058912,75.579016,77.985818,77.728852,43532004
2020-01-08,78.32088,78.586942,76.163076,76.786957,76.534046,70760917
2020-01-09,77.15348,78.366093,76.509608,78.291919,78.034158,39363632
2020-01-10,78.765546,79.267571,77.792609,79.092454,78.832165,66690859
2020-01-13,79.182224,82.22802,77.998265,81.093215,80.826674,30801499
2020-01-14,80.951729,84.169236,80.223139,83.975497,83.699596,46590825
2020-01-15,83.905482,87.358802,82.927409,86.774516,86.489537,24800805
2020-01-16,86.83443,87.65015,86.770635,86.885586,86.600361,49651257
2020-01-17,87.144812,89.836345,86.66983,89.180941,88.888304,41542891
2020-01-21,89.142774,90.298004,87.994824,88.2034,87.914451,51131450
2020-01-22,88.477806,89.226302,85.642808,86.847899,86.563509,30845210
2020-01-23,86.664392,86.934132,85.282042,86.309939,86.027428,44137364
2020-01-24,86.63343,89.032998,86.513716,88.498019,88.208467,63243270
2020-01-27,88.840611,90.526672,87.957797,89.488844,89.196417,37721379
2020-01-28,89.748418,89.885379,86.449507,87.329646,87.044393,44444070
2020-01-29,87.37178,87.871346,86.478595,87.825577,87.538824,66485872
2020-01-30,87.528953,90.049344,87.355341,89.458863,89.1669,62023107
2020-01-31,90.418232,91.858094,88.447294,90.864522,90.568096,36220100
2020-02-03,90.162244,92.841436,89.912386,92.40524,92.104165,32534067
2020-02-04,92.32992,93.400604,90.951845,91.870757,91.571549,45541175
2020-02-05,91.739021,91.94058,89.603417,89.933471,89.640695,32872216
2020-02-06,90.085166,93.604227,89.255877,92.502471,92.201458,54929592
2020-02-07,92.732821,93.77526,92.24337,93.05216,92.749485,49315468
2020-02-10,92.769186,93.667622,92.201268,93.214133,92.911313,63604298
2020-02-11,93.287907,94.742495,91.902385,92.235742,91.936226,51842796
2020-02-12,92.904022,93.44464,91.353782,93.345415,93.042423,57678450
2020-02-13,92.685918,93.119441,91.369899,91.95494,91.656587,38011487
2020-02-14,92.51315,93.064513,90.857761,91.566452,91.269484,32089882
2020-02-18,90.193468,93.376997,89.910556,92.860591,92.559933,40131251
2020-02-19,93.714166,94.618739,93.152539,94.022173,93.717882,60296839
2020-02-20,93.601552,94.31424,92.792357,94.072186,93.767862,65848358
2020-02-21,93.452366,96.00985,92.73341,94.722818,94.416518,45512688
2020-02-24,95.204677,95.293046,93.588785,93.865817,93.562673,56677560
2020-02-25,94.531725,95.330541,94.411964,94.846933,94.54075,42076367
2020-02-26,94.482534,94.804459,93.9522,94.340457,94.036038,56731551
2020-02-27,93.573881,94.188961,92.789253,94.135648,93.832018,35669129
2020-02-28,93.483663,94.363763,92.32201,92.461899,92.163794,24758688
2020-03-02,92.758819,93.001662,91.521096,92.422367,92.124767,35147310
2020-03-03,92.124809,92.804646,91.827356,92.627316,92.329183,43511398
2020-03-04,92.057005,92.952841,91.189767,91.969379,91.67349,50504236
2020-03-05,91.764834,92.193591,89.311298,89.504113,89.216276,76162330
2020-03-06,89.498374,90.460006,89.048661,89.603719,89.315685,43908236
2020-03-09,89.789595,89.925996,89.106714,89.28351,88.996871,70558059
2020-03-10,89.739106,91.636588,89.173311,91.309939,91.016918,40544991
2020-03-11,91.259319,93.412307,90.820614,92.916666,92.618616,49248770
2020-03-12,93.475282,95.04113,92.910145,94.593798,94.290498,42121949
2020-03-13,94.557782,95.912088,94.467865,95.72454,95.417745,36490368
2020-03-16,95.164315,96.052243,94.954879,95.551994,95.246143,53924317
2020-03-17,95.206585,96.9609,94.314382,96.179925,95.872195,42040612
2020-03-18,96.229111,96.899037,93.657474,94.114683,93.813689,42144933
2020-03-19,93.688597,94.71421,93.002906,94.133524,93.832598,28656346
2020-03-20,94.006742,95.800995,93.847969,95.274555,94.970111,37039365
2020-03-23,95.308272,98.950009,94.758422,97.728213,97.416329,43976283
2020-03-24,97.145724,97.56563,94.607357,95.176158,94.872549,34014383
2020-03-25,94.62759,96.480874,93.160182,95.615312,95.310432,26897840
2020-03-26,95.299688,95.768854,93.256201,93.61508,93.316706,31074716
2020-03-27,93.545444,93.602769,92.675097,93.099385,92.802782,54140598
2020-03-30,92.850635,93.091725,91.71791,92.766613,92.47145,42831078
2020-03-31,93.175747,93.854387,90.818938,91.479615,91.188671,57089956
2020-04-01,91.784928,92.101427,89.732786,91.017835,90.728484,51338263
2020-04-02,91.331894,92.558561,90.520383,90.678652,90.390503,35319973
2020-04-03,90.612382,91.211186,90.203535,90.914843,90.626068,55014845
2020-04-06,90.760261,92.420766,89.934053,91.399539,91.109599,58993421
2020-04-07,91.447088,91.941878,89.557406,90.071571,89.785966,36725218
2020-04-08,90.279077,91.450449,90.096598,90.922839,90.634659,38182360
2020-04-09,90.490826,93.063304,90.075111,92.29781,92.005398,84725016
2020-04-13,91.886898,92.386798,90.971211,92.045411,91.754301,42313223
2020-04-14,91.290312,91.586981,91.079254,91.463357,91.174212,36282109
2020-04-15,91.232815,93.544362,90.82615,92.576095,92.283559,68865535
2020-04-16,92.73012,93.195987,92.153668,92.41593,92.124026,39291711
2020-04-17,91.946069,93.015366,91.370261,91.985311,91.694893,78918431
2020-04-20,92.285047,93.014053,89.881422,91.85722,91.567582,38944499
2020-04-21,91.519069,94.263675,91.004872,94.07481,93.778308,62768308
2020-04-22,93.03953,96.424623,91.852142,91.906741,91.617198,48523505
2020-04-23,90.244785,93.354468,89.788969,91.260645,90.973262,21988059
2020-04-24,92.838512,93.518656,87.843143,88.538934,88.260243,31456409
2020-04-27,87.712255,94.442367,86.655738,92.651324,92.360068,35635608
2020-04-28,91.489791,92.904855,91.190058,92.199638,91.909927,46852070
2020-04-29,92.921104,94.211104,88.058912,91.503678,91.216279,61084975
2020-04-30,90.816516,92.18661,89.521656,90.061786,89.779039,45546507
2020-05-01,88.01006,94.335551,86.8659,92.75687,92.465788,57070240
2020-05-04,94.097039,94.233486,90.00902,91.188012,90.902227,40875957
2020-05-05,91.315806,91.45197,89.438374,90.487519,90.204052,77029181
2020-05-06,90.667874,94.935121,87.633581,88.308393,88.031873,28624838
2020-05-07,89.025899,91.498914,88.059822,88.173013,87.897038,49233053
2020-05-08,87.940056,91.94892,85.721879,90.878019,90.593701,45821321
2020-05-11,90.543476,94.580778,87.70526,92.803965,92.514002,61106200
2020-05-12,92.926137,104.858508,90.590895,102.671937,102.351281,57962926
2020-05-13,104.439278,105.448445,94.371997,95.025406,94.728761,61452604
2020-05-14,93.938468,104.61021,92.990922,101.625044,101.307936,51846233
2020-05-15,104.321646,113.208499,101.556963,109.503717,109.162173,49711416
2020-05-18,110.939171,112.371905,107.659272,111.846305,111.497913,44787590
2020-05-19,111.248613,112.210699,109.507408,110.179254,109.836204,48867358
2020-05-20,106.274488,115.24563,104.759525,112.398722,112.048916,32194416
2020-05-21,114.199722,114.504308,107.40423,110.651527,110.307309,98353133
2020-05-22,108.265229,114.307183,105.451451,111.164736,110.819074,39241870
2020-05-26,111.653815,112.042197,98.657022,99.827036,99.517173,39960811
2020-05-27,103.694967,104.88759,82.511601,87.872104,87.599469,56772352
2020-05-28,84.865127,92.879283,83.926597,90.525986,90.24524,41676232
2020-05-29,92.968261,93.645412,86.363961,87.82026,87.548025,55636475
2020-06-01,83.985633,94.317215,82.802276,92.352677,92.06677,60704355
2020-06-02,92.199398,96.41398,84.276923,84.599772,84.337982,37755689
2020-06-03,86.047585,87.432401,78.817021,80.98868,80.738175,50328367
2020-06-04,81.057391,81.41929,79.301621,80.37644,80.127938,68406743
2020-06-05,80.676095,82.638906,77.73159,79.333843,79.088674,61521384
2020-06-08,80.380378,81.080354,78.646914,79.818159,79.571819,46540463
2020-06-09,80.487864,84.412142,75.888977,77.090105,76.85229,28529588
2020-06-10,76.654118,76.690634,61.850992,64.746356,64.546708,49404476
2020-06-11,66.236529,68.242226,65.840919,66.347239,66.142746,46842545
2020-06-12,64.947338,66.507511,58.230071,60.041731,59.856755,46568489
2020-06-15,61.113895,61.353007,56.188015,57.334975,57.158572,29810682
2020-06-16,58.10134,62.012791,57.433412,59.331176,59.148712,39875880
2020-06-17,60.188275,60.745373,54.888819,57.464193,57.287549,43860555
2020-06-18,55.85124,61.449731,54.925354,60.674006,60.487578,53928750
2020-06-19,57.23599,63.031065,56.942914,61.280771,61.092562,50148604
2020-06-22,61.982008,64.72058,60.251296,64.211966,64.015018,46345226
2020-06-23,62.868971,68.480286,61.816759,67.597012,67.389774,35596849
2020-06-24,66.474072,68.124405,65.112731,66.995386,66.790083,51056031
2020-06-25,68.981505,69.511617,60.36197,62.519613,62.328111,32820760
2020-06-26,60.272372,61.258854,60.161102,60.2867,60.102121,43780307
2020-06-29,59.255356,61.774835,58.525863,61.663596,61.475053,50668990
2020-06-30,61.858701,66.890849,60.634528,64.217328,64.021065,33064748
2020-07-01,65.284807,68.145853,64.01271,67.569275,67.36286,52025345
2020-07-02,67.427242,67.807519,64.892648,66.134479,65.932537,43715302
2020-07-06,67.242029,69.561675,65.45651,66.602646,66.399638,42139715
2020-07-07,66.35707,70.775055,65.469998,70.029821,69.816462,66551696
2020-07-08,68.919484,70.551313,65.720498,70.058608,69.845257,32787932
2020-07-09,69.927063,74.897213,69.80031,73.57626,73.352297,51265816
2020-07-10,72.813753,74.261235,72.067588,72.324997,72.104942,47034117
2020-07-13,71.822395,74.385308,69.048588,74.34378,74.117886,48773596
2020-07-14,72.157095,76.016347,71.93731,73.996319,73.771583,46094403
2020-07-15,75.600215,78.363963,73.623411,78.18609,77.948735,58661098
2020-07-16,77.898051,82.629599,77.154551,81.696857,81.448956,44039141
2020-07-17,81.574835,87.180464,80.319035,85.060471,84.802479,32055149
2020-07-20,83.870005,89.498108,81.91963,84.404125,84.148469,56673984
2020-07-21,83.030151,83.650218,77.147103,78.346352,78.109152,52704972
2020-07-22,77.360562,81.088252,74.902358,78.873308,78.634621,27671362
2020-07-23,75.221616,83.585021,74.672312,81.940115,81.692259,53570206
2020-07-24,81.625001,83.625285,79.819459,82.791664,82.541345,36422075
2020-07-27,80.479396,81.609606,79.835142,81.043548,80.798846,68215200
2020-07-28,79.509265,81.989705,77.758419,81.118988,80.874169,47064271
2020-07-29,82.026445,83.228422,75.958541,78.555681,78.318705,56158510
2020-07-30,76.883279,78.351812,76.318704,77.82076,77.586108,30029241
2020-07-31,77.074421,82.227712,75.861377,79.331289,79.092191,38173346
2020-08-03,80.072191,80.191003,77.845995,78.707925,78.471028,52902643
2020-08-04,79.001758,80.967749,75.944155,80.515022,80.272794,45792644
2020-08-05,81.305019,82.244982,76.537293,77.097509,76.865669,40744876
2020-08-06,77.928663,79.411631,76.110965,79.189386,78.951364,22849070
2020-08-07,80.016636,80.173679,79.509963,79.654387,79.415075,46837724
2020-08-10,79.167053,83.272346,78.436053,78.661858,78.42585,31095979
2020-08-11,78.014078,78.486127,76.410056,76.914184,76.683525,49214742
2020-08-12,77.052692,78.430722,75.321839,75.419269,75.193196,33707638
2020-08-13,76.693103,78.732092,71.847879,73.107471,72.888427,60302561
2020-08-14,74.071622,76.142436,72.676289,75.781338,75.554387,37655662
2020-08-17,75.576375,75.856754,71.713308,73.141869,72.923122,53101770
2020-08-18,73.796508,73.933478,71.471278,72.249238,72.033259,42701469
2020-08-19,71.719445,72.552628,66.748745,68.09859,67.895112,59491339
2020-08-20,68.237135,69.899866,66.853964,67.09728,66.896885,29519701
2020-08-21,67.500703,68.09155,64.250334,64.45568,64.263262,54564123
2020-08-24,65.952167,66.156847,61.446143,62.555424,62.368936,58829657
2020-08-25,62.729488,65.130533,57.023334,57.658835,57.487023,79497883
2020-08-26,58.071147,59.800834,57.728581,59.165762,58.98954,29349385
2020-08-27,58.471944,67.263922,58.126865,65.217891,65.023732,71158286
2020-08-28,66.22868,71.318853,64.824661,69.840587,69.632761,46687740
2020-08-31,70.191159,70.979085,66.802468,67.528622,67.327952,32253380
2020-09-01,66.543164,68.954249,65.908055,67.8841,67.682467,24567942
2020-09-02,68.792335,70.227873,66.195143,66.802395,66.604067,45793674
2020-09-03,67.836946,68.241175,62.464378,63.298582,63.110742,37271842
2020-09-04,64.952366,70.306682,63.637973,70.110308,69.90235,34712549
2020-09-08,71.141149,74.308086,63.976643,64.229843,64.039678,57509421
2020-09-09,61.162713,70.17148,59.731257,69.062656,68.858277,38305435
2020-09-10,66.882441,73.573812,65.138595,69.270101,69.065202,48255331
2020-09-11,68.653606,68.877916,64.27714,65.906089,65.711231,23333052
2020-09-14,65.133072,66.001043,61.556527,63.64585,63.457935,31026271
2020-09-15,64.101662,64.406893,61.692084,63.252198,63.065532,37963948
2020-09-16,64.285595,65.029237,62.930018,62.971959,62.786206,38256888
2020-09-17,63.353173,67.857926,61.521206,66.821103,66.624087,70570817
2020-09-18,65.222366,67.630372,62.493401,67.598535,67.399319,32437098
2020-09-21,66.536201,70.484595,66.396345,69.780833,69.575471,40197449
2020-09-22,68.799706,72.472802,67.464474,71.475511,71.265259,35791462
2020-09-23,72.227076,74.704571,65.311242,66.588678,66.392892,65465003
2020-09-24,68.342132,68.948025,60.586744,61.051428,60.872006,79384306
2020-09-25,59.973009,66.681905,59.647299,65.246672,65.05501,59518903
2020-09-28,67.497468,70.18707,58.201593,60.726925,60.548789,46770097
2020-09-29,63.876311,64.780662,56.688075,57.617118,57.448183,56284629
2020-09-30,58.65161,60.03008,57.938421,59.02209,58.849115,24857283
2020-10-01,59.891798,63.121137,57.361001,57.618487,57.449705,39686331
2020-10-02,58.813588,60.40579,56.183805,58.019207,57.84933,32124024
2020-10-05,57.961339,60.58978,57.033846,58.432794,58.261945,27982126
2020-10-06,57.20262,60.770232,55.123273,59.941471,59.766293,77985062
2020-10-07,59.172556,62.850103,57.259417,58.825333,58.653498,44065221
2020-10-08,57.711916,58.914402,56.581135,57.155221,56.988341,69774955
2020-10-09,59.171002,59.778782,58.108836,58.665146,58.493938,32670487
2020-10-12,59.263502,60.845243,59.183769,60.587253,60.410684,69119089
2020-10-13,59.832296,60.806578,58.848093,60.589333,60.412841,53890589
2020-10-14,60.081857,62.346828,58.923954,61.421409,61.242576,29490100
2020-10-15,61.412511,61.898625,53.902786,55.339189,55.178141,48195955
2020-10-16,54.94189,55.017804,52.834624,53.122598,52.968074,41591154
2020-10-19,52.055362,53.895577,51.596516,52.570558,52.417854,24588815
2020-10-20,50.928338,54.592217,50.211152,53.670094,53.514269,21918547
2020-10-21,54.361844,55.62154,52.475772,55.269497,55.109104,44511260
2020-10-22,55.933938,56.616916,50.530672,51.400683,51.251588,56891360
2020-10-23,51.348874,52.740448,50.408684,52.437631,52.2856,63427437
2020-10-26,52.130697,53.077294,50.336193,52.907056,52.75388,52374686
2020-10-27,52.842143,53.433916,50.021005,52.46654,52.314711,25533102
2020-10-28,52.626977,54.767332,51.319453,53.093953,52.940382,32562650
2020-10-29,53.403312,53.87785,52.505983,52.861036,52.70821,30932113
2020-10-30,53.656503,56.103573,50.175171,50.891986,50.744923,60627618
2020-11-02,51.256399,51.848931,46.669641,47.941206,47.802865,52712741
2020-11-03,48.808466,49.895746,48.700811,49.167948,49.026135,88958902
2020-11-04,48.706674,49.723595,47.333509,48.174504,48.035622,49622581
2020-11-05,48.195562,49.247144,47.525023,49.194149,49.052394,32046097
2020-11-06,49.480452,51.423174,49.422207,51.027942,50.880972,55718569
2020-11-09,50.730439,50.773637,49.719682,50.528474,50.383151,43894315
2020-11-10,50.184325,52.98164,50.14739,52.350502,52.20001,47949660
2020-11-11,52.365102,52.561465,51.332203,51.830526,51.681599,65858000
2020-11-12,52.167767,52.574886,51.466675,51.903603,51.754537,46135897
2020-11-13,51.822311,52.702702,51.386884,52.500157,52.349449,49871898
2020-11-16,51.986387,53.500144,51.575002,52.942539,52.790778,74260096
2020-11-17,52.919351,53.168859,51.030515,51.401423,51.25415,43440223
2020-11-18,51.717176,52.232997,49.371229,50.286971,50.142959,40065700
2020-11-19,50.552976,51.575873,48.82795,49.608125,49.466125,93280105
2020-11-20,49.824148,51.103935,49.670212,50.878566,50.732999,45663900
2020-11-23,51.047225,51.650487,50.622969,50.709987,50.56511,34192584
2020-11-24,50.093186,51.52401,49.68032,51.348724,51.202092,75062759
2020-11-25,51.213751,51.237521,50.627729,50.735221,50.590411,89629604
2020-11-27,51.02313,51.531263,50.64732,50.748815,50.604105,57796575
2020-11-30,50.499137,51.186737,50.454498,50.983685,50.838513,67824110
2020-12-01,50.626846,51.057566,50.389866,50.89022,50.745384,38229726
2020-12-02,51.095565,51.286715,49.510091,49.652514,49.511269,56623044
2020-12-03,49.825379,50.962563,49.516559,50.69514,50.550998,22891913
2020-12-04,50.799965,51.161367,50.4562,50.736366,50.592176,53700209
2020-12-07,50.752276,51.218246,50.640972,50.743568,50.599566,62585086
2020-12-08,50.720017,51.069313,50.126752,50.338509,50.195724,59898183
2020-12-09,49.917053,50.282877,49.561704,49.822396,49.681144,32567011
2020-12-10,49.925277,50.108962,49.75552,49.82884,49.687637,50594209
2020-12-11,49.676545,50.713706,49.604787,50.672687,50.529162,22317314
2020-12-14,50.610229,51.587255,50.335456,51.229665,51.084772,24849302
2020-12-15,51.339208,51.857626,50.709281,51.356363,51.211182,54642838
2020-12-16,51.594895,52.083699,50.553735,50.726536,50.583205,35269147
2020-12-17,50.980405,51.986524,50.929019,51.420083,51.274863,68953236
2020-12-18,51.440012,51.73452,50.801642,51.636681,51.490919,30700629
2020-12-21,51.519659,51.739262,51.118859,51.372012,51.227207,92524285
2020-12-22,51.00571,51.938465,50.926838,51.870407,51.724269,57921441
2020-12-23,51.82151,52.729593,51.583218,52.363255,52.2158,22579171
2020-12-24,52.288743,53.108928,52.207774,52.926291,52.777322,25598795
2020-12-28,52.751287,53.409995,50.553239,51.182869,51.039086,49327211
2020-12-29,50.801838,51.333716,50.57468,51.096868,50.953397,51049342
2020-12-30,50.963985,51.178623,50.715012,51.051321,50.908048,77846235
2020-12-31,50.474109,52.16579,50.331832,51.934379,51.788699,24624371
2021-01-04,51.62481,51.697548,51.472158,51.583945,51.439529,45694991
2021-01-05,51.725622,52.153188,51.407221,51.642442,51.497933,40587435
2021-01-06,51.679815,53.28557,51.004208,52.981879,52.833694,34104552
2021-01-07,52.943153,53.317782,52.506344,53.188408,53.039718,33072306
2021-01-08,53.780273,54.082462,51.723539,51.850726,51.705846,27818367
2021-01-11,52.242437,52.375603,51.850563,52.28075,52.134883,38977922
2021-01-12,52.562153,52.828683,52.32765,52.631089,52.484316,41303840
2021-01-13,52.866278,53.163562,52.151643,52.512283,52.365913,58495229
2021-01-14,52.221075,52.284841,51.089965,51.260061,51.117251,64489920
2021-01-15,51.412695,51.673063,51.100457,51.386916,51.243823,35255907
2021-01-19,51.10035,51.439592,50.2616,50.776759,50.635643,81243147
2021-01-20,50.969482,51.097898,49.108441,49.358703,49.221595,56376529
2021-01-21,48.705133,48.964789,48.036575,48.933309,48.79745,31080130
2021-01-22,49.344,49.896389,48.718282,49.152136,49.015736,20256530
2021-01-25,49.372116,49.686097,48.281413,48.627007,48.492264,30635613
2021-01-26,48.666782,49.087435,47.568143,47.816665,47.684232,32065899
2021-01-27,48.031946,48.687467,47.387451,48.496021,48.361773,66691974
2021-01-28,48.405646,48.932643,47.965686,48.487199,48.353041,40880911
2021-01-29,48.66136,49.037577,47.691007,48.011604,47.878827,57257962
2021-02-01,47.895374,48.222643,46.276181,46.826896,46.697587,59632113
2021-02-02,47.210639,47.962516,46.642877,47.233346,47.10298,28161134
2021-02-03,47.481627,47.962193,46.645896,46.749382,46.620415,89579505
2021-02-04,46.826418,46.963781,45.780061,45.902731,45.776163,44320801
2021-02-05,46.019425,47.128377,45.834442,46.585921,46.457533,50099113
2021-02-08,46.260181,46.461032,46.111789,46.236391,46.109155,38307803
2021-02-09,46.132139,46.753154,44.809347,45.055941,44.932015,55051173
2021-02-10,45.607134,45.900079,44.443159,44.561486,44.438981,39933726
2021-02-11,44.661295,47.048776,44.034107,46.379335,46.251896,52114719
2021-02-12,46.345301,47.546874,46.220794,47.132449,47.003004,50494660
2021-02-16,47.219937,48.015802,47.080538,47.423143,47.293159,32667891
2021-02-17,46.826415,47.067636,46.55358,46.581574,46.453961,37341538
2021-02-18,46.490903,47.178295,46.109223,46.132013,46.005694,28077796
2021-02-19,45.726016,45.846858,45.440611,45.719635,45.594508,41497669
2021-02-22,45.414558,46.767584,44.945094,45.888804,45.763402,55491904
2021-02-23,45.805088,46.229794,45.439297,45.931911,45.806453,75404609
2021-02-24,46.008193,46.596681,45.821584,46.177873,46.051807,33015961
2021-02-25,46.335267,46.543634,45.757005,45.850996,45.725885,33397389
2021-02-26,45.40969,47.021475,45.321988,46.779682,46.652101,34058413
2021-03-01,46.364814,49.306313,46.323003,48.603687,48.471331,51643410
2021-03-02,48.606045,48.689411,47.690817,47.962819,47.832273,38556174
2021-03-03,47.96201,48.332511,47.56569,47.993141,47.862578,31070794
2021-03-04,48.093859,48.48011,47.130436,47.420858,47.291917,63838101
2021-03-05,47.449279,47.752373,47.407829,47.549483,47.420257,47733018
2021-03-08,47.306098,47.493763,46.499264,46.519384,46.393148,39930242
2021-03-09,46.595061,47.155418,45.988847,46.469932,46.343893,43526376
2021-03-10,46.780675,46.902565,45.430584,46.072912,45.948013,43247784
2021-03-11,46.253514,46.452874,44.885943,45.121188,44.998931,33592871
2021-03-12,44.661964,44.833808,44.110867,44.508582,44.388045,53675868
2021-03-15,44.196566,46.711494,44.131459,46.058288,45.933743,85873641
2021-03-16,45.632301,46.951385,45.51075,46.671404,46.545265,44152406
2021-03-17,47.328647,48.379949,46.290001,47.890058,47.760691,49281237
2021-03-18,47.987684,48.741537,46.342555,46.745412,46.619201,31092291
2021-03-19,47.362881,47.672421,45.985145,46.579973,46.454272,30770379
2021-03-22,47.246212,47.595032,46.689086,47.114753,46.987802,71268476
2021-03-23,47.530624,47.867073,46.768316,47.079989,46.953196,64878838
2021-03-24,47.428303,47.865594,47.249925,47.457107,47.329362,35357956
2021-03-25,47.690094,48.280297,47.047006,47.339463,47.2121,32039289
2021-03-26,47.190759,49.317419,46.626428,48.000107,47.871032,48886719
2021-03-29,47.526476,49.331201,46.975211,49.015526,48.883921,82847355
2021-03-30,48.569013,49.189218,48.240248,48.549633,48.419346,33909058
2021-03-31,48.435972,49.189935,47.281888,47.732005,47.603977,47224299
2021-04-01,47.14912,49.015224,46.6995,48.677142,48.546646,45221325
2021-04-05,48.874543,49.174321,48.192693,48.225437,48.096415,42288715
2021-04-06,48.471128,49.058069,48.01813,48.191872,48.063005,62251386
2021-04-07,47.835177,48.741034,47.772373,48.509094,48.379445,47725278
2021-04-08,48.423747,48.804609,46.811452,47.298439,47.17209,58281478
2021-04-09,47.581553,47.991999,46.623953,47.804308,47.676674,40978593
2021-04-12,47.821169,49.125282,47.724938,48.85283,48.722596,57414060
2021-04-13,48.838965,49.872419,48.60422,49.207549,49.076436,25073033
2021-04-14,49.702231,50.047826,48.978357,49.176209,49.045248,51287370
2021-04-15,49.096155,50.604797,49.014931,50.331649,50.197679,35674737
2021-04-16,49.904936,49.93655,49.21498,49.740498,49.608169,26367591
2021-04-19,49.78013,50.347991,49.512942,49.70695,49.574914,29733649
2021-04-20,49.781737,50.184824,48.708535,48.836666,48.707009,59459675
2021-04-21,48.686938,50.477534,48.442185,49.825352,49.693138,29335674
2021-04-22,50.188395,50.486909,49.707459,49.956196,49.823702,53129679
2021-04-23,50.39566,51.104557,48.866751,49.397783,49.266838,37152938
2021-04-26,49.15073,49.89533,48.970754,49.837886,49.705978,58347763
2021-04-27,49.739363,50.861432,49.545213,50.342592,50.209418,41835125
2021-04-28,49.985677,51.403297,49.445985,51.010352,50.875481,34706913
2021-04-29,50.886154,50.908807,50.094411,50.334655,50.201639,54996633
2021-04-30,49.854304,51.747563,49.494283,51.07429,50.939389,69221688
2021-05-03,51.282009,51.839988,50.79559,50.921282,50.786993,68082448
2021-05-04,51.223309,51.35027,50.842112,51.155979,51.021142,35337864
2021-05-05,51.59151,52.257668,50.760691,51.258537,51.123499,44858884
2021-05-06,51.372751,51.773255,50.591547,50.796292,50.662541,54553391
2021-05-07,51.181689,51.473783,50.487276,50.694877,50.561463,49857466
2021-05-10,50.848461,51.043827,49.896984,50.468161,50.33555,53923163
2021-05-11,50.654178,50.697952,49.537842,50.157157,50.025431,37745734
2021-05-12,50.241004,50.593326,48.914958,49.328779,49.199297,57309355
2021-05-13,49.215592,49.790424,49.047359,49.756006,49.62547,55608712
2021-05-14,49.610628,50.663288,48.614971,50.481434,50.349064,37596181
2021-05-17,50.625661,50.991797,49.598933,49.855767,49.725241,50036557
2021-05-18,50.009494,52.224818,49.774636,52.171772,52.035255,70210980
2021-05-19,52.454772,52.713435,51.0776,51.65122,51.516135,40380716
2021-05-20,50.834266,51.9098,50.128839,51.001183,50.867867,38220981
2021-05-21,51.182766,52.248943,50.695096,51.628494,51.49361,47020581
2021-05-24,51.90285,52.551431,51.867505,52.522053,52.385049,66222471
2021-05-25,52.639236,54.627931,52.296294,54.326147,54.184512,30318233
2021-05-26,54.976358,56.132097,54.433972,55.817904,55.672455,39152725
2021-05-27,55.742191,56.761353,54.428984,54.546169,54.404108,50937159
2021-05-28,55.021759,55.846102,53.470343,54.357157,54.215663,48238495
2021-06-01,53.832966,54.094674,53.616487,53.855213,53.71532,33215161
2021-06-02,53.608676,54.555971,51.754016,53.071254,52.933469,122429865
2021-06-03,53.425945,54.089586,52.680964,53.383715,53.245193,61262626
2021-06-04,53.878613,54.513952,53.796288,54.384902,54.243856,47001587
2021-06-07,54.413289,54.838282,52.94966,53.602836,53.464038,67579767
2021-06-08,53.560928,53.982832,51.800961,52.411099,52.275458,44675885
2021-06-09,52.034731,52.850682,51.827621,52.654521,52.518322,29618535
2021-06-10,52.57605,53.742246,52.54634,53.41547,53.277375,42215877
2021-06-11,52.858197,54.563357,52.805763,54.435339,54.294683,97748533
2021-06-14,54.90699,55.540835,53.874728,54.181454,54.041675,33602559
2021-06-15,54.373854,56.894662,54.172812,56.72012,56.573869,58489615
2021-06-16,56.406755,57.729645,56.194182,57.501156,57.35297,45865962
2021-06-17,57.493755,57.960026,56.75992,57.110997,56.963895,39375883
2021-06-18,57.060598,58.208543,56.929027,57.875395,57.726403,37925475
2021-06-21,57.83774,58.822758,57.26883,58.139153,57.98972,54451856
2021-06-22,58.035535,58.219863,57.662645,57.970736,57.821814,64133067
2021-06-23,57.473604,59.013513,57.400255,58.561181,58.410823,33019453
2021-06-24,58.068462,60.884374,57.488553,59.351364,59.199058,50383114
2021-06-25,58.783398,59.262627,58.385656,58.843425,58.692503,29296802
2021-06-28,59.347343,59.52349,57.727197,58.144879,57.995986,47511627
2021-06-29,58.996824,60.016836,58.920727,59.627297,59.47469,49515670
2021-06-30,59.75165,60.115146,58.200702,58.731867,58.581632,37850341
2021-07-01,58.976222,59.335788,55.904025,56.211819,56.068107,47397134
2021-07-02,56.47887,56.935076,56.144465,56.528054,56.383611,50970491
2021-07-06,56.313726,58.492206,56.05889,58.188312,58.039944,47694322
2021-07-07,57.819172,58.32176,56.866261,57.41708,57.270757,48302145
2021-07-08,57.508479,58.768077,56.965854,58.597728,58.448476,70626006
2021-07-09,58.855432,59.104156,57.495089,58.146417,57.998395,44909998
2021-07-12,57.895057,58.59721,56.034022,57.081459,56.936381,49997738
2021-07-13,57.551324,57.624882,57.408065,57.440653,57.29474,50301268
2021-07-14,56.734544,58.446355,55.87422,58.388715,58.240473,42794992
2021-07-15,58.238816,59.093411,57.761905,58.886236,58.736812,29607790
2021-07-16,59.012644,59.380348,58.866891,59.116697,58.966769,42171437
2021-07-19,59.493645,59.578744,57.274558,57.324547,57.179399,29593830
2021-07-20,57.683712,59.076009,57.486633,58.84243,58.693519,57824966
2021-07-21,58.455132,58.641839,58.105049,58.167894,58.020769,37912874
2021-07-22,58.461266,58.721552,56.292133,57.119313,56.974919,46617626
2021-07-23,56.842038,58.555739,56.763375,58.003327,57.856778,31986297
2021-07-26,58.021143,58.352297,57.267955,57.639533,57.494138,45157475
2021-07-27,57.628908,58.507623,57.107112,58.176986,58.030315,38758369
2021-07-28,58.347371,58.90407,56.578855,57.492282,57.347416,37660654
2021-07-29,57.04711,59.120421,56.988685,58.581935,58.434403,43271938
2021-07-30,58.887445,60.273042,58.652033,59.473611,59.323915,50563272
2021-08-02,59.389442,60.172639,59.040935,59.984035,59.8333,61338824
2021-08-03,60.219273,61.773426,59.963354,61.657337,61.502481,51795460
2021-08-04,61.624763,62.504402,61.213268,62.013071,61.857406,45510332
2021-08-05,61.776456,62.234516,60.776649,61.184595,61.031094,44594468
2021-08-06,61.15497,63.299443,60.567628,62.132619,61.976824,62932545
2021-08-09,62.407354,64.267344,62.333656,64.016172,63.855916,41090533
2021-08-10,63.814922,64.165805,63.350665,63.960195,63.800167,31633953
2021-08-11,63.773458,67.201059,63.54309,66.904649,66.737345,42552296
2021-08-12,67.533407,67.93185,66.919899,67.056097,66.888506,22539010
2021-08-13,67.681685,70.02457,67.236625,69.311959,69.138825,46567765
2021-08-16,70.092392,70.54208,68.788356,69.939891,69.765474,56875872
2021-08-17,69.663828,69.929629,68.723895,68.763548,68.592159,37410761
2021-08-18,68.484797,69.399896,67.317551,68.966498,68.794697,62801400
2021-08-19,69.775342,69.826396,67.140755,67.512754,67.344667,38979350
2021-08-20,67.492856,68.647786,65.962563,66.062354,65.897968,38577475
2021-08-23,65.709624,66.553295,65.480456,66.116603,65.952353,66767438
2021-08-24,66.433521,68.805716,66.280913,68.246107,68.07666,54374188
2021-08-25,68.409476,69.305736,67.499069,67.613497,67.445713,35014162
2021-08-26,67.890683,68.007912,67.588436,67.855604,67.687312,43384439
2021-08-27,67.641148,68.76303,67.59402,68.316129,68.146788,38660173
2021-08-30,67.91659,68.016732,66.101,66.839286,66.673879,91395980
2021-08-31,66.476868,68.1748,66.401333,66.763384,66.598256,26399835
2021-09-01,67.018121,67.311546,66.284836,66.489309,66.32495,51754229
2021-09-02,66.762728,67.034817,64.964858,65.030604,64.86994,45133571
2021-09-03,65.646017,66.063959,62.545222,62.577863,62.423344,35969281
2021-09-07,62.5495,63.896875,62.452534,63.509846,63.353373,73966232
2021-09-08,62.997027,63.913392,62.659714,63.468106,63.311822,39255450
2021-09-09,63.280882,65.601376,63.035247,65.177405,65.017002,79068791
2021-09-10,64.825675,67.157829,64.347701,66.50778,66.344193,57542071
2021-09-13,66.642571,68.541815,65.524121,68.507124,68.3389,47453497
2021-09-14,67.493673,71.266789,66.274717,70.338594,70.165968,26625870
2021-09-15,70.132772,71.054134,68.953073,69.154006,68.984383,59408962
2021-09-16,69.247895,71.628916,68.440498,71.002637,70.828575,42055584
2021-09-17,69.979056,73.267886,69.80784,72.967322,72.788544,71197921
2021-09-20,73.519374,73.690827,72.666212,73.552555,73.372645,58928843
2021-09-21,73.044249,73.47214,72.07487,72.443799,72.2667,57490514
2021-09-22,73.014975,73.55991,72.249973,72.508192,72.331034,41566505
2021-09-23,70.967001,72.228024,70.936382,72.120574,71.944462,60621246
2021-09-24,71.801643,72.512308,71.666326,72.115405,71.939404,28771725
2021-09-27,71.599845,75.608235,70.753141,75.001483,74.818746,66075574
2021-09-28,74.993882,75.693699,74.556731,75.313138,75.129744,46614761
2021-09-29,75.784323,76.279355,75.360754,75.538245,75.354406,53465999
2021-09-30,75.509499,77.508632,75.110076,76.850547,76.663619,45238773
2021-10-01,76.839763,77.631475,76.357952,77.386894,77.198767,40168696
2021-10-04,77.182742,81.490907,76.938875,81.071479,80.874727,99905651
2021-10-05,80.648717,82.831821,80.024205,82.581212,82.380909,34305233
2021-10-06,82.679562,83.004021,80.973461,81.040899,80.844443,33392179
2021-10-07,80.200161,83.96478,79.290801,82.852675,82.651939,56228520
2021-10-08,82.708119,84.11212,82.35594,83.896964,83.693814,46718463
2021-10-11,84.590159,87.199217,84.357244,86.842068,86.632142,57979577
2021-10-12,87.851959,88.130442,84.242461,84.731285,84.526577,42925848
2021-10-13,84.968505,87.116727,83.841314,86.428344,86.219653,31305877
2021-10-14,86.753246,88.137074,85.242056,87.466751,87.255673,56378812
2021-10-15,86.582813,86.910725,86.264036,86.395972,86.187596,43987472
2021-10-18,87.363551,88.611355,87.250613,88.451374,88.238403,65707917
2021-10-19,88.124165,91.98545,87.598701,91.423526,91.203524,70517991
2021-10-20,91.814772,94.410488,91.281859,93.112589,92.88865,39949228
2021-10-21,94.217689,94.856457,94.000086,94.141818,93.915531,39430565
2021-10-22,93.884405,94.213545,92.478188,92.997238,92.77383,40156676
2021-10-25,92.472323,93.985488,91.997096,93.43894,93.214854,52626856
2021-10-26,92.943829,94.256646,92.522573,93.368879,93.145088,30252293
2021-10-27,94.242797,95.460932,92.459693,93.437544,93.213715,32587291
2021-10-28,92.944801,95.288418,92.796042,95.212803,94.984852,77801120
2021-10-29,95.361779,95.828933,92.252038,92.834179,92.61205,59396482
2021-11-01,92.996212,93.704674,90.700833,90.978567,90.761251,46469318
2021-11-02,91.097807,92.329536,90.06905,91.516601,91.298124,60580015
2021-11-03,92.243697,92.605827,89.992317,90.034125,89.81931,45911098
2021-11-04,89.606621,90.147287,87.053488,88.827936,88.61612,34428601
2021-11-05,87.999058,89.965226,87.092571,89.60692,89.393369,55351526
2021-11-08,89.921883,90.205539,88.691708,89.820127,89.606437,43587240
2021-11-09,90.222432,90.434338,87.036161,87.457339,87.249389,55745348
2021-11-10,87.855715,88.249944,86.516557,88.0982,87.888847,91736358
2021-11-11,87.188342,90.369138,86.665876,89.074743,88.86319,59300455
2021-11-12,89.138292,89.786252,86.488987,87.654519,87.446459,30209994
2021-11-15,87.658495,87.893769,87.588934,87.844195,87.636045,43561230
2021-11-16,88.240943,88.414886,87.251105,87.759301,87.551472,30781133
2021-11-17,88.561748,88.875771,84.111774,84.885656,84.684748,79223003
2021-11-18,84.46619,84.607038,83.96792,84.466601,84.266801,55296289
2021-11-19,85.124907,87.435412,82.976891,83.252709,83.055894,61601965
2021-11-22,82.936183,83.82945,82.423635,83.105618,82.909491,61583536
2021-11-23,83.274301,84.758781,82.487732,84.614182,84.41461,51592246
2021-11-24,85.294043,86.86488,83.824341,85.623639,85.421803,53361851
2021-11-26,84.770972,85.715066,84.205341,85.510082,85.308748,49850031
2021-11-29,86.09818,86.830694,85.098682,85.478703,85.277793,37170479
2021-11-30,85.200278,86.438916,82.659126,83.093319,82.898129,49999052
2021-12-01,83.123709,85.840776,82.220713,84.732181,84.533256,51543989
2021-12-02,83.90004,86.534701,83.700328,86.190722,85.988491,33572872
2021-12-03,85.434359,88.091278,85.17503,87.221478,87.016947,35568005
2021-12-06,87.047847,87.647446,84.757541,85.678195,85.477635,48796206
2021-12-07,84.946007,88.049054,84.603405,87.248365,87.044248,46795026
2021-12-08,87.009837,88.132657,86.358362,87.660753,87.455791,34685887
2021-12-09,87.183319,88.05497,86.06088,86.574339,86.372036,27655826
2021-12-10,86.519912,87.084616,83.109326,83.877582,83.681695,38533443
2021-12-13,83.923985,85.530445,83.813898,85.208144,85.009498,30834754
2021-12-14,85.214967,86.502164,84.966893,86.084418,85.883847,45569918
2021-12-15,85.651417,88.493327,85.280181,87.68055,87.47638,29833668
2021-12-16,87.742813,88.570901,84.747433,85.945065,85.745053,62215731
2021-12-17,86.321965,86.931441,84.609603,85.372299,85.173737,34357200
2021-12-20,84.871225,85.129716,83.872386,84.236343,84.040769,41202414
2021-12-21,84.334,85.43561,84.093786,84.778066,84.581349,25502319
2021-12-22,84.762748,86.913397,84.514133,86.607184,86.406341,28182286
2021-12-23,86.851462,87.098261,84.228186,84.727007,84.530641,37709432
2021-12-27,83.782078,85.529903,83.366419,84.207455,84.012753,59852032
2021-12-28,84.190626,84.810304,81.934584,84.395601,84.200579,39747866
2021-12-29,84.718179,86.666708,84.096964,85.991206,85.792614,35817527
2021-12-30,86.141924,87.108631,83.933982,84.409192,84.214369,36479120
2021-12-31,84.330298,86.001802,84.160534,85.555483,85.358131,39089088
2022-01-03,85.786508,86.282781,85.415833,85.671615,85.474346,58457065
2022-01-04,85.188085,87.379958,84.499557,86.095873,85.897745,69453543
2022-01-05,87.137511,87.92401,84.919237,84.970879,84.775456,61869900
2022-01-06,85.357483,87.85902,85.025358,87.172305,86.971938,91288887
2022-01-07,87.09016,87.22117,85.997241,86.326022,86.127718,36685250
2022-01-10,86.168533,87.632157,85.547871,87.508883,87.30822,47108869
2022-01-11,87.68692,88.277789,85.849468,86.782694,86.583815,57447791
2022-01-12,86.698621,87.605497,86.258657,86.730517,86.531876,78652197
2022-01-13,86.708778,88.738526,86.628748,87.954977,87.753652,37057311
2022-01-14,87.513934,88.732075,87.411425,88.447615,88.245283,27688594
2022-01-18,89.57336,89.865374,88.946934,89.316288,89.112457,51262643
2022-01-19,89.869549,90.346122,87.843456,88.114728,87.913759,45901010
2022-01-20,87.57839,89.610048,87.019646,89.434143,89.230287,38012801
2022-01-21,88.959366,89.090405,87.761749,88.597096,88.395269,57994489
2022-01-24,88.941124,89.272477,86.735126,87.624871,87.425618,40848753
2022-01-25,88.113051,88.947003,87.932602,88.179974,87.979579,37750144
2022-01-26,88.530614,89.440707,87.968042,88.447295,88.246413,45778813
2022-01-27,89.139492,89.686563,88.955805,89.020361,88.8183,56362144
2022-01-28,89.323232,90.543077,87.269259,87.873967,87.674627,38847688
2022-01-31,87.956229,89.001999,87.860484,88.959599,88.758162,71009332
2022-02-01,88.779953,89.18073,85.596886,86.961737,86.764942,57917217
2022-02-02,87.247143,88.44264,86.242716,87.550083,87.352076,42973098
2022-02-03,87.846145,87.917883,86.02992,86.491127,86.295634,47194125
2022-02-04,86.71214,87.794636,86.054233,86.812951,86.616848,40653077
2022-02-07,86.758997,89.722341,86.235848,89.18613,88.985032,32112812
2022-02-08,89.206403,89.356702,88.581896,89.173757,88.972809,45715615
2022-02-09,89.619292,89.712902,88.937582,89.31348,89.112339,81225839
2022-02-10,89.03278,92.860948,88.220662,92.587172,92.378785,43054811
2022-02-11,93.287772,93.632678,90.189349,91.375367,91.169832,64690606
2022-02-14,91.791575,91.841428,90.005095,90.16776,89.965311,37825216
2022-02-15,89.993335,90.534308,89.640828,90.134964,89.932711,42216754
2022-02-16,90.328337,90.747115,88.757579,89.604548,89.403608,44433261
2022-02-17,90.3219,90.389175,86.905881,87.114241,86.919005,35334487
2022-02-18,87.271311,89.052977,86.98342,88.287764,88.090018,48355410
2022-02-22,88.071117,88.358391,87.266629,87.396931,87.201658,88986105
2022-02-23,87.380727,88.371879,87.233439,87.567971,87.372436,68066433
2022-02-24,87.048046,87.171589,85.34263,85.734517,85.543192,66132949
2022-02-25,86.780347,87.126443,85.286663,86.161675,85.969515,28215158
2022-02-28,85.851578,86.750469,85.397352,86.537816,86.345172,46835642
2022-03-01,87.102421,87.296774,84.652292,85.450648,85.260541,46355638
2022-03-02,85.782361,87.677637,85.196818,86.581971,86.389465,109261134
2022-03-03,86.386117,86.914941,86.049319,86.478354,86.286196,26388035
2022-03-04,86.422023,86.775886,83.923798,84.755426,84.567213,35096926
2022-03-07,85.432111,85.933812,82.650245,83.035886,82.851832,46929499
2022-03-08,83.431147,84.308801,82.68397,83.407321,83.222557,35566955
2022-03-09,82.693167,84.473612,81.413649,83.851434,83.665801,44459556
2022-03-10,84.711717,84.77202,82.578338,82.860704,82.677377,68993558
2022-03-11,83.044146,83.216907,80.680856,81.444602,81.26452,36892871
2022-03-14,82.059072,82.846905,81.864302,81.954032,81.773159,46997624
2022-03-15,81.24267,83.90412,81.164187,82.695725,82.513328,23539109
2022-03-16,82.898829,83.553263,82.211048,82.267078,82.085739,25430759
2022-03-17,82.295194,82.615914,82.213467,82.365028,82.183585,44401116
2022-03-18,82.145346,83.531109,81.785735,83.379033,83.19547,56624235
2022-03-21,83.569054,84.51611,82.218107,83.064105,82.881577,47154096
2022-03-22,82.993849,83.659003,81.152527,81.316388,81.137811,54307674
2022-03-23,81.049744,81.600979,80.101332,81.401314,81.222661,42637839
2022-03-24,81.355435,82.353826,80.678802,81.490311,81.311574,56651718
2022-03-25,81.724656,82.901994,81.429467,82.759471,82.578064,41534478
2022-03-28,82.930461,85.475399,82.885328,84.781601,84.596109,64829646
2022-03-29,85.607007,87.036372,85.505164,85.825553,85.637894,55682877
2022-03-30,85.364417,86.694037,85.235093,85.930141,85.742371,63919955
2022-03-31,85.350195,86.592269,85.009532,86.437802,86.24904,24090448
2022-04-01,86.763063,87.685838,86.33015,87.409946,87.219181,44224440
2022-04-04,86.794818,87.970427,86.389509,87.607726,87.416888,24084521
2022-04-05,87.325756,88.959971,86.373995,88.649434,88.456448,53721213
2022-04-06,88.999756,89.430168,87.861206,88.197387,88.005506,62241867
2022-04-07,87.624969,89.269905,87.225436,88.932567,88.739208,40718005
2022-04-08,89.035718,90.078345,88.223186,89.883019,89.687716,46891665
2022-04-11,89.685056,90.263811,88.043399,88.720981,88.528567,29245850
2022-04-12,87.801028,89.923254,87.530923,89.798031,89.603404,58392859
2022-04-13,89.374781,91.130894,89.053716,90.538388,90.342279,51306650
2022-04-14,90.638285,90.941971,90.262366,90.879912,90.683187,60645565
2022-04-18,90.91116,92.302996,90.775645,92.094153,91.895304,38964117
2022-04-19,92.528046,93.121642,88.532753,89.871971,89.678042,54378857
2022-04-20,90.322043,90.579049,88.738825,88.98317,88.791281,39154969
2022-04-21,87.970461,88.862596,86.472773,88.708971,88.517794,40172700
2022-04-22,88.264167,89.958797,87.807502,88.650295,88.459366,28353370
2022-04-25,89.044138,89.802696,88.050812,88.908159,88.717039,42448690
2022-04-26,89.470701,93.636721,89.329927,93.003658,92.803861,55787645
2022-04-27,92.146165,95.520798,91.356058,94.72336,94.519998,46457551
2022-04-28,94.60455,95.112523,92.816507,93.747207,93.546068,49965768
2022-04-29,94.211206,95.210324,94.055383,94.119557,93.917748,52833235
2022-05-02,94.613793,94.933193,93.252741,94.141785,93.940314,29427272
2022-05-03,94.205706,97.579082,94.135805,96.803959,96.596924,40880183
2022-05-04,97.388262,97.677445,97.170547,97.533797,97.325334,24215876
2022-05-05,97.506366,97.713829,95.101414,95.413293,95.209492,48289036
2022-05-06,96.033553,97.544581,95.589297,97.363676,97.155843,45969796
2022-05-09,96.920773,99.039508,96.460641,98.91711,98.706366,85095935
2022-05-10,99.12318,100.230832,97.819805,100.029504,99.816527,45911371
2022-05-11,100.001873,100.451396,97.41322,97.733119,97.525164,87479232
2022-05-12,97.918904,98.592564,97.565874,98.033527,97.825067,38548821
2022-05-13,98.022673,98.721043,97.930449,98.482734,98.273453,28403228
2022-05-16,98.304274,99.127936,97.347451,98.056561,97.848587,31823870
2022-05-17,98.047771,100.783847,97.436422,100.180383,99.968042,58111221
2022-05-18,100.353077,100.89072,99.799383,99.94134,99.729642,63558108
2022-05-19,100.322733,102.050347,99.370192,101.309314,101.094857,38677751
2022-05-20,101.024815,101.241881,99.277034,100.013698,99.80212,77100142
2022-05-23,100.296763,100.364518,99.991118,100.043087,99.831858,37135643
2022-05-24,99.144302,101.658873,98.656445,101.149911,100.936482,45729193
2022-05-25,100.489259,100.925211,100.248962,100.410952,100.19922,55638360
2022-05-26,99.841892,101.436333,99.661707,100.568182,100.356256,40953601
2022-05-27,100.766924,101.972596,98.986647,99.429076,99.219686,65730363
2022-05-31,99.488678,100.188419,98.742158,99.948423,99.738486,36860277
2022-06-01,100.338404,100.933498,99.116693,99.501566,99.292703,27971572
2022-06-02,99.534342,101.968088,98.873581,100.406498,100.195872,42725937
2022-06-03,100.404345,101.484865,99.877708,101.392287,101.179732,41473914
2022-06-06,102.199739,103.412987,99.943365,100.749633,100.538838,34764993
2022-06-07,100.969718,101.987121,100.672928,101.89908,101.68602,49713978
2022-06-08,101.943282,102.677756,100.362216,100.629815,100.419546,29483988
2022-06-09,100.475275,100.648608,99.555786,99.983503,99.774721,49267212
2022-06-10,99.345182,100.291638,98.26109,99.686095,99.47807,58133943
2022-06-13,99.727956,100.319246,99.053754,99.137595,98.931121,47520748
2022-06-14,99.430693,99.913237,95.489926,97.614756,97.411587,41624701
2022-06-15,98.187039,98.338308,97.367152,97.579602,97.376639,29650739
2022-06-16,97.110157,97.705691,95.020712,95.722695,95.523725,53012003
2022-06-17,96.100734,96.313143,94.611688,94.904167,94.707029,64548176
2022-06-21,94.474508,94.867021,94.408172,94.751159,94.554856,19905128
2022-06-22,94.636736,95.563,93.646541,93.837441,93.643159,49504086
2022-06-23,94.065956,94.112818,93.584188,93.84992,93.65574,37845077
2022-06-24,93.827666,94.82717,93.630875,93.797618,93.603675,30533614
2022-06-27,94.006667,94.472257,93.707408,93.854735,93.661059,49139390
2022-06-28,93.468437,94.810624,92.85423,94.257078,94.0627,28221038
2022-06-29,93.927792,95.903896,93.834457,94.723737,94.528526,54098440
2022-06-30,95.673685,96.09886,95.385183,95.770972,95.573733,32937184
2022-07-01,96.421405,96.756001,95.898461,96.139899,95.942032,88102521
2022-07-05,96.694291,97.183056,96.097424,96.936091,96.737116,68488646
2022-07-06,97.760731,97.857156,95.702232,96.222816,96.025436,23734116
2022-07-07,95.987919,97.538009,94.734566,96.841258,96.642742,80189281
2022-07-08,96.315609,97.502179,95.573341,97.241586,97.042382,67794433
2022-07-11,97.162218,97.951855,96.832183,97.310358,97.111412,42403351
2022-07-12,97.468046,98.052781,96.813275,97.65119,97.45168,37327698
2022-07-13,97.269577,98.420176,96.76529,98.314001,98.113271,41977123
2022-07-14,98.959074,99.143246,98.25774,98.439397,98.238546,48370885
2022-07-15,99.053345,99.486445,96.909313,97.253181,97.054883,53086695
2022-07-18,97.625449,98.638051,97.547818,97.772015,97.57306,28977458
2022-07-19,97.767587,99.543168,97.635851,99.431182,99.228987,53891091
2022-07-20,99.306263,100.934405,99.088648,99.96215,99.759011,78625711
2022-07-21,100.009209,100.833266,99.265798,100.708573,100.504055,59361350
2022-07-22,100.142725,100.929271,99.310711,99.608788,99.406639,61293077
2022-07-25,99.02938,99.618332,98.64493,99.410044,99.208706,58838698
2022-07-26,99.238612,99.402395,96.281994,96.459709,96.264478,39515426
2022-07-27,96.103614,96.730147,95.262682,95.912978,95.718985,36622297
2022-07-28,96.38375,96.440011,96.040669,96.347397,96.152657,45276278
2022-07-29,96.358499,97.350914,94.388443,95.141505,94.949333,44115923
2022-08-01,95.143516,95.591687,94.417617,94.954954,94.763548,42385305
2022-08-02,94.821155,95.068242,94.356627,94.637796,94.447158,37391631
2022-08-03,94.718539,95.169934,94.608881,95.120733,94.929252,43860925
2022-08-04,94.692083,95.676931,93.808637,95.09866,94.907353,37477708
2022-08-05,94.524743,97.521492,93.898327,96.405133,96.21133,53140282
2022-08-08,96.34501,96.764033,96.048466,96.634873,96.441004,29738727
2022-08-09,96.569229,96.928342,96.127458,96.371194,96.177986,85874766
2022-08-10,96.825809,96.986711,95.159169,95.215944,95.025182,47454566
2022-08-11,95.285774,95.951685,94.902758,95.110343,94.919923,88070606
2022-08-12,95.483362,95.893978,94.221083,94.554503,94.365324,19957267
2022-08-15,95.223139,96.318776,95.073442,95.562076,95.371273,40101675
2022-08-16,96.098822,96.736126,95.064427,95.422415,95.232022,62974919
2022-08-17,95.621189,96.834964,95.378112,96.720056,96.527206,34421279
2022-08-18,95.805813,96.808493,94.984796,95.692281,95.501611,57954581
2022-08-19,96.001972,97.151308,95.511994,96.477366,96.285263,36042804
2022-08-22,96.300853,97.17722,94.665379,95.063589,94.874691,55779522
2022-08-23,95.396516,96.446661,92.99012,93.426408,93.240891,38278941
2022-08-24,93.712223,94.562137,91.053441,92.422179,92.238782,65431750
2022-08-25,92.373847,94.394057,92.241601,94.009945,93.823526,42526697
2022-08-26,93.241469,98.190869,92.920898,97.818271,97.624433,56564967
2022-08-29,97.935106,101.146516,97.552565,100.678711,100.479618,38136546
2022-08-30,99.94433,101.081045,98.350522,98.824606,98.629314,55444794
2022-08-31,98.938397,101.16127,98.773137,98.832975,98.637802,53261592
2022-09-01,98.604675,101.509693,97.948463,101.44653,101.246334,50815424
2022-09-02,102.115643,104.755182,101.86704,104.169196,103.96377,62843242
2022-09-06,104.146426,104.213645,102.91914,103.977662,103.773182,16151581
2022-09-07,104.037406,105.736362,102.578569,105.483847,105.276549,25006753
2022-09-08,103.549433,106.037751,103.317842,104.663748,104.458204,53968955
2022-09-09,105.316099,107.700431,105.023743,106.887268,106.677504,72640154
2022-09-12,106.592126,108.35986,106.523821,107.829915,107.618743,40699504
2022-09-13,107.620566,107.875299,104.406635,105.730813,105.523896,43582236
2022-09-14,106.126567,109.603275,105.132171,108.46594,108.253819,39636497
2022-09-15,108.56552,112.956934,108.502791,110.681635,110.465332,43611282
2022-09-16,110.379549,111.692727,107.748441,107.815645,107.60509,72568548
2022-09-19,108.910367,109.611299,107.19711,107.254865,107.045845,44450934
2022-09-20,108.155412,109.135296,107.994586,108.963493,108.751292,66258815
2022-09-21,109.491871,110.363416,109.157563,110.087672,109.873432,55712472
2022-09-22,109.051618,110.432135,107.582503,109.876955,109.663275,69125773
2022-09-23,108.756145,110.165751,107.900731,110.109586,109.895604,73984407
2022-09-26,110.225589,110.284502,105.825291,107.179019,106.971171,35474402
2022-09-27,106.335018,108.18658,104.866688,106.889495,106.682355,46400969
2022-09-28,107.062067,108.350087,106.795196,108.233861,108.024264,29418133
2022-09-29,108.018851,109.966889,107.417002,108.070636,107.861503,49994682
2022-09-30,108.646749,110.200935,106.881414,109.234598,109.023361,50693957
2022-10-03,109.409991,109.852737,105.339105,106.142797,105.937975,34755207
2022-10-04,106.122149,106.284129,104.651013,105.50288,105.299436,46397555
2022-10-05,105.658795,105.944971,104.692524,105.522731,105.319393,46424896
2022-10-06,106.164615,106.754447,102.15238,102.528793,102.331365,45861810
2022-10-07,101.412967,102.258047,99.630656,100.886927,100.692798,67214610
2022-10-10,101.458049,101.99248,101.270465,101.362353,101.167724,50726275
2022-10-11,100.912127,101.215517,99.870212,100.962218,100.768496,56516793
2022-10-12,101.228733,101.477883,99.339825,100.030992,99.839193,38052251
2022-10-13,100.064947,100.761476,96.689412,98.129888,97.941869,65646663
2022-10-14,98.140503,99.800975,97.073728,99.702303,99.511407,40928151
2022-10-17,101.037606,101.117541,98.05008,98.14488,97.957368,33758683
2022-10-18,98.147771,98.390591,95.805155,95.854457,95.671452,27235925
2022-10-19,96.011424,96.296716,94.757188,95.972692,95.789593,28434947
2022-10-20,95.61994,96.564487,92.680754,94.281604,94.101859,60372130
2022-10-21,93.891396,97.622552,93.274483,96.948395,96.763699,42589662
2022-10-24,96.66935,97.126514,91.679803,93.433582,93.255965,95635530
2022-10-25,94.239337,96.017613,94.000641,94.590148,94.410462,74833715
2022-10-26,94.498578,98.744151,93.922153,96.920468,96.736487,81548274
2022-10-27,98.319447,100.009859,98.226751,98.700918,98.513692,32880795
2022-10-28,97.365856,101.368762,96.346416,101.14133,100.949613,56609866
2022-10-31,99.990557,100.911285,98.450226,100.409057,100.21914,33938910
2022-11-01,100.409255,100.849013,96.340137,96.402449,96.220242,46177341
2022-11-02,96.010633,96.660495,95.212863,96.38435,96.202309,46074663
2022-11-03,96.917757,98.330866,95.186715,98.198008,98.012676,46156773
2022-11-04,98.135352,98.740409,95.545605,95.774798,95.59417,46124244
2022-11-07,95.571792,98.508878,95.52748,97.736763,97.552835,50347048
2022-11-08,97.563012,98.350348,95.934512,96.728874,96.546975,63175398
2022-11-09,96.820939,98.04268,96.742786,97.405479,97.222441,62366394
2022-11-10,97.506304,99.66815,97.325643,99.105334,98.919237,68032314
2022-11-11,98.959867,101.209747,98.697731,100.6437,100.454852,44183815
2022-11-14,100.587607,100.899158,98.141631,98.597995,98.41339,62382142
2022-11-15,98.963422,99.809956,97.991237,98.935443,98.750341,37401391
2022-11-16,98.774017,99.343429,97.317859,98.651684,98.467247,32078859
2022-11-17,98.35472,100.07197,98.126486,99.186972,99.00167,56459936
2022-11-18,99.534913,100.843858,98.218628,98.861815,98.677256,42992959
2022-11-21,98.910462,99.347522,97.031426,97.245319,97.064176,30999555
2022-11-22,97.375656,98.555077,94.817645,96.363096,96.183728,77114851
2022-11-23,96.684244,98.801169,96.375957,98.548287,98.364987,20050850
2022-11-25,97.661445,99.731882,94.883779,95.026435,94.849945,45126308
2022-11-28,94.674862,96.797081,94.485439,94.969841,94.793845,30593738
2022-11-29,95.591524,96.169478,92.419982,93.93449,93.760542,45649562
2022-11-30,95.122055,95.176694,92.457367,92.685928,92.514418,63298554
2022-12-01,92.203667,92.785442,90.703966,91.056589,90.888219,71546877
2022-12-02,90.88238,91.852258,89.615422,91.162258,90.993816,23955701
2022-12-05,90.990082,92.877961,90.201939,90.832005,90.664546,25692203
2022-12-06,90.430746,93.506441,89.916813,93.39583,93.223772,60668687
2022-12-07,93.011106,93.321483,89.346163,89.557599,89.392734,43657361
2022-12-08,89.559839,90.426613,88.171239,90.281806,90.115732,84730356
2022-12-09,90.440527,91.425618,88.645657,88.956887,88.793372,21900935
2022-12-12,88.783703,89.434298,88.23245,88.970125,88.806949,28671667
2022-12-13,88.098949,88.723409,87.012829,88.152527,87.990972,48501042
2022-12-14,88.162242,88.484856,84.910941,85.135442,84.979532,97578846
2022-12-15,86.586488,87.27794,85.490112,86.454558,86.296351,56832321
2022-12-16,85.893921,91.250229,85.497087,90.521955,90.356428,86035569
2022-12-19,89.313026,92.030656,88.591474,91.873175,91.705554,40316032
2022-12-20,91.726777,92.891869,90.889037,92.460619,92.292052,40998894
2022-12-21,92.868002,93.02025,87.92406,88.535161,88.373872,25377488
2022-12-22,87.900146,88.761747,86.441593,86.62128,86.463597,37753268
2022-12-23,87.349365,87.582841,83.744585,84.65751,84.503517,59713095
2022-12-27,85.674718,88.03781,84.517952,87.444163,87.285579,68151121
2022-12-28,87.697738,88.008784,86.572664,86.709005,86.551872,88607349
2022-12-29,87.029746,87.821261,85.602865,86.035376,85.879581,29633628
2022-12-30,85.644463,90.058617,85.348359,89.039665,88.878552,55892942
2023-01-03,88.775039,89.87075,86.964818,87.167469,87.01022,76367531
2023-01-04,86.971269,88.26719,85.869333,87.845791,87.687439,34815195
2023-01-05,89.277848,89.692913,86.073791,86.448762,86.293046,59245509
2023-01-06,86.601726,87.33764,85.891527,86.832371,86.676083,59676388
2023-01-09,87.389104,87.893816,87.140555,87.34109,87.184244,70076383
2023-01-10,87.288608,87.974947,86.857924,87.422878,87.266005,54712884
2023-01-11,87.317564,87.581745,86.317357,86.39743,86.242515,49292004
2023-01-12,86.792876,87.149333,84.825288,85.500605,85.347414,45824701
2023-01-13,85.861298,86.141666,84.387611,84.618353,84.466859,42371808
2023-01-17,84.999857,85.837224,84.95364,85.724812,85.571806,80541532
2023-01-18,85.282627,86.414151,85.117327,85.922718,85.769476,52303259
2023-01-19,85.094764,86.245222,84.504611,85.488138,85.335788,35003083
2023-01-20,85.466483,86.292036,85.136723,85.583869,85.431465,44182397
2023-01-23,85.630749,87.203578,85.439055,86.497544,86.343868,43685828
2023-01-24,85.928783,85.974078,84.923837,85.654692,85.50263,36077557
2023-01-25,85.623968,86.661975,85.070889,86.301838,86.148745,48488771
2023-01-26,86.85324,87.963442,83.806522,85.518198,85.366612,38290540
2023-01-27,85.468748,85.630662,84.493997,84.598991,84.449151,53258496
2023-01-30,84.572131,84.659883,84.030074,84.317743,84.168746,40551606
2023-01-31,84.363202,86.717261,84.131584,86.599645,86.446734,40823930
2023-02-01,85.973065,86.450668,85.282983,85.637657,85.486562,50313190
2023-02-02,86.053566,86.9942,83.106851,83.755755,83.608094,32307944
2023-02-03,83.696371,83.925663,80.820894,81.841504,81.69733,52192018
2023-02-06,82.174107,83.511967,81.833697,82.840367,82.694773,43763957
2023-02-07,82.879494,83.280588,82.093214,82.350333,82.205713,59189093
2023-02-08,82.109292,85.833483,81.726338,85.052593,84.903344,43983192
2023-02-09,84.410713,85.717741,81.238318,82.06229,81.9184,78320324
2023-02-10,82.798077,83.642416,80.452687,80.830198,80.688579,28838454
2023-02-13,80.803087,83.095697,80.028487,81.827869,81.684837,65546195
2023-02-14,81.109179,82.319937,80.776799,82.252295,82.108634,18468893
2023-02-15,82.532483,86.654286,81.470312,86.04618,85.89601,27589098
2023-02-16,85.88538,86.967611,81.864379,82.350052,82.206446,47627901
2023-02-17,82.960593,83.634315,78.9163,79.705838,79.566952,80374772
2023-02-21,79.848333,79.947958,77.138468,77.435302,77.300795,53967028
2023-02-22,78.470948,81.054652,78.138039,80.316129,80.176728,45246138
2023-02-23,80.569256,82.260622,79.206237,81.537567,81.396157,52691540
2023-02-24,82.56323,82.991913,78.17027,79.263553,79.126195,30691321
2023-02-27,78.349078,81.364266,78.015592,80.334813,80.195928,67212317
2023-02-28,80.676236,86.970296,80.074968,86.276039,86.127001,68621286
2023-03-01,86.882195,88.999727,84.553893,85.722104,85.57414,36385078
2023-03-02,85.121499,86.334234,83.650095,86.036072,85.887684,48066084
2023-03-03,85.522691,86.54065,85.455674,86.257215,86.108563,42497965
2023-03-06,85.705014,89.483717,85.566747,88.914038,88.761172,53316784
2023-03-07,88.045007,91.000274,87.811152,89.86428,89.709903,31023171
2023-03-08,89.617372,91.037114,88.694922,89.282853,89.129597,42465166
2023-03-09,89.836403,94.28068,88.918798,92.70236,92.54336,44974227
2023-03-10,93.056681,94.332936,92.323473,93.225107,93.065338,53597979
2023-03-13,93.752635,94.386554,91.069106,92.264532,92.106788,45020874
2023-03-14,91.389775,92.268579,88.744902,90.944107,90.788744,40756432
2023-03-15,91.072151,92.362352,88.086887,88.540875,88.389739,40448323
2023-03-16,87.810425,88.845525,85.092652,85.200916,85.055598,57495030
2023-03-17,84.737819,84.793162,80.560839,81.725537,81.586258,58571571
2023-03-20,81.570621,83.575922,81.183927,83.322178,83.18052,35770541
2023-03-21,83.252464,84.186176,82.731628,83.765674,83.623376,72514991
2023-03-22,83.680134,85.792805,83.38908,84.960307,84.816096,49577830
2023-03-23,84.69181,86.28984,84.147023,86.18659,86.040415,34711571
2023-03-24,85.697773,86.287162,85.021529,85.199025,85.054641,41894902
2023-03-27,84.730386,85.087649,82.61654,83.182733,83.042108,45222831
2023-03-28,84.182455,85.262647,80.250339,80.630761,80.49456,37916239
2023-03-29,81.310113,81.610735,79.937287,80.174567,80.039246,36681599
2023-03-30,80.018091,80.324716,78.243359,79.105222,78.971814,62584187
2023-03-31,80.354241,80.517063,76.785602,77.448652,77.318144,64135906
2023-04-03,76.706706,76.937474,75.95081,76.019287,75.891499,59464965
2023-04-04,75.107886,77.353973,73.642352,77.200501,77.070833,28501433
2023-04-05,76.687002,77.32406,76.187088,76.737743,76.608957,28312428
2023-04-06,76.733063,78.357371,76.152012,78.12059,77.98959,73671110
2023-04-10,78.350409,78.708457,77.205538,77.65879,77.528989,54569916
2023-04-11,77.097105,78.695739,76.437362,78.270378,78.139662,30602577
2023-04-12,78.982591,80.681995,77.611603,77.969711,77.839604,45216660
2023-04-13,78.51029,79.98189,77.746157,78.825876,78.694447,27954024
2023-04-14,78.876854,79.554488,74.245023,74.33615,74.212309,89631707
2023-04-17,74.007846,74.469318,70.427309,71.6899,71.570761,73392779
2023-04-18,71.333049,72.728428,69.696187,72.621863,72.501274,36072584
2023-04-19,72.343134,74.080997,72.256436,73.338675,73.216997,37801363
2023-04-20,73.339493,73.703765,72.212323,72.401177,72.281153,23437632
2023-04-21,71.534179,73.262976,70.063037,72.710449,72.590012,81937310
2023-04-24,72.314337,73.000431,69.500741,69.567961,69.453014,44533528
2023-04-25,70.201472,70.918424,68.971194,69.126443,69.01232,41666089
2023-04-26,69.914316,70.034476,69.587672,69.793099,69.677971,44406791
2023-04-27,69.66522,71.592281,69.132035,71.065166,70.948037,71034534
2023-04-28,71.435374,71.885146,70.616647,70.914039,70.797255,42050572
2023-05-01,71.432143,71.889416,69.064941,69.429956,69.315902,44311771
2023-05-02,69.968212,70.695063,69.712422,70.426807,70.311211,50145853
2023-05-03,70.302884,71.103647,69.640941,70.615636,70.499827,42211403
2023-05-04,70.683181,71.709905,70.584604,71.123689,71.007144,23596165
2023-05-05,71.025525,71.935605,70.322113,71.458869,71.341872,42458437
2023-05-08,71.592649,72.345367,71.210344,71.856211,71.738858,21223559
2023-05-09,71.888795,72.055793,71.604264,71.971404,71.853961,39311872
2023-05-10,71.860264,72.179158,71.262103,71.523234,71.406621,64201208
2023-05-11,71.908579,72.355891,70.537101,71.177356,71.061404,45206928
2023-05-12,71.630852,73.326341,71.57765,72.897819,72.779164,50760105
2023-05-15,72.72418,73.353729,72.159146,72.515705,72.397969,73364327
2023-05-16,72.698476,72.848167,71.289911,71.526841,71.410808,30427313
2023-05-17,71.280654,71.42953,70.20231,70.868852,70.753983,36295269
2023-05-18,70.655087,72.486479,70.23745,72.314858,72.197744,42931258
2023-05-19,72.624978,73.499593,72.266322,72.465413,72.348155,39689387
2023-05-22,72.363978,73.302855,72.294479,72.801587,72.684083,32596796
2023-05-23,73.193093,73.860666,71.808129,72.040163,71.923987,36880577
2023-05-24,71.568224,73.808218,71.183344,72.970222,72.852646,48776322
2023-05-25,73.554275,74.470373,72.403797,73.024762,72.907197,51662207
2023-05-26,72.533882,74.408782,71.885664,73.833954,73.715188,56485094
2023-05-30,73.8759,75.329029,73.80844,74.62167,74.502044,63806321
2023-05-31,73.838137,76.156236,73.529424,75.754491,75.633153,60293962
2023-06-01,75.299311,76.326183,74.788239,75.984906,75.863303,54889437
2023-06-02,75.797687,76.303334,73.19314,74.265064,74.146315,56111489
2023-06-05,74.591251,74.814948,73.405262,73.683624,73.566107,28571271
2023-06-06,73.745877,74.276605,72.516225,72.847645,72.73156,37472048
2023-06-07,72.208959,72.882209,71.726175,72.329774,72.214613,37218019
2023-06-08,72.318832,74.17805,72.087437,73.83385,73.716396,53987286
2023-06-09,73.455572,77.036088,73.362625,76.526654,76.40502,38495951
2023-06-12,76.182927,76.254874,75.902115,75.954851,75.834438,97255623
2023-06-13,75.528783,77.127829,74.759273,76.958175,76.836276,31999630
2023-06-14,76.780332,77.72085,76.030217,76.719899,76.598482,44470054
2023-06-15,76.547725,79.000162,75.806215,78.533061,78.408883,38445260
2023-06-16,79.108922,79.657717,77.137991,77.340827,77.21864,43678773
2023-06-20,76.624074,78.687107,75.798544,78.044673,77.9218,38546697
2023-06-21,78.001564,78.255667,77.678524,77.92609,77.80351,44989565
2023-06-22,78.095972,78.615812,77.147171,77.49538,77.373584,38595617
2023-06-23,77.600293,78.468561,77.263501,78.08978,77.967156,62634639
2023-06-26,77.890175,81.80567,77.754469,80.479361,80.353315,63263545
2023-06-27,80.190751,80.421929,78.965924,79.617297,79.49271,30620952
2023-06-28,79.67074,81.411382,79.572486,81.371584,81.244363,57809141
2023-06-29,81.167783,81.363077,79.80773,80.352768,80.22725,42947255
2023-06-30,79.71697,82.016581,78.555426,81.235805,81.109018,70615797
2023-07-03,80.563189,80.856468,79.40282,79.990415,79.8659,51645113
2023-07-05,79.616147,83.480344,79.384169,81.347707,81.221302,38071410
2023-07-06,80.707737,82.514999,79.523345,82.313086,82.185293,85622270
2023-07-07,82.215013,83.532337,80.340033,80.891682,80.766207,30646715
2023-07-10,79.868151,81.917905,78.803376,81.49321,81.367135,29600929
2023-07-11,81.71606,82.47519,81.021152,81.988025,81.861297,51460949
2023-07-12,81.54639,81.669021,78.905514,79.655657,79.532643,61680424
2023-07-13,79.568999,80.086581,79.528313,79.996623,79.873192,36298781
2023-07-14,80.20497,82.051426,78.925097,80.577648,80.45343,40641879
2023-07-17,80.458526,81.103404,79.389236,80.745342,80.621197,40085418
2023-07-18,80.293657,82.928299,79.960357,82.35712,82.230609,74002113
2023-07-19,80.896174,82.129648,78.140679,78.752537,78.631671,80380214
2023-07-20,79.949464,82.560835,79.749947,82.137063,82.011115,111567799
2023-07-21,82.858286,83.765891,80.583501,81.224881,81.100443,32316012
2023-07-24,81.086787,81.294607,79.591531,79.867493,79.745462,21109023
2023-07-25,80.098402,83.163818,79.624274,82.848608,82.722135,57952177
2023-07-26,82.993875,83.453111,80.530296,81.275384,81.151424,20808913
2023-07-27,81.562216,82.590907,79.370972,80.339524,80.217101,46000636
2023-07-28,80.042572,80.771109,75.17218,76.125914,76.010015,57517861
2023-07-31,75.492585,78.478656,74.618532,77.436125,77.318549,38236526
2023-08-01,77.281902,77.809883,76.90912,77.037365,76.9205,39936186
2023-08-02,77.266041,77.456634,74.893076,75.91221,75.797156,63170666
2023-08-03,76.358295,78.523051,75.795843,77.728794,77.611093,48979556
2023-08-04,76.931272,81.049648,76.894925,80.269069,80.147631,37437491
2023-08-07,79.476145,79.828615,78.431075,79.148395,79.028977,41354809
2023-08-08,78.911474,82.302936,78.606745,80.989757,80.867671,31019427
2023-08-09,79.79554,86.610131,78.610828,86.08755,85.957897,42753073
2023-08-10,86.135903,87.998743,83.590669,84.241173,84.114417,44434068
2023-08-11,84.795133,85.244638,81.016516,82.920239,82.795583,50659965
2023-08-14,83.753545,84.556349,80.012246,80.652891,80.531975,48700429
2023-08-15,81.197541,83.544218,80.107807,82.709126,82.58524,76582475
2023-08-16,82.471401,82.918364,78.981944,80.341182,80.220953,59213606
2023-08-17,80.716668,82.437513,75.354282,76.739932,76.625197,44625042
2023-08-18,77.53252,77.839136,76.816797,77.209732,77.0944,40854294
2023-08-21,77.411527,82.025078,77.241535,80.681934,80.561747,49296675
2023-08-22,79.778869,81.662286,78.331158,81.254457,81.133528,45113350
2023-08-23,81.210836,81.971348,79.809889,80.086989,79.967906,50759220
2023-08-24,79.147137,79.390996,77.884489,78.436694,78.320172,65779096
2023-08-25,79.836584,80.252572,75.834563,76.066784,75.953887,54849215
2023-08-28,75.719697,78.449127,75.391166,78.32211,78.206187,38088249
2023-08-29,77.79148,81.049847,77.007598,80.750369,80.630962,46565845
2023-08-30,79.316497,81.074408,79.16204,80.30128,80.182648,38585477
2023-08-31,80.955679,81.551786,80.6348,81.360576,81.240489,43199351
2023-09-01,81.32791,82.100097,78.223948,78.367331,78.251769,47364300
2023-09-05,78.750436,79.98101,77.330551,77.842815,77.728452,32144800
2023-09-06,78.290882,80.852048,78.091673,80.287209,80.169366,52350585
2023-09-07,80.578484,84.298621,79.312409,83.541593,83.419087,46391942
2023-09-08,83.082527,84.608006,81.811668,84.237271,84.113859,38459697
2023-09-11,84.23986,84.589458,82.888235,83.401664,83.279818,33889906
2023-09-12,82.305299,83.603393,82.219098,82.990174,82.869043,43584528
2023-09-13,83.18796,83.76093,82.487291,82.771478,82.65078,50134267
2023-09-14,83.008929,85.425932,82.926721,84.750138,84.626671,44288244
2023-09-15,85.233937,86.829961,85.173977,86.500008,86.374109,42963234
2023-09-18,87.098233,88.086235,86.655895,87.072505,86.94613,47736537
2023-09-19,87.866479,90.934827,87.474292,90.399766,90.268686,52016569
2023-09-20,91.440258,91.776441,88.198139,88.62769,88.4993,34928889
2023-09-21,88.818012,90.664247,87.641512,89.664955,89.535185,58411003
2023-09-22,89.78805,89.923647,87.303474,87.641886,87.515164,38909614
2023-09-25,87.953456,89.176071,87.911487,88.392944,88.265498,28637241
2023-09-26,88.657921,91.077128,87.730707,90.231836,90.101863,59414765
2023-09-27,90.563436,91.761757,90.43744,91.232399,91.101109,104312151
2023-09-28,90.795596,92.151728,90.007647,92.044734,91.912401,44559461
2023-09-29,93.512522,93.885062,89.429978,89.669264,89.540468,43734490
2023-10-02,89.254898,95.258798,87.94442,93.646898,93.512773,52563457
2023-10-03,93.943101,94.235142,89.558518,90.343187,90.213917,46821303
2023-10-04,89.139253,91.261025,88.787017,90.360642,90.231471,31932391
2023-10-05,90.016628,91.148851,89.903837,90.09397,89.965304,51298514
2023-10-06,88.884691,92.857041,87.427993,91.941622,91.810443,62950464
2023-10-09,93.542266,95.066792,93.108854,93.258531,93.125855,50988439
2023-10-10,93.378889,94.60458,88.891624,90.953902,90.824629,28507914
2023-10-11,90.088582,91.648926,88.890613,89.118258,88.991716,31698694
2023-10-12,88.338838,88.502199,87.130786,88.411937,88.286519,52609218
2023-10-13,88.493495,89.946563,88.229382,89.498173,89.371336,30425424
2023-10-16,89.37511,90.63963,86.94964,87.840027,87.7159,57365595
2023-10-17,86.881169,88.305598,85.908046,87.671837,87.548068,32215461
2023-10-18,88.682421,90.304688,88.100855,89.78603,89.659399,52154912
2023-10-19,90.482046,91.263296,88.26682,89.427211,89.301208,63438685
2023-10-20,89.389947,90.567194,87.341877,90.426753,90.299466,29564824
2023-10-23,90.522356,91.170946,87.838307,88.140374,88.016666,32048868
2023-10-24,87.016227,89.625406,86.844288,89.014141,88.889329,60548221
2023-10-25,89.168839,89.779755,85.248013,87.581662,87.458978,46445407
2023-10-26,88.793202,89.943795,86.874789,87.443662,87.321291,53211897
2023-10-27,87.683103,90.028866,87.226615,87.824067,87.701284,40241866
2023-10-30,87.374198,88.345206,86.750479,88.045375,87.922643,52503697
2023-10-31,88.695587,88.871973,85.87633,86.91686,86.79582,31330880
2023-11-01,86.581287,88.171966,86.43415,88.082843,87.9603,25170294
2023-11-02,87.767203,89.399431,87.259574,88.800738,88.677317,46458354
2023-11-03,88.03493,90.755572,87.697364,89.36569,89.241606,55859506
2023-11-06,88.305671,90.772009,86.317852,90.322196,90.197155,37742940
2023-11-07,90.474137,91.048817,89.852253,90.389285,90.264274,91428234
2023-11-08,90.141106,91.194523,88.932582,90.552598,90.427485,38310407
2023-11-09,90.984473,91.210498,89.524575,90.41214,90.287344,56485628
2023-11-10,91.07677,92.779115,90.156222,91.941099,91.814319,41852765
2023-11-13,92.512799,93.425955,92.155418,92.887522,92.759818,59216755
2023-11-14,92.994853,93.183317,91.000878,91.062212,90.937142,29860809
2023-11-15,91.070243,92.46527,89.472486,90.247802,90.123974,32167021
2023-11-16,90.337549,92.851009,89.885688,92.116699,91.990433,72049042
2023-11-17,93.109429,94.563419,92.778588,94.212447,94.083436,55074684
2023-11-20,94.102115,94.350144,93.189899,93.678661,93.550766,57762968
2023-11-21,93.163992,93.644631,92.881361,92.984195,92.857375,61794752
2023-11-22,93.103579,93.949924,92.699776,93.614065,93.486514,45884837
2023-11-24,93.4673,95.592941,93.175329,94.486455,94.357974,48918800
2023-11-27,95.001373,95.749164,93.794828,95.094138,94.965221,50395674
2023-11-28,93.769471,97.382516,93.508564,96.982661,96.851315,59091668
2023-11-29,96.695085,97.216235,95.340314,96.291363,96.161085,32954033
2023-11-30,95.775373,96.136644,94.760574,95.675451,95.546138,34845239
2023-12-01,95.721018,96.387734,92.34842,93.182698,93.056881,61552045
2023-12-04,93.503552,94.634705,93.165648,93.683411,93.557302,45439933
2023-12-05,93.418403,94.05828,91.391692,91.755457,91.632069,45159814
2023-12-06,91.728224,93.346642,90.704634,93.085225,92.960176,29671879
2023-12-07,93.14463,95.240705,93.058681,94.480952,94.354158,50395530
2023-12-08,94.290932,94.634847,91.794617,92.186905,92.063315,24065641
2023-12-11,92.145796,92.480038,88.302733,88.927634,88.808778,41287371
2023-12-12,88.315016,89.04798,86.721977,86.889926,86.773913,32224952
2023-12-13,86.394824,87.3186,85.555758,86.836332,86.720509,44952120
2023-12-14,86.488305,87.307049,85.589307,85.796208,85.68189,35041640
2023-12-15,86.76979,87.350829,84.669097,85.754204,85.640058,69822736
2023-12-18,85.491205,86.735384,84.450177,84.752893,84.640428,48215779
2023-12-19,84.091548,86.051696,83.526579,84.848584,84.736108,25576520
2023-12-20,85.533966,85.973393,83.131438,84.13244,84.021029,35928248
2023-12-21,83.801331,85.900676,83.354479,85.506518,85.393404,33783834
2023-12-22,85.382388,85.509453,84.879832,85.101923,84.98946,37845706
2023-12-26,84.720639,86.776218,84.545497,86.223899,86.110425,59627179
2023-12-27,86.188237,87.313321,85.999914,86.939005,86.824709,34715560
2023-12-28,86.901942,88.762428,86.797615,87.483091,87.368199,50293781
2023-12-29,87.886635,87.96105,87.04946,87.37706,87.262427,63418480
2024-01-02,87.639914,88.011374,86.873114,87.195893,87.081974,51432335
2024-01-03,86.90616,87.90623,85.559427,85.784565,85.672608,32782429
2024-01-04,85.853691,86.051556,83.485736,84.053728,83.944144,39364877
2024-01-05,84.707284,86.498245,83.686873,85.830542,85.718759,27733210
2024-01-08,86.401028,86.581644,85.537491,85.582962,85.471853,32882385
2024-01-09,85.355947,87.236559,84.982978,85.220423,85.109901,48506232
2024-01-10,85.423854,85.860788,84.304107,84.592174,84.482582,45868847
2024-01-11,84.988414,86.077855,84.686959,85.82113,85.710064,33337667
2024-01-12,85.541546,85.886551,84.955105,85.360609,85.250255,44493457
2024-01-16,86.023914,86.871784,85.137965,86.274908,86.163844,56890497
2024-01-17,86.324372,86.838759,85.513359,86.31272,86.201725,39889408
2024-01-18,86.162172,86.923427,85.715744,85.851768,85.741483,33184716
2024-01-19,85.619083,87.666604,83.833412,86.493829,86.382837,41560942
2024-01-22,86.531552,86.881461,85.718639,86.016886,85.906859,65570423
2024-01-23,85.392278,87.531994,84.618045,86.777479,86.666599,41154405
2024-01-24,86.711407,87.282357,83.983657,84.477195,84.369369,71580471
2024-01-25,83.868482,86.735033,83.769313,86.494929,86.384646,24653529
2024-01-26,87.036639,90.503604,86.792606,89.079675,88.966218,67235415
2024-01-29,88.676283,91.980471,88.128059,89.6869,89.573037,49460595
2024-01-30,90.566295,90.793455,89.853193,89.984518,89.870401,69372208
2024-01-31,89.880469,91.283776,89.833335,90.319588,90.205169,22896110
2024-02-01,90.647283,91.007371,88.030018,88.328533,88.216757,48503969
2024-02-02,88.720762,91.524838,87.819831,90.123772,90.009848,35828391
2024-02-05,89.912321,90.541483,88.506407,89.836937,89.723743,51962017
2024-02-06,90.090927,90.145394,89.553547,89.697603,89.584708,33518851
2024-02-07,90.37301,90.706946,89.165276,89.583541,89.470912,36659876
2024-02-08,89.830098,93.283602,89.206518,92.354878,92.238891,49901898
2024-02-09,92.443619,92.823085,90.544037,91.656991,91.542006,84950132
2024-02-12,92.062012,92.501176,89.915658,91.57706,91.462551,46814661
2024-02-13,91.151747,92.235434,89.123669,92.100611,91.985573,69214447
2024-02-14,91.747317,92.086341,90.268624,91.075923,90.962289,38305544
2024-02-15,91.14608,91.458388,89.92811,90.059048,89.946807,52525008
2024-02-16,89.869979,92.63315,89.690165,91.729558,91.615359,47764787
2024-02-20,91.620662,92.296114,91.399248,92.04991,91.935816,37933538
2024-02-21,91.980084,93.575338,91.024793,93.28519,93.169693,44639321
2024-02-22,93.133038,95.727803,92.56652,95.687396,95.569055,75701859
2024-02-23,95.835413,97.379351,95.598558,97.188241,97.068177,41749934
2024-02-26,97.231997,98.720221,96.292231,98.294089,98.173062,39997404
2024-02-27,98.708262,99.0095,97.501086,97.991296,97.870776,35746538
2024-02-28,98.834004,100.037259,92.750661,94.465335,94.34928,57176579
2024-02-29,93.742719,95.540234,93.606281,95.030897,94.914278,46493907
2024-03-01,94.820526,95.128828,94.233498,94.889296,94.77298,40087383
2024-03-04,95.451905,97.121415,94.82034,96.52722,96.409292,46966724
2024-03-05,96.753614,97.040698,96.133315,96.830528,96.712363,111735828
2024-03-06,97.306697,98.323694,96.952233,97.137972,97.019564,39651006
2024-03-07,98.072889,99.915287,95.28581,95.883193,95.766446,53332879
2024-03-08,97.019669,97.172007,94.34579,94.447034,94.332164,44136296
2024-03-11,94.868607,98.207391,94.597524,97.696672,97.57825,58074476
2024-03-12,98.486546,100.062228,94.914897,95.431405,95.31586,39447191
2024-03-13,95.190395,100.535878,94.346611,98.106839,97.988189,51537866
2024-03-14,97.597963,97.908028,96.30647,97.031524,96.914307,35895887
2024-03-15,97.139494,97.182833,94.464165,95.594729,95.479378,37217190
2024-03-18,95.894148,96.611213,95.211968,96.510817,96.394757,37596982
2024-03-19,96.730902,96.84013,94.738435,95.790789,95.675726,71016314
2024-03-20,95.694433,96.372536,94.852244,95.821261,95.706292,41864693
2024-03-21,94.824272,98.323235,93.485019,97.698273,97.581185,54401653
2024-03-22,97.959502,98.912745,96.949699,98.569665,98.451668,41246780
2024-03-25,97.885728,98.611238,96.290523,96.559319,96.444124,41517571
2024-03-26,96.410652,96.73071,94.808614,95.407968,95.294278,41001945
2024-03-27,95.931043,96.600656,95.36747,95.884274,95.770147,89067859
2024-03-28,95.67639,96.62986,94.44394,96.58028,96.465457,59880965
2024-04-01,97.336848,98.29596,94.640965,95.674733,95.561509,33869347
2024-04-02,95.424964,97.696608,94.84382,96.397181,96.283234,48559610
2024-04-03,96.977112,98.169192,96.924634,98.001329,97.88562,47200207
2024-04-04,98.566044,99.686525,96.883835,97.102689,96.988174,47085822
2024-04-05,97.039562,99.473064,96.700425,98.968113,98.851533,61257147
2024-04-08,99.494734,100.511828,98.90296,100.352529,100.234731,19437752
2024-04-09,101.11212,101.513706,98.862042,100.124048,100.006655,31404167
2024-04-10,100.980588,101.580444,99.245564,99.653144,99.536439,47542713
2024-04-11,100.047518,100.219129,98.931122,99.009849,98.894032,50587198
2024-04-12,98.576314,101.443844,97.731309,100.186444,100.069388,40187581
2024-04-15,99.97532,100.241363,99.13593,99.321641,99.206004,62428032
2024-04-16,101.189625,102.226215,97.18972,97.881486,97.767659,67804357
2024-04-17,98.59477,100.892596,97.414786,99.696505,99.580703,45729129
2024-04-18,100.235523,100.477281,97.090915,98.097309,97.983499,45005769
2024-04-19,98.247889,98.531441,95.280643,96.09769,95.986331,66730119
2024-04-22,97.034806,97.942252,94.111649,94.511614,94.402481,34701989
2024-04-23,94.613564,95.944863,94.099578,95.803731,95.693237,66175574
2024-04-24,96.629786,97.040802,92.445679,93.210807,93.10343,79834653
2024-04-25,93.595154,93.765956,91.856127,92.384457,92.278159,25677697
2024-04-26,92.652684,93.05967,90.950074,91.811139,91.705627,54399767
2024-04-29,92.178869,93.034811,91.277766,92.534263,92.428299,42465300
2024-04-30,93.202023,94.356248,90.618106,91.80127,91.69627,29554141
2024-05-01,92.405492,93.497833,91.11532,92.940264,92.834089,24506709
2024-05-02,93.758665,95.12757,91.070345,91.215716,91.111636,43058499
2024-05-03,91.16415,92.275167,90.860561,92.234292,92.129176,51168796
2024-05-06,91.764808,94.3967,91.489287,93.549994,93.443763,28574825
2024-05-07,95.136264,96.539583,94.613379,95.963071,95.85423,48601485
2024-05-08,95.876555,98.539357,94.745184,97.796016,97.68523,34678017
2024-05-09,97.898,101.173485,97.782902,99.445353,99.332835,36713443
2024-05-10,99.90834,102.282982,99.305641,101.897058,101.781905,30713209
2024-05-13,102.504859,102.787441,100.969319,101.390263,101.276098,92618861
2024-05-14,101.264992,101.790515,101.192521,101.551877,101.437669,49302506
2024-05-15,100.949408,102.196414,99.89056,102.047662,101.933036,62278564
2024-05-16,101.640736,104.487339,101.23006,103.665258,103.548958,34492417
2024-05-17,103.294134,106.407389,102.60372,105.416057,105.297936,46724916
2024-05-20,106.624746,106.767585,103.912165,104.05908,103.942907,78596070
2024-05-21,104.24229,106.23161,103.523104,105.360676,105.243193,31548318
2024-05-22,104.986935,106.107233,104.506118,105.932365,105.81439,83642899
2024-05-23,105.562442,107.18007,105.021147,106.361404,106.243096,69926029
2024-05-24,106.927703,107.12352,106.314855,106.91096,106.792187,39259509
2024-05-28,106.167873,106.340747,104.63318,105.127586,105.01137,72497247
2024-05-29,105.963655,107.738921,105.770739,107.505208,107.38651,31824318
2024-05-30,106.894727,107.674831,106.133536,107.120168,107.002042,29484289
2024-05-31,106.065357,108.270032,105.735559,108.112665,107.993592,54171784
2024-06-03,108.521445,108.808022,106.76302,107.60457,107.486498,78972680
2024-06-04,106.89425,108.595938,105.643519,107.233532,107.116014,20482446
2024-06-05,106.969262,108.484737,106.161704,106.865861,106.748892,51231484
2024-06-06,106.165389,108.976491,105.518002,108.662595,108.543808,64281336
2024-06-07,108.847352,110.434344,108.356809,110.251498,110.131125,43564197
2024-06-10,110.093296,112.184167,109.358441,112.09851,111.97658,51829475
2024-06-11,111.806081,113.163877,110.799428,112.038449,111.916737,30692075
2024-06-12,112.181851,112.691268,111.953488,112.497349,112.375292,28648464
2024-06-13,113.173143,113.662906,111.30486,111.898913,111.777659,59860731
2024-06-14,110.531662,110.863112,109.99605,110.678063,110.558284,32473798
2024-06-17,110.795533,110.866638,109.653661,110.703451,110.584098,77031827
2024-06-18,110.389862,111.06989,108.03923,109.505953,109.388041,63638381
2024-06-20,109.394173,111.489082,109.188794,110.623934,110.505121,52128795
2024-06-21,109.70212,110.011128,108.586495,109.294003,109.176767,64369548
2024-06-24,109.370342,110.143021,106.260869,107.873681,107.758411,66172235
2024-06-25,107.782721,109.467838,107.248153,109.283928,109.167301,80940226
2024-06-26,108.339517,110.001747,107.475056,109.145274,109.028944,38221306
2024-06-27,109.358669,110.616005,108.980058,109.303646,109.187297,23908022
2024-06-28,109.524811,110.318906,108.854589,109.936539,109.819667,65209853
2024-07-01,110.744509,113.449558,110.674635,112.335237,112.216275,39910806
2024-07-02,112.285446,117.071603,111.23162,115.930141,115.807531,43372155
2024-07-03,115.812187,116.620312,112.848502,113.944989,113.824634,35785367
2024-07-05,113.261016,113.617041,111.468897,112.057947,111.939892,38649035
2024-07-08,112.58026,112.955752,109.911239,111.042677,110.926148,30866058
2024-07-09,110.395809,110.887667,110.047971,110.303131,110.187528,44062040
2024-07-10,110.520584,110.912228,106.988503,107.14056,107.028418,41449112
2024-07-11,107.400279,108.467673,107.064099,107.959617,107.846766,30824117
2024-07-12,109.035541,109.578682,107.335238,107.63539,107.523024,37482406
2024-07-15,107.960927,108.363422,106.029899,106.078979,105.968673,38558297
2024-07-16,106.519113,107.53061,106.179454,106.97553,106.864439,36233196
2024-07-17,107.029756,108.204134,105.735028,107.50474,107.393246,28754285
2024-07-18,106.881804,107.730141,104.720553,106.152373,106.042427,48479770
2024-07-19,106.218648,107.375171,106.02762,106.663339,106.55301,54968010
2024-07-22,106.406817,108.68446,106.234056,108.011916,107.900634,65638743
2024-07-23,109.202101,109.252138,106.469353,107.53821,107.427564,42994130
2024-07-24,106.752509,108.474831,106.683131,107.493739,107.383285,39789574
2024-07-25,107.965409,110.166697,107.311562,108.633338,108.521862,29110940
2024-07-26,108.454076,108.547453,107.431564,107.669991,107.559651,34843426
2024-07-29,107.928236,108.657226,106.736978,108.429838,108.319164,59218078
2024-07-30,108.461501,111.418223,107.548522,110.467883,110.35528,26928872
2024-07-31,110.058447,111.123252,107.248198,107.889946,107.780118,62505596
2024-08-01,108.347763,109.518501,106.705788,107.477395,107.368134,40991580
2024-08-02,108.316177,109.113515,108.133283,108.320549,108.210579,48097883
2024-08-05,108.1175,109.916051,104.074274,105.166421,105.060084,48403404
2024-08-06,105.249322,107.282567,104.830992,106.006221,105.89918,39010685
2024-08-07,107.365743,107.535226,103.589768,104.299495,104.194321,38458560
2024-08-08,104.68074,105.331213,103.537597,104.201152,104.096219,50339865
2024-08-09,103.662307,104.253878,101.980388,103.644264,103.540034,35094749
2024-08-12,103.25511,104.076856,102.771071,103.949993,103.845882,34451246
2024-08-13,102.826591,106.049794,102.448201,105.679332,105.573633,50471831
2024-08-14,105.996727,108.902674,104.619813,108.403258,108.294983,47889348
2024-08-15,109.175005,110.471428,107.90061,109.207619,109.09869,40779418
2024-08-16,109.318951,110.055205,107.271757,107.870112,107.762664,42606611
2024-08-19,107.564218,109.098722,106.809552,106.975485,106.869368,69806593
2024-08-20,106.890141,109.32484,106.700441,108.342847,108.235521,51499488
2024-08-21,108.481242,108.962482,107.061862,107.410298,107.304043,42342855
2024-08-22,108.060979,109.464725,107.522212,108.851217,108.743685,72524632
2024-08-23,108.817639,109.480126,106.415995,107.155475,107.049766,31962604
2024-08-26,107.16591,108.053218,106.820119,107.901259,107.795256,62326648
2024-08-27,107.763125,108.573992,105.966774,106.496147,106.39167,45393165
2024-08-28,106.805823,106.957851,103.995456,104.33128,104.22907,30481658
2024-08-29,103.632885,108.145646,102.879102,106.913206,106.808613,45408012
2024-08-30,106.799307,108.757023,106.496966,107.74713,107.641868,57726646
2024-09-03,107.30083,110.770108,107.213735,109.93139,109.824596,35674979
2024-09-04,109.809098,110.748715,107.52656,108.974991,108.869275,45062128
2024-09-05,108.243697,109.154469,107.819765,108.746402,108.641056,38234700
2024-09-06,109.486025,111.551683,108.542274,111.000151,110.892774,42030917
2024-09-09,110.434812,112.681952,109.740419,111.958413,111.850568,48909475
2024-09-10,112.420376,112.551214,112.083055,112.381101,112.273002,43228640
2024-09-11,111.399746,112.66091,110.953513,112.021889,111.91429,56759692
2024-09-12,110.795465,111.563594,109.393979,110.237657,110.131922,31829644
2024-09-13,110.33949,111.270084,108.621049,109.5647,109.45976,45426726
2024-09-16,109.289153,110.953503,107.604034,108.187974,108.084796,45252546
2024-09-17,107.833969,108.176119,105.094176,105.630536,105.529943,45038015
2024-09-18,104.778055,106.203606,102.519625,102.94563,102.847734,38051880
2024-09-19,102.391632,102.4829,101.974603,102.07063,101.973706,46863290
2024-09-20,102.225261,103.493664,101.975794,103.313898,103.215934,36379147
2024-09-23,102.64037,103.159002,101.033215,101.945693,101.849445,50398291
2024-09-24,101.916424,102.059372,99.981436,100.902894,100.807768,93594848
2024-09-25,100.273369,101.879937,99.68579,101.134606,101.0394,63086845
2024-09-26,101.613149,101.889479,99.435059,99.864738,99.770864,78924029
2024-09-27,98.83211,101.238932,97.901966,100.823701,100.729063,48553882
2024-09-30,99.9221,100.556214,99.597407,100.492151,100.398237,35559470
2024-10-01,100.611737,102.028067,100.13666,101.597999,101.50319,26413653
2024-10-02,102.018497,104.010536,100.513655,100.903411,100.809389,76551112
2024-10-03,100.365212,101.196113,99.709461,99.842528,99.749631,38624615
2024-10-04,99.157368,104.512323,98.290012,102.092185,101.997334,47143094
2024-10-07,102.373998,103.062093,101.03027,102.22428,102.129726,38836246
2024-10-08,102.593427,102.920534,100.193776,100.670194,100.577215,53415418
2024-10-09,100.417067,102.610077,100.305784,101.126516,101.033254,40303095
2024-10-10,100.925208,104.207105,100.681549,103.810534,103.714938,46147355
2024-10-11,104.145005,107.057622,103.903179,106.28935,106.191617,52694160
2024-10-14,105.564194,105.771003,103.546628,104.604445,104.508691,47792082
2024-10-15,103.636051,103.969139,102.734191,103.208193,103.113858,52017912
2024-10-16,103.167752,103.978145,102.422211,103.373726,103.279381,64151680
2024-10-17,103.496417,106.14368,103.408941,105.477503,105.381383,28888602
2024-10-18,105.31897,110.113188,104.903207,108.598853,108.500036,46902112
2024-10-21,108.38327,109.143767,107.543433,107.756443,107.658835,40312218
2024-10-22,107.186643,109.57766,106.206117,108.087396,107.989636,48387428
2024-10-23,108.849442,109.170505,107.707206,107.919562,107.822102,44055186
2024-10-24,108.972354,109.770813,108.826336,108.996985,108.898701,56380140
2024-10-25,108.426846,110.313171,107.924457,109.48257,109.383998,43455323
2024-10-28,109.629318,111.721544,108.919673,110.789619,110.690324,42978310
2024-10-29,111.284088,111.449855,108.359385,109.450588,109.352644,37237536
2024-10-30,109.690491,113.947019,109.154752,113.343443,113.24217,26534850
2024-10-31,112.840437,113.741875,110.508932,111.261342,111.162081,45642614
2024-11-01,111.326296,111.977666,109.915057,111.820834,111.721227,37705614
2024-11-04,111.527161,113.31634,111.014171,112.479789,112.380056,40963898
2024-11-05,111.860685,116.07047,110.976845,115.41678,115.314601,43243131
2024-11-06,115.413787,116.286963,113.65873,116.040868,115.938295,26025749
2024-11-07,115.843931,119.002167,115.265632,118.403023,118.298524,51412828
2024-11-08,118.745311,120.283297,118.629723,119.627039,119.521624,37434984
2024-11-11,119.781994,120.470844,117.351863,118.602821,118.498795,94982416
2024-11-12,118.070766,119.040134,117.51631,118.406447,118.302755,61749268
2024-11-13,118.5777,120.239266,117.63313,119.414125,119.309714,39713325
2024-11-14,119.925656,123.137677,119.823785,121.888614,121.782206,34957695
2024-11-15,120.63002,121.712918,119.218043,120.202089,120.097318,67415579
2024-11-18,120.169924,121.3599,118.314935,120.227267,120.122967,49686888
2024-11-19,119.876076,120.862729,117.65483,118.180738,118.078375,47425052
2024-11-20,117.987155,120.499295,116.46162,119.807565,119.703957,27658971
2024-11-21,120.171962,121.379671,116.837,117.594872,117.493338,34185450
2024-11-22,117.952902,119.904962,117.645311,119.534963,119.431918,28627232
2024-11-25,120.870926,121.023446,114.275141,115.701576,115.60231,55165451
2024-11-26,115.915897,116.79795,114.147331,114.907053,114.808625,43844209
2024-11-27,114.75945,115.549855,112.91677,114.132419,114.034811,48558491
2024-11-29,114.418338,114.739349,113.573842,114.245149,114.147758,33295732
2024-12-02,113.878778,114.3824,110.166052,110.541929,110.448148,44963914
2024-12-03,109.91561,112.795145,109.811579,111.759768,111.665107,40887820
2024-12-04,110.897553,111.312087,110.287287,110.623077,110.52953,44852776
2024-12-05,110.175931,112.656886,109.595065,111.845229,111.750801,45477943
2024-12-06,111.334204,113.482603,110.479986,112.404387,112.309641,58112426
2024-12-09,112.74463,113.853246,111.053833,111.670163,111.576494,35004935
2024-12-10,111.048029,111.918685,110.603295,110.986297,110.893353,33135603
2024-12-11,111.718238,112.615085,111.096325,111.179854,111.086901,65349593
2024-12-12,110.4128,113.675926,109.803158,113.568887,113.474091,63149681
2024-12-13,114.284127,115.565977,112.235793,112.604643,112.510807,53425659
2024-12-16,112.140702,116.004812,111.487362,114.700202,114.60509,40579486
2024-12-17,114.315299,114.485816,112.424269,112.9669,112.87338,24843641
2024-12-18,112.823914,114.044924,110.83838,111.045424,110.953646,58325224
2024-12-19,110.148891,113.090332,109.820215,112.826197,112.733101,76526685
2024-12-20,113.150985,114.057162,112.109578,112.939672,112.846637,27698095
2024-12-23,112.117035,112.904433,111.697867,112.183911,112.09196,73949655
2024-12-24,112.58942,113.693742,108.400517,110.138517,110.048392,44929287
2024-12-26,110.240352,110.7056,106.562935,107.385361,107.297783,38790067
2024-12-27,106.547758,108.606361,105.98084,108.307504,108.219322,32098794
2024-12-30,108.061753,110.072371,107.780807,109.516711,109.427994,53760919
2024-12-31,109.751634,110.032496,108.347506,109.200891,109.112579,49005589
2025-01-02,108.813585,112.88942,108.29002,111.870201,111.780037,50550623
2025-01-03,110.605673,113.233155,108.592099,112.753553,112.662831,41550729
2025-01-06,112.566866,112.880399,110.264633,112.376129,112.286172,78857902
2025-01-07,112.107352,114.179127,110.94444,112.348583,112.258801,35631374
2025-01-08,112.15488,114.442957,111.277339,114.374915,114.283671,45717432
2025-01-09,115.492672,116.889334,114.635507,115.133801,115.042109,53480879
2025-01-10,114.426129,117.764427,114.014784,116.950088,116.85711,58727346
2025-01-13,116.042764,116.914084,115.985816,116.717023,116.624709,42452122
2025-01-14,116.464471,119.938753,114.798017,119.57232,119.47791,41204834
2025-01-15,119.207542,120.762758,117.960575,119.53543,119.441213,43872846
2025-01-16,119.382212,120.770311,117.268023,117.321928,117.229616,44312260
2025-01-17,117.181556,121.140736,116.35268,119.057916,118.964402,70170445
2025-01-21,118.617638,121.680563,117.001512,120.416353,120.322431,35363251
2025-01-22,121.745253,122.980423,120.513258,122.769397,122.673807,35145129
2025-01-23,122.837458,124.327191,119.494416,120.030531,119.937238,57034983
2025-01-24,120.159189,120.840952,117.849469,118.73058,118.63846,43622341
2025-01-27,117.875293,120.085895,117.604375,118.935113,118.843322,59559467
2025-01-28,117.870369,120.320528,117.473886,118.905128,118.813522,53829461
2025-01-29,118.481474,118.616606,117.539351,117.755221,117.664663,47607714
2025-01-30,118.478647,121.249974,118.289695,120.704184,120.611522,41155336
2025-01-31,120.398628,120.474236,119.395909,120.388185,120.295931,39724641
2025-02-03,119.079407,122.158126,118.717304,121.953813,121.86086,47145891
2025-02-04,122.464029,124.405544,122.134078,124.012879,123.918525,40338653
2025-02-05,124.103682,124.485578,122.590952,123.26059,123.166978,34640191
2025-02-06,122.487503,122.779764,118.407941,119.527778,119.437164,56073148
2025-02-07,119.574018,120.772896,118.1739,118.38368,118.294095,29906428
2025-02-10,117.695527,117.901316,115.874134,116.610342,116.522578,40074793
2025-02-11,116.931808,117.578943,116.415776,116.776293,116.688564,41887105
2025-02-12,116.795233,119.333133,116.692212,119.073336,118.984044,72662643
2025-02-13,119.206133,120.481865,118.636881,119.731319,119.641697,30074414
2025-02-14,120.546301,121.414327,119.558288,120.855178,120.764881,24172296
2025-02-18,120.558625,122.249003,119.835272,122.108835,122.018269,58704399
2025-02-19,121.042718,124.558674,120.231179,123.656187,123.564642,45790886
2025-02-20,124.581704,125.15925,121.907491,122.572241,122.481666,74982453
2025-02-21,122.824631,125.721621,122.369614,125.58039,125.487764,56367042
2025-02-24,125.522023,126.278903,125.112691,125.929832,125.837466,46297781
2025-02-25,126.065641,127.068044,125.793169,126.420349,126.327796,37232798
2025-02-26,126.596983,129.8688,126.152183,129.325881,129.231378,46487298
2025-02-27,128.631793,131.524819,128.131581,130.783507,130.688117,19446176
2025-02-28,131.540373,134.289099,131.348214,131.850341,131.754354,47878777
2025-03-03,132.900108,134.107221,131.986282,132.195814,132.100118,63626973
2025-03-04,131.57111,135.084252,131.3967,135.006107,134.908561,41052986
2025-03-05,133.530433,134.3124,131.997369,134.14331,134.046571,78636320
2025-03-06,134.419547,134.706116,133.659721,134.648672,134.551753,50201392
2025-03-07,133.83863,133.90975,132.378155,132.771265,132.675878,41742272
2025-03-10,132.736538,132.874418,132.259902,132.538913,132.444238,34158334
2025-03-11,131.875037,132.689091,129.560749,130.598163,130.505053,33278922
2025-03-12,130.679812,133.279809,130.539276,132.459368,132.365111,46648460
2025-03-13,132.731989,133.679885,131.006368,131.875781,131.78212,34898907
2025-03-14,131.649208,133.360501,131.000831,132.391095,132.297249,29119278
2025-03-17,132.490998,133.959444,131.878669,132.955221,132.861522,29415221
2025-03-18,132.585833,135.348943,131.629062,134.134216,134.039868,48306680
2025-03-19,135.094221,136.001414,133.44903,135.236654,135.141716,33792861
2025-03-20,134.835942,137.463412,133.433599,137.254937,137.15877,56609472
2025-03-21,137.710492,138.649153,136.011833,138.298118,138.20141,42290187
2025-03-24,137.258825,138.045843,136.718831,137.209256,137.113872,58693460
2025-03-25,138.076432,138.542836,137.529899,138.31455,138.218586,45329442
2025-03-26,138.376833,138.765282,137.659736,138.034234,137.938654,45920703
2025-03-27,137.493908,140.535381,136.190435,140.42525,140.328206,37209647
2025-03-28,139.95609,145.541779,139.821692,143.371766,143.272882,33353213
2025-03-31,142.933417,145.644922,141.915492,145.483663,145.38392,55303044
2025-04-01,146.699235,147.438134,145.414985,145.739634,145.639915,48273236
2025-04-02,146.146584,146.236788,144.390356,145.596737,145.497315,44878477
2025-04-03,145.70001,148.38338,143.15947,147.818437,147.7177,44677944
2025-04-04,147.020626,148.706714,145.71434,146.099951,146.000585,53079504
2025-04-07,146.407532,150.367856,146.217348,149.396545,149.29555,49004367
2025-04-08,150.977205,151.779017,150.086185,151.692397,151.590058,27801359
2025-04-09,153.530884,154.777969,144.74626,148.025539,147.925876,48556407
2025-04-10,148.066908,150.627614,147.214043,147.509932,147.410818,42068300
2025-04-11,146.024682,147.253077,143.606282,145.196901,145.099539,18946036
2025-04-14,145.131394,145.548422,144.59382,144.799939,144.703438,58904349
2025-04-15,145.692671,147.021056,143.719123,144.23094,144.135016,43782608
2025-04-16,143.030427,144.907201,142.436802,142.670118,142.575426,47590717
2025-04-17,141.798187,146.818919,141.609931,145.679554,145.583064,45252816
2025-04-21,145.500294,146.536445,144.177509,144.678616,144.583581,45342514
2025-04-22,144.180236,146.177833,141.687365,142.638474,142.544975,50505119
2025-04-23,143.685507,148.578178,143.263322,147.459231,147.362773,47101383
2025-04-24,147.834988,148.645578,144.976231,145.083888,144.989183,70536242
2025-04-25,146.020746,147.50332,143.794125,145.067591,144.973094,30313175
2025-04-28,144.880493,147.728048,143.710843,145.281016,145.186977,65281548
2025-04-29,143.742711,146.623982,143.029902,145.293018,145.19917,64217968
2025-04-30,145.584782,149.381248,145.41534,148.709487,148.613635,24473630
2025-05-01,149.629141,150.379121,148.197456,148.65027,148.55466,51641872
2025-05-02,149.705502,151.51851,149.167933,149.699616,149.603536,22681526
2025-05-05,149.609203,156.838738,149.535836,155.229726,155.130734,42713661
2025-05-06,156.618226,158.685246,156.118262,157.532459,157.432213,48836616
2025-05-07,157.037478,159.173687,155.050884,156.036813,155.937733,32025978
2025-05-08,155.559241,156.196279,154.398929,155.842142,155.743398,59116180
2025-05-09,154.886996,158.176823,153.169245,154.258018,154.160489,56917706
2025-05-12,153.644407,158.169601,152.417528,156.162824,156.064732,64022631
2025-05-13,155.349153,157.735678,147.575442,150.399661,150.305395,47249435
2025-05-14,151.537162,154.765038,151.3116,153.960626,153.864339,48947337
2025-05-15,153.459017,154.240685,150.039091,151.07996,150.98568,40351526
2025-05-16,150.691759,152.384722,146.087521,146.658045,146.566725,35988571
2025-05-19,146.418905,149.210912,145.371468,148.883107,148.791013,48760397
2025-05-20,148.457975,152.362189,147.670775,151.62867,151.535085,39186623
2025-05-21,153.167679,158.495631,150.440137,158.357298,158.259777,35493860
2025-05-22,156.481986,158.45269,155.864914,157.214765,157.118163,45689158
2025-05-23,157.351107,164.655343,157.158683,162.841136,162.7413,26943387
2025-05-27,163.991418,164.288962,163.70979,163.919229,163.819628,59111160
2025-05-28,165.363211,168.22273,163.526153,164.513844,164.414108,37752570
2025-05-29,161.979306,170.368843,160.788884,169.8325,169.729772,42822665
2025-05-30,169.359646,179.021028,165.447299,173.473459,173.368766,62988342
2025-06-02,171.267244,174.124942,170.157826,172.804622,172.701041,35797563
2025-06-03,173.022266,175.254071,167.192227,168.229644,168.129036,95744875
2025-06-04,168.568415,173.142027,167.925206,172.596143,172.493159,55919240
2025-06-05,176.242577,177.232703,169.715623,172.324831,172.222245,42465456
2025-06-06,171.537454,173.8159,164.509874,166.276296,166.177539,33933811
2025-06-09,165.016471,167.510347,164.930717,167.088426,166.989872,44233650
2025-06-10,165.480996,167.181907,162.239808,166.45681,166.358856,51851564
2025-06-11,165.802283,166.551447,163.540478,165.48124,165.384087,43968614
2025-06-12,165.487756,166.866403,164.145572,166.681903,166.584273,34667327
2025-06-13,165.467807,166.799617,163.812353,165.269464,165.172887,25775740
2025-06-16,165.986913,168.72247,164.874593,167.335561,167.238464,34151106
2025-06-17,165.555718,169.668232,163.347367,168.145872,168.048534,27395727
2025-06-18,168.803706,171.594083,168.203604,170.833783,170.735123,34902887
2025-06-20,170.570241,175.380522,167.85519,175.298451,175.197692,35107730
2025-06-23,174.946953,179.757731,173.028645,173.944054,173.844788,48511385
2025-06-24,174.494696,176.612719,173.006342,176.426481,176.326039,34889177
2025-06-25,176.23385,176.914138,174.69283,175.783864,175.684029,45372273
2025-06-26,176.505351,176.960042,171.357519,171.709725,171.612439,55048638
2025-06-27,170.945873,171.541112,165.968142,167.090151,166.995711,70140910
2025-06-30,170.186853,170.392949,158.206088,159.135336,159.046044,42184663
2025-07-01,160.360192,165.515457,157.62905,162.549041,162.458057,22519049
2025-07-02,161.109439,177.506911,160.147125,175.181211,175.083396,70421897
2025-07-03,176.263092,177.338899,169.382545,169.65009,169.555595,34732656
2025-07-07,170.917986,174.612186,169.616722,173.890628,173.794723,63986718
2025-07-08,175.649549,176.396708,171.760347,173.460718,173.365287,42707235
2025-07-09,170.760742,175.112597,169.522013,173.987781,173.892299,38180087
2025-07-10,174.247825,174.459897,170.648499,171.903338,171.809235,43071240
2025-07-11,170.220494,170.584672,160.018738,161.267205,161.179144,46085239
2025-07-14,160.093167,172.913214,156.491503,170.091765,169.999584,48068818
2025-07-15,168.405325,178.91175,165.311549,177.810503,177.714382,36623604
2025-07-16,178.162264,179.380348,173.469913,177.406357,177.310697,70177605
2025-07-17,175.489361,188.821018,173.419828,186.873841,186.773332,50003756
2025-07-18,185.002005,185.134689,183.597829,184.317978,184.219096,47059737
2025-07-21,186.194869,189.175653,175.990219,178.485527,178.390507,40881159
2025-07-22,178.621899,183.089936,178.426927,182.345716,182.24889,68967771
2025-07-23,181.44904,182.875949,179.004309,179.742802,179.647604,42912454
2025-07-24,179.216416,179.570937,178.444531,178.726984,178.632568,71480793
2025-07-25,178.590862,182.437726,177.99377,180.946982,180.851641,31530797
2025-07-28,180.218395,181.082474,177.772285,179.2606,179.166884,39610355
2025-07-29,178.987475,185.186958,178.371335,184.781037,184.684688,58567298
2025-07-30,184.637431,186.308723,182.47434,186.092231,185.995452,57498559
2025-07-31,189.197008,190.125275,183.6782,185.274505,185.178405,33120308
2025-08-01,185.658521,186.474626,182.947505,183.546375,183.451423,44999621
2025-08-04,181.076174,182.427852,177.471448,179.808908,179.716627,32813729
2025-08-05,179.281617,183.038516,178.31455,181.749255,181.656227,52246817
2025-08-06,181.839943,182.319222,179.130985,179.988335,179.896455,53008281
2025-08-07,179.736261,189.050028,177.938689,187.107897,187.012638,71841267
2025-08-08,185.889917,187.524657,184.491415,187.432644,187.337477,42648295
2025-08-11,187.493598,190.85026,185.49269,185.815067,185.721484,64160086
2025-08-12,187.756007,192.87027,187.377476,191.392554,191.296423,64684342
2025-08-13,191.470221,192.680274,187.269172,189.454887,189.359989,66177082
2025-08-14,189.799493,192.299527,189.514513,191.749622,191.653837,34401928
2025-08-15,192.103337,193.902483,189.56634,189.922973,189.82836,54258900
2025-08-18,189.295847,194.514545,187.488013,193.745111,193.649389,56228965
2025-08-19,193.804429,194.036459,190.597852,192.98532,192.890237,29731778
2025-08-20,192.628259,195.425863,191.636549,192.0328,191.93845,40432676
2025-08-21,191.797342,192.523559,190.695389,191.281441,191.187722,50778674
2025-08-22,190.863707,192.912447,190.175875,190.383623,190.290604,47718582
2025-08-25,190.804875,191.378545,188.910954,190.039113,189.947043,76120922
2025-08-26,189.182852,190.326342,188.268773,189.938191,189.84643,58200827
2025-08-27,188.989402,189.387497,180.925116,182.963453,182.875311,36840604
2025-08-28,183.155549,191.065168,181.79939,189.906566,189.815339,35070338
2025-08-29,188.961317,189.136417,186.926405,188.045116,187.955041,46147924
2025-09-02,188.49456,189.198777,186.724066,188.439937,188.350704,49595803
2025-09-03,187.639775,188.507406,186.222881,188.278948,188.190048,65129001
2025-09-04,187.820339,188.914294,180.122332,181.564083,181.478602,50794172
2025-09-05,180.555343,180.93223,174.264493,176.941498,176.858436,36949627
2025-09-08,176.464758,179.159584,176.022065,176.099838,176.017894,45858373
2025-09-09,176.173956,179.287999,174.729599,178.002292,177.919706,44327848
2025-09-10,178.656763,184.654279,175.860995,182.690029,182.605519,64419648
2025-09-11,183.631936,185.832693,183.343001,185.678221,185.592582,41757293
2025-09-12,186.353473,187.024211,183.316129,186.124708,186.039118,32185635
2025-09-15,186.929396,188.191401,184.271784,185.391055,185.306563,33304217
2025-09-16,186.609219,187.214108,183.293787,185.830336,185.745899,47117388
2025-09-17,185.89294,191.445166,182.222128,190.533396,190.447082,52743248
2025-09-18,189.129436,190.401817,188.873841,190.188308,190.102411,58307579
2025-09-19,188.73164,194.961451,187.072337,193.845233,193.757949,70062014
2025-09-22,194.833293,196.076645,193.138205,194.745542,194.658652,53626759
2025-09-23,194.817798,196.219304,191.447897,193.584314,193.498207,35720726
2025-09-24,193.312712,193.67712,189.874069,191.824848,191.739787,34668029
2025-09-25,190.653871,191.077323,186.814963,188.520733,188.437395,58496546
2025-09-26,187.499606,188.01701,187.267823,187.50661,187.423977,42945461
2025-09-29,189.918361,190.782707,185.455423,187.376676,187.294869,39779301
2025-09-30,186.459303,188.87522,183.711389,185.627734,185.546944,50093129
2025-10-01,186.467573,190.1362,185.935256,188.723988,188.642109,35513819
2025-10-02,189.266084,192.784782,188.465671,190.898656,190.816095,45297757
2025-10-03,191.154604,191.271055,189.006481,190.785356,190.703104,46378855
2025-10-06,190.298973,196.498783,189.336824,195.967776,195.884095,29683621
2025-10-07,197.955509,198.969157,193.555883,193.857255,193.774741,48417872
2025-10-08,193.05916,198.81915,191.37988,196.980192,196.896618,31190769
2025-10-09,196.005552,200.046694,195.63579,198.837964,198.753874,27264233
2025-10-10,199.457488,199.554957,197.641974,198.930325,198.846468,49121132
2025-10-13,198.530129,205.675904,197.055726,203.08268,202.997906,40379568
2025-10-14,202.676366,204.758618,199.841339,201.756501,201.672557,38737797
2025-10-15,202.261831,205.034698,195.203877,195.283934,195.20295,71658741
2025-10-16,193.997961,206.990321,193.646381,203.834786,203.750535,45791024
2025-10-17,205.260683,209.786085,203.732426,208.508663,208.422766,35596906
2025-10-20,206.285436,207.899826,201.329148,202.748301,202.665609,56118695
2025-10-21,204.171319,211.434809,200.799356,209.331131,209.24604,29219206
2025-10-22,210.568537,210.986874,203.684895,205.671599,205.588278,32465209
2025-10-23,203.929681,212.887151,203.003424,211.081734,210.99651,56677395
2025-10-24,211.234852,216.522568,210.536848,210.870937,210.786086,57367808
2025-10-27,213.227256,218.889922,212.989013,217.004122,216.917694,47049221
2025-10-28,216.29824,219.075161,215.327595,215.538532,215.452982,41518646
2025-10-29,213.238322,216.175885,211.562067,215.543627,215.45837,33460420
2025-10-30,216.120586,219.767493,208.356445,211.684975,211.601534,120794454
2025-10-31,208.066662,212.920029,206.359014,212.079732,211.996426,25541822
2025-11-03,211.890271,213.980228,211.489914,213.487404,213.404422,69909793
2025-11-04,212.697912,218.830588,211.083086,215.600566,215.517057,27257052
2025-11-05,218.163526,223.34441,216.320965,219.422046,219.337357,67664630
2025-11-06,217.481702,225.968185,216.656286,224.036437,223.950274,38366345
2025-11-07,225.9776,230.104676,225.767182,229.61219,229.524197,37547533
2025-11-10,229.742928,230.87761,226.45951,230.632664,230.545227,47016535
2025-11-11,234.025308,238.072319,224.983626,226.10034,226.01493,50183956
2025-11-12,226.166939,239.901933,224.547575,237.898826,237.809285,50060665
2025-11-13,238.554607,238.967855,229.21791,229.819349,229.733163,43279647
2025-11-14,227.463558,235.022103,225.499142,230.261501,230.175465,38359912
2025-11-17,229.250233,230.541454,224.407831,228.382817,228.29842,30889279
2025-11-18,228.233416,228.528105,223.799331,224.136988,224.054466,57659916
2025-11-19,224.29921,224.874544,219.533556,221.079368,220.998275,25937948
2025-11-20,218.982936,235.16083,217.691495,234.918864,234.833016,50651675
2025-11-21,236.164921,242.992733,235.339046,240.095585,240.008173,34870991
2025-11-24,241.554804,245.899573,240.462865,241.84157,241.754517,23601707
2025-11-25,242.692307,263.735034,242.271518,259.858207,259.765024,50285575
2025-11-26,256.17168,263.090359,255.081121,260.779279,260.686122,33982470
2025-11-28,260.027048,260.592499,247.948021,253.46577,253.375919,58648025
2025-12-01,254.189226,256.220295,249.653198,249.920003,249.832435,38221921
2025-12-02,249.286242,252.163553,235.819063,239.849263,239.765552,38002377
2025-12-03,238.222085,254.774318,237.140745,251.382115,251.294722,40573591
2025-12-04,255.164731,255.894424,252.375445,252.57202,252.48456,41299959
2025-12-05,254.695271,263.979876,254.044355,259.877518,259.787884,57874008
2025-12-08,259.681594,261.47182,249.841193,255.81876,255.731576,34391566
2025-12-09,254.143823,255.977641,250.106228,253.239012,253.153054,43554538
2025-12-10,253.079423,254.057572,246.542998,252.003264,251.91807,69710428
2025-12-11,251.699914,254.997516,248.35552,252.467177,252.382171,53103201
2025-12-12,253.094892,261.475672,251.490942,260.1739,260.086656,75014234
2025-12-15,259.522227,270.986869,256.384296,268.748483,268.659467,69634032
2025-12-16,269.505742,278.82548,267.576867,276.997454,276.906085,55975788
2025-12-17,275.215568,281.826386,273.909881,278.480933,278.389455,36524979
2025-12-18,283.54553,296.515466,278.877544,285.609545,285.516117,32445183
2025-12-19,284.775703,290.265568,276.843715,282.899875,282.80772,32371864
2025-12-22,286.514545,290.087663,276.946152,279.406185,279.316315,27839947
2025-12-23,277.070373,288.192301,275.739275,286.741733,286.649896,52493928
2025-12-24,283.600098,284.84731,281.657036,282.72071,282.630548,40991297
2025-12-26,282.889091,289.196888,271.223265,275.778655,275.691461,57104473
2025-12-29,277.987831,278.957145,268.523333,271.066477,270.981886,55420852
2025-12-30,270.887964,274.312987,264.803756,268.488445,268.405026,38200791
2025-12-31,270.925671,277.247125,269.920738,275.921791,275.83644,62292579
2026-01-02,281.46213,282.970057,272.898879,274.306369,274.222269,47427101
2026-01-05,271.717109,274.066533,268.513902,270.85676,270.77483,35253161
2026-01-06,271.909169,278.037608,271.432678,275.576372,275.493391,36548104
2026-01-07,270.786916,283.89506,266.227129,277.673853,277.59062,51295645
2026-01-08,278.599957,279.000355,274.926009,277.162982,277.080281,55775187
2026-01-09,275.969803,282.220259,275.340834,278.009486,277.926913,47986721
2026-01-12,278.901358,280.03748,278.058802,279.562404,279.480518,63463539
2026-01-13,277.005419,281.654687,276.075999,281.192533,281.110555,38717546
2026-01-14,280.62435,280.737463,271.834807,279.318264,279.237214,32003876
2026-01-15,276.660118,282.556446,276.233242,281.287735,281.206498,31689327
2026-01-16,283.675628,286.108437,277.863444,279.921803,279.841344,46128122
2026-01-20,282.449521,284.918686,276.629607,279.088597,279.009906,50180834
2026-01-21,281.554535,285.562737,281.391622,282.901165,282.821786,45041992
2026-01-22,280.792188,284.056833,277.422547,278.361283,278.283559,29717499
2026-01-23,281.044654,286.816302,276.173621,277.248594,277.171559,45530889
2026-01-26,279.674865,280.191797,273.17675,275.569453,275.494017,22248457
2026-01-27,277.293692,281.440585,276.839423,277.434481,277.358914,61921345
2026-01-28,277.034247,288.423402,276.698906,286.33729,286.25969,51870140
2026-01-29,286.131251,286.703844,281.775498,284.316409,284.239746,38570276
2026-01-30,282.698242,285.474788,279.566472,282.61132,282.535503,25571912
2026-02-02,281.221368,283.963056,280.350569,282.381683,282.307087,42313993
2026-02-03,282.992504,284.43376,267.778884,269.921507,269.850572,57724916
2026-02-04,268.603697,271.75893,268.114312,271.359642,271.2887,35931301
2026-02-05,270.384882,271.290467,265.952379,266.782198,266.712818,46006889
2026-02-06,268.188618,269.243272,264.506019,266.776951,266.707938,68666662
2026-02-09,268.279322,275.526794,267.625236,272.050813,271.981552,35798011
2026-02-10,273.196359,279.662271,269.466019,277.913355,277.842982,81498318
2026-02-11,281.575075,282.643472,274.309779,279.502402,279.432009,85125200
2026-02-12,277.492705,278.604771,268.326912,272.208712,272.140529,47195679
2026-02-13,274.844878,281.256822,274.2503,279.714275,279.644594,57196717
2026-02-17,277.392032,288.326126,274.458421,287.898046,287.827902,59186790
2026-02-18,287.034816,289.01656,286.467176,287.129921,287.060358,29309696
2026-02-19,289.271356,289.642797,282.933482,286.700787,286.63172,65548486
2026-02-20,285.653388,289.772772,279.47437,279.718778,279.651776,46192990
2026-02-23,274.889769,285.854334,274.275265,283.329808,283.263104,33679541
2026-02-24,282.745082,287.173864,280.7184,281.797053,281.731095,59974730
2026-02-25,279.904637,283.036236,277.313821,281.987806,281.92219,35944635
2026-02-26,281.026338,293.649942,278.02962,290.587078,290.519858,50364671
2026-02-27,292.328391,292.858558,281.331437,283.083567,283.018471,63877813
2026-03-02,283.465281,285.751664,278.335262,279.643637,279.58048,51051527
2026-03-03,279.039193,279.996838,272.890995,273.753251,273.691799,58882232
2026-03-04,274.046015,275.200749,262.538106,263.581771,263.522963,35056516
2026-03-05,262.62423,267.458087,253.43467,255.034043,254.977491,39164874
2026-03-06,256.72347,263.25339,254.929545,259.380692,259.323532,42817158
2026-03-09,255.096717,255.99653,239.188505,246.123102,246.069874,33592577
2026-03-10,246.45406,250.54173,240.668906,242.123763,242.071731,52913326
2026-03-11,239.005994,244.449985,237.811172,243.580097,243.528086,50368356
2026-03-12,242.021747,245.210852,236.033071,236.383812,236.333661,55332190
2026-03-13,235.473596,237.415989,230.565654,234.597789,234.548337,47462627
2026-03-16,238.493803,242.24318,233.962205,235.513961,235.465284,60457509
2026-03-17,237.297714,242.79691,234.527911,240.130692,240.081389,50273979
2026-03-18,241.738412,245.564854,239.856594,239.958789,239.90985,53111291
2026-03-19,240.314737,242.355155,232.306858,233.216719,233.169474,45221053
2026-03-20,230.217507,231.192595,225.457588,228.180626,228.134713,38611640
2026-03-23,227.847767,230.119103,223.417721,228.880845,228.835731,59036011
2026-03-24,229.755712,240.386806,229.24809,236.650461,236.604139,65650451
2026-03-25,235.888689,237.632038,235.248183,237.046035,236.999961,33745255
2026-03-26,238.612927,239.13882,229.003992,229.327444,229.283184,43952237
2026-03-27,230.051113,231.876184,227.324523,228.181869,228.138142,36446101
2026-03-30,228.009477,228.757965,224.079403,227.260969,227.218351,32569726
2026-03-31,226.062213,228.085116,224.000174,227.508026,227.465674,32033816
2026-04-01,226.706638,228.880774,223.955485,227.240403,227.198412,49399468
2026-04-02,227.579927,231.371122,225.034835,228.994049,228.952047,47593251
2026-04-06,228.87923,237.0266,228.485306,236.832687,236.790544,21573296
2026-04-07,239.849118,242.630271,238.282048,239.29207,239.249816,28243996
2026-04-08,239.118569,242.300801,236.230206,237.279545,237.237972,36652412
2026-04-09,238.010594,244.197942,237.610028,243.531287,243.488951,24549253
2026-04-10,244.514893,252.68642,244.104292,247.546873,247.504179,42745642
2026-04-13,249.788158,251.140236,236.40472,237.202942,237.163006,29723391
2026-04-14,235.01059,235.487243,231.655746,232.036135,231.997386,34405305
2026-04-15,229.584389,229.844617,224.124877,226.600168,226.562637,34641360
2026-04-16,228.406958,233.636602,225.852289,226.542939,226.505728,34511312
2026-04-17,224.331671,228.01821,222.577861,226.168949,226.132108,33247181
2026-04-20,225.666941,231.101446,223.612627,230.643935,230.607312,27441415
2026-04-21,228.88676,233.899112,225.474193,233.122526,233.085829,75637069
2026-04-22,233.564493,237.086364,218.465156,223.106966,223.072151,42224182
2026-04-23,227.98722,228.22733,219.67885,221.271401,221.237175,22789039
2026-04-24,224.020013,229.678992,222.714587,228.30708,228.272079,57788570
2026-04-27,225.716859,237.062131,224.263428,236.030252,235.995036,50683630
2026-04-28,234.662718,240.359267,234.13411,239.843736,239.808279,42228699
2026-04-29,241.005063,243.094935,239.007128,239.401071,239.366007,37482182
2026-04-30,238.792254,244.548608,238.125397,240.112313,240.077474,41692186
2026-05-01,239.25899,247.873277,238.019829,245.570376,245.535081,35119372
2026-05-04,245.875588,253.04204,241.987985,250.37454,250.339582,38848421
2026-05-05,252.622682,253.739823,245.862094,246.286636,246.252586,43370506
2026-05-06,246.592918,247.439295,241.82411,242.041318,242.008187,52863457
2026-05-07,243.078154,247.037625,232.457909,235.330949,235.299058,59864595
2026-05-08,237.063882,240.148701,234.648392,237.831437,237.799532,45074632
2026-05-11,240.114132,240.939863,234.538581,237.780077,237.749157,50262623
2026-05-12,237.747233,238.434746,227.491816,231.51595,231.48616,50152863
2026-05-13,231.550404,235.848657,231.141432,233.649275,233.619531,68775466
2026-05-14,230.494311,235.895682,229.680799,233.961894,233.932431,59011958
2026-05-15,235.620861,235.818475,231.158014,235.074797,235.045515,84086657
2026-05-18,234.246716,243.120643,231.545306,242.102016,242.072853,56657854
2026-05-19,242.174562,242.611373,236.790185,237.640881,237.612581,44946511
2026-05-20,236.120615,236.782295,231.338884,232.750897,232.723497,45280635
2026-05-21,234.972308,236.418859,218.775069,220.84763,220.821934,73981871
2026-05-22,220.639465,222.253537,219.149454,221.329213,221.303764,50832592
2026-05-26,218.08941,222.578411,217.488955,220.913683,220.889492,27765249
2026-05-27,216.862679,222.715908,213.987069,220.502495,220.47865,41783741
2026-05-28,224.571833,227.921855,216.764861,219.326917,219.303499,39397037
2026-05-29,219.580607,220.784865,218.906487,219.371021,219.347899,54414223
2026-06-01,220.143854,221.343553,218.058859,220.530855,220.508516,49662116
2026-06-02,222.094311,223.364874,218.053015,222.725414,222.703158,72793230
2026-06-03,222.734587,226.17747,217.357625,219.188229,219.166627,43410650
2026-06-04,219.170791,220.532027,211.579552,213.052954,213.032248,39220232
2026-06-05,214.165116,214.982091,211.132669,211.488062,211.467797,53928181
2026-06-08,209.333436,219.417115,208.921222,213.758787,213.739183,39563863
2026-06-09,212.298843,213.666897,211.781231,212.638829,212.619618,54791173
2026-06-10,213.110556,213.961929,204.472959,205.613098,205.594804,27940269
2026-06-11,205.153208,207.325486,203.618158,207.153708,207.13556,58247708
2026-06-12,206.26673,217.205229,205.949831,215.408317,215.389741,58068689
2026-06-15,215.841691,217.242181,210.88629,212.662131,212.644665,60124537
2026-06-16,216.381852,216.843624,211.653665,212.595047,212.577877,37902004
2026-06-17,212.268647,212.624994,212.135871,212.44871,212.431843,26220627
2026-06-18,214.422463,216.491135,214.125406,216.155177,216.138312,54610597
2026-06-22,215.507998,221.251837,210.301995,217.628912,217.613122,45681665
2026-06-23,218.72176,221.087722,216.375864,217.480783,217.465303,30309357
2026-06-24,216.45488,220.85832,211.377803,216.844155,216.829016,40232714
2026-06-25,216.239002,216.688304,211.341777,214.921708,214.906998,52049516
2026-06-26,212.980246,218.240303,212.310519,216.228573,216.21407,51522539
2026-06-29,215.712696,217.677165,214.522659,216.911235,216.897576,46687788
2026-06-30,218.901517,220.533532,218.738763,219.615603,219.602075,66162135
