date,open,high,low,close,adj_close,volume
2006-01-03,47.107254,47.141232,46.41754,46.764566,26.259574,9546874
2006-01-04,46.746696,47.056579,46.568824,46.926577,26.352567,3801597
2006-01-05,46.818301,47.061513,46.711607,47.022751,26.4086,4206516
2006-01-06,46.985383,47.100197,46.248538,46.341682,26.028098,8781913
2006-01-09,46.420327,46.521893,45.982385,46.298678,26.009926,5581511
2006-01-10,46.405827,46.437376,46.128302,46.344235,26.037515,6822572
2006-01-11,46.302647,46.361952,45.930717,46.132636,25.92062,8916003
2006-01-12,45.95709,45.987541,45.471252,45.730056,25.696391,6657951
2006-01-13,45.545144,46.463507,45.385418,46.246198,25.988411,7318044
2006-01-17,46.178296,46.233358,46.105514,46.191473,25.965619,6519140
2006-01-18,46.120215,46.350196,45.985871,46.324764,26.042542,7540193
2006-01-19,46.340495,46.670442,46.0452,46.130638,25.935398,8534315
2006-01-20,45.945687,46.061703,45.379824,45.593542,25.635399,6193234
2006-01-23,45.539027,45.94108,45.385454,45.741332,25.724411,9799038
2006-01-24,45.812315,46.363089,45.733477,46.179452,25.972795,4386021
2006-01-25,46.206493,46.241978,45.794103,45.913021,25.824926,9743222
2006-01-26,46.005778,46.252756,45.472214,45.74637,25.733161,7039223
2006-01-27,45.922125,46.322253,45.321621,45.469471,25.579361,5949965
2006-01-30,45.507345,45.774237,45.298247,45.708918,25.719979,5406755
2006-01-31,45.517509,45.811554,45.43594,45.628622,25.676766,7619674
2006-02-01,45.639705,45.896694,45.414994,45.592476,25.658392,3623354
2006-02-02,45.54257,46.189748,45.49593,46.079511,25.934472,6444413
2006-02-03,46.322787,46.799828,46.102358,46.619593,26.240453,6657802
2006-02-06,46.619191,46.932208,46.465523,46.870145,26.387547,9024344
2006-02-07,46.890627,47.689892,46.697392,47.462317,26.722984,11972441
2006-02-08,47.567242,48.169691,47.450648,48.111923,27.090812,9418492
2006-02-09,47.921513,48.623898,47.646223,48.539239,27.33352,10017629
2006-02-10,48.898136,49.040803,48.541454,48.673232,27.411076,11856613
2006-02-13,48.713098,48.814345,48.000746,48.154607,27.125242,6286417
2006-02-14,48.232081,48.547436,47.879161,48.104641,27.099174,9521783
2006-02-15,48.221916,48.374404,47.862248,48.309807,27.216838,7170616
2006-02-16,48.283523,48.508057,48.022239,48.224438,27.170825,10167884
2006-02-17,48.476734,48.579903,47.733404,47.960514,27.024195,7921224
2006-02-21,48.06807,48.628676,47.795712,48.449858,27.308298,6355985
2006-02-22,48.58717,48.707451,48.314268,48.409273,27.287514,8854504
2006-02-23,48.359845,48.560802,47.937874,48.317617,27.237937,9142974
2006-02-24,48.422084,48.547695,48.260494,48.410417,27.292343,7961335
2006-02-27,48.401889,48.59664,47.939382,48.178069,27.1676,5137505
2006-02-28,48.357512,48.8044,48.141443,48.71245,27.471043,7547372
2006-03-01,48.579016,49.108557,48.511247,48.78775,27.515616,10684205
2006-03-02,48.782557,48.954638,48.612495,48.867715,27.562829,9755736
2006-03-03,48.781164,48.858592,48.74488,48.7962,27.524602,6744948
2006-03-06,48.769721,48.89322,48.260224,48.42254,27.320113,5941549
2006-03-07,48.323378,49.077383,48.061269,48.921565,27.603781,10787931
2006-03-08,48.938591,49.19384,48.793182,49.060763,27.684444,10648754
2006-03-09,49.150591,49.676158,48.941778,49.519441,27.945413,10637574
2006-03-10,49.463648,49.601168,48.662764,48.871018,27.581602,5939612
2006-03-13,48.875648,48.991178,48.55282,48.832219,27.566044,5813122
2006-03-14,48.937339,48.981196,48.607574,48.713005,27.500855,5672234
2006-03-15,48.724383,48.903448,48.571814,48.781121,27.541421,6281020
2006-03-16,48.737988,48.990122,48.684719,48.965166,27.647451,10856906
2006-03-17,48.932725,49.145738,48.534886,48.914515,27.620968,4750409
2006-03-20,48.972237,49.609422,48.847435,49.245362,27.814186,11447137
2006-03-21,49.182614,49.511016,49.057044,49.442276,27.927546,7905612
2006-03-22,49.705125,49.92668,49.670866,49.754843,28.106254,10013059
2006-03-23,49.677304,50.408788,49.34929,49.935554,28.2105,7088021
2006-03-24,49.792788,50.695913,49.670294,50.406189,28.478562,11259620
2006-03-27,50.220191,50.384613,50.18493,50.313167,28.432545,8161601
2006-03-28,50.348465,50.394015,50.268105,50.337091,28.448245,5479005
2006-03-29,50.27066,50.821819,49.997921,50.5739,28.58427,8755146
2006-03-30,50.833286,51.046076,49.922716,50.267431,28.413233,4898980
2006-03-31,50.414402,50.491013,49.812387,49.865612,28.188269,8226887
2006-04-03,49.860517,50.024698,49.513728,49.969527,28.253507,7385135
2006-04-04,50.06278,50.398342,49.906018,50.202768,28.387561,11059361
2006-04-05,50.188351,50.537757,49.916982,50.329489,28.461398,9488599
2006-04-06,50.30489,50.641528,50.257579,50.564802,28.59666,6504070
2006-04-07,50.642333,50.762629,50.4719,50.702051,28.676479,4999797
2006-04-10,50.66057,50.688925,50.633524,50.662546,28.660727,6958274
2006-04-11,50.815128,51.132259,50.771356,50.866149,28.778114,7222818
2006-04-12,50.953947,51.104181,49.860573,50.263191,28.439164,11367623
2006-04-13,50.262184,50.471287,49.671686,49.894306,28.232611,12831091
2006-04-17,50.02974,50.144004,49.291551,49.547935,28.045216,9873418
2006-04-18,49.284624,49.579515,49.232058,49.493327,28.016455,7533664
2006-04-19,49.588598,49.738876,49.417132,49.593484,28.075302,5176532
2006-04-20,49.621302,49.826329,49.184879,49.524123,28.038185,6476468
2006-04-21,49.256071,49.59464,49.160385,49.546483,28.052995,10380136
2006-04-24,49.703692,50.002718,49.659405,49.978793,28.304276,13603634
2006-04-25,49.826283,50.319752,49.613154,50.176025,28.418152,10486891
2006-04-26,50.112683,50.310124,49.970734,50.057881,28.353412,6270453
2006-04-27,50.07033,50.827564,49.90723,50.783735,28.76675,5508452
2006-04-28,50.819648,51.35978,50.718963,51.130054,28.965145,12116469
2006-05-01,51.07004,51.341529,50.714013,50.837631,28.806111,5352531
2006-05-02,50.676724,51.130811,50.400638,50.980579,28.889325,10222056
2006-05-03,50.709813,50.942941,50.446672,50.538987,28.641282,8085359
2006-05-04,50.554827,50.954797,50.398454,50.796968,28.789691,10746071
2006-05-05,50.733368,51.278081,50.403204,51.079442,28.952005,7796730
2006-05-08,51.048327,51.77126,50.966072,51.725525,29.324951,7382266
2006-05-09,51.790884,52.359261,51.687389,52.296313,29.650823,8740474
2006-05-10,52.142744,52.412467,51.976551,52.213874,29.606351,6477107
2006-05-11,52.133229,52.86042,52.037355,52.752057,29.913805,11640149
2006-05-12,52.828078,52.894231,52.186934,52.323465,29.673041,5513872
2006-05-15,52.464015,52.717488,52.201673,52.322611,29.679381,7892800
2006-05-16,52.482604,52.789422,52.062088,52.166483,29.593088,5963638
2006-05-17,52.096414,52.489182,51.982529,52.250214,29.642859,10763132
2006-05-18,52.272314,52.444269,51.487003,51.916071,29.45555,10767196
2006-05-19,52.205422,52.822647,51.740277,51.791374,29.387053,7340208
2006-05-22,51.86424,52.014124,50.977402,51.201422,29.058989,8570460
2006-05-23,51.441771,51.602894,51.367728,51.530879,29.248212,5197829
2006-05-24,51.57139,51.597815,51.361783,51.444073,29.201181,7327610
2006-05-25,51.39502,51.435421,50.623623,50.896417,28.89253,10152166
2006-05-26,50.787115,51.611632,50.649254,51.486112,29.229524,8413888
2006-05-30,51.55689,51.755052,51.515985,51.564548,29.283032,13775269
2006-05-31,51.535825,51.983296,51.482655,51.693137,29.358307,8159922
2006-06-01,51.390321,52.963136,51.293941,52.584778,29.86699,9166139
2006-06-02,52.385299,52.916145,52.230174,52.771083,29.975105,9703152
2006-06-05,52.617781,53.0074,52.435708,52.947582,30.082278,10951566
2006-06-06,52.950659,53.120614,51.670379,51.96449,29.525995,11736013
2006-06-07,51.741759,51.767694,51.094694,51.234698,29.113563,12250996
2006-06-08,51.281076,51.537985,51.020261,51.111985,29.046059,5975279
2006-06-09,50.781986,50.81863,50.495779,50.607141,28.76137,6788817
2006-06-12,50.55811,51.451857,50.352412,50.989595,28.985393,6439267
2006-06-13,50.932495,51.593453,50.760575,51.397952,29.219767,11142086
2006-06-14,51.366386,51.536538,50.574405,50.965472,28.976123,14007145
2006-06-15,50.873675,51.32547,50.585428,51.220745,29.123489,5589259
2006-06-16,51.24289,51.548049,50.337561,50.427652,28.674744,9522764
2006-06-19,50.384263,51.178359,50.295793,50.803613,28.895172,6824558
2006-06-20,50.703521,50.913649,50.158609,50.467047,28.705947,5901633
2006-06-21,50.446821,51.164274,50.110018,50.813839,28.905419,9864336
2006-06-22,50.693407,50.960869,50.577737,50.928611,28.972928,6167484
2006-06-23,51.045456,51.732325,50.728736,51.522655,29.313123,8451993
2006-06-26,51.629065,51.723508,51.012107,51.319831,29.204445,11871402
2006-06-27,51.329367,51.468965,50.680947,51.020795,29.036499,7574470
2006-06-28,51.018031,51.292337,50.808798,50.886655,28.962378,6703207
2006-06-29,50.866002,51.785773,50.595543,51.609867,29.37625,10081920
2006-06-30,51.363923,52.478097,51.257992,52.177543,29.701647,5119231
2006-07-03,52.222181,52.451753,51.247626,51.454031,29.296531,8854979
2006-07-05,51.371456,51.550816,51.098134,51.180823,29.145441,11125607
2006-07-06,51.217842,51.426705,50.228608,50.42976,28.719943,13656725
2006-07-07,50.340799,50.629908,49.435714,49.948506,28.448047,7050298
2006-07-10,50.206927,50.302064,49.848184,49.925096,28.441255,8420546
2006-07-11,50.128315,50.301139,49.863694,50.280183,28.645736,7961643
2006-07-12,50.435375,50.983534,50.277602,50.825728,28.958765,8283562
2006-07-13,50.985542,51.171674,50.759715,50.881573,28.992806,5998583
2006-07-14,51.357685,51.627176,50.640615,50.661669,28.869715,8429863
2006-07-17,50.57417,51.729247,50.386831,51.650979,29.440247,9138964
2006-07-18,51.429219,51.932644,51.278233,51.676805,29.457225,4437796
2006-07-19,51.742052,51.922552,50.240989,50.441046,28.755012,6530532
2006-07-20,50.240265,50.452259,50.121031,50.382618,28.723906,9278928
2006-07-21,50.296799,50.709038,50.248831,50.52015,28.804523,7096301
2006-07-24,50.92837,51.393379,50.614805,50.758646,28.94716,6871089
2006-07-25,50.871648,50.953176,49.680684,49.919498,28.470785,17220029
2006-07-26,49.831701,50.116981,49.698087,49.914613,28.470181,12416122
2006-07-27,49.699036,49.775602,49.389559,49.507922,28.240379,7772678
2006-07-28,49.692248,49.892202,48.556667,49.064618,27.989654,6921345
2006-07-31,49.096925,49.404003,49.071944,49.343585,28.155269,4226731
2006-08-01,49.384099,49.459051,49.195034,49.344147,28.157749,10224757
2006-08-02,49.582514,50.316778,49.421757,50.049992,28.562722,8877251
2006-08-03,50.019107,50.749953,49.907458,50.287403,28.700408,10096627
2006-08-04,50.19087,50.495194,50.039967,50.398874,28.766233,6076789
2006-08-07,50.458723,51.312463,50.215381,51.281179,29.27656,11366386
2006-08-08,51.333639,52.211616,51.266354,52.030283,29.706503,7914692
2006-08-09,52.3496,52.474901,51.2843,51.44762,29.376085,10923770
2006-08-10,51.45178,51.974104,51.419174,51.883157,29.627043,10052871
2006-08-11,51.999496,52.040023,51.842334,51.97603,29.682352,5055640
2006-08-14,51.781181,51.998093,50.48908,51.22413,29.259688,11439973
2006-08-15,51.256081,51.393733,50.697183,50.977244,29.120896,9131059
2006-08-16,50.700962,50.938786,50.556432,50.700137,28.964819,10468189
2006-08-17,50.635733,51.370395,50.502792,51.219316,29.263667,9741596
2006-08-18,51.25332,52.09414,51.165994,51.976094,29.698321,11470009
2006-08-21,52.317568,52.555487,52.270793,52.52694,30.019969,7966936
2006-08-22,52.534578,52.694,51.724881,51.781183,29.596026,15839392
2006-08-23,52.028886,52.390101,51.45535,52.308782,29.899872,7541562
2006-08-24,52.181334,53.228609,51.70174,52.867408,30.221502,11358929
2006-08-25,52.848088,53.3354,52.680561,53.265534,30.451423,7220677
2006-08-28,53.067106,54.471297,52.761382,54.27689,31.036743,9273416
2006-08-29,54.392015,54.997518,53.707691,53.810324,30.772309,8007669
2006-08-30,53.975979,54.18868,53.94618,54.017244,30.893008,8351820
2006-08-31,53.94498,54.280378,53.752904,54.14436,30.968081,9383575
2006-09-01,54.269985,54.300051,54.179098,54.249737,31.030731,7395499
2006-09-05,54.510545,54.729399,53.436898,54.040026,30.920256,9074031
2006-09-06,53.970471,54.429301,53.685487,54.346142,31.097791,10631309
2006-09-07,54.17251,54.260527,53.967596,54.086506,30.951596,6212153
2006-09-08,54.131129,54.327043,53.071603,53.122788,30.402428,9180080
2006-09-11,52.937617,53.173743,52.013069,52.13942,29.846506,6894516
2006-09-12,52.366996,52.477964,51.722352,51.907326,29.715924,10354446
2006-09-13,51.866883,52.274745,51.842635,51.894032,29.710591,5936040
2006-09-14,51.891935,52.904383,51.582427,52.648247,30.144709,12462406
2006-09-15,52.55887,52.694532,51.780277,51.994345,29.772587,5705379
2006-09-18,52.203767,52.334361,51.570304,51.795348,29.665461,9387866
2006-09-19,51.767692,52.314793,50.55399,50.654997,29.014556,7709890
2006-09-20,50.972236,51.124789,50.036738,50.215962,28.765287,7163887
2006-09-21,50.146323,50.647347,50.009467,50.514607,28.938579,10748778
2006-09-22,50.566331,50.87691,49.73628,49.829455,28.54826,9896294
2006-09-25,49.420809,49.742793,49.250357,49.38768,28.301667,6468392
2006-09-26,49.915568,49.997697,49.411127,49.489566,28.362227,8801008
2006-09-27,49.140225,49.680003,48.98708,49.552775,28.400629,9073310
2006-09-28,49.623037,49.832534,49.458075,49.778735,28.532323,6627359
2006-09-29,49.503525,49.552443,49.262924,49.296598,28.258136,8904623
2006-10-02,49.338823,49.546226,48.938137,49.401839,28.324977,7988065
2006-10-03,49.594032,49.645603,49.256388,49.424105,28.339916,8152003
2006-10-04,49.356879,49.414266,49.012532,49.120307,28.167876,7543967
2006-10-05,49.239244,49.47428,49.127034,49.443007,28.355101,7856109
2006-10-06,49.534017,50.077251,49.18885,49.913948,28.627376,6780123
2006-10-09,49.777382,49.968591,49.297956,49.332283,28.300278,5816444
2006-10-10,49.097051,50.350631,48.837205,50.20261,28.801764,9816520
2006-10-11,50.43156,50.629699,50.112496,50.518826,28.985402,7785285
2006-10-12,50.61518,51.049994,50.015057,50.096815,28.745475,19084371
2006-10-13,50.353169,50.514573,49.544889,49.575151,28.448326,9574505
2006-10-16,49.485034,49.676967,48.387519,48.579783,27.883553,8057382
2006-10-17,48.968538,49.3523,48.346927,48.440804,27.805915,6248620
2006-10-18,48.521367,49.015608,48.493769,48.839485,28.036914,4790038
2006-10-19,49.074925,49.321254,48.002803,48.0336,27.5764,7936885
2006-10-20,47.640518,49.67379,47.543612,49.385337,28.354614,8854856
2006-10-23,49.589137,49.837092,49.251344,49.550933,28.456235,6236137
2006-10-24,49.530037,49.594156,48.900759,49.077621,28.186581,14183641
2006-10-25,49.485738,49.595674,48.003147,48.027636,27.585661,8166401
2006-10-26,48.122474,48.293268,48.017629,48.063608,27.608439,7776746
2006-10-27,48.04987,48.614318,47.603554,47.653884,27.375185,5877526
2006-10-30,47.850228,48.023126,46.637882,46.798039,26.889722,9621102
2006-10-31,46.680278,46.728663,45.9399,46.412518,26.670249,4701977
2006-11-01,46.182226,47.254234,45.852729,46.985828,27.001763,6947925
2006-11-02,47.110977,47.709174,46.626977,47.338093,27.206287,13356072
2006-11-03,47.297803,48.183698,47.105586,47.79503,27.471006,10805434
2006-11-06,47.651219,47.842971,47.507718,47.717118,27.432532,10156212
2006-11-07,48.065275,48.467431,47.203268,47.317078,27.204635,6723595
2006-11-08,47.447586,48.266196,47.359062,48.077652,27.644041,9205339
2006-11-09,48.167157,49.2406,48.10708,49.141693,28.258018,5697269
2006-11-10,49.248902,50.603771,49.215192,50.135654,28.831786,9818392
2006-11-13,50.011232,51.600037,49.839129,51.22315,29.463954,5357045
2006-11-14,51.541299,51.840593,51.196689,51.242499,29.477344,8893707
2006-11-15,51.1915,51.268754,50.725973,51.17012,29.437964,10236848
2006-11-16,50.950643,50.997719,50.180659,50.459462,29.031351,7796654
2006-11-17,50.495642,51.901932,50.394343,51.598016,29.688683,6418807
2006-11-20,51.217089,51.835715,50.759382,51.498482,29.638227,7155318
2006-11-21,51.51821,51.998587,51.44129,51.953528,29.902406,10992719
2006-11-22,52.124292,52.593314,52.049209,52.565371,30.256878,11433214
2006-11-24,52.793775,53.029206,52.023724,52.467661,30.205266,9741653
2006-11-27,52.572384,53.345213,52.332158,53.022799,30.531877,7841377
2006-11-28,53.11622,53.615124,52.887437,53.404645,30.754111,7122517
2006-11-29,53.257999,53.7273,53.032901,53.05535,30.555305,6220962
2006-11-30,53.356145,53.415554,52.909993,53.21153,30.6476,10302199
2006-12-01,53.30719,53.497882,52.457007,52.638125,30.319667,6078119
2006-12-04,52.599812,52.702335,51.755318,51.940954,29.924976,9729815
2006-12-05,51.759577,52.508062,51.371652,52.291501,30.129249,8010550
2006-12-06,52.236401,52.621255,52.052535,52.390011,30.188322,5242072
2006-12-07,52.671864,53.057007,52.563387,52.585347,30.303202,8612356
2006-12-08,52.455811,52.850105,51.97274,52.701358,30.372384,5565080
2006-12-11,52.79844,53.2849,52.695642,53.258449,30.700501,9831680
2006-12-12,53.212249,53.55111,52.69737,53.245057,30.695134,12072975
2006-12-13,53.018335,53.626619,52.810354,53.430911,30.804638,9249605
2006-12-14,53.346356,53.47952,52.891856,53.079569,30.604424,8967096
2006-12-15,53.181502,53.30496,52.598834,52.818287,30.45611,9835448
2006-12-18,52.64873,53.031307,52.398624,52.881867,30.499785,4333393
2006-12-19,53.11581,53.374823,52.397234,52.533734,30.301321,12657805
2006-12-20,52.504117,53.350483,52.349399,53.050624,30.601808,12490177
2006-12-21,53.089865,53.160373,52.424916,52.765904,30.439903,10346268
2006-12-22,52.87796,53.157039,52.693482,53.132245,30.653589,9716261
2006-12-26,53.364137,53.860989,53.233541,53.516726,30.884877,6705669
2006-12-27,53.667893,53.697621,53.253027,53.476676,30.86413,10925754
2006-12-28,53.404054,53.52214,53.162585,53.30014,30.764601,7951177
2006-12-29,53.306881,53.825765,53.20264,53.669965,30.980437,13052708
2007-01-02,53.445769,53.515235,53.372369,53.417209,30.843992,6812744
2007-01-03,53.45868,53.894289,53.21209,53.32666,30.794068,6274199
2007-01-04,53.272047,53.443819,53.200967,53.235445,30.743752,8418726
2007-01-05,53.121912,53.298387,52.971672,53.191527,30.720744,7126498
2007-01-08,53.173688,53.489529,52.994819,53.458748,30.882179,7360677
2007-01-09,53.276869,54.091225,52.973083,54.013299,31.204925,4481354
2007-01-10,53.987618,54.498926,53.871573,54.263842,31.352074,8364767
2007-01-11,54.442505,54.697408,54.380827,54.589632,31.542724,10838820
2007-01-12,54.605195,54.689169,54.114311,54.423149,31.448939,9577527
2007-01-16,54.81245,54.99514,54.633062,54.704028,31.620942,10767214
2007-01-17,54.643042,55.119511,54.544977,54.881745,31.726101,6886698
2007-01-18,54.946615,55.253691,54.594554,54.64106,31.589387,9101123
2007-01-19,54.656043,54.835067,54.500981,54.732561,31.644712,8326021
2007-01-22,54.676385,55.133641,54.477214,54.504293,31.519982,17944866
2007-01-23,54.577298,54.707439,54.070116,54.147102,31.315818,8828667
2007-01-24,53.992901,54.148143,53.406915,53.665406,31.03961,6000584
2007-01-25,53.718112,53.875531,53.324594,53.836071,31.140708,6095997
2007-01-26,53.980164,54.200564,53.748285,54.152998,31.326432,5436057
2007-01-29,54.136333,54.642734,54.090356,54.443655,31.501815,8738730
2007-01-30,54.304472,54.416023,54.139567,54.322679,31.434226,10105390
2007-01-31,54.253533,54.513103,54.103689,54.482774,31.529284,6681638
2007-02-01,54.515685,55.28867,54.089618,55.041031,31.85479,6322885
2007-02-02,55.300139,55.399766,54.522195,54.623755,31.615716,8960985
2007-02-05,54.603118,54.830712,54.001783,54.17554,31.363506,10467948
2007-02-06,54.250572,54.481501,54.110341,54.290978,31.432745,4259279
2007-02-07,54.285549,54.350612,54.116834,54.278145,31.427724,6082551
2007-02-08,54.452912,54.563259,54.049474,54.29724,31.441191,10636099
2007-02-09,54.482335,54.534154,53.651205,53.676963,31.084398,6453252
2007-02-12,53.548942,53.744505,53.181118,53.345569,30.899593,9480560
2007-02-13,53.290985,53.827206,53.134955,53.659179,31.083629,7784081
2007-02-14,53.673826,53.720513,53.429534,53.459706,30.970453,3759209
2007-02-15,53.331846,53.355549,52.944767,53.08274,30.754425,5442411
2007-02-16,53.077506,53.164547,52.711836,52.874148,30.635922,11598224
2007-02-20,53.170662,53.323487,52.76295,53.287692,30.885004,4614274
2007-02-21,53.553824,53.873675,53.492474,53.8243,31.198408,5584937
2007-02-22,53.893613,54.021874,53.684717,53.824577,31.20096,12343835
2007-02-23,53.529303,54.424095,53.443644,54.295384,31.47629,15159840
2007-02-26,54.351324,54.723622,54.078398,54.259908,31.462958,4777336
2007-02-27,54.149121,54.901813,54.082028,54.830613,31.796323,6481948
2007-02-28,54.782429,54.93235,54.009712,54.359649,31.525627,10495579
2007-03-01,54.286699,54.855325,54.24162,54.596825,31.665604,8975887
2007-03-02,54.576593,54.958117,54.306876,54.929839,31.861191,7786567
2007-03-05,55.020866,55.408933,54.487258,54.700135,31.735252,5695426
2007-03-06,54.684664,54.736916,54.529208,54.576877,31.666169,15173242
2007-03-07,54.628257,54.812059,54.424129,54.744538,31.765883,6878103
2007-03-08,54.715849,55.017889,54.439997,54.989946,31.910729,8671437
2007-03-09,55.190244,55.362777,55.037328,55.186042,32.026979,3166870
2007-03-12,55.070139,55.385667,54.84946,55.261051,32.077887,7100977
2007-03-13,55.320434,55.981728,55.05663,55.752662,32.365738,6913575
2007-03-14,56.04975,56.487657,55.856611,56.318176,32.696538,7170804
2007-03-15,56.229605,56.369106,56.16548,56.305092,32.691448,9553372
2007-03-16,56.490087,57.319512,56.226385,57.217961,33.224018,7106393
2007-03-19,57.261023,57.425983,56.499329,56.699976,32.930819,9910230
2007-03-20,56.670669,57.59689,56.587876,57.450627,33.369348,6279237
2007-03-21,57.431643,57.492469,57.311456,57.415522,33.351514,9552122
2007-03-22,57.319928,57.573952,57.204618,57.366605,33.325654,13701581
2007-03-23,57.424242,58.323809,57.261922,57.968389,33.677827,6541630
2007-03-26,58.003203,58.474057,57.883696,57.951108,33.675531,8581615
2007-03-27,58.244854,58.394518,57.076972,57.250884,33.271179,13599946
2007-03-28,56.9226,58.308099,56.827455,57.974285,33.694165,7954135
2007-03-29,57.974285,58.446826,57.114886,57.618671,33.490052,10929438
2007-03-30,57.523223,57.746889,57.289477,57.487998,33.416662,9522511
2007-04-02,57.234227,57.453738,56.570543,56.843536,33.049648,5423184
2007-04-03,56.688053,57.347495,56.615375,56.963446,33.121905,12365623
2007-04-04,57.010032,57.131419,56.84612,56.910424,33.093612,8645585
2007-04-05,56.95461,57.917563,56.629718,57.657521,33.530621,6217064
2007-04-09,57.640145,57.892736,57.39816,57.750491,33.594988,8655712
2007-04-10,57.90757,58.186584,57.417683,57.641797,33.534328,14483052
2007-04-11,57.743206,57.890644,57.634724,57.719476,33.582094,10444729
2007-04-12,57.60295,57.671963,57.017563,57.248105,33.310396,7842493
2007-04-13,57.232569,57.608746,56.947251,57.107923,33.231377,5966181
2007-04-16,57.145432,57.6805,56.86561,57.475224,33.452804,10848463
2007-04-17,57.362427,57.993444,57.232264,57.919938,33.71423,6332611
2007-04-18,58.103007,58.317458,57.809049,57.981051,33.75239,7229179
2007-04-19,57.90486,58.19821,57.634158,58.124655,33.83858,4785801
2007-04-20,58.364299,58.524063,57.766966,57.890027,33.70457,6207219
2007-04-23,57.755854,57.789883,57.135733,57.194342,33.307189,6761371
2007-04-24,57.211375,57.341556,56.644897,57.091364,33.249768,4948071
2007-04-25,56.852777,56.877437,56.414026,56.651777,32.996284,5579353
2007-04-26,56.906824,57.66515,56.598232,57.581151,33.54016,5822244
2007-04-27,57.733015,58.500004,57.669211,58.469956,34.060486,9985570
2007-04-30,58.635162,58.7517,57.39219,57.496781,33.501287,11654721
2007-05-01,57.377704,57.813641,57.143924,57.382274,33.437131,5820860
2007-05-02,57.713558,57.817882,57.281311,57.408105,33.454748,10353503
2007-05-03,57.536712,57.720794,56.419613,56.622571,32.999505,7108052
2007-05-04,56.460797,56.837377,56.243465,56.614958,32.997597,8781999
2007-05-07,56.510565,56.540044,56.124138,56.182449,32.753045,10924870
2007-05-08,56.156356,56.235749,55.81655,56.161823,32.74353,8299001
2007-05-09,56.333229,56.71041,56.119732,56.180945,32.75719,8291088
2007-05-10,56.416225,56.830501,56.348209,56.675202,33.047908,6088212
2007-05-11,56.773737,57.3402,56.276941,56.351019,32.861392,9426593
2007-05-14,56.214386,56.354337,56.021708,56.291554,32.834265,10416127
2007-05-15,56.193349,56.22305,55.661033,55.955899,32.640983,12862832
2007-05-16,55.983298,56.198164,55.554973,55.801207,32.553241,8580481
2007-05-17,55.918838,56.204588,55.612241,55.873497,32.597913,8785310
2007-05-18,55.747094,55.967405,55.335669,55.387503,32.31685,5603785
2007-05-21,55.166653,55.436648,54.654475,54.757684,31.956719,6983825
2007-05-22,54.829327,54.980176,54.503482,54.755137,31.957682,9057636
2007-05-23,54.837627,55.029098,54.168264,54.312293,31.701648,5706201
2007-05-24,54.035697,54.122906,53.325628,53.379851,31.159777,7914249
2007-05-25,53.070696,53.6763,53.039566,53.486129,31.22421,9801741
2007-05-29,53.516415,53.716258,53.208432,53.584907,31.291468,10893519
2007-05-30,53.346958,53.493084,53.089051,53.137727,31.032711,9901944
2007-05-31,53.36626,53.420798,52.656176,52.686156,30.77135,9127084
2007-06-01,52.659477,53.281413,52.595377,53.12447,31.029726,12332941
2007-06-04,53.134765,53.1903,51.717335,52.09039,30.432723,8749191
2007-06-05,51.550738,52.88645,51.456814,52.46308,30.65281,6872478
2007-06-06,52.7578,53.323341,52.699442,53.138424,31.049776,5718703
2007-06-07,53.202795,53.698199,52.947125,53.531465,31.281835,4861592
2007-06-08,53.66891,53.694026,52.646356,52.725084,30.812978,8289732
2007-06-11,52.679871,52.795123,52.335255,52.501522,30.689383,9345009
2007-06-12,52.68088,52.886916,52.254619,52.439874,30.655697,6548531
2007-06-13,52.42413,52.723852,51.94872,52.47288,30.677344,7045514
2007-06-14,52.553016,52.796982,51.092484,51.2478,29.963419,10877256
2007-06-15,51.117948,51.303808,50.810627,51.261993,29.974015,4788253
2007-06-18,51.571595,51.821256,50.624389,50.731838,29.670845,7798422
2007-06-19,50.805738,51.356692,50.58888,51.203315,29.948887,10898598
2007-06-20,51.027209,52.269796,51.000139,52.134237,30.495722,7620844
2007-06-21,52.248744,53.567032,52.093486,53.420441,31.250478,9346731
2007-06-22,53.777373,54.590412,53.215343,54.275215,31.752947,11308705
2007-06-25,54.482346,54.803787,54.309836,54.476448,31.878006,7244256
2007-06-26,54.311699,56.647696,54.273183,56.302843,32.949284,6727885
2007-06-27,55.606388,56.109784,54.675879,54.824269,32.08646,7641883
2007-06-28,55.102441,55.784591,54.940996,55.598786,32.542248,7970236
2007-06-29,55.987562,58.054045,55.685545,57.519441,33.668998,7348326
2007-07-02,57.76537,58.073785,53.711246,54.630542,31.985337,8049656
2007-07-03,54.791771,54.831759,54.029645,54.378705,31.840331,5584061
2007-07-05,53.677479,57.425069,52.851489,57.116115,33.448292,6414254
2007-07-06,56.552414,58.112067,55.475679,56.821592,33.278365,11547589
2007-07-09,57.225228,57.747571,57.155921,57.285339,33.557682,12884432
2007-07-10,57.59844,59.456412,56.828752,59.100893,34.623885,5392387
2007-07-11,59.206625,61.406851,58.501772,61.044937,35.765533,4346081
2007-07-12,61.106232,64.348597,60.508222,63.505335,37.209904,5797020
2007-07-13,62.841389,65.712465,62.374851,64.592299,37.849695,8903392
2007-07-16,63.7931,64.706913,63.600583,64.577698,37.849843,11276326
2007-07-17,64.407766,66.275117,63.844182,65.805066,38.572176,6267227
2007-07-18,66.153562,68.627146,66.097633,68.31521,40.046587,13821473
2007-07-19,68.196783,69.47519,67.054953,68.263033,40.019068,8168542
2007-07-20,68.079952,68.852335,68.042524,68.493243,40.157107,5844353
2007-07-23,68.951054,70.375009,68.258332,68.943677,40.43049,7128203
2007-07-24,68.491257,69.179199,63.239734,63.485534,37.232538,7267095
2007-07-25,63.109641,68.583163,60.878989,66.870284,39.220608,13227484
2007-07-26,66.800467,72.364349,66.229668,69.974655,41.044523,5509711
2007-07-27,71.134186,73.521826,68.212779,73.35444,43.030277,16969277
2007-07-30,74.212188,75.004327,73.597858,74.720095,43.841462,9290368
2007-07-31,76.558447,78.031758,69.145235,70.315547,41.260289,5176681
2007-08-01,71.535014,72.767933,71.475803,72.616304,42.613612,5485037
2007-08-02,73.164974,78.813681,73.067498,75.90995,44.549845,7528920
2007-08-03,75.762616,76.562992,74.482653,74.627744,43.800705,5001637
2007-08-06,72.269196,76.299398,71.798436,74.518667,43.746745,9951421
2007-08-07,74.40596,76.127848,70.8092,71.173631,41.78622,7305110
2007-08-08,71.650138,74.988116,70.79087,72.446422,42.536739,5530785
2007-08-09,72.455914,77.551402,71.031718,74.987534,44.032122,10377580
2007-08-10,74.089649,76.928983,72.099644,72.569764,42.615693,6257387
2007-08-13,73.229008,75.171402,73.044051,74.910889,44.000608,4037470
2007-08-14,73.829538,76.73808,73.68184,74.998107,44.055214,5155635
2007-08-15,74.671768,75.584588,68.081336,69.447761,40.79797,7443646
2007-08-16,70.081277,71.143754,68.43546,68.628828,40.319968,7411464
2007-08-17,69.005411,70.589238,68.191834,69.64717,40.921389,4585517
2007-08-20,68.784109,69.146841,63.314612,65.601295,38.553089,12633751
2007-08-21,65.74478,66.465703,62.209052,62.313003,36.623407,7145418
2007-08-22,61.522916,61.900027,55.197129,57.71103,33.921276,7958487
2007-08-23,56.693286,56.898528,56.238955,56.534248,33.232137,3942088
2007-08-24,55.171083,56.993053,53.953887,55.405672,32.571231,7704494
2007-08-27,55.820379,56.887368,51.243512,51.933164,30.536876,12387743
2007-08-28,51.092715,54.389772,48.789893,52.516468,30.882228,4668328
2007-08-29,51.128225,54.94575,50.31835,53.867216,31.678962,7438807
2007-08-30,53.532917,56.727209,53.331111,56.159395,33.029509,7171615
2007-08-31,54.418777,57.054284,53.016839,56.400576,33.1739,7998626
2007-09-04,56.437766,59.045611,55.642494,57.653039,33.920978,13254878
2007-09-05,58.525071,59.626215,54.824647,55.88438,32.882883,7469206
2007-09-06,55.866325,57.06514,51.760027,52.836746,31.092011,9793023
2007-09-07,53.147492,53.943151,50.486933,50.687482,29.829554,9378691
2007-09-10,51.042901,55.24437,50.481065,52.902042,31.139982,9509127
2007-09-11,52.781686,53.765564,52.420707,52.511546,30.912492,5658221
2007-09-12,51.549461,53.776612,51.078813,53.57905,31.543329,15235470
2007-09-13,53.884947,54.237631,52.630714,53.380218,31.42868,9175801
2007-09-14,54.457178,54.877078,51.361192,51.393633,30.261358,4978395
2007-09-17,51.24423,52.001796,50.542831,51.633037,30.409315,5134847
2007-09-18,51.929965,52.288821,50.700082,50.762926,29.899155,10742581
2007-09-19,50.932628,52.961321,50.759622,51.716438,30.463105,8068124
2007-09-20,51.938957,52.721039,51.775639,52.131905,30.710186,7452123
2007-09-21,52.095811,52.838557,49.66242,50.446049,29.71935,12836925
2007-09-24,49.34483,49.796177,47.891982,48.380659,28.509119,8635169
2007-09-25,48.583107,49.455819,46.109644,46.194068,27.222721,5145217
2007-09-26,45.534668,45.861328,43.976406,44.274208,26.093324,4562280
2007-09-27,44.164333,46.485283,44.049341,45.685577,26.927189,11433285
2007-09-28,46.003157,46.567633,44.010735,44.061593,25.972,5791495
2007-10-01,43.602067,43.972227,42.61573,42.879132,25.280814,9589938
2007-10-02,43.730816,43.91393,42.11031,42.516,25.068639,10686529
2007-10-03,42.406583,42.759061,42.120266,42.61158,25.126922,10863505
2007-10-04,42.744417,43.075585,42.624492,42.990426,25.352261,7981308
2007-10-05,42.811618,42.857172,41.449661,42.101117,24.829722,13163105
2007-10-08,42.471772,43.482384,41.957048,43.340884,25.566771,9434211
2007-10-09,43.074157,43.735296,41.591844,42.011342,24.784375,9552212
2007-10-10,42.057542,42.397257,41.096784,41.574918,24.528789,8122176
2007-10-11,41.793761,42.780103,41.232085,42.52525,25.091399,14539136
2007-10-12,42.759957,42.852876,40.412913,41.077004,24.238741,6503457
2007-10-15,41.24354,43.184365,41.147637,42.453714,25.056873,10263697
2007-10-16,42.422061,42.952279,38.03351,38.866351,22.941311,8936227
2007-10-17,38.659148,40.107892,38.431342,39.864498,23.532283,6779392
2007-10-18,39.995348,40.680991,38.906884,40.162961,23.710285,7879310
2007-10-19,40.812458,40.870225,37.976306,38.318413,22.623087,6395902
2007-10-22,39.083295,39.368681,35.684986,36.682922,21.662478,6364059
2007-10-23,36.952643,39.233102,36.036704,38.256379,22.593389,10826670
2007-10-24,38.285589,41.937455,38.223306,41.023003,24.229155,5248913
2007-10-25,40.739716,40.818264,40.066257,40.777528,24.086017,8491021
2007-10-26,40.435798,40.78794,37.365483,38.422364,22.696635,7691269
2007-10-29,38.84275,39.834741,35.713997,37.03506,21.882167,7217466
2007-10-30,37.562397,38.876924,36.242266,38.471241,22.732477,6412499
2007-10-31,39.139584,40.575983,38.565615,40.212567,23.76324,12275563
2007-11-01,40.924738,41.178759,40.536422,40.740331,24.076963,12983583
2007-11-02,40.90216,42.163865,39.735437,42.109164,24.887832,7288427
2007-11-05,41.526011,41.626993,40.288157,40.834677,24.140121,10072991
2007-11-06,40.624287,44.190256,40.390056,42.575704,25.171289,5711534
2007-11-07,42.949781,43.461113,42.654075,42.904922,25.367871,6796350
2007-11-08,42.163215,43.411923,41.494407,43.063484,25.463574,6941618
2007-11-09,42.855661,44.855482,42.13553,44.411651,26.262763,6825388
2007-11-12,43.794934,44.317688,43.305948,43.905654,25.969514,7955614
2007-11-13,43.03573,43.916213,42.487256,43.543736,25.75742,4910826
2007-11-14,43.610255,44.259287,41.362237,42.193917,24.960875,11770714
2007-11-15,41.962107,42.226984,41.676111,41.730165,24.688423,4912581
2007-11-16,41.140822,41.766086,39.396938,39.479288,23.358549,6545553
2007-11-19,39.423266,39.520745,38.608301,38.887767,23.013858,6507631
2007-11-20,39.198024,39.39466,37.429648,37.726162,22.32813,5751648
2007-11-21,37.800124,38.568619,37.754446,38.320667,22.681724,6121362
2007-11-23,38.113018,38.536,37.545342,38.269593,22.654968,6264236
2007-11-26,37.987581,38.002862,37.2778,37.331426,22.104671,8569167
2007-11-27,37.622314,37.803105,37.383653,37.737785,22.346998,10864065
2007-11-28,37.553411,37.907219,37.322464,37.826848,22.401454,9000861
2007-11-29,37.905506,38.175961,37.686737,37.782433,22.376867,9006928
2007-11-30,37.944057,38.13554,37.183365,37.355346,22.125618,7211801
2007-12-03,37.506031,37.654069,36.62321,37.107098,21.983636,10827469
2007-12-04,37.106171,37.293674,36.470696,36.747696,21.772382,9369492
2007-12-05,36.710618,37.866493,36.6124,37.636766,22.30085,11469451
2007-12-06,37.53466,37.91909,37.384048,37.578785,22.268202,5674843
2007-12-07,37.738481,38.442361,37.678101,38.320935,22.709721,4849722
2007-12-10,38.269696,38.36014,37.97885,38.197264,22.641638,8518312
2007-12-11,38.332435,38.922904,37.882929,38.779197,22.988344,6669869
2007-12-12,38.889038,39.954173,38.785734,39.911833,23.661585,8212771
2007-12-13,39.946027,40.219436,39.301924,39.348492,23.329399,7552814
2007-12-14,39.260464,39.861085,39.183436,39.547631,23.449265,9755723
2007-12-17,39.628556,39.9415,38.849059,39.069039,23.170818,10845088
2007-12-18,39.188445,39.480913,38.695222,38.97199,23.115032,9811684
2007-12-19,39.128502,39.514668,37.975233,38.425235,22.792488,5704517
2007-12-20,38.314012,39.77646,38.080079,39.432445,23.391723,16335020
2007-12-21,39.40025,40.383122,39.196713,40.164081,23.827564,9680595
2007-12-24,39.981024,40.044634,39.126019,39.239532,23.284424,10537248
2007-12-26,39.231468,39.409498,38.814983,39.179132,23.252148,5579579
2007-12-27,38.995643,39.227601,38.249369,38.323599,22.746147,7246163
2007-12-28,38.428975,38.652206,36.836774,37.081045,22.010343,5585181
2007-12-31,37.536387,37.61562,37.33162,37.389198,22.198359,10921198
2008-01-02,37.475162,37.538834,36.691751,37.032397,21.989894,9994529
2008-01-03,36.864957,37.826095,36.730889,37.664557,22.366986,10810994
2008-01-04,37.65206,38.583159,37.14684,38.370454,22.787928,9274055
2008-01-07,38.572616,38.788574,38.447095,38.742087,23.01393,7874568
2008-01-08,38.877988,39.634581,38.820513,39.131304,23.246918,14679854
2008-01-09,39.03908,40.244344,38.799378,40.227063,23.899714,7378405
2008-01-10,40.034646,41.731379,39.822278,41.49761,24.656461,8165902
2008-01-11,42.041633,42.234752,41.585922,41.762985,24.81604,5941109
2008-01-14,41.833246,42.072335,41.781465,42.012051,24.96978,10907811
2008-01-15,41.794833,42.960276,41.701026,42.534568,25.282275,6957555
2008-01-16,42.560776,42.922134,41.598861,41.816111,24.857134,8519678
2008-01-17,41.989979,42.433519,41.6829,42.27996,25.134791,6331566
2008-01-18,42.549232,43.114465,42.529979,42.750956,25.416739,9414097
2008-01-22,42.739524,43.83103,42.680118,43.781682,26.03752,10216182
2008-01-23,43.592574,43.747794,43.373859,43.459935,25.848155,7979105
2008-01-24,43.403639,44.550853,43.35661,44.246178,26.317797,12637005
2008-01-25,44.101262,45.034916,43.506095,44.576204,26.51613,9132149
2008-01-28,44.58897,45.267575,44.452426,44.875411,26.700252,10906958
2008-01-29,44.657681,44.734169,43.302126,43.345923,25.792206,10419687
2008-01-30,43.198353,43.81249,43.106225,43.739904,26.028632,6302974
2008-01-31,43.790747,43.869824,43.666842,43.803094,26.068233,7798736
2008-02-01,43.808726,44.13661,42.11804,42.6905,25.408051,6361688
2008-02-04,42.557958,42.613654,41.693831,41.808335,24.888737,8164519
2008-02-05,41.528148,41.851755,41.097981,41.617047,24.776761,11253267
2008-02-06,41.336674,41.652137,40.80667,40.864178,24.330405,6744554
2008-02-07,41.126018,41.186124,39.917378,40.288989,23.989778,10024209
2008-02-08,40.243145,41.20763,40.163804,41.185417,24.52543,9346099
2008-02-11,41.066125,41.300057,40.742361,41.123202,24.494013,6407941
2008-02-12,41.053549,41.990581,40.851893,41.894199,24.955152,7320814
2008-02-13,41.80653,43.407915,41.664675,43.182706,25.72465,4584774
2008-02-14,43.559164,43.667316,41.928052,42.287731,25.19343,10188900
2008-02-15,42.179812,43.440548,42.135791,43.349958,25.828244,7926198
2008-02-19,43.39354,43.570217,42.653444,42.90045,25.568263,6420628
2008-02-20,42.915721,42.9642,41.828224,42.060231,25.069422,6447081
2008-02-21,42.393541,42.717782,41.41109,41.495895,24.734954,5706143
2008-02-22,41.696618,41.932221,41.546796,41.64765,24.827315,9193612
2008-02-25,41.764072,41.869487,41.457231,41.523676,24.759104,6959033
2008-02-26,41.711266,42.130848,41.060456,41.262542,24.605286,9202122
2008-02-27,41.449149,41.820259,40.465645,40.678054,24.258608,11420574
2008-02-28,40.662741,41.249424,40.038349,40.457264,24.128789,6041791
2008-02-29,40.276653,40.908198,40.229256,40.614475,24.224407,8835327
2008-03-03,40.721855,40.958454,40.309947,40.409001,24.107396,6806651
2008-03-04,40.160691,40.366723,39.947704,40.216724,23.994526,9492036
2008-03-05,40.207945,40.71424,40.042492,40.290071,24.040129,8887575
2008-03-06,40.477699,40.749284,40.073363,40.262593,24.025576,5046747
2008-03-07,40.157709,40.32728,40.016003,40.062693,23.908124,6680087
2008-03-10,40.106857,40.589188,40.06255,40.411637,24.121909,12747913
2008-03-11,40.366381,40.688415,40.341504,40.66819,24.276908,4722386
2008-03-12,40.353353,41.034,39.96421,40.875073,24.402278,13621536
2008-03-13,40.824186,41.153554,40.558065,40.877338,24.405501,7316083
2008-03-14,40.80351,41.524019,40.636651,41.255118,24.632939,6670216
2008-03-17,41.334096,41.470808,41.291287,41.393385,24.721182,7436475
2008-03-18,41.392417,41.810339,41.320472,41.601365,24.847297,9951352
2008-03-19,41.436306,41.952408,41.289782,41.827115,24.984047,5111172
2008-03-20,41.697602,41.919021,41.615366,41.773684,24.954044,8132817
2008-03-24,41.915857,42.377231,41.861584,42.228868,25.233691,6204673
2008-03-25,42.168935,42.434608,42.133233,42.306394,25.281954,9931886
2008-03-26,42.35828,42.509109,42.179644,42.245998,25.247798,6137744
2008-03-27,42.208159,42.907448,42.135189,42.661138,25.497856,7662071
2008-03-28,42.567911,42.70803,42.237355,42.443039,25.369446,7227738
2008-03-31,42.488894,42.864737,42.413374,42.825492,25.603937,6890964
2008-04-01,42.722953,42.971765,42.697245,42.83352,25.6107,10320758
2008-04-02,42.722013,43.389456,42.56919,43.138887,25.79526,8326410
2008-04-03,43.059119,43.22145,42.7571,42.831644,25.613505,9160087
2008-04-04,42.721747,42.769897,42.58603,42.604065,25.479365,10437718
2008-04-07,42.629632,43.222927,42.102318,43.197955,25.840483,5434641
2008-04-08,43.10143,43.444265,42.934625,43.349127,25.9329,4925281
2008-04-09,43.430745,43.621997,43.407282,43.510859,26.031649,5110233
2008-04-10,43.601964,43.713795,43.266768,43.342476,25.932897,7799912
2008-04-11,43.328102,43.547217,42.740367,42.981384,25.718818,12764150
2008-04-14,43.005775,43.056895,42.824852,42.943837,25.702261,7091707
2008-04-15,42.841349,43.143308,42.760417,42.915643,25.687356,5930580
2008-04-16,43.01948,43.458265,42.632369,43.25844,25.894524,10546840
2008-04-17,43.259172,43.321645,43.058225,43.142259,25.826958,9626662
2008-04-18,43.015868,43.132068,42.806263,43.114122,25.812092,7051817
2008-04-21,43.198485,43.32554,42.669337,42.699277,25.569608,8245782
2008-04-22,42.70336,42.927532,42.572495,42.657719,25.54668,5688736
2008-04-23,42.723373,42.977627,42.543867,42.958302,25.728664,7171162
2008-04-24,42.932517,43.1455,42.25478,42.454087,25.428628,10969531
2008-04-25,42.492849,43.523928,42.282911,43.381308,25.985995,7787049
2008-04-28,43.464897,43.602442,43.021351,43.131091,25.842054,10209967
2008-04-29,43.082552,43.194491,42.561543,42.739613,25.609463,5766442
2008-04-30,42.547131,43.172306,42.453947,42.975508,25.752785,14127704
2008-05-01,43.200536,43.296044,42.312583,42.365708,25.389312,13581156
2008-05-02,42.380045,43.165084,42.336363,42.946162,25.739145,8750393
2008-05-05,42.878161,43.556239,42.566902,43.39794,26.015894,11692982
2008-05-06,43.745916,43.956712,43.521881,43.693995,26.195379,9925751
2008-05-07,43.702527,43.859388,43.460194,43.507564,26.08561,7978736
2008-05-08,43.659928,43.872873,43.029263,43.100558,25.843565,11143582
2008-05-09,43.365544,43.582204,43.065796,43.267053,25.945385,5155857
2008-05-12,43.223826,43.26725,42.809781,43.091251,25.845908,6057996
2008-05-13,43.255667,43.481782,42.623847,42.844733,25.700018,5141742
2008-05-14,42.78418,43.222845,42.660924,43.064266,25.833683,8720230
2008-05-15,43.061946,43.502753,43.002747,43.284981,25.968078,5837991
2008-05-16,43.318145,43.642516,42.915211,43.093534,25.855205,6010161
2008-05-19,43.205594,43.460088,43.094342,43.421387,26.057901,6305930
2008-05-20,43.437014,43.797119,43.260008,43.669067,26.208547,6754640
2008-05-21,43.526306,43.771676,43.3117,43.352035,26.020271,10391050
2008-05-22,43.286071,43.735297,42.938717,43.617294,26.181489,7250237
2008-05-23,43.575012,43.969449,43.197749,43.784959,26.284145,9454138
2008-05-27,43.741981,43.845248,43.567553,43.811891,26.308378,7546776
2008-05-28,43.858701,44.028474,43.368761,43.47696,26.109259,9079199
2008-05-29,43.594774,43.741172,43.301961,43.493942,26.121459,12916904
2008-05-30,43.569906,44.433408,43.491337,44.147861,26.516221,9743679
2008-06-02,44.122917,44.369937,44.013447,44.043281,26.459492,9907605
2008-06-03,44.208543,44.64485,44.074131,44.509346,26.741536,8271552
2008-06-04,44.419248,44.816596,44.31901,44.598251,26.797005,10179839
2008-06-05,44.349933,44.945985,44.139675,44.655501,26.833461,5630279
2008-06-06,44.912706,45.01254,44.035178,44.226873,26.577936,4859773
2008-06-09,44.286937,44.513709,44.199793,44.263599,26.606124,6823502
2008-06-10,44.513135,44.555524,44.438529,44.489539,26.743983,8462560
2008-06-11,44.540224,44.794199,43.879685,43.962811,26.429378,5655687
2008-06-12,44.104013,44.614907,44.052634,44.592393,26.809922,6515483
2008-06-13,44.605201,45.24795,44.469021,44.984734,27.04788,12628100
2008-06-16,45.269015,45.336143,45.100897,45.188323,27.17654,7989074
2008-06-17,45.162378,45.700863,44.954362,45.482319,27.355448,8675279
2008-06-18,45.632415,45.864075,45.32997,45.557067,27.402506,10626796
2008-06-19,45.613088,45.812814,45.515827,45.571729,27.413427,6968454
2008-06-20,45.62992,45.706069,45.306613,45.42282,27.325946,4892448
2008-06-23,45.613633,45.636211,45.421063,45.501034,27.379295,6527472
2008-06-24,45.723054,46.088033,45.538358,45.689794,27.494985,6655788
2008-06-25,45.408675,45.53917,45.031615,45.213524,27.210463,5492727
2008-06-26,45.005079,45.675562,44.91622,45.476935,27.371088,13490085
2008-06-27,45.45364,45.641943,45.159751,45.218004,27.217332,4283962
2008-06-30,45.171558,45.661818,45.144993,45.641252,27.47841,5135038
2008-07-01,45.800196,45.971926,45.4143,45.470755,27.37786,8986767
2008-07-02,45.335748,45.579222,44.247073,44.525819,26.810971,8929572
2008-07-03,44.424678,45.374347,44.247507,45.24332,27.245099,7331026
2008-07-07,45.059287,45.634588,45.033985,45.57786,27.454973,17337753
2008-07-08,45.601879,45.926595,45.393059,45.635885,27.492034,12028433
2008-07-09,45.81417,46.112017,45.783489,46.092484,27.769227,6480988
2008-07-10,46.181039,46.399146,46.155125,46.328866,27.91378,6842392
2008-07-11,46.256103,46.526003,46.045637,46.470134,28.001042,12411843
2008-07-14,46.642332,46.829085,46.226262,46.30854,27.91009,9557617
2008-07-15,46.188677,46.694581,45.745825,46.090674,27.780912,6128726
2008-07-16,45.962572,46.191128,45.797453,46.077006,27.774803,6820253
2008-07-17,45.965553,46.767136,45.749137,46.382873,27.96132,5926324
2008-07-18,46.367475,46.545989,46.179182,46.34014,27.9377,10390315
2008-07-21,46.348778,46.636868,46.237489,46.587116,28.093058,6035987
2008-07-22,46.709022,46.817679,45.799707,45.859256,27.656263,7160952
2008-07-23,45.821399,45.992606,45.610027,45.798216,27.621569,4182136
2008-07-24,45.9377,46.301866,45.864978,46.231417,27.884976,13363802
2008-07-25,46.13428,46.340414,45.656237,45.780181,27.614925,5268546
2008-07-28,45.660838,46.076709,45.486924,45.989931,27.747829,8096601
2008-07-29,46.093302,46.6809,45.915688,46.546841,28.085991,13405827
2008-07-30,46.470064,46.786377,46.329227,46.567743,28.100757,5640851
2008-07-31,46.560199,46.763541,46.160311,46.323628,27.955592,5438501
2008-08-01,46.295411,46.596736,46.252918,46.39165,27.998788,5631885
2008-08-04,46.394538,46.413702,46.305531,46.35832,27.985108,8609421
2008-08-05,46.094447,46.58823,45.919515,46.300749,27.952497,8653052
2008-08-06,46.158202,46.526456,45.99947,46.45769,28.049395,10663146
2008-08-07,46.507337,46.589244,46.232473,46.315065,27.965427,5946957
2008-08-08,46.330329,46.363753,45.561011,45.767224,27.636755,4818079
2008-08-11,45.688083,45.750677,44.980473,45.251448,27.331586,10772168
2008-08-12,45.240114,45.479814,44.787033,44.836869,27.083259,10174431
2008-08-13,44.898248,45.061558,44.683895,44.832025,27.082409,7988440
2008-08-14,44.625545,44.778891,44.539507,44.579392,26.931861,4466851
2008-08-15,44.654055,44.848689,44.528122,44.749891,27.036938,6409344
2008-08-18,44.838748,44.960582,44.567671,44.692271,27.008336,6150303
2008-08-19,44.636259,45.223386,44.570517,45.191523,27.312136,11041348
2008-08-20,45.320025,45.463198,44.327722,44.561816,26.933629,9572563
2008-08-21,44.512197,44.897961,44.132609,44.508232,26.903304,11265920
2008-08-22,44.347127,44.886144,44.157271,44.705338,27.024518,9840753
2008-08-25,44.919597,45.325681,44.685644,45.219977,27.341906,5533528
2008-08-26,45.172868,45.285665,44.501552,44.629052,26.986676,8406154
2008-08-27,44.735764,44.760837,44.487322,44.724159,27.04626,5282094
2008-08-28,44.954847,45.307001,44.905898,45.03107,27.233948,9447148
2008-08-29,44.960085,45.254143,44.493149,44.699973,27.035778,9863336
2008-09-02,44.536402,44.816588,43.708745,44.035397,26.641993,9439738
2008-09-03,44.091829,44.219734,43.162165,43.190333,26.132722,8937463
2008-09-04,43.169753,44.311736,43.011776,44.1354,26.70659,8470521
2008-09-05,44.3206,44.739279,44.176423,44.59772,26.988412,9615845
2008-09-08,44.543707,44.875797,44.348164,44.832681,27.136839,5218135
2008-09-09,44.885887,45.523494,44.510772,45.465009,27.521692,13394498
2008-09-10,45.508212,45.72028,44.855294,45.128859,27.320302,11007125
2008-09-11,45.025788,45.671432,44.930492,45.491348,27.541858,10354457
2008-09-12,45.576665,46.037994,45.031543,45.123635,27.321328,5021638
2008-09-15,45.038331,45.414165,44.456257,44.895123,27.189221,10138473
2008-09-16,44.947923,45.014055,44.733706,44.851257,27.164738,13170261
2008-09-17,44.907761,45.088587,44.598775,44.74742,27.103925,5315775
2008-09-18,44.680555,45.439034,44.480528,45.171025,27.362604,7909657
2008-09-19,45.131504,45.935381,45.054176,45.577294,27.61082,6626053
2008-09-22,45.770531,46.262387,45.608033,46.179553,27.982104,14018323
2008-09-23,46.128322,46.361083,45.844851,46.173128,27.980356,6429845
2008-09-24,46.156575,46.540466,45.673053,45.7251,27.710981,5855623
2008-09-25,45.779983,45.979483,45.34475,45.412501,27.523645,6194200
2008-09-26,45.751148,46.003968,45.612483,45.66636,27.679626,9197222
2008-09-29,45.540439,46.378593,45.521913,46.108707,27.954173,4355036
2008-09-30,46.277259,46.488071,46.109831,46.178982,27.998925,8004963
2008-10-01,46.385718,46.886518,45.888344,45.990391,27.886717,4760226
2008-10-02,45.912238,46.337618,45.835311,46.107865,27.960092,11977279
2008-10-03,46.080844,46.165328,45.379649,45.678223,27.701678,6939406
2008-10-06,45.837503,46.505886,45.61262,46.358736,28.120843,13500601
2008-10-07,46.364592,46.515634,45.897761,45.987887,27.898028,10035711
2008-10-08,46.037673,46.221998,45.288986,45.381378,27.532206,5618773
2008-10-09,45.233174,45.69154,44.46431,44.592749,27.055831,9112804
2008-10-10,44.704278,44.821135,43.979162,44.365553,26.920047,6443844
2008-10-13,44.241279,44.712705,44.186292,44.619037,27.080083,5374314
2008-10-14,44.626086,44.683326,44.576563,44.647984,27.099729,9006669
2008-10-15,44.696634,45.628992,44.631322,45.455943,27.592247,4865627
2008-10-16,45.762456,46.042476,45.345654,45.508184,27.626075,7390035
2008-10-17,45.83824,46.19503,44.904089,45.204629,27.443903,9230205
2008-10-20,45.133257,45.388508,44.357795,44.538904,27.045959,5630564
2008-10-21,44.402957,44.634991,44.217375,44.305953,26.906563,11726598
2008-10-22,44.034567,44.37376,43.987217,44.213561,26.852513,5535663
2008-10-23,44.232922,44.276971,43.917138,44.078706,26.772663,6063281
2008-10-24,43.974101,44.23857,43.936685,44.201315,26.849191,6658181
2008-10-27,44.161359,44.697537,43.997358,44.351505,26.946618,13350715
2008-10-28,44.196576,44.536814,43.993588,44.059587,26.77131,5559859
2008-10-29,44.002077,44.178827,43.860993,44.158325,26.833362,7274823
2008-10-30,44.22951,44.462841,44.042293,44.235315,26.882206,8365228
2008-10-31,44.403954,44.531044,44.289994,44.455916,27.018338,8832938
2008-11-03,44.59775,44.632732,44.119438,44.231269,26.887991,7275710
2008-11-04,44.051805,44.994258,43.867406,44.87647,27.282297,5769051
2008-11-05,44.971008,45.041832,44.749108,45.002089,27.360764,7749992
2008-11-06,44.988691,45.741005,44.721056,45.494903,27.66251,8016512
2008-11-07,45.398336,45.599884,45.057819,45.450996,27.637931,13687239
2008-11-10,45.485442,45.687275,45.37274,45.437921,27.636335,7620816
2008-11-11,45.342264,45.691773,45.120834,45.520566,27.688725,6032097
2008-11-12,45.53802,45.639924,44.908764,44.966577,27.353848,10488209
2008-11-13,44.961827,45.27089,44.885605,45.243839,27.52462,7060578
2008-11-14,45.286743,46.304203,45.016468,46.103541,28.04978,7978501
2008-11-17,46.166889,46.393835,45.76312,45.803683,27.873754,4872083
2008-11-18,45.719988,45.893005,45.49839,45.802619,27.875243,11735477
2008-11-19,45.681783,45.943431,45.620253,45.760773,27.851911,10858530
2008-11-20,45.877355,46.039219,45.04333,45.08093,27.440233,8262754
2008-11-21,44.786416,45.931487,44.542724,45.857739,27.915208,5989750
2008-11-24,45.995713,46.363633,45.906052,46.0513,28.039483,6614251
2008-11-25,46.055166,46.390068,45.842717,46.260586,28.169072,7344816
2008-11-26,46.235781,46.278418,46.072509,46.22339,28.14858,8257696
2008-11-28,46.208738,47.014697,46.111002,46.768119,28.484669,5838504
2008-12-01,46.850247,46.994719,46.282744,46.394743,28.26376,8361147
2008-12-02,46.327619,46.724461,46.047278,46.647913,28.42017,13542004
2008-12-03,46.484497,46.688189,45.814251,45.855142,27.939317,3672712
2008-12-04,45.825819,46.651669,45.491944,46.51689,28.34469,15254645
2008-12-05,46.742635,47.377936,46.418133,46.777691,28.505792,7104418
2008-12-08,46.627123,46.762244,46.499746,46.62765,28.420894,8071951
2008-12-09,46.614875,46.948883,46.504267,46.703198,28.469125,7814250
2008-12-10,47.087769,47.140354,46.876744,46.905624,28.594711,17619027
2008-12-11,46.809257,47.195636,46.146721,46.673067,28.455121,6277290
2008-12-12,46.601883,46.973388,46.463277,46.876004,28.581036,9912361
2008-12-15,46.918904,47.243115,46.683193,47.106832,28.728381,6966465
2008-12-16,46.915398,47.219034,46.606816,46.697675,28.481038,6590492
2008-12-17,46.791654,47.008518,46.068184,46.404918,28.304654,9169972
2008-12-18,46.521126,46.645564,46.373421,46.51964,28.376804,11232881
2008-12-19,46.590063,46.822359,46.521339,46.734186,28.509862,3247979
2008-12-22,46.749786,47.254406,46.668039,47.097355,28.738019,6909678
2008-12-23,46.994239,47.401319,46.882562,47.179097,28.790103,7653883
2008-12-24,47.342633,47.527076,46.54551,46.807459,28.565508,5764172
2008-12-26,46.783067,47.013015,46.70762,46.832483,28.585162,5674000
2008-12-29,46.926523,47.223833,46.844272,47.133199,28.775327,9643111
2008-12-30,47.186954,47.679097,46.964343,47.562736,29.039791,6966702
2008-12-31,47.528549,47.859397,47.36013,47.797006,29.185063,6725909
2009-01-02,47.830327,47.916596,47.732426,47.881099,29.240893,10040360
2009-01-05,47.880631,48.009298,47.352426,47.40503,28.956818,8100307
2009-01-06,47.329477,47.518965,46.872265,46.98331,28.701415,15177398
2009-01-07,46.980095,47.60585,46.933483,47.383592,28.948161,5482649
2009-01-08,47.462802,47.76774,47.125918,47.612283,29.090105,11230607
2009-01-09,47.380785,47.559471,47.098889,47.499514,29.023431,12728168
2009-01-12,47.535361,47.595191,47.307003,47.532849,29.05048,5759631
2009-01-13,47.833331,48.069687,47.570299,47.899394,29.276744,5501037
2009-01-14,48.022315,48.607147,47.746785,48.548438,29.675723,6992488
2009-01-15,48.465921,48.800466,48.142754,48.321216,29.539095,9412373
2009-01-16,48.429194,48.489039,47.831287,47.972105,29.32793,9932777
2009-01-20,47.866307,48.306144,47.701913,48.249409,29.506507,6712470
2009-01-21,48.293814,48.475145,48.211038,48.416908,29.611209,5215054
2009-01-22,48.467017,49.038329,48.268173,48.706152,29.790391,6649460
2009-01-23,48.613192,48.909875,48.546811,48.866311,29.890642,7935621
2009-01-26,48.97475,49.274874,48.951786,49.016135,29.989182,7896449
2009-01-27,49.001647,49.746174,48.810928,49.42476,30.241507,10019125
2009-01-28,49.548905,49.757546,48.980985,49.119485,30.057022,14079022
2009-01-29,48.846511,48.957167,48.697878,48.815221,29.873128,6203887
2009-01-30,48.696062,49.344087,48.650396,49.225654,30.126607,12906189
2009-02-02,49.234028,49.96541,49.008724,49.782434,30.47437,9981567
2009-02-03,49.734725,49.830805,49.6016,49.780899,30.475767,7418428
2009-02-04,49.856907,49.959355,49.483437,49.593418,30.363319,6112467
2009-02-05,49.719961,50.542544,49.587819,50.297791,30.796928,7370295
2009-02-06,50.128229,50.367526,49.955798,50.282932,30.79019,6515014
2009-02-09,50.16904,50.972278,50.11932,50.836792,31.136501,9377381
2009-02-10,50.792547,51.984497,50.412455,51.797335,31.727246,9593051
2009-02-11,51.686353,52.592016,51.435927,52.356893,32.072448,14073813
2009-02-12,52.462139,52.653845,51.854353,51.973312,31.839918,7775523
2009-02-13,51.97761,52.215478,51.396836,51.561812,31.590246,14733941
2009-02-17,51.679727,51.742396,51.562995,51.715617,31.694195,8625124
2009-02-18,51.516183,52.234761,51.451779,52.015936,31.88069,9371317
2009-02-19,52.062087,53.203467,51.933209,52.970408,32.468178,6920264
2009-02-20,53.17325,53.352713,52.741932,52.960796,32.464774,12963387
2009-02-23,52.938136,53.231373,52.846586,53.115425,32.567051,8817631
2009-02-24,52.950312,53.007305,52.759995,52.887137,32.429564,9180738
2009-02-25,52.815542,53.148269,52.601654,52.957403,32.47514,6202277
2009-02-26,52.827609,53.727778,52.796862,53.375341,32.733942,11412481
2009-02-27,53.404264,53.95208,53.210975,53.670728,32.91762,6541395
2009-03-02,53.773799,54.508003,53.533972,54.27279,33.294536,14570940
2009-03-03,54.145346,54.295324,53.985809,54.082889,33.180581,5347854
2009-03-04,54.068289,54.149486,53.355722,53.580547,32.874908,9175929
2009-03-05,53.492243,53.76554,53.36226,53.417372,32.777303,17714460
2009-03-06,53.775469,53.803685,53.556419,53.74787,32.982627,6971945
2009-03-09,53.816856,54.014014,52.835259,52.918709,32.481278,7180055
2009-03-10,52.757066,53.66763,52.670106,53.290534,32.71201,9916231
2009-03-11,53.363987,53.511036,52.713786,52.912475,32.482431,8756312
2009-03-12,53.131951,53.182912,52.743721,52.912155,32.484725,5287768
2009-03-13,52.638834,52.778342,52.202369,52.463426,32.211703,7559807
2009-03-16,52.478332,52.512707,51.662361,51.729861,31.768611,9053167
2009-03-17,51.696718,52.038148,51.434524,51.892637,31.871019,11752356
2009-03-18,51.860215,52.274875,51.777083,52.17812,32.048811,13556169
2009-03-19,52.279253,52.702439,51.317754,51.68957,31.751169,7176517
2009-03-20,51.834933,51.953947,50.819946,51.141186,31.416723,6899231
2009-03-23,51.291081,52.174533,51.172288,52.041713,31.977282,5292763
2009-03-24,51.951241,52.594896,51.735727,52.477741,32.247674,10648629
2009-03-25,52.33161,53.309087,52.294072,53.087736,32.625018,15052130
2009-03-26,53.192078,53.347524,52.636086,52.756068,32.423677,10268958
2009-03-27,52.55463,52.784183,52.491852,52.703239,32.393692,10146195
2009-03-30,52.464361,53.669876,52.418462,53.39405,32.825843,10175733
2009-03-31,53.467897,53.881684,52.982807,53.127293,32.664349,6276317
2009-04-01,53.146536,53.33874,51.850117,51.982099,31.962697,9891955
2009-04-02,52.237271,52.28251,51.538258,51.827103,31.869836,14935808
2009-04-03,51.881498,52.679114,51.834889,52.436039,32.246759,5071893
2009-04-06,52.520209,52.593252,52.046673,52.416629,32.242236,5012423
2009-04-07,52.625876,52.739719,52.222975,52.308706,32.178318,6666805
2009-04-08,52.296168,52.827516,52.070751,52.721905,32.434988,14057591
2009-04-09,52.647304,53.046505,52.457426,52.842944,32.511945,8472172
2009-04-13,52.609355,53.108924,52.45432,52.728211,32.451304,9126765
2009-04-14,52.977241,53.218322,52.586604,52.833553,32.518629,8086111
2009-04-15,52.963038,53.084045,52.762329,52.857508,32.535867,7271628
2009-04-16,52.85769,53.138464,52.802965,53.030585,32.644906,5487865
2009-04-17,53.116609,53.146267,52.714779,52.761547,32.481779,4926688
2009-04-20,52.557674,53.257696,52.498192,52.763287,32.490322,6818570
2009-04-21,52.67116,52.725432,52.173114,52.265134,32.186039,11767993
2009-04-22,52.224461,53.305389,52.158599,53.090981,32.697121,6682610
2009-04-23,53.162747,53.281587,52.809077,52.936971,32.604769,8122118
2009-04-24,52.88345,53.728313,52.503683,53.497819,32.952732,11722059
2009-04-27,53.637474,53.991736,53.552152,53.678129,33.0714,12192718
2009-04-28,53.960706,54.222356,53.459367,53.688273,33.080187,10772350
2009-04-29,53.68014,53.923537,52.287461,52.512859,32.358432,7359163
2009-04-30,52.358163,53.039148,52.287577,52.895722,32.596851,6814297
2009-05-01,53.00093,53.153994,52.089762,52.283731,32.222183,11996673
2009-05-04,52.345984,52.718733,51.964108,52.048528,32.084607,5364071
2009-05-05,52.209738,52.616828,51.161238,51.478124,31.735422,7178410
2009-05-06,51.522548,52.746549,51.243155,52.459489,32.342897,9038103
2009-05-07,52.313772,52.437685,51.773306,51.842707,31.965082,6430612
2009-05-08,51.946214,52.538658,51.492206,52.41089,32.317888,7823047
2009-05-11,52.813432,53.092341,52.704639,52.782332,32.554415,7439707
2009-05-12,52.914113,53.210304,52.073682,52.275121,32.244056,7727567
2009-05-13,52.269722,52.688093,52.183504,52.536005,32.407457,11644413
2009-05-14,52.560492,52.713725,51.217159,51.329072,31.665373,12434869
2009-05-15,51.018663,51.314247,50.029333,50.288867,31.02604,8379284
2009-05-18,50.395356,50.796171,50.071946,50.487088,31.155498,5902133
2009-05-19,50.56884,50.985315,50.480612,50.884307,31.403028,6486560
2009-05-20,50.913593,51.071661,50.787252,50.81148,31.360487,6647325
2009-05-21,50.820426,50.982605,50.002663,50.377538,31.095045,13734349
2009-05-22,50.583385,50.851861,49.163163,49.32732,30.449142,10771426
2009-05-26,49.522283,50.061331,49.333929,49.844323,30.777718,4904760
2009-05-27,49.941065,50.0924,48.055366,48.298135,29.825269,4347318
2009-05-28,48.503324,48.673419,47.518196,47.606296,29.400296,7657671
2009-05-29,47.708054,48.047295,47.370725,47.623568,29.413217,6969712
2009-06-01,47.833271,47.858208,47.123658,47.162382,29.135079,10939955
2009-06-02,47.028966,47.236421,46.704721,47.164786,29.138798,7013006
2009-06-03,46.89328,46.945503,46.656907,46.763836,28.893303,5305671
2009-06-04,46.553773,46.782957,46.299777,46.712449,28.863766,9069133
2009-06-05,46.891138,47.122393,46.43867,46.465994,28.713681,7281408
2009-06-08,46.545664,46.835229,46.374096,46.442796,28.705947,6681860
2009-06-09,46.275979,46.525233,46.0319,46.2233,28.572468,8915044
2009-06-10,46.079293,46.814171,45.879532,46.608313,28.812669,10202532
2009-06-11,46.635497,47.225,46.455395,47.157027,29.154112,6756157
2009-06-12,47.320491,47.605803,47.221935,47.511136,29.375287,6969568
2009-06-15,47.622611,47.787029,47.45607,47.574006,29.420923,16321046
2009-06-16,47.641414,47.837793,47.402033,47.510411,29.383847,19427707
2009-06-17,47.397165,47.626749,46.85983,47.053619,29.103565,6942581
2009-06-18,47.232915,47.416244,46.792903,46.999515,29.072329,8359039
2009-06-19,46.868811,46.985184,46.235052,46.453396,28.736721,8280227
2009-06-22,46.37213,46.75317,46.330625,46.649153,28.864457,14591581
2009-06-23,46.838068,46.874978,46.580341,46.768547,28.940551,8910634
2009-06-24,46.550395,47.159002,46.365323,46.971842,29.068579,6007126
2009-06-25,46.992477,47.059465,46.739557,46.803398,28.966558,8361580
2009-06-26,46.714128,47.114152,46.606449,46.926167,29.044766,5740783
2009-06-29,47.053896,47.145707,46.94827,46.986804,29.088986,7805311
2009-06-30,46.963097,47.037507,46.745572,46.928371,29.055038,6700674
2009-07-01,46.899144,47.034026,46.361003,46.444564,28.7577,10201215
2009-07-02,46.547495,46.714967,45.834866,46.139057,28.570726,7396424
2009-07-06,46.127717,46.18569,46.102672,46.13516,28.577074,6810941
2009-07-07,45.902815,46.602899,45.619145,46.493599,28.801306,7933556
2009-07-08,46.623204,46.938233,46.582776,46.770831,28.975264,10516102
2009-07-09,46.755044,46.776114,46.663774,46.737806,28.957024,11137862
2009-07-10,46.788815,46.869519,45.98885,46.358891,28.724464,10857144
2009-07-13,46.233711,46.523783,46.183918,46.211643,28.639814,12802471
2009-07-14,46.342507,46.501457,46.172201,46.420744,28.77161,12462773
2009-07-15,46.433949,46.584125,46.073711,46.218988,28.648758,6068741
2009-07-16,46.323511,46.368019,46.031029,46.091968,28.572215,10083957
2009-07-17,46.256841,46.327827,45.806859,46.054901,28.551426,9469406
2009-07-20,46.076555,46.181133,45.409587,45.70627,28.341812,8545955
2009-07-21,45.799233,45.945306,45.488022,45.609129,28.283744,11670371
2009-07-22,45.486935,45.553271,45.378014,45.532733,28.238533,6347718
2009-07-23,45.475537,45.96605,45.370791,45.844991,28.434369,4146618
2009-07-24,45.737681,46.027343,45.520794,45.97247,28.515621,7701825
2009-07-27,46.020929,46.251624,45.676132,46.143548,28.62832,8329471
2009-07-28,46.139671,46.553563,46.042768,46.435289,28.81153,11747589
2009-07-29,46.455335,46.492969,46.187799,46.34838,28.75981,5198572
2009-07-30,46.346137,46.545333,46.098025,46.17112,28.652015,6774960
2009-07-31,46.049404,46.139831,45.831511,45.996041,28.545556,5185459
2009-08-03,45.927648,46.209671,45.89375,46.018609,28.566131,9857101
2009-08-04,46.077817,46.258884,46.046987,46.165635,28.659594,8235184
2009-08-05,46.20679,46.99109,46.145753,46.966412,29.158951,13629164
2009-08-06,47.047908,47.457844,46.848201,47.291054,29.362755,6593341
2009-08-07,46.994469,47.417025,46.842298,47.298515,29.369639,7430529
2009-08-10,47.123222,47.294664,47.040403,47.206511,29.319252,12125451
2009-08-11,47.339868,47.49782,46.826021,47.153158,29.28836,6904247
2009-08-12,47.0657,47.377784,46.549374,46.834343,29.092564,9956337
2009-08-13,46.902371,47.297393,46.827721,47.141354,29.285518,7615135
2009-08-14,47.050968,47.145694,46.804288,47.070062,29.243471,11206895
2009-08-17,47.106134,47.47173,46.940049,47.425756,29.471232,11720375
2009-08-18,47.162749,47.717149,46.945272,47.618139,29.593051,10771645
2009-08-19,47.628798,47.665428,47.269594,47.310504,29.40412,6631619
2009-08-20,47.176055,47.497697,46.996636,47.351233,29.43169,7195300
2009-08-21,47.277449,47.462291,47.057395,47.427482,29.481344,6798090
2009-08-24,47.636406,47.745597,46.62743,46.761526,29.074065,8807999
2009-08-25,46.602493,47.516752,46.489953,47.40997,29.479496,17606040
2009-08-26,47.413824,47.842476,47.296865,47.538843,29.561895,6883064
2009-08-27,47.506299,47.691556,47.285205,47.633946,29.623306,11657523
2009-08-28,47.555216,48.176545,47.490655,48.099176,29.914923,8130983
2009-08-31,48.143654,48.18944,48.097224,48.153221,29.955424,9474159
2009-09-01,47.975342,48.887541,47.674942,48.493406,30.169361,12344027
2009-09-02,48.559116,48.753647,48.243131,48.268386,30.031671,8662741
2009-09-03,48.222365,48.888546,48.186578,48.803546,30.366965,11354440
2009-09-04,48.93854,49.016369,48.546257,48.722216,30.318683,5369578
2009-09-08,48.715212,48.975309,48.616457,48.906928,30.442959,5859315
2009-09-09,49.130271,49.365626,49.01762,49.05237,30.535832,7883968
2009-09-10,49.204301,49.584929,49.009119,49.321055,30.705447,9531817
2009-09-11,49.217809,49.829497,49.183953,49.766876,30.985373,7593640
2009-09-14,49.86935,50.184412,49.22418,49.347476,30.731317,12200212
2009-09-15,49.340468,49.434456,49.169848,49.312964,30.712179,6594551
2009-09-16,49.341293,49.485322,49.130119,49.22206,30.657914,6659022
2009-09-17,49.282915,49.348397,49.164836,49.315662,30.718569,4017134
2009-09-18,49.343283,49.487863,48.899946,49.090791,30.580841,7075303
2009-09-21,49.161862,49.181689,48.834887,48.929905,30.487629,6392976
2009-09-22,48.977989,49.265163,48.80022,49.005308,30.536953,7928092
2009-09-23,49.114149,49.2809,48.476628,48.611954,30.294162,8657060
2009-09-24,48.724356,48.786869,48.390837,48.436867,30.187365,10380791
2009-09-25,48.481015,49.219797,48.36973,49.054422,30.574588,8107073
2009-09-28,49.015214,49.200169,48.804883,48.862378,30.461896,4739110
2009-09-29,48.843366,49.181523,48.766821,49.155932,30.647253,8224429
2009-09-30,48.961657,48.994628,48.751206,48.883667,30.479841,8116779
2009-10-01,48.857129,49.050809,48.721602,48.760979,30.405673,7868642
2009-10-02,48.449739,49.19102,48.411855,49.045375,30.585358,9001039
2009-10-05,49.047494,49.44316,48.928264,49.146212,30.655291,11732614
2009-10-06,49.136434,49.378861,49.070708,49.326625,30.770183,5710484
2009-10-07,49.358999,49.53055,48.639837,49.104352,30.633876,6985790
2009-10-08,49.211865,49.463162,49.025775,49.366932,30.800048,11654857
2009-10-09,49.437667,49.481041,48.710927,49.045705,30.601981,12029815
2009-10-12,48.918491,49.655114,48.710355,49.50296,30.894388,9257441
2009-10-13,49.56819,49.645294,49.105374,49.218597,30.719275,11537661
2009-10-14,49.345405,49.469627,48.575872,48.682502,30.387006,7313224
2009-10-15,48.69356,49.519099,48.545435,49.281389,30.763182,9351482
2009-10-16,49.150565,49.426854,49.013923,49.382203,30.828477,6948355
2009-10-19,49.21587,50.288222,49.005625,50.060313,31.258998,9568032
2009-10-20,49.9718,51.796691,49.928645,51.524777,32.175915,9015864
2009-10-21,51.42763,51.469771,50.925914,51.115973,31.923074,10005997
2009-10-22,51.015922,51.132144,50.467899,50.771958,31.71066,3590321
2009-10-23,50.916093,51.581293,50.849905,51.294734,32.039626,11371039
2009-10-26,51.195553,51.257695,50.577793,50.674367,31.659414,7609385
2009-10-27,50.82032,51.380887,50.31735,50.641962,31.641594,5356048
2009-10-28,50.369506,51.221987,50.340213,51.169197,31.973466,6253376
2009-10-29,51.229564,52.31854,51.071575,51.721549,32.321085,5381784
2009-10-30,51.677162,51.985388,51.442788,51.543825,32.212494,8710894
2009-11-02,51.42647,51.856202,51.139336,51.675275,32.302072,13224294
2009-11-03,51.497446,52.100645,51.231202,51.917063,32.455701,5479727
2009-11-04,51.847893,51.988686,51.453583,51.631971,32.279952,10441867
2009-11-05,51.456959,52.305263,51.317989,51.960464,32.487813,5575648
2009-11-06,51.948002,52.44636,51.702929,52.268992,32.683224,8229864
2009-11-09,52.142059,52.192851,52.034973,52.123985,32.600048,7474274
2009-11-10,52.354656,52.653822,52.133533,52.461696,32.813779,6174565
2009-11-11,52.522992,52.81613,52.023507,52.768516,33.00822,7271179
2009-11-12,52.554634,53.023871,52.225576,52.769428,33.011321,8137769
2009-11-13,52.790356,53.068846,52.706659,52.911656,33.102833,8430459
2009-11-16,52.869719,53.286678,52.528163,53.084269,33.218463,7918281
2009-11-17,52.900953,52.926624,52.71671,52.834697,33.064823,8945700
2009-11-18,53.083465,53.148678,52.908997,53.024197,33.185959,4439157
2009-11-19,52.87096,53.172245,52.493456,52.583182,32.912466,13028752
2009-11-20,52.575492,53.123603,52.545579,53.0055,33.179344,6637136
2009-11-23,53.189181,53.346393,53.065117,53.215986,33.318761,9408669
2009-11-24,53.105694,53.241579,52.98729,53.082551,33.237765,7492533
2009-11-25,52.905742,53.523771,52.767612,53.314863,33.385787,12277186
2009-11-27,53.370615,53.637855,53.257423,53.427784,33.461629,7968517
2009-11-30,53.301428,53.805983,53.210994,53.531258,33.534145,8316711
2009-12-01,53.665323,53.946306,53.509057,53.802657,33.706744,7777011
2009-12-02,53.838393,53.902861,53.408398,53.760498,33.682914,10193921
2009-12-03,53.611705,54.055132,53.565198,53.788582,33.703093,5850093
2009-12-04,53.596539,53.854223,53.409827,53.681594,33.638635,9882346
2009-12-07,53.805924,53.87913,53.122788,53.494654,33.529202,8567042
2009-12-08,53.568209,53.643398,53.250441,53.508234,33.540285,6859414
2009-12-09,53.569717,53.598229,53.330599,53.429602,33.493564,10881157
2009-12-10,53.394119,53.835433,53.14945,53.628851,33.621045,9221674
2009-12-11,53.464076,54.059328,53.297585,53.964962,33.834354,6072170
2009-12-14,54.060364,54.531861,53.78292,54.453804,34.148695,8172378
2009-12-15,54.392665,55.079445,54.186559,54.815899,34.378405,9092999
2009-12-16,54.584541,54.645315,54.128689,54.272817,34.040414,12133585
2009-12-17,54.067598,54.142221,53.96097,54.034869,33.893769,9935180
2009-12-18,54.274351,54.440531,53.96157,54.104866,33.940277,6860259
2009-12-21,53.973815,54.301545,53.742963,54.143305,33.972202,8420479
2009-12-22,54.118072,54.531865,54.058786,54.408974,34.141513,7147545
2009-12-23,54.630216,54.713016,54.12867,54.479106,34.188142,8173875
2009-12-24,54.311182,54.709485,54.235282,54.528644,34.221852,16320410
2009-12-28,54.423026,54.567725,54.013059,54.062352,33.939616,10546804
2009-12-29,54.04116,54.425884,53.787503,54.205307,34.03197,8317122
2009-12-30,54.419626,54.692575,54.202806,54.309756,34.100161,5896227
2009-12-31,54.283068,54.688702,54.182243,54.541649,34.248388,7094891
2010-01-04,54.508778,55.533397,54.383578,55.11552,34.619353,6822052
2010-01-05,54.983042,55.597226,54.733128,55.452441,34.833651,3949940
2010-01-06,55.353406,55.629847,55.13739,55.562105,34.905215,6466003
2010-01-07,55.475489,55.626242,55.306659,55.334667,34.764999,11911849
2010-01-08,55.425356,55.525931,55.044535,55.208196,34.6882,4154601
2010-01-11,55.057487,55.396978,54.82844,55.194461,34.687547,5794423
2010-01-12,55.19239,55.217319,54.729661,54.95397,34.539055,3736935
2010-01-13,54.986708,55.899057,54.87903,55.785413,35.064312,8206120
2010-01-14,55.949324,56.379821,55.8676,56.33617,35.413209,9913927
2010-01-15,56.180296,56.70156,56.089605,56.520528,35.531821,7963501
2010-01-19,56.434018,57.224943,56.38837,57.08904,35.900225,6779542
2010-01-20,57.020041,57.988868,56.853508,57.965548,36.454209,7660212
2010-01-21,58.028183,58.066011,57.207813,57.657491,36.263253,8844862
2010-01-22,57.581824,58.10801,57.520502,57.920656,36.431562,12312169
2010-01-25,58.267664,58.637157,58.067047,58.59854,36.866422,5575891
2010-01-26,58.530535,59.074483,58.210549,58.863702,37.036084,10751942
2010-01-27,58.88702,59.336068,58.657819,58.931233,37.081416,6030436
2010-01-28,58.836672,59.11433,58.805341,58.884593,37.054909,9025363
2010-01-29,58.779901,59.154558,58.441837,58.993617,37.126361,6282085
2010-02-01,58.724571,59.253877,58.523951,59.073125,37.184949,12331043
2010-02-02,59.230332,60.362985,59.149115,60.16433,37.874736,10589283
2010-02-03,60.275317,61.09244,60.07274,60.914217,38.349746,9475565
2010-02-04,61.016464,61.438046,60.623264,60.680991,38.205843,7229770
2010-02-05,60.850518,60.971336,60.66931,60.934584,38.368451,9373058
2010-02-08,61.034881,61.326094,60.772038,61.181597,38.532847,5740672
2010-02-09,61.335169,61.396897,60.886938,61.088144,38.476939,12898342
2010-02-10,61.15083,61.432611,61.044986,61.339818,38.638421,7121720
2010-02-11,61.396174,61.565515,61.031007,61.074611,38.474313,6442425
2010-02-12,61.129617,61.896007,61.017453,61.33883,38.643723,8698145
2010-02-16,61.280543,61.92759,60.885199,61.710001,38.889485,10180844
2010-02-17,62.012607,62.151338,61.682234,61.719865,38.898683,6412335
2010-02-18,61.67799,62.520665,61.618336,62.452906,39.363696,6440428
2010-02-19,62.310939,62.446662,62.107429,62.158405,39.181078,7749780
2010-02-22,61.976841,62.206193,61.415815,61.494642,38.771596,12221645
2010-02-23,61.437111,61.957945,61.174641,61.415609,38.724734,4250682
2010-02-24,61.211308,61.636941,61.055742,61.234252,38.613343,8860390
2010-02-25,61.258513,61.974743,61.056368,61.669166,38.890573,4949259
2010-02-26,61.808136,62.35223,61.714931,62.180069,39.215771,7531817
2010-03-01,62.248435,62.704181,62.048955,62.22942,39.255923,6845014
2010-03-02,61.964632,62.091147,61.764829,62.052729,39.147463,4453369
2010-03-03,61.906624,62.587874,61.595054,62.477377,39.418384,15256905
2010-03-04,62.640982,62.77801,62.380116,62.523912,39.450768,7776784
2010-03-05,62.521183,62.814845,62.110808,62.274611,39.296479,8727419
2010-03-08,62.130798,62.215792,61.788274,61.861875,39.045013,3706162
2010-03-09,61.766852,61.915594,61.684279,61.753075,38.979331,10524672
2010-03-10,61.680578,61.770328,61.363764,61.465301,38.800658,6504255
2010-03-11,61.658217,61.744468,61.391992,61.682682,38.940867,6195585
2010-03-12,61.599161,61.850642,60.901548,61.081238,38.564127,3764673
2010-03-15,61.049115,61.63021,60.845652,61.222435,38.662163,10158208
2010-03-16,61.233116,61.760492,61.02044,61.476685,38.825699,10241074
2010-03-17,61.517234,61.60275,60.72765,60.768048,38.3811,10156778
2010-03-18,60.961455,61.312929,59.87511,60.070442,37.943401,5177340
2010-03-19,59.888314,60.579418,59.788729,60.484177,38.207664,6013556
2010-03-22,60.258043,60.711439,60.226144,60.495045,38.22332,10539137
2010-03-23,60.379056,60.929225,60.327423,60.68258,38.344751,7306360
2010-03-24,60.677529,61.111716,60.336589,60.967158,38.527527,8212264
2010-03-25,60.81539,60.901275,60.420525,60.861782,38.463884,5867632
2010-03-26,60.817714,61.015503,60.78368,60.946566,38.520419,7898437
2010-03-29,61.022137,61.077684,60.739715,60.85494,38.471355,5646534
2010-03-30,60.717857,61.07746,60.563885,60.76781,38.419219,22860128
2010-03-31,60.753255,60.938271,60.549817,60.841481,38.468744,5333649
2010-04-01,60.733222,61.005453,60.590819,60.949497,38.539995,13225180
2010-04-05,61.127068,61.510746,60.179035,60.256159,38.113264,10321202
2010-04-06,60.17643,60.428988,59.676144,59.942287,37.91764,10720445
2010-04-07,60.019503,60.064078,59.16579,59.245945,37.480029,10685884
2010-04-08,59.217454,60.101076,59.14596,60.04577,37.988924,10168303
2010-04-09,60.251962,60.410694,59.743896,60.065549,38.004351,8728026
2010-04-12,59.743645,60.514698,59.713362,60.392854,38.22023,8039185
2010-04-13,60.218991,60.732009,60.167665,60.633994,38.37578,5215631
2010-04-14,60.873045,60.939329,60.432967,60.682821,38.409628,7055809
2010-04-15,60.583827,61.353481,60.434757,61.190685,38.734053,9484385
2010-04-16,61.272603,61.399672,60.396655,60.529148,38.318234,6611450
2010-04-19,60.599147,60.690444,60.052234,60.261577,38.157621,7212800
2010-04-20,60.172226,60.667106,59.81932,59.924518,37.947104,7418094
2010-04-21,59.852954,59.958258,59.58187,59.787288,37.863106,8330930
2010-04-22,59.885307,60.09115,59.806739,59.894537,37.933934,10164300
2010-04-23,59.641979,59.918952,59.5136,59.82989,37.895896,14246641
2010-04-26,60.013918,60.080225,59.6443,60.043551,38.039975,10102304
2010-04-27,60.038629,60.105166,59.763436,59.849513,37.91995,9480544
2010-04-28,59.928958,60.168757,59.489004,59.534258,37.723101,5650791
2010-04-29,59.814501,60.060799,58.915249,59.181143,37.502229,7449024
2010-04-30,59.240943,59.600696,58.575531,58.63672,37.160084,6730891
2010-05-03,58.569872,59.27016,58.498196,59.186478,37.517112,6504965
2010-05-04,59.166995,59.680639,58.778482,59.522625,37.733081,4943769
2010-05-05,59.483398,59.749457,59.181611,59.271467,37.576745,7158662
2010-05-06,59.332784,59.56067,58.46655,58.79535,37.277756,9687641
2010-05-07,58.435904,58.808572,58.294202,58.744657,37.24847,7318729
2010-05-10,58.91819,58.99698,58.054237,58.367084,37.017573,9401011
2010-05-11,58.362996,58.928354,58.232578,58.620854,37.18137,5988833
2010-05-12,58.63004,59.086648,58.597948,58.781233,37.285951,6076325
2010-05-13,58.795415,59.307678,58.694355,59.170635,37.535833,10178856
2010-05-14,59.135608,59.47754,58.909224,59.375266,37.668531,7317325
2010-05-17,59.14498,59.638844,58.928597,59.398178,37.691734,9351334
2010-05-18,59.310972,59.371203,59.174971,59.228829,37.587154,9119710
2010-05-19,59.407839,59.769201,59.03755,59.629453,37.844295,8024665
2010-05-20,59.978753,60.078525,59.177578,59.391664,37.696269,5716958
2010-05-21,59.345189,60.126152,59.158493,60.012889,38.093485,10423526
2010-05-24,60.136188,60.475859,59.970881,60.096178,38.155127,5366197
2010-05-25,59.927609,60.077267,59.864926,60.008653,38.102478,10153101
2010-05-26,59.987991,60.459008,59.844351,60.375718,38.338485,6072105
2010-05-27,60.235197,61.377497,60.195424,61.276741,38.913616,7890112
2010-05-28,61.16398,61.576423,60.959434,61.288293,38.923936,4415987
2010-06-01,61.516805,61.703143,61.393608,61.634911,39.156077,8856158
2010-06-02,61.478167,61.810136,61.169738,61.754235,39.234889,7905108
2010-06-03,61.492431,61.709901,61.151438,61.63337,39.161101,8150235
2010-06-04,61.591417,61.940151,61.405003,61.849977,39.301743,7325005
2010-06-07,61.891065,62.099515,61.783946,61.919473,39.354953,6672000
2010-06-08,61.826587,62.523374,61.514361,62.390651,39.657466,12964848
2010-06-09,62.37838,62.690825,62.320797,62.646144,39.822918,7552677
2010-06-10,62.628879,62.728301,62.401364,62.542534,39.760103,7980573
2010-06-11,62.572009,62.721757,62.354902,62.588063,39.792098,7806345
2010-06-14,62.556397,62.719124,62.299184,62.382912,39.670789,13416913
2010-06-15,62.067715,62.366269,61.827563,62.321907,39.635034,10846439
2010-06-16,62.117794,62.321445,61.925517,62.199754,39.56038,14977885
2010-06-17,62.176493,62.631196,62.001579,62.55515,39.78947,7474358
2010-06-18,62.690909,62.784775,62.118998,62.163056,39.543102,13648216
2010-06-21,62.173748,62.838842,62.129674,62.669807,39.874625,6971987
2010-06-22,62.664118,62.756777,62.300441,62.443734,39.733828,10182742
2010-06-23,62.3488,63.202268,62.226694,63.128038,40.17234,10778649
2010-06-24,63.10409,63.665859,62.978722,63.47316,40.39506,6322964
2010-06-25,63.555091,63.712684,62.674569,62.858649,40.007044,10413779
2010-06-28,62.911901,62.963865,62.625094,62.874383,40.026262,14024969
2010-06-29,62.895961,62.996003,62.452821,62.532618,39.811745,7302278
2010-06-30,62.278101,63.159943,62.015251,62.877248,40.034224,9055173
2010-07-01,63.036629,63.186271,62.619576,63.030828,40.135086,10708022
2010-07-02,63.28779,63.621597,62.889567,63.075447,40.166576,6369548
2010-07-06,63.151708,63.410713,63.048557,63.234036,40.279915,7500978
2010-07-07,63.246552,63.934315,62.857079,63.688933,40.572794,5934802
2010-07-08,63.696875,63.864787,62.966959,63.000977,40.137611,7181849
2010-07-09,62.836521,63.149781,62.497189,62.682668,39.937879,7404490
2010-07-12,62.981655,63.174561,61.893676,62.100709,39.576188,6976191
2010-07-13,62.185915,63.082955,61.928283,62.827412,40.042379,6294707
2010-07-14,62.551101,62.862132,62.379352,62.634782,39.922668,12031613
2010-07-15,62.830545,62.887967,62.148232,62.314548,39.7216,13399432
2010-07-16,62.398017,62.635675,61.48361,61.924646,39.476088,5083457
2010-07-19,61.837316,62.061931,61.743938,62.008028,39.538335,12588019
2010-07-20,61.925743,62.125967,61.461518,61.697377,39.343269,8118630
2010-07-21,61.817126,61.908291,61.648788,61.752779,39.381617,6766538
2010-07-22,61.592561,62.740283,61.56749,62.64687,39.954869,15125468
2010-07-23,62.973555,63.409563,61.835846,62.170219,39.653911,5847021
2010-07-26,62.145289,62.262456,61.302034,61.458185,39.208772,6851463
2010-07-27,61.250031,61.952176,61.031109,61.84056,39.455742,8758869
2010-07-28,62.066906,62.62894,61.785184,62.322617,39.766354,7475118
2010-07-29,62.492519,62.604953,62.187978,62.394374,39.815192,7793753
2010-07-30,62.627872,62.921455,61.230035,61.610422,39.317949,4515467
2010-08-02,61.701141,62.506138,61.398473,62.477217,39.880283,14244090
2010-08-03,62.636637,63.252535,62.011146,62.932145,40.173751,6160244
2010-08-04,62.950059,63.084464,62.643883,62.841809,40.119159,8611889
2010-08-05,62.823422,62.913016,61.202859,61.631641,39.349586,4120074
2010-08-06,61.665442,62.13062,61.558756,61.817498,39.471275,5797864
2010-08-09,61.819841,62.164222,61.714577,61.831351,39.489201,9508770
2010-08-10,61.84788,62.386228,61.812744,62.291656,39.786229,6075345
2010-08-11,62.570385,62.750878,61.566684,61.853527,39.509421,7221348
2010-08-12,62.03689,62.212153,61.673604,62.040643,39.631981,9156200
2010-08-13,61.85004,62.574686,61.591352,62.288949,39.79365,7225578
2010-08-16,62.013759,62.415582,61.60218,62.158152,39.719224,10521230
2010-08-17,62.16174,62.486488,61.44099,62.04546,39.650252,7649790
2010-08-18,61.79655,61.997368,61.461913,61.917672,39.571623,9787808
2010-08-19,61.860025,62.092303,61.831777,62.043974,39.655383,8506019
2010-08-20,61.834416,62.2251,61.57652,62.195586,39.755333,6744123
2010-08-23,62.465443,62.588705,62.081409,62.135129,39.725824,6145330
2010-08-24,61.920481,62.46653,61.779455,62.400491,39.898541,6371904
2010-08-25,62.291393,63.256688,62.100942,63.108838,40.354547,6660485
2010-08-26,63.311178,63.492163,63.063392,63.215098,40.425593,8402387
2010-08-27,63.441318,64.073411,63.299843,63.883375,40.856084,9399399
2010-08-30,63.92158,64.837573,63.848582,64.683357,41.37722,10034528
2010-08-31,64.766841,64.977402,64.668625,64.715331,41.400847,7759256
2010-09-01,64.573925,65.700094,64.340476,65.506426,41.910154,11103950
2010-09-02,65.504094,65.750965,65.249435,65.357903,41.818336,8485402
2010-09-03,65.288624,65.77861,64.999122,65.693733,42.036434,4250623
2010-09-07,65.281316,65.424924,64.662239,64.893956,41.537404,6049273
2010-09-08,65.011865,65.480634,64.956894,65.251992,41.769778,11370351
2010-09-09,65.300923,65.536332,65.145108,65.485836,41.922682,10584112
2010-09-10,65.676368,65.979458,64.48177,64.879417,41.53765,6187792
2010-09-13,65.033542,65.333211,64.137035,64.503751,41.306636,12855483
2010-09-14,64.532631,65.286185,64.292341,64.936318,41.58683,13354036
2010-09-15,64.551471,65.484337,64.360934,65.357905,41.860033,10104139
2010-09-16,65.313237,65.990017,65.020766,65.518496,41.966104,5762653
2010-09-17,65.240552,65.865051,65.021689,65.81721,42.16067,9897498
2010-09-20,65.703612,65.777301,65.525631,65.729009,42.113855,8632542
2010-09-21,65.845266,66.035822,65.498699,65.754406,42.133357,6389822
2010-09-22,65.508777,65.908742,65.233504,65.785649,42.156608,6696406
2010-09-23,65.781682,66.378495,65.608595,66.082992,42.350397,9636070
2010-09-24,66.159856,66.290249,66.01463,66.253952,42.463215,10769632
2010-09-27,66.227216,66.586068,65.210667,65.465971,41.967836,6054868
2010-09-28,65.304761,66.289876,64.956466,66.166281,42.420031,11697312
2010-09-29,66.115172,67.795776,65.954992,67.501943,43.279658,6126849
2010-09-30,67.307842,67.890003,67.166174,67.712911,43.418251,7671161
2010-10-01,67.800727,67.984759,66.643477,66.976895,42.949602,5677135
2010-10-04,67.10262,67.929296,66.960297,67.766979,43.466246,8793754
2010-10-05,67.687777,67.915855,67.184408,67.558436,43.335807,11147607
2010-10-06,67.58305,68.626967,67.466583,68.44286,43.906493,7661591
2010-10-07,68.63892,68.743861,67.725744,67.785432,43.488082,10975299
2010-10-08,67.557526,67.740756,66.814711,66.891085,42.917599,7810675
2010-10-11,66.933564,67.110236,66.354079,66.835646,42.891893,6955379
2010-10-12,66.565711,66.646882,66.468449,66.564464,42.721136,5302542
2010-10-13,66.459362,66.653938,66.004644,66.391732,42.613543,7939512
2010-10-14,66.134969,66.293503,65.350319,65.501522,42.045385,9976389
2010-10-15,65.547287,65.67007,64.995027,65.277677,41.904911,5717392
2010-10-18,65.317033,65.611741,64.595795,64.696301,41.54125,8003476
2010-10-19,64.590445,65.009502,64.020584,64.194864,41.22244,5521817
2010-10-20,63.975218,64.362742,63.594809,64.265055,41.270676,12836327
2010-10-21,64.198967,64.782123,63.456782,63.789937,40.968698,10445911
2010-10-22,63.61454,64.952864,63.328032,64.768564,41.600405,6313558
2010-10-25,64.604983,64.953072,63.794876,63.982737,41.105126,6673815
2010-10-26,63.920082,63.964469,63.300694,63.647472,40.892872,17191243
2010-10-27,64.082854,64.43599,63.451784,63.675379,40.913939,9202636
2010-10-28,63.781396,64.418608,63.752739,64.288831,41.311273,6100922
2010-10-29,64.08694,65.135276,63.910442,64.993438,41.767246,7318569
2010-11-01,64.829146,65.259899,64.466727,64.565882,41.502026,8753207
2010-11-02,64.345954,64.567993,64.042058,64.228931,41.288604,8939863
2010-11-03,64.164827,64.323125,63.806904,64.254969,41.308509,5331734
2010-11-04,64.23553,64.434372,63.961518,64.311877,41.348264,7453039
2010-11-05,64.488335,64.67943,64.193776,64.321067,41.357343,9371612
2010-11-08,64.203734,64.382821,63.964215,64.18724,41.280787,9948672
2010-11-09,64.262539,64.824049,64.094525,64.734377,41.635859,9732201
2010-11-10,64.577166,65.575155,64.406508,65.428926,42.085805,12968099
2010-11-11,65.250284,65.678071,64.962404,65.52717,42.15223,9527213
2010-11-12,65.581105,66.183921,65.497712,65.771563,42.312686,8716825
2010-11-15,65.582996,66.765174,65.355543,66.407822,42.731836,4627251
2010-11-16,66.135804,66.730467,65.775576,66.339225,42.690968,4378843
2010-11-17,66.345335,66.826962,66.1873,66.754,42.961179,10087038
2010-11-18,66.722519,67.186809,66.221054,66.250566,42.640451,8732164
2010-11-19,66.082533,66.442114,65.778286,66.348108,42.706505,5400328
2010-11-22,66.337627,66.876957,66.254717,66.560374,42.852989,7708785
2010-11-23,66.560725,66.759663,65.89105,66.018915,42.507645,10028941
2010-11-24,66.225731,66.399706,64.836263,65.184916,41.973874,10820520
2010-11-26,65.139157,66.154417,64.96781,65.841122,42.40292,6959598
2010-11-29,66.002008,66.042474,65.762511,65.836927,42.40997,9146215
2010-11-30,65.852413,66.61067,65.47816,66.382437,42.764648,6792316
2010-12-01,66.514781,66.960145,66.34902,66.776118,43.021562,5385684
2010-12-02,67.206199,67.397895,65.962374,66.358165,42.755566,6869658
2010-12-03,66.394489,66.627124,65.731396,66.404254,42.788542,7380130
2010-12-06,66.141023,66.973541,65.889519,66.762533,43.029299,7625753
2010-12-07,66.934986,67.573288,66.798909,67.189042,43.30751,8875245
2010-12-08,67.210647,67.968233,66.589284,66.812761,43.068274,6373423
2010-12-09,66.98188,67.406983,66.852708,67.004214,43.194998,5758806
2010-12-10,67.1831,68.049339,66.960015,67.989929,43.833811,10980563
2010-12-13,67.778399,68.355402,67.659767,68.084913,43.905144,9062842
2010-12-14,68.026169,69.614292,67.94204,69.488764,44.813865,5196568
2010-12-15,69.172183,69.635976,69.048569,69.54426,44.853093,6727231
2010-12-16,69.798442,69.880168,69.024275,69.176207,44.619135,9726953
2010-12-17,69.445478,69.545752,67.810221,67.90555,43.80291,3972536
2010-12-20,67.718274,68.724977,67.629666,68.253042,44.037188,9161169
2010-12-21,68.17342,68.275304,67.051881,67.509594,43.560851,7080241
2010-12-22,67.385257,67.90827,66.919411,67.856285,43.787912,7420301
2010-12-23,67.871177,68.486231,66.655236,66.751176,43.078083,9706637
2010-12-27,66.988737,67.550834,66.797818,67.157761,43.353766,9089905
2010-12-28,67.103333,67.166126,66.537907,66.605952,43.000841,7615992
2010-12-29,66.709203,66.863957,66.199859,66.238641,42.766984,9531026
2010-12-30,66.161779,66.470549,65.175803,65.408638,42.234329,8036568
2010-12-31,65.791247,65.949337,65.008683,65.07817,42.024168,10103823
2011-01-03,64.93893,65.045451,63.598672,64.140197,41.427999,9892035
2011-01-04,64.197036,64.466024,63.778216,63.900978,41.276652,5432781
2011-01-05,63.648417,63.817216,62.575106,62.71876,40.516108,5987484
2011-01-06,62.721194,63.591583,62.660193,63.355568,40.930621,9521624
2011-01-07,63.441776,63.636606,63.1623,63.432834,40.983681,6259712
2011-01-10,63.728868,64.02884,63.442662,63.803882,41.232895,7152125
2011-01-11,64.113923,64.518381,64.045986,64.128119,41.445608,8551620
2011-01-12,63.81254,64.621686,63.536792,64.394883,41.621206,5653552
2011-01-13,64.596733,64.882771,63.321204,63.659288,41.148914,9205842
2011-01-14,63.630915,64.105708,62.933233,63.090631,40.784465,5841748
2011-01-18,63.081985,63.79744,62.531917,63.012706,40.746583,7185392
2011-01-19,63.139554,63.619939,63.070868,63.500065,41.064877,7945078
2011-01-20,63.420943,63.728436,63.218247,63.430667,41.023143,8909746
2011-01-21,63.450553,63.938717,63.365739,63.783451,41.254465,10613108
2011-01-24,63.847883,64.036747,63.427774,63.517431,41.091855,10996986
2011-01-25,63.631111,63.864843,63.282003,63.309854,40.960705,12213407
2011-01-26,63.017972,63.438414,62.878335,63.269527,40.937753,6043154
2011-01-27,63.268692,64.007245,63.120762,63.630376,41.174391,11368635
2011-01-28,63.69458,63.904413,62.858089,63.10702,40.838865,7829048
2011-01-31,63.174772,63.474904,62.847758,63.197462,40.9068,10053518
2011-02-01,63.417727,63.756787,63.196063,63.613655,41.179353,9407554
2011-02-02,63.888215,63.966344,63.344583,63.439877,41.070008,6862085
2011-02-03,63.259958,63.817893,63.177082,63.784755,41.296443,8457822
2011-02-04,63.595718,64.61962,63.377512,64.308516,41.638736,5835308
2011-02-07,64.236264,64.325208,64.057174,64.091951,41.508058,12348929
2011-02-08,64.291642,64.896889,63.91932,64.461565,41.750633,8460056
2011-02-09,64.398447,65.294483,64.189166,64.889787,42.031207,5878502
2011-02-10,64.973902,65.113433,64.780533,64.971613,42.087434,7410306
2011-02-11,65.003609,65.951945,64.528777,65.854089,42.662357,11904640
2011-02-14,65.81193,66.430738,65.772768,66.367545,43.004878,6053351
2011-02-15,66.108438,66.35612,65.638677,65.736165,42.599022,14469086
2011-02-16,65.70935,65.769614,65.225855,65.453587,42.419154,5522403
2011-02-17,65.382757,65.741493,65.180802,65.553511,42.48717,5353457
2011-02-18,65.605363,66.28287,65.556796,66.114564,42.854091,5991485
2011-02-22,66.270865,66.418294,64.952164,65.336051,42.362463,7610303
2011-02-23,65.417558,65.80502,65.352375,65.644124,42.565473,10188284
2011-02-24,65.84533,66.57369,65.779216,66.125313,42.880777,7483457
2011-02-25,66.006445,66.539888,65.845026,66.304207,43.000081,8176722
2011-02-28,66.00175,66.491851,65.74837,66.331297,43.027544,4247476
2011-03-01,66.373537,66.415148,65.716359,65.835479,42.709193,8968871
2011-03-02,65.649175,66.450313,65.550174,66.158238,42.921866,6615026
2011-03-03,66.305399,66.425517,65.20921,65.613032,42.571412,5586582
2011-03-04,65.664309,65.840726,65.182108,65.520358,42.514542,4745049
2011-03-07,65.537636,65.719902,65.317901,65.64072,42.602439,9998844
2011-03-08,65.645004,66.311551,65.268715,65.868246,42.753386,7070909
2011-03-09,65.739107,66.215264,65.451926,65.94742,42.808058,9009182
2011-03-10,66.069699,66.311723,65.979044,66.270971,43.02138,8799900
2011-03-11,66.060996,66.578479,65.871543,66.51987,43.186269,10041430
2011-03-14,66.635592,66.99476,66.579389,66.860747,43.417558,6788895
2011-03-15,66.806374,67.026167,66.742073,66.929758,43.465705,9960478
2011-03-16,67.112222,67.364846,66.813312,66.864905,43.426916,8220890
2011-03-17,66.844203,67.30123,66.333594,66.760078,43.362158,8669921
2011-03-18,66.759706,66.901556,66.546254,66.630555,43.281348,11441901
2011-03-21,66.795082,66.951009,66.189009,66.276844,43.061489,12392427
2011-03-22,66.631562,66.864141,66.438279,66.734522,43.362177,8955013
2011-03-23,66.920174,67.1115,66.799029,66.855898,43.444373,5591024
2011-03-24,67.382095,67.63364,66.985677,67.313549,43.745118,7951120
2011-03-25,67.162464,67.418556,66.995545,67.317794,43.751231,4307359
2011-03-28,67.244987,67.866443,66.438219,67.576077,43.929196,8537314
2011-03-29,67.58748,68.356867,67.468132,68.28821,44.395536,5924428
2011-03-30,68.489957,68.979536,67.45076,67.791318,44.075875,5113251
2011-03-31,67.908385,68.018601,67.316163,67.57712,43.939978,9547362
2011-04-01,67.099412,67.996762,67.021356,67.937633,44.177777,12661770
2011-04-04,67.930324,68.34552,67.788281,68.016556,44.239271,7077293
2011-04-05,67.900712,68.640693,67.609461,68.268782,44.406728,8237762
2011-04-06,68.094345,69.257895,67.944157,69.000356,44.886035,6347094
2011-04-07,68.975906,69.284257,68.520325,68.557097,44.601106,7212896
2011-04-08,68.605718,68.764837,68.043805,68.431722,44.522954,13106035
2011-04-11,68.44203,68.608312,67.900917,68.021592,44.266295,12261868
2011-04-12,67.984958,68.049189,67.593735,67.871838,44.172226,12186994
2011-04-13,67.916495,68.099216,67.771538,67.980882,44.246585,11523100
2011-04-14,67.936961,68.432062,67.832276,68.152814,44.36189,12241355
2011-04-15,68.368512,68.89373,68.13091,68.664746,44.698543,7158693
2011-04-18,68.6058,69.579389,68.370709,69.20762,45.062298,6847679
2011-04-19,68.902664,70.43072,68.64589,70.262191,45.752456,7973047
2011-04-20,70.137679,70.266642,69.925005,70.232646,45.736723,11506004
2011-04-21,70.086332,70.521993,69.860163,70.258059,45.75678,6693012
2011-04-25,70.232252,70.58894,69.351217,69.660716,45.381663,5277799
2011-04-26,69.668413,70.122688,69.63858,69.859539,45.514679,12577107
2011-04-27,70.017544,70.453054,69.816254,70.395085,45.867112,15200321
2011-04-28,70.483293,71.051399,70.236583,70.95201,46.23353,11140981
2011-04-29,71.160329,71.365392,70.517575,70.6546,46.043263,10144504
2011-05-02,70.77786,71.100541,70.555566,71.003089,46.281004,8055961
2011-05-03,70.720135,70.896298,70.429163,70.739776,46.112907,4720493
2011-05-04,70.51111,70.829311,70.208169,70.787258,46.147396,9207848
2011-05-05,70.990538,71.268524,70.202292,70.369305,45.878443,4775443
2011-05-06,70.505678,70.755388,70.427889,70.571606,46.013864,14064617
2011-05-09,70.730353,71.093025,70.464956,71.044192,46.332652,5031812
2011-05-10,71.10079,72.097347,70.923222,71.894295,46.890655,10910800
2011-05-11,71.839295,72.735391,71.774003,72.479026,47.27565,9468367
2011-05-12,72.256462,72.695632,72.193868,72.352406,47.196679,8535874
2011-05-13,72.413098,72.533642,72.16677,72.211757,47.108542,7329071
2011-05-16,72.192421,72.982828,71.906549,72.638852,47.398064,8533986
2011-05-17,72.744342,73.50749,72.489597,73.304378,47.835998,5270346
2011-05-18,73.212922,73.358533,72.914666,73.026665,47.658424,7361337
2011-05-19,73.270176,73.543779,72.740851,73.036606,47.668566,6858450
2011-05-20,72.917626,73.758323,72.560093,73.183677,47.768216,9122524
2011-05-23,73.449958,73.517331,72.488638,73.006903,47.663794,10688816
2011-05-24,73.071094,73.184508,72.037038,72.307495,47.210792,17664574
2011-05-25,72.389187,72.750672,71.316035,71.386274,46.612885,8348657
2011-05-26,71.366476,71.604893,71.10206,71.522103,46.705157,5049507
2011-05-27,71.507667,72.231492,71.1137,71.777169,46.875312,6226073
2011-05-31,71.673516,72.133072,71.313898,72.074898,47.084185,8630869
2011-06-01,71.79913,71.842049,71.28757,71.491567,46.706694,5259579
2011-06-02,71.523814,72.75714,71.389476,72.389968,47.297262,7504589
2011-06-03,72.085503,72.674353,71.873488,72.410406,47.314242,8051886
2011-06-06,72.221137,73.426586,71.567825,72.925447,47.661738,6569333
2011-06-07,72.418542,72.816839,72.141376,72.497066,47.385395,12215534
2011-06-08,71.86933,72.889993,71.823362,72.502141,47.392345,7381281
2011-06-09,72.523933,72.718914,72.201563,72.304715,47.266917,10641050
2011-06-10,72.00101,72.115193,71.592067,71.644912,46.839182,9129752
2011-06-13,71.569729,71.923608,70.386931,70.68551,46.222585,10570977
2011-06-14,70.660706,71.565785,70.417913,71.077552,46.482512,5725292
2011-06-15,71.453863,72.092801,70.322237,70.561882,46.148817,10614006
2011-06-16,70.698394,70.778041,70.313728,70.623177,46.192446,6099697
2011-06-17,70.979618,71.180497,70.456674,70.916197,46.387658,6410739
2011-06-20,70.601649,70.783102,70.526597,70.708687,46.262559,8326337
2011-06-21,70.508525,70.860967,70.42024,70.501035,46.130235,8238522
2011-06-22,70.409204,70.778586,70.340183,70.431981,46.088585,4870592
2011-06-23,70.130271,70.748786,69.985097,70.466108,46.114451,6366361
2011-06-24,70.724931,71.187114,70.473083,71.086941,46.524304,7227992
2011-06-27,70.883375,72.121448,70.582527,71.717881,46.948031,5493605
2011-06-28,71.487621,72.296895,71.032028,72.163267,47.243212,6031508
2011-06-29,72.274809,72.532947,72.174035,72.498661,47.466423,7604732
2011-06-30,72.612963,72.913659,72.391592,72.600832,47.53696,12593220
2011-07-01,72.664062,73.196134,71.767562,72.036407,47.171007,8444264
2011-07-05,72.003836,72.065658,71.526478,72.017771,47.173267,6019452
2011-07-06,72.071126,72.162823,71.663851,71.879314,47.086184,5681061
2011-07-07,72.17439,72.335353,71.62238,71.853918,47.073156,9434996
2011-07-08,71.776965,71.987132,71.556228,71.923644,47.122447,9816104
2011-07-11,71.866145,72.246383,71.667345,72.073744,47.23165,11559383
2011-07-12,71.935424,72.229202,71.82082,72.086742,47.243789,7735297
2011-07-13,71.892863,73.621417,71.751442,73.489922,48.16709,7591304
2011-07-14,73.220194,74.121794,73.064092,73.779539,48.360619,4143984
2011-07-15,74.124705,74.677406,74.043644,74.494174,48.832787,5769059
2011-07-18,74.443001,74.668784,74.346529,74.525837,48.86478,5220624
2011-07-19,74.651275,74.953722,74.588014,74.802387,49.049867,7229885
2011-07-20,74.770301,75.384499,74.691496,75.21653,49.325213,10056521
2011-07-21,75.097097,75.897819,74.770274,75.68626,49.637055,7502398
2011-07-22,75.910298,75.959442,74.734029,74.81731,49.070936,8618235
2011-07-25,74.698328,75.374025,74.578389,75.283079,49.387781,4641469
2011-07-26,75.107197,75.354594,74.970055,75.043295,49.23425,9721634
2011-07-27,75.070355,75.312335,74.001769,74.451631,48.849816,7700543
2011-07-28,74.515804,74.571911,74.220602,74.485116,48.875533,5670688
2011-07-29,74.156036,75.169994,73.893758,74.893716,49.147416,9447192
2011-08-01,74.993193,75.234148,74.398222,74.576777,48.950687,18052640
2011-08-02,74.820495,75.211549,74.200301,74.389158,48.831282,11203315
2011-08-03,74.487445,74.613472,73.726762,73.818504,48.460402,9957561
2011-08-04,73.738651,74.560741,73.539536,74.247897,48.746027,10000083
2011-08-05,74.122594,74.801414,73.787087,74.362935,48.825296,9197800
2011-08-08,74.239739,74.537732,73.57043,73.604923,48.338715,9134018
2011-08-09,73.436487,74.122994,73.406058,73.707772,48.40997,6058900
2011-08-10,73.80329,73.95243,73.408384,73.704124,48.411285,6562896
2011-08-11,73.87615,74.480017,73.841205,74.332363,48.827676,6238083
2011-08-12,74.263945,75.111777,74.020139,74.750979,49.106422,8029213
2011-08-15,74.769452,75.361796,74.568808,75.248431,49.444585,7960899
2011-08-16,75.289236,75.345525,75.122096,75.294458,49.478622,10577846
2011-08-17,75.244006,75.500072,75.163494,75.277244,49.471102,6769747
2011-08-18,75.018456,75.480226,74.987459,75.354904,49.525935,4461388
2011-08-19,75.570149,76.043952,75.304347,75.813743,49.83132,13383128
2011-08-22,75.798381,76.447414,75.453452,76.321293,50.176464,11373691
2011-08-23,76.696847,76.824633,75.145032,75.277668,49.494141,7616696
2011-08-24,75.236345,76.14666,74.880049,75.79431,49.837647,13398416
2011-08-25,76.131722,76.428852,75.533183,75.633053,49.735427,4743406
2011-08-26,75.914793,76.735056,75.622222,76.550901,50.342852,9656470
2011-08-29,76.743363,78.239315,76.424296,77.696761,51.108167,4592294
2011-08-30,77.590292,77.994851,77.548563,77.617006,51.059619,6394441
2011-08-31,77.57396,77.671648,76.690193,77.203115,50.791238,7334014
2011-09-01,77.347789,77.676397,76.265643,76.497268,50.330726,12454367
2011-09-02,76.39048,77.220677,76.237598,76.75509,50.504229,5238376
2011-09-06,76.731425,76.912179,75.737843,75.858358,49.929495,7989394
2011-09-07,75.684706,76.090372,75.506909,76.037319,50.051122,8992664
2011-09-08,75.854687,77.044133,75.276703,76.603102,50.427411,6615852
2011-09-09,76.708233,77.046119,75.734569,75.875921,49.952541,7050434
2011-09-12,76.077002,76.568641,75.669526,75.839844,49.940274,7471630
2011-09-13,75.881721,75.956865,75.279994,75.354306,49.624353,4473441
2011-09-14,75.6231,75.702502,74.5756,75.034558,49.417572,4918894
2011-09-15,74.785896,74.913844,74.294966,74.831653,49.287718,5350886
2011-09-16,74.717484,74.934637,74.568406,74.811808,49.278424,6196837
2011-09-19,75.05014,75.431241,73.674843,74.070207,48.801154,8793353
2011-09-20,73.715436,74.333135,73.536463,73.864659,48.66946,6122357
2011-09-21,73.947398,74.276693,73.070663,73.354497,48.33702,5432048
2011-09-22,73.422272,73.460524,72.520131,72.738788,47.934972,10750453
2011-09-23,72.669707,72.971697,72.181165,72.745416,47.943015,7638867
2011-09-26,72.69631,72.856814,72.293025,72.409653,47.732706,7572599
2011-09-27,72.415395,72.740359,72.257159,72.363711,47.706078,6558448
2011-09-28,72.111229,72.438925,71.96536,72.305108,47.671098,8030907
2011-09-29,72.27009,72.517998,71.900024,71.946732,47.438455,5246227
2011-09-30,72.097995,72.246249,71.934247,72.182524,47.597575,11513263
2011-10-03,72.168302,72.403164,71.768346,71.928344,47.440876,8441009
2011-10-04,71.707684,71.981842,71.564569,71.652757,47.262734,3935136
2011-10-05,71.494722,71.740732,70.342545,70.405559,46.443632,6364897
2011-10-06,70.432738,70.893434,70.057888,70.864282,46.749817,5748596
2011-10-07,70.857149,71.633582,70.661791,71.346986,47.071869,8342889
2011-10-10,71.08038,71.169959,70.407647,71.011024,46.860991,9676795
2011-10-11,71.106618,71.291406,70.250271,70.292576,46.390435,6454936
2011-10-12,70.39594,70.955334,69.058842,69.573489,45.919385,6511408
2011-10-13,69.308622,70.498466,69.021786,70.400003,46.468456,8603126
2011-10-14,70.398695,70.506235,69.740354,69.771048,46.056837,7975992
2011-10-17,69.300589,69.423142,68.764116,68.939405,45.518325,7047023
2011-10-18,69.063907,69.190327,67.937562,68.279957,45.086371,5840482
2011-10-19,68.11418,68.560257,68.031012,68.501664,45.236235,7918363
2011-10-20,68.597178,68.964446,68.121496,68.346293,45.137093,6961780
2011-10-21,68.240633,68.916682,68.150307,68.696832,45.372073,14572532
2011-10-24,68.59531,68.900722,67.554972,67.94207,44.883898,5361163
2011-10-25,68.14579,68.300522,67.699574,67.912557,44.867841,10299443
2011-10-26,68.24879,68.333103,67.370457,67.797263,44.795103,8972730
2011-10-27,67.819708,68.353742,67.639093,68.293833,45.126657,10794410
2011-10-28,68.185124,68.290629,67.66707,67.883651,44.859059,9022618
2011-10-31,67.48602,68.148314,67.426247,68.01158,44.953935,5163743
2011-11-01,67.881938,68.240579,67.803571,68.173229,45.064235,9846461
2011-11-02,68.304783,68.565647,67.502132,67.910189,44.8938,5580901
2011-11-03,68.052602,68.52019,67.939541,68.330907,45.175389,10991208
2011-11-04,68.381314,68.661131,68.268296,68.490037,45.284066,8533860
2011-11-07,68.296531,68.624144,67.97398,68.014198,44.979795,8998802
2011-11-08,67.901704,68.033254,67.65772,67.811323,44.849066,12223848
2011-11-09,68.053551,68.114293,67.566595,67.699499,44.778541,8013230
2011-11-10,67.73811,67.815363,66.815831,66.945767,44.283394,8514197
2011-11-11,66.949528,67.902958,66.773362,67.730617,44.805992,8425913
2011-11-14,68.049417,68.449286,67.841055,68.3738,45.241882,8219184
2011-11-15,68.202695,68.600625,68.173626,68.559598,45.3683,9324877
2011-11-16,68.1991,68.541399,67.84487,68.263074,45.175542,8104168
2011-11-17,68.093207,68.380707,68.014479,68.049801,45.037853,6696361
2011-11-18,67.993834,68.411573,67.732057,68.377239,45.258033,8446170
2011-11-21,68.575519,69.010819,68.234504,68.910645,45.621578,11362498
2011-11-22,68.998284,69.082222,68.622762,68.810081,45.558494,7188243
2011-11-23,68.871866,69.386983,68.714684,69.221772,45.834584,9149463
2011-11-25,68.851074,69.411757,68.497531,69.009362,45.700945,11068097
2011-11-28,69.171665,69.324048,68.403085,68.659877,45.479959,10181719
2011-11-29,68.642544,69.297804,68.455069,69.225295,45.858004,6963063
2011-11-30,69.33688,70.116651,69.259163,69.845038,46.272098,9744521
2011-12-01,70.015513,70.125006,69.74705,70.049887,46.411368,7577747
2011-12-02,69.799951,70.012204,69.392526,69.944987,46.345419,14056966
2011-12-05,69.800317,70.467657,69.693161,70.421843,46.672115,8280226
2011-12-06,70.80913,70.935763,69.726506,69.796176,46.261,10473799
2011-12-07,69.838979,70.231743,69.487339,69.817271,46.27853,7810777
2011-12-08,69.740228,70.100724,69.689499,69.846247,46.301286,9050034
2011-12-09,69.870229,69.956861,69.518966,69.667777,46.186518,7873775
2011-12-12,69.704135,70.19275,68.416529,68.814737,45.631485,4856081
2011-12-13,68.649728,68.828197,68.023626,68.130205,45.181031,11303199
2011-12-14,67.878422,68.015001,67.638325,67.801325,44.966379,9947820
2011-12-15,67.793551,67.948995,67.616,67.700486,44.902944,6884765
2011-12-16,67.700162,67.880348,67.428053,67.737626,44.931021,9196985
2011-12-19,67.388183,68.898676,67.240262,68.359933,45.354233,8099868
2011-12-20,68.343592,68.650844,68.087834,68.299646,45.317709,9277941
2011-12-21,68.146624,69.24582,67.775957,68.777228,45.638089,7474199
2011-12-22,68.818005,69.253228,68.679321,69.182023,45.910216,10288592
2011-12-23,69.387218,69.638458,68.849335,69.232959,45.94754,8110557
2011-12-27,69.069848,69.693085,68.75626,69.506887,46.143484,4881276
2011-12-28,69.274406,69.522017,68.867045,69.477343,46.127407,5045969
2011-12-29,69.391197,69.969914,69.279589,69.77712,46.329986,13589759
2011-12-30,69.67141,70.24192,69.355374,70.20815,46.619751,8670171
2012-01-03,70.151589,70.182776,69.516929,69.605319,46.233633,6133878
2012-01-04,69.701923,69.771176,69.538775,69.72009,46.313417,9971957
2012-01-05,69.791055,70.298972,69.527183,70.103784,46.571866,8956776
2012-01-06,70.277627,70.487993,69.298318,69.692066,46.3019,5005017
2012-01-09,69.553573,69.707985,69.184962,69.442341,46.146599,11785643
2012-01-10,69.218006,70.234121,69.117836,70.06326,46.562789,10330975
2012-01-11,70.020984,70.142729,69.639906,70.111431,46.598375,9982475
2012-01-12,70.074016,70.718743,69.818642,70.672641,46.974974,5744556
2012-01-13,70.605018,70.926675,69.650531,70.038777,46.557223,5835004
2012-01-17,70.096047,70.189552,69.649382,69.766407,46.390393,9624598
2012-01-18,69.81627,69.988638,69.142683,69.492318,46.211683,9358242
2012-01-19,69.64226,70.17986,69.540513,69.602816,46.288711,8986931
2012-01-20,69.553974,70.19025,69.118842,70.115633,46.63333,13501046
2012-01-23,69.985035,70.127185,69.738982,69.950981,46.534522,3973401
2012-01-24,70.315924,70.361331,69.623206,69.799402,46.437245,10169479
2012-01-25,69.59417,69.742737,69.403009,69.55888,46.280775,9096028
2012-01-26,69.535052,69.622736,68.911996,69.016601,45.923491,13086843
2012-01-27,69.068894,69.887295,68.822082,69.58885,46.307814,5197677
2012-01-30,69.297701,69.611238,69.068665,69.521479,46.273623,9084064
2012-01-31,69.626051,69.658047,69.471225,69.599058,46.328811,4268040
2012-02-01,69.681784,69.741748,69.028818,69.136264,46.024279,8053202
2012-02-02,69.309593,69.654014,68.47039,68.706222,45.741505,8585101
2012-02-03,68.53615,68.830925,68.3492,68.635574,45.697973,8323942
2012-02-06,68.659937,68.814514,68.250778,68.644191,45.714223,10971116
2012-02-07,68.783944,68.814206,68.206807,68.271177,45.469297,10281328
2012-02-08,68.260867,68.480212,67.594777,67.970746,45.272677,5745855
2012-02-09,68.213777,68.483233,68.01483,68.40249,45.563738,6183415
2012-02-10,68.645992,68.744422,68.171328,68.20842,45.437948,10199474
2012-02-13,68.111273,68.285368,67.550723,67.613348,45.051893,6785819
2012-02-14,67.403861,67.763233,66.817733,67.34032,44.87341,6160916
2012-02-15,67.238122,67.619028,67.060746,67.203519,44.785683,9945328
2012-02-16,67.08526,67.663365,67.001656,67.430948,44.940691,4218713
2012-02-17,67.508583,67.742686,67.190762,67.332817,44.87873,8707390
2012-02-21,67.377966,67.50459,67.133509,67.390589,44.931012,9016687
2012-02-22,67.049431,67.147423,66.581873,66.697886,44.472578,9150633
2012-02-23,66.758739,67.486562,66.674347,67.107739,44.749289,12498213
2012-02-24,67.056937,67.580613,66.82287,67.475977,44.99829,5997656
2012-02-27,67.256451,67.63703,66.794073,67.009727,44.697636,19733111
2012-02-28,67.044668,67.478506,66.555228,66.726766,44.512304,11591604
2012-02-29,66.909628,67.119272,66.576684,67.006244,44.702165,8718603
2012-03-01,67.015732,67.468952,66.804657,67.24077,44.862065,8699082
2012-03-02,67.257247,67.810319,67.157022,67.748585,45.204337,9219294
2012-03-05,67.991701,68.028444,67.526488,67.671637,45.16338,8441000
2012-03-06,67.697452,67.960321,66.452232,66.816923,44.596371,8391322
2012-03-07,66.689816,66.834923,66.348935,66.528592,44.407331,10578467
2012-03-08,66.59624,67.177066,66.548547,66.891764,44.653169,13298147
2012-03-09,66.988277,67.211045,66.457059,66.853739,44.631207,6901306
2012-03-12,66.925233,67.496152,66.807387,67.231441,44.893682,7725884
2012-03-13,66.882565,67.887373,66.626036,67.732007,45.231401,9143315
2012-03-14,67.632545,68.455781,67.339847,68.118636,45.493079,8673383
2012-03-15,68.254327,69.130552,68.037072,68.632712,45.839919,5805804
2012-03-16,69.138893,69.574346,68.09084,68.73872,45.914242,12088916
2012-03-19,68.569717,69.012556,68.474639,68.601035,45.832814,6585499
2012-03-20,68.562856,68.842349,68.519247,68.69033,45.895991,7032134
2012-03-21,68.746652,69.009939,68.586916,68.835369,45.996426,9502000
2012-03-22,68.962719,69.094601,68.528206,68.805206,45.979795,6723581
2012-03-23,68.679669,69.003847,68.274086,68.914545,46.056392,9779363
2012-03-26,69.00093,69.193558,68.790423,69.009934,46.13075,5081762
2012-03-27,68.935956,69.593953,68.810073,69.37247,46.376648,6104039
2012-03-28,69.158556,70.436169,69.069557,70.348935,47.033037,11249032
2012-03-29,70.224729,71.234679,70.080582,70.948761,47.437698,8027546
2012-03-30,70.792244,71.975878,70.735958,71.851051,48.044669,8730657
2012-04-02,71.810774,72.813993,71.579804,72.56944,48.536195,7339448
2012-04-03,72.280986,73.451787,71.711967,73.297581,49.026951,9028230
2012-04-04,73.264288,73.30804,72.896058,73.139028,48.92465,8286361
2012-04-05,73.239082,73.786116,73.163978,73.604831,49.240012,5902079
2012-04-09,73.713495,74.569109,73.522711,74.493542,49.849824,14331290
2012-04-10,74.600675,75.004012,74.275783,74.440022,49.817829,6352361
2012-04-11,74.529939,75.295746,73.732205,73.942818,49.488876,9521139
2012-04-12,74.017474,75.070462,73.837396,74.596602,49.930272,6410613
2012-04-13,75.017509,75.321516,74.56085,74.956187,50.174802,6961356
2012-04-16,74.90017,75.48218,74.611012,75.302053,50.417914,9345000
2012-04-17,75.324164,75.759082,75.139245,75.463522,50.529898,6413640
2012-04-18,75.406233,75.661499,74.513337,74.752752,50.057808,6905733
2012-04-19,74.963336,75.448724,74.722495,74.907009,50.164951,5767140
2012-04-20,74.772173,75.207105,74.191863,75.045548,50.261583,11061380
2012-04-23,75.156769,75.483472,74.927385,75.168319,50.355388,15227509
2012-04-24,74.89224,75.887151,74.570442,75.262922,50.422628,8448914
2012-04-25,75.268816,75.510877,74.796954,75.121076,50.331456,7702393
2012-04-26,75.012839,75.133618,74.353711,74.638381,50.011882,8580412
2012-04-27,74.611376,75.211457,74.45281,74.931461,50.212111,6788133
2012-04-30,75.216197,75.453562,75.102586,75.175517,50.387242,10760003
2012-05-01,75.186666,75.353634,74.917928,75.097532,50.33883,9525954
2012-05-02,75.225542,75.383431,74.486474,74.865407,50.187081,7695534
2012-05-03,74.865476,75.340314,74.505471,74.672558,50.061639,9364454
2012-05-04,74.466696,75.337818,74.407462,75.148087,50.384303,4835925
2012-05-07,75.375142,75.644862,75.128781,75.282216,50.485842,5734458
2012-05-08,75.363538,76.044056,75.290046,75.774783,50.820064,4807706
2012-05-09,75.82475,76.310583,75.50265,75.874955,50.891147,7208624
2012-05-10,76.004733,76.203774,74.753365,74.859583,50.213962,10478058
2012-05-11,74.793577,74.868889,74.724137,74.828137,50.196717,8171788
2012-05-14,74.807663,75.024042,74.77485,74.906526,50.26086,4937586
2012-05-15,75.072198,75.233073,74.840116,74.987391,50.318976,8454464
2012-05-16,74.840731,76.069825,74.514254,75.656207,50.771665,6059333
2012-05-17,75.603293,76.267266,75.291594,75.981722,50.994022,7836876
2012-05-18,76.16155,76.732372,75.830765,76.293805,51.207398,8562079
2012-05-21,76.038164,77.027973,75.956118,76.802802,51.560886,9332080
2012-05-22,76.861031,77.424027,76.481523,76.587785,51.420479,9285694
2012-05-23,76.498482,76.75356,76.301674,76.517053,51.376928,7892587
2012-05-24,76.144866,77.231384,76.11429,77.067024,51.75017,7635296
2012-05-25,76.722051,77.667071,76.690011,77.52255,52.060044,9643954
2012-05-29,77.932767,78.259311,77.692298,77.939533,52.35612,9067332
2012-05-30,78.106779,78.553895,77.932242,78.389166,52.662199,7241667
2012-05-31,78.681064,79.155311,78.494494,79.013537,53.085723,10558758
2012-06-01,78.822519,79.501004,78.704761,79.165273,53.191746,3816189
2012-06-04,79.15417,79.952966,78.865196,79.735676,53.587327,7393105
2012-06-05,79.455281,79.65791,79.074317,79.461287,53.407014,7285743
2012-06-06,79.128175,79.226922,78.549522,78.798106,52.965341,7791041
2012-06-07,78.739054,79.072296,78.661529,79.034717,53.128456,5250864
2012-06-08,78.853736,79.489847,78.804532,79.373714,53.360426,7065723
2012-06-11,79.30038,79.601292,79.07022,79.525999,53.475099,7607211
2012-06-12,79.679019,79.736658,78.930171,79.050434,53.159393,6079741
2012-06-13,79.196875,79.442407,79.099478,79.187652,53.255751,10466272
2012-06-14,78.917306,78.957599,78.132182,78.466624,52.774886,7934005
2012-06-15,78.276582,78.362796,77.612177,77.859806,52.370769,7572116
2012-06-18,78.060036,78.415187,77.024699,77.384061,52.062741,6130391
2012-06-19,77.262978,77.767305,76.568967,76.985769,51.798748,4136270
2012-06-20,76.715891,77.33285,76.322672,77.233262,51.969253,5698180
2012-06-21,77.334666,78.087718,77.101711,78.056118,52.526969,9689966
2012-06-22,78.160805,78.795422,77.832149,78.744208,52.994073,11659985
2012-06-25,78.723691,79.039052,78.576397,78.681621,52.964132,8785580
2012-06-26,78.529063,79.677706,78.444491,79.378208,53.437132,7208911
2012-06-27,79.370847,80.520057,79.163836,80.375866,54.1129,8308223
2012-06-28,80.215777,80.71122,79.754208,79.960265,53.837225,8653241
2012-06-29,80.465079,80.758825,80.19592,80.361332,54.111411,9527606
2012-07-02,80.59471,82.7263,80.230797,82.271234,55.410188,8771303
2012-07-03,82.543109,82.663876,81.65056,82.193624,55.362161,9006957
2012-07-05,81.984434,82.529266,81.208402,82.142506,55.336213,3708162
2012-07-06,82.038931,84.110087,81.632106,83.560138,56.295533,7456323
2012-07-09,83.475947,83.877212,82.089819,82.258438,55.431307,9627367
2012-07-10,82.290185,83.753517,81.70196,83.459977,56.245297,8095227
2012-07-11,83.023268,84.415416,82.50723,83.460288,56.249819,7548729
2012-07-12,82.868621,84.735846,82.369756,84.664563,57.06584,7754474
2012-07-13,84.516812,85.281139,82.158043,82.751493,55.780663,8799690
2012-07-16,83.076604,83.261927,81.770556,82.07036,55.334253,9877057
2012-07-17,82.412736,82.623072,81.558557,82.049312,55.324303,5503187
2012-07-18,81.886625,82.061196,80.459044,81.076583,54.672601,9658406
2012-07-19,81.694516,82.021889,80.373528,80.419436,54.233623,13715818
2012-07-20,79.837896,80.324063,78.305538,78.861094,53.186778,10194103
2012-07-23,78.61219,78.769041,77.113689,77.485573,52.271097,9901479
2012-07-24,77.640078,77.957586,76.758272,77.233077,52.104759,8198952
2012-07-25,77.253144,77.507364,76.700808,77.050374,51.985485,8643549
2012-07-26,76.806419,77.672736,76.506712,77.281684,52.145546,7645772
2012-07-27,77.504195,77.849765,76.236234,76.816296,51.835501,5553834
2012-07-30,76.799423,77.679743,75.82445,76.240369,51.458699,5241396
2012-07-31,75.761517,76.644127,75.523073,76.499442,51.63752,7597855
2012-08-01,76.63856,79.209755,76.484764,78.609393,53.065816,5199105
2012-08-02,78.389317,79.79934,78.217774,79.538865,53.697379,8713057
2012-08-03,80.041245,80.304328,78.849558,79.376942,53.592171,8864115
2012-08-06,79.474135,80.703948,79.095225,79.790562,53.883822,7241960
2012-08-07,79.848179,80.196996,79.569155,79.773966,53.876744,8963245
2012-08-08,79.834793,79.901622,79.290546,79.492313,53.690641,5274298
2012-08-09,79.354099,80.551362,78.868104,80.478283,54.360751,12824397
2012-08-10,80.248368,80.405045,79.762328,80.157142,54.14798,7228747
2012-08-13,80.451181,80.866987,77.658486,77.710566,52.507336,6591815
2012-08-14,77.744099,77.811694,77.126631,77.747672,52.536435,6713816
2012-08-15,77.580363,77.643462,76.75599,77.351658,52.272844,6400265
2012-08-16,76.852914,77.362514,76.781887,76.85418,51.940639,7786224
2012-08-17,76.888039,77.44736,76.696953,76.841759,51.936226,10220645
2012-08-20,76.869735,77.423308,75.339153,75.432012,50.995125,7607019
2012-08-21,74.737352,74.929223,74.025152,74.142668,50.127318,9122952
2012-08-22,74.014991,74.325078,73.827499,74.212159,50.178147,10813320
2012-08-23,74.41077,74.598779,73.96605,74.240497,50.201156,6072819
2012-08-24,74.202347,74.554623,73.240216,73.40701,49.64136,16558601
2012-08-27,73.195581,73.711907,72.884929,73.476524,49.699797,5741444
2012-08-28,73.512069,73.617963,73.196365,73.228363,49.535738,9879374
2012-08-29,73.014224,73.295314,72.714767,73.116424,49.463808,6401377
2012-08-30,73.181055,73.973504,72.974244,73.748214,49.895044,9957139
2012-08-31,74.004261,74.200986,73.309731,73.646545,49.830078,12948627
2012-09-04,73.787299,73.913142,73.236419,73.327255,49.629259,8731599
2012-09-05,73.353882,73.507458,72.98431,73.154558,49.51617,8714795
2012-09-06,73.085723,73.87906,73.039031,73.775351,49.940195,9716518
2012-09-07,73.549504,75.117796,73.170907,74.810047,50.644486,4321766
2012-09-10,74.590631,75.759338,74.378684,75.71011,51.265594,6575499
2012-09-11,75.639797,76.931431,75.491986,76.396545,51.734366,7781994
2012-09-12,76.263038,78.032318,76.22597,77.360661,52.391264,6563956
2012-09-13,77.033795,78.189039,76.703526,77.86463,52.736612,5908096
2012-09-14,77.76034,78.896839,76.891554,78.359157,53.075616,10856002
2012-09-17,78.138409,78.772204,77.841817,78.392776,53.110601,8842907
2012-09-18,78.501377,78.615657,77.429269,77.51646,52.520928,8888420
2012-09-19,77.407392,77.567529,76.549574,76.928963,52.126868,7594543
2012-09-20,76.80338,77.042723,76.189099,76.584025,51.897117,9348585
2012-09-21,76.501189,77.445644,76.284677,77.245921,52.349664,7443901
2012-09-24,77.094603,79.07114,77.052546,78.914329,53.492647,7426719
2012-09-25,78.645828,79.293688,78.440543,79.164869,53.666591,7061256
2012-09-26,79.279755,79.635426,77.869048,77.905259,52.816739,6045207
2012-09-27,77.661825,78.872307,77.536508,78.561783,53.26592,12583368
2012-09-28,78.398413,80.287193,77.973901,80.10325,54.315218,7839148
2012-10-01,80.052888,80.945345,79.625273,80.693178,54.727813,8675531
2012-10-02,80.478401,80.769634,80.21354,80.567594,54.646828,8784444
2012-10-03,80.565211,80.804647,79.964966,80.6709,54.721092,9280617
2012-10-04,80.632223,82.008712,80.580018,81.899467,55.558719,8553972
2012-10-05,81.839007,82.82955,81.132069,82.674325,56.088665,4768349
2012-10-08,82.721451,82.763519,82.135797,82.492657,55.978288,8784959
2012-10-09,82.329957,82.528247,81.89219,82.006013,55.652325,8151953
2012-10-10,82.330148,82.766257,81.45663,82.024668,55.669253,5059639
2012-10-11,82.640359,82.700829,82.120008,82.237758,55.818153,8924142
2012-10-12,81.991753,82.099122,81.669052,81.945475,55.624032,7085904
2012-10-15,81.847412,82.181578,81.811129,82.121312,55.756211,7279153
2012-10-16,82.277804,82.569051,81.377675,81.606203,55.410725,7256712
2012-10-17,81.323473,82.069416,80.408323,80.521369,54.678313,8577194
2012-10-18,80.160602,80.565475,79.840786,80.26191,54.506305,9980962
2012-10-19,80.072434,80.429896,78.478944,78.936746,53.610488,7587948
2012-10-22,78.621529,80.371793,78.269964,79.990491,54.338642,7200130
2012-10-23,80.436448,81.196245,79.942668,80.84035,54.920174,10225929
2012-10-24,80.854337,81.082949,80.620734,80.695211,54.825774,8923160
2012-10-25,80.333844,80.743849,79.68511,80.569385,54.744482,15835512
2012-10-26,80.411429,80.784281,80.200915,80.477873,54.686494,8326733
2012-10-29,80.754177,80.848121,79.985267,80.174439,54.492835,7519895
2012-10-30,80.302961,80.631595,79.450599,79.705839,54.178491,6777601
2012-10-31,79.69291,79.820686,79.318331,79.369154,53.953772,8274928
2012-11-01,79.448776,79.902893,78.299584,78.966075,53.683881,5972229
2012-11-02,79.082159,79.299048,78.9791,79.044529,53.741336,6807365
2012-11-05,79.16381,79.443616,77.454276,77.943151,53.004713,11920878
2012-11-06,78.116977,78.445674,77.037622,77.160652,52.476602,13648060
2012-11-07,76.874738,77.659102,76.729661,77.353466,52.611767,12702024
2012-11-08,77.078669,77.372324,76.361228,76.859706,52.279945,7426780
2012-11-09,76.795873,76.895164,76.041131,76.206087,51.839327,7084937
2012-11-12,76.044158,76.174169,75.561935,75.654188,51.475734,7557653
2012-11-13,75.671461,75.842409,75.594311,75.811108,51.586458,7736147
2012-11-14,76.132605,76.232168,74.617378,75.260327,51.2156,7865717
2012-11-15,75.277854,76.180954,75.229079,76.008319,51.728583,10489919
2012-11-16,76.059742,77.471402,75.918061,77.027762,52.426398,8106768
2012-11-19,77.023536,77.112999,76.508238,76.711271,52.222998,6196647
2012-11-20,76.918925,77.477755,76.42765,77.161821,52.533748,4931796
2012-11-21,77.390801,77.804774,76.999329,77.725265,52.921412,9496980
2012-11-23,77.790371,78.420746,77.195213,78.220079,53.266486,6016340
2012-11-26,78.088048,78.690188,77.357297,77.613651,52.865675,4857929
2012-11-27,77.848213,77.978337,77.054408,77.183148,52.576474,11480648
2012-11-28,77.171275,77.959371,77.085948,77.85166,53.035924,11199376
2012-11-29,77.667424,79.313777,77.502826,78.762906,53.660818,13755288
2012-11-30,78.839432,78.937491,78.455799,78.497776,53.484286,10999705
2012-12-03,78.363372,78.399235,77.527174,77.743601,52.982614,17384309
2012-12-04,77.638146,78.425113,77.602029,78.160268,53.270658,8495915
2012-12-05,78.259021,79.719606,78.200326,79.262225,54.025845,14332141
2012-12-06,79.236152,79.395414,78.413021,78.711878,53.654837,14843094
2012-12-07,78.912852,79.779989,78.587024,79.702514,54.33428,9076118
2012-12-10,79.751566,80.391728,79.700762,80.096522,54.615439,5479865
2012-12-11,80.190072,80.767276,79.605744,80.7327,55.053451,7592619
2012-12-12,80.914747,81.411292,80.443171,80.79694,55.101481,7070619
2012-12-13,80.838994,81.759107,80.552064,81.702764,55.723502,11425876
2012-12-14,81.87961,82.816499,81.555451,82.593885,56.33559,12699350
2012-12-17,82.695758,82.919328,82.376239,82.566003,56.329525,9801415
2012-12-18,82.709029,82.914413,80.554447,80.931816,55.218856,8380202
2012-12-19,81.265117,81.819454,81.187557,81.310656,55.481587,6697381
2012-12-20,81.322283,81.686896,81.080842,81.575992,55.666904,6809310
2012-12-21,81.198193,81.392719,80.194603,80.575243,54.988215,11192396
2012-12-24,80.384279,80.63948,79.028065,79.423949,54.214986,9192597
2012-12-26,79.388216,79.846689,78.640196,79.170987,54.050601,10076456
2012-12-27,79.331929,79.992348,78.218817,78.306506,53.464511,8773118
2012-12-28,78.898979,79.287448,77.227287,77.590341,52.979605,5517297
2012-12-31,77.714554,78.258929,76.538456,77.050892,52.623363,7491243
2013-01-02,77.004927,79.017226,76.383707,78.746599,53.789724,14537439
2013-01-03,78.536806,78.765745,77.137473,77.618439,53.023173,6644655
2013-01-04,77.644905,79.13031,77.377377,78.95518,53.94047,6793303
2013-01-07,78.404672,79.705748,78.247237,79.586138,54.384033,5584824
2013-01-08,79.567081,79.636836,78.435428,78.794315,53.84708,6516896
2013-01-09,78.789693,79.127505,78.396353,78.612466,53.726925,9674827
2013-01-10,78.604854,78.820213,77.932854,78.28568,53.507688,7509365
2013-01-11,78.644538,79.042241,77.293654,77.659816,53.083984,8680576
2013-01-14,78.015706,78.257036,77.263449,77.32129,52.864742,4216020
2013-01-15,77.016962,79.678577,76.806003,79.098392,54.083897,5125129
2013-01-16,79.676339,79.959573,77.315154,77.786846,53.191199,8587290
2013-01-17,77.63756,79.860023,77.23974,79.298214,54.22884,9742015
2013-01-18,78.875941,80.068245,78.352158,79.818599,54.588895,9863552
2013-01-22,79.948115,80.158242,79.882551,80.103373,54.800457,7337713
2013-01-23,79.815712,81.027751,79.702107,80.313083,54.948136,5864076
2013-01-24,80.085116,80.927252,79.249788,79.376847,54.31175,4903196
2013-01-25,79.233375,79.303234,78.18215,78.523481,53.731974,8772665
2013-01-28,78.791912,79.0639,77.102085,77.148427,52.803196,7743600
2013-01-29,77.326181,77.369131,77.063646,77.255609,52.880609,9726523
2013-01-30,77.120989,77.578629,75.963399,76.355647,52.268601,7163147
2013-01-31,76.175464,76.87243,75.930535,76.449545,52.33689,10081078
2013-02-01,76.418254,77.304193,76.373056,76.729882,52.532834,8715569
2013-02-04,77.011989,77.54402,76.298941,76.629254,52.476006,8958935
2013-02-05,76.550731,76.594739,76.471603,76.545466,52.422647,6076077
2013-02-06,76.624648,77.23467,76.441944,76.889778,52.662488,8877398
2013-02-07,76.820351,76.961955,76.48322,76.900589,52.67393,7435933
2013-02-08,76.892362,77.530786,76.531395,76.948554,52.710825,10457088
2013-02-11,76.788755,77.827626,76.482064,77.279685,52.949831,10917871
2013-02-12,77.306891,77.475054,76.824466,77.179619,52.885322,6736472
2013-02-13,77.454841,77.852555,76.981937,77.182032,52.89103,14046659
2013-02-14,77.417714,77.535461,77.206722,77.422709,53.060028,8849420
2013-02-15,77.114626,77.449367,77.075639,77.213472,52.920689,10752108
2013-02-19,77.357656,77.678779,76.05065,76.469432,52.426811,8301750
2013-02-20,76.400774,76.54806,76.100778,76.190458,52.239553,9021200
2013-02-21,76.164231,76.789542,75.895394,76.665374,52.569206,7457401
2013-02-22,76.687272,76.81284,76.319592,76.360367,52.364078,6773342
2013-02-25,76.511789,76.728189,75.67402,75.822159,52.006961,6618718
2013-02-26,75.89505,76.999665,75.471733,76.785118,52.671499,6896995
2013-02-27,76.951665,78.412279,76.652433,77.94672,53.47241,8841179
2013-02-28,78.315765,78.556041,77.459091,77.69289,53.302366,8646815
2013-03-01,77.592082,77.902886,77.130508,77.533767,53.197275,8037803
2013-03-04,77.837049,78.14643,77.229193,77.447472,53.150289,9046582
2013-03-05,77.618183,78.111244,76.730312,76.789537,52.702804,8956900
2013-03-06,76.514232,77.436615,76.367237,77.134016,52.943288,7316069
2013-03-07,77.013503,77.368964,76.866353,77.040851,52.883395,3769892
2013-03-08,77.290321,77.502094,77.047907,77.439604,53.161188,7222305
2013-03-11,77.465375,78.482632,77.097511,77.914537,53.499525,6387231
2013-03-12,78.019201,78.31723,76.645206,76.785221,52.72813,5423538
2013-03-13,76.809095,77.797434,76.761752,77.461499,53.196605,8380787
2013-03-14,77.200036,78.89763,77.106339,78.568074,53.960681,9280401
2013-03-15,78.406526,78.873405,78.176809,78.219966,53.725718,12473122
2013-03-18,78.362299,78.57081,77.993992,78.307934,53.79851,9564396
2013-03-19,78.374009,79.041284,78.246543,78.566076,53.979995,9169975
2013-03-20,78.901251,79.255208,77.665085,78.367802,53.847896,8008928
2013-03-21,78.386119,78.475759,77.729639,77.80297,53.463888,5512268
2013-03-22,77.852722,78.380207,77.550714,78.239325,53.76786,6822602
2013-03-25,77.840519,79.564846,77.782052,79.118955,54.384868,6108017
2013-03-26,79.069483,79.336834,78.815002,79.102884,54.377989,7495579
2013-03-27,78.879544,79.758668,78.595558,79.674209,54.774936,6675489
2013-03-28,79.75026,81.246545,79.673124,80.568915,55.394281,6310784
2013-04-01,80.547081,81.601,80.330015,81.370323,55.962438,8809123
2013-04-02,81.41506,81.908037,81.268839,81.302577,55.920132,9751279
2013-04-03,81.258544,82.127479,80.889234,81.990079,56.397321,8439539
2013-04-04,81.771554,82.382488,81.737555,82.182047,56.533701,10171514
2013-04-05,82.398514,82.790411,81.532349,81.649722,56.171817,4331016
2013-04-08,81.414326,81.646313,80.901734,81.276693,55.928048,7372382
2013-04-09,81.433308,82.301528,81.313692,82.136756,56.524206,4931573
2013-04-10,82.483155,82.555391,82.29899,82.428791,56.729526,5608729
2013-04-11,82.490808,82.967466,82.397404,82.740011,56.94808,11286996
2013-04-12,82.918639,83.4691,82.253898,82.913137,57.071614,7633601
2013-04-15,82.788915,84.220839,82.390365,84.009522,57.839589,5902829
2013-04-16,83.776846,84.400755,83.601322,84.297578,58.042362,5346930
2013-04-17,84.538853,84.685786,84.123726,84.212003,57.987885,9319404
2013-04-18,84.329935,84.658736,83.57498,83.661478,57.613213,10584408
2013-04-19,83.831338,84.793506,83.610784,84.687728,58.324408,5575859
2013-04-22,84.2475,86.029861,83.680836,85.876521,59.156733,9559829
2013-04-23,86.240617,86.34233,85.124818,85.260156,58.736647,9301341
2013-04-24,85.154303,86.203159,84.897253,86.022054,59.26607,9966016
2013-04-25,85.832726,87.44195,85.633145,87.229172,60.102338,7626244
2013-04-26,86.990534,87.198418,86.221353,86.260308,59.439331,6285002
2013-04-29,86.230206,86.500885,84.705792,84.892796,58.510475,6640450
2013-04-30,85.357166,85.599844,85.264371,85.347595,58.828445,6422928
2013-05-01,85.461751,86.464232,85.138686,86.026095,59.300667,3742828
2013-05-02,85.928123,86.799112,85.589307,86.580025,59.687086,10054556
2013-05-03,86.906195,86.947391,85.879925,86.499919,59.636433,5312781
2013-05-06,86.204851,86.675994,85.869917,86.408814,59.587324,9089095
2013-05-07,86.517452,86.627998,85.388308,85.988387,59.301945,5991848
2013-05-08,85.801852,86.29859,85.130798,85.865944,59.222042,9723101
2013-05-09,85.678042,86.600966,85.615972,86.449416,59.629035,6401943
2013-05-10,86.049336,87.004517,85.789299,86.870546,59.924106,12203788
2013-05-13,86.841322,87.262069,86.706965,86.895806,59.955317,8762029
2013-05-14,86.945571,87.99061,86.728754,87.837035,60.609381,9852701
2013-05-15,87.827731,88.045281,87.408355,87.503335,60.38375,7064856
2013-05-16,87.390782,87.467167,86.137722,87.003379,60.043346,14946297
2013-05-17,87.035174,87.17487,86.814385,87.072367,60.095564,6052882
2013-05-20,86.909145,87.694339,86.43888,87.461369,60.377929,7685809
2013-05-21,87.338789,87.801755,86.936283,87.264208,60.246439,5648494
2013-05-22,87.265321,87.457384,87.053453,87.383067,60.333124,6517763
2013-05-23,87.23376,88.64215,87.162582,88.172545,60.882881,8302855
2013-05-24,87.94305,88.507788,87.855779,88.203036,60.908604,5218066
2013-05-28,88.085017,88.360423,87.838758,88.122824,60.871876,8673877
2013-05-29,88.012815,88.484731,87.827837,87.935741,60.747303,6796775
2013-05-30,88.245557,88.284032,87.251254,87.42434,60.39865,6011436
2013-05-31,87.342503,87.679495,86.278304,86.643198,59.863573,11748763
2013-06-03,86.556455,86.719805,86.490076,86.682247,59.904328,7313564
2013-06-04,86.664598,87.66515,86.100413,86.95664,60.098562,9125446
2013-06-05,87.03524,88.508491,86.949458,87.912522,60.763862,6754407
2013-06-06,87.831164,87.898816,86.698902,87.507118,60.488289,7487776
2013-06-07,87.225186,87.408919,86.578065,86.99209,60.136892,9082101
2013-06-10,86.882234,87.038851,85.729388,86.132873,59.556617,9276909
2013-06-11,86.024644,86.496191,85.82439,86.120522,59.552642,6151096
2013-06-12,86.068316,88.274178,85.841527,88.11893,60.93922,12807091
2013-06-13,88.074407,89.172115,87.434736,88.90073,61.484592,5467648
2013-06-14,89.035309,89.369901,88.384589,88.442425,61.172313,6647629
2013-06-17,88.248134,88.730212,87.541749,87.704206,60.675668,6927603
2013-06-18,87.402444,87.871126,87.195536,87.704453,60.68049,9569004
2013-06-19,87.690373,87.917965,86.615367,86.825878,60.077232,5071025
2013-06-20,86.649066,86.738106,86.220272,86.496814,59.854131,13622274
2013-06-21,86.352801,86.687881,85.977054,86.065983,59.56057,15853115
2013-06-24,86.312201,86.626287,85.521971,85.6879,59.312563,6591412
2013-06-25,85.782866,86.730242,85.622479,86.652285,59.984702,11581812
2013-06-26,86.799997,86.881262,86.055884,86.246477,59.70836,6958558
2013-06-27,86.266389,86.433194,85.389159,85.614087,59.275101,9657625
2013-06-28,85.938377,86.044249,85.086656,85.365547,59.107554,10119676
2013-07-01,85.383261,85.641356,85.179502,85.534247,59.237985,5661015
2013-07-02,85.220853,85.286731,84.586699,85.114562,58.951845,5892286
2013-07-03,85.319151,86.858875,85.261115,86.341566,59.806275,9784769
2013-07-05,86.35844,87.058399,86.283645,86.796491,60.130606,7749982
2013-07-08,86.538763,86.708371,86.206935,86.664682,60.053101,14893460
2013-07-09,86.799334,87.450173,86.52529,87.328949,60.518035,7825908
2013-07-10,87.457689,88.36383,87.362154,88.307007,61.200511,8027911
2013-07-11,88.21947,88.657484,88.1363,88.41735,61.28168,7111419
2013-07-12,88.513973,89.123347,88.395155,88.442091,61.303528,7695076
2013-07-15,88.447632,88.923193,88.312241,88.879787,61.621086,10227259
2013-07-16,88.966639,89.31353,88.553038,88.880019,61.625971,6610423
2013-07-17,88.697358,88.749368,88.180691,88.496544,61.364788,9729517
2013-07-18,88.954933,89.043306,88.137668,88.322724,61.248954,7889445
2013-07-19,88.283432,89.530128,88.0311,88.831959,61.606815,6650518
2013-07-22,89.026446,89.131588,88.1132,88.256711,61.221947,3532121
2013-07-23,88.346515,89.175693,88.300545,89.072546,61.792612,8738094
2013-07-24,89.264785,89.776555,87.888734,88.111159,61.130352,10692843
2013-07-25,87.795241,89.162546,87.622768,88.939228,61.709585,9497233
2013-07-26,88.978739,89.101111,88.290015,88.517626,61.42177,10747157
2013-07-29,88.883577,89.049293,88.726964,89.001253,61.77156,12800431
2013-07-30,89.081778,89.26365,88.594858,88.839303,61.663885,7509181
2013-07-31,88.697871,89.594209,88.30543,89.295965,61.985608,8865095
2013-08-01,89.133018,89.534224,89.059498,89.232201,61.946094,6719481
2013-08-02,89.045504,89.36496,88.680268,89.054114,61.827204,10572975
2013-08-05,88.751168,89.842421,88.64198,89.169413,61.92149,11158253
2013-08-06,89.392674,89.809218,89.145086,89.238596,61.974284,8074707
2013-08-07,89.115729,90.021986,89.074694,89.871787,62.418806,7037360
2013-08-08,89.873042,90.75628,89.764724,90.636942,62.955057,12774218
2013-08-09,90.508086,91.755135,90.3937,91.600846,63.629447,7288564
2013-08-12,91.195688,91.94189,90.82576,91.347578,63.468112,7601283
2013-08-13,91.074025,91.881743,90.592572,91.601433,63.64937,9481213
2013-08-14,91.47957,92.516751,91.407279,92.113466,64.010063,11216001
2013-08-15,91.832499,92.940068,91.317626,92.655105,64.391386,4424974
2013-08-16,92.512702,93.052527,91.435196,91.638977,63.690103,6653243
2013-08-19,91.654595,92.053898,91.38049,91.513928,63.617821,7407514
2013-08-20,91.052942,92.077982,90.795088,91.740562,63.78026,12062211
2013-08-21,91.895771,92.893578,91.526818,92.778622,64.506889,7332316
2013-08-22,92.615871,92.92324,92.515088,92.578292,64.372539,6236068
2013-08-23,92.879088,93.189827,92.561254,92.617526,64.404757,4055587
2013-08-26,92.543083,93.106861,92.384188,92.887495,64.607346,8840040
2013-08-27,93.001759,93.296943,92.894696,93.160497,64.802198,4690088
2013-08-28,93.309764,93.708049,91.082466,91.566747,63.698472,16716013
2013-08-29,92.029576,92.165404,91.484781,91.635331,63.75107,6259885
2013-08-30,91.556057,92.181,91.080202,91.340908,63.55111,8044443
2013-09-03,90.912758,91.281801,90.657614,91.017384,63.345437,9194194
2013-09-04,91.499041,91.759979,90.877,91.081307,63.394786,8602453
2013-09-05,90.907401,91.026586,90.058436,90.539018,63.022171,8805283
2013-09-06,90.723741,92.152828,90.392651,91.99752,64.04231,6968657
2013-09-09,92.357793,92.781873,91.682361,91.839052,63.9467,10415552
2013-09-10,91.410376,92.815519,91.304977,92.270877,64.252302,11591234
2013-09-11,92.305816,92.473601,91.483064,91.607319,63.795127,5827258
2013-09-12,91.257132,91.588925,91.092163,91.52803,63.744797,6719472
2013-09-13,91.652885,92.09663,91.121891,91.863191,63.983125,13756595
2013-09-16,91.684006,92.060236,91.218082,91.776895,63.937722,9430374
2013-09-17,92.165954,92.295161,91.039639,91.142271,63.50047,10406899
2013-09-18,90.924316,91.025139,90.15956,90.486772,63.048605,10243582
2013-09-19,90.540788,91.388723,90.437707,90.992003,63.405496,3999456
2013-09-20,90.849956,91.993473,90.328332,91.415092,63.705198,11689015
2013-09-23,91.450046,91.648165,90.905457,91.052188,63.466892,7965384
2013-09-24,91.600324,91.66738,91.221511,91.348012,63.677974,5383061
2013-09-25,91.424251,91.477813,91.192023,91.344802,63.680619,10574493
2013-09-26,91.35244,91.926481,91.058505,91.491466,63.787755,10396993
2013-09-27,91.49955,91.554051,90.864238,91.104144,63.522584,4957886
2013-09-30,91.071254,91.615828,90.871805,91.524472,63.830337,6438232
2013-10-01,91.759641,92.306038,91.44768,92.121245,64.251459,10066868
2013-10-02,92.22028,92.987131,92.002288,92.696309,64.657503,6191487
2013-10-03,92.855431,92.903064,92.572187,92.828968,64.754999,10397990
2013-10-04,92.856009,93.526582,92.433643,93.286153,65.078908,7204170
2013-10-07,93.477958,93.923071,92.846577,93.707676,65.38801,5321332
2013-10-08,93.497189,93.743259,93.094782,93.575011,65.300444,9098029
2013-10-09,93.812422,94.564743,93.552384,94.122996,65.687885,9629114
2013-10-10,94.413572,95.324309,94.329288,95.171653,66.424829,6537699
2013-10-11,95.452397,95.578222,95.022854,95.227073,66.468604,7856995
2013-10-14,95.006019,95.806913,94.937535,95.672826,66.7951,8864805
2013-10-15,95.663662,96.959503,95.574962,96.839619,67.614893,8899133
2013-10-16,97.142891,98.874849,96.832276,98.514487,68.789585,5943155
2013-10-17,98.668043,99.743993,98.366447,99.289522,69.336082,6080616
2013-10-18,99.255025,99.432383,98.845063,98.962053,69.112702,6095062
2013-10-21,99.367047,99.788765,98.150144,98.359387,68.707614,7458797
2013-10-22,98.445334,98.860265,97.966899,98.075582,68.514618,9595486
2013-10-23,98.745264,99.000951,97.785176,98.101495,68.537974,6934354
2013-10-24,97.737131,98.333877,97.430668,98.231113,68.633792,8661026
2013-10-25,97.615858,97.772329,97.153901,97.467686,68.105609,11536745
2013-10-28,97.716225,97.824946,96.821985,97.279108,67.989474,8442153
2013-10-29,96.770834,98.236112,96.600325,97.942331,68.458256,5906994
2013-10-30,97.604085,98.997295,97.556021,98.449053,68.817713,8996796
2013-10-31,98.046589,98.649252,97.849223,98.533154,68.881781,8554462
2013-11-01,98.944421,99.20793,97.534415,98.186111,68.644435,5646850
2013-11-04,97.930635,98.284246,97.863251,98.177938,68.654508,7052257
2013-11-05,98.024963,98.780442,97.785534,98.686159,69.015191,11332524
2013-11-06,98.600327,98.822833,98.230929,98.432313,68.842943,6377588
2013-11-07,97.941659,98.263827,97.23488,97.496144,68.19342,10770145
2013-11-08,97.21362,98.397789,94.698724,95.798563,67.011188,9085306
2013-11-11,95.931683,96.006861,93.403945,94.264852,65.953522,9745311
2013-11-12,94.508472,95.265293,91.937008,93.133081,65.16666,8210527
2013-11-13,93.094848,94.571073,92.212219,93.008258,65.084309,10427010
2013-11-14,93.08479,94.475311,92.456695,93.918231,65.726119,8775727
2013-11-15,93.824529,94.052976,92.778303,93.437741,65.394874,7831219
2013-11-18,93.246088,94.004517,90.794058,91.584901,64.112857,5740507
2013-11-19,92.372099,92.63952,86.539823,88.546247,61.990438,9317256
2013-11-20,88.346114,88.749372,87.943547,88.264681,61.798053,12900440
2013-11-21,88.112817,90.405028,87.94955,89.82799,62.897418,7366451
2013-11-22,90.740465,91.098779,87.611161,88.232551,61.78503,7819797
2013-11-25,88.519438,91.070148,88.145617,89.212285,62.485459,5398325
2013-11-26,88.757859,92.994355,87.720289,92.536687,64.818883,3352695
2013-11-27,92.204689,94.027462,91.456327,93.819287,65.72234,10515587
2013-11-29,94.494007,96.367896,94.32926,95.295091,66.766407,7328550
2013-12-02,94.776415,94.955618,93.772853,94.246574,66.046974,6801770
2013-12-03,94.350161,96.617253,93.779961,95.89758,67.209134,6213455
2013-12-04,95.507593,95.814122,92.399106,93.411542,65.47183,5819557
2013-12-05,92.930085,95.375713,91.938146,95.222064,66.745936,6445424
2013-12-06,94.194262,97.089286,93.621631,96.02794,67.315975,6331042
2013-12-09,96.766767,97.393779,95.601065,96.332756,67.545184,6852017
2013-12-10,96.609146,97.813165,96.105976,97.549529,68.403587,6601946
2013-12-11,97.744672,98.286311,95.39679,96.159691,67.434175,6035542
2013-12-12,96.607377,97.323744,94.092527,95.830984,67.208814,7249168
2013-12-13,97.059958,97.926645,96.299556,97.703353,68.527209,6306413
2013-12-16,97.646519,98.484712,94.840363,95.114955,66.727102,5640761
2013-12-17,95.225725,95.314617,93.407001,94.318973,66.17376,5682651
2013-12-18,93.755721,98.936371,93.630815,96.280309,67.555003,8139993
2013-12-19,95.78554,97.015339,95.160141,95.293835,66.86797,5374662
2013-12-20,95.555743,95.898134,91.387186,92.816893,65.134885,9227326
2013-12-23,93.493665,94.917658,89.796435,91.182115,64.002386,9344543
2013-12-24,91.948915,95.881549,91.659336,94.755553,66.515747,5627298
2013-12-26,93.940288,94.936641,93.202375,93.47267,65.625259,5438825
2013-12-27,94.287454,94.578989,93.364613,94.499742,66.351432,7199614
2013-12-30,94.973163,96.026926,93.034132,93.143584,65.414271,8239349
2013-12-31,92.440701,94.462232,92.150126,92.962614,65.292181,7366896
2014-01-02,92.975712,93.212187,90.654709,90.901273,63.85419,6648967
2014-01-03,90.897795,91.359499,89.746806,91.119385,64.012311,7761590
2014-01-06,91.062725,93.49524,90.744638,93.00528,65.3522,11201080
2014-01-07,92.586932,95.747967,91.653498,94.895018,66.685178,8435480
2014-01-08,95.784544,96.658941,91.195217,91.900554,64.585841,10225507
2014-01-09,91.466386,92.462594,88.092022,89.330138,62.784218,6071670
2014-01-10,88.978596,90.05089,88.363026,89.285367,62.757562,4684546
2014-01-13,89.016624,89.50279,88.656608,89.34813,62.816122,10231539
2014-01-14,89.773003,90.3124,88.116729,88.421636,62.169518,8237173
2014-01-15,88.414543,90.190749,85.421622,86.182882,60.600089,7930348
2014-01-16,86.144863,87.587339,85.929853,87.216095,61.3313,7884064
2014-01-17,87.637397,88.05195,86.245924,86.946042,61.146084,10563446
2014-01-21,86.57816,87.498866,85.43666,87.121137,61.288012,7075167
2014-01-22,86.711585,87.094143,84.231503,85.026496,59.819059,4786490
2014-01-23,85.405787,85.572288,81.849902,81.901937,57.625242,8841901
2014-01-24,82.783477,83.049343,81.500569,82.211171,57.847249,5226644
2014-01-27,81.992183,82.615582,81.640572,82.44115,58.022415,8165085
2014-01-28,82.347531,82.670976,79.158951,79.492499,55.951431,6986436
2014-01-29,79.347125,81.271244,78.87647,81.011663,57.025079,11059377
2014-01-30,81.581686,82.182937,81.207609,81.684587,57.503166,6003064
2014-01-31,81.691555,82.496809,81.44244,82.234853,57.894972,10025707
2014-02-03,82.146737,82.976056,81.321482,81.397351,57.318535,9707631
2014-02-04,81.949961,83.474308,80.242216,81.414801,57.335218,6843043
2014-02-05,81.785812,82.618772,79.435212,80.035867,56.368445,7575134
2014-02-06,80.130828,80.594488,80.072148,80.456714,56.669187,6341510
2014-02-07,80.976744,81.145712,80.61496,80.739521,56.87274,5290858
2014-02-10,81.34192,82.007572,79.346081,80.165325,56.481265,16479021
2014-02-11,79.930115,80.237291,79.286731,79.571162,56.06694,14003112
2014-02-12,79.886576,80.337347,77.737257,78.524177,55.333462,5240983
2014-02-13,78.866043,79.555437,78.355075,79.172975,55.794926,8410467
2014-02-14,78.661518,79.038662,76.714935,77.18002,54.394617,6287542
2014-02-18,76.068239,78.103485,75.195544,77.886633,54.909455,13405744
2014-02-19,77.748724,78.338476,76.976247,77.197549,54.427828,7741266
2014-02-20,77.560339,77.771033,76.892003,77.174116,54.415479,6560619
2014-02-21,77.145978,77.907161,75.303732,76.497636,53.942627,16344609
2014-02-24,76.67012,77.485004,76.288126,76.600762,54.027771,8341962
2014-02-25,76.456035,76.907645,74.793418,75.577242,53.309952,5608105
2014-02-26,75.715844,76.688207,75.610932,75.733998,53.424619,7447989
2014-02-27,75.418686,75.93972,74.728719,74.898991,52.839635,14361323
2014-02-28,74.429922,74.864707,74.082702,74.813466,52.783345,5616072
2014-03-03,75.041781,75.667004,74.295358,74.850031,52.821289,5554013
2014-03-04,73.927756,77.205321,73.791542,76.251972,53.814757,8117415
2014-03-05,75.972792,78.206179,75.425559,78.075938,55.106244,16812905
2014-03-06,77.980878,78.910009,76.877872,78.321701,55.283942,8712449
2014-03-07,77.899841,77.951676,77.702897,77.78985,54.91274,7849273
2014-03-10,77.884188,78.682957,77.446434,77.517517,54.733084,5651775
2014-03-11,78.201774,78.395023,76.737166,77.187865,54.504503,7493721
2014-03-12,77.31346,77.513345,75.605515,76.97932,54.361411,12500849
2014-03-13,77.332329,77.618951,76.923155,77.104687,54.454117,4518902
2014-03-14,77.1949,77.845875,75.856307,76.152478,53.785755,12351453
2014-03-17,76.939384,77.535807,74.310697,74.710257,52.779266,6379272
2014-03-18,74.609372,76.564608,73.916429,76.293767,53.902073,8296825
2014-03-19,76.183666,76.440819,75.887377,75.927791,53.647621,4985918
2014-03-20,76.404643,76.804259,76.007241,76.652785,54.164025,12229375
2014-03-21,76.3131,76.874379,76.242729,76.32816,53.938775,7569163
2014-03-24,76.666874,77.163565,73.21991,74.832578,52.894056,9573314
2014-03-25,75.227879,75.528272,74.474753,74.780877,52.861565,5128225
2014-03-26,75.069682,76.129622,73.605072,74.005171,52.317239,11523308
2014-03-27,74.104838,75.312272,73.702647,75.079995,53.081144,8431828
2014-03-28,74.450608,75.832274,73.975074,75.274201,53.222527,7029198
2014-03-31,75.536017,76.11905,75.384088,75.977211,53.731945,7425410
2014-04-01,76.979135,78.001366,76.779293,76.866087,54.364736,6634520
2014-04-02,76.105541,77.169525,75.14443,76.616107,54.192088,9888468
2014-04-03,76.801708,76.937018,75.845294,76.163909,53.876369,8022394
2014-04-04,76.449578,76.925263,76.357121,76.640741,54.217824,6677811
2014-04-07,77.0849,77.397336,75.985932,76.516478,54.142367,5348504
2014-04-08,76.529912,76.843068,73.801899,74.762554,52.905362,9161628
2014-04-09,74.506134,76.406917,74.141234,75.828485,53.663777,10962996
2014-04-10,75.530425,77.055912,75.415415,76.917362,54.438547,8510802
2014-04-11,76.93054,78.802,76.527033,78.522904,55.579136,10303242
2014-04-14,78.415921,78.593986,76.588871,78.070438,55.271587,4841706
2014-04-15,78.248684,79.004529,77.447729,78.054455,55.264507,6863629
2014-04-16,77.499583,79.372525,76.591713,78.085991,55.291075,5472054
2014-04-17,78.193533,78.368755,76.964184,77.469698,54.858895,7480569
2014-04-21,77.342905,77.856523,76.758435,77.062466,54.587256,6940084
2014-04-22,76.366911,76.708866,75.14984,75.408136,53.419505,8151788
2014-04-23,75.047386,76.099042,74.613455,75.589346,53.551981,8777067
2014-04-24,75.585395,76.823703,74.010332,74.184315,52.560602,13354437
2014-04-25,74.376418,74.646651,72.28546,72.410021,51.307424,7379488
2014-04-28,72.665157,73.368122,72.115593,72.938087,51.693482,4555054
2014-04-29,73.764025,73.849687,68.589101,70.204771,49.760111,7557827
2014-04-30,69.81014,70.913826,68.285481,68.340276,48.442298,7651688
2014-05-01,67.657801,68.25574,67.621173,68.158086,48.316857,6951690
2014-05-02,68.772759,69.198524,67.099038,67.275746,47.695028,10456862
2014-05-05,68.054154,68.347947,65.150554,66.251703,46.979838,7158113
2014-05-06,66.295103,66.384894,64.390957,65.625913,46.539651,10992948
2014-05-07,65.592518,67.223871,65.168511,66.363144,47.066077,6274529
2014-05-08,66.452603,66.807329,65.761706,66.038854,46.839675,5360956
2014-05-09,66.118545,66.161087,65.573385,65.955799,46.784353,9808782
2014-05-12,65.82412,66.788469,65.770438,66.734406,47.347529,6797316
2014-05-13,66.66712,68.185351,66.382964,68.039261,48.277014,8880402
2014-05-14,67.997906,68.665662,67.58239,68.529324,48.628464,6462585
2014-05-15,68.776925,69.550511,68.742338,69.29173,49.173238,9312130
2014-05-16,69.440678,70.795016,69.329753,70.488395,50.026292,8097612
2014-05-19,70.195448,70.484777,70.149514,70.442634,50.005314,8724345
2014-05-20,70.600517,71.016378,70.085203,70.271892,49.887933,10984087
2014-05-21,69.985509,71.531632,69.81597,71.400541,50.693078,8326480
2014-05-22,71.417654,72.076376,70.760516,71.840139,51.009094,8618125
2014-05-23,71.491878,72.471004,71.448642,72.305102,51.343171,5665231
2014-05-27,72.267062,72.895113,71.943454,72.863932,51.755858,11527808
2014-05-28,72.952907,73.189237,72.725909,73.062772,51.901075,6658316
2014-05-29,72.939588,74.367767,72.425945,74.28585,52.773949,11331907
2014-05-30,74.260102,74.527474,73.664798,73.719754,52.3758,6052562
2014-06-02,73.701701,74.308774,73.478524,73.91864,52.529182,6810523
2014-06-03,74.035757,74.3177,72.30523,72.672323,51.647464,7232737
2014-06-04,72.832352,72.997294,72.052795,72.149124,51.279563,6577783
2014-06-05,72.378144,72.605123,71.871037,71.977239,51.161319,4918145
2014-06-06,72.135117,72.277773,71.669512,72.11272,51.261548,8152451
2014-06-09,72.071864,73.203903,71.805685,73.012464,51.913072,10608381
2014-06-10,73.068046,73.391648,72.739832,73.044471,51.93981,10223278
2014-06-11,72.56453,72.730721,71.995765,72.655478,51.66717,5011502
2014-06-12,72.569495,73.147536,72.329446,72.447437,51.523176,8618662
2014-06-13,72.212747,73.111082,71.951953,72.95543,51.888428,6633791
2014-06-16,73.078744,73.491053,72.88795,73.183359,52.062511,6489066
2014-06-17,73.080458,73.768952,72.866811,73.667999,52.4113,10381321
2014-06-18,73.838004,74.449064,73.577088,74.351243,52.901452,8478172
2014-06-19,74.347268,76.323847,74.255111,75.776451,53.919631,3700945
2014-06-20,75.984399,76.122838,75.874774,76.036397,54.108747,8791408
2014-06-23,76.018385,76.310821,75.953768,76.256708,54.278005,7604876
2014-06-24,75.686608,76.180638,75.505447,76.124069,54.187749,9800187
2014-06-25,76.156154,77.830302,75.942222,77.753537,55.351904,7048785
2014-06-26,77.61198,78.015772,77.497855,77.706865,55.322919,10216001
2014-06-27,77.761085,79.095529,77.619857,78.530128,55.913323,8279086
2014-06-30,78.387581,79.682499,78.274138,79.35169,56.511268,8342871
2014-07-01,79.121274,80.173524,78.611015,80.005172,56.981021,5335059
2014-07-02,80.68376,81.501568,80.579268,80.685685,57.470099,9760919
2014-07-03,80.64836,81.876791,80.304238,81.548597,58.08918,5561823
2014-07-07,81.288475,81.3548,80.790629,80.927334,57.664318,6553552
2014-07-08,80.95282,81.438762,79.599091,79.793769,56.860961,6695218
2014-07-09,80.094282,80.238014,79.103363,79.227443,56.461726,5436761
2014-07-10,79.477922,79.530804,78.877446,78.915909,56.244021,10354515
2014-07-11,78.893436,80.372908,78.770983,80.229597,57.184681,5659346
2014-07-14,79.828122,79.903454,78.637828,79.304732,56.538473,11330971
2014-07-15,79.066504,79.368922,78.034107,78.077475,55.667796,7172936
2014-07-16,77.667236,78.94232,77.442472,78.547664,56.007325,9218085
2014-07-17,78.276638,79.212836,77.811097,79.002866,56.336219,10784538
2014-07-18,79.092496,79.512605,78.472646,78.59145,56.047139,8300607
2014-07-21,77.926299,79.368255,77.709152,78.938369,56.307491,12214990
2014-07-22,79.284366,79.697244,78.601745,79.062672,56.400481,6566055
2014-07-23,79.109728,79.361482,78.675234,78.804649,56.220726,9502809
2014-07-24,78.907255,79.596858,78.534506,78.805503,56.225645,7827898
2014-07-25,78.940933,79.532949,78.002866,78.484552,56.000948,10371919
2014-07-28,78.828279,79.714411,77.732428,78.18688,55.801383,6606928
2014-07-29,77.950231,78.589681,77.827573,78.26563,55.861868,9275053
2014-07-30,78.187543,78.743013,77.701758,78.306072,55.895018,7240804
2014-07-31,78.177746,78.467561,77.401066,78.31559,55.906098,4679518
2014-08-01,78.160917,78.288522,77.209135,77.387424,55.247755,5523941
2014-08-04,77.64382,77.895849,76.974815,77.082219,55.042523,7757732
2014-08-05,77.048949,77.183651,76.222344,77.14419,55.090998,11745639
2014-08-06,77.378171,77.590562,76.844718,77.158214,55.105237,3724770
2014-08-07,77.507237,77.690009,76.814592,77.093593,55.063307,11494508
2014-08-08,77.072859,77.204023,75.693533,76.154268,54.396574,13554379
2014-08-11,76.237894,76.354539,76.183925,76.242083,54.471825,6045625
2014-08-12,76.660759,77.095632,75.095514,75.321596,53.818301,6002645
2014-08-13,75.717558,76.265854,74.763221,75.20306,53.737724,6378661
2014-08-14,74.973946,75.758827,74.921428,75.260263,53.782723,8653687
2014-08-15,75.206639,75.417873,74.01591,74.553962,53.282068,5772517
2014-08-18,74.293133,74.586424,73.179631,73.291323,52.391736,8975227
2014-08-19,73.153588,73.264778,73.049633,73.159066,52.301202,7795008
2014-08-20,73.335623,74.247134,73.205571,73.792169,52.75785,10383848
2014-08-21,73.96257,74.51338,73.746027,74.362645,53.169788,8189465
2014-08-22,74.413373,74.553929,74.059383,74.108554,52.992174,9424379
2014-08-25,74.174509,74.247437,73.602898,73.984564,52.915681,8157755
2014-08-26,74.099097,74.23006,73.625744,73.691775,52.710312,7294821
2014-08-27,74.003685,74.660149,73.826536,74.540998,53.321832,21036096
2014-08-28,74.959683,75.199002,74.142271,74.317104,53.165749,6465651
2014-08-29,74.246747,74.493167,73.232946,73.272427,52.422415,5601434
2014-09-02,73.297276,74.750025,73.166844,74.65359,53.426942,7445906
2014-09-03,74.680235,76.297129,74.642312,75.874048,54.304543,9174202
2014-09-04,75.797471,75.989316,74.666481,74.941363,53.641114,7421347
2014-09-05,75.233068,76.305077,74.799253,76.209731,54.553162,8580954
2014-09-08,76.398851,76.587425,74.734686,74.865117,53.602974,10074067
2014-09-09,75.078783,75.302083,73.702087,74.282214,53.189696,12831272
2014-09-10,74.605077,74.789531,74.343346,74.745265,53.525366,10095160
2014-09-11,75.328547,75.434843,74.593513,74.890533,53.633505,8531779
2014-09-12,74.525453,75.351401,73.776023,74.143561,53.102625,9271141
2014-09-15,74.289852,74.902398,73.816452,74.793983,53.580787,5922601
2014-09-16,74.870643,75.483509,74.808407,75.392369,54.013599,5577053
2014-09-17,75.578416,76.363789,75.003283,75.767691,54.286653,8077696
2014-09-18,75.696938,76.612682,75.541157,76.107449,54.534266,4442154
2014-09-19,76.305304,76.461594,75.795512,75.981578,54.448248,7670879
2014-09-22,75.687509,76.27754,75.521773,76.245752,54.650122,7803538
2014-09-23,76.1486,76.482414,76.042995,76.150485,54.586022,5734109
2014-09-24,76.055927,76.663898,75.864679,76.340636,54.726521,6615178
2014-09-25,76.248016,77.200145,76.155587,76.7267,55.007496,7304584
2014-09-26,76.750581,76.879633,76.652386,76.757055,55.033477,6307223
2014-09-29,77.130395,77.521799,76.966085,77.367046,55.483589,8810556
2014-09-30,77.460221,77.942153,77.363755,77.652593,55.692637,7832594
2014-10-01,77.815407,78.036865,76.756343,77.138106,55.327887,8746828
2014-10-02,76.866803,77.452737,76.59977,76.955018,55.200798,13927971
2014-10-03,76.781425,76.812595,76.640703,76.719157,55.03583,9425111
2014-10-06,76.806258,77.673176,76.507869,77.34919,55.500558,10012505
2014-10-07,77.304919,77.726368,77.181787,77.60904,55.691278,13826755
2014-10-08,77.673259,78.499868,77.561455,78.318254,56.20451,5540262
2014-10-09,78.212158,78.482052,77.887981,78.368007,56.244526,8488181
2014-10-10,78.610233,79.242196,78.525291,78.789509,56.551372,6459982
2014-10-13,78.705152,79.405636,78.605997,79.213272,56.868606,11383993
2014-10-14,79.423055,79.861084,79.35504,79.5834,57.138707,9989154
2014-10-15,79.598424,79.678345,78.905336,79.084437,56.784819,9543069
2014-10-16,78.967974,79.306489,78.561599,78.949161,56.692033,10117332
2014-10-17,79.050871,79.795946,78.988486,79.552568,57.129708,6908501
2014-10-20,79.688055,79.861622,78.692551,79.257388,56.930819,10021839
2014-10-21,79.341328,79.473092,78.181755,78.570466,56.441729,10441432
2014-10-22,78.37717,79.313307,77.877092,78.80106,56.611717,5874741
2014-10-23,79.007236,79.409479,77.82004,77.966458,56.016422,8601931
2014-10-24,77.924267,78.512859,77.684703,78.41423,56.342451,12238103
2014-10-27,78.674823,79.369118,78.324498,79.123136,56.864893,7587868
2014-10-28,79.297439,79.355293,78.33546,78.519385,56.43531,5406161
2014-10-29,78.487526,79.816504,78.085097,79.209267,56.935523,7107545
2014-10-30,79.237833,79.485495,78.399866,78.706083,56.578172,8568379
2014-10-31,78.236065,79.076411,78.078144,78.845179,56.682507,5950648
2014-11-03,78.819952,79.25233,78.611343,78.740863,56.620533,10575260
2014-11-04,78.75063,78.963784,77.74052,77.825316,55.966476,11274012
2014-11-05,77.756911,77.946045,76.743249,76.960633,55.348901,13100899
2014-11-06,76.939596,77.251332,76.372418,76.543477,55.053109,5554959
2014-11-07,76.49934,77.551455,76.040447,77.383781,55.661756,9280648
2014-11-10,77.318591,77.676919,76.958829,77.324993,55.632262,7403499
2014-11-11,77.118667,78.175591,76.965532,77.621687,55.850003,10414188
2014-11-12,77.460494,77.783175,77.335195,77.554255,55.805763,11209496
2014-11-13,77.801365,78.102056,76.685512,77.239954,55.583862,17434880
2014-11-14,77.313221,78.110218,77.230316,77.916363,56.074921,8579669
2014-11-17,77.744626,77.808493,76.729058,77.089171,55.492368,7943539
2014-11-18,76.951327,77.117002,76.62604,76.816316,55.300193,8169956
2014-11-19,77.066764,78.167717,76.916582,77.475935,55.77933,12408729
2014-11-20,77.335203,77.816919,76.836264,77.458468,55.77103,5854035
2014-11-21,77.253588,77.768034,76.50694,77.503768,55.807924,6121098
2014-11-24,77.830274,78.51299,77.748106,78.093421,56.245448,3774975
2014-11-25,78.074743,79.480475,77.881744,78.765245,56.733667,9037709
2014-11-26,78.991505,79.073927,78.678105,78.750447,56.727356,8798795
2014-11-28,78.929867,79.519295,78.710879,79.178337,57.044329,6048269
2014-12-01,79.34064,79.709341,79.093071,79.455311,57.257043,4800199
2014-12-02,79.444042,79.928101,78.384269,78.611578,56.653376,10300178
2014-12-03,78.833324,79.31099,78.173777,78.875765,56.848126,8915410
2014-12-04,79.113154,79.247727,78.751939,78.955916,56.910256,8006837
2014-12-05,78.701924,79.233217,78.063756,78.991257,56.940094,5431896
2014-12-08,78.753973,79.134155,78.560022,78.943285,56.918602,10220232
2014-12-09,79.210683,79.557416,77.665135,78.17424,56.368437,7376447
2014-12-10,78.215364,78.296359,76.193532,76.2544,54.98833,5470312
2014-12-11,75.970836,77.370372,75.848988,77.165429,55.649554,8670906
2014-12-12,77.438544,77.664307,76.599897,76.835296,55.415719,7456446
2014-12-15,77.132189,77.634614,75.691027,75.808906,54.688035,13618449
2014-12-16,76.023577,76.077488,74.555679,75.326398,54.344122,7066113
2014-12-17,74.931933,75.102704,73.763822,74.159581,53.506425,8180130
2014-12-18,73.799343,74.115118,72.535564,72.61695,52.397428,6881336
2014-12-19,72.456232,72.658991,71.080067,71.258604,51.421242,5697643
2014-12-22,71.190431,71.2718,69.912798,70.161699,50.641345,6427942
2014-12-23,70.3963,71.166885,70.230571,70.738506,51.061587,10007041
2014-12-24,70.559387,71.077796,68.860727,69.370878,50.078223,9354764
2014-12-26,69.820795,70.370017,68.787314,68.972257,49.798097,8422946
2014-12-29,69.569299,69.758085,68.152757,68.446798,49.430081,5836760
2014-12-30,68.623475,69.08643,67.857558,68.10716,49.188576,8684190
2014-12-31,68.139622,68.992464,67.97579,68.805369,49.696649,8599619
2015-01-02,68.691122,69.398269,67.931616,68.17632,49.24985,13877876
2015-01-05,68.626561,69.191901,67.066241,67.137568,48.510622,5319029
2015-01-06,66.502549,68.076621,66.299476,67.4672,48.752536,9094338
2015-01-07,67.508046,68.532103,67.42884,68.303232,49.360446,5162128
2015-01-08,68.431465,70.12025,68.012208,69.986469,50.580742,8010073
2015-01-09,70.179805,70.900855,69.577355,70.453228,50.921983,13491591
2015-01-12,70.596195,70.923712,69.840416,70.045438,50.638886,9538102
2015-01-13,70.002059,70.379819,68.448027,68.544941,49.55791,10620541
2015-01-14,68.775422,69.293918,66.707487,66.999181,48.444041,8805188
2015-01-15,67.473888,68.173824,66.266681,67.196252,48.590259,6845038
2015-01-16,66.943452,67.853601,66.8467,67.413795,48.751304,5105571
2015-01-20,67.434655,67.477284,66.332008,66.379302,48.017916,8701256
2015-01-21,66.93872,66.981675,66.763597,66.797491,48.324134,12104471
2015-01-22,66.511525,68.634697,66.132183,67.771794,49.032744,5760910
2015-01-23,68.216588,69.327512,65.893521,66.420159,48.058523,11717320
2015-01-26,66.063434,67.694693,65.314847,67.549673,48.887029,6325706
2015-01-27,67.349546,67.609863,66.731763,66.759019,48.318521,8333558
2015-01-28,66.103372,66.878253,65.6316,65.975827,47.755326,4797666
2015-01-29,66.166723,67.132134,65.627579,66.841098,48.385345,7335923
2015-01-30,66.826801,67.166693,66.495866,67.063203,48.549846,6571394
2015-02-02,67.699991,68.964144,67.448046,68.065936,49.2871,5912500
2015-02-03,68.254144,68.282649,67.583518,67.884051,49.159163,12244153
2015-02-04,67.417271,68.115444,66.777895,67.733731,49.054067,4907775
2015-02-05,67.321991,69.51746,67.268575,68.421524,49.555979,7356168
2015-02-06,68.396827,68.955903,67.826633,68.356562,49.512725,6178559
2015-02-09,68.605434,68.722897,67.995031,68.391455,49.549392,7262954
2015-02-10,68.284834,68.859688,68.255272,68.781119,49.835523,5331336
2015-02-11,68.702195,68.908259,67.497975,67.729763,49.077523,9871897
2015-02-12,67.466789,69.043903,67.025659,68.606392,49.716546,3986358
2015-02-13,68.576226,70.42084,67.753059,70.071711,50.782302,10473430
2015-02-17,70.203917,71.033403,69.598589,70.131834,50.841462,9359080
2015-02-18,70.454801,70.49384,69.006834,69.321758,50.258057,8771431
2015-02-19,69.13159,70.634328,68.86285,70.181894,50.885554,7041058
2015-02-20,70.632755,71.317091,70.062482,70.412158,51.056421,9446905
2015-02-23,70.460745,70.918183,69.756556,70.437467,51.08652,6823688
2015-02-24,70.194453,70.253678,69.979878,70.010566,50.780792,8280703
2015-02-25,70.332607,71.117908,70.129047,70.603069,51.214479,6902017
2015-02-26,70.738229,71.205039,70.694022,70.941841,51.464164,5463052
2015-02-27,71.055044,71.269502,70.068513,70.372926,51.055363,8675845
2015-03-02,70.556449,70.75806,69.808283,70.049555,50.832448,10434604
2015-03-03,70.221656,70.399501,69.042594,69.107854,50.152934,10208873
2015-03-04,69.034193,69.897293,68.887278,69.675655,50.568874,9942579
2015-03-05,69.468088,70.407349,69.223828,70.17103,50.93231,5739249
2015-03-06,69.931503,70.500932,69.760325,70.13984,50.913574,11333353
2015-03-09,69.979393,70.097828,69.705595,69.897028,50.74899,10981590
2015-03-10,69.937174,70.047945,69.193883,69.507083,50.469738,8031290
2015-03-11,69.449933,69.59758,69.389001,69.514346,50.478881,6402472
2015-03-12,69.431827,69.530911,68.673706,68.833425,49.988252,3873555
2015-03-13,68.848764,69.153026,67.947619,68.18968,49.524548,9383727
2015-03-16,68.136701,68.338887,67.322928,67.483278,49.022778,12240105
2015-03-17,68.136085,68.173367,66.790406,66.83527,48.555758,6799664
2015-03-18,67.19709,67.259963,65.755937,66.057419,47.99433,9752068
2015-03-19,66.151099,66.233874,64.895197,65.38739,47.511159,8521217
2015-03-20,65.462828,65.821642,64.940332,65.245058,47.411374,11276469
2015-03-23,65.331993,66.171196,65.289092,65.880711,47.884292,11719671
2015-03-24,65.910263,66.214298,65.734263,65.942566,47.932925,4836318
2015-03-25,66.158835,66.64601,65.707239,66.244153,48.155836,8415924
2015-03-26,66.311711,67.126928,66.131858,66.657239,48.459842,9252703
2015-03-27,66.712796,66.93722,66.667196,66.715228,48.505718,5808794
2015-03-30,66.770824,67.325754,66.358987,66.912991,48.660693,5753415
2015-03-31,66.707268,66.921577,66.36297,66.538069,48.39175,7612011
2015-04-01,66.578084,66.706616,65.798795,66.077268,48.060303,4937120
2015-04-02,66.098693,66.447051,65.574519,65.995913,48.004811,11267555
2015-04-06,65.89698,67.047446,65.574957,66.575333,48.441128,8116481
2015-04-07,66.644271,66.678792,65.838759,65.907494,47.958875,5433501
2015-04-08,65.757324,66.103213,65.686154,66.054625,48.069623,19528513
2015-04-09,65.953266,65.998046,65.514484,65.680631,47.801122,8686395
2015-04-10,65.565021,66.512289,65.386064,66.22408,48.200329,7021454
2015-04-13,66.470384,66.523804,65.782198,65.826607,47.922053,8652276
2015-04-14,65.885129,66.07616,64.940283,65.162284,47.44206,6657520
2015-04-15,65.183896,65.303946,64.861073,65.075969,47.38285,7527632
2015-04-16,65.417008,65.579202,64.709534,64.752815,47.15117,9338316
2015-04-17,64.751267,65.047307,64.025936,64.424218,46.915492,5029293
2015-04-20,64.417522,64.559498,64.349074,64.460623,46.9528,8286329
2015-04-21,64.503372,64.784206,64.406231,64.563501,47.031341,7096342
2015-04-22,64.615008,65.211726,64.507365,64.822806,47.223852,5725083
2015-04-23,65.104599,65.599295,65.059615,65.482906,47.708396,8049699
2015-04-24,65.477756,65.969077,65.293672,65.680227,47.855826,7355407
2015-04-27,65.859919,66.3697,65.505005,66.199306,48.24513,8657074
2015-04-28,66.470908,66.755115,66.160266,66.395313,48.391687,9445716
2015-04-29,66.112206,66.719522,65.748902,66.442255,48.429613,11812101
2015-04-30,66.210284,67.103007,65.922657,67.023304,48.856883,5660496
2015-05-01,66.998962,67.350983,66.551181,66.634157,48.576937,8488448
2015-05-04,66.573502,66.981591,66.473662,66.87554,48.764121,8076716
2015-05-05,66.935092,67.911741,66.654485,67.70975,49.376193,8358804
2015-05-06,67.571477,67.666769,66.975529,67.098343,48.934086,8719164
2015-05-07,67.128747,67.398077,66.888196,66.98124,48.852429,6904092
2015-05-08,67.248585,68.025942,66.976903,67.709782,49.387573,8684155
2015-05-11,67.903774,68.244122,67.754527,68.141232,49.713704,8284516
2015-05-12,68.25877,68.28651,67.224117,67.490965,49.243065,3550241
2015-05-13,67.141202,68.353952,67.018634,67.970839,49.596995,6539534
2015-05-14,67.997615,68.096393,67.768723,67.855967,49.516971,7733727
2015-05-15,67.896843,67.93579,67.58621,67.829316,49.501317,10397711
2015-05-18,67.746341,68.177855,67.274013,67.893721,49.559716,5077631
2015-05-19,67.919422,68.132331,67.657307,67.978605,49.625482,6524299
2015-05-20,67.994333,68.194526,67.66534,68.134831,49.743343,7429692
2015-05-21,68.019149,68.054705,67.405046,67.452028,49.248623,11252439
2015-05-22,67.355415,67.808276,67.298267,67.679713,49.41865,7542790
2015-05-26,67.695976,67.83661,67.294292,67.583845,49.363783,5241967
2015-05-27,67.416602,67.47401,67.175257,67.396311,49.230581,8293777
2015-05-28,67.365792,67.563037,66.568559,67.06125,48.989586,5785540
2015-05-29,67.073743,67.120109,66.848719,67.019873,48.963113,5959523
2015-06-01,66.996124,67.15745,66.855464,66.973631,48.940584,4991450
2015-06-02,67.04609,67.085601,66.84929,67.004872,48.967167,6910023
2015-06-03,67.134235,67.558977,67.101884,67.288721,49.178373,16478997
2015-06-04,67.271825,67.472475,67.124619,67.295009,49.186739,8808756
2015-06-05,67.310402,67.512282,67.005956,67.158463,49.0907,7238980
2015-06-08,67.274258,67.391658,66.862506,67.038808,49.014506,4765051
2015-06-09,66.803433,67.673015,66.654478,67.453179,49.321249,5822631
2015-06-10,67.664681,67.907921,67.390577,67.430231,49.30825,8012938
2015-06-11,67.256592,67.470801,67.214139,67.434227,49.314952,9012001
2015-06-12,67.531596,68.197642,67.141986,68.052013,49.770556,7849005
2015-06-15,67.904311,68.240122,67.124481,67.248801,49.194432,9356931
2015-06-16,67.175956,67.345703,66.817785,66.878878,48.927573,8577000
2015-06-17,66.859871,67.131511,66.611035,66.978454,49.004178,4031222
2015-06-18,66.87267,67.399501,66.548696,67.064825,49.071132,6475132
2015-06-19,66.998602,67.347929,66.885123,67.28803,49.238225,10159030
2015-06-22,67.163635,67.621093,66.967726,67.527375,49.424732,7402880
2015-06-23,67.420976,67.805371,67.213479,67.713458,49.564729,15340255
2015-06-24,67.553656,67.763064,67.040242,67.164791,49.166886,5632065
2015-06-25,67.066805,67.824024,66.878146,67.750122,49.59917,6344535
2015-06-26,67.574578,68.40521,67.461964,68.310662,50.01337,7538467
2015-06-29,68.526793,68.55987,68.103072,68.202257,49.945487,6620062
2015-06-30,67.947172,68.7255,67.822302,68.681094,50.300002,6448845
2015-07-01,68.653693,68.975793,67.98947,68.123211,49.89525,7809915
2015-07-02,67.8853,67.94295,67.493066,67.791692,49.656242,9856002
2015-07-06,67.906299,68.174134,67.058325,67.106104,49.169136,6540576
2015-07-07,67.203022,67.258067,66.225465,66.294859,48.578455,8656261
2015-07-08,66.328004,66.514404,66.079511,66.412584,48.66845,6675694
2015-07-09,66.298413,66.456685,65.283585,65.333724,47.881511,6891105
2015-07-10,65.323206,65.479139,64.57628,64.97423,47.621697,7141143
2015-07-13,65.106955,65.439579,64.837075,65.399732,47.944586,5250897
2015-07-14,65.341312,65.671569,65.008703,65.599012,48.094365,10148316
2015-07-15,65.615925,66.561054,65.296839,66.187391,48.529459,8642469
2015-07-16,65.880554,66.103285,65.138877,65.50741,48.03457,14656358
2015-07-17,65.477991,66.112263,65.372499,65.753038,48.218378,10190004
2015-07-20,65.616712,65.681061,64.92679,65.079006,47.73507,7824578
2015-07-21,65.167256,66.051092,65.058582,65.872073,48.320484,9216787
2015-07-22,65.887575,66.228719,65.493549,65.615864,48.136232,7314695
2015-07-23,65.635634,65.725195,65.501961,65.650766,48.165529,4989394
2015-07-24,65.901473,66.057983,65.283193,65.309854,47.919087,11147804
2015-07-27,65.561881,65.808217,65.272931,65.494775,48.06582,5758454
2015-07-28,65.185111,65.376408,64.951921,65.144909,47.812723,7649445
2015-07-29,65.097496,65.312635,64.583098,64.633676,47.441143,4068786
2015-07-30,64.54608,64.663485,64.250145,64.323668,47.217217,11405852
2015-07-31,64.071671,64.49532,63.874268,64.418816,47.290686,9754644
2015-08-03,64.307324,65.135083,64.102658,64.974496,47.709589,7136582
2015-08-04,64.882133,65.090426,64.84358,65.04344,47.763874,9987454
2015-08-05,65.038266,65.26085,64.063045,64.426403,47.314387,8321036
2015-08-06,64.375562,64.616421,64.095145,64.42512,47.317073,15884128
2015-08-07,64.448687,65.21048,63.97855,64.835504,47.62213,7389201
2015-08-10,64.715504,65.469064,64.533474,65.198846,47.900022,5643405
2015-08-11,65.23321,65.429107,64.98978,65.335787,48.004309,3816433
2015-08-12,65.415546,65.506752,64.98606,65.381025,48.041229,8929678
2015-08-13,65.407198,66.991795,65.351436,66.752987,49.053092,5211606
2015-08-14,66.920968,67.259114,65.434776,65.841849,48.387256,9407034
2015-08-17,65.827636,66.904207,65.51136,66.522103,48.89842,5570736
2015-08-18,66.429949,67.519056,66.159268,67.277584,49.457543,6001890
2015-08-19,67.328042,67.815866,65.854915,66.318887,48.756517,9122124
2015-08-20,66.464647,67.446622,66.386884,67.110869,49.342551,7700229
2015-08-21,66.863949,67.098854,66.806889,66.852708,49.156509,10808133
2015-08-24,66.872123,67.789996,66.526231,67.37717,49.553539,8354513
2015-08-25,67.39604,68.184173,67.229726,67.704542,49.798126,9103995
2015-08-26,67.771798,68.045715,66.649548,66.874809,49.191611,14427663
2015-08-27,67.051749,67.102151,65.7357,66.035033,48.577615,4175682
2015-08-28,66.223012,66.303314,63.964203,64.674012,47.580048,6917170
2015-08-31,64.718143,64.751273,64.388501,64.532373,47.486766,8449470
2015-09-01,64.65248,64.862392,64.403883,64.585098,47.529208,6472505
2015-09-02,64.433724,64.601085,64.168269,64.567328,47.519773,5891360
2015-09-03,65.024495,66.59345,64.799562,66.322137,48.815006,9829531
2015-09-04,65.988581,66.812965,65.314857,65.872751,48.487962,6090554
2015-09-08,65.717931,66.474179,65.650973,66.441694,48.921751,4203965
2015-09-09,66.856437,66.967751,66.093729,66.657796,49.084633,6322963
2015-09-10,66.697888,66.991381,65.70157,65.9009,48.530999,6755519
2015-09-11,66.197828,66.588168,66.041588,66.110228,48.688886,6986567
2015-09-14,65.870166,66.545437,65.631101,66.122722,48.709288,8353348
2015-09-15,66.278278,66.337599,64.981486,65.430803,48.203281,7713989
2015-09-16,65.330011,65.54093,65.246278,65.475944,48.240235,7398485
2015-09-17,65.641386,65.78677,65.489677,65.755875,48.450192,5756514
2015-09-18,65.644189,66.640618,65.600027,66.193411,48.776315,9293612
2015-09-21,66.367169,67.658691,66.040889,67.55846,49.793637,11176817
2015-09-22,67.548392,68.010457,67.191948,67.945074,50.082428,8465399
2015-09-23,67.865656,68.041486,67.134249,67.366915,49.660073,5722791
2015-09-24,67.217624,67.460719,66.009258,66.128969,48.751248,9000212
2015-09-25,66.51147,66.631079,65.580766,65.986143,48.649684,6267488
2015-09-28,66.15467,67.318056,65.750875,66.707458,49.192801,6477808
2015-09-29,66.951777,67.812447,66.850183,67.745565,49.962173,6887461
2015-09-30,67.670955,67.97611,66.322727,67.186989,49.554023,10757693
2015-10-01,66.670337,67.134043,66.122678,66.361208,48.948718,12190393
2015-10-02,66.645082,67.2159,65.82821,65.897631,48.610505,9896573
2015-10-05,66.170435,66.465486,65.389658,65.824073,48.567412,10813053
2015-10-06,65.758235,66.330862,65.571724,65.955658,48.668231,6452208
2015-10-07,65.821211,66.71012,65.642327,66.284064,48.914309,11804873
2015-10-08,66.068046,67.901372,65.950662,67.353895,49.707601,6731368
2015-10-09,67.480482,68.038744,67.187043,67.901232,50.115381,13839382
2015-10-12,68.054325,68.199158,67.056585,67.379073,49.741433,7686917
2015-10-13,67.550498,67.752379,67.502108,67.66017,49.952777,6722692
2015-10-14,67.864178,68.824268,67.706227,68.10913,50.288094,8170015
2015-10-15,67.894476,68.338104,67.589296,68.303193,50.435246,7526898
2015-10-16,68.213893,69.83296,68.045189,69.712867,51.480099,8336796
2015-10-19,69.740621,70.111547,69.162255,69.591496,51.402292,13488364
2015-10-20,69.544177,69.859776,69.30439,69.44358,51.296969,4830535
2015-10-21,69.322575,70.030273,68.837524,69.877926,51.621771,8828266
2015-10-22,69.79018,70.448078,69.711141,70.32681,51.957364,8584256
2015-10-23,70.212379,70.672502,69.785283,70.526448,52.10885,5655483
2015-10-26,70.390778,71.134362,70.32583,71.061413,52.516189,5927932
2015-10-27,71.389996,71.840898,70.217841,70.71679,52.26551,4994165
2015-10-28,70.639302,71.372084,70.47991,71.332443,52.72457,5470942
2015-10-29,71.378616,71.689739,71.225356,71.254473,52.670977,13781704
2015-10-30,71.272057,71.561185,71.1686,71.276577,52.691355,10037692
2015-11-02,71.181427,71.409627,70.533481,70.790433,52.344009,9109794
2015-11-03,70.674167,70.986145,70.635697,70.927903,52.449678,7722128
2015-11-04,70.95925,72.179986,70.600815,72.035739,53.272983,7308557
2015-11-05,71.546974,71.835762,71.182737,71.645388,52.988366,12192490
2015-11-06,71.51733,72.186677,71.109271,72.04626,53.288933,8716392
2015-11-09,72.01651,72.317886,71.459092,71.676527,53.027654,9235506
2015-11-10,71.431418,71.597579,70.889296,71.24778,52.7145,13452510
2015-11-11,71.379933,72.59292,71.250862,72.163281,53.39595,6013728
2015-11-12,71.708026,72.918609,71.645954,72.823612,53.888681,9249110
2015-11-13,72.971752,73.222677,72.38512,72.585969,53.716946,9461948
2015-11-16,72.72274,72.771794,71.49976,71.556821,52.967509,9594481
2015-11-17,71.466967,71.898079,71.411263,71.720714,53.092896,7879127
2015-11-18,71.527391,74.393364,71.202498,74.110785,54.866406,10610113
2015-11-19,74.28672,75.117568,73.533018,73.974357,54.769603,11552460
2015-11-20,73.816972,74.307724,73.485329,74.178014,54.924598,5719458
2015-11-23,73.891773,74.783195,73.65209,74.521571,55.191674,7357168
2015-11-24,75.352618,76.188324,75.04612,75.78691,56.133104,10087173
2015-11-25,75.685532,76.660188,75.501288,76.407643,56.597201,8472556
2015-11-27,76.306815,76.80579,75.840828,76.679963,56.807624,14632699
2015-11-30,76.196289,77.379391,75.799082,77.209517,57.213096,6980162
2015-12-01,76.932983,77.582561,76.611516,77.272486,57.264147,10109792
2015-12-02,77.331131,77.913346,75.219295,75.294299,55.802454,7726802
2015-12-03,75.267886,75.770025,74.307517,74.559079,55.2618,9656905
2015-12-04,74.710906,74.748604,73.694237,73.798391,54.702186,6785980
2015-12-07,73.596993,74.54188,73.533208,74.443117,55.192773,12857094
2015-12-08,74.787788,75.186632,74.169927,74.490358,55.232031,8078865
2015-12-09,74.409731,75.002465,73.795382,73.968797,54.849517,5875172
2015-12-10,73.794085,75.079953,73.408355,75.0074,55.623928,6720604
2015-12-11,75.188805,75.284264,73.876008,74.299816,55.103422,9796035
2015-12-14,74.398738,75.293184,74.147704,75.082205,55.696478,10489569
2015-12-15,74.846079,75.444487,74.73141,74.980813,55.625529,9483958
2015-12-16,75.021338,75.147409,74.169615,74.3413,55.155326,6297083
2015-12-17,74.074924,74.423857,73.532332,73.816508,54.77017,5761703
2015-12-18,73.750135,73.885068,72.819253,73.104733,54.246207,6065613
2015-12-21,73.118648,73.260407,72.193249,72.806907,54.037636,8289476
2015-12-22,72.296583,73.213694,72.114303,72.690658,53.955492,11175334
2015-12-23,72.945507,73.213536,72.685191,73.000239,54.189437,7066894
2015-12-24,73.294603,73.632219,72.599652,72.658466,53.939866,10197726
2015-12-28,72.403037,73.423556,72.327456,72.704659,53.990712,8368337
2015-12-29,72.357984,73.606625,72.309334,73.29634,54.434269,11201208
2015-12-30,73.181313,74.82602,73.145552,73.849865,54.849555,8906145
2015-12-31,74.196303,74.684244,73.535745,74.011541,54.973848,10193088
2016-01-04,74.147977,74.528048,73.890259,73.975166,54.963681,8665817
2016-01-05,73.710768,74.282956,73.532856,74.228348,55.156025,7338310
2016-01-06,74.073153,75.431082,73.845625,75.371078,56.009433,5487689
2016-01-07,75.606305,75.733219,75.003481,75.3868,56.025412,7753378
2016-01-08,75.325312,75.685291,75.259968,75.45027,56.076879,9277438
2016-01-11,75.438743,75.967697,74.904943,75.697089,56.273262,19976378
2016-01-12,75.560185,75.60839,74.219147,74.503234,55.389996,8826126
2016-01-13,74.412238,75.104807,74.089827,74.839758,55.644453,8528349
2016-01-14,74.889223,75.219887,73.994814,74.493354,55.391143,7804317
2016-01-15,74.582956,74.721811,74.016903,74.570825,55.452999,8926363
2016-01-19,74.996911,75.165693,74.01433,74.17375,55.174638,8388431
2016-01-20,73.937172,75.295441,73.602314,74.977773,55.776992,10748236
2016-01-21,75.064068,75.112724,74.851297,74.978146,55.781545,6561108
2016-01-22,74.925409,75.320267,74.719299,75.023507,55.819572,9116576
2016-01-25,74.904544,75.478592,74.843058,75.167888,55.939859,5277698
2016-01-26,75.110497,75.250525,73.693856,73.987277,55.06547,8595628
2016-01-27,74.130426,74.362845,73.477965,73.851461,54.968603,7181063
2016-01-28,74.079321,74.435456,73.763052,73.912206,55.018033,5593568
2016-01-29,74.174123,74.386298,73.957693,74.229897,55.258749,8032857
2016-02-01,74.519958,74.881431,73.072468,73.151157,54.468231,8398828
2016-02-02,73.270451,73.373005,72.393003,72.957241,54.328006,6282608
2016-02-03,72.884582,73.283146,72.618753,72.820969,54.230687,3863925
2016-02-04,72.734322,73.338889,72.659027,73.095911,54.439614,6915932
2016-02-05,72.712792,73.415204,72.633293,73.362836,54.6426,7354245
2016-02-08,73.399898,73.455508,72.42023,72.453976,53.978069,8156387
2016-02-09,72.63885,72.854381,72.02775,72.514687,54.02744,5524832
2016-02-10,72.281911,72.653585,72.143384,72.185813,53.786534,3868538
2016-02-11,72.106376,72.686986,71.830029,72.261653,53.847171,6208799
2016-02-12,72.423605,72.497734,72.175427,72.340996,53.910428,4756878
2016-02-16,72.528152,72.901935,72.35676,72.692278,54.188826,6431993
2016-02-17,72.696955,72.758523,72.63943,72.724833,54.21725,6825729
2016-02-18,72.645714,72.695615,71.810645,72.185976,53.819651,5786299
2016-02-19,72.250144,72.567518,72.201393,72.296648,53.906297,7969830
2016-02-22,72.288714,72.95186,72.183664,72.667165,54.195027,4958903
2016-02-23,72.882579,73.376224,72.790952,73.058788,54.491276,11198100
2016-02-24,72.822786,72.964736,72.416571,72.800049,54.302457,5471137
2016-02-25,72.818995,73.293964,72.456177,73.209002,54.611687,4396895
2016-02-26,73.280034,73.551404,72.99842,73.106245,54.539213,8804473
2016-02-29,73.351998,73.897557,73.255762,73.774208,55.05019,7894156
2016-03-01,73.746526,74.104514,73.462337,74.04905,55.259513,9082590
2016-03-02,73.81848,74.137724,73.03581,73.266241,54.679529,6542558
2016-03-03,73.314848,73.374095,72.649186,72.970349,54.462876,9284714
2016-03-04,73.345813,73.519308,73.160608,73.198366,54.637249,9292009
2016-03-07,73.500322,73.550673,72.306505,72.563485,54.175815,10908891
2016-03-08,72.554746,72.970431,72.490357,72.667092,54.257327,12568550
2016-03-09,72.790628,73.000153,72.510477,72.970747,54.48823,6428419
2016-03-10,73.116835,73.399927,72.412036,72.544881,54.174383,11886311
2016-03-11,72.645816,73.00189,71.745684,71.98739,53.762186,4605369
2016-03-14,71.685882,72.275105,71.520524,71.790754,53.627665,4961533
2016-03-15,71.921283,72.459027,71.624342,72.183028,53.924827,9232559
2016-03-16,71.985055,72.211381,71.762151,72.165841,53.91612,9913473
2016-03-17,72.118031,72.668949,71.987533,72.489346,54.161967,10273500
2016-03-18,72.439372,72.686273,72.348417,72.652233,54.287834,11505299
2016-03-21,72.69631,73.656434,72.62874,73.442719,54.89113,9397206
2016-03-22,73.320207,73.880738,73.266785,73.367069,54.838793,9392008
2016-03-23,73.679693,73.8305,73.168051,73.295967,54.789847,8111012
2016-03-24,73.301048,73.517346,72.604006,73.201562,54.723473,13731646
2016-03-28,73.239022,73.709775,71.942192,72.093129,53.911368,6233434
2016-03-29,71.98525,72.624166,71.747281,72.282457,54.057091,6780308
2016-03-30,72.33183,73.144047,72.292374,72.625888,54.318093,13465058
2016-03-31,72.289175,72.451194,71.13332,71.19032,53.24849,9000274
2016-04-01,71.031402,72.144829,70.878399,72.051614,53.896847,8404685
2016-04-04,71.885215,72.968397,71.494437,72.819692,54.483922,5006700
2016-04-05,72.425506,73.452021,72.388527,73.089184,54.689749,6612987
2016-04-06,73.4233,73.654529,72.811456,73.426728,54.946532,6565311
2016-04-07,73.313677,73.789958,72.625895,73.71779,55.168568,7239069
2016-04-08,73.919143,74.066694,73.374252,73.536235,55.036916,8708805
2016-04-11,73.388221,73.523666,73.355687,73.450015,54.98503,7170169
2016-04-12,73.812467,74.150878,72.226728,72.553346,54.317943,7221978
2016-04-13,72.477674,72.551327,70.907108,71.210602,53.316768,10738915
2016-04-14,71.427184,72.144289,70.94519,71.729995,53.709765,11054838
2016-04-15,71.886642,72.386261,71.023204,71.099216,53.241534,11249880
2016-04-18,71.347586,71.79732,70.040377,70.14818,52.541448,5958133
2016-04-19,69.83064,70.017838,69.251732,69.387235,51.975479,9525580
2016-04-20,69.139159,69.938297,69.105643,69.249475,51.876265,9581185
2016-04-21,69.057615,69.10722,68.092211,68.258437,51.137776,8489478
2016-04-22,68.154538,68.871192,67.762657,68.738456,51.501345,7789326
2016-04-25,68.405328,68.833084,67.745659,67.976877,50.942457,11649312
2016-04-26,67.583842,68.084012,67.197034,67.931859,50.912622,8912451
2016-04-27,68.33805,68.630399,67.911905,67.981492,50.953727,6576459
2016-04-28,68.011964,68.491245,67.707526,67.915431,50.908115,7082418
2016-04-29,67.831506,68.073558,67.294892,67.381528,50.511784,7399370
2016-05-02,67.317417,67.700402,67.163408,67.557109,50.655054,6724041
2016-05-03,67.916845,68.319831,67.045026,67.142532,50.348059,8634502
2016-05-04,67.659484,67.724315,66.230579,66.442534,49.826973,9094760
2016-05-05,66.691845,67.895064,66.561266,67.846083,50.883431,15768610
2016-05-06,67.746749,68.904102,67.542339,68.503915,51.380732,7865080
2016-05-09,68.059664,68.412221,67.831341,68.112316,51.098767,10043008
2016-05-10,68.156148,70.164463,67.943759,69.531912,52.167766,9508157
2016-05-11,69.370991,69.701166,68.69866,68.750829,51.585697,9525731
2016-05-12,69.058072,69.394422,68.275115,68.85842,51.670387,5689237
2016-05-13,68.857885,69.336457,68.399187,69.145181,51.889546,6358791
2016-05-16,69.512967,69.808391,69.090736,69.372306,52.071964,8351898
2016-05-17,69.262698,70.492091,69.204021,70.314186,52.783,9692838
2016-05-18,70.378025,71.23975,70.066891,70.628771,53.023216,7230763
2016-05-19,71.07277,71.115502,70.23155,70.40822,52.861693,9382679
2016-05-20,70.726218,70.909694,69.00543,70.010178,52.566878,10767229
2016-05-23,69.869582,70.244222,69.78355,70.107812,52.652293,9875479
2016-05-24,70.484497,71.241344,70.296189,71.149524,53.438735,9140888
2016-05-25,70.908538,72.221213,70.55344,71.994091,54.077215,10124844
2016-05-26,71.900732,72.487353,71.176242,71.306577,53.564906,7061125
2016-05-27,71.248237,71.484175,69.967936,70.162876,52.709808,9108512
2016-05-31,69.809019,69.845026,68.398859,68.808295,51.708033,5425338
2016-06-01,69.184688,69.76547,68.928649,69.667963,52.358069,11458602
2016-06-02,69.41344,70.613494,68.469951,70.256686,52.804565,10177761
2016-06-03,69.762583,71.134945,69.732699,70.690644,53.134799,15422322
2016-06-06,70.780046,71.013399,69.491785,69.976614,52.610194,9368433
2016-06-07,69.888911,70.131289,69.728585,70.047549,52.667562,7338922
2016-06-08,69.823374,69.985059,69.086904,69.598816,52.334179,6945583
2016-06-09,70.235662,71.101423,69.357373,69.674171,52.394858,5165734
2016-06-10,70.070224,70.51702,69.625071,69.939891,52.598711,12437876
2016-06-13,69.888909,70.387841,69.614796,69.964281,52.629156,6105883
2016-06-14,69.889588,70.184966,69.208959,69.453776,52.249145,5853253
2016-06-15,69.511435,69.707657,69.112349,69.30785,52.143364,5559011
2016-06-16,69.274561,69.686877,68.746529,68.894386,51.83627,7936501
2016-06-17,68.852057,68.880977,68.670131,68.768219,51.745308,7042153
2016-06-20,68.483828,69.791049,68.450126,69.424569,52.2512,8164706
2016-06-21,69.113138,70.123187,68.864766,69.780909,52.52342,9034779
2016-06-22,69.578818,70.3428,69.378099,70.095345,52.764138,6548992
2016-06-23,70.490172,71.239596,70.291837,70.785882,53.288023,9324374
2016-06-24,70.80319,71.805811,70.256192,71.648004,53.941169,7516061
2016-06-27,71.68397,71.768501,70.952297,71.188662,53.607674,7662588
2016-06-28,70.914248,71.425163,70.813877,71.169355,53.597243,8363407
2016-06-29,71.2499,72.241363,71.190313,71.85649,54.118869,11556344
2016-06-30,71.860462,72.266562,71.136694,71.3745,53.759978,7627209
2016-07-01,71.741745,72.125791,71.260749,71.486927,53.848788,4357749
2016-07-05,72.356618,72.581367,71.32503,71.520624,53.890693,7535768
2016-07-06,71.398238,71.737959,70.605292,70.874576,53.407991,4919894
2016-07-07,71.080801,71.66959,70.135399,70.388164,53.045518,6511992
2016-07-08,70.136019,70.632445,69.653144,70.444421,53.091984,6748127
2016-07-11,70.235281,71.099169,70.07592,70.725778,53.316295,5752550
2016-07-12,70.426277,70.926699,69.915174,70.500135,53.15027,8247852
2016-07-13,70.423433,70.640957,69.808075,69.901392,52.702916,7071308
2016-07-14,69.960977,70.807515,69.751514,70.495339,53.154803,7945695
2016-07-15,70.311853,70.688968,69.711354,69.765075,52.608203,4537090
2016-07-18,69.452447,71.021859,69.309762,70.913695,53.48665,4688915
2016-07-19,70.856413,71.95845,70.575784,71.653498,54.04879,6403550
2016-07-20,71.74251,72.726262,71.687341,72.355123,54.582215,5819725
2016-07-21,72.618718,73.576882,72.292132,73.14279,55.180634,9606485
2016-07-22,73.100362,73.394059,72.658808,72.850483,54.964324,9324044
2016-07-25,72.5677,73.569799,72.519578,73.192626,55.235166,11613361
2016-07-26,73.179418,74.152175,72.959939,74.095903,55.921115,7365193
2016-07-27,74.013858,74.062021,72.614754,72.997065,55.096031,7782179
2016-07-28,72.632022,73.533049,72.248635,73.472421,55.459067,9312401
2016-07-29,73.002465,74.029299,72.864218,73.782464,55.697366,18164299
2016-08-01,73.545508,74.343781,73.26323,74.256169,56.067852,6453386
2016-08-02,74.294813,75.029731,73.46127,74.957961,56.602086,11176877
2016-08-03,74.888598,75.006172,74.457844,74.781533,56.473192,4519613
2016-08-04,74.814766,75.367009,74.563248,74.636804,56.368217,6504926
2016-08-05,74.728553,74.976233,74.414055,74.575054,56.325899,8467006
2016-08-08,74.424983,74.512345,73.0536,73.346512,55.410734,7194680
2016-08-09,73.243574,74.735004,72.937406,74.41511,56.222332,9612103
2016-08-10,74.169022,74.515013,73.257582,73.496852,55.532823,9140160
2016-08-11,73.132373,75.160135,72.955529,74.280879,56.129523,4950056
2016-08-12,74.18914,75.029026,73.843837,74.996626,56.674713,8695406
2016-08-15,74.984531,75.09759,74.569172,74.727563,56.484372,4081699
2016-08-16,74.729698,75.25651,73.592213,73.810012,55.795099,6527418
2016-08-17,73.936617,75.210179,73.804016,74.777498,56.530783,6170345
2016-08-18,74.424024,75.046222,74.080669,75.007912,56.70932,8750024
2016-08-19,75.2773,75.558781,73.63844,74.309309,56.185452,8499489
2016-08-22,74.314056,74.878298,73.949016,74.844758,56.603323,7901517
2016-08-23,74.469134,74.799141,73.405868,73.549603,55.628092,8675673
2016-08-24,73.718016,74.039495,73.187223,73.591175,55.663801,8418799
2016-08-25,73.303884,73.364748,72.475776,73.039353,55.250643,8396022
2016-08-26,73.414161,73.564941,71.87831,72.005352,54.472647,5802858
2016-08-29,72.298619,73.114031,71.595057,71.813075,54.339684,4911503
2016-08-30,71.983078,72.194142,71.331082,71.371274,54.009522,5240814
2016-08-31,71.432476,71.961163,70.632495,70.717632,53.518987,6583035
2016-09-01,71.213612,71.58624,70.364402,70.559567,53.403457,9702432
2016-09-02,69.914023,71.094895,69.688991,71.002971,53.74317,6622297
2016-09-06,70.923263,71.534406,70.872834,70.948752,53.7186,13061810
2016-09-07,71.040392,72.07173,70.824903,71.752949,54.33166,5952503
2016-09-08,71.866394,72.369835,71.041329,71.165732,53.891148,6157520
2016-09-09,70.592205,71.360679,70.365707,70.94244,53.726176,5377594
2016-09-12,70.434709,70.890167,70.317858,70.762935,53.602559,5698993
2016-09-13,70.765426,71.415393,70.58117,71.167498,53.913146,6318588
2016-09-14,71.595759,72.133337,71.123541,71.155483,53.908177,4965053
2016-09-15,71.043134,71.098351,70.385105,70.62347,53.50922,10847077
2016-09-16,70.523043,70.905406,69.651498,69.936119,52.992498,9133547
2016-09-19,69.739597,69.911604,69.104808,69.577515,52.732899,7821147
2016-09-20,69.567671,69.91446,68.545175,69.093934,52.370407,9657816
2016-09-21,69.325779,69.986532,69.240239,69.448186,52.642951,13261453
2016-09-22,69.408766,70.174789,69.334715,70.023104,53.082818,7177095
2016-09-23,69.88693,69.991243,69.220105,69.537146,52.718467,9125036
2016-09-26,69.592684,69.637283,69.228029,69.594423,52.774026,8883708
2016-09-27,69.642652,69.824247,69.173937,69.251689,52.518153,9524400
2016-09-28,69.345943,69.457942,68.897792,69.228781,52.504806,9825387
2016-09-29,69.009331,69.524186,68.883001,69.370098,52.616018,10528751
2016-09-30,69.260551,69.897254,69.179109,69.569946,52.771644,8063784
2016-10-03,69.462398,69.560083,68.597189,68.921221,52.291584,11723772
2016-10-04,69.359615,69.495489,68.989905,69.05728,52.398832,6031101
2016-10-05,69.097898,70.203811,68.954185,69.839757,52.996617,8404001
2016-10-06,70.045626,70.671103,69.804134,70.238834,53.303535,7438901
2016-10-07,70.393152,70.63558,70.157234,70.556,53.548334,7875883
2016-10-10,70.32132,71.207916,70.188879,71.098483,53.972461,8441999
2016-10-11,71.289029,71.615314,70.634794,70.840297,53.780589,5334124
2016-10-12,70.939138,70.974058,70.157115,70.557203,53.569776,9314951
2016-10-13,70.631759,71.339309,70.471675,70.872405,53.813215,7919943
2016-10-14,70.630518,70.811938,69.400914,69.662621,52.898685,7394415
2016-10-17,69.891907,70.503798,69.542767,70.150638,53.281515,6892990
2016-10-18,70.588011,70.802563,68.330615,68.602428,52.109597,7330547
2016-10-19,68.212693,69.496696,68.174648,69.277266,52.626231,7823719
2016-10-20,69.243386,69.393159,68.112219,68.420651,51.979491,6030559
2016-10-21,68.576353,68.622923,68.279263,68.308461,51.898238,6043769
2016-10-24,68.383829,68.689483,67.748186,68.48755,52.046271,7184757
2016-10-25,68.171859,68.264431,68.104154,68.146784,51.791281,8191074
2016-10-26,68.044532,69.037999,67.877916,68.836978,52.319836,3471200
2016-10-27,69.330961,69.681557,67.968047,68.098789,51.76274,10347687
2016-10-28,68.154034,68.56845,67.853194,67.981167,51.677296,5891562
2016-10-31,68.050349,68.180133,66.879111,67.629528,51.421814,8880233
2016-11-01,67.865059,68.275307,67.18209,67.345663,51.209904,7869960
2016-11-02,67.204229,67.295052,66.723849,67.024721,50.969766,6291576
2016-11-03,67.016248,67.408725,66.837026,67.336932,51.211117,7748914
2016-11-04,67.381786,67.606667,67.208523,67.250735,51.149483,9273129
2016-11-07,67.45543,67.782018,66.996336,67.239354,51.152589,12989783
2016-11-08,67.157088,67.719879,67.077167,67.564608,51.403968,7111645
2016-11-09,67.510478,67.697873,67.348783,67.609727,51.442238,6632582
2016-11-10,67.780193,67.949988,67.55353,67.64656,51.47421,8793344
2016-11-11,67.636076,67.877555,67.411317,67.673716,51.498821,5910402
2016-11-14,67.694825,67.798767,67.140831,67.446996,51.338096,6330839
2016-11-15,67.152043,69.138119,66.876673,69.004521,52.527651,9891987
2016-11-16,68.802538,69.088928,68.427072,68.609026,52.230596,11062720
2016-11-17,68.439522,68.925254,68.058391,68.694623,52.299768,7571249
2016-11-18,68.991168,69.348182,68.449698,68.499117,52.154921,9390810
2016-11-21,68.359779,68.446764,66.917037,67.159763,51.146904,8965872
2016-11-22,67.065426,67.295143,67.035165,67.079582,51.089757,10559484
2016-11-23,67.062673,67.094863,66.578066,66.658624,50.773035,5701730
2016-11-25,66.984672,67.075058,65.803031,66.169024,50.407841,7522406
2016-11-28,66.387013,66.501376,66.18719,66.290302,50.511846,4343214
2016-11-29,66.286958,67.341317,66.240036,67.068422,51.108675,9182660
2016-11-30,67.133872,67.663216,67.073137,67.232905,51.237945,6488064
2016-12-01,67.092002,67.772105,66.70228,67.735047,51.624583,7204402
2016-12-02,67.734302,68.412119,67.646153,68.095103,51.902981,9839914
2016-12-05,68.514434,68.926435,67.934842,68.133278,51.944023,14283952
2016-12-06,68.263567,68.863728,67.993917,68.827854,52.477582,13397040
2016-12-07,68.598318,68.669491,68.172607,68.347633,52.115434,7965447
2016-12-08,68.212099,69.086577,68.154455,69.042704,52.649466,11331759
2016-12-09,69.273077,69.312581,68.069406,68.249681,52.048724,7677586
2016-12-12,68.708571,69.087766,67.473279,67.870204,51.771232,5745470
2016-12-13,67.799217,68.127037,67.51183,67.945367,51.832539,13887847
2016-12-14,67.791241,68.656517,67.465997,68.577816,52.319017,8113285
2016-12-15,68.780303,69.403965,68.556069,69.221252,52.813952,5552379
2016-12-16,69.120752,69.854214,68.998269,69.447141,52.990362,7164230
2016-12-19,69.397882,69.620609,69.157963,69.475152,53.023929,9093729
2016-12-20,69.505758,69.640882,69.16575,69.314294,52.905216,5869675
2016-12-21,68.828808,70.232327,68.710198,69.918189,53.37024,9854184
2016-12-22,70.341575,71.018991,70.313377,70.517971,53.832194,6613488
2016-12-23,70.566412,71.184268,70.289806,70.986376,54.193921,14301258
2016-12-27,70.765884,71.075332,70.04113,70.101924,53.535107,9701643
2016-12-28,70.239769,70.929299,69.438576,69.898664,53.383975,10230087
2016-12-29,70.032052,70.108014,69.719519,70.009865,53.473002,7001928
2016-12-30,69.989755,70.329141,69.94295,70.291447,53.692188,7327725
2017-01-03,70.184379,72.279691,69.880921,71.590807,54.701476,8980337
2017-01-04,71.740766,71.857478,71.370278,71.448948,54.597269,7748920
2017-01-05,71.458981,71.852331,71.322039,71.715214,54.804935,9492318
2017-01-06,72.044151,72.306305,71.379735,71.620698,54.736903,7002561
2017-01-09,71.816632,72.338743,71.45716,72.106584,55.120921,4813023
2017-01-10,72.14574,72.945917,71.776024,72.403315,55.351997,8955929
2017-01-11,72.335345,73.068483,72.214252,72.7103,55.590946,13432182
2017-01-12,72.872142,72.930115,72.281633,72.3961,55.354967,5345460
2017-01-13,72.369358,72.802328,71.70177,71.865825,54.953725,4171855
2017-01-17,72.318147,72.381308,71.983594,72.02573,55.092891,10393956
2017-01-18,71.878796,72.250608,71.837422,72.21902,55.244974,7476284
2017-01-19,72.082105,72.2375,71.627278,71.844209,54.962471,9002848
2017-01-20,71.558051,72.79375,71.342803,72.713754,55.631956,6865904
2017-01-23,72.77284,73.012594,71.934743,72.128938,55.197218,8765864
2017-01-24,72.232364,72.708544,72.144691,72.510145,55.493193,9852110
2017-01-25,72.563918,73.025389,72.490671,72.92479,55.814806,10517352
2017-01-26,72.449571,72.764264,71.656213,71.782679,54.944875,10995235
2017-01-27,71.814348,71.904536,70.941899,71.385804,54.645282,8410941
2017-01-30,71.337703,71.447404,71.088423,71.323402,54.610071,4815517
2017-01-31,71.368787,72.008593,71.057524,71.168052,54.495302,10467430
2017-02-01,71.103821,72.861274,70.787517,72.692515,55.666893,5965311
2017-02-02,72.969807,73.074774,72.346735,72.382672,55.433869,6944595
2017-02-03,72.552796,73.153759,72.226505,72.470296,55.50523,9855632
2017-02-06,72.62797,74.019289,72.569717,73.950843,56.652213,6403836
2017-02-07,74.065387,74.164671,73.861135,73.907743,56.623535,4635711
2017-02-08,73.762475,73.950323,72.813684,73.145763,56.04405,9655149
2017-02-09,73.105931,73.831271,72.654193,73.758633,56.517961,8989299
2017-02-10,73.374731,73.904003,73.050145,73.269294,56.147306,6504326
2017-02-13,72.9123,73.292182,72.640462,72.737494,55.752601,6033160
2017-02-14,72.776861,73.177947,71.255134,71.352652,54.695325,10802769
2017-02-15,71.893841,72.15879,71.322582,71.618758,54.903517,10657052
2017-02-16,72.067914,72.24872,70.935928,71.471197,54.794596,11472156
2017-02-17,71.528526,72.663694,71.199566,72.530933,55.611324,9315900
2017-02-21,72.398472,72.790993,72.346129,72.643875,55.715001,6721905
2017-02-22,72.604999,73.150605,72.027818,72.907082,55.921157,9605823
2017-02-23,72.670358,74.159485,72.333865,73.917235,56.700311,5707368
2017-02-24,74.19814,74.933899,73.941732,74.531924,57.176209,8273641
2017-02-27,74.249972,75.766002,74.095472,75.704185,58.088851,6001525
2017-02-28,75.827051,76.499181,75.445404,76.324531,58.569341,10785004
2017-03-01,76.361054,76.524647,75.693164,75.882923,58.234927,5914807
2017-03-02,75.9351,76.447035,75.344721,75.978908,58.313059,7134334
2017-03-03,75.97044,76.19777,75.293047,75.36746,57.848214,9473994
2017-03-06,75.508316,76.089195,74.58086,75.159616,57.701952,6494657
2017-03-07,75.248405,75.570432,74.427066,74.55263,57.240341,6189657
2017-03-08,74.670318,74.748172,74.108159,74.368564,57.103395,7348303
2017-03-09,74.762276,74.863633,74.145969,74.385553,57.120819,11909625
2017-03-10,74.413523,75.269487,73.954392,74.429002,57.158565,8522894
2017-03-13,74.454033,74.562917,73.882745,73.966977,56.816813,8133927
2017-03-14,74.518895,74.620287,73.73157,73.77937,56.67705,8805295
2017-03-15,73.734859,75.177123,73.506671,74.398809,57.157283,7087452
2017-03-16,74.259738,74.475772,74.039736,74.098931,56.931264,7303067
2017-03-17,74.155539,75.024483,74.125073,74.869299,57.527558,12758684
2017-03-20,74.640254,75.302518,74.160765,74.681741,57.396642,5026102
2017-03-21,74.787009,74.891648,74.155232,74.362811,57.15591,7862604
2017-03-22,74.331319,74.978672,73.485805,73.760467,56.69729,12128658
2017-03-23,73.599707,74.384702,73.510968,73.914096,56.819734,8605885
2017-03-24,74.032509,74.293078,73.807321,73.996787,56.887662,11503908
2017-03-27,73.96937,74.5189,73.919111,74.447132,57.247045,5455341
2017-03-28,74.556147,75.081116,74.328974,74.814328,57.533815,9102341
2017-03-29,74.541668,75.164434,74.297162,75.127467,57.779055,7543842
2017-03-30,75.387751,75.529025,74.03596,74.094347,56.988872,6244345
2017-03-31,73.850676,74.187568,73.487796,73.986833,56.910541,5706799
2017-04-03,73.366088,74.379368,72.893952,74.313502,57.174961,6310241
2017-04-04,74.413557,74.444573,73.717439,74.345046,57.203615,10475138
2017-04-05,74.44704,74.709459,73.888162,74.033644,56.968379,6201570
2017-04-06,74.232465,74.293516,73.133454,73.431238,56.509164,7152607
2017-04-07,73.643928,74.077521,73.504431,73.805303,56.801381,8820132
2017-04-10,73.591273,74.771236,73.443546,74.582793,57.412948,8285131
2017-04-11,74.721765,75.407094,74.453553,75.037401,57.767328,7129267
2017-04-12,75.456612,75.636163,73.881496,74.186956,57.116994,7994739
2017-04-13,74.618751,74.652032,74.265497,74.325569,57.2281,15946403
2017-04-17,74.576961,74.869439,73.614848,73.656972,56.730697,6840844
2017-04-18,73.346146,73.936118,73.06017,73.874738,56.902782,14543407
2017-04-19,73.976306,74.092306,73.734278,73.822454,56.866869,7206497
2017-04-20,74.06613,74.569266,73.748325,74.070293,57.062159,6586758
2017-04-21,73.947073,74.334599,73.798098,73.831675,56.882693,7603387
2017-04-24,73.707401,74.570426,73.463107,74.17912,57.163522,4091750
2017-04-25,74.390589,74.427135,73.717008,73.986034,57.019099,3679836
2017-04-26,73.668489,74.689315,73.532967,74.476179,57.401241,11323165
2017-04-27,74.452298,74.708421,73.58997,74.068765,57.091609,7392639
2017-04-28,74.180978,74.212989,73.291875,73.529798,56.680523,6675607
2017-05-01,73.669835,74.060081,73.493399,73.864182,56.95138,8030444
2017-05-02,73.675443,74.010462,73.208484,73.925235,57.002822,10694916
2017-05-03,73.974403,74.097455,73.758977,73.861102,56.957737,10752378
2017-05-04,73.830161,73.905978,73.532567,73.855666,56.957911,6246759
2017-05-05,73.772365,73.895383,73.45459,73.592291,56.759146,6762174
2017-05-08,73.511588,73.680377,73.018297,73.078668,56.37597,7636445
2017-05-09,73.060655,73.346639,72.68333,72.820069,56.180783,6976410
2017-05-10,73.187387,73.559461,72.954377,73.51114,56.718293,7009917
2017-05-11,73.575004,73.780779,72.552826,72.935384,56.278377,13542769
2017-05-12,72.88729,73.337121,72.521317,72.932124,56.280175,6350683
2017-05-15,73.007743,73.199614,72.521612,72.715838,56.126178,6630390
2017-05-16,72.554587,72.842167,72.161748,72.355756,55.852528,9938203
2017-05-17,72.507663,73.198386,72.424043,72.884879,56.265279,9442745
2017-05-18,73.065906,73.191717,72.722077,72.911984,56.290519,10863555
2017-05-19,72.908235,74.127989,72.792049,73.657979,56.870812,10342991
2017-05-22,73.689991,73.8022,73.511242,73.649017,56.876971,6460465
2017-05-23,73.587318,74.308697,73.317661,74.058543,57.197621,6914726
2017-05-24,74.075231,75.29676,73.820369,75.170324,58.060733,6094009
2017-05-25,75.017261,75.779003,74.862124,75.345395,58.200418,6883075
2017-05-26,75.041774,76.505198,74.641221,76.246693,58.901139,13358321
2017-05-30,76.399759,76.482899,75.350561,75.432149,58.289769,4868180
2017-05-31,75.67562,76.096918,74.327208,74.621937,57.668103,10779076
2017-06-01,74.564071,74.903808,73.606577,73.821195,57.05366,4849762
2017-06-02,73.847481,74.119195,73.418802,74.012895,57.206203,5793811
2017-06-05,74.298659,74.644147,72.311563,72.754447,56.246454,6584258
2017-06-06,72.867335,72.929397,72.028196,72.575914,56.112732,6278314
2017-06-07,72.319668,74.183417,72.267623,74.129293,57.318135,5543954
2017-06-08,73.761112,74.516756,73.282655,74.382864,57.51861,10269567
2017-06-09,74.345633,75.253948,73.964544,74.868671,57.898712,8031356
2017-06-12,74.612231,75.098605,73.796655,74.05919,57.285884,6187442
2017-06-13,73.808475,75.20892,73.754409,75.135461,58.122851,5030410
2017-06-14,75.453521,75.920772,73.401579,73.749434,57.05503,6469838
2017-06-15,73.453737,73.830051,73.198887,73.39701,56.786736,6977014
2017-06-16,72.973311,73.221683,72.872538,73.08683,56.551087,12668423
2017-06-19,73.069789,73.110376,71.725085,71.809401,55.575454,7397977
2017-06-20,72.105173,73.234476,71.957723,72.715048,56.280675,6446050
2017-06-21,72.52492,73.733975,72.366275,72.866924,56.402549,7819618
2017-06-22,73.091385,73.960364,73.020931,73.244933,56.699493,8183373
2017-06-23,73.320211,73.354543,71.878249,72.180425,55.879732,9731133
2017-06-26,72.03226,72.225544,70.979226,71.036615,55.006881,8193451
2017-06-27,71.23822,71.775293,69.741442,70.447503,54.554887,5230333
2017-06-28,70.627073,70.772,69.489107,69.661421,53.950277,6968014
2017-06-29,69.512596,70.144748,69.467026,69.67069,53.961592,6443590
2017-06-30,69.745724,70.019235,68.290856,68.96616,53.420011,8954524
2017-07-03,68.92344,69.104466,68.119937,68.573303,53.127928,8693131
2017-07-05,68.710933,68.741223,67.59862,68.100207,52.769482,11136571
2017-07-06,67.722775,68.493882,67.558861,68.395475,53.002342,8887238
2017-07-07,68.542693,68.649901,68.325753,68.602608,53.166933,11711465
2017-07-10,68.513611,68.696828,67.765996,67.948427,52.672056,8858545
2017-07-11,67.920697,68.716845,67.846241,68.594192,53.176714,5900483
2017-07-12,68.55456,68.940042,67.676104,67.84756,52.60193,7069272
2017-07-13,67.915688,67.954141,66.850597,66.994349,51.944421,6637496
2017-07-14,67.177629,67.370654,66.330703,66.512298,51.574614,12883025
2017-07-17,66.37269,66.748151,66.309862,66.664963,51.704882,5589209
2017-07-18,66.803258,67.646435,66.660354,67.155418,52.089269,12645952
2017-07-19,67.114707,67.480996,66.467985,67.109268,52.057463,8137792
2017-07-20,67.076403,67.218517,66.679813,66.75752,51.788578,7397838
2017-07-21,66.652259,66.729944,65.999508,66.439721,51.54599,4060320
2017-07-24,66.421247,67.66404,66.322253,67.611832,52.467415,6729984
2017-07-25,67.34564,67.660912,66.84969,67.09559,52.070798,9506700
2017-07-26,66.946497,66.993109,66.473313,66.545307,51.6477,7787002
2017-07-27,66.346964,66.93288,66.063713,66.810185,51.857254,8441135
2017-07-28,66.608785,66.66075,65.957439,66.179616,51.371752,7924794
2017-07-31,66.542077,67.021903,66.337486,66.732624,51.812937,10034209
2017-08-01,66.941453,67.455371,66.112756,66.547714,51.67333,10400486
2017-08-02,66.575625,66.825003,66.083931,66.537672,51.669493,8947154
2017-08-03,66.468078,66.669184,66.069051,66.12234,51.350905,6553769
2017-08-04,65.887144,66.765309,65.49724,66.648538,51.763521,8705421
2017-08-07,66.668091,67.201568,65.492445,65.653124,51.002147,7347807
2017-08-08,65.694202,66.850843,65.653902,66.424153,51.605071,5136473
2017-08-09,66.198865,67.567997,66.137098,67.099581,52.133809,12402906
2017-08-10,67.145554,67.565211,66.9674,67.495302,52.445289,6373746
2017-08-11,67.083654,67.892106,66.691742,67.816912,52.699227,10510144
2017-08-14,68.241259,68.538488,68.114429,68.393476,53.159488,7296480
2017-08-15,68.490227,68.690845,67.244905,67.36053,52.360635,9431980
2017-08-16,67.452424,67.966073,66.359692,66.444822,51.652797,7311549
2017-08-17,66.519045,67.991915,66.435867,67.732206,52.657618,10483315
2017-08-18,67.434735,67.544782,66.73157,67.030825,52.116333,7915003
2017-08-21,67.096221,67.822583,66.845696,67.723035,52.666635,11442583
2017-08-22,67.678425,67.778849,66.406833,66.844232,51.987196,6883257
2017-08-23,67.139433,67.369385,66.429552,66.487609,51.713802,8409128
2017-08-24,66.43749,67.224316,65.982051,66.77646,51.942451,6366361
2017-08-25,66.7106,67.143313,66.106836,66.421204,51.670073,7316855
2017-08-28,66.415069,67.409512,66.269342,67.339472,52.396457,9206082
2017-08-29,67.242212,68.468718,66.993183,68.436906,53.254446,7002456
2017-08-30,68.40923,68.73127,67.896856,68.16753,53.048897,9513871
2017-08-31,67.996984,69.205968,67.787048,68.993275,53.695619,6869024
2017-09-01,69.158402,69.344406,68.406596,68.487533,53.3061,6655691
2017-09-05,68.451955,68.536027,67.425877,67.535907,52.581539,15450705
2017-09-06,67.159437,68.312681,66.940305,67.943144,52.902657,4234743
2017-09-07,68.133055,68.767785,67.525052,68.61875,53.432802,8748353
2017-09-08,68.333019,70.496497,68.213502,70.055605,54.55585,5397747
2017-09-11,69.854598,70.534686,68.978909,70.381593,54.82232,5988847
2017-09-12,70.33033,70.602317,70.085038,70.437587,54.870141,7660700
2017-09-13,70.756189,70.789467,69.053254,69.338085,54.017781,10800751
2017-09-14,69.346973,71.315399,68.564897,71.028521,55.338956,10443266
2017-09-15,70.936542,71.448964,70.134309,70.985051,55.309328,6803165
2017-09-18,70.969925,71.556999,70.707139,71.202381,55.491426,7819083
2017-09-19,71.222497,71.527763,70.733903,71.343357,55.605558,7625654
2017-09-20,71.574282,71.844807,71.274848,71.357612,55.620932,6306250
2017-09-21,71.04659,71.964861,70.810478,71.68912,55.883615,5100464
2017-09-22,71.62076,72.171461,71.146302,71.989092,56.121754,5718027
2017-09-25,71.984372,72.978812,71.627351,72.67989,56.673323,11803226
2017-09-26,72.935363,73.523431,72.370071,73.255792,57.126771,4500906
2017-09-27,73.131151,74.169613,73.083405,73.86861,57.609079,7862402
2017-09-28,73.852116,74.529991,73.410742,74.363524,57.999501,9915429
2017-09-29,74.152645,75.278582,73.922998,74.851982,58.384947,6241791
2017-10-02,74.778691,74.929024,73.861469,74.521166,58.140279,5668274
2017-10-03,74.242327,74.550042,73.605119,74.313246,57.982508,7212797
2017-10-04,74.236235,76.023838,73.568804,75.430232,58.858541,10543783
2017-10-05,75.353094,75.390979,74.201246,74.845999,58.407139,3704265
2017-10-06,74.586172,75.488558,74.36,75.228124,58.709836,6713604
2017-10-09,75.37657,75.523615,74.869335,75.21988,58.716905,4491839
2017-10-10,75.1537,75.380287,74.240941,74.36035,58.050403,7186486
2017-10-11,74.112129,75.060553,74.067326,74.678496,58.303237,8719619
2017-10-12,75.071805,75.238368,74.902554,75.192351,58.708916,7855263
2017-10-13,75.081934,76.040211,74.96434,75.811894,59.197182,4029923
2017-10-16,75.826695,76.129692,75.492522,75.998662,59.356668,10254567
2017-10-17,76.018963,77.502091,75.843916,77.035556,60.171118,10995806
2017-10-18,76.859845,77.077163,76.808557,76.862383,60.040458,7846031
2017-10-19,76.796942,77.625232,76.665758,77.501643,60.544452,7022803
2017-10-20,77.60145,77.870012,76.836639,77.135083,60.262714,8891875
2017-10-23,76.846525,77.417664,76.551034,77.235184,60.354799,7002257
2017-10-24,77.205519,78.996426,77.084146,78.344594,61.226431,10089409
2017-10-25,78.759623,79.743502,78.262026,79.558869,62.180156,5899253
2017-10-26,79.275493,79.793675,78.775643,78.839686,61.622794,8784584
2017-10-27,78.698473,79.052023,78.203854,78.259725,61.174173,7950582
2017-10-30,78.548779,78.632328,78.145085,78.260214,61.188626,5690870
2017-10-31,77.972365,79.620542,77.81219,79.338022,62.036078,10161763
2017-11-01,79.358551,79.579182,78.738475,79.44231,62.122385,9112649
2017-11-02,79.174531,80.555887,78.70215,80.266079,62.771368,6825759
2017-11-03,80.503904,80.627745,79.188695,79.342134,62.053563,10298510
2017-11-06,79.266449,79.780534,79.229548,79.412158,62.122614,7600459
2017-11-07,79.15029,79.421571,78.435255,79.09335,61.877959,5804731
2017-11-08,79.328862,79.702093,78.044569,78.679656,61.559028,10059750
2017-11-09,78.387586,78.889436,77.86426,78.265479,61.239671,12094380
2017-11-10,77.970522,78.845552,77.464111,77.780438,60.864811,8576896
2017-11-13,77.755415,78.09746,77.544028,77.712312,60.825488,9935902
2017-11-14,77.767216,79.215618,77.302652,78.954888,61.802791,10338340
2017-11-15,78.984954,79.469534,78.080394,78.147553,61.17553,10240981
2017-11-16,78.167561,78.857647,77.964787,78.086504,61.132425,15619701
2017-11-17,78.04599,78.250412,78.010298,78.205901,61.230593,11915471
2017-11-20,77.992518,78.275934,77.141569,77.244422,60.491722,7525860
2017-11-21,77.449027,78.002944,77.08358,77.317117,60.553293,7667062
2017-11-22,76.974691,77.021994,75.916579,76.698805,60.073648,5849359
2017-11-24,76.947615,77.76956,76.876365,77.500346,60.710755,9270349
2017-11-27,77.590937,78.694943,77.353407,78.44305,61.463366,6518773
2017-11-28,78.392565,78.527794,77.877079,78.008322,61.127425,7832959
2017-11-29,77.915069,79.03466,77.6152,78.873913,61.810442,6425753
2017-11-30,79.142644,79.243979,77.549452,77.656262,60.860881,8469960
2017-12-01,78.081359,78.540838,77.603641,77.959478,61.103202,7725547
2017-12-04,77.969917,78.68413,76.58951,77.186742,60.51146,7853563
2017-12-05,77.57508,77.825575,76.184511,76.351195,59.861012,6077204
2017-12-06,76.569755,77.445467,76.303297,76.689661,60.130986,10780847
2017-12-07,76.820443,76.985922,76.611898,76.682769,60.130192,10502236
2017-12-08,76.765904,77.717067,76.692408,77.619299,60.86923,8374679
2017-12-11,77.555817,77.98237,77.374011,77.784837,61.013076,10925196
2017-12-12,77.977286,78.304202,77.714776,78.236372,61.371957,8429894
2017-12-13,78.436941,80.052292,78.317081,79.750107,62.564191,8082960
2017-12-14,79.866056,80.369822,79.454289,80.101964,62.845042,7820526
2017-12-15,80.414088,80.491155,79.28343,79.798575,62.611814,7252236
2017-12-18,79.590492,80.170354,79.230335,79.792866,62.621734,8933074
2017-12-19,79.723859,80.927972,79.317336,80.730633,63.362554,7400862
2017-12-20,80.841396,81.16652,80.241701,80.319428,63.044647,4706368
2017-12-21,80.303525,80.627215,79.012328,79.361593,62.297595,10492125
2017-12-22,79.52044,79.87584,79.484646,79.702991,62.570383,7869477
2017-12-26,79.474904,79.926029,79.373894,79.483477,62.417192,10906297
2017-12-27,79.357841,80.158979,79.041143,79.836159,62.698954,9794663
2017-12-28,79.803626,80.467758,79.766446,80.20091,62.990238,14235936
2017-12-29,80.089435,80.849793,79.736446,80.481378,63.215365,4728799
2018-01-02,80.915214,81.084383,79.884482,80.064549,62.907247,11507103
2018-01-03,79.948879,81.479252,79.880248,81.194429,63.799892,6160361
2018-01-04,81.435801,81.615314,81.081644,81.161882,63.779206,12741376
2018-01-05,81.263928,81.900409,80.611635,81.27088,63.869757,7056018
2018-01-08,81.119369,81.227702,80.620107,80.780922,63.499307,8676638
2018-01-09,80.741635,81.36125,80.052014,80.504324,63.286733,12265163
2018-01-10,80.201518,80.936884,79.988664,80.808583,63.53079,7125164
2018-01-11,81.019409,81.251685,80.909231,81.172427,63.821732,15952294
2018-01-12,81.209728,81.421949,80.582841,80.971607,63.668718,11879704
2018-01-16,81.200749,81.881278,81.159791,81.744921,64.296495,7168555
2018-01-17,81.763737,81.942556,80.296855,80.456397,63.287857,9088704
2018-01-18,80.296457,81.888414,80.16479,81.508092,64.120047,7867721
2018-01-19,82.035057,82.139714,80.457949,80.542616,63.365392,12460073
2018-01-22,80.81439,81.84052,80.723308,81.505401,64.137594,15060750
2018-01-23,81.638182,82.645909,81.451265,82.355305,64.811362,4840181
2018-01-24,82.144131,83.120381,81.785957,82.549178,64.968915,10449272
2018-01-25,82.210728,83.13249,81.656075,82.596384,65.011051,13650673
2018-01-26,82.719183,82.875243,81.813013,82.008316,64.553135,6851239
2018-01-29,81.868329,82.164831,81.297237,81.528579,64.190269,7534745
2018-01-30,81.618674,81.774929,80.583947,80.835677,63.649604,5139768
2018-01-31,80.967251,81.877248,80.895641,81.582919,64.242902,4237696
2018-02-01,81.75268,82.350427,81.555354,82.208252,64.740287,7018631
2018-02-02,82.149159,82.530191,81.973556,82.15983,64.707114,5892169
2018-02-05,82.399259,83.129382,82.179628,82.924563,65.324421,6224937
2018-02-06,83.173329,83.967278,83.024234,83.753217,65.982257,7860381
2018-02-07,83.735683,84.426459,83.133294,84.148354,66.298636,7145223
2018-02-08,83.910002,84.067674,83.501595,83.564935,65.844019,7797137
2018-02-09,83.884807,84.057561,83.378333,83.434388,65.746197,5427364
2018-02-12,83.352993,83.925869,83.309581,83.880063,66.112591,7936542
2018-02-13,83.800941,83.90934,83.129087,83.206156,65.586459,4040219
2018-02-14,83.089242,83.639331,82.002576,83.454441,65.78721,6700505
2018-02-15,83.410246,83.509422,81.857215,82.087766,64.714819,8165165
2018-02-16,81.956755,82.139852,81.828722,82.0874,64.719492,12690500
2018-02-20,82.117197,82.22047,81.70186,81.854623,64.555758,9580561
2018-02-21,81.831097,82.498879,81.543857,81.830948,64.542034,6753433
2018-02-22,81.506979,83.021879,80.987454,82.513974,65.085742,13677090
2018-02-23,82.619612,82.724361,82.014088,82.287504,64.912082,6679071
2018-02-26,82.573169,82.849103,81.147101,81.421125,64.243416,8087014
2018-02-27,81.020047,81.558043,80.654301,81.181372,64.059156,9776410
2018-02-28,80.874484,81.772795,80.682645,81.195006,64.074825,4647511
2018-03-01,81.005399,82.034686,80.788804,81.687432,64.468365,6550269
2018-03-02,81.383419,82.092229,80.842007,81.618358,64.418789,7525139
2018-03-05,81.834798,82.134398,80.863786,81.170542,64.080077,14840374
2018-03-06,81.548738,81.78757,81.015597,81.292216,64.181053,6555849
2018-03-07,81.151303,82.289387,80.997469,81.781256,64.572104,10173729
2018-03-08,81.680712,82.8756,81.610452,82.838154,65.411615,6939873
2018-03-09,83.045892,83.44214,81.848728,82.256599,64.95738,10126391
2018-03-12,82.51486,84.635718,82.239418,84.070451,66.405035,6685789
2018-03-13,83.91373,84.686442,83.878217,84.313699,66.602275,9221108
2018-03-14,84.405821,84.557234,83.52452,83.670129,66.098965,6369712
2018-03-15,83.782141,84.022517,83.441265,83.545811,66.005814,6173551
2018-03-16,83.131365,84.174229,82.994976,83.942449,66.324264,6079343
2018-03-19,83.992643,84.660276,82.831354,83.357307,65.877082,15572840
2018-03-20,83.601017,84.674317,83.232153,84.515764,66.797728,8126475
2018-03-21,84.302768,84.945699,84.018683,84.633716,66.896081,7203351
2018-03-22,84.60534,85.700493,84.198261,85.560161,67.633546,9377178
2018-03-23,85.413923,86.467324,85.132338,85.803636,67.831207,7701552
2018-03-26,85.376645,85.848678,84.878442,85.716774,67.778125,6796095
2018-03-27,85.789989,87.125552,85.738478,86.908122,68.725418,11636206
2018-03-28,87.090189,87.681733,86.894582,87.429898,69.143329,9419389
2018-03-29,87.669292,88.12833,86.874065,87.744388,69.397361,13116563
2018-04-02,87.922824,88.198277,86.590697,87.107208,68.914542,5271670
2018-04-03,86.981333,87.840461,86.873373,87.528684,69.2533,7644158
2018-04-04,87.404764,87.979364,87.107276,87.353075,69.119655,10378392
2018-04-05,87.339126,88.265686,86.957879,88.184274,69.782706,8033734
2018-04-06,88.402505,90.276553,88.363675,89.936256,71.174555,17376269
2018-04-09,90.289936,90.737259,89.730302,90.356045,71.523218,10417384
2018-04-10,90.073861,91.156158,89.8951,90.890788,71.952021,10041872
2018-04-11,91.253665,91.466586,90.352673,90.561542,71.696875,7310865
2018-04-12,90.219066,91.985909,89.360318,91.696378,72.600882,8220232
2018-04-13,91.695727,92.220233,91.269306,92.169232,72.980859,8335265
2018-04-16,91.908861,93.432667,91.562698,92.792363,73.491163,7528710
2018-04-17,92.61843,94.011939,92.518414,93.844979,74.330528,11813712
2018-04-18,93.313174,94.585138,93.133333,94.280206,74.680977,9660749
2018-04-19,94.572384,95.218246,93.32407,93.469926,74.044816,6472675
2018-04-20,93.598982,94.17771,93.429046,93.809056,74.319165,5000037
2018-04-23,93.441003,93.779874,93.35808,93.449267,74.051155,6461258
2018-04-24,93.358399,94.033425,92.979798,93.651156,74.216824,7432700
2018-04-25,93.817924,94.479046,93.567794,93.984224,74.486485,5343963
2018-04-26,93.859192,94.022994,93.405649,93.660406,74.235536,8107302
2018-04-27,93.467912,93.639687,92.700433,93.057973,73.763701,10403217
2018-04-30,93.174762,93.358357,92.473611,93.107177,73.819678,5980205
2018-05-01,92.740197,94.533937,92.619315,93.909696,74.46166,9748699
2018-05-02,93.798314,94.154949,93.439269,93.98981,74.530896,10625304
2018-05-03,94.073313,94.619965,93.679176,94.176751,74.684859,5884000
2018-05-04,94.085813,94.343997,93.871345,93.989684,74.542224,6512834
2018-05-07,93.854412,94.624078,93.772979,94.266864,74.779248,6256624
2018-05-08,94.654924,94.896576,93.607772,93.768988,74.39,10408166
2018-05-09,93.962194,94.112965,93.336424,93.39174,74.096397,8057583
2018-05-10,93.497551,93.59389,93.15935,93.375738,74.08938,10958258
2018-05-11,93.576921,94.087848,93.459001,93.789676,74.423526,9227230
2018-05-14,93.59531,94.271582,93.421869,94.153606,74.729494,8061683
2018-05-15,94.419288,94.946629,94.123236,94.820366,75.26447,9262387
2018-05-16,94.875581,95.373128,94.813383,95.117948,75.506466,7264137
2018-05-17,95.313836,95.495744,94.937412,95.447728,75.774061,6171093
2018-05-18,95.457482,95.901763,95.013437,95.457756,75.787831,5913268
2018-05-21,95.185718,96.951586,94.821828,96.525204,76.652949,5808053
2018-05-22,96.785581,97.904666,96.678845,97.625719,77.532837,11833583
2018-05-23,97.59056,97.870996,96.270879,96.53136,76.669591,9259981
2018-05-24,95.913898,97.30401,95.663769,97.158869,77.173903,9764511
2018-05-25,96.803301,97.664437,96.528525,97.51644,77.463862,6867351
2018-05-29,97.207106,98.030316,96.931974,97.573605,77.533044,8108688
2018-05-30,97.244854,98.023051,96.992195,97.680276,77.623756,7053682
2018-05-31,97.284137,98.081558,97.183417,97.862429,77.774469,9961610
2018-06-01,97.744181,98.149618,96.706381,97.02756,77.116883,7487017
2018-06-04,96.585644,96.835187,95.652189,95.727527,76.101125,8629678
2018-06-05,95.609039,96.12655,95.329711,95.84764,76.202454,7426968
2018-06-06,96.000396,96.262578,95.725591,96.204446,76.491991,9429474
2018-06-07,96.258166,96.368834,95.916773,96.172126,76.472155,7213302
2018-06-08,96.163499,96.583899,95.886189,96.340169,76.61165,5222034
2018-06-11,96.396942,97.179444,96.231098,96.949568,77.113988,10489001
2018-06-12,97.185712,97.455495,96.935519,97.298744,77.397657,9447279
2018-06-13,97.371533,98.503097,96.954265,98.265803,78.17291,12804850
2018-06-14,98.076952,98.412403,97.703702,98.237873,78.156683,9059171
2018-06-15,98.460696,98.723138,97.888577,98.24056,78.164812,11890185
2018-06-18,98.236101,98.677803,97.694291,98.434382,78.33704,6631473
2018-06-19,98.617997,99.20176,98.487323,98.992708,78.787412,4693443
2018-06-20,99.118643,100.96855,98.966092,100.871654,80.289004,5714324
2018-06-21,100.640143,101.686022,99.885511,101.182788,80.542825,7705456
2018-06-22,101.113234,101.330432,99.711535,99.927433,79.549644,9201515
2018-06-25,99.952433,100.271648,99.776659,99.97001,79.601843,10082865
2018-06-26,99.859896,101.160637,99.807127,100.895449,80.34489,8261124
2018-06-27,100.720435,101.509687,100.566747,101.200903,80.594306,11828367
2018-06-28,101.231294,101.723057,100.808378,101.133092,80.546477,6544804
2018-06-29,101.204354,101.540625,100.742272,101.00577,80.451241,5187034
2018-07-02,100.625372,102.084872,100.48602,101.850956,81.143091,4883139
2018-07-03,102.177076,102.370607,101.517769,101.864512,81.160113,5067817
2018-07-05,102.00999,102.690546,101.565414,101.727969,81.063751,8215623
2018-07-06,101.47297,103.448545,101.259512,102.985339,82.071999,7447843
2018-07-09,102.667524,103.483228,102.154072,102.624806,81.803491,7054064
2018-07-10,102.556394,102.843173,101.399859,101.822157,81.169912,7609734
2018-07-11,101.956792,102.093746,100.677678,101.362783,80.809906,8469861
2018-07-12,101.13748,101.53561,100.860524,101.016885,80.540318,10504150
2018-07-13,101.098373,101.965408,100.822664,101.732538,81.117123,5169354
2018-07-16,101.996134,102.09043,100.813094,101.216058,80.723867,9453166
2018-07-17,100.884787,101.206364,100.590121,101.111764,80.64687,7891713
2018-07-18,101.445711,102.083455,101.214634,101.332927,80.829467,7811922
2018-07-19,102.01391,102.225568,101.058975,101.108646,80.656749,4555381
2018-07-20,100.89159,102.661297,100.223057,102.388117,81.683675,12145300
2018-07-23,102.318258,102.679597,101.288293,101.570131,81.049736,14375137
2018-07-24,101.437018,101.928444,100.638032,100.87331,80.499866,9386414
2018-07-25,101.104257,101.786459,100.671124,101.390195,80.918558,12762968
2018-07-26,101.520465,102.322801,101.445913,101.923271,81.350237,6754156
2018-07-27,101.850497,102.867396,101.50451,102.769679,82.032087,14519066
2018-07-30,102.212987,102.58159,102.079423,102.434805,81.783593,10379456
2018-07-31,102.474076,102.924883,102.276196,102.830021,82.105426,18630824
2018-08-01,103.03508,103.517367,102.338634,102.54614,81.885036,5570022
2018-08-02,102.714272,102.784208,101.801653,102.194212,81.610271,4782782
2018-08-03,102.012627,102.701587,101.911014,102.452719,81.822982,7976410
2018-08-06,102.252958,102.331534,101.62229,101.869147,81.37563,6248936
2018-08-07,101.924878,102.538191,101.636003,102.348757,81.765022,8606672
2018-08-08,102.026934,103.522885,101.781497,103.095253,82.367702,4416794
2018-08-09,103.150877,103.545031,102.966501,103.482382,82.683335,7242123
2018-08-10,103.759553,104.470284,102.758538,102.872847,82.202613,21176109
2018-08-13,102.828297,103.747334,102.572946,103.518542,82.737594,7163236
2018-08-14,103.550026,103.81672,103.163867,103.656957,82.854574,8833210
2018-08-15,103.733854,104.322155,103.523853,104.036012,83.163934,9624247
2018-08-16,104.072,104.768521,103.436816,103.705534,82.906113,9408390
2018-08-17,103.69788,104.958077,103.096969,104.798927,83.786636,10641830
2018-08-20,105.112445,105.325311,104.671367,105.106597,84.051945,16944611
2018-08-21,105.057443,106.132896,104.718188,105.623708,84.471946,6970414
2018-08-22,105.321037,105.72956,104.013099,104.288809,83.410762,4491766
2018-08-23,104.475242,104.518672,102.907065,103.66264,82.916304,6856524
2018-08-24,103.716891,104.163805,103.586365,104.065627,83.245021,9053252
2018-08-27,104.145629,104.376447,103.330964,103.899888,83.131559,8112290
2018-08-28,104.267311,104.530774,103.556861,103.739233,83.00938,5442517
2018-08-29,103.902401,104.463198,103.438756,104.228623,83.40737,8799142
2018-08-30,104.276152,104.526613,103.633887,104.006425,83.235941,12629534
2018-08-31,103.749912,104.369594,102.823918,103.307882,82.683238,9434861
2018-09-04,103.308191,103.357695,102.666511,102.810797,82.310628,6535019
2018-09-05,102.985071,103.558,102.866573,103.142089,82.582191,9697415
2018-09-06,103.23651,103.35346,103.067963,103.279423,82.698489,8687638
2018-09-07,103.195108,104.061896,102.984899,103.618682,82.976504,10068478
2018-09-10,103.527766,104.498314,103.164858,104.140006,83.413154,3898493
2018-09-11,103.957656,104.975399,103.264182,104.463,83.678278,9276426
2018-09-12,104.631716,105.089361,104.37689,104.534956,83.742336,8364264
2018-09-13,104.515626,104.850617,104.329486,104.558074,83.767277,8025509
2018-09-14,104.613121,104.997322,104.366082,104.855457,84.011967,8263412
2018-09-17,104.807394,105.941458,104.722315,105.660816,84.676706,8678239
2018-09-18,105.712222,107.147929,105.436838,106.998196,85.755058,12036167
2018-09-19,107.046898,107.427991,106.356639,106.495204,85.358472,8191254
2018-09-20,106.402956,107.104906,106.319207,106.696757,85.526578,7797255
2018-09-21,106.749917,107.198009,106.341764,107.107605,85.86249,14442181
2018-09-24,107.002824,107.646544,106.138967,106.315804,85.247348,13133864
2018-09-25,106.161382,108.06471,105.918841,107.842653,86.478252,6696312
2018-09-26,107.518941,107.693123,106.905271,107.636617,86.31965,6662742
2018-09-27,108.073092,108.373032,106.744856,106.900304,85.735733,12375834
2018-09-28,107.027179,107.160417,106.286703,106.449656,85.380851,8398540
2018-10-01,106.429718,106.997867,106.008268,106.678341,85.583954,5211769
2018-10-02,106.778078,107.442184,105.019647,105.20219,84.406166,5471597
2018-10-03,105.338664,105.458114,103.544004,103.587229,83.116816,10462650
2018-10-04,103.819638,103.892503,103.021985,103.3704,82.949194,5135579
2018-10-05,103.530812,103.648133,102.963633,103.47522,83.039672,6554754
2018-10-08,103.417632,103.974117,102.829414,103.224492,82.857515,9701264
2018-10-09,102.99301,104.554956,102.87963,104.50027,83.888003,6760232
2018-10-10,104.407508,106.183318,104.03643,105.580068,84.761312,10828766
2018-10-11,105.340181,106.083222,105.156834,105.494686,84.699259,2775654
2018-10-12,104.846678,106.573891,104.720963,106.243355,85.306887,11335424
2018-10-15,106.687197,107.033243,105.15142,106.433172,85.478955,19234287
2018-10-16,106.06725,107.35652,105.635974,107.058439,85.987713,6815544
2018-10-17,107.179958,108.447951,106.981266,108.28305,86.97797,4811694
2018-10-18,108.752881,108.843483,107.459017,107.994304,86.752686,12282388
2018-10-19,107.66082,109.103247,107.305616,108.350388,87.045403,17081041
2018-10-22,108.473167,108.730501,107.161484,107.304273,86.224814,9668702
2018-10-23,107.536127,109.358934,107.463388,108.4744,87.171756,8064379
2018-10-24,108.621091,109.260195,108.49827,109.133624,87.708243,5062384
2018-10-25,109.363382,110.171416,108.817349,108.877112,87.508799,8512005
2018-10-26,108.813256,109.054318,108.070629,108.39456,87.127631,9186387
2018-10-29,108.201209,108.348129,107.512807,107.938999,86.781407,8614027
2018-10-30,107.726453,107.879731,107.557952,107.768043,86.650603,5506960
2018-10-31,107.926743,108.6293,107.825425,108.172786,86.982703,10015550
2018-11-01,108.105631,109.773755,107.832717,108.775533,87.474083,4611711
2018-11-02,108.642477,108.866807,108.311948,108.586468,87.328737,10177292
2018-11-05,108.845996,109.174487,107.791831,108.016341,86.890203,6329658
2018-11-06,107.925604,108.602194,107.592815,108.407387,87.211452,6879899
2018-11-07,108.651752,109.656792,108.51046,108.778228,87.516495,5568304
2018-11-08,108.712171,109.058838,107.848106,108.258616,87.105123,10738464
2018-11-09,108.083548,108.663571,107.643886,108.048002,86.942328,5164697
2018-11-12,108.62324,109.151573,108.510782,108.594329,87.402035,6667268
2018-11-13,109.038323,110.683643,108.867855,110.316253,88.794731,4704451
2018-11-14,110.359301,110.966486,108.816681,109.151444,87.863899,6113795
2018-11-15,108.97133,111.711861,108.614308,111.623229,89.860506,8537536
2018-11-16,111.556321,111.953887,109.856081,110.164148,88.692695,8592979
2018-11-19,110.222244,112.00069,110.156144,111.591852,89.862798,11195070
2018-11-20,111.244621,111.881073,111.016704,111.647485,89.914491,8727838
2018-11-21,112.189394,112.824132,110.816411,112.248405,90.405367,10097319
2018-11-23,112.67768,113.040164,112.007308,112.399578,90.541003,9222624
2018-11-26,112.494389,113.93295,111.871164,113.808956,91.697383,9173728
2018-11-27,113.865799,113.977607,112.345211,112.732567,90.837085,6012469
2018-11-28,112.814969,113.44672,112.438241,113.121251,91.157265,11066997
2018-11-29,112.785841,115.918191,112.365641,115.65821,93.208785,6397209
2018-11-30,116.19775,116.529781,115.664621,116.116917,93.585631,9515478
2018-12-03,116.477192,117.46278,116.368179,116.833923,94.185167,11768045
2018-12-04,117.060515,117.231566,116.217306,116.459623,93.890624,6669194
2018-12-05,116.820017,117.254855,116.266127,117.185066,94.482724,7900985
2018-12-06,117.232743,118.059659,116.235237,117.376723,94.644507,7295072
2018-12-07,118.21818,118.411453,116.209675,116.496753,93.942161,7279450
2018-12-10,116.4841,117.434965,116.154134,117.329442,94.635397,7139702
2018-12-11,117.188066,118.522278,117.020485,117.583135,94.847291,6444117
2018-12-12,117.752045,117.845462,116.83658,117.142317,94.498953,15410625
2018-12-13,117.052549,118.247371,116.342634,117.985237,95.186235,9842027
2018-12-14,117.373262,117.832996,117.058141,117.27235,94.618357,7812743
2018-12-17,116.870421,118.642065,116.218638,118.430189,95.574509,7318964
2018-12-18,118.907205,119.78708,118.540455,119.104848,96.126335,6016561
2018-12-19,118.947705,119.239836,117.541381,118.660278,95.774876,9498455
2018-12-20,118.216931,119.172609,117.607483,118.57322,95.711946,7649255
2018-12-21,118.591088,118.938095,117.280869,117.463522,94.82347,9917105
2018-12-24,117.537034,118.708038,116.858613,118.195236,95.436098,9302399
2018-12-26,118.360968,118.683994,116.066493,116.645119,94.198907,9631366
2018-12-27,116.126136,116.56596,115.997371,116.424435,94.027897,9698533
2018-12-28,116.415121,118.115567,115.907046,117.604465,94.988206,8106384
2018-12-31,118.362757,118.933728,118.213024,118.861554,96.025629,9810285
2019-01-02,118.805983,119.79089,118.440288,119.410118,96.483593,6764746
2019-01-03,119.02719,120.777828,118.521704,119.845454,96.842769,6134220
2019-01-04,119.112784,120.195234,118.556362,120.013797,96.986236,9656665
2019-01-07,120.271741,120.569055,116.975519,117.58849,95.048139,9130704
2019-01-08,117.983922,118.71517,114.890331,115.101142,93.044719,6177445
2019-01-09,115.050562,115.590362,114.50143,115.412799,93.303807,9887470
2019-01-10,115.369056,115.887103,113.736426,114.581015,92.638464,9772843
2019-01-11,114.012341,115.069714,113.914265,114.796199,92.819556,9026470
2019-01-14,114.846515,116.253625,114.554883,115.37951,93.312655,7719365
2019-01-15,115.466877,117.702018,114.612429,117.314398,94.88476,11921072
2019-01-16,117.489165,118.441136,115.174477,115.650596,93.546236,6634454
2019-01-17,116.372939,117.716942,115.41133,117.08087,94.710401,8900696
2019-01-18,118.123911,118.49195,116.716013,116.915663,94.584011,7954098
2019-01-22,117.549302,118.858002,117.449898,118.456758,95.860136,13445358
2019-01-23,119.187634,120.421452,118.523506,119.2162,96.482104,9701954
2019-01-24,119.053569,119.348634,118.397597,118.614848,96.002788,8987546
2019-01-25,119.085451,121.283777,118.034016,121.054553,97.984912,9017133
2019-01-28,121.555079,121.778319,118.457812,118.837657,96.212619,8201072
2019-01-29,118.287708,119.809093,117.835431,119.014347,96.363057,11424027
2019-01-30,119.5022,121.729773,119.015335,120.847943,97.855176,7117559
2019-01-31,120.366281,122.40937,119.440232,122.19196,98.951063,5471147
2019-02-01,121.881147,123.142228,121.098606,123.010987,99.621949,11522703
2019-02-04,123.084943,124.543059,122.875937,124.432862,100.79665,8099492
2019-02-05,124.195954,125.517651,122.543497,123.831624,100.317308,8903897
2019-02-06,124.339163,124.683852,122.959368,123.328882,99.91769,7268175
2019-02-07,122.925118,124.200672,122.860555,124.022588,100.487415,6163761
2019-02-08,124.405488,124.616817,122.900658,123.536094,100.100914,6625848
2019-02-11,123.600807,124.625672,123.213746,124.301034,100.743909,14713541
2019-02-12,124.146041,126.685937,124.036761,126.059561,102.176998,6135996
2019-02-13,125.833558,126.136162,124.882566,125.507866,101.737624,6079121
2019-02-14,125.519675,126.856325,125.01155,125.644961,101.856562,6720992
2019-02-15,125.932795,127.284388,125.746142,126.580035,102.622465,10858665
2019-02-19,126.580973,129.291999,126.336835,128.961863,104.585554,6554351
2019-02-20,128.170764,128.890207,127.147008,127.796354,103.648294,6288646
2019-02-21,127.886944,128.864329,126.346607,126.814884,102.860165,11453044
2019-02-22,126.509601,126.945771,126.118334,126.428461,102.554597,9931665
2019-02-25,127.149342,127.499865,125.953483,127.015227,103.05426,10174329
2019-02-26,127.111107,127.831709,126.744374,127.19074,103.204574,8546827
2019-02-27,127.359028,128.698969,127.263875,128.583505,104.342684,4852236
2019-02-28,129.032933,129.866566,128.014948,128.12434,103.978053,8159192
2019-03-01,128.390879,128.525464,127.787146,128.401536,104.210996,9933299
2019-03-04,128.621509,128.688609,126.780435,127.144348,103.214394,4173895
2019-03-05,127.652498,127.960937,127.154126,127.457243,103.476332,10287173
2019-03-06,127.253226,127.842023,127.183483,127.780673,103.746861,7255525
2019-03-07,127.878797,128.078998,127.547025,127.873137,103.829893,12061543
2019-03-08,127.958529,129.596396,127.684284,129.372467,105.055367,9184736
2019-03-11,129.427003,129.978215,127.238753,127.535835,103.587771,6139035
2019-03-12,128.01648,128.071647,124.289133,125.201801,101.699807,7279234
2019-03-13,125.504293,125.99316,124.726472,125.719659,102.128285,11671690
2019-03-14,125.068175,128.452554,124.419873,128.322987,104.251089,8735217
2019-03-15,128.075935,129.397064,127.855911,128.801334,104.647725,5850875
2019-03-18,128.283406,129.312162,128.18413,129.169047,104.970621,8583240
2019-03-19,129.109594,130.061034,128.967961,129.757201,105.456674,5728686
2019-03-20,129.541095,132.835467,129.440366,132.743139,107.891686,8435644
2019-03-21,132.904685,133.470302,132.465389,132.642789,107.818388,7379515
2019-03-22,132.056505,134.927646,131.543824,134.362414,109.224554,9508738
2019-03-25,135.103555,135.596251,133.96797,134.264431,109.170007,11543743
2019-03-26,134.181499,136.076911,134.056032,135.815207,110.439404,8446725
2019-03-27,136.057943,136.574711,134.177133,134.676514,109.52186,7000837
2019-03-28,133.961656,134.436512,133.346765,133.795721,108.813922,4958379
2019-03-29,133.503297,134.934963,132.711792,134.59045,109.468654,6749977
2019-04-01,135.246576,135.433532,133.183765,133.68051,108.753566,5640913
2019-04-02,134.002052,136.431377,133.774618,136.312045,110.902909,7478486
2019-04-03,136.376662,136.62901,134.76677,135.719058,110.428922,14398761
2019-04-04,134.900754,137.176053,133.774529,136.613475,111.165194,6960819
2019-04-05,136.605975,136.918364,135.328437,135.417487,110.200441,12768348
2019-04-08,136.442884,137.382579,136.239008,136.852708,111.394015,5721838
2019-04-09,137.034741,137.233463,135.643769,135.898187,110.625544,6222230
2019-04-10,135.96389,140.669255,135.173468,138.870248,113.053565,10120892
2019-04-11,138.692183,140.545528,138.440347,140.363795,114.278214,8856564
2019-04-12,140.843296,141.641904,137.773309,139.312197,113.430743,11633689
2019-04-15,139.114086,140.492035,138.366515,140.046126,114.054549,8451460
2019-04-16,139.830263,140.444337,138.938007,140.30493,114.274081,7816112
2019-04-17,140.164071,141.715422,139.889606,140.777322,114.667619,12206056
2019-04-18,141.414911,141.945497,140.739538,141.851807,115.55168,9704848
2019-04-22,142.329475,142.625901,142.015018,142.459781,116.082523,4270499
2019-04-23,142.250377,142.352073,140.800817,140.956635,114.866498,9918236
2019-04-24,141.271578,141.999581,140.20805,141.420436,115.253287,10566900
2019-04-25,140.649052,141.202668,139.247883,139.964061,114.075131,11181228
2019-04-26,140.155165,140.58941,139.625593,139.740296,113.901487,5236248
2019-04-29,139.075712,140.427357,138.660617,139.70616,113.899854,8503338
2019-04-30,139.515649,139.884741,138.129934,138.3543,112.806355,5862341
2019-05-01,138.248127,140.206852,137.934447,139.88169,114.060448,5613797
2019-05-02,140.28791,140.888873,138.749554,139.223848,113.532742,10179500
2019-05-03,139.408173,140.998341,139.247573,140.27417,114.398016,6929478
2019-05-06,140.086696,140.31277,139.975219,140.214907,114.375986,10135032
2019-05-07,140.403139,140.928477,140.303459,140.441873,114.56991,6975706
2019-05-08,140.7186,142.816575,140.151191,142.186147,116.001749,5806009
2019-05-09,141.513654,141.704829,140.983018,141.542821,115.485748,9678736
2019-05-10,141.496735,142.045579,141.23937,141.486925,115.448992,9995387
2019-05-13,141.292484,141.678773,139.409993,139.895869,114.176994,6869912
2019-05-14,140.449133,142.260542,139.717703,140.963775,115.057393,7302414
2019-05-15,140.840601,141.109811,139.995067,140.298967,114.523542,4298757
2019-05-16,139.94846,140.561547,137.887103,138.81217,113.318584,8657208
2019-05-17,138.76745,139.82451,138.46386,139.714223,114.063714,6468067
2019-05-20,140.074938,140.454448,139.52948,139.775615,114.140081,9237229
2019-05-21,139.658984,140.372245,139.54622,139.955314,114.295584,10911769
2019-05-22,139.313701,141.009445,138.594517,140.372454,114.645033,6161031
2019-05-23,140.135693,141.704663,139.191213,141.3044,115.415019,7726380
2019-05-24,141.529334,141.904054,139.93399,140.094391,114.435478,9132475
2019-05-28,140.436039,140.743206,139.885023,139.956736,114.358096,7460537
2019-05-29,140.068016,140.228874,137.547518,138.782496,113.407322,10476568
2019-05-30,138.808803,139.625282,138.699776,139.317015,113.852837,6982421
2019-05-31,139.532678,140.677572,138.944778,140.563698,114.880459,8942183
2019-06-03,140.637617,142.417451,140.550056,142.092685,116.156786,8059707
2019-06-04,141.930784,143.750753,141.494736,143.178076,117.053036,6059528
2019-06-05,142.362573,143.799476,142.049293,143.442485,117.27819,7583326
2019-06-06,143.124741,143.410795,142.999028,143.128561,117.030497,8043314
2019-06-07,142.632596,144.077764,141.436919,143.732746,117.533525,6664312
2019-06-10,143.332541,145.534279,142.937662,145.331096,118.867866,5930031
2019-06-11,145.622247,146.199581,144.434346,144.532483,118.223734,8353353
2019-06-12,144.072876,144.382627,143.09544,143.739097,117.583779,8924286
2019-06-13,144.327982,144.503704,143.557944,143.804006,117.645896,5441290
2019-06-14,143.821582,144.642987,143.600455,144.301642,118.062061,11727815
2019-06-17,144.235879,144.860469,144.090867,144.695772,118.411752,7552543
2019-06-18,144.745867,145.516884,144.397848,144.500078,118.260672,7997370
2019-06-19,144.689289,144.996036,143.796513,143.909171,117.786096,9647575
2019-06-20,143.851672,144.299378,143.48393,143.706517,117.629245,12390658
2019-06-21,143.779263,144.252679,143.053973,143.31968,117.321598,4571793
2019-06-24,143.163265,144.272782,143.002425,143.55421,117.540613,5631689
2019-06-25,144.177153,145.340662,144.108735,144.933588,118.67913,11271713
2019-06-26,145.136643,145.737358,142.671081,143.538775,117.545996,7890337
2019-06-27,143.673781,144.694763,142.569294,144.253453,118.140312,5328547
2019-06-28,143.706141,144.328376,142.75326,143.370867,117.426496,5568220
2019-07-01,143.239213,143.632237,142.656247,142.95405,117.112036,6790402
2019-07-02,142.665203,144.217135,142.523184,143.885179,117.883881,8341578
2019-07-03,143.981365,144.422234,143.226498,144.193658,118.145672,4521366
2019-07-05,143.754791,144.926208,143.025506,144.805483,118.665165,10591211
2019-07-08,144.824999,145.644347,144.726367,145.514487,119.273607,9248048
2019-07-09,145.48113,147.450202,145.297307,146.941567,120.452573,8413821
2019-07-10,146.832102,147.154194,145.190616,145.615832,119.374977,5387441
2019-07-11,145.613197,148.055049,145.49302,147.403453,120.849722,7712997
2019-07-12,147.722346,147.968835,146.722939,146.854579,120.408954,10528952
2019-07-15,146.679272,147.97965,146.363369,147.547658,121.005049,8852407
2019-07-16,147.337905,147.66927,146.905792,147.169618,120.704268,9439652
2019-07-17,147.032288,148.580223,146.950647,148.289396,121.632002,4619369
2019-07-18,148.085075,148.293759,146.900835,147.025357,120.604439,7351815
2019-07-19,146.30283,147.026511,146.071294,146.31956,120.034677,6602922
2019-07-22,146.148323,146.238747,144.901172,145.868588,119.692241,9878889
2019-07-23,146.379601,146.844084,145.806385,146.404539,120.141225,9770103
2019-07-24,146.667498,147.517355,145.808355,147.203173,120.805854,11007072
2019-07-25,146.720575,147.285681,146.514427,146.580899,120.304391,10794202
2019-07-26,146.998366,148.232253,146.664978,147.906594,121.401745,6541744
2019-07-29,148.232455,148.590342,146.265426,146.582179,120.342338,8284919
2019-07-30,146.331037,146.429223,144.891408,145.102131,119.136368,11180273
2019-07-31,145.218778,145.360113,144.064648,144.181001,118.389147,6586150
2019-08-01,144.02621,144.626504,142.840547,143.481341,117.823678,9818586
2019-08-02,143.068,145.777269,142.98904,145.629636,119.596978,8703043
2019-08-05,145.531825,146.594659,145.22012,145.882072,119.831844,9487107
2019-08-06,145.893077,146.329181,145.026296,146.10989,120.028183,8264740
2019-08-07,146.058073,147.014134,145.779507,146.712317,120.532311,5273147
2019-08-08,146.148393,147.221211,145.618704,146.556834,120.413803,7509165
2019-08-09,146.440061,146.808367,144.348891,144.499682,118.732711,11817208
2019-08-12,144.64941,145.777229,143.863952,144.090648,118.423847,16616727
2019-08-13,144.156517,144.267044,142.750453,143.051257,117.578616,10418042
2019-08-14,143.14365,147.302341,142.611274,146.664487,120.557692,11098299
2019-08-15,145.921432,146.973003,145.14123,145.373732,119.505857,9850094
2019-08-16,145.205949,147.070581,144.925772,146.767151,120.66058,5289865
2019-08-19,147.12858,147.427149,145.91782,146.622101,120.569056,5490869
2019-08-20,147.076981,147.204821,143.574473,144.329796,118.693166,9061232
2019-08-21,144.95971,145.14811,142.817889,143.202212,117.774897,6928654
2019-08-22,143.270308,143.484767,140.631077,140.970702,115.948508,11011002
2019-08-23,142.101351,143.70783,141.55086,142.85191,117.50481,8816739
2019-08-26,142.843167,143.168099,142.264579,142.5668,117.297262,12365058
2019-08-27,141.879906,144.510597,141.617019,143.444753,118.028648,8059197
2019-08-28,143.386641,144.175656,141.60751,142.526622,117.282186,11689759
2019-08-29,141.811393,143.417216,141.460485,141.877792,116.757227,6409583
2019-08-30,142.694057,143.316306,140.36036,140.844799,115.916019,7657792
2019-09-03,141.365536,144.523377,141.169538,143.972496,118.52647,11170007
2019-09-04,144.093736,144.459667,141.25956,141.955178,116.874657,6539499
2019-09-05,141.895113,145.084103,141.252679,143.881558,118.469767,4917132
2019-09-06,143.678314,146.225367,141.860892,145.234311,119.59277,7033708
2019-09-09,144.834637,147.305419,143.379772,146.939817,121.024994,9548364
2019-09-10,147.408268,147.816545,146.822463,147.228509,121.272067,6664686
2019-09-11,146.944428,149.430247,146.54566,148.741915,122.528052,3259517
2019-09-12,148.332002,149.28738,146.81513,148.572096,122.397544,3734823
2019-09-13,148.66406,149.554158,146.600642,146.676427,120.845106,6304373
2019-09-16,146.268397,148.012945,144.90059,147.397971,121.46751,3207502
2019-09-17,147.106717,147.945115,146.735619,147.497388,121.558756,8737786
2019-09-18,147.548871,147.961857,145.920379,147.258176,121.370915,9538748
2019-09-19,147.60468,148.890735,146.677919,147.532999,121.606748,6243633
2019-09-20,147.010735,148.113683,146.619083,147.542793,121.624144,8144342
2019-09-23,147.582868,148.788168,147.140066,148.509284,122.449011,10840999
2019-09-24,148.390921,149.662915,147.476367,149.336097,123.140175,5683784
2019-09-25,148.919865,151.219656,148.576697,150.951648,124.481875,12049026
2019-09-26,152.328851,153.175728,151.797897,152.934074,126.126346,10438837
2019-09-27,152.923655,154.216681,151.557028,153.535173,126.631785,8216012
2019-09-30,153.618114,154.089073,153.342536,153.991663,127.037499,8480659
2019-10-01,153.939603,154.446709,153.340913,153.687223,126.796067,5393198
2019-10-02,153.747015,154.456464,152.213957,152.621523,125.926489,9217929
2019-10-03,152.959369,153.447782,152.270956,152.37693,125.734316,8305550
2019-10-04,152.802043,153.911581,152.385718,153.023393,126.277427,8891139
2019-10-07,153.492749,153.82521,151.480234,151.64938,125.172353,7201282
2019-10-08,151.6948,152.126118,151.474927,151.728991,125.247665,8218013
2019-10-09,152.088851,152.196146,150.271976,150.993262,124.649899,3948446
2019-10-10,150.741313,153.155,150.551391,152.486552,125.892309,10158371
2019-10-11,152.130921,153.160746,151.519545,152.588705,125.986304,9633755
2019-10-14,152.221473,153.900327,151.925648,153.218917,126.535742,6867580
2019-10-15,153.27056,155.45749,152.780309,154.928906,127.957744,11488689
2019-10-16,154.327817,154.526243,150.410072,151.105738,124.809709,4381422
2019-10-17,151.598967,152.171324,150.036465,150.278645,124.136065,11824349
2019-10-18,150.138546,150.31624,147.318279,147.811551,122.10751,8997543
2019-10-21,147.966071,148.700056,145.648859,145.81912,120.489264,10448832
2019-10-22,145.674171,145.958083,144.293339,144.470077,119.383711,7265272
2019-10-23,144.812998,145.491179,143.697029,144.01508,119.016845,7799845
2019-10-24,143.986696,145.13204,143.785065,143.906905,118.936564,11673477
2019-10-25,144.066851,145.885723,143.671787,145.760167,120.477489,9631728
2019-10-28,146.563745,148.658518,146.429675,148.351945,122.647916,6855447
2019-10-29,148.401494,149.911338,148.221719,149.720157,123.788555,6447218
2019-10-30,148.913376,150.104893,148.54227,149.258476,123.416299,4563898
2019-10-31,149.251355,149.854833,148.325031,149.720188,123.807562,11557647
2019-11-01,149.633592,150.404774,148.89316,149.01629,123.234937,9603826
2019-11-04,149.514328,149.974591,148.37812,149.619657,123.762374,13404755
2019-11-05,149.069004,149.363939,148.613464,148.894182,123.171718,8830960
2019-11-06,147.980967,149.03173,147.794735,148.934947,123.214886,7642781
2019-11-07,148.89693,150.368885,148.183049,149.924803,124.04331,7014134
2019-11-08,150.057448,151.116754,149.917866,150.474543,124.507692,8348289
2019-11-11,150.749159,151.326131,150.631773,150.894131,124.883591,6375893
2019-11-12,150.817658,152.524938,150.679037,152.063623,125.861138,10471455
2019-11-13,151.995934,152.848096,151.296529,152.770366,126.455794,7725390
2019-11-14,152.734652,153.072838,152.426473,152.844772,126.527083,4708461
2019-11-15,153.393388,153.936324,152.57596,153.09358,126.742766,8403982
2019-11-18,152.916129,153.31979,151.520941,151.943449,125.819531,8394843
2019-11-19,151.78798,152.498928,151.556807,152.000351,125.876299,6962010
2019-11-20,152.710753,153.05532,151.516901,151.678252,125.619188,3962092
2019-11-21,150.872934,152.124453,150.71746,151.524928,125.501826,6346454
2019-11-22,151.381114,152.25617,150.949472,152.093173,125.982137,5628611
2019-11-25,152.44615,153.179906,151.06362,151.399606,125.436485,9783249
2019-11-26,150.87771,152.830651,150.575635,152.609952,126.448965,10129092
2019-11-27,152.209515,152.621957,151.355733,151.442266,125.491069,6195817
2019-11-29,151.506973,152.069605,150.596351,151.10018,125.2268,7215335
2019-12-02,151.029572,151.263584,150.428053,150.960154,125.139528,6511154
2019-12-03,150.698335,151.770718,150.423837,151.430915,125.539392,6782120
2019-12-04,152.083677,152.660634,151.91712,152.193195,126.181011,10017030
2019-12-05,152.625578,153.394513,151.938553,153.302159,127.110179,8525483
2019-12-06,153.983363,154.139832,153.261196,153.810661,127.54158,8036223
2019-12-09,153.978102,155.648222,153.661482,155.324114,128.826177,11808662
2019-12-10,155.273053,156.14093,154.615191,155.431643,128.925244,14237762
2019-12-11,155.194673,156.089247,154.86196,155.879457,129.306603,6386267
2019-12-12,155.493206,156.094881,153.180604,154.053386,127.80162,12871059
2019-12-13,154.430741,156.912481,153.985582,156.579971,129.907616,2960518
2019-12-16,156.536534,158.774092,156.231706,158.56783,131.587115,9006077
2019-12-17,158.660113,159.533341,158.459997,159.333703,132.232809,8680610
2019-12-18,158.629991,160.738931,158.513106,160.191396,132.95481,7804831
2019-12-19,159.883808,160.21436,158.60306,159.552393,132.434606,7763616
2019-12-20,159.863854,160.879374,159.48277,160.693907,133.392331,9163626
2019-12-23,159.977452,160.578316,159.451177,160.19712,133.010534,5455728
2019-12-24,160.211553,160.276359,158.616615,159.41365,132.370172,5327489
2019-12-26,159.494934,161.71903,158.12665,161.458891,134.089008,10530299
2019-12-27,160.877044,161.198869,159.729623,160.656521,133.432881,8404527
2019-12-30,160.814258,162.894047,160.458547,162.509586,135.002984,7471630
2019-12-31,162.188389,162.723502,160.540253,161.425493,134.112666,7471390
2020-01-02,161.725743,162.456343,158.778262,159.032399,132.144737,7347617
2020-01-03,159.420332,159.926367,156.856863,158.070848,131.355826,9063476
2020-01-06,157.339194,159.567533,156.851276,159.070883,132.217252,13396497
2020-01-07,159.127353,161.479503,158.313223,160.742,133.616501,8477458
2020-01-08,161.041711,161.500114,157.953554,158.561288,131.813892,9296613
2020-01-09,158.858551,161.436083,157.831766,160.815657,133.698225,8730291
2020-01-10,160.688646,162.152462,160.036855,162.028012,134.716474,7000650
2020-01-13,162.31464,165.18624,162.112806,164.716899,136.983621,7815429
2020-01-14,165.150182,167.579953,164.49628,166.438694,138.42613,5980816
2020-01-15,166.289937,169.015535,165.509096,168.423651,140.087747,10508435
2020-01-16,167.570765,170.185544,166.984656,169.200169,140.744411,6990899
2020-01-17,169.879143,171.46036,169.285618,171.149592,142.376897,7158507
2020-01-21,170.661511,172.548506,169.98918,172.062595,143.18031,6886762
2020-01-22,171.275249,171.512667,170.551203,171.319286,142.572701,7738210
2020-01-23,171.482043,172.269578,169.618689,170.266543,141.707466,11583490
2020-01-24,169.680228,170.668546,169.478957,170.454616,141.874869,5385145
2020-01-27,170.750123,172.280824,170.4284,172.181079,143.344822,17039869
2020-01-28,171.779174,171.917598,170.167378,170.319548,141.805924,7878422
2020-01-29,169.158423,173.126829,168.055931,171.911597,143.142417,4410570
2020-01-30,172.672329,172.852483,171.359061,171.8412,143.09477,5248457
2020-01-31,171.568269,174.698525,171.421039,173.703077,144.656272,7947093
2020-02-03,174.451843,175.549717,174.057199,175.251801,145.979586,7124958
2020-02-04,174.808313,174.943809,172.094593,172.677433,143.84624,4803753
2020-02-05,172.797711,172.984795,172.176975,172.889298,144.033771,4917489
2020-02-06,172.768389,174.519812,172.021874,174.243337,145.172948,8778770
2020-02-07,174.447223,175.536106,173.838948,174.571803,145.457763,10552220
2020-02-10,174.245742,176.032071,173.572425,174.149277,145.139079,5237580
2020-02-11,174.745805,175.556723,174.597478,174.913674,145.787317,7407893
2020-02-12,175.426535,177.711007,174.778562,176.995865,147.534093,10143501
2020-02-13,176.740584,177.879306,175.525497,175.822784,146.567513,9803050
2020-02-14,176.475499,176.705483,174.481057,174.932885,145.836864,7968846
2020-02-18,175.106851,176.922493,173.607736,176.095711,146.851304,8974074
2020-02-19,176.397172,176.541211,174.210741,174.773674,145.759993,6219743
2020-02-20,174.665687,175.113848,172.722536,174.075647,145.188973,9452893
2020-02-21,173.699683,174.969241,172.945197,174.523574,145.573729,7933592
2020-02-24,174.505397,175.038438,173.454124,174.331946,145.447334,7116706
2020-02-25,174.766559,175.216319,174.091922,174.308602,145.439007,7254570
2020-02-26,173.599743,174.418263,173.185677,174.10842,145.283116,5435140
2020-02-27,174.128043,174.533031,173.269744,174.251655,145.413785,12446467
2020-02-28,174.474484,175.504089,173.988817,174.193179,145.37613,5783967
2020-03-02,174.281357,175.642407,173.969588,174.805613,145.920804,9138027
2020-03-03,174.570829,175.383845,174.111071,175.076589,146.158208,6736727
2020-03-04,175.218004,175.743227,174.806463,175.447027,146.478687,8036621
2020-03-05,175.269361,175.543534,173.701882,173.864357,145.168462,13183832
2020-03-06,174.370746,175.406945,173.529392,174.260329,145.510234,4421047
2020-03-09,174.464411,175.02261,172.50945,172.953366,144.452116,6767245
2020-03-10,173.227733,174.734773,172.465059,174.188051,145.494488,10024191
2020-03-11,173.988255,174.454975,172.813101,174.291442,145.592009,9242788
2020-03-12,174.59864,174.915185,173.58926,174.111623,145.452949,6559819
2020-03-13,174.261027,175.104428,174.001883,174.0864,145.443027,14603817
2020-03-16,173.947358,174.817471,172.760257,173.7847,145.224363,5584382
2020-03-17,173.695465,174.704807,173.502511,174.531422,145.859546,8938535
2020-03-18,174.072962,174.489527,171.855981,173.123791,144.694252,10493185
2020-03-19,172.660719,174.32105,172.200676,174.089261,145.512332,5347506
2020-03-20,174.845683,175.077511,174.131258,174.293737,145.694412,6342719
2020-03-23,174.341447,176.010433,173.86159,175.673912,146.881894,7534846
2020-03-24,175.977234,176.646155,175.202845,176.025389,147.187048,17122635
2020-03-25,175.877841,177.451373,175.494066,175.907597,147.099831,7670048
2020-03-26,176.541121,176.689642,174.588993,175.241212,146.553812,10160044
2020-03-27,175.406227,176.220767,174.227858,175.179704,146.513603,10736224
2020-03-30,175.187797,175.644672,173.852581,174.08717,145.633338,6027212
2020-03-31,174.21396,174.989257,173.763371,174.362963,145.875237,7622811
2020-04-01,173.930927,175.498658,173.601739,175.107828,146.509636,6080928
2020-04-02,175.010378,175.639465,174.698442,175.394465,146.76071,7754756
2020-04-03,175.728306,176.012434,174.505862,175.003925,146.445153,9595063
2020-04-06,174.78827,176.582296,174.542146,176.292806,147.557633,6800581
2020-04-07,175.985979,176.811949,175.709573,176.542918,147.778306,6937310
2020-04-08,176.806349,177.061469,176.36266,176.765317,147.975812,8762252
2020-04-09,176.565156,178.879062,176.370004,178.516013,149.452832,6218150
2020-04-13,178.321925,178.726102,176.960185,177.781642,148.883667,5127780
2020-04-14,177.34742,177.923418,177.197665,177.59034,148.734862,8584070
2020-04-15,176.758619,179.859452,176.102223,179.180525,150.078172,6004378
2020-04-16,178.886914,179.212046,178.625541,178.741341,149.721798,7570743
2020-04-17,178.398241,179.869901,177.110179,179.332012,150.228087,6002126
2020-04-20,179.724106,180.040685,178.034799,178.502097,149.567252,9878013
2020-04-21,179.106346,180.123862,178.695982,179.86694,150.722411,6487752
2020-04-22,178.852088,178.978642,177.391483,178.765637,149.81104,8836006
2020-04-23,179.381733,180.476874,176.514981,177.906017,149.102082,6360508
2020-04-24,176.424006,179.059425,173.566346,175.06454,146.731904,9958601
2020-04-27,175.796401,179.898657,175.010268,178.112075,149.320559,7354550
2020-04-28,179.454297,180.385353,175.219422,175.450657,147.10063,7797313
2020-04-29,176.181563,179.51591,174.076805,177.829694,149.106684,12606582
2020-04-30,179.26217,180.219726,173.450096,173.633031,145.599026,5343659
2020-05-01,172.968408,173.076616,171.969078,172.929929,145.02056,7243611
2020-05-04,174.098638,174.336453,168.993362,172.041182,144.308433,8659701
2020-05-05,171.256463,173.266408,170.597933,170.923834,143.382191,11615267
2020-05-06,171.451943,172.65719,169.469687,170.087666,142.691697,11024753
2020-05-07,170.410354,170.837586,168.048816,170.447117,143.004213,8953930
2020-05-08,170.303545,174.116915,169.488811,173.813401,145.839687,11268615
2020-05-11,174.413116,175.154733,173.399199,173.856067,145.909038,10089678
2020-05-12,174.707454,182.141786,174.246701,181.348454,152.208706,16198794
2020-05-13,179.677926,181.106647,173.278547,174.481959,146.456772,13159976
2020-05-14,173.890666,177.734092,172.820927,176.814961,148.426427,8245777
2020-05-15,177.151117,184.211501,176.604348,181.905598,152.711443,14416160
2020-05-18,183.578526,186.590292,178.576271,178.987484,150.29622,9900902
2020-05-19,177.246372,178.570188,171.078741,173.692773,145.86142,6506139
2020-05-20,175.118626,179.38597,174.201215,179.282141,150.566728,11326669
2020-05-21,180.765476,181.195723,175.004008,175.754362,147.615305,7242057
2020-05-22,174.899517,179.940428,174.078871,177.669889,149.235587,8123918
2020-05-26,174.715009,175.321357,162.243864,165.196998,138.801414,7999134
2020-05-27,167.063448,168.989285,163.080442,163.680167,137.537489,7342456
2020-05-28,162.233279,169.510136,159.644778,166.940008,140.287428,5837155
2020-05-29,166.400181,167.815095,161.633195,162.951318,136.946045,8793681
2020-06-01,161.771933,162.881943,160.119279,160.537979,134.948881,5041000
2020-06-02,162.648643,162.925906,149.915949,150.28454,126.339483,7780046
2020-06-03,149.579919,150.175323,144.954734,145.135392,122.02011,8873432
2020-06-04,140.981571,145.765892,140.123969,144.416173,121.424747,9620522
2020-06-05,144.482381,147.171132,143.240775,146.743609,123.391108,7816714
2020-06-08,149.038272,152.550471,144.492555,147.623585,124.159597,9408504
2020-06-09,147.375285,152.13714,142.111439,149.745764,125.954122,6587344
2020-06-10,147.421184,148.029223,141.871819,142.571045,119.928518,8936633
2020-06-11,143.938871,146.448327,136.503327,139.060994,116.984885,6157731
2020-06-12,138.40111,139.824187,132.205868,132.292747,111.299638,8955532
2020-06-15,132.716457,134.008517,128.594748,132.064966,111.133559,7985128
2020-06-16,131.641339,131.981355,129.366479,131.719547,110.851384,5278590
2020-06-17,130.819387,136.937201,128.82094,136.083506,114.532746,10791477
2020-06-18,135.574506,140.682412,135.105172,140.259894,118.056794,6337204
2020-06-19,141.362307,142.499534,140.347088,141.997164,119.528216,6416773
2020-06-22,138.75379,142.884016,138.059421,142.662428,120.115833,9352935
2020-06-23,143.983228,145.174734,143.72103,144.433084,121.615975,11783764
2020-06-24,143.88242,144.19496,140.566548,141.911697,119.502069,12312841
2020-06-25,140.930274,141.491452,135.982886,137.465921,115.767212,5628846
2020-06-26,136.258092,137.8864,132.469538,133.903119,112.775435,16747521
2020-06-29,132.470278,135.349774,132.396794,134.608434,113.395539,5849291
2020-06-30,134.764928,135.893652,132.631684,134.823316,113.585265,3751252
2020-07-01,133.870985,136.254891,132.07426,136.020291,114.602472,8857491
2020-07-02,135.752143,136.130454,131.176596,132.565556,111.700283,7004807
2020-07-06,130.475711,135.926777,130.40508,133.558012,112.571044,7123174
2020-07-07,135.747345,140.246786,133.700624,138.374446,116.639577,9039172
2020-07-08,141.337343,141.543135,135.797235,137.655505,116.042458,7086642
2020-07-09,136.571303,144.231768,135.142919,142.395377,120.047334,8474354
2020-07-10,142.800584,146.517386,140.143087,145.838836,122.95979,7306570
2020-07-13,145.650947,146.152324,141.958976,142.165688,119.89045,10719743
2020-07-14,141.40637,143.455135,140.90803,142.060325,119.810781,10527531
2020-07-15,141.338609,146.713952,141.097396,144.350465,121.751571,8859789
2020-07-16,144.233679,147.579658,142.2689,146.733991,123.77143,4977195
2020-07-17,145.526732,149.146179,144.81331,147.891577,124.757427,14519900
2020-07-20,149.008977,149.627154,146.644691,146.852937,123.909752,10866853
2020-07-21,145.9861,146.235924,138.910278,140.124078,118.241223,5245377
2020-07-22,140.87632,142.35118,137.932897,139.971118,118.121204,6356734
2020-07-23,139.090832,143.583185,137.012933,139.188687,117.469918,5817943
2020-07-24,138.05279,140.199793,136.722856,138.755217,117.113063,8323952
2020-07-27,139.047114,140.578063,137.433524,140.201674,118.361129,9280911
2020-07-28,141.708617,141.85908,137.848046,138.884441,117.258082,9529399
2020-07-29,138.372593,139.13539,135.461178,138.050271,116.562741,7502318
2020-07-30,137.90061,140.127508,137.196523,139.594008,117.875231,11913684
2020-07-31,139.182613,140.10398,137.952069,138.230809,116.733074,6198474
2020-08-03,138.370049,138.615833,137.928397,138.148545,116.690437,10263527
2020-08-04,138.362124,139.258357,136.772654,137.933542,116.517762,6154360
2020-08-05,137.789268,138.888297,136.566531,137.219244,115.923253,5416571
2020-08-06,137.159405,137.331999,134.887103,135.546568,114.518949,6297166
2020-08-07,136.223159,136.98738,135.164608,135.3526,114.363839,7215746
2020-08-10,135.474809,135.646615,132.853604,133.190513,112.562905,7758754
2020-08-11,133.650849,133.916171,130.512527,130.846642,110.590514,8826027
2020-08-12,131.540246,132.385365,126.710827,126.875591,107.242435,6472669
2020-08-13,127.03506,127.496318,124.36321,125.39514,105.9992,7977377
2020-08-14,125.170362,126.102176,125.078353,125.289417,105.917949,10741137
2020-08-17,126.66541,126.931665,121.831829,122.365194,103.469644,5954320
2020-08-18,122.779607,123.425837,118.920411,120.506173,101.905503,6050994
2020-08-19,120.950516,121.494227,119.666494,120.590357,101.984511,7792238
2020-08-20,119.278946,119.40438,118.576025,118.733692,100.422009,10156607
2020-08-21,119.642802,120.21497,115.300893,115.961007,98.084459,5813901
2020-08-24,116.2399,118.396725,114.177439,114.661265,97.007393,13321900
2020-08-25,114.794062,117.541104,108.376696,108.664219,91.940732,6320651
2020-08-26,109.222185,114.076976,108.735043,111.949669,94.727811,5757913
2020-08-27,111.610402,112.684022,111.061825,112.296049,95.02819,14001177
2020-08-28,112.672021,116.36144,112.433495,115.275597,97.557049,8769457
2020-08-31,115.344816,116.721197,113.515729,113.876942,96.395542,7270841
2020-09-01,112.62246,115.638256,112.371407,113.910663,96.431479,10638173
2020-09-02,112.399879,112.960172,111.35951,111.630629,94.508553,5049347
2020-09-03,112.268709,112.316719,104.53607,104.868593,88.790495,13233516
2020-09-04,105.016597,111.103223,104.628461,110.472144,93.542099,8610677
2020-09-08,109.046994,109.5801,108.357829,108.821003,92.172257,7132883
2020-09-09,110.599598,114.365308,110.190839,113.532828,96.170582,8757137
2020-09-10,112.530139,114.815202,112.131988,114.620836,97.099648,9310058
2020-09-11,113.213153,115.617356,112.676431,115.310705,97.69155,7884392
2020-09-14,114.028612,118.787374,112.345193,117.390552,99.476478,8293154
2020-09-15,117.406828,118.787792,114.956242,116.009207,98.313466,7799570
2020-09-16,114.136546,118.518479,113.312117,117.645822,99.708079,6061232
2020-09-17,117.045986,118.047947,116.444383,117.610192,99.685523,4971893
2020-09-18,116.972453,117.383809,114.263436,114.89687,97.393198,11669913
2020-09-21,114.156813,114.314737,113.127338,113.579452,96.298622,4407208
2020-09-22,113.147494,114.57989,110.896681,113.205755,95.989141,7841144
2020-09-23,113.023549,113.336387,107.996432,108.913227,92.356511,11865316
2020-09-24,107.677907,107.990911,104.027223,104.915653,88.973458,7953143
2020-09-25,104.960705,109.84601,104.234672,107.620066,91.273926,6363530
2020-09-28,107.91254,108.448575,104.073384,105.330011,89.352249,9005625
2020-09-29,105.531235,106.830741,104.322755,106.161338,90.064373,7741285
2020-09-30,106.90854,107.089588,105.658587,106.602677,90.445727,10755754
2020-10-01,107.131374,108.065258,104.087137,105.881173,89.840462,9684809
2020-10-02,104.943985,108.528684,104.08411,108.157176,91.778693,4706729
2020-10-05,108.196183,108.368121,105.390621,106.993759,90.812337,8161884
2020-10-06,106.013835,107.783401,104.251941,107.313331,91.090561,8990899
2020-10-07,106.800214,107.96287,106.165705,107.396182,91.167876,6624153
2020-10-08,107.438292,108.540762,104.699939,104.752841,88.930779,8600129
2020-10-09,105.567667,106.613815,102.615884,103.501937,87.87555,6965435
2020-10-12,103.692503,104.6078,102.730024,104.532754,88.771151,5807336
2020-10-13,103.952237,104.789992,102.24652,103.093456,87.555584,7121055
2020-10-14,104.396002,105.178518,102.242916,103.26164,87.705143,12070181
2020-10-15,103.464687,103.723322,99.3224,99.470246,84.491404,9986187
2020-10-16,99.691772,100.64718,98.115778,98.774635,83.906975,7771927
2020-10-19,99.586996,100.647579,95.078827,95.939058,81.516956,9741498
2020-10-20,95.771378,96.081142,95.189536,95.780972,81.388874,7460881
2020-10-21,95.804034,97.365978,95.557873,96.793275,82.255373,6189507
2020-10-22,96.115773,96.522936,94.466752,94.565383,80.368261,6910863
2020-10-23,94.282141,95.421054,92.898017,94.613177,80.415044,9561906
2020-10-26,95.446695,98.233308,95.108637,96.572736,82.099421,8737921
2020-10-27,97.10857,97.753353,96.259303,96.859617,82.34962,8372789
2020-10-28,95.948092,97.249052,94.680254,95.723158,81.389647,7638589
2020-10-29,95.277058,98.569892,95.189229,97.617464,83.006664,12868907
2020-10-30,97.54376,97.772467,95.165915,95.807319,81.473696,6910806
2020-11-02,96.116102,96.353628,92.973742,93.488691,79.520241,7616649
2020-11-03,92.961901,97.220574,92.05107,96.909664,82.436395,11136957
2020-11-04,97.765841,97.815609,96.280138,96.55093,82.137533,14282334
2020-11-05,95.871804,97.914366,95.695093,97.052025,82.570153,5229380
2020-11-06,96.500895,97.25821,96.066722,97.073206,82.594504,6681340
2020-11-09,97.167267,97.879998,96.53988,97.802376,83.234057,7785283
2020-11-10,98.130798,98.26195,97.815621,98.195961,83.575422,6113047
2020-11-11,97.333618,98.216906,97.078966,98.137198,83.531811,6263439
2020-11-12,97.329187,98.184148,96.942327,97.75341,83.21152,5260643
2020-11-13,98.034456,98.885134,97.553177,98.643545,83.975674,8253345
2020-11-16,98.247923,100.087523,97.827872,99.625537,84.831156,6373319
2020-11-17,99.668506,100.226231,98.571328,98.617862,83.979558,7124875
2020-11-18,98.873603,98.966842,98.317295,98.685089,84.043249,12112540
2020-11-19,99.137289,99.803592,98.556032,99.119369,84.419566,11452354
2020-11-20,99.21386,100.397468,98.992072,99.943631,85.128112,8717115
2020-11-23,99.929341,100.612296,99.298495,99.775829,85.004732,8633497
2020-11-24,99.927202,100.337059,99.310901,99.90347,85.120002,4992107
2020-11-25,99.839121,101.219905,99.314269,100.711751,85.815254,5041326
2020-11-27,100.837868,101.153261,100.161522,100.828872,85.928225,6167502
2020-11-30,101.21236,101.89409,100.097927,100.557149,85.716368,7274547
2020-12-01,100.653169,101.614386,100.276846,101.249147,86.312854,8202373
2020-12-02,101.27697,101.42855,100.47696,100.610196,85.774736,7399703
2020-12-03,100.600975,101.111341,100.409785,100.867568,86.00075,12945180
2020-12-04,100.787602,101.037971,100.715835,100.783257,85.935453,8953537
2020-12-07,100.678218,101.1522,99.980728,100.833026,85.997665,9929829
2020-12-08,100.624778,101.044604,100.397831,100.786028,85.964172,4875346
2020-12-09,101.182076,101.532478,99.52183,99.925334,85.236588,8949422
2020-12-10,100.058875,100.184805,99.641512,99.936065,85.252277,9440858
2020-12-11,99.698241,100.869189,99.296076,100.615794,85.838712,14248331
2020-12-14,101.149177,101.405314,100.186401,100.713885,85.942159,6006130
2020-12-15,100.897866,101.282306,100.462245,100.816102,86.03598,9424337
2020-12-16,100.6245,100.924384,99.588644,99.915516,85.27396,7580252
2020-12-17,99.898101,101.175015,99.234316,100.602095,85.866511,3783706
2020-12-18,101.117114,101.344502,100.251733,100.53369,85.814703,6716800
2020-12-21,100.245688,100.463108,99.242409,99.546631,84.991702,6328930
2020-12-22,99.280004,99.413796,98.752237,99.323826,84.807976,7402393
2020-12-23,99.331226,101.144947,98.791197,100.436394,85.76452,15719711
2020-12-24,100.602885,101.128592,100.187054,100.825815,86.103654,10019245
2020-12-28,101.020803,101.084687,99.176659,99.641063,85.117991,9521205
2020-12-29,99.501348,100.312624,99.312496,99.996228,85.427938,7694377
2020-12-30,99.801051,100.067672,98.943412,99.394531,84.920411,12750126
2020-12-31,99.689906,100.584517,99.513438,100.007607,85.45076,12200064
2021-01-04,99.904916,100.310879,99.051022,99.182875,84.772064,6774625
2021-01-05,98.952342,99.831847,98.544947,99.460066,85.015497,8907054
2021-01-06,99.321328,100.107903,99.100355,99.884986,85.385251,9888228
2021-01-07,99.718332,99.957273,98.620624,99.364758,84.947054,6458332
2021-01-08,99.227859,99.313198,98.051969,98.360609,84.095052,9243551
2021-01-11,98.606096,98.968042,98.380448,98.842649,84.526618,15775197
2021-01-12,99.177797,99.781015,98.189738,98.332597,84.096887,9564135
2021-01-13,97.971326,98.887992,97.770802,98.707302,84.423816,12115146
2021-01-14,98.946131,99.04748,97.093932,97.341776,83.262272,6920876
2021-01-15,97.442939,98.27787,96.929347,97.721805,83.593742,7706588
2021-01-19,97.515876,97.758859,97.199754,97.417512,83.358999,7138468
2021-01-20,97.249467,97.843993,95.928732,96.112568,82.248679,8912290
2021-01-21,96.017475,96.852238,95.147488,95.50124,81.731798,5838706
2021-01-22,95.52591,95.798798,94.049511,94.861166,81.190235,9207645
2021-01-25,94.736072,95.313523,94.165082,94.516062,80.913471,6344115
2021-01-26,94.249534,94.988552,94.20124,94.65752,81.040783,13709917
2021-01-27,94.762186,95.839781,94.587712,95.30662,81.602764,11324343
2021-01-28,95.012539,95.064784,94.432899,94.823913,81.195688,7292301
2021-01-29,94.696731,94.89764,93.167835,93.348205,79.938199,7136446
2021-02-01,93.458421,93.621012,92.745448,92.902806,79.575083,12799552
2021-02-02,92.879419,94.145502,92.678707,93.163166,79.804209,10760490
2021-02-03,93.178044,93.228682,92.798366,93.041677,79.706251,7804407
2021-02-04,93.358586,93.824918,91.808509,92.717074,79.434261,10901709
2021-02-05,92.444546,94.476082,92.266419,94.399669,80.882005,6867862
2021-02-08,94.357269,94.824426,92.606125,93.244954,79.911017,7325780
2021-02-09,93.162107,93.378779,92.568263,92.787053,79.524691,7437434
2021-02-10,92.85708,93.023704,92.010509,92.230422,79.053681,10644798
2021-02-11,92.120131,93.46296,92.039764,93.343995,80.014295,9352913
2021-02-12,93.381003,93.923195,92.903015,93.802229,80.413256,6028543
2021-02-16,93.79964,94.601062,93.491376,94.534962,81.066255,7820619
2021-02-17,95.066788,95.25823,94.117029,94.535679,81.073085,7136461
2021-02-18,94.420293,94.716959,93.956338,94.301145,80.878151,7262387
2021-02-19,93.807322,94.414835,93.455731,93.567396,80.254997,8636572
2021-02-22,93.552077,93.824533,93.443332,93.746863,80.427425,5405893
2021-02-23,93.745898,93.789087,93.039818,93.511507,80.231658,7860521
2021-02-24,93.605837,93.721342,92.539768,93.00264,79.801174,7352861
2021-02-25,93.377976,93.499572,92.456203,93.248538,80.018302,5762984
2021-02-26,93.50589,93.919338,92.702023,92.854829,79.686561,5249070
2021-03-01,92.778723,94.279943,92.493571,94.153942,80.820024,8101829
2021-03-02,94.075746,94.818168,93.302365,93.687169,80.42552,6049091
2021-03-03,93.449221,93.837341,93.092464,93.38814,80.174965,5047155
2021-03-04,93.54338,94.569162,92.480098,92.874984,79.740527,9820583
2021-03-05,92.805616,92.844467,92.473634,92.615022,79.523424,7796552
2021-03-08,92.747132,93.029891,91.212857,91.777011,78.821996,8856763
2021-03-09,92.113521,92.968679,91.83711,92.791357,79.699269,13490647
2021-03-10,92.841262,93.127158,91.975673,92.034741,79.055465,6076717
2021-03-11,92.242105,92.329028,89.78378,90.291343,77.563877,7692961
2021-03-12,89.936692,90.491451,89.832277,90.406285,77.668571,7114557
2021-03-15,90.218838,92.522196,89.74039,92.445008,79.438316,4601828
2021-03-16,92.86128,93.249095,92.137836,92.772959,79.726238,12406969
2021-03-17,92.937906,94.692485,92.407487,94.560671,81.268773,10039729
2021-03-18,94.184956,94.454866,93.556076,93.72265,80.554723,5853324
2021-03-19,93.732749,93.856448,93.061772,93.460646,80.335689,7456410
2021-03-22,93.606631,96.089096,93.349087,95.325428,81.95744,7364135
2021-03-23,95.262133,95.851632,93.962402,94.175224,80.974742,8288526
2021-03-24,93.568209,95.814803,93.522751,95.062401,81.74383,5506518
2021-03-25,96.38369,96.760276,96.140876,96.363523,82.869013,12406993
2021-03-26,96.082269,98.269567,95.420726,96.974129,83.400505,7803352
2021-03-29,96.700581,98.07501,95.834063,97.243245,83.651188,4882192
2021-03-30,96.810457,97.276427,96.487918,97.224381,83.641372,5933668
2021-03-31,97.614664,98.149764,96.420432,96.916097,83.38255,5661747
2021-04-01,96.974818,97.465004,96.252587,96.402598,82.947116,11296490
2021-04-05,96.656602,96.84861,96.475992,96.722764,83.248117,11883892
2021-04-06,97.107246,97.283043,95.968284,96.259608,82.855836,17043666
2021-04-07,96.038177,97.291685,95.775544,97.035927,83.530458,8490057
2021-04-08,97.132322,97.42928,96.237934,96.4228,83.00903,7018050
2021-04-09,96.463077,96.532926,95.965682,96.34519,82.948576,10467723
2021-04-12,96.067298,96.822561,95.833573,96.557661,83.150623,6610659
2021-04-13,96.505469,97.605163,95.425305,97.426962,83.905653,6867835
2021-04-14,97.733979,98.134613,96.913155,97.133397,83.659244,10598142
2021-04-15,97.349054,98.115977,97.001905,97.982539,84.397064,10633403
2021-04-16,97.902986,99.139841,97.759024,98.354872,84.724267,7743959
2021-04-19,97.778365,98.705808,97.418016,98.482469,84.853694,5739375
2021-04-20,98.511715,98.785953,97.322071,97.795869,84.268571,7627961
2021-04-21,97.725442,99.561023,97.435234,99.041792,85.348697,4523754
2021-04-22,99.219717,99.333088,98.17209,98.837744,85.17939,5283541
2021-04-23,98.814206,99.437256,97.793388,98.292744,84.716197,8481191
2021-04-26,98.707836,99.138537,98.186351,98.252246,84.70077,5426447
2021-04-27,98.067999,99.382597,97.495023,98.956437,85.314375,6370493
2021-04-28,98.939849,99.791999,98.878767,99.098931,85.443775,10931113
2021-04-29,99.241504,99.483505,98.213419,98.358244,84.811651,3862236
2021-04-30,98.255542,99.232037,98.173171,99.092448,85.451286,7476350
2021-05-03,99.409248,99.500156,97.788927,97.865411,84.412575,14866501
2021-05-04,97.660794,97.775818,97.317561,97.529178,84.12901,8150928
2021-05-05,97.233272,98.215217,96.86888,97.56672,84.167846,9192716
2021-05-06,97.755922,98.138687,97.659337,97.796465,84.372508,11722504
2021-05-07,97.837989,97.937176,97.238689,97.380726,84.020276,10886374
2021-05-10,96.917367,97.013238,96.385114,96.953686,83.671066,13254178
2021-05-11,97.095224,97.466433,96.888173,97.205703,83.894988,9084639
2021-05-12,96.897029,97.47126,96.750351,97.300121,83.982914,5542940
2021-05-13,97.218589,97.911101,96.808415,97.520783,84.179828,12148927
2021-05-14,97.191846,98.912406,97.119999,98.483126,85.017038,11253083
2021-05-17,98.516853,99.105981,97.209718,97.638512,84.307299,8267419
2021-05-18,97.620301,99.624208,97.224004,99.515372,85.934487,8349780
2021-05-19,99.279654,99.453822,98.046385,98.274752,84.86968,7450620
2021-05-20,98.04139,98.133296,97.654294,97.807166,84.472351,11892701
2021-05-21,97.732217,98.302099,97.08053,97.922104,84.578102,8347710
2021-05-24,98.009509,99.671158,97.52685,99.382322,85.859077,6618446
2021-05-25,99.836241,100.520191,99.241002,100.201238,86.573197,7714192
2021-05-26,99.913936,101.926504,99.431309,101.673385,87.851856,12126002
2021-05-27,101.447956,101.854698,100.811664,100.889276,87.181023,7696244
2021-05-28,101.025554,101.309542,100.393448,100.880871,87.180443,6948132
2021-06-01,100.838639,101.232571,99.01909,99.152653,85.713209,13602646
2021-06-02,98.994152,99.796189,97.849652,97.984921,84.710249,4438488
2021-06-03,97.744598,97.794997,97.410523,97.665597,84.440659,5052500
2021-06-04,97.640906,97.756124,97.156054,97.429967,84.243394,7485574
2021-06-07,97.434927,97.874563,96.00037,96.256027,83.247482,8315749
2021-06-08,96.075122,96.270182,95.743254,96.027923,83.056572,5465791
2021-06-09,96.103322,97.299792,95.275253,96.864102,83.786224,9075981
2021-06-10,96.709624,98.687916,96.562864,98.305416,85.039462,7866626
2021-06-11,98.236517,98.480254,97.919526,97.981863,84.766068,9814127
2021-06-14,98.686336,99.073976,97.732254,98.127555,84.911636,6622199
2021-06-15,98.401134,100.719397,98.301332,100.217466,86.726723,7547582
2021-06-16,99.995922,100.445437,99.497969,100.003187,86.547924,7544012
2021-06-17,100.019608,100.14345,98.126571,98.807342,85.519533,15690689
2021-06-18,98.282681,99.644479,97.904069,99.093746,85.773996,7118533
2021-06-21,98.601036,98.958653,98.054187,98.587438,85.355371,11193851
2021-06-22,98.63648,99.152455,97.108965,98.034309,84.882989,9518008
2021-06-23,97.969191,98.155323,96.981892,97.146648,84.120856,6479301
2021-06-24,97.562996,99.013476,97.205303,98.515957,85.313103,10148267
2021-06-25,98.791781,99.334579,97.613629,98.09814,84.957793,11481657
2021-06-28,98.255403,98.68123,96.249401,96.576235,83.658986,9000624
2021-06-29,97.575075,97.756063,97.32702,97.59526,84.548196,6068091
2021-06-30,96.90066,98.413024,96.346641,97.806923,84.738058,6170837
2021-07-01,97.257721,97.544155,96.660092,96.724115,83.806359,5656043
2021-07-02,97.142382,97.496007,95.698118,96.628647,83.730059,9988466
2021-07-06,96.790745,97.586165,96.43011,97.393789,84.418948,9594146
2021-07-07,97.077632,97.793195,96.782543,97.746582,84.731236,6809401
2021-07-08,97.553152,98.962781,97.267789,98.297857,85.215639,5344833
2021-07-09,98.295663,98.883172,98.03016,98.513408,85.40905,8350889
2021-07-12,98.244389,98.867445,98.01704,98.730003,85.616521,7602094
2021-07-13,98.843065,98.925511,98.632725,98.844225,85.722143,9560583
2021-07-14,98.736007,99.336526,98.674142,99.113586,85.962335,5252699
2021-07-15,99.241071,99.402466,98.519059,98.804104,85.700488,5931799
2021-07-16,98.947731,99.511641,98.059485,98.375433,85.335209,11044480
2021-07-19,98.622746,98.902322,97.653306,97.826257,84.878348,8205502
2021-07-20,97.835558,99.165094,97.480879,98.746799,85.683618,10749990
2021-07-21,98.70498,99.113786,97.315837,97.6338,84.724352,9420295
2021-07-22,97.805427,98.232026,97.163679,97.307529,84.447696,8174047
2021-07-23,97.318763,98.220068,96.910722,97.964248,85.024143,6245137
2021-07-26,97.684603,98.070892,96.664772,97.02061,84.224517,5759849
2021-07-27,97.603872,97.813462,96.589558,96.703095,83.955316,9668571
2021-07-28,96.599058,97.099156,96.452451,96.953718,84.179354,9452896
2021-07-29,96.87391,98.217453,96.489753,98.030745,85.120999,9533948
2021-07-30,98.03188,98.111596,97.614445,97.923649,85.034525,9549550
2021-08-02,97.915344,98.524835,97.195133,97.763728,84.91518,11007580
2021-08-03,97.852787,99.710371,97.611692,98.939441,85.942963,4826291
2021-08-04,98.357947,98.857773,98.203486,98.687198,85.730426,11391950
2021-08-05,98.968104,99.074783,96.856778,97.109286,84.366148,6496134
2021-08-06,97.507368,97.928295,97.169823,97.597657,84.796933,11820445
2021-08-09,97.768421,99.069,97.455645,98.801915,85.862987,11663859
2021-08-10,98.497312,99.372249,97.687265,97.856703,85.048078,5561595
2021-08-11,98.039181,100.02211,97.981378,99.566597,86.540795,8011263
2021-08-12,99.862136,100.361692,99.253423,99.635232,86.60709,12796272
2021-08-13,99.964508,100.641833,99.268998,99.746395,86.710364,9469525
2021-08-16,100.106377,100.384845,99.092684,99.370986,86.403887,9599921
2021-08-17,99.091759,99.476155,97.746756,98.976633,86.067592,7906259
2021-08-18,98.676271,99.275361,98.468762,99.203384,86.271382,4718077
2021-08-19,99.66865,100.009889,98.350689,98.677525,85.820652,5285695
2021-08-20,98.264182,98.578406,96.957324,97.503663,84.806236,6506002
2021-08-23,97.698615,97.990571,97.532558,97.767393,85.05518,13606192
2021-08-24,98.128014,99.223733,98.080596,99.013667,86.146011,5607118
2021-08-25,98.721881,98.988888,97.424311,97.976566,85.250225,12688632
2021-08-26,98.04725,98.708304,97.752242,98.229395,85.476765,7164403
2021-08-27,98.22998,99.07532,97.405443,97.54131,84.884518,7560233
2021-08-30,97.725368,98.048403,97.261832,97.818778,85.145562,7608904
2021-08-31,98.049135,98.40683,97.394378,97.567426,84.933285,7617400
2021-09-01,97.819304,98.668545,96.389443,97.159721,84.584859,6654552
2021-09-02,96.832711,97.316199,96.082008,96.493431,84.011243,5978713
2021-09-03,96.528191,96.679143,94.236939,94.426845,82.218289,9045509
2021-09-07,93.612706,97.157817,93.333083,96.166779,83.758944,9837945
2021-09-08,96.701704,97.059908,94.933799,95.195388,82.919243,9883898
2021-09-09,94.85633,96.24579,94.686835,95.930338,83.565822,12690672
2021-09-10,95.84928,97.12335,95.636301,96.516951,84.083271,5748491
2021-09-13,96.578569,97.445876,96.499956,96.878563,84.417711,5446474
2021-09-14,97.0015,98.787153,96.212686,98.388851,85.740314,14290773
2021-09-15,97.910525,98.536583,97.547272,98.397212,85.754173,11854616
2021-09-16,98.355331,99.069043,98.094789,98.699272,86.024016,8380855
2021-09-17,98.750716,99.409494,98.706519,99.347135,86.595316,5028661
2021-09-20,99.485416,99.83146,99.339509,99.600149,86.835823,7778017
2021-09-21,99.434113,99.55446,98.34084,98.529514,85.908981,7743973
2021-09-22,98.424459,99.165977,98.028259,99.001176,86.326846,9762896
2021-09-23,98.939818,99.384821,98.25267,99.205031,86.511235,6036040
2021-09-24,99.469943,99.663354,98.426494,99.160247,86.47881,8018247
2021-09-27,98.873941,100.335773,98.827659,100.128265,87.343115,12523155
2021-09-28,100.229944,101.417539,99.899456,101.130701,88.224315,16332511
2021-09-29,101.508698,101.698714,100.85722,101.223725,88.312237,8321891
2021-09-30,101.079673,103.276103,100.749731,102.981405,89.852606,12402285
2021-10-01,102.688648,103.823381,102.499885,103.003959,89.879174,6232725
2021-10-04,102.712877,105.869922,102.382318,105.529294,92.10391,10638512
2021-10-05,105.032617,106.943341,104.51781,106.314797,92.796595,8592981
2021-10-06,107.335121,107.617694,105.828304,105.986831,92.517423,5816502
2021-10-07,106.082896,108.005942,105.859924,107.494934,93.841061,5852669
2021-10-08,107.887502,109.403231,107.348717,108.359336,94.60292,3265648
2021-10-11,107.616062,109.958794,107.557448,109.180535,95.341791,7205369
2021-10-12,109.820897,109.98106,108.426543,109.156365,95.327992,8660876
2021-10-13,109.292734,110.027116,108.756106,109.407119,95.554304,8224770
2021-10-14,109.754927,110.917471,109.588874,110.442836,96.466277,6225513
2021-10-15,110.549742,111.358025,110.46369,111.179045,97.116763,5467943
2021-10-18,111.1088,111.931345,110.888439,111.806175,97.687035,9108856
2021-10-19,111.667439,112.62395,111.586167,112.350801,98.170409,11320032
2021-10-20,112.236559,114.116564,112.098242,113.173029,98.896441,7372930
2021-10-21,113.113706,113.334131,113.024681,113.154923,98.8882,9150318
2021-10-22,113.274384,113.758794,113.096296,113.671987,99.347687,5238705
2021-10-25,113.4654,114.048306,113.325329,113.393671,99.127237,8233063
2021-10-26,113.133817,113.185968,112.448287,112.818563,98.632046,4733442
2021-10-27,112.914231,113.720844,112.503998,113.546171,99.27577,12783013
2021-10-28,113.437415,113.836956,112.902409,113.494369,99.238086,7899216
2021-10-29,112.941776,113.217002,111.793587,112.195132,98.10957,6557655
2021-11-01,112.352415,112.498065,111.021512,111.628345,97.636392,7834106
2021-11-02,111.904024,113.330547,111.527669,113.059771,98.895979,15219880
2021-11-03,112.906579,113.09267,112.67741,112.797012,98.673701,6204102
2021-11-04,112.511599,113.164525,111.804732,112.621974,98.528132,8227241
2021-11-05,112.706261,113.030944,112.445528,112.887246,98.767779,4221627
2021-11-08,113.308487,113.378273,111.366674,111.625319,97.686152,6601937
2021-11-09,111.60349,111.846379,110.387908,111.008173,97.153519,5408137
2021-11-10,111.73854,112.028356,111.321598,111.966602,97.999841,7919434
2021-11-11,112.014715,112.655757,111.949966,112.523912,98.495182,8668861
2021-11-12,112.368626,112.414574,111.938123,112.13773,98.164672,6890135
2021-11-15,112.140136,112.317427,111.508645,111.887913,97.968512,8526341
2021-11-16,111.656679,112.201586,110.719342,111.950238,98.030598,8139328
2021-11-17,111.959083,112.388077,109.492189,109.768524,96.127522,10110968
2021-11-18,109.983103,110.327312,109.441306,109.487038,95.888367,12819748
2021-11-19,109.05847,110.70118,107.801975,108.624113,95.139914,7613069
2021-11-22,108.124561,109.15144,107.921156,108.604152,95.144309,9586324
2021-11-23,108.899753,109.631215,108.517296,109.575617,96.002735,9905219
2021-11-24,109.744317,110.003669,108.936956,109.882736,96.279193,4635418
2021-11-26,110.055486,110.414304,108.732811,109.210774,95.705092,6163045
2021-11-29,109.457204,109.615547,107.766848,108.206146,94.846513,7966719
2021-11-30,108.457707,108.818227,107.702945,107.773065,94.474145,9726156
2021-12-01,108.222707,109.820614,108.009822,109.569477,96.056247,7727533
2021-12-02,109.406528,109.981496,108.708203,109.256335,95.789068,9263787
2021-12-03,109.029121,109.881715,108.822447,109.561799,96.064243,11751076
2021-12-06,109.329398,109.745054,108.323948,108.989051,95.584035,8035093
2021-12-07,109.000122,109.814278,108.518811,109.656778,96.177009,6790641
2021-12-08,109.534604,110.35754,108.829146,110.091843,96.565994,6397754
2021-12-09,110.01907,110.252908,108.871239,109.744027,96.268291,9394872
2021-12-10,109.868681,110.262722,108.647702,108.883775,95.520994,10946574
2021-12-13,108.709581,110.065139,108.368079,109.675191,96.237413,8719925
2021-12-14,109.4799,110.350586,109.203388,110.130519,96.644362,8796459
2021-12-15,110.163729,111.232288,110.088882,110.876563,97.306507,7446449
2021-12-16,110.747438,111.187779,110.381081,110.894693,97.329879,7644387
2021-12-17,110.474285,111.601252,109.998612,110.072646,96.615792,7200802
2021-12-20,109.830213,110.248622,109.130833,109.450602,96.091893,6391645
2021-12-21,109.637379,109.767804,108.298956,108.650921,95.397127,4827572
2021-12-22,109.241816,109.504969,109.188631,109.388484,96.052082,7263546
2021-12-23,109.464413,109.580344,108.844118,109.057581,95.768863,5413495
2021-12-27,109.363455,109.841794,109.168848,109.651332,96.319796,12268852
2021-12-28,109.710143,110.353539,109.598496,109.717517,96.385323,6764896
2021-12-29,110.252366,110.618797,109.716194,109.92517,96.575146,5068342
2021-12-30,109.85075,110.175121,109.688403,110.019775,96.665671,5908424
2021-12-31,109.744085,110.023827,109.336443,109.525326,96.238616,4043587
2022-01-03,109.833081,110.080042,108.7913,109.031619,95.826837,6469372
2022-01-04,108.961999,110.449152,108.822588,110.366499,97.007486,9413395
2022-01-05,110.697646,111.38493,110.342842,111.068092,97.631641,6207324
2022-01-06,110.71707,111.327637,110.468903,110.96151,97.545431,8339345
2022-01-07,110.919882,111.244091,109.674303,110.062454,96.762494,15468185
2022-01-10,110.270882,110.533698,109.707233,110.265467,96.963272,16068651
2022-01-11,110.175838,110.332914,109.248098,109.428165,96.234358,8273747
2022-01-12,109.616143,110.247102,109.194575,109.77477,96.546573,5244420
2022-01-13,109.652195,110.721264,109.342942,110.621867,97.299052,4713458
2022-01-14,110.643601,111.345216,110.396125,111.227708,97.839428,11538255
2022-01-18,111.214391,111.732569,110.988533,111.448188,98.063434,8345908
2022-01-19,111.5143,111.622676,110.97899,111.031223,97.704036,6512348
2022-01-20,110.756124,111.898128,110.415425,111.673982,98.277178,9922871
2022-01-21,111.572791,112.235354,111.515449,112.188042,98.737138,5782538
2022-01-24,112.447969,112.627733,111.701459,111.859691,98.470798,4313764
2022-01-25,112.057525,112.388114,111.024109,111.395837,98.069983,10185579
2022-01-26,111.688278,111.988884,111.471436,111.63543,98.288448,7012939
2022-01-27,111.630133,111.925082,111.5396,111.675936,98.33165,9274759
2022-01-28,111.580881,112.179457,111.475242,111.5776,98.252595,7620603
2022-01-31,111.503259,112.247692,111.370228,111.899405,98.558633,10556873
2022-02-01,112.202373,112.303192,110.502296,110.672726,97.485673,6736707
2022-02-02,110.366897,111.314761,109.929226,111.113993,97.881865,8397890
2022-02-03,111.126088,111.518979,110.767507,111.089803,97.868058,10324042
2022-02-04,111.523931,111.747254,110.674959,111.211752,97.983004,7992195
2022-02-07,111.175648,111.581112,110.641943,111.522353,98.279258,7267446
2022-02-08,111.658934,112.181504,110.85559,111.242072,98.039775,5087489
2022-02-09,111.458217,111.853168,111.063561,111.603845,98.366153,4729144
2022-02-10,111.488335,112.35903,110.795258,112.044357,98.761986,7609130
2022-02-11,111.847083,111.907146,111.687524,111.749176,98.509349,5886154
2022-02-14,111.871403,111.980688,111.212952,111.422951,98.244366,10143434
2022-02-15,111.569201,111.82938,111.298174,111.385548,98.218915,9020835
2022-02-16,111.542499,111.659465,110.865331,110.991557,97.879,10528568
2022-02-17,111.226962,111.349021,109.490888,109.70484,96.751713,8085224
2022-02-18,109.65541,110.888787,109.428302,110.409441,97.380585,11273334
2022-02-22,110.668145,110.745002,110.06816,110.496335,97.487114,7223186
2022-02-23,110.265976,112.186902,109.971102,111.961563,98.787406,8362023
2022-02-24,112.006263,112.12111,111.278715,111.346572,98.252312,10043516
2022-02-25,111.294519,111.916101,111.164891,111.798995,98.659093,6341748
2022-02-28,112.010849,112.841043,111.833164,112.228824,99.061183,12184921
2022-03-01,112.734069,113.649904,112.498085,113.043399,99.787835,10966292
2022-03-02,113.122222,114.155951,112.979001,113.677259,100.35506,6886794
2022-03-03,113.924295,114.186909,113.681039,113.807856,100.478055,8780846
2022-03-04,113.424012,113.620746,112.145365,112.366176,99.212837,6689989
2022-03-07,112.628267,113.108801,111.611113,112.019557,98.929542,5650284
2022-03-08,112.036815,112.330835,111.359658,111.741552,98.691588,9585538
2022-03-09,111.455333,112.77775,111.229408,112.277652,99.172681,6228134
2022-03-10,112.263243,113.344269,111.752166,112.56528,99.43436,7364850
2022-03-11,112.473907,113.186385,112.279994,112.864791,99.706575,6482569
2022-03-14,112.936073,113.149629,112.57964,112.963887,99.817072,7718542
2022-03-15,112.517309,113.94771,112.469935,113.746189,100.516034,8963900
2022-03-16,113.805217,114.264235,112.610693,113.197402,100.038747,6140074
2022-03-17,112.760687,114.555401,112.64264,113.646565,100.443396,9212411
2022-03-18,113.000529,114.723822,112.268852,114.454989,101.165655,8849355
2022-03-21,114.31249,114.982511,114.111793,114.176859,100.943031,7504616
2022-03-22,113.848218,114.811071,113.734074,114.491324,101.228807,4271525
2022-03-23,114.190687,115.259226,114.097792,115.169233,101.835995,6750138
2022-03-24,115.081848,115.202171,114.745731,114.92279,101.625873,10494172
2022-03-25,114.637442,114.859666,114.455845,114.782146,101.509283,8982997
2022-03-28,114.307961,115.263329,114.023269,115.106944,101.819937,7170206
2022-03-29,114.826098,116.491036,114.575492,115.963706,102.585665,12458450
2022-03-30,115.640549,116.487342,115.284234,116.417639,102.995126,4255087
2022-03-31,116.089921,116.944083,116.032071,116.287553,102.887925,5060162
2022-04-01,116.417762,117.469777,116.110371,117.19913,103.702412,5699420
2022-04-04,116.803608,118.240289,116.580098,117.73021,104.196293,5859813
2022-04-05,118.082978,119.29628,117.600905,118.659431,105.026745,7896773
2022-04-06,118.534,119.131646,118.176022,118.907213,105.254127,5295228
2022-04-07,118.867132,119.366158,117.784466,118.761411,105.133126,10545057
2022-04-08,118.491536,119.304148,118.230656,119.158896,105.493085,5334243
2022-04-11,119.183361,119.636813,118.371783,118.426807,104.869071,7314661
2022-04-12,118.34347,119.418167,118.012125,118.820456,105.22572,8784977
2022-04-13,119.037464,119.15222,117.739071,118.397731,104.8594,17640180
2022-04-14,118.548502,119.331732,118.019667,119.163795,105.545958,9361500
2022-04-18,118.732296,119.369028,118.675092,119.248503,105.653378,5173338
2022-04-19,119.644023,119.745379,117.06499,117.996788,104.552381,7938803
2022-04-20,118.137487,118.485139,116.579186,116.827026,103.523836,7630029
2022-04-21,116.84631,117.829988,116.430061,117.578999,104.198169,9962295
2022-04-22,117.493411,117.742126,116.885773,117.299224,103.958202,6904772
2022-04-25,117.201833,117.813836,116.694633,116.912523,103.639315,5653302
2022-04-26,116.625173,119.008263,116.498625,118.70095,105.232767,9491423
2022-04-27,117.871602,119.054305,117.571996,118.904704,105.421484,11921704
2022-04-28,118.998541,119.363813,117.965858,118.09229,104.709221,8627513
2022-04-29,117.906229,118.461177,116.731031,117.071514,103.812084,5383397
2022-05-02,117.208723,117.764141,116.056958,116.270817,103.125787,10991874
2022-05-03,116.844895,117.300585,115.268174,115.854873,102.764745,9844100
2022-05-04,115.700526,117.25122,114.826284,117.177314,103.945735,4244592
2022-05-05,117.13692,117.478478,114.696503,115.779628,102.713749,4364663
2022-05-06,115.551469,116.96912,115.491302,116.221854,103.113973,7005005
2022-05-09,116.445703,117.94491,115.675272,117.358977,104.146797,6622656
2022-05-10,117.20072,117.993906,116.926198,117.661477,104.423247,8295153
2022-05-11,117.764807,118.476883,116.180639,116.520237,103.418336,9110792
2022-05-12,116.572176,117.706362,116.3249,117.449045,104.250699,11697035
2022-05-13,117.569733,117.906473,116.911702,117.724114,104.502867,6372123
2022-05-16,118.388051,118.807515,118.227088,118.332407,105.067005,10839141
2022-05-17,117.978844,118.68111,117.638968,118.385497,105.122201,7818844
2022-05-18,117.96906,119.064575,117.780407,118.782071,105.482431,7838137
2022-05-19,118.801123,119.683573,118.658623,119.297634,105.948391,8427394
2022-05-20,119.305812,119.810477,117.466025,117.711958,104.548163,6838440
2022-05-23,117.661603,118.186517,116.699248,117.022945,103.96011,5232378
2022-05-24,116.401311,117.917929,116.322352,117.194434,104.120438,6839865
2022-05-25,117.390619,117.523823,115.88451,116.688065,103.678506,5198984
2022-05-26,117.041322,117.441197,116.713233,116.891968,103.867637,11585879
2022-05-27,117.103456,117.799452,116.695751,117.458994,104.379486,9360508
2022-05-31,117.568088,118.311479,117.080372,117.925926,104.826562,6094659
2022-06-01,118.262367,118.612625,117.761058,117.833791,104.752691,4629341
2022-06-02,117.925655,118.345533,117.514899,117.658214,104.604625,6253045
2022-06-03,117.841996,118.66024,117.633677,118.454174,105.32035,10099454
2022-06-06,118.169524,119.211277,118.068573,118.765068,105.621061,8145008
2022-06-07,119.090737,119.835259,118.601039,119.337683,106.13844,6525239
2022-06-08,119.386327,119.749157,118.955873,119.319742,106.130619,8005106
2022-06-09,119.247587,119.751747,118.36082,118.563116,105.465712,7381667
2022-06-10,118.801912,119.158821,118.573602,118.645501,105.547087,11432754
2022-06-13,118.702743,119.124735,117.766209,117.998739,104.995871,6072216
2022-06-14,117.567984,118.082733,116.223464,116.732002,103.876685,9296366
2022-06-15,116.449081,116.815809,115.827433,116.629245,103.793201,6306662
2022-06-16,116.64569,117.107026,115.407617,115.838882,103.097727,8351526
2022-06-17,115.684229,116.585569,115.545824,116.24409,103.466298,9898003
2022-06-21,116.36002,116.59774,116.161422,116.257435,103.509911,9885992
2022-06-22,116.274591,117.110565,114.964635,115.532713,102.872541,9684143
2022-06-23,115.820909,116.362504,114.655851,115.466905,102.821826,9826208
2022-06-24,115.540089,115.73055,114.576271,115.181231,102.575299,8246372
2022-06-27,115.186877,116.529166,115.111884,115.864966,103.207937,7739090
2022-06-28,116.084151,116.168101,115.606278,115.870186,103.220499,11532332
2022-06-29,115.763602,116.037017,115.073145,115.479944,102.880746,10255000
2022-06-30,115.575452,116.081352,115.213064,115.732954,103.114057,15654122
2022-07-01,115.865295,116.220546,115.489321,115.719506,103.109979,8869835
2022-07-05,115.413065,116.055984,114.923428,115.320466,102.785935,7030364
2022-07-06,115.052194,115.100715,113.826512,114.14225,101.743582,7178314
2022-07-07,114.340132,115.414583,114.022673,115.175898,102.672821,11912036
2022-07-08,114.595122,115.095557,114.496599,114.583732,102.152769,8357807
2022-07-11,114.763022,115.10441,114.449349,114.890947,102.450214,6252458
2022-07-12,115.009794,115.282147,113.852478,114.471001,102.083566,6976534
2022-07-13,114.701701,115.46213,114.464607,114.865796,102.443491,4353900
2022-07-14,114.769697,115.136863,114.034546,114.805979,102.397993,5259386
2022-07-15,115.007758,115.163989,114.802068,114.874814,102.467243,10530624
2022-07-18,115.019488,115.187966,114.237244,114.316503,101.992688,6768676
2022-07-19,114.273924,115.571142,114.182844,115.276501,102.857079,8560927
2022-07-20,115.719989,115.893259,114.427862,114.823575,102.460804,7307397
2022-07-21,115.153672,115.384958,114.50879,115.217216,102.819945,8172576
2022-07-22,115.382128,115.480631,114.84409,114.990694,102.625663,4651016
2022-07-25,115.198328,115.543232,114.258993,114.522214,102.231067,5921177
2022-07-26,114.285521,114.714315,112.882873,113.047034,100.921948,8112249
2022-07-27,112.700806,113.169149,112.419717,113.002392,100.889828,7426836
2022-07-28,113.126512,113.316923,111.895854,112.35657,100.320921,7754388
2022-07-29,112.645774,113.065389,111.883049,112.175047,100.166521,10402252
2022-08-01,112.321408,112.428988,110.928049,111.706082,99.770703,10133644
2022-08-02,111.911241,112.030721,111.300708,111.472763,99.569946,6831183
2022-08-03,111.686698,112.197384,111.183006,111.638242,99.725399,7632272
2022-08-04,111.583321,111.698378,111.460539,111.575182,99.67671,9613246
2022-08-05,111.75182,112.176405,111.432053,112.109119,100.161385,5724181
2022-08-08,112.205205,112.302217,111.639947,111.928425,100.022949,12867627
2022-08-09,112.101268,112.348552,111.377504,111.968659,100.066574,6772683
2022-08-10,112.177233,112.464232,110.221347,110.54196,98.799104,4851143
2022-08-11,110.799834,110.84898,110.434337,110.725235,98.970497,8574330
2022-08-12,110.52406,111.065348,110.439288,110.983634,99.209068,6331233
2022-08-15,110.834315,112.066114,110.356261,111.68475,99.858764,7379496
2022-08-16,111.503532,111.861562,110.727875,110.953957,99.212958,10706613
2022-08-17,110.972014,111.618992,110.856239,111.393754,99.613853,7945073
2022-08-18,111.234384,111.939035,110.741031,111.517419,99.732086,9236191
2022-08-19,111.57198,112.387572,111.217656,111.831326,100.020485,9810310
2022-08-22,111.980067,112.287985,111.333756,111.491498,99.739483,4920712
2022-08-23,111.990377,112.327229,110.272058,111.078389,99.377537,5386773
2022-08-24,111.134516,111.247367,109.720681,109.832212,98.270163,8133553
2022-08-25,109.915919,110.309848,109.543688,110.221213,98.625774,7412891
2022-08-26,109.963375,112.067667,109.714284,111.557682,99.829298,13903888
2022-08-29,111.733668,113.528736,111.568843,112.99433,101.138164,10763105
2022-08-30,113.039034,113.290627,111.968085,112.32941,100.55072,9088788
2022-08-31,112.836714,112.906903,112.442164,112.542659,100.749331,9753433
2022-09-01,112.117593,114.509557,112.02522,114.014281,102.074566,10613245
2022-09-02,114.080589,116.312151,113.444101,115.828718,103.706943,6257011
2022-09-06,116.219285,116.500434,113.83573,114.831564,102.845676,7109554
2022-09-07,115.337502,115.646166,114.984064,115.224896,103.205864,7798654
2022-09-08,115.254954,115.31019,113.267384,113.986133,102.104143,11913409
2022-09-09,114.03806,114.860305,113.722597,113.821343,101.964346,5537192
2022-09-12,113.88197,116.184668,113.405465,115.633473,103.611529,7102319
2022-09-13,115.978161,116.37503,114.97533,115.37948,103.391868,6090559
2022-09-14,115.098648,116.621186,115.018813,116.424646,104.336443,10122793
2022-09-15,116.189944,117.378701,116.08503,116.780236,104.663135,7429087
2022-09-16,116.727204,117.233804,114.541238,114.759733,102.860165,7920369
2022-09-19,115.132901,115.912837,113.560297,113.698981,101.932843,6564922
2022-09-20,113.502786,115.559373,112.485569,115.157165,103.248041,6831644
2022-09-21,114.905619,115.334597,114.618063,115.053027,103.162581,7682693
2022-09-22,114.678438,115.617937,114.020505,114.333719,102.525471,6557300
2022-09-23,114.569402,116.600921,114.411911,115.445903,103.530727,8700466
2022-09-26,115.13088,115.84263,114.729684,115.09158,103.236713,10359166
2022-09-27,115.21267,115.667656,114.011704,114.720279,102.911546,8908433
2022-09-28,114.389737,115.519335,114.218139,114.310669,102.55196,5862316
2022-09-29,114.382748,115.092763,113.662914,115.019713,103.195978,8442075
2022-09-30,114.532012,115.251874,113.282013,115.123589,103.297094,5447788
2022-10-03,114.948931,115.225037,113.607856,114.529309,102.7875,6348106
2022-10-04,114.46957,115.843373,114.0441,115.471441,103.640988,8817908
2022-10-05,115.471379,115.688912,113.257249,114.336707,102.630378,8295046
2022-10-06,114.149898,114.49522,113.496532,113.83816,102.190708,9048646
2022-10-07,114.459633,114.648595,114.115695,114.303079,102.615925,7295539
2022-10-10,114.198329,114.562213,113.807468,114.072065,102.432087,11591358
2022-10-11,114.5405,114.887904,114.489748,114.641886,102.951654,7229173
2022-10-12,114.650409,115.611108,114.26192,114.918286,103.207781,4169917
2022-10-13,114.968033,115.500812,112.213266,112.607079,101.139846,9620669
2022-10-14,113.076973,113.143651,112.124906,112.685168,101.217741,15595627
2022-10-17,112.768105,113.076076,111.749836,112.163534,100.772365,4987134
2022-10-18,111.783779,113.150051,111.35728,112.183199,100.79776,7014438
2022-10-19,111.821401,112.188248,111.72735,112.124616,100.752846,8641479
2022-10-20,111.829386,112.502831,111.208674,111.535693,100.231335,8211699
2022-10-21,111.206401,111.740718,111.022335,111.263587,99.994472,16532655
2022-10-24,111.291387,111.445212,109.166779,109.496271,98.42879,6832145
2022-10-25,109.525281,110.470615,109.140317,110.004997,98.893676,7072169
2022-10-26,109.848712,111.097925,109.32638,110.965961,99.765224,4863747
2022-10-27,111.41306,112.63463,111.119528,112.160694,100.847093,5280881
2022-10-28,112.036168,112.293793,111.329561,111.501124,100.261739,11258060
2022-10-31,111.271235,111.850573,110.734261,111.294952,100.099368,18493671
2022-11-01,111.983651,112.330598,110.325648,110.768336,99.633364,8176188
2022-11-02,110.248697,110.821317,110.14965,110.589961,99.480546,13046235
2022-11-03,110.759092,111.979214,110.595018,111.692037,100.479613,6780655
2022-11-04,111.492159,111.727027,110.328869,110.638158,99.539161,10357094
2022-11-07,110.611796,112.344664,110.344388,112.134651,100.908733,6721353
2022-11-08,111.807565,112.810636,111.507853,112.470713,101.218911,8241252
2022-11-09,112.370487,112.521438,111.335072,111.820088,100.64109,7916544
2022-11-10,112.042041,113.446586,111.906686,113.087266,101.789387,7460390
2022-11-11,113.061495,114.881213,112.723896,114.554746,103.118165,9729282
2022-11-14,114.634898,115.979471,114.252145,115.655171,104.132675,4100042
2022-11-15,115.871292,116.290831,114.979184,115.404472,103.914918,7666834
2022-11-16,115.371106,117.748719,115.014168,116.978467,105.340283,6069330
2022-11-17,116.836659,116.943604,115.94057,116.448869,104.871414,9577824
2022-11-18,116.358371,117.162846,115.876363,116.447349,104.878084,7557262
2022-11-21,116.766147,117.26059,115.781261,116.216499,104.694244,12329543
2022-11-22,116.973654,117.334945,114.477536,114.917938,103.532366,8405452
2022-11-23,115.034857,117.304917,114.803186,117.05188,105.46297,12835513
2022-11-25,116.963484,117.454854,115.409131,116.506326,104.987525,8200283
2022-11-28,117.31232,117.467765,115.184841,115.542164,104.142636,8007930
2022-11-29,115.461591,116.62556,115.233582,116.224146,104.765364,11459292
2022-11-30,115.759141,116.380051,113.969416,114.357919,103.091035,10489437
2022-12-01,114.856116,114.95684,113.066128,113.272206,102.120117,8132061
2022-12-02,112.89746,114.177975,112.419209,113.587975,102.412648,4793167
2022-12-05,113.596965,113.771021,112.104088,112.269975,101.247602,8253213
2022-12-06,112.583532,114.412066,111.905506,113.340204,102.220595,7147592
2022-12-07,113.529432,114.132015,110.397071,110.846353,99.979075,9608923
2022-12-08,110.76711,113.133468,110.642114,112.743124,101.697685,6723754
2022-12-09,112.168363,113.269905,110.943294,111.418718,100.510735,8124505
2022-12-12,110.64328,112.003182,109.952504,111.788998,100.867959,10598638
2022-12-13,111.659477,112.570002,111.347517,111.43973,100.560521,8041869
2022-12-14,111.428669,112.341772,108.162688,109.124925,98.479246,8516572
2022-12-15,109.322159,111.253069,109.11273,110.817342,100.014226,8954240
2022-12-16,110.731977,112.826353,110.373602,112.367395,101.420946,16221219
2022-12-19,112.573396,113.014806,111.23164,111.33167,100.50923,6916302
2022-12-20,111.233819,112.100734,110.010526,110.49959,99.765683,6882027
2022-12-21,110.94515,111.732869,108.575633,109.361999,98.746167,8606418
2022-12-22,108.868232,109.696774,108.36368,108.410034,97.894114,13623579
2022-12-23,108.964086,109.970398,107.607257,107.652554,97.217563,5447826
2022-12-27,108.156466,109.794973,107.901032,109.709257,99.10529,8723050
2022-12-28,109.177887,110.649735,108.998963,109.839281,99.230354,6687210
2022-12-29,109.972722,111.713576,109.560925,110.489141,99.825098,7301176
2022-12-30,110.216043,112.938606,109.541988,112.163469,101.345595,10633638
2023-01-03,111.833807,113.503968,111.065638,113.158072,102.275628,6976294
2023-01-04,113.699503,113.846849,112.394196,112.780287,101.941989,6786504
2023-01-05,112.43367,112.577195,111.875696,112.438401,101.64075,11195256
2023-01-06,112.738148,112.947585,111.733455,112.567479,101.765233,8844952
2023-01-09,112.643361,113.871434,112.515592,113.768631,102.874777,10889521
2023-01-10,113.969801,114.660707,112.535974,113.270953,102.432606,15686329
2023-01-11,113.36751,113.465408,112.572162,112.762103,101.980263,9493463
2023-01-12,112.760923,112.948438,112.450123,112.856604,102.073553,7620770
2023-01-13,112.78121,113.343171,112.593525,112.916496,102.135551,7342265
2023-01-17,112.362453,113.226929,112.239277,113.020451,102.260933,6884794
2023-01-18,113.029362,113.823977,112.845374,113.646487,102.835254,5600383
2023-01-19,113.729059,113.877062,113.465375,113.52636,102.73443,10194850
2023-01-20,113.704768,114.060193,113.023375,113.271828,102.511952,9209872
2023-01-23,112.94817,113.450756,112.814601,113.359663,102.61504,5228263
2023-01-24,113.104571,113.5377,112.862399,113.343129,102.607939,4816160
2023-01-25,113.38296,114.577532,113.076726,114.348602,103.526115,5050663
2023-01-26,114.055692,114.117835,112.923541,113.254986,102.543865,6620367
2023-01-27,112.934336,113.863424,112.803266,113.435939,102.715578,7468822
2023-01-30,113.464187,113.702457,112.624553,112.795019,102.15872,7139308
2023-01-31,113.015705,114.181022,112.757127,114.08351,103.333631,7189366
2023-02-01,114.189121,114.607249,113.655295,113.91092,103.185215,8737287
2023-02-02,113.869194,114.97482,113.353832,114.754998,103.957784,10842885
2023-02-03,114.472537,114.995385,112.730353,113.110402,102.475782,9650058
2023-02-06,113.106183,113.482737,112.016655,112.288736,101.754768,6711465
2023-02-07,112.601057,113.657002,112.486693,112.859903,102.280193,8826672
2023-02-08,112.862067,114.661132,112.669921,114.579226,103.846304,6652905
2023-02-09,114.149741,114.706404,111.833123,112.758982,102.204402,9394981
2023-02-10,113.122745,113.563254,111.103857,111.385534,100.967253,8530404
2023-02-13,111.795883,112.066425,111.027403,111.357985,100.965497,5045827
2023-02-14,111.257012,111.502227,110.649416,110.890924,100.549733,9142677
2023-02-15,111.241669,112.573918,110.881107,112.425692,101.94919,11874810
2023-02-16,112.708033,113.539766,108.83738,109.97886,99.738014,11106642
2023-02-17,110.412126,111.325118,108.704586,109.059368,98.911724,8118253
2023-02-21,109.075497,110.318658,107.015868,107.468542,97.498813,9603568
2023-02-22,107.322311,110.991899,106.58289,110.206641,99.990566,9204480
2023-02-23,109.999084,110.092387,109.183959,109.279077,99.156588,10184941
2023-02-24,108.934278,109.467108,107.245065,107.599353,97.639941,8072197
2023-02-27,108.216438,110.40668,107.890395,109.95217,99.79793,8995625
2023-02-28,110.254914,111.675334,109.203318,111.138188,100.88215,6622738
2023-03-01,110.857679,111.06158,109.896573,110.400828,100.220518,11380651
2023-03-02,109.540149,111.13174,109.381661,110.567918,100.379895,9136607
2023-03-03,111.121862,111.417912,109.535919,110.484953,100.312264,9439034
2023-03-06,111.063018,111.756665,110.800619,111.576832,101.326911,8848427
2023-03-07,111.637334,114.18815,111.255186,113.906406,103.450411,9482090
2023-03-08,113.711818,114.163817,112.888966,113.801923,103.363442,9724879
2023-03-09,113.497461,117.894341,113.274302,116.742529,106.04245,10120411
2023-03-10,117.056149,118.470437,116.675173,117.915803,107.116398,10422693
2023-03-13,118.252312,118.326215,115.968822,116.309521,105.681531,10981319
2023-03-14,116.617648,117.238499,115.093353,115.354183,104.821524,16225202
2023-03-15,116.169944,116.252848,114.200476,114.358354,103.924587,10079233
2023-03-16,113.993276,115.769984,113.933841,114.356657,103.931013,9433023
2023-03-17,114.512495,115.179932,113.118385,113.388212,103.058758,7810481
2023-03-20,113.658569,114.902655,113.469278,114.166525,103.790036,8376613
2023-03-21,114.472322,115.478777,114.122506,115.110539,104.656272,7817185
2023-03-22,115.322318,115.4719,114.378214,114.811795,104.392662,7632706
2023-03-23,114.805285,117.831811,114.47272,117.412153,106.765222,12517027
2023-03-24,117.477118,118.511137,116.916113,117.051451,106.445389,5846600
2023-03-27,117.125214,118.377632,115.061424,115.898724,105.421352,10787898
2023-03-28,115.731612,115.896559,114.047601,115.272121,104.859434,4788412
2023-03-29,114.8776,116.318789,114.371414,115.285167,104.87934,8201859
2023-03-30,114.90459,115.49703,112.251267,112.666764,102.505136,10040074
2023-03-31,112.639016,113.423013,112.156854,112.321626,102.198962,7620348
2023-04-03,112.833158,112.944207,110.921107,111.816997,101.763211,5749162
2023-04-04,111.63726,112.771223,110.809794,112.253055,102.167894,8587350
2023-04-05,113.018842,113.518966,111.035065,111.139082,101.161759,5404905
2023-04-06,111.236315,111.583462,110.462064,110.515473,100.601845,17478495
2023-04-10,110.339414,110.864991,109.713055,109.975351,100.140877,17879674
2023-04-11,110.296868,111.172561,110.052623,110.765117,100.86775,5266863
2023-04-12,110.682582,111.52149,110.253759,110.894187,100.993029,10273646
2023-04-13,111.209814,112.679867,110.825976,111.977463,101.987403,5711737
2023-04-14,112.472983,112.777527,109.244332,109.835471,100.044177,5210554
2023-04-17,110.300653,110.498694,107.859696,108.686762,99.020641,4958392
2023-04-18,108.747456,109.928903,108.352081,109.658168,99.913313,8405412
2023-04-19,109.5676,110.504957,108.955636,109.796473,100.046997,9946251
2023-04-20,109.639641,110.803912,109.377478,110.519607,100.713639,7802772
2023-04-21,111.193492,111.648391,110.152151,110.716817,100.901087,7147594
2023-04-24,110.96831,111.084587,109.76181,110.184685,100.439228,8228823
2023-04-25,110.458845,111.231624,109.995423,110.352678,100.600074,11537906
2023-04-26,110.301446,110.869922,109.755092,110.071382,100.351331,5368816
2023-04-27,110.058639,110.769668,109.646895,110.645129,100.882145,5357592
2023-04-28,110.604093,110.913495,109.794782,109.928677,100.236594,4556951
2023-05-01,110.109171,110.571283,109.591185,109.649094,100.004658,10569293
2023-05-02,109.362289,109.901751,109.121482,109.519121,99.893775,11933552
2023-05-03,109.006246,110.495367,108.674554,110.371489,100.678948,13935420
2023-05-04,109.885331,110.159094,109.68446,110.052024,100.395234,9922390
2023-05-05,109.746055,110.374911,109.603478,110.059753,100.409981,5983008
2023-05-08,110.418428,110.689157,108.948693,109.34171,99.777839,10561582
2023-05-09,109.373818,109.806812,109.176466,109.359158,99.801412,10221867
2023-05-10,109.238108,110.29754,108.955237,110.02271,100.414668,8587887
2023-05-11,109.920752,110.047625,109.548564,109.758759,100.181447,5147252
2023-05-12,109.602302,110.312173,109.23004,110.075912,100.478628,4783340
2023-05-15,109.749103,109.982861,109.504336,109.705243,100.163309,8505792
2023-05-16,109.625888,110.002101,108.457296,108.949933,99.481321,10163131
2023-05-17,108.812348,108.940195,108.129464,108.328264,98.921263,5833785
2023-05-18,108.307341,109.188451,108.011603,109.063402,99.600198,10810489
2023-05-19,108.96611,109.823142,108.351761,109.777364,100.259896,8898134
2023-05-22,109.600279,109.660534,109.286023,109.612817,100.132641,6029975
2023-05-23,109.647521,109.87362,108.875381,109.012939,99.59228,9425140
2023-05-24,108.680913,109.433957,108.351267,109.20993,99.779896,6998836
2023-05-25,109.009967,109.109798,108.211548,108.337146,98.990063,5912764
2023-05-26,108.086339,108.325048,107.755338,107.83454,98.538375,8592320
2023-05-30,108.035991,108.090466,107.771348,107.874426,98.605054,6032790
2023-05-31,107.422266,109.020137,107.02321,108.791172,99.45065,9458526
2023-06-01,109.181062,109.531645,108.903681,109.326109,99.94732,10452534
2023-06-02,109.078392,109.27802,108.505385,109.002804,99.659391,6880093
2023-06-05,109.118056,109.643466,108.905179,109.214642,99.876037,11717147
2023-06-06,108.998384,109.212138,108.912297,109.008894,99.695524,8138627
2023-06-07,109.013902,109.617866,107.763802,107.862642,98.654767,8639039
2023-06-08,108.009615,108.764366,107.857935,108.700127,99.42838,7643208
2023-06-09,108.502175,110.780113,108.042346,110.608099,101.181365,10438365
2023-06-12,110.700777,110.950338,108.72463,109.460918,100.154985,5835640
2023-06-13,109.628248,110.099258,109.473265,109.596409,100.286645,8284400
2023-06-14,109.64633,111.29867,109.30903,110.450429,101.075867,4948924
2023-06-15,110.035551,110.93752,109.545739,110.739631,101.348292,8356600
2023-06-16,111.151992,111.645609,110.776957,111.131172,101.714426,9815968
2023-06-20,110.926445,111.130514,110.486105,110.673966,101.327027,7560485
2023-06-21,110.306793,111.947317,110.115041,111.388038,101.988611,9772418
2023-06-22,111.313336,112.253957,111.225098,111.808098,102.381072,6706871
2023-06-23,111.990808,112.434698,111.941702,112.378318,102.911103,8642954
2023-06-26,112.173568,114.265086,112.086701,113.804354,104.240975,6626927
2023-06-27,113.553311,114.266803,112.808933,113.922938,104.357593,10089866
2023-06-28,114.294664,114.530267,113.399538,113.533674,104.008986,11694808
2023-06-29,112.623118,112.898019,111.960147,112.345756,102.928617,8632023
2023-06-30,112.081885,113.286392,111.410717,112.990056,103.526845,10734309
2023-07-03,113.9711,114.82704,113.169332,113.514243,104.031053,7342597
2023-07-05,114.174111,114.66345,113.435126,114.210523,104.685214,10319020
2023-07-06,114.257596,114.891457,114.088356,114.260607,104.73915,7601408
2023-07-07,114.193042,114.954991,112.229182,113.041744,103.629799,10289612
2023-07-10,113.113,114.130144,112.975462,113.747949,104.30119,7630725
2023-07-11,113.946144,114.025032,111.490847,112.57311,103.231834,11220007
2023-07-12,112.79909,113.236914,111.23458,111.880239,102.604323,6857687
2023-07-13,112.147927,112.939828,111.963788,112.47064,103.153681,9155595
2023-07-14,112.026557,113.73203,111.696478,113.609101,104.205821,10607027
2023-07-17,113.59023,115.083176,113.372122,114.851482,105.369603,7507900
2023-07-18,115.029584,117.034008,114.69156,116.951176,107.304176,7258919
2023-07-19,117.286865,117.882018,114.206824,114.918051,105.446842,5516798
2023-07-20,114.036279,117.129094,113.53381,116.969554,107.337494,5938492
2023-07-21,116.866998,117.19555,114.886326,115.413493,105.917688,10558517
2023-07-24,114.947687,115.435039,113.557034,114.565911,105.164025,9540619
2023-07-25,113.832786,115.974052,113.222258,115.313593,105.858464,4962373
2023-07-26,115.150336,115.549808,113.574656,114.377944,105.007582,4948740
2023-07-27,114.035545,114.98084,113.459256,114.655483,105.270454,7403182
2023-07-28,114.780746,115.1336,112.792244,112.876967,103.645462,7479180
2023-07-31,112.640019,114.816695,112.128938,113.726895,104.449898,6842268
2023-08-01,113.273979,114.444986,113.098166,114.207117,104.898989,9827821
2023-08-02,114.315128,114.422224,112.660935,113.126256,103.914185,7132284
2023-08-03,113.237015,113.902804,112.682415,113.637703,104.391987,18544041
2023-08-04,113.919854,114.402702,113.495447,114.155748,104.875923,6377662
2023-08-07,114.108366,114.187485,113.666592,113.731605,104.510291,6676198
2023-08-08,113.789568,115.42929,113.018696,115.051334,105.731122,5057556
2023-08-09,115.249171,119.150973,114.545518,118.973212,109.343674,10333907
2023-08-10,119.217977,119.671698,118.036957,118.432495,108.855066,10162485
2023-08-11,118.947244,119.387759,118.280655,118.688987,109.09918,17230997
2023-08-14,118.68407,120.431012,117.609134,118.020914,108.510037,9730580
2023-08-15,118.28196,118.829797,118.090362,118.735678,109.175571,14215645
2023-08-16,118.594409,119.779197,116.962585,117.328335,107.889812,10180188
2023-08-17,117.26342,119.024428,117.092959,118.509221,108.984054,15745440
2023-08-18,118.783415,119.693512,116.727444,117.18501,107.774539,14388178
2023-08-21,116.897454,120.677135,116.828147,119.958828,110.350983,6431596
2023-08-22,119.85387,121.389735,119.650929,120.958885,111.279473,11672803
2023-08-23,121.873538,122.615568,120.02203,120.716304,111.064817,7992285
2023-08-24,120.492113,120.572122,118.99054,119.314053,109.783095,4313863
2023-08-25,118.96077,119.176865,118.591441,119.026033,109.526478,5120484
2023-08-28,119.471741,119.608156,117.608534,118.408049,108.982877,7664896
2023-08-29,118.563639,119.537065,118.420382,119.341338,109.850297,13375808
2023-08-30,118.906935,119.891464,118.692024,119.721549,110.208719,5330057
2023-08-31,119.10338,120.881325,118.20708,120.321669,110.769646,12743334
2023-09-01,120.44335,120.512189,117.447975,118.071792,108.706714,8121143
2023-09-05,118.291131,119.742749,116.025759,116.92335,107.682377,10670869
2023-09-06,117.157732,118.437495,116.600375,117.984495,108.667985,9147821
2023-09-07,117.494412,119.675219,116.436448,119.280766,109.87032,6285051
2023-09-08,119.834401,120.27935,119.245735,119.765965,110.325698,4437858
2023-09-11,119.628941,120.144008,118.32889,118.67961,109.350117,8303604
2023-09-12,118.614798,119.033875,118.369259,118.474424,109.16943,5786246
2023-09-13,117.951561,118.416282,117.095745,117.857533,108.609315,12138695
2023-09-14,117.662192,119.631091,117.584157,118.62377,109.323806,11660778
2023-09-15,118.803821,119.864348,118.584208,119.311276,109.965842,7310766
2023-09-18,119.492772,119.589264,118.615092,119.169175,109.860134,11653501
2023-09-19,118.825768,119.753581,118.532983,119.635181,110.298193,7247638
2023-09-20,119.679323,120.283995,118.104499,118.350915,109.122523,10470139
2023-09-21,118.64055,119.094995,117.543657,118.499714,109.268096,6736364
2023-09-22,118.74567,118.874947,117.365752,117.565506,108.414977,8458455
2023-09-25,117.376124,118.882779,117.063782,118.141413,108.971117,6498754
2023-09-26,118.313948,120.728344,118.053725,120.27394,110.946619,9953703
2023-09-27,120.568619,121.010526,120.504319,120.612278,111.267249,8705707
2023-09-28,120.44542,123.194437,120.333896,122.430658,112.953399,10235047
2023-09-29,121.865499,122.469947,119.490673,120.531728,111.209989,11843517
2023-10-02,120.935586,123.631286,120.548221,123.36712,113.852277,7551400
2023-10-03,123.859125,124.126813,120.704081,120.785189,111.478026,12808127
2023-10-04,121.278877,121.384886,119.830582,120.298164,111.037041,6928271
2023-10-05,120.740571,120.931367,117.233808,118.109997,109.025686,7041668
2023-10-06,118.679125,120.114052,117.783492,118.19111,109.108925,6324152
2023-10-09,117.528807,119.197167,116.756841,118.662978,109.569729,7103650
2023-10-10,119.231621,119.712354,116.895296,117.110029,108.144074,11849612
2023-10-11,117.249454,117.763394,115.785237,116.182273,107.295572,6928124
2023-10-12,117.073394,117.525527,116.179172,116.328348,107.43871,8389803
2023-10-13,116.279243,117.799427,115.870716,116.994724,108.062446,7582798
2023-10-16,116.824681,118.096477,116.752697,117.498707,108.552913,6934207
2023-10-17,117.163091,120.243086,116.052009,119.390409,110.309046,7608580
2023-10-18,119.930541,120.539833,119.856855,120.399392,111.249809,6567597
2023-10-19,119.733046,120.388314,119.028746,119.892515,110.789945,8212294
2023-10-20,119.941566,122.464572,119.394991,121.936669,112.687539,8149274
2023-10-23,121.671306,122.464079,120.22311,120.295909,111.196804,12097790
2023-10-24,119.843834,122.345064,119.218628,122.020192,112.79931,8460904
2023-10-25,123.08039,123.676579,121.275128,121.748159,112.556462,8722471
2023-10-26,122.542562,122.661109,122.176936,122.453296,113.217042,8199035
2023-10-27,122.695875,123.304588,122.453339,123.232533,113.946239,8161733
2023-10-30,123.621239,124.381083,122.881718,123.317278,114.050824,9276365
2023-10-31,123.221407,123.353766,120.962317,121.850701,112.703089,6834568
2023-11-01,122.279241,123.913246,121.660708,123.494314,114.232069,8094025
2023-11-02,123.276867,124.524391,123.218368,124.229425,114.920855,15030098
2023-11-03,124.12684,124.532214,123.208206,123.436434,114.196037,6759273
2023-11-06,122.701512,124.759743,122.361754,124.228292,114.955052,5333953
2023-11-07,124.199359,124.289016,123.959157,124.227423,114.96306,4068705
2023-11-08,124.122418,124.94289,123.621006,124.661302,115.373427,8388332
2023-11-09,124.146338,126.854133,123.651689,125.900463,116.529196,4982129
2023-11-10,125.721647,127.552498,125.539866,126.690898,117.269786,6853488
2023-11-13,126.816924,127.201244,126.589372,127.09968,117.67523,8782084
2023-11-14,127.034559,128.017021,125.255341,125.592012,116.28827,7877982
2023-11-15,125.354621,125.667433,124.622704,125.223199,115.955667,10318748
2023-11-16,124.76537,127.381741,123.852742,127.055039,117.660955,8021317
2023-11-17,126.459238,127.631326,126.12543,127.532047,118.111748,11298351
2023-11-20,127.586555,127.881583,126.682873,126.809295,117.469396,8732723
2023-11-21,126.800496,127.532446,126.056794,127.179114,117.821009,4850818
2023-11-22,127.363463,127.887582,126.366958,127.52296,118.14861,6011367
2023-11-24,127.9155,128.661735,127.740183,128.391895,118.971909,11469509
2023-11-27,128.406278,128.751828,127.425445,127.510075,118.181963,6671670
2023-11-28,127.31655,127.748558,126.764889,127.579035,118.254944,7418485
2023-11-29,127.7482,128.094763,126.497024,126.928729,117.661185,6481234
2023-11-30,127.240939,127.460761,125.673126,125.91426,116.729733,6533533
2023-12-01,125.409622,126.381917,123.853226,124.77497,115.682414,10025631
2023-12-04,124.782358,125.179439,124.604509,125.008999,115.926047,10539645
2023-12-05,125.695327,125.80703,123.119432,123.245906,114.299819,14815847
2023-12-06,123.681143,123.828079,122.99845,123.130936,114.201949,10470481
2023-12-07,123.053741,125.169441,122.595607,124.684184,115.651426,6816770
2023-12-08,124.306597,124.716392,122.451536,122.515894,113.648931,6836824
2023-12-11,123.079092,123.676934,122.859446,123.160412,114.27308,14150053
2023-12-12,123.086041,123.572613,121.006811,121.283738,112.540455,7151630
2023-12-13,121.368411,121.724337,120.451994,121.468758,112.720778,11177256
2023-12-14,121.940308,122.50803,120.892756,121.644833,112.892826,5580423
2023-12-15,121.206928,121.614409,120.249956,121.253334,112.538121,9309628
2023-12-18,120.402271,120.682202,119.207531,119.693769,111.116203,10240273
2023-12-19,119.813674,120.432348,119.562145,120.090614,111.493156,8932050
2023-12-20,119.826429,120.170874,119.589357,119.704921,111.143595,6297414
2023-12-21,119.485033,120.898336,118.776408,120.541602,111.929017,9448297
2023-12-22,120.524913,120.732817,119.396565,120.32141,111.733123,6665937
2023-12-26,120.750243,121.977542,120.696251,121.060362,112.453807,6067601
2023-12-27,121.0814,122.12536,120.436429,121.879398,113.223294,7298853
2023-12-28,121.948792,122.480134,121.367256,121.89831,113.249544,3267486
2023-12-29,121.188688,122.41842,120.772732,121.95182,113.307944,11522643
2024-01-02,121.77781,121.945316,121.008957,121.2407,112.681775,7627491
2024-01-03,121.536345,121.844745,120.572024,120.98177,112.449744,6942545
2024-01-04,120.913355,121.087534,119.665991,119.975784,111.523253,8490798
2024-01-05,119.784565,121.08676,119.32446,120.988116,112.472886,7203480
2024-01-08,121.094374,121.275222,120.38362,120.744585,112.272312,5224871
2024-01-09,121.295619,121.784594,120.323414,120.560279,112.109532,7399356
2024-01-10,119.949556,120.047506,119.378028,119.505358,111.137076,7772714
2024-01-11,119.914021,121.008063,119.711129,120.793812,112.343919,7690793
2024-01-12,121.302973,121.462996,119.78238,119.885966,111.508127,11641140
2024-01-16,120.198191,120.290899,119.554524,119.874474,111.531632,8567079
2024-01-17,119.86614,119.969258,118.616627,118.929547,110.660952,9134217
2024-01-18,118.740875,119.003821,117.45241,117.575442,109.409379,12555115
2024-01-19,116.931911,118.539783,116.799907,117.9372,109.754424,7164386
2024-01-22,117.573946,118.42053,116.139975,117.002197,108.909339,7212431
2024-01-23,117.081486,118.647386,116.390948,117.825734,109.684321,6388461
2024-01-24,117.039324,117.160397,115.846887,116.220535,108.198331,8561932
2024-01-25,115.769446,117.194689,115.233986,116.216586,108.202948,6969448
2024-01-26,115.975306,118.887363,115.400037,117.620172,109.518146,9115809
2024-01-29,117.610346,118.656547,117.025981,118.20098,110.084261,10394464
2024-01-30,118.037708,120.029453,117.714738,119.734586,111.521105,5494017
2024-01-31,119.24742,121.086734,118.933398,120.626143,112.360116,6548926
2024-02-01,120.499838,120.776309,120.292068,120.563114,112.310016,7010394
2024-02-02,119.93671,121.954126,119.512163,121.180513,112.893806,7028323
2024-02-05,121.320591,121.6727,119.696417,119.880994,111.70884,10504506
2024-02-06,119.558972,120.175188,118.58638,119.113136,111.001835,8650459
2024-02-07,118.976021,119.675367,118.43451,118.598933,110.531121,9960841
2024-02-08,118.654535,119.66999,118.60699,119.402656,111.288701,5082234
2024-02-09,119.780184,120.375861,118.89097,119.282215,111.184967,9830221
2024-02-12,119.176668,119.380667,118.104584,118.285188,110.280981,8644992
2024-02-13,118.07872,119.146587,117.877321,118.433734,110.42794,5571406
2024-02-14,118.261492,119.082604,117.637352,117.962228,109.996738,7371077
2024-02-15,118.17723,119.36557,118.011289,118.676996,110.671724,5965039
2024-02-16,118.601173,119.124933,118.18893,118.909267,110.89683,9893922
2024-02-20,118.864715,118.934855,118.709949,118.785658,110.815525,12263580
2024-02-21,118.772277,119.95951,118.68284,119.01407,111.037122,12768786
2024-02-22,119.156196,120.422922,119.056894,120.372191,112.312824,11184238
2024-02-23,120.223797,121.728126,120.065923,121.569999,113.439131,7585660
2024-02-26,121.140802,123.218716,120.727643,122.255358,114.10489,5858582
2024-02-27,122.215736,122.521198,121.942104,122.243391,114.102468,7468729
2024-02-28,121.851253,122.125708,120.297674,120.557784,112.537743,7595687
2024-02-29,120.692497,121.158032,120.494756,121.104742,113.056981,8921040
2024-03-01,120.576705,120.684352,119.127973,119.676731,111.73243,5336844
2024-03-04,119.745657,120.653217,119.397804,120.174398,112.222867,6906573
2024-03-05,119.975721,120.099442,119.4469,119.559657,111.657361,14747697
2024-03-06,119.901832,120.012478,119.004601,119.281325,111.405966,7313790
2024-03-07,119.018981,119.661555,117.817793,118.094745,110.306183,16335945
2024-03-08,118.427306,118.606347,116.042307,116.345006,108.680174,7903962
2024-03-11,116.472075,118.261785,116.275201,117.942177,110.197463,6611692
2024-03-12,117.873385,118.091416,116.454593,116.520369,108.877365,5314341
2024-03-13,116.830388,117.54711,116.614012,117.427639,109.733536,9190834
2024-03-14,117.53531,117.909381,116.641862,117.211642,109.540088,8317127
2024-03-15,117.365565,117.967756,116.984918,117.739303,110.041649,5765737
2024-03-18,117.662586,120.02718,117.378626,119.259612,111.488199,12924448
2024-03-19,119.514879,120.705463,119.373992,120.295457,112.465165,9165427
2024-03-20,120.103574,120.593265,119.671917,119.919883,112.122633,6283214
2024-03-21,119.446817,121.113382,118.684232,120.385972,112.567046,7239549
2024-03-22,119.664341,120.08247,118.846657,119.804441,112.031873,6302713
2024-03-25,119.777967,119.874368,119.32652,119.64368,111.907275,8390174
2024-03-26,119.645886,119.807658,119.050327,119.261448,111.558311,6281833
2024-03-27,119.729294,120.028126,118.153527,118.483241,110.838865,8833661
2024-03-28,117.964996,118.30502,117.708626,117.991412,110.38723,5853192
2024-04-01,118.429271,118.680403,116.821022,117.190767,109.671809,5806025
2024-04-02,117.000127,117.786077,116.874986,117.469147,109.940756,7528195
2024-04-03,117.597917,117.843862,117.383117,117.661817,110.12952,8418994
2024-04-04,117.557759,117.711724,116.328395,116.51368,109.063243,7295044
2024-04-05,116.066623,117.970401,115.46148,117.567026,110.05767,4134805
2024-04-08,117.877568,118.434657,117.133985,117.532939,110.051066,15397559
2024-04-09,117.981646,118.589866,117.119582,117.529926,110.056682,5496304
2024-04-10,117.683963,118.320408,117.283884,117.871782,110.385262,11001228
2024-04-11,117.823642,118.193267,117.329101,117.536812,110.080006,9217325
2024-04-12,117.742442,117.95773,117.381831,117.619891,110.16626,8609770
2024-04-15,117.45536,117.57463,116.394699,116.629733,109.263974,6176474
2024-04-16,116.909995,117.066558,115.406593,115.600566,108.308106,5331244
2024-04-17,115.59935,117.073345,115.450175,116.851029,109.48808,8158230
2024-04-18,117.00039,117.111363,115.566335,116.318104,108.99709,7885880
2024-04-19,116.170121,116.320475,114.517351,114.86792,107.646432,10105537
2024-04-22,115.016731,115.145827,113.210593,113.420165,106.314141,9922382
2024-04-23,113.681059,114.628842,112.817431,113.011014,105.938745,5257591
2024-04-24,112.704996,113.056801,111.337849,111.724014,104.740316,6239507
2024-04-25,112.322031,112.847818,110.686006,110.828573,103.908812,6569479
2024-04-26,111.345237,112.545428,110.070238,110.235615,103.3608,6067674
2024-04-29,109.99887,110.968237,109.835113,110.74789,103.865011,10339630
2024-04-30,111.085689,111.495376,109.653242,109.921022,103.097435,9383496
2024-05-01,109.421795,110.258123,108.407871,109.614333,102.817666,8806144
2024-05-02,109.732761,109.920192,108.404386,108.598449,101.872582,10054315
2024-05-03,108.400679,108.940431,107.876943,108.869765,102.134924,8996138
2024-05-06,109.235396,109.919189,108.891925,109.773369,103.006316,14582467
2024-05-07,109.792701,111.112528,109.658217,110.581043,103.772155,5518389
2024-05-08,110.848937,112.451815,110.314661,111.962523,105.076627,17538885
2024-05-09,111.483127,113.041854,111.349565,112.757358,105.830691,7013233
2024-05-10,113.222133,113.984562,111.918107,113.129795,106.188389,10949808
2024-05-13,113.015086,113.39695,112.88452,113.093167,106.178424,6693430
2024-05-14,113.083408,113.411087,112.284628,112.433923,105.567581,7603345
2024-05-15,112.813372,113.454749,111.643212,111.988197,105.157136,12106685
2024-05-16,112.4174,112.993675,112.367063,112.622288,105.760656,9209780
2024-05-17,112.320007,113.035991,111.91738,112.694265,105.836361,5988805
2024-05-20,113.173529,113.313585,111.821332,112.11879,105.320124,10474670
2024-05-21,112.35265,114.302811,112.167927,113.138203,106.285871,4743963
2024-05-22,113.280155,113.645721,111.640663,112.217726,105.429225,8136244
2024-05-23,111.941632,113.1263,110.846549,113.045564,106.215126,6018619
2024-05-24,113.023794,113.53556,112.140354,112.221958,105.449367,7329315
2024-05-28,111.986331,112.252335,111.78615,111.837628,105.12046,7814217
2024-05-29,111.540557,111.785426,111.329532,111.422244,104.738054,6250126
2024-05-30,111.374513,111.488754,111.076289,111.304161,104.635076,4584274
2024-05-31,111.327723,111.758872,110.888553,111.676936,104.993563,12362414
2024-06-03,111.95847,112.158987,111.898039,112.077447,105.394341,5382022
2024-06-04,111.81797,111.886222,110.959802,111.366005,104.733351,8533084
2024-06-05,111.321224,112.042958,111.25471,111.59687,104.958512,17096247
2024-06-06,111.79507,112.258549,110.67698,110.967454,104.374538,6085873
2024-06-07,111.027124,112.290996,110.836839,112.030665,105.382659,7816999
2024-06-10,112.064523,112.222358,111.093488,111.262617,104.68426,13441226
2024-06-11,111.292204,111.796754,110.209248,110.710711,104.17297,5330214
2024-06-12,110.969597,112.617086,110.721788,112.001877,105.39597,9027764
2024-06-13,111.610937,112.391192,111.365477,111.87628,105.285851,7189634
2024-06-14,112.06472,112.246357,111.29756,111.467421,104.909119,5970189
2024-06-17,111.174231,111.671784,110.94386,111.624022,105.08067,7852684
2024-06-18,111.323272,111.796795,111.015309,111.67163,105.133546,7727863
2024-06-20,111.278514,112.370062,110.891545,112.261251,105.704852,10845875
2024-06-21,112.31417,112.599414,111.265399,111.704001,105.18821,8474600
2024-06-24,112.093072,112.183821,111.76429,111.827454,105.328683,14351245
2024-06-25,112.102254,112.723,111.718092,112.634723,106.097171,6368988
2024-06-26,112.378178,113.722639,112.187657,112.962338,106.413928,13944712
2024-06-27,113.08592,114.784112,112.367316,114.399679,107.776208,6401688
2024-06-28,114.060166,115.327864,113.505831,115.236928,108.573305,10037972
2024-07-01,115.447388,115.552309,115.315726,115.429693,108.779938,8903590
2024-07-02,115.431281,117.175469,115.204455,116.813516,110.09248,11939956
2024-07-03,117.156617,118.370981,116.33802,117.801303,111.031945,10918260
2024-07-05,117.957494,118.479595,117.610273,118.318464,111.536487,6578520
2024-07-08,117.897586,118.347368,117.627283,117.94465,111.209672,5872096
2024-07-09,117.935538,118.282936,117.597051,117.664257,110.953796,7488660
2024-07-10,117.299418,117.349606,116.73998,116.943343,110.282451,6173895
2024-07-11,116.942411,117.513531,115.492928,115.869477,109.278127,11091512
2024-07-12,115.750661,116.238708,115.48861,115.615232,109.046704,7216948
2024-07-15,115.618861,115.777599,115.104017,115.214779,108.693997,9353110
2024-07-16,115.562267,116.118847,115.39263,115.913116,109.361193,6529160
2024-07-17,116.029947,116.18561,115.315332,116.035928,109.485456,9731334
2024-07-18,115.895749,116.022591,114.888571,115.036888,108.551136,9336604
2024-07-19,115.098327,115.171286,113.639515,114.029875,107.609147,8143079
2024-07-22,113.759215,114.80783,113.583556,114.627007,108.197536,6993228
2024-07-23,114.710479,114.875087,114.194893,114.546229,108.129577,6435488
2024-07-24,114.29262,115.366497,114.104889,114.766322,108.345647,6597774
2024-07-25,114.495216,115.573719,114.153331,115.365506,108.919659,9846187
2024-07-26,115.446825,115.66119,115.039014,115.565412,109.11676,4718391
2024-07-29,115.72151,116.741369,115.215813,116.362047,109.894213,6063845
2024-07-30,116.212937,118.648592,115.899499,118.352921,111.782995,10695059
2024-07-31,118.424198,118.621893,118.05171,118.24307,111.687803,10920285
2024-08-01,118.349031,119.083544,118.041427,118.864697,112.283576,5526017
2024-08-02,118.929921,119.518532,118.56359,118.985261,112.406082,6660066
2024-08-05,119.247769,119.467465,117.341775,117.894883,111.401612,8199682
2024-08-06,118.094262,118.431684,117.849718,118.140499,111.642258,8134249
2024-08-07,118.09957,118.810919,116.713329,116.808772,110.392245,7270559
2024-08-08,116.856091,117.922364,116.431733,117.25508,110.822531,7575611
2024-08-09,117.408746,117.804955,116.697032,116.946476,110.539331,4560145
2024-08-12,116.9822,117.928638,116.583381,117.70369,111.280649,5545445
2024-08-13,117.751064,118.494496,117.269788,118.089623,111.65408,7804018
2024-08-14,117.597341,119.034634,117.484552,118.860606,112.391662,7220561
2024-08-15,119.076049,119.556576,118.648548,118.981213,112.514331,9259673
2024-08-16,119.127638,119.56316,118.175723,118.290401,111.869641,10555279
2024-08-19,118.192866,118.597912,117.706737,118.277622,111.883284,11910681
2024-08-20,118.719721,119.105291,117.279149,117.832211,111.470498,5719399
2024-08-21,118.156105,118.959443,117.319465,118.331059,111.950995,5535471
2024-08-22,118.013199,119.678642,117.879766,119.584237,113.145279,14122949
2024-08-23,120.153713,120.640481,117.798893,118.167944,111.813816,4351045
2024-08-26,117.83661,119.35703,117.663525,119.21227,112.827933,5420406
2024-08-27,119.147311,119.374754,116.797992,118.59325,112.250668,4968117
2024-08-28,118.345851,118.49372,116.493297,117.108196,110.853535,12878280
2024-08-29,116.692753,118.438134,116.590061,118.044786,111.748669,11082088
2024-08-30,118.441784,118.818371,118.317841,118.729991,112.405944,5771598
2024-09-03,119.35871,119.973031,119.025186,119.751637,113.407943,8725184
2024-09-04,119.553837,119.919452,117.918703,118.06349,111.817795,5772639
2024-09-05,118.344417,119.53208,118.238037,119.145527,112.851242,6592696
2024-09-06,119.041917,119.755974,118.816287,119.489189,113.185425,11469096
2024-09-09,119.781658,120.192864,118.998365,119.329222,113.059895,9674518
2024-09-10,119.470855,120.526421,119.314271,120.350425,114.036188,7118735
2024-09-11,120.509743,120.622136,120.30272,120.524579,114.209961,6073415
2024-09-12,121.138648,121.806911,119.066654,119.337846,113.094073,10035344
2024-09-13,119.539197,119.713584,118.299685,118.541682,112.348177,9849709
2024-09-16,118.61729,119.160203,116.674626,117.748514,111.622117,4984722
2024-09-17,118.146261,118.45332,117.69876,118.117815,111.980788,9899002
2024-09-18,118.490612,119.392118,117.288412,117.87927,111.763204,8869070
2024-09-19,117.685285,118.11787,117.504491,117.946258,111.83529,5203457
2024-09-20,117.676643,119.188476,116.772087,119.126755,112.963283,5891404
2024-09-23,119.543742,119.596434,118.141934,118.294983,112.200346,7352640
2024-09-24,118.553314,118.971096,116.988519,118.163807,112.084521,7619355
2024-09-25,118.65675,119.202123,117.345347,117.936834,111.877802,8795207
2024-09-26,118.136911,118.804219,116.516344,117.050677,111.045684,3739703
2024-09-27,116.810404,117.129113,116.118586,116.614777,110.640628,5713274
2024-09-30,116.89154,116.960703,116.238647,116.756406,110.80048,8285389
2024-10-01,116.372458,118.101243,115.811508,117.578511,111.589202,8970016
2024-10-02,117.816415,118.659222,117.681825,118.039326,112.035133,5863614
2024-10-03,118.017797,118.196365,116.263371,116.82753,110.893476,13542391
2024-10-04,116.502733,117.636015,115.995343,117.400189,111.445591,9408914
2024-10-07,116.903667,117.186167,116.631948,117.096829,111.183184,5566312
2024-10-08,117.041092,117.229241,115.48729,115.752092,109.914785,7365720
2024-10-09,115.60277,116.365831,115.409872,116.21716,110.364861,7923725
2024-10-10,116.230834,117.9067,115.387598,117.608405,111.694609,8150728
2024-10-11,116.631272,118.244636,116.560914,118.075332,112.146654,4285639
2024-10-14,118.706609,119.013262,115.891357,116.451732,110.630016,12341534
2024-10-15,116.34158,116.628649,115.691343,116.207494,110.406452,6466264
2024-10-16,116.292594,116.698161,114.708783,115.049153,109.314314,10725444
2024-10-17,115.334222,116.177635,114.827855,115.901207,110.132339,8935519
2024-10-18,116.116357,116.956449,115.834544,116.202735,110.427324,7934089
2024-10-21,115.789904,116.057956,115.561283,115.863654,110.13042,13087231
2024-10-22,115.451219,116.666876,114.777068,116.557531,110.798455,9772298
2024-10-23,116.857864,117.344739,116.026382,116.22017,110.486233,7839953
2024-10-24,116.461753,116.822853,116.27148,116.767277,111.014858,5519304
2024-10-25,116.726526,116.848998,116.528298,116.597821,110.862248,8711594
2024-10-28,116.887255,117.299379,116.597243,117.061389,111.328613,8454157
2024-10-29,116.695329,117.053213,115.874319,116.54847,110.84931,7296272
2024-10-30,116.468153,117.507297,115.856595,117.337922,111.608714,13636654
2024-10-31,116.814106,118.043254,116.551432,117.213108,111.498542,7768572
2024-11-01,117.510417,117.606227,117.140439,117.351805,111.639034,9028102
2024-11-04,116.930448,118.22182,116.541879,117.970105,112.253048,12990235
2024-11-05,117.722462,119.568585,117.475553,119.12778,113.36331,9756780
2024-11-06,119.756413,120.34893,119.123598,119.279901,113.516772,6475927
2024-11-07,119.774915,121.00647,119.654744,120.623209,114.803977,11717675
2024-11-08,120.492103,121.330183,120.041571,121.240235,115.400082,9365631
2024-11-11,121.0368,121.570718,120.196861,120.764807,114.973994,14980337
2024-11-12,120.755193,121.558672,120.248718,120.449091,114.682208,5131907
2024-11-13,120.49262,120.681952,119.367736,119.68897,113.967216,10190191
2024-11-14,120.102348,121.51759,119.827491,121.3698,115.576555,8601397
2024-11-15,121.472908,121.888087,121.382492,121.625637,115.829059,5816134
2024-11-18,120.985359,122.378104,120.824215,121.663422,115.891693,13425671
2024-11-19,121.06066,121.311068,120.485747,120.574519,114.863252,7368033
2024-11-20,120.453475,120.998838,119.950952,120.231034,114.544818,10344753
2024-11-21,120.298479,120.560264,119.204738,119.902177,114.240271,7449504
2024-11-22,119.980286,120.302337,119.868217,120.209933,114.542275,4701613
2024-11-25,119.866462,120.317178,117.79066,118.533834,112.971179,11275542
2024-11-26,118.935508,119.312519,118.417182,118.468685,112.917743,8593371
2024-11-27,118.114864,120.167176,117.445971,119.749725,114.147509,5843713
2024-11-29,119.313272,120.147768,118.820168,119.614965,114.036536,12656214
2024-12-02,119.633808,119.836369,119.334254,119.6091,114.057173,11091636
2024-12-03,119.930077,120.593935,119.700258,120.394082,114.814519,6892361
2024-12-04,120.302908,120.62333,119.334004,119.435166,113.908775,7317487
2024-12-05,118.746811,119.47539,118.605595,118.759435,113.272994,9340234
2024-12-06,118.842115,120.346298,118.214129,119.48009,113.969093,6553870
2024-12-09,119.876484,120.054343,118.660702,119.201028,113.729055,5176026
2024-12-10,119.321159,119.94848,118.805492,119.056351,113.599727,10997662
2024-12-11,118.537732,119.393842,118.160703,118.900403,113.459624,9102225
2024-12-12,119.155023,119.880573,118.651728,119.590713,114.127095,9553777
2024-12-13,119.583551,120.026829,119.104503,119.23151,113.793026,5629189
2024-12-16,119.448681,121.153056,118.967533,120.709911,115.23049,6182335
2024-12-17,120.332979,120.429659,119.6514,120.108024,114.664715,7647287
2024-12-18,120.300223,120.387199,118.834632,119.128396,113.738202,5118054
2024-12-19,118.927718,119.702561,118.689983,119.412206,114.017911,9267859
2024-12-20,119.036911,120.606681,118.735299,120.376051,114.947027,6682059
2024-12-23,120.222915,120.907269,119.872574,120.530997,115.121457,8370788
2024-12-24,120.261405,120.625906,119.060545,119.241179,113.898259,17768956
2024-12-26,119.541025,119.666228,117.176633,117.928539,112.661707,15073790
2024-12-27,118.153387,118.971423,117.083373,118.729961,113.436033,8373724
2024-12-30,118.574239,120.874823,118.121529,120.424136,115.081131,13469560
2024-12-31,121.094335,121.955965,118.1312,118.551002,113.299789,6136089
2025-01-02,118.910762,120.142782,118.507161,119.719448,114.434023,12652754
2025-01-03,119.401119,120.979695,119.269391,120.403702,115.096891,10608555
2025-01-06,120.413657,120.684271,120.271248,120.554958,115.267987,6956374
2025-01-07,120.006744,124.247437,119.507438,123.045586,117.658407,7211197
2025-01-08,123.073379,123.89452,122.971417,123.673028,118.267444,12123093
2025-01-09,124.169209,124.437574,124.059369,124.145245,118.728122,11318015
2025-01-10,123.777815,124.399002,123.529888,123.929294,118.530681,6136983
2025-01-13,123.925248,124.595264,123.529279,123.774486,118.409845,10464293
2025-01-14,123.839575,124.149613,122.520737,123.22878,117.896829,8768084
2025-01-15,123.17032,124.814982,122.952106,124.356376,118.984756,10538762
2025-01-16,124.060464,124.557899,123.039634,123.264255,117.948852,6948818
2025-01-17,122.709217,123.626087,121.833671,123.372786,118.061753,4830292
2025-01-21,123.576843,123.799118,121.801372,122.868371,117.615111,11430202
2025-01-22,122.894619,123.345485,122.690213,123.29025,118.028001,10754933
2025-01-23,123.253038,123.966174,122.861382,123.629533,118.361876,7860753
2025-01-24,123.543643,123.741325,123.101078,123.43516,118.184844,10903275
2025-01-27,123.118077,124.401986,122.989886,124.174334,118.919924,7539280
2025-01-28,124.054998,124.604386,122.210955,122.375042,117.205753,8529397
2025-01-29,122.585,123.104724,122.19129,122.293114,117.136265,6846414
2025-01-30,122.020953,123.286837,121.301228,123.171755,117.986901,10277616
2025-01-31,122.579885,122.999458,121.964229,122.8227,117.661558,4664963
2025-02-03,122.758774,123.753361,122.647641,123.497507,118.33522,6859799
2025-02-04,122.915274,124.43276,122.862372,123.996255,118.822229,4470152
2025-02-05,124.503483,125.190317,123.787159,124.175751,119.003357,8315499
2025-02-06,124.316652,124.418222,123.123579,123.775445,118.62882,9215801
2025-02-07,123.231795,124.654983,122.881936,124.420528,119.256222,11135825
2025-02-10,124.319723,124.499408,123.654978,124.025541,118.904972,11178555
2025-02-11,124.05277,124.20635,123.952065,124.152153,119.035482,6990640
2025-02-12,124.058731,125.394857,123.820062,124.829749,119.694328,7061706
2025-02-13,125.272314,126.582893,124.541394,126.030632,120.855071,18882749
2025-02-14,126.200568,126.690351,125.799256,125.882967,120.722724,5317607
2025-02-18,125.585349,127.527629,125.255832,126.927094,121.761381,8694625
2025-02-19,126.722222,126.964663,126.133321,126.567735,121.425955,7905307
2025-02-20,126.806658,127.290144,126.288846,126.360374,121.236312,8282048
2025-02-21,126.13477,127.656181,125.476797,127.54028,122.377752,5865349
2025-02-24,127.105389,129.11176,126.25185,128.001581,122.848631,8880891
2025-02-25,127.980948,128.84647,127.627718,128.703369,123.531636,6165519
2025-02-26,128.694808,129.288397,128.10474,128.334905,123.187421,11383792
2025-02-27,127.594855,130.431588,126.763869,129.99046,124.786139,8675082
2025-02-28,130.098982,130.934837,129.603392,130.610759,125.391215,10374387
2025-03-03,130.739184,132.28137,130.449794,132.037723,126.79031,6854337
2025-03-04,132.216514,132.898856,131.797302,132.541724,127.284037,5886445
2025-03-05,133.229052,133.957129,131.639928,132.283334,127.045637,5798644
2025-03-06,132.298037,132.52081,131.634736,132.276334,127.048653,9640256
2025-03-07,132.263944,132.466547,131.138821,131.406569,126.222938,10893125
2025-03-10,131.529766,131.782197,131.299746,131.477312,126.319938,6542963
2025-03-11,131.629853,131.927683,130.819517,131.652154,126.497618,8143980
2025-03-12,131.347987,132.370287,130.830897,132.308436,127.137951,5741605
2025-03-13,132.118558,133.080574,131.767742,132.65683,127.482502,4089839
2025-03-14,132.645604,133.165039,132.449346,133.105125,127.923118,6743836
2025-03-17,133.030111,133.941381,132.126667,133.668772,128.494368,5855977
2025-03-18,133.89791,135.71462,133.51209,135.152942,129.931046,4511035
2025-03-19,135.129819,135.966136,134.906611,135.522206,130.296031,7612381
2025-03-20,135.218949,137.522213,134.667564,136.911524,131.641864,8724306
2025-03-21,137.124693,139.176893,136.160049,138.82097,133.488048,5356542
2025-03-24,138.569125,138.661717,137.862844,138.291483,133.009488,7489716
2025-03-25,138.286145,140.146757,137.926401,139.398134,134.08415,6743317
2025-03-26,139.172792,139.55375,137.931335,138.259236,132.998863,6953127
2025-03-27,138.220692,139.371273,137.837817,139.030712,133.751239,6765765
2025-03-28,138.815482,141.24975,138.114687,140.526228,135.200329,6447411
2025-03-31,140.58098,143.477862,140.261299,142.858291,137.47562,6455554
2025-04-01,142.689969,143.180164,142.571044,142.894266,137.520782,6038114
2025-04-02,143.46665,143.751042,142.055674,142.343867,137.001582,7165483
2025-04-03,141.866246,142.68076,141.566408,142.538547,137.199474,10392340
2025-04-04,141.446267,142.199059,141.280324,141.783062,136.482749,9078604
2025-04-07,141.559953,143.721396,141.359306,143.438446,138.108008,16119989
2025-04-08,143.42595,145.027936,141.933466,143.160509,137.850967,11817321
2025-04-09,142.373543,143.723195,141.908984,143.557216,138.243558,6473099
2025-04-10,144.028301,145.049517,142.257837,143.005015,137.722353,12498121
2025-04-11,143.416817,143.703426,142.44151,143.479534,138.189937,8476343
2025-04-14,142.908789,144.577667,142.092493,144.514077,139.218353,7896461
2025-04-15,144.959396,145.779783,144.145378,144.759691,139.465657,6243830
2025-04-16,144.631503,145.76829,143.757804,144.832825,139.546814,5830310
2025-04-17,144.324837,145.442196,143.29512,145.26063,139.969735,10019865
2025-04-21,146.207637,147.307267,144.393211,144.497015,139.276635,6341378
2025-04-22,144.73037,145.424262,143.620777,144.86514,139.642165,11663429
2025-04-23,144.905223,145.138477,144.413366,144.70999,139.503302,8165979
2025-04-24,145.002549,145.590475,143.988799,144.308411,139.126837,8410791
2025-04-25,144.51111,145.618844,144.265076,145.474027,140.261353,7276426
2025-04-28,145.680847,145.756982,143.992299,144.458429,139.314182,6196363
2025-04-29,144.694356,145.790212,144.0896,144.538398,139.401989,6035736
2025-04-30,144.00566,146.881481,143.924106,146.334684,141.145261,9941733
2025-05-01,146.016047,146.52952,144.511952,145.731541,140.574283,10598154
2025-05-02,145.205435,147.130173,145.096108,147.070738,141.876963,10129071
2025-05-05,147.789062,148.878001,146.651979,148.525542,143.313346,6557805
2025-05-06,148.887758,151.33667,148.070101,151.12695,145.834643,8726621
2025-05-07,151.537864,152.800389,151.140196,151.693144,146.392231,7456657
2025-05-08,151.516552,152.792991,151.116145,152.475292,147.158327,7625337
2025-05-09,152.528185,152.857474,150.243655,150.829336,145.580927,13094214
2025-05-12,150.263259,150.79043,148.556353,148.80457,143.659652,8535810
2025-05-13,148.548447,149.86011,146.875585,147.246201,142.166062,9450001
2025-05-14,147.358182,150.948699,147.099021,150.574842,145.391007,15560959
2025-05-15,150.80447,151.010039,147.372836,148.877712,143.763325,15537101
2025-05-16,149.042858,149.127231,145.929362,146.537279,141.51414,8352580
2025-05-19,146.376374,147.304899,145.668095,146.571196,141.579451,6391900
2025-05-20,146.353119,149.066881,146.130222,148.852169,143.793764,9130308
2025-05-21,149.024248,149.39567,148.053376,148.534419,143.497812,7254438
2025-05-22,148.049074,150.719338,147.762243,149.5625,144.502109,8503939
2025-05-23,149.18433,152.189357,148.65205,151.210355,146.10541,11872440
2025-05-27,151.987502,153.330756,151.582136,152.305175,147.208401,14753075
2025-05-28,152.625009,154.39015,151.948,152.986123,147.877897,5072872
2025-05-29,153.49458,154.22805,152.23761,153.232028,148.126946,11604345
2025-05-30,153.308418,153.89586,152.239642,152.488203,147.419204,6902660
2025-06-02,153.314066,154.067522,151.721182,151.829547,146.816204,9228390
2025-06-03,151.946654,152.959636,151.765749,152.585854,147.558849,7919896
2025-06-04,152.948914,153.850754,152.866338,153.697473,148.64524,9158171
2025-06-05,153.342637,154.192531,152.541399,153.041029,148.021721,5327119
2025-06-06,152.783903,153.458303,150.407296,151.254847,146.305336,4936280
2025-06-09,151.301202,151.986453,150.899087,151.144649,146.232371,7139726
2025-06-10,151.417456,152.168947,150.182876,150.919998,146.026215,7577838
2025-06-11,150.446454,151.642711,150.099925,150.602797,145.73047,9964572
2025-06-12,151.1518,151.491541,151.00574,151.375647,146.489547,11340916
2025-06-13,151.19309,152.283232,150.860347,151.490002,146.61145,12091990
2025-06-16,150.645135,151.444795,150.384232,151.308378,146.469355,8971806
2025-06-17,150.945647,151.024978,150.171718,150.284717,145.489585,8498139
2025-06-18,149.635203,150.005102,148.531474,149.490035,144.731354,6189761
2025-06-20,150.139978,150.68544,148.973401,150.603722,145.831946,7005843
2025-06-23,150.882313,152.174734,150.109876,150.554266,145.817588,10089737
2025-06-24,149.995433,151.954549,149.429132,151.481383,146.726785,5694560
2025-06-25,151.417983,152.053568,151.270108,151.645543,146.897053,11792480
2025-06-26,150.914679,151.871763,148.753606,148.861662,144.211398,10998225
2025-06-27,148.43275,149.312711,146.280693,146.886551,142.308896,12591890
2025-06-30,147.748514,148.394212,143.331127,143.601508,139.15823,7279752
2025-07-01,142.855132,144.978902,142.080069,143.892191,139.450609,7575578
2025-07-02,144.381723,147.519542,143.654103,147.105395,142.575558,12623620
2025-07-03,147.413616,147.689058,146.618069,147.211058,142.688906,5737602
2025-07-07,146.764307,149.393308,145.740121,149.051321,144.516946,5452990
2025-07-08,148.712528,150.035644,146.122456,147.773646,143.289124,8197994
2025-07-09,148.06665,149.366607,146.880927,146.942951,142.494562,7268316
2025-07-10,147.285457,147.37597,145.406052,146.295875,141.87795,5591175
2025-07-11,146.568233,147.023862,143.345174,143.705791,139.376768,12279446
2025-07-14,144.383727,146.774334,144.148478,146.618358,142.234302,12194313
2025-07-15,147.707773,149.222136,146.377224,148.607911,144.175418,16452775
2025-07-16,148.357389,149.481526,147.878035,148.187013,143.778095,7635567
2025-07-17,148.367723,150.091393,148.307851,149.855157,145.407755,8213942
2025-07-18,149.295294,149.524118,148.924111,149.403481,144.980597,5025392
2025-07-21,148.547767,150.92044,146.904698,150.453249,146.03287,13937245
2025-07-22,150.366595,151.165384,149.42988,150.197433,145.795745,9121920
2025-07-23,149.856364,150.361079,148.845398,149.561641,145.189716,8465851
2025-07-24,149.366093,149.546918,148.523343,149.457444,145.099688,7193721
2025-07-25,149.631037,150.610447,149.507476,150.05495,145.69094,7754641
2025-07-28,150.315937,151.283476,148.938864,149.37605,145.065142,8890456
2025-07-29,149.268345,149.837263,148.45329,149.333772,145.035203,8595067
2025-07-30,149.141206,150.780037,148.844432,150.453604,146.134002,7166377
2025-07-31,150.763366,151.115667,148.141126,148.775707,144.515357,9257829
2025-08-01,148.658987,150.796353,147.400159,149.848372,145.568464,6229682
2025-08-04,150.078896,150.197447,148.512423,149.106821,144.881408,5339400
2025-08-05,149.39183,150.596472,148.668807,149.033415,144.821184,8599504
2025-08-06,148.509641,149.903429,148.137244,149.438832,145.226276,5981097
2025-08-07,149.792643,152.7052,149.623544,152.218026,147.938467,8153278
2025-08-08,153.318108,153.502859,153.073832,153.148841,148.854523,11217935
2025-08-11,153.328041,153.591231,151.46781,152.126215,147.89458,8034959
2025-08-12,151.847126,153.448929,151.204603,152.899681,148.657927,10220793
2025-08-13,153.010065,153.085898,151.884943,151.964111,147.759638,8125148
2025-08-14,151.747318,152.541212,151.644293,152.154235,147.955844,7592491
2025-08-15,151.371767,151.797999,151.070896,151.351625,147.186663,7344131
2025-08-18,151.468833,152.240377,151.264032,151.683896,147.543719,8044231
2025-08-19,151.342398,151.726875,149.958986,150.725945,146.623154,7623562
2025-08-20,150.667969,151.224285,150.189195,151.124649,147.022276,9191588
2025-08-21,151.288758,153.017479,150.349077,152.262757,148.140845,11159856
2025-08-22,151.947294,152.171549,150.71733,151.706156,147.610627,5502028
2025-08-25,152.068197,152.264758,150.753066,151.552173,147.494718,7211065
2025-08-26,151.247852,152.118911,150.592115,152.052613,147.993105,8266568
2025-08-27,151.99882,152.370399,150.903443,151.130653,147.107036,5764315
2025-08-28,151.276992,152.532426,150.69634,151.989562,147.95442,13065611
2025-08-29,152.660912,152.875597,150.662368,150.919339,146.923872,5572776
2025-09-02,150.479216,151.792223,150.1982,150.928086,146.97745,8035408
2025-09-03,151.12656,151.641183,149.716892,149.893933,145.981557,8131163
2025-09-04,150.694209,151.082528,147.538881,147.751692,143.906262,10714804
2025-09-05,147.457655,148.129027,145.89532,147.045272,143.229207,6944851
2025-09-08,146.983832,147.165499,143.821274,145.008144,141.277433,10164203
2025-09-09,145.12249,145.612792,144.219967,145.024542,141.304241,11269025
2025-09-10,144.36321,147.400311,144.113658,147.044315,143.283185,9055658
2025-09-11,147.300942,148.257783,146.497415,147.997345,144.222893,8796435
2025-09-12,147.961176,150.067223,146.765173,149.753192,145.945148,10498482
2025-09-15,149.310497,149.732269,148.535647,149.517272,145.748743,11179488
2025-09-16,149.913291,150.436118,149.611581,150.115465,146.343076,7177946
2025-09-17,150.019313,151.926626,149.569519,150.68023,146.904911,9385099
2025-09-18,150.147574,150.244599,149.642058,149.709875,145.970058,6103882
2025-09-19,149.648488,150.895252,149.447923,150.057957,146.320661,8212248
2025-09-22,149.933831,150.288156,148.642874,149.503639,145.813678,8882713
2025-09-23,149.536847,150.727618,149.27222,150.031639,146.339865,5762816
2025-09-24,150.263855,150.481532,149.689454,150.105722,146.423349,6870541
2025-09-25,150.347347,150.883052,147.750858,148.394784,144.765481,9146529
2025-09-26,148.209808,149.865121,147.796029,149.048711,145.414562,8037743
2025-09-29,148.709463,150.432488,148.544493,149.796965,146.178186,9537048
2025-09-30,149.470025,149.983237,148.273341,148.850616,145.265834,14951995
2025-10-01,149.495985,150.721396,149.412291,149.826969,146.229883,7429984
2025-10-02,150.65413,151.576423,150.185224,150.336655,146.738581,10065937
2025-10-03,150.368144,150.818384,149.225083,149.929344,146.352237,7914074
2025-10-06,149.743152,151.721053,149.509855,151.418113,147.839482,10917797
2025-10-07,151.360428,151.839463,150.899833,151.297625,147.733166,8137728
2025-10-08,150.848366,152.410599,150.186709,152.140291,148.567369,8871467
2025-10-09,151.581998,153.911501,151.386422,153.79584,150.195552,10115127
2025-10-10,153.592268,154.20928,153.254764,153.353836,149.775376,7568816
2025-10-13,153.302164,154.335717,152.67716,153.008625,149.472592,8415705
2025-10-14,153.274733,155.686694,152.14061,152.580614,149.0659,7952636
2025-10-15,151.980382,152.783166,148.087868,149.093051,145.66984,5784857
2025-10-16,148.787762,151.459126,147.494731,150.938799,147.484514,9945705
2025-10-17,150.520999,152.671664,150.430634,151.771987,148.310004,7531316
2025-10-20,152.163564,153.229603,150.55417,151.215295,147.799997,7315543
2025-10-21,151.614754,155.59542,151.192034,154.82681,151.341545,8044595
2025-10-22,155.597424,155.997483,153.69231,154.582496,151.114315,5657330
2025-10-23,155.668894,158.626495,154.776527,157.717713,154.191011,11530742
2025-10-24,157.541523,158.116629,155.677205,155.891626,152.41744,10143503
2025-10-27,156.857839,157.029499,154.852911,155.979242,152.53818,15352027
2025-10-28,155.013835,155.207951,153.384911,154.278443,150.886469,13699143
2025-10-29,153.949615,155.417085,152.98191,155.301169,151.898353,5076077
2025-10-30,156.204301,156.668294,155.05892,156.056133,152.648476,8125251
2025-10-31,156.825596,157.127239,154.12317,156.545989,153.139375,5135708
2025-11-03,155.962041,158.711896,155.393316,158.332242,154.922383,12845293
2025-11-04,157.824856,159.96861,157.123967,159.716394,156.288705,8563259
2025-11-05,158.894234,162.434387,158.638072,161.499275,158.045439,6416687
2025-11-06,161.969526,162.152738,161.587173,161.790235,158.342315,6198310
2025-11-07,161.234416,163.658418,161.039874,163.534917,160.062086,7270188
2025-11-10,164.264499,167.602575,163.814019,166.882157,163.375813,9670203
2025-11-11,167.33246,168.202882,163.759888,165.16425,161.706396,7819669
2025-11-12,165.597981,170.606406,164.13548,169.480133,165.944643,11828964
2025-11-13,169.392066,170.975162,165.354411,166.566077,163.10388,5867853
2025-11-14,164.959211,165.748879,164.61829,164.880182,161.465405,4773965
2025-11-17,164.761264,165.649943,161.223595,161.583994,158.273879,7028485
2025-11-18,160.09529,163.677842,159.760878,162.041127,158.733815,4676067
2025-11-19,162.206081,163.513217,155.105241,155.498367,152.336273,12852938
2025-11-20,156.935755,157.008161,155.518908,156.074742,152.912649,9238302
2025-11-21,156.43552,158.619492,154.85478,155.321827,152.186654,9316690
2025-11-24,155.215147,157.733437,154.55994,156.976067,153.84288,6998176
2025-11-25,156.56113,157.881543,156.477571,157.688032,154.552482,13137600
2025-11-26,158.14847,160.789374,157.812095,160.259693,157.085048,17998848
2025-11-28,160.640914,161.147429,155.361132,156.845111,153.76168,6469045
2025-12-01,158.347442,158.588298,154.88334,155.765354,152.738272,6490065
2025-12-02,154.795164,156.322301,154.538223,155.205754,152.201215,4540118
2025-12-03,154.414996,158.118384,153.059351,156.550178,153.531383,7762158
2025-12-04,156.07226,156.798678,155.142531,155.215502,152.234112,8519314
2025-12-05,154.74468,157.621782,153.617276,156.64188,153.64487,8670609
2025-12-08,156.557114,157.106882,155.57902,156.303862,153.348583,4808307
2025-12-09,154.963097,156.169001,154.222074,155.850106,152.915129,5408182
2025-12-10,155.573687,155.690298,154.201348,155.06063,152.152183,6778638
2025-12-11,154.183803,155.224132,153.030021,153.589042,150.719751,8790283
2025-12-12,154.358581,154.70191,151.722861,152.63115,149.791237,9044349
2025-12-15,152.726638,154.658014,152.090316,154.295216,151.459169,12427384
2025-12-16,155.090119,156.205571,154.598651,155.514046,152.667299,3898975
2025-12-17,156.071524,157.59148,155.696061,157.417096,154.547361,7617110
2025-12-18,156.705732,159.655539,156.15277,158.960315,156.07441,7832273
2025-12-19,159.191959,161.599663,159.101625,159.665582,156.778892,7822160
2025-12-22,159.724902,160.009918,156.845334,159.021639,156.182505,6967266
2025-12-23,159.312593,160.107745,157.285839,157.888455,155.081441,9144770
2025-12-24,158.143969,158.308261,155.978198,156.240456,153.474505,6923377
2025-12-26,155.827089,156.743103,154.018253,154.781091,152.064289,8020288
2025-12-29,154.657081,155.451975,154.258113,154.665392,151.98557,3887096
2025-12-30,154.674083,155.640577,154.389663,155.414467,152.733374,5604890
2025-12-31,155.270149,156.724126,154.678234,156.457047,153.769756,7072357
2026-01-02,157.150296,157.292884,155.485594,155.549114,152.900858,8676134
2026-01-05,155.450786,155.549078,153.179251,153.571658,150.99179,10344553
2026-01-06,154.633284,156.992055,154.40702,155.793225,153.18778,4579396
2026-01-07,155.660725,156.399871,155.563356,156.27778,153.676012,9823811
2026-01-08,156.123945,156.586026,154.856377,156.115393,153.528097,6106586
2026-01-09,156.31893,157.252625,154.394309,155.318201,152.755827,9159716
2026-01-12,155.612084,156.337861,155.255581,156.078181,153.538575,5923528
2026-01-13,156.14202,157.939001,155.829985,157.176818,154.631189,11815870
2026-01-14,157.092033,158.178355,155.600882,156.07036,153.554423,9399675
2026-01-15,156.539423,156.723384,153.548368,155.44994,152.955729,8348901
2026-01-16,155.074207,155.141746,153.618141,154.322329,151.857852,8550419
2026-01-20,154.061141,154.729508,152.373546,152.476953,150.087962,9104893
2026-01-21,152.657671,154.243792,152.305533,153.293553,150.903335,7946550
2026-01-22,153.643514,153.865171,150.857041,151.345449,148.997029,12845716
2026-01-23,151.812805,152.898316,151.15057,152.377465,150.024531,15141927
2026-01-26,152.610507,152.940933,151.152995,151.655692,149.348247,6721643
2026-01-27,151.423604,151.804867,150.811535,151.518805,149.224881,9926216
2026-01-28,151.355613,153.021606,150.565869,152.692321,150.392159,14694531
2026-01-29,153.470518,153.556028,150.281027,151.365359,149.096616,6065355
2026-01-30,150.842255,150.96844,149.654008,149.92978,147.693876,10414787
2026-02-02,150.39305,151.486717,148.038724,149.051517,146.862482,12231323
2026-02-03,149.011352,149.359772,146.970984,147.618473,145.461635,5502289
2026-02-04,148.567077,148.799092,148.286064,148.556424,146.397103,6543325
2026-02-05,149.107793,149.864114,147.407071,147.579822,145.445847,12014584
2026-02-06,147.509004,149.216251,146.61495,148.847218,146.706162,9138025
2026-02-09,148.757652,152.144927,148.519732,151.106967,148.967662,8224187
2026-02-10,151.570986,151.788317,151.21107,151.420962,149.288656,8356596
2026-02-11,150.840888,152.746286,149.970863,151.793313,149.667236,10074579
2026-02-12,151.401545,152.172097,148.684157,148.905393,146.831022,9629565
2026-02-13,149.048383,150.973401,148.933514,150.482064,148.397103,4761387
2026-02-17,149.753471,152.309279,149.472153,151.886814,149.828326,9412929
2026-02-18,151.530395,152.405072,150.112525,151.806874,149.76095,7515703
2026-02-19,151.949125,152.790094,150.854017,151.098749,149.073797,13342870
2026-02-20,150.336567,151.392494,149.523666,149.752466,147.756882,6111559
2026-02-23,150.091304,150.875629,149.587636,149.874668,147.911469,6762718
2026-02-24,150.281368,151.046069,147.130756,147.711295,145.787609,9328934
2026-02-25,148.603166,149.264948,146.629382,146.833424,144.932281,9986867
2026-02-26,147.278744,149.354129,146.270313,148.55295,146.640784,5379981
2026-02-27,148.293675,148.886107,147.470179,148.240902,146.343971,7274704
2026-03-02,147.450831,148.755603,147.368777,147.984078,146.124035,8304430
2026-03-03,147.863869,149.022239,146.025715,146.369781,144.541108,6423843
2026-03-04,145.809776,146.318601,142.220168,142.360402,140.592598,7056109
2026-03-05,142.569816,142.79763,139.163994,139.472878,137.751491,6389998
2026-03-06,139.493279,140.877582,136.407396,136.805501,135.127393,11821337
2026-03-09,137.422748,137.998994,134.706689,135.278113,133.649474,6169375
2026-03-10,135.367411,135.669368,131.673626,132.338148,130.754927,6689721
2026-03-11,132.239044,133.426599,129.827268,133.149089,131.566252,4351685
2026-03-12,132.899405,133.923256,131.095091,131.638233,130.083328,8552384
2026-03-13,131.124539,133.010415,130.379664,130.979028,129.441832,4487622
2026-03-16,131.45745,131.61471,130.312798,130.466231,128.964709,5566757
2026-03-17,129.609821,133.386568,129.440744,132.822635,131.304059,8351756
2026-03-18,132.773878,133.841093,131.565161,131.677003,130.181505,6317356
2026-03-19,131.368241,131.816755,130.52949,131.257171,129.776388,4213538
2026-03-20,131.40354,132.56655,129.923105,130.601604,129.138116,8621213
2026-03-23,130.720755,130.775887,128.643926,129.65695,128.233536,7655021
2026-03-24,130.614304,131.231057,130.30447,130.43825,129.016149,6412432
2026-03-25,131.21932,131.62479,129.218272,130.232496,128.822513,12146572
2026-03-26,130.19777,130.74933,128.916348,129.651816,128.257951,9476569
2026-03-27,130.322403,131.4316,128.986833,129.522537,128.139885,8749012
2026-03-30,129.815338,131.406825,128.494322,129.263473,127.913001,5616228
2026-03-31,129.136413,129.484694,128.196863,129.208541,127.868445,11506731
2026-04-01,129.79778,130.622278,129.216193,129.706277,128.370859,9392302
2026-04-02,129.607807,130.589041,129.086432,129.988511,128.660049,9608183
2026-04-06,129.768879,132.189318,129.512148,131.82745,130.520211,5905321
2026-04-07,131.962477,133.760642,131.629504,131.973831,130.675158,10471337
2026-04-08,132.198228,132.805185,130.393553,130.534706,129.260103,6313877
2026-04-09,129.90635,133.152767,129.471078,132.918079,131.630295,6807119
2026-04-10,133.535935,134.553468,131.279047,131.922551,130.654428,4719073
2026-04-13,131.716538,131.825037,130.206714,131.082082,129.851898,10338275
2026-04-14,130.987888,131.316311,130.076763,130.375999,129.162341,9255876
2026-04-15,130.660657,131.37903,128.796724,129.08682,127.894967,6327459
2026-04-16,129.131274,130.49879,128.457493,130.336687,129.143194,7553366
2026-04-17,130.186606,130.494612,129.585149,130.006137,128.825547,4918941
2026-04-20,131.03641,133.408471,130.953633,131.93791,130.769848,8678049
2026-04-21,132.276377,134.691863,130.654823,134.143373,132.965978,6574545
2026-04-22,134.306069,134.692084,132.089068,132.218578,131.068125,9345249
2026-04-23,132.078598,133.057586,130.859918,131.397727,130.264402,7629609
2026-04-24,131.401595,134.476238,131.175378,133.094549,131.956704,7185438
2026-04-27,133.147561,135.819544,132.568407,134.760077,133.638724,7772137
2026-04-28,135.369297,136.476138,133.983992,135.918781,134.79812,9385784
2026-04-29,136.661669,138.4146,135.992884,136.575325,135.459635,6384392
2026-04-30,136.646539,137.448806,135.606857,136.354346,135.250828,6666671
2026-05-01,136.63551,139.058956,136.540693,138.744305,137.631996,7417525
2026-05-04,138.518495,140.472266,137.329396,140.010522,138.920006,10179034
2026-05-05,140.279129,140.44692,139.324653,140.092269,139.011773,8911423
2026-05-06,139.313119,140.325008,138.822217,140.018069,138.948797,7375839
2026-05-07,140.976197,141.114958,139.76431,140.531665,139.469161,10700306
2026-05-08,140.535209,142.757782,139.548563,141.868275,140.80646,5934246
2026-05-11,141.902659,142.693442,140.2318,141.20173,140.177138,6100875
2026-05-12,141.19386,141.415511,138.710895,139.477004,138.475542,5461486
2026-05-13,139.950627,140.36514,137.105957,137.98826,137.00799,7934029
2026-05-14,137.49974,137.936934,137.315392,137.507132,136.540747,6324059
2026-05-15,137.003899,137.2461,135.267772,135.861005,134.916531,11176218
2026-05-18,136.44329,138.845496,135.504894,138.310197,137.380287,7298421
2026-05-19,137.998304,138.482671,136.25443,136.937767,136.027512,10273082
2026-05-20,136.789553,137.203472,134.664662,135.562076,134.671289,7672349
2026-05-21,134.687626,134.894586,133.578938,133.983258,133.11305,6508444
2026-05-22,134.594859,135.928298,133.468066,135.406908,134.537767,13931411
2026-05-26,135.139642,136.178742,133.746507,133.910549,133.091817,6880157
2026-05-27,133.438931,133.861039,132.835077,133.779374,132.971638,5137555
2026-05-28,133.582467,134.180415,133.132495,133.957922,133.159315,8605225
2026-05-29,134.525193,134.903684,130.928059,131.785672,131.010058,5481763
2026-06-01,131.78101,133.699789,129.636405,129.883587,129.148866,6081809
2026-06-02,129.682129,130.57187,128.659444,130.429377,129.701511,8211409
2026-06-03,130.247941,131.633446,129.366755,130.692754,129.973382,8278032
2026-06-04,130.507504,131.846519,129.237945,129.409395,128.706953,7177904
2026-06-05,129.123763,129.314998,128.754287,128.874119,128.184409,8211909
2026-06-08,129.266775,129.893407,127.538606,127.884454,127.229297,6701604
2026-06-09,127.954947,128.566778,127.841566,128.381563,127.733651,8690296
2026-06-10,128.552862,128.81607,125.820758,125.951822,125.325779,8550742
2026-06-11,125.571062,126.739392,125.052807,126.457457,125.838547,12246205
2026-06-12,127.157214,127.830439,126.737105,127.690951,127.075746,10307996
2026-06-15,128.524489,129.458103,126.798556,126.986253,126.40351,10970874
2026-06-16,127.06283,127.927683,126.400765,127.697118,127.120857,4315881
2026-06-17,128.363095,130.471743,127.633147,129.468699,128.894324,11822971
2026-06-18,129.565612,129.854146,128.72908,129.173209,128.610004,11097906
2026-06-22,129.084915,129.791806,128.731686,129.706601,129.180676,7035371
2026-06-23,129.674552,130.161785,129.404824,129.538045,129.022694,10843089
2026-06-24,129.083729,129.560574,127.754204,127.969848,127.470508,9478538
2026-06-25,127.586759,127.9454,126.570217,127.491515,127.003777,8823723
2026-06-26,127.50733,127.985754,126.500512,127.437808,126.960007,8914648
2026-06-29,127.586203,128.324199,126.664298,126.912839,126.466088,6555827
2026-06-30,127.988169,128.473833,127.20609,127.400263,126.961529,8159155
