date,open,high,low,close,adj_close,volume
2006-01-03,20.974786,21.220036,20.542443,20.659085,17.16136,30587138
2006-01-04,20.672014,20.683506,20.346598,20.423168,16.965803,28838062
2006-01-05,20.496433,20.580343,20.41215,20.498183,17.028538,34710011
2006-01-06,20.508933,20.57643,20.295876,20.31951,16.880524,23621250
2006-01-09,20.329947,20.686935,20.189392,20.527429,17.054515,33338270
2006-01-10,20.481997,20.881208,20.469375,20.672626,17.17557,16527632
2006-01-11,20.389687,20.767753,20.318469,20.699391,17.198231,28003152
2006-01-12,20.859971,20.940696,20.443049,20.490382,17.024994,16121563
2006-01-13,20.440868,20.686751,20.388297,20.421658,16.968311,38615499
2006-01-17,20.416365,20.674908,20.29411,20.621353,17.135926,24283121
2006-01-18,20.567178,20.830165,20.501671,20.743098,17.237518,23509150
2006-01-19,20.722865,20.811899,20.643033,20.66559,17.173532,27906721
2006-01-20,20.660352,20.833694,20.376154,20.447559,16.992763,33334366
2006-01-23,20.48022,20.556918,20.323341,20.440736,16.988349,25085418
2006-01-24,20.393516,20.941769,20.32908,20.62159,17.139079,32721790
2006-01-25,20.774234,20.90708,20.406201,20.41583,16.968485,28981503
2006-01-26,20.516167,20.6042,20.335608,20.414595,16.967877,39645169
2006-01-27,20.690929,20.977223,20.316863,20.416055,16.969509,20044166
2006-01-30,20.472883,20.623328,20.146732,20.375031,16.936662,28021675
2006-01-31,20.315949,20.351615,20.155309,20.209408,16.799402,36801786
2006-02-01,20.285817,20.51298,20.22943,20.478235,17.023289,30694093
2006-02-02,20.44199,21.042266,20.287539,20.883166,17.36033,39845709
2006-02-03,21.040957,21.286654,21.016951,21.136388,17.571268,37486658
2006-02-06,21.214638,21.34511,21.172954,21.251277,17.668085,22042388
2006-02-07,21.176946,21.977633,20.954234,21.784365,18.111735,23103969
2006-02-08,21.720712,22.478627,21.663979,22.306367,18.54619,27593945
2006-02-09,22.331691,22.6615,22.094348,22.649697,18.832109,18744071
2006-02-10,22.490257,22.616724,22.285561,22.572,18.76797,32317195
2006-02-13,22.458577,22.743938,22.311172,22.363562,18.596034,19876526
2006-02-14,22.292569,22.776733,22.117977,22.563398,18.762667,32707881
2006-02-15,22.495676,23.236577,22.462378,22.959278,19.092332,22714544
2006-02-16,23.035559,23.140998,22.53983,22.590093,18.785791,23125840
2006-02-17,22.344043,22.35456,22.098841,22.292604,18.538857,23162607
2006-02-21,22.116886,22.347448,21.968105,22.329709,18.571545,33287854
2006-02-22,22.337228,22.604501,22.192915,22.407549,18.636743,29232415
2006-02-23,22.474337,22.566774,22.265937,22.394305,18.626187,33804511
2006-02-24,22.273586,22.320764,22.060662,22.131746,18.40826,36171624
2006-02-27,22.030998,22.174357,21.911482,22.090727,18.375501,19259929
2006-02-28,21.977628,22.445881,21.949975,22.309797,18.558185,29079905
2006-03-01,22.447439,22.537026,22.09789,22.170892,18.443092,21414356
2006-03-02,22.372741,22.54126,22.228801,22.242405,18.503037,51681899
2006-03-03,22.280943,22.774018,22.117909,22.575433,18.78054,16659144
2006-03-06,22.583475,22.650807,22.04588,22.195342,18.465706,20804247
2006-03-07,22.345824,22.803169,22.268346,22.627558,18.825758,25425435
2006-03-08,22.636813,22.941114,22.386614,22.804367,18.973328,23108578
2006-03-09,22.83213,23.595138,22.788834,23.225915,19.324534,24381536
2006-03-10,23.240274,23.267412,22.808133,22.933206,19.081462,19415994
2006-03-13,22.906093,23.504123,22.753744,23.186355,19.29352,28457270
2006-03-14,23.225408,23.250333,22.665675,22.893719,19.050485,28226671
2006-03-15,22.954706,23.026996,22.557794,22.640615,18.840334,33771734
2006-03-16,22.546538,22.849381,22.509242,22.727496,18.913099,18701905
2006-03-17,22.931411,23.208961,22.861335,22.944271,19.093962,59781027
2006-03-20,22.936689,23.052215,22.59647,22.864201,19.028735,20551971
2006-03-21,22.943657,23.550953,22.896273,23.295146,19.387867,50877424
2006-03-22,23.193717,23.352181,23.168662,23.271847,19.368954,34469960
2006-03-23,23.317596,23.388191,23.138719,23.241336,19.344036,58106029
2006-03-24,23.223561,23.462669,23.175864,23.390794,19.468912,33445648
2006-03-27,23.421028,23.666915,23.323192,23.386652,19.466903,26733253
2006-03-28,23.255591,24.040861,23.141621,23.972206,19.954806,26276462
2006-03-29,23.944832,24.272328,23.792175,24.22685,20.167272,18126054
2006-03-30,24.387815,24.472316,24.168172,24.20619,20.150571,40215594
2006-03-31,24.170783,24.29548,23.86717,23.890551,19.888306,24244460
2006-04-03,23.798936,23.922861,23.768244,23.882512,19.883083,17524533
2006-04-04,23.956378,24.081988,23.68859,23.770216,19.79008,22424383
2006-04-05,23.830184,24.072799,23.663667,23.711725,19.741869,23597460
2006-04-06,23.829615,23.857862,23.674649,23.770818,19.791557,19009812
2006-04-07,23.834202,24.05613,23.573271,23.916302,19.913177,41055988
2006-04-10,24.080328,24.494552,24.016042,24.364703,20.288024,24323561
2006-04-11,24.292199,24.627579,24.195338,24.590203,20.476298,32360922
2006-04-12,24.57491,24.604961,23.934242,24.10348,20.071498,19307645
2006-04-13,24.012705,24.224142,23.849713,23.881106,19.886812,29629611
2006-04-17,23.933253,24.075989,23.828166,23.984896,19.975211,28901928
2006-04-18,23.920776,24.08785,23.871993,23.932454,19.932027,32210901
2006-04-19,23.81949,24.500981,23.790884,24.243919,20.191927,30949496
2006-04-20,24.18134,24.392374,24.022669,24.107634,20.078914,24425790
2006-04-21,24.294553,24.308484,24.243751,24.290762,20.231938,27567988
2006-04-24,24.351036,24.726718,24.276708,24.602098,20.492767,24758549
2006-04-25,24.722699,24.786774,24.695867,24.739731,20.607918,31424117
2006-04-26,24.72761,24.998194,24.442794,24.59601,20.488705,19860896
2006-04-27,24.549288,25.073542,24.479249,25.015249,20.838449,23877502
2006-04-28,24.923871,25.482987,24.826725,25.464333,21.213072,34444556
2006-05-01,25.43834,25.510303,25.183236,25.207545,21.000707,20890843
2006-05-02,25.324474,25.608378,25.090206,25.515878,21.258107,24003705
2006-05-03,25.484877,25.624632,25.043871,25.269614,21.053454,26396375
2006-05-04,25.152627,26.014548,25.118513,25.965644,21.633887,26573774
2006-05-05,25.813338,26.48379,25.639125,26.221907,21.847937,28809209
2006-05-08,26.019967,26.468117,25.952232,26.411192,22.007275,18535432
2006-05-09,26.26278,27.012692,26.232698,26.893554,22.409758,33406105
2006-05-10,26.807953,26.896427,26.392629,26.506528,22.087802,19714928
2006-05-11,26.347869,26.809039,26.188313,26.63896,22.198705,21560131
2006-05-12,26.639624,26.668392,26.036558,26.083493,21.73636,29182364
2006-05-15,26.098513,26.414561,25.934181,26.284209,21.905244,18245073
2006-05-16,26.284999,26.325579,26.056445,26.199024,21.834788,26287066
2006-05-17,26.263812,26.34774,25.723186,26.018409,21.684795,22870280
2006-05-18,25.957501,26.025454,25.429085,25.449644,21.211286,28645421
2006-05-19,25.542076,25.596669,25.279457,25.349887,21.128663,31970151
2006-05-22,25.349117,25.384977,25.160451,25.248971,21.046106,35754034
2006-05-23,25.447843,25.537373,25.209659,25.275558,21.068787,19363556
2006-05-24,25.160182,25.259209,24.950262,25.23381,21.034506,24353047
2006-05-25,25.208281,25.246657,24.735157,24.795821,20.669915,34864366
2006-05-26,24.887879,25.7202,24.647028,25.474113,21.235865,25187801
2006-05-30,25.472975,25.618884,25.346365,25.584026,21.329593,41274937
2006-05-31,25.447057,25.829408,25.416685,25.493667,21.254784,26667479
2006-06-01,25.508909,26.460252,25.182953,26.32793,21.950874,40729695
2006-06-02,26.483947,26.833865,25.90988,26.318483,21.943538,21642113
2006-06-05,26.208075,27.022358,26.179186,26.761284,22.314381,32400490
2006-06-06,26.672891,26.792552,26.373335,26.541292,22.13149,33923236
2006-06-07,26.431366,26.710394,26.045433,26.128441,21.787771,37459884
2006-06-08,26.139474,26.329686,25.804113,25.833868,21.542666,25207957
2006-06-09,25.790775,25.972989,25.450146,25.702005,21.433234,30696004
2006-06-12,25.802262,25.940597,25.532268,25.633179,21.37742,44685995
2006-06-13,25.798961,25.92334,25.717166,25.887833,21.590326,26600096
2006-06-14,25.852925,25.976912,25.127367,25.357004,21.148139,26162327
2006-06-15,25.373956,25.558066,25.069645,25.445925,21.222823,27092815
2006-06-16,25.311075,25.735947,24.97993,24.990339,20.843361,21572006
2006-06-19,24.831008,25.399509,24.736065,25.170553,20.995223,12457536
2006-06-20,25.192926,25.415954,24.432684,24.500873,20.437134,31558024
2006-06-21,24.569555,24.968542,24.554762,24.63154,20.546634,34086723
2006-06-22,24.643042,25.092166,24.290203,25.067836,20.91109,12343932
2006-06-23,25.118111,25.407537,24.954585,25.337003,21.136144,29425022
2006-06-26,25.365198,25.632205,24.308909,24.416613,20.36986,35398620
2006-06-27,24.288027,24.338892,24.049196,24.069359,20.080654,28531162
2006-06-28,23.95151,24.605846,23.670977,24.354647,20.319165,28916613
2006-06-29,24.2581,25.127958,24.086077,25.074916,20.920604,29845683
2006-06-30,25.118412,25.144475,24.871654,25.100916,20.942812,35874965
2006-07-03,25.006836,25.291361,24.65944,24.854838,20.739032,29197462
2006-07-05,24.845794,24.952365,24.019142,24.051847,20.07,27973201
2006-07-06,23.872264,23.91578,23.314161,23.401001,19.527385,26793551
2006-07-07,23.383264,23.408312,23.270291,23.29153,19.436514,27985405
2006-07-10,23.360134,23.787173,23.344096,23.649048,19.736317,21946572
2006-07-11,23.525784,24.185121,23.464057,24.092504,20.106899,28912492
2006-07-12,24.002919,24.454497,23.579862,24.283271,20.266607,22886474
2006-07-13,24.140817,24.331361,23.786491,23.812968,19.874585,40812038
2006-07-14,23.72651,23.903646,23.604493,23.807037,19.870125,25937037
2006-07-17,23.824489,24.086826,23.81297,24.02609,20.054436,38618235
2006-07-18,24.062959,24.761284,24.017268,24.481836,20.435348,27149378
2006-07-19,24.505805,24.577595,23.623649,23.709213,19.790916,18230402
2006-07-20,23.953366,24.047101,22.981542,23.377758,19.51472,20530023
2006-07-21,23.293687,23.313953,22.431607,22.797404,19.030735,19637408
2006-07-24,22.752083,22.980909,22.408178,22.791948,19.027587,37311649
2006-07-25,22.830741,22.985018,22.05863,22.12993,18.475364,28629578
2006-07-26,22.29794,22.458573,22.032336,22.198074,18.532711,16258697
2006-07-27,22.42357,22.466793,21.554422,22.005561,18.372439,34854287
2006-07-28,21.931875,22.230276,21.682959,22.04288,18.40405,24935314
2006-07-31,21.813336,21.831582,21.670329,21.794443,18.19797,61516107
2006-08-01,21.792689,22.463578,21.526386,22.275541,18.600137,23726454
2006-08-02,22.265354,23.005721,22.161377,22.762883,19.007537,32802964
2006-08-03,23.033227,23.189729,22.387628,22.740776,18.989545,24035291
2006-08-04,22.575243,22.702228,22.427547,22.633913,18.900776,19262780
2006-08-07,22.643453,23.614146,22.591361,23.460894,19.592806,26389721
2006-08-08,23.456198,23.688588,23.184074,23.513766,19.637445,13907204
2006-08-09,23.534499,23.752865,22.930159,23.142073,19.327502,21984988
2006-08-10,23.208771,23.441918,22.984999,23.083819,19.279326,40118154
2006-08-11,23.088622,23.420107,22.814349,22.995538,19.206068,32709489
2006-08-14,23.102455,23.136666,22.403781,22.616698,18.891054,28304586
2006-08-15,22.531108,22.880508,22.294011,22.856574,19.091886,19783748
2006-08-16,22.876086,23.319826,22.846703,23.208845,19.386612,32844929
2006-08-17,22.988368,23.37257,22.904446,23.156885,19.343686,28044830
2006-08-18,23.51137,23.589524,23.364589,23.456771,19.594673,29371818
2006-08-21,23.318328,24.52425,23.026447,24.286456,20.289252,34478520
2006-08-22,24.214042,24.285239,23.855392,24.051924,20.093816,29398444
2006-08-23,24.059925,24.128479,23.684791,23.856395,19.930955,25022782
2006-08-24,23.5902,24.326469,23.529236,24.307625,20.308438,33621163
2006-08-25,24.061894,24.968616,24.004327,24.928295,20.827506,39780749
2006-08-28,24.90954,25.460121,24.77457,25.35244,21.183444,14413635
2006-08-29,25.036634,25.164399,24.685379,25.109309,20.980811,31737379
2006-08-30,25.107799,25.243892,24.724137,24.956095,20.853303,24567844
2006-08-31,25.128779,25.389148,24.786723,25.176759,21.038208,28863549
2006-09-01,25.254109,25.697617,25.22312,25.417764,21.24012,30143703
2006-09-05,25.509543,25.526918,24.674138,25.09231,20.970224,32415818
2006-09-06,25.191681,25.335224,24.826205,25.021476,20.911542,26690786
2006-09-07,24.835867,24.85185,24.606803,24.774914,20.705989,34935580
2006-09-08,24.819067,24.864375,24.12495,24.20655,20.231469,34691225
2006-09-11,24.251785,24.367643,23.91905,23.990934,20.052743,22265897
2006-09-12,24.213192,24.22542,24.049873,24.139539,20.177451,27096436
2006-09-13,24.130534,24.427453,23.970521,24.336872,20.342897,24815139
2006-09-14,24.115761,24.671486,24.076813,24.51478,20.492112,23238375
2006-09-15,24.716091,24.839405,24.237211,24.463127,20.449439,35096316
2006-09-18,24.480868,24.806477,24.403197,24.72715,20.671672,48664955
2006-09-19,24.900712,24.91228,24.01819,24.116823,20.161941,27379726
2006-09-20,24.214904,24.257026,23.67686,23.698873,19.813018,35043025
2006-09-21,23.715213,23.834204,23.512303,23.69788,19.812676,21866198
2006-09-22,23.626231,23.792257,23.566807,23.68574,19.803014,24189096
2006-09-25,23.745167,23.814319,23.616845,23.782592,19.885459,22527814
2006-09-26,24.051054,24.141343,23.228711,23.600367,19.733581,44793808
2006-09-27,23.65878,23.840556,23.618919,23.780314,19.884534,23263026
2006-09-28,23.690013,24.09388,23.588616,24.011365,20.078229,24773093
2006-09-29,24.156147,24.189556,23.640969,23.69731,19.816105,22070917
2006-10-02,23.717494,23.792588,23.348869,23.447455,19.608622,17677564
2006-10-03,23.51691,23.586412,23.296819,23.344766,19.523226,24665765
2006-10-04,23.332945,23.418048,23.166671,23.359338,19.535894,19492868
2006-10-05,23.521663,23.651077,23.465909,23.522769,19.67306,24425496
2006-10-06,23.595899,24.396652,23.415986,24.176579,20.220366,22507474
2006-10-09,24.318932,24.561818,23.523346,23.696032,19.81992,27510715
2006-10-10,23.69193,24.328813,23.652217,24.240788,20.276066,28651894
2006-10-11,24.31479,24.586399,24.040729,24.419517,20.426066,26751399
2006-10-12,24.378484,24.631532,24.222557,24.460206,20.460605,24896055
2006-10-13,24.339771,24.867626,24.29275,24.4938,20.489211,32928510
2006-10-16,24.463296,24.66806,23.518308,23.618659,19.758611,23009691
2006-10-17,23.749011,23.798598,23.529878,23.773332,19.888495,33740651
2006-10-18,23.709716,24.189226,23.61692,23.955391,20.041298,44849395
2006-10-19,24.013679,24.071954,23.459015,23.689629,19.819447,72807809
2006-10-20,23.688991,24.513005,23.618952,24.379577,20.397181,48801607
2006-10-23,24.185955,24.673784,23.963497,24.473463,20.477245,18047027
2006-10-24,24.804704,24.844389,23.611502,23.695429,19.826742,63650603
2006-10-25,23.690707,23.998255,23.261636,23.40117,19.581008,48503262
2006-10-26,23.205517,23.250355,22.494695,22.847307,19.118033,24621384
2006-10-27,22.985614,23.203275,21.874173,22.313615,18.671913,18449760
2006-10-30,22.466915,22.748638,21.195538,21.383732,17.895115,30989211
2006-10-31,21.389091,21.640147,21.364804,21.585345,18.064282,28088942
2006-11-01,21.633696,21.966739,21.211154,21.360912,17.876899,24418968
2006-11-02,21.383542,21.669426,20.790332,21.017826,17.590205,24835621
2006-11-03,21.098343,21.721871,20.966115,21.536741,18.024938,21166183
2006-11-06,21.384599,21.723871,21.221979,21.562859,18.048132,36189022
2006-11-07,21.552488,21.613207,21.427436,21.560746,18.046808,45751317
2006-11-08,21.665865,22.323541,21.397818,22.099096,18.497874,20944348
2006-11-09,22.21048,22.87837,22.078556,22.569505,18.892092,28235232
2006-11-10,22.52939,23.347674,22.157971,23.214297,19.432302,24230201
2006-11-13,23.19878,24.182222,23.079047,23.915306,20.020585,31519228
2006-11-14,23.684936,23.789144,23.436063,23.533224,19.701212,41698690
2006-11-15,23.381834,23.634949,23.323973,23.45345,19.634911,23023390
2006-11-16,23.663489,24.096572,23.052514,23.239416,19.456204,27728836
2006-11-17,23.436782,23.564055,23.358006,23.509416,19.682736,35769686
2006-11-20,23.499929,23.623776,23.299524,23.329454,19.53351,13385447
2006-11-21,23.240454,23.705948,23.18738,23.482828,19.662414,25857112
2006-11-22,23.49793,24.194804,23.386904,23.89218,20.005661,36259139
2006-11-24,23.794518,23.927597,23.441532,23.57444,19.74058,25806921
2006-11-27,23.547492,23.824103,22.995672,23.241712,19.463402,20037857
2006-11-28,23.117645,24.473969,23.050758,24.374968,20.412932,36528081
2006-11-29,24.510855,24.855466,24.264708,24.61174,20.611726,23185913
2006-11-30,24.404209,25.015545,24.381017,24.880374,20.837213,32814055
2006-12-01,24.977114,25.22637,24.634631,24.738562,20.718957,17830037
2006-12-04,24.928868,25.096972,24.385589,24.534815,20.549835,24359877
2006-12-05,24.537812,24.984213,24.414478,24.804154,20.775939,21023011
2006-12-06,24.895401,25.366852,24.861432,25.026152,20.962401,25435349
2006-12-07,24.936601,25.357275,24.833741,25.309444,21.200214,26022936
2006-12-08,25.179178,25.353101,24.855052,25.217716,21.1239,41477971
2006-12-11,25.563088,26.236425,25.455533,26.150921,21.907228,73660914
2006-12-12,26.010625,26.625662,25.829635,26.406157,22.121591,23003493
2006-12-13,26.481514,26.547325,26.229712,26.266379,22.005035,36221231
2006-12-14,26.31877,26.400456,25.811337,25.994936,21.778166,18752081
2006-12-15,26.025705,26.256882,25.759561,26.128657,21.890735,22418297
2006-12-18,26.309525,26.414902,26.222841,26.280408,22.019501,37816289
2006-12-19,26.318986,26.473084,26.016756,26.037781,21.816749,28801350
2006-12-20,26.088516,26.635562,25.593625,26.363473,22.090186,22869956
2006-12-21,26.592107,26.73967,25.901513,25.942343,21.737854,29959237
2006-12-22,26.048714,26.181856,25.758821,25.828775,21.643225,30932123
2006-12-26,25.981313,26.111379,25.68342,25.883607,21.691309,27272153
2006-12-27,25.979902,26.077512,25.734756,25.951699,21.748908,48187001
2006-12-28,25.975836,26.270162,25.896026,26.139194,21.906579,45199286
2006-12-29,26.16976,26.732834,26.025006,26.482488,22.194831,24797366
2007-01-02,26.499792,26.559078,25.875759,26.002169,21.794427,52234935
2007-01-03,26.085788,26.490584,25.849821,25.86054,21.676251,27986895
2007-01-04,25.904203,25.995431,25.505295,25.53662,21.405269,36347389
2007-01-05,25.596385,25.915496,25.274491,25.29888,21.206514,28213362
2007-01-08,25.1555,25.754443,24.999153,25.591021,21.452983,41047463
2007-01-09,25.631754,26.024416,25.564692,25.966379,21.768183,21220768
2007-01-10,25.990743,26.43876,25.730707,26.33535,22.078043,31618196
2007-01-11,26.278498,26.823946,26.251162,26.672868,22.36155,35934455
2007-01-12,26.782894,26.927739,26.517648,26.528861,22.241368,53101360
2007-01-16,26.628864,26.840899,26.59665,26.703445,22.389943,31431325
2007-01-17,26.834914,27.180625,26.797598,27.16287,22.775717,44345095
2007-01-18,27.022529,27.03527,26.757873,26.799488,22.47158,19869697
2007-01-19,26.824793,26.876651,26.787693,26.843342,22.508906,33382759
2007-01-22,26.781239,27.227954,26.643358,27.156941,22.773551,33015678
2007-01-23,26.963646,27.261979,26.825654,27.117528,22.74106,33187421
2007-01-24,27.177078,27.219848,26.644102,26.703584,22.394474,47735787
2007-01-25,26.909662,26.970003,26.739688,26.750435,22.434317,22140186
2007-01-26,26.441557,27.271128,26.291557,27.104915,22.732163,15799835
2007-01-29,27.127473,27.583084,27.088088,27.52008,23.082057,17978189
2007-01-30,27.571185,27.744406,27.085672,27.511523,23.075449,15589195
2007-01-31,27.463503,27.638072,27.407886,27.490489,23.058374,30050065
2007-02-01,27.646952,27.792068,27.152156,27.24418,22.852339,28890919
2007-02-02,27.259818,27.484537,26.629946,26.679321,22.379088,40707436
2007-02-05,26.84979,27.068959,26.264207,26.488652,22.220794,23850909
2007-02-06,26.31539,26.840923,26.069874,26.78349,22.468681,25863373
2007-02-07,26.748158,26.980342,26.60573,26.782983,22.46881,20838479
2007-02-08,26.890137,27.055924,26.824786,26.864691,22.537911,27079840
2007-02-09,26.86229,26.975741,26.236761,26.391412,22.141404,43514560
2007-02-12,26.574565,26.887833,26.544424,26.577608,22.299264,22462844
2007-02-13,26.542011,27.301553,26.496749,27.284672,22.893072,27242046
2007-02-14,27.339502,27.402195,26.998079,27.128454,22.762558,29123231
2007-02-15,27.108535,27.495608,26.300465,26.445817,22.190328,20157105
2007-02-16,26.699716,26.756793,26.180429,26.280125,22.051842,30344527
2007-02-20,26.3509,26.567675,26.241886,26.48685,22.227497,22203959
2007-02-21,26.371227,27.106536,26.260152,27.05579,22.705505,25842461
2007-02-22,27.130344,27.256862,26.925738,27.054397,22.704895,25145502
2007-02-23,27.046782,27.546119,26.99635,27.385387,22.983239,22373082
2007-02-26,27.579315,27.624712,26.863862,27.208697,22.836639,29738262
2007-02-27,27.098492,27.580851,27.070555,27.427922,23.021205,21773657
2007-02-28,27.511893,27.589526,27.256615,27.490471,23.074274,27105538
2007-03-01,27.46219,27.563944,27.335123,27.350889,22.95768,23159321
2007-03-02,27.488796,27.586052,27.427692,27.491948,23.07665,24649045
2007-03-05,27.464914,27.769491,27.339993,27.563978,23.138822,29844682
2007-03-06,27.431667,27.730423,27.276756,27.612891,23.180454,31609829
2007-03-07,27.578981,27.620219,27.085416,27.40832,23.009288,23014337
2007-03-08,27.513055,27.975729,27.371536,27.947057,23.462135,26202106
2007-03-09,27.888776,28.511406,27.789434,28.219335,23.691303,26520061
2007-03-12,28.114746,28.440046,27.939482,28.361515,23.812429,28525832
2007-03-13,28.282994,28.598745,28.243255,28.552944,23.973744,36896762
2007-03-14,28.433162,28.994095,28.294432,28.937469,24.297199,29404605
2007-03-15,28.841712,28.909801,28.637481,28.835459,24.212143,18703116
2007-03-16,28.848343,29.94794,28.81945,29.902337,25.108583,18947751
2007-03-19,29.773494,30.102578,29.560442,29.79135,25.017238,28141129
2007-03-20,29.987709,30.138025,29.821918,29.917272,25.1236,34940330
2007-03-21,29.819264,29.891162,29.568359,29.76591,24.997107,16112291
2007-03-22,29.776498,30.360498,29.576762,30.246242,25.401111,20963318
2007-03-23,30.390095,30.530154,30.281722,30.397691,25.528928,18199230
2007-03-26,30.382424,31.390498,30.310801,31.227002,26.227348,22548442
2007-03-27,31.15049,31.491983,30.819653,30.98096,26.02134,18240732
2007-03-28,30.874649,31.826848,30.688994,31.660818,26.593017,37109733
2007-03-29,31.797314,31.816938,31.453663,31.468903,26.432473,46073951
2007-03-30,31.590309,31.837065,31.286304,31.708434,26.634324,32094705
2007-04-02,31.728765,32.207443,31.410327,32.179269,27.031812,41882496
2007-04-03,32.183313,33.180151,32.165426,32.950636,27.680472,28281981
2007-04-04,33.019683,33.370912,32.000638,32.348939,27.175681,26966055
2007-04-05,32.212955,33.3668,31.901874,33.305389,27.979864,40568924
2007-04-09,33.192463,33.35358,32.687665,33.296361,27.975037,33204848
2007-04-10,33.521572,33.97883,32.709433,32.881971,27.627555,24759440
2007-04-11,32.840068,33.647488,32.699151,33.629772,28.256556,29796398
2007-04-12,33.874721,33.969409,33.850943,33.917781,28.499251,30412018
2007-04-13,33.710475,33.94186,33.384258,33.872752,28.462117,30416200
2007-04-16,33.91254,34.189146,33.801635,34.012555,28.581701,22611507
2007-04-17,33.784375,34.250227,33.641014,34.093826,28.650701,26490971
2007-04-18,34.036669,34.468169,33.76265,34.248716,28.781572,17802531
2007-04-19,34.229248,34.341628,34.109424,34.235027,28.770777,24901943
2007-04-20,34.191127,34.206319,33.916105,33.948191,28.530426,36562835
2007-04-23,33.915895,34.065778,32.927495,33.093446,27.814145,21003651
2007-04-24,33.423699,33.462648,32.847274,32.943814,27.689066,23411924
2007-04-25,33.009242,33.085106,32.614088,32.725666,27.506391,41412620
2007-04-26,32.667387,33.335001,32.595801,32.975635,27.717177,23076973
2007-04-27,32.959532,33.885368,32.769415,33.470891,28.13415,32702359
2007-04-30,33.424889,33.537002,32.609648,32.787465,27.56173,44855397
2007-05-01,32.656127,32.827868,32.17257,32.429131,27.261179,23805087
2007-05-02,32.272507,32.473413,32.1474,32.44147,27.272225,25828662
2007-05-03,32.50213,32.625632,32.057096,32.246309,27.108828,26887824
2007-05-04,32.293052,32.390319,31.540537,31.656898,26.613978,39280779
2007-05-07,31.46031,31.582139,31.104948,31.385509,26.387772,26744576
2007-05-08,31.051857,31.346557,30.69119,31.287531,26.306043,17841450
2007-05-09,31.057744,31.392273,30.426318,30.852798,25.941166,26768887
2007-05-10,30.849762,31.933197,30.564085,31.622878,26.589308,42368956
2007-05-11,31.628444,31.653958,30.949729,31.472396,26.463431,19773845
2007-05-14,31.435923,31.507265,30.976612,31.19716,26.233939,37081633
2007-05-15,31.403844,31.549035,31.354127,31.48845,26.47954,45455859
2007-05-16,31.342917,32.007303,31.193802,31.942068,26.861662,26112473
2007-05-17,32.028304,32.301546,31.965506,32.212552,27.089793,34293724
2007-05-18,32.202738,32.368933,31.903001,32.026542,26.934028,22614168
2007-05-21,31.824001,32.104293,31.438079,31.459384,26.459009,24921567
2007-05-22,31.532941,31.606139,30.7986,30.811487,25.914731,30001015
2007-05-23,30.981508,31.129173,30.106784,30.32787,25.508603,28872544
2007-05-24,30.373017,30.610445,29.788804,29.953819,25.194611,42487769
2007-05-25,30.00971,30.222613,29.097068,29.287923,24.635123,17947706
2007-05-29,29.174603,29.345935,28.995585,29.291224,24.640329,37268873
2007-05-30,29.408563,29.546741,28.741266,28.799748,24.227486,19866188
2007-05-31,28.712183,28.743568,27.860562,28.020926,23.572891,22885965
2007-06-01,28.010853,28.56065,27.98106,28.517039,23.990843,41827507
2007-06-04,28.615099,28.643355,27.652032,27.964221,23.527506,29552655
2007-06-05,27.854792,27.999572,27.471242,27.554774,23.183593,40580432
2007-06-06,27.410656,28.214483,27.326481,28.089416,23.634003,19134613
2007-06-07,28.147183,28.358175,27.050997,27.38788,23.04431,18655932
2007-06-08,27.232124,27.33835,26.861162,27.075829,22.78231,29721738
2007-06-11,26.99696,27.793429,26.833716,27.643581,23.26175,25633275
2007-06-12,27.485736,27.605797,27.334072,27.555629,23.188311,35204457
2007-06-13,27.445336,27.509732,26.9823,27.205078,22.893883,27976177
2007-06-14,27.39153,27.570291,25.919752,26.080786,21.948299,49990375
2007-06-15,25.937215,26.271105,25.548553,26.219564,22.065631,31746620
2007-06-18,26.191569,26.708037,25.428163,25.693275,21.62432,50670192
2007-06-19,25.786725,25.932031,25.654006,25.726069,21.652454,25762323
2007-06-20,25.894894,26.409018,25.511429,26.295732,22.132459,30175811
2007-06-21,26.289215,28.019216,26.180247,27.650967,23.273699,36295027
2007-06-22,27.664427,27.987779,27.344211,27.562574,23.199871,17609975
2007-06-25,27.626221,27.90308,27.210418,27.857539,23.449881,26476605
2007-06-26,28.120468,28.701672,28.024439,28.613181,24.086558,53623552
2007-06-27,28.714902,28.916078,28.0284,28.253122,23.784047,31176588
2007-06-28,28.004342,28.620697,27.82105,28.245887,23.778542,35219484
2007-06-29,28.046416,29.947713,27.781461,29.846054,25.126247,34228881
2007-07-02,29.400633,29.687199,28.019555,28.534747,24.024084,17968375
2007-07-03,28.766426,29.475624,28.477498,28.727992,24.187377,36313158
2007-07-05,28.589312,30.05586,28.5339,29.665872,24.978251,14796747
2007-07-06,29.224534,30.539439,28.786575,30.371874,25.573325,16252199
2007-07-09,30.465702,30.851671,30.140662,30.735526,25.881436,29646076
2007-07-10,30.907025,33.061289,30.843043,32.625798,27.473853,27087811
2007-07-11,33.277562,33.413121,32.770848,33.342293,28.077898,53479367
2007-07-12,33.230563,35.514422,32.693504,35.465852,29.866905,26300843
2007-07-13,35.428009,36.092846,35.080544,35.852829,30.193535,34598696
2007-07-16,35.41331,35.802686,34.830805,35.671828,30.043325,24925646
2007-07-17,35.605391,39.952204,34.716267,39.195274,33.011635,36804218
2007-07-18,38.680017,41.634196,38.517776,40.693262,34.274138,16034444
2007-07-19,40.566476,41.060427,40.448907,40.833807,34.39336,42357227
2007-07-20,41.52432,43.400859,41.338896,42.496293,35.794515,26566563
2007-07-23,42.317779,43.544025,42.271409,42.865834,36.108448,13907620
2007-07-24,41.059241,42.143577,39.373446,39.470696,33.24934,25314586
2007-07-25,39.591851,43.157642,38.043847,42.35628,35.680978,32535805
2007-07-26,41.747334,42.732304,41.401743,42.369003,35.692576,22626822
2007-07-27,43.160628,47.710266,39.10199,47.68869,40.174987,57333310
2007-07-30,47.164549,53.103762,45.11391,51.72055,43.574818,20081325
2007-07-31,51.857833,52.477219,46.050489,47.519998,40.036819,45552820
2007-08-01,46.316794,49.205714,46.065935,48.307546,40.701351,17803248
2007-08-02,49.436986,51.025648,46.059781,48.28034,40.679431,42354457
2007-08-03,48.912073,49.526741,46.863315,47.670456,40.166553,16080261
2007-08-06,47.189106,48.681217,43.497408,44.513633,37.509424,39983694
2007-08-07,46.577847,47.617023,42.619178,43.297683,36.485703,37439309
2007-08-08,43.620463,45.644718,42.910823,44.907794,37.843429,21955022
2007-08-09,44.157382,52.968656,43.324266,50.148839,42.261056,43522104
2007-08-10,48.987539,50.248238,46.313283,47.726649,40.220837,22954714
2007-08-13,48.437685,50.040886,47.362747,48.39107,40.783782,11525662
2007-08-14,49.274785,52.498658,48.817823,51.05647,43.03123,27467056
2007-08-15,51.237286,51.932987,50.502295,50.536529,42.594064,30976253
2007-08-16,52.245371,54.165537,49.626701,51.311637,43.24842,18973995
2007-08-17,51.805801,52.915213,51.04779,51.375377,43.30321,33189972
2007-08-20,51.014764,53.585053,48.50016,48.869559,41.194155,29066864
2007-08-21,49.607914,50.555055,44.841749,46.292769,39.023034,38487383
2007-08-22,47.659632,48.265486,40.701867,41.954653,35.36704,36880856
2007-08-23,43.068742,45.311987,42.196741,44.271478,37.321002,19507919
2007-08-24,43.722654,44.948887,42.934514,44.148411,37.218174,21315656
2007-08-27,43.500993,44.350791,40.101118,40.300256,33.976598,36422096
2007-08-28,40.984324,41.594878,37.837284,39.103279,32.968255,34086438
2007-08-29,37.590779,45.851231,37.498586,45.253504,38.154494,30493960
2007-08-30,44.232001,49.649421,43.879504,48.920312,41.247099,39538254
2007-08-31,49.520554,51.18097,45.245086,47.335083,39.911498,36537379
2007-09-04,48.854616,53.013397,47.626002,52.304422,44.105841,33063036
2007-09-05,54.780352,55.291906,47.318333,49.947754,42.119612,22211643
2007-09-06,50.050543,51.515792,44.149463,45.630803,38.48019,40054556
2007-09-07,46.378353,46.746015,39.276554,40.466819,34.126274,38073624
2007-09-10,40.527752,42.395425,39.585681,39.636041,33.428137,32365737
2007-09-11,40.183948,40.53221,38.427873,40.207009,33.910514,17889146
2007-09-12,39.911796,41.945123,36.980817,37.661862,31.764725,16390076
2007-09-13,36.186187,37.636387,33.973723,34.52689,29.121348,58018803
2007-09-14,34.413425,35.434257,31.234755,33.049962,27.876335,25060148
2007-09-17,32.5224,35.41234,32.008117,34.936697,29.4699,31857968
2007-09-18,34.620317,34.988426,34.122204,34.525811,29.124026,25095759
2007-09-19,34.829057,35.372094,34.391511,35.273678,29.755617,37153086
2007-09-20,36.266376,37.755825,35.839318,37.102309,31.298957,24014748
2007-09-21,37.919097,38.484256,35.782577,36.2333,30.566626,33701396
2007-09-24,36.382016,37.2277,32.43839,33.723126,28.451131,27402975
2007-09-25,33.789416,34.908353,33.539738,34.456065,29.070205,24556880
2007-09-26,35.624713,36.152063,30.601266,30.786699,25.975042,33170777
2007-09-27,31.411011,33.998474,31.383806,31.507288,26.583664,18449150
2007-09-28,30.39435,31.65205,29.611534,31.626246,26.684691,18774210
2007-10-01,31.581171,32.293236,28.680093,29.818629,25.161371,30984304
2007-10-02,30.186086,31.02003,27.34503,27.686873,23.363142,34264796
2007-10-03,27.531282,27.875246,27.343356,27.479825,23.188999,22685019
2007-10-04,27.749616,28.737946,27.007329,28.314053,23.893555,30514855
2007-10-05,27.31485,29.879702,27.194949,28.656661,24.18327,36814614
2007-10-08,29.342707,30.250266,28.358278,29.985646,25.306667,35203281
2007-10-09,30.002771,30.253143,28.747561,29.24822,24.684917,22053940
2007-10-10,29.973438,30.598896,28.308753,28.506994,24.05993,25420685
2007-10-11,28.191611,29.088215,28.007951,28.784847,24.295037,24956431
2007-10-12,28.462642,29.36738,28.397636,29.134087,24.59041,28319580
2007-10-15,29.670714,30.568357,29.238818,30.34482,25.614213,19791947
2007-10-16,29.564764,29.780181,27.798989,27.987436,23.624915,31811760
2007-10-17,28.658645,29.055966,28.43744,28.688066,24.216932,22830904
2007-10-18,29.473552,30.365995,28.748052,29.35116,24.777291,31208263
2007-10-19,29.718835,30.840165,28.214941,28.477731,24.040563,18257760
2007-10-22,28.861904,29.601143,28.214512,28.621984,24.164126,21106054
2007-10-23,28.488915,29.336512,27.6246,28.806167,24.320222,35608941
2007-10-24,28.098462,34.874388,27.88976,34.366728,29.015559,17240254
2007-10-25,33.754512,34.292375,32.58075,34.152391,28.835307,25206783
2007-10-26,32.656932,33.179321,28.272577,29.346905,24.778584,33199970
2007-10-29,29.344133,29.572503,28.606364,28.666169,24.205604,40932998
2007-10-30,28.023962,29.833425,27.033359,29.413318,24.837106,23789133
2007-10-31,29.418014,31.070702,28.937545,29.833574,25.192598,16953427
2007-11-01,31.540896,32.146356,28.604984,29.23093,24.684311,29186123
2007-11-02,29.395474,30.09316,29.250618,29.371213,24.803385,27320962
2007-11-05,29.996676,31.484468,27.618947,27.96129,23.61448,36542045
2007-11-06,27.902065,29.814491,26.835777,29.675729,25.063013,20753097
2007-11-07,28.391067,30.125179,28.36199,29.576514,24.979835,46857345
2007-11-08,29.710665,31.174995,29.243247,30.167837,25.479884,30507775
2007-11-09,29.636804,30.379101,28.848381,29.678494,25.0672,30944102
2007-11-12,29.844908,30.42835,28.531338,30.234587,25.538779,31446058
2007-11-13,30.144748,30.932741,28.71857,29.100721,24.581622,26026260
2007-11-14,29.516713,30.815554,27.177807,27.814014,23.495309,41671650
2007-11-15,27.772767,29.162681,27.579614,29.149167,24.623759,30708059
2007-11-16,29.473753,29.625263,26.788664,27.064424,22.863235,49345320
2007-11-19,27.533471,27.944183,26.2528,26.296976,22.216559,37342115
2007-11-20,26.33486,27.2204,25.395836,25.805108,21.80155,20941730
2007-11-21,25.344362,27.411945,25.232365,26.534886,22.418659,32378231
2007-11-23,27.323706,28.043876,24.881411,25.337219,21.407835,27276770
2007-11-26,25.012463,25.891455,24.687295,25.83033,21.826085,22042987
2007-11-27,25.849861,26.651667,25.545911,26.350652,22.266295,29216913
2007-11-28,26.149112,26.535161,25.864414,26.494636,22.388514,42523315
2007-11-29,26.275433,26.410362,26.089461,26.322524,22.243624,22733153
2007-11-30,26.390947,26.717536,26.189162,26.653809,22.524128,25764095
2007-12-03,26.526693,27.030347,26.153175,26.949293,22.775514,22384109
2007-12-04,26.694567,26.789808,26.438929,26.487657,22.385926,18698015
2007-12-05,26.303464,27.982985,25.837039,27.722843,23.430415,29621963
2007-12-06,27.758056,27.95949,27.675133,27.798673,23.495083,34962540
2007-12-07,28.038935,28.239158,27.256964,27.299545,23.073795,36235039
2007-12-10,27.291326,27.479535,26.784575,27.018833,22.838223,27304269
2007-12-11,26.922117,27.86931,26.807732,27.692708,23.408406,24154394
2007-12-12,27.830337,28.81392,27.743115,28.643903,24.21304,20058579
2007-12-13,28.73334,29.138152,27.985091,28.037279,23.700837,24733414
2007-12-14,27.809099,29.400162,27.723052,28.880718,24.414426,14976846
2007-12-17,29.391858,29.762282,27.725,28.197639,23.838745,20408034
2007-12-18,28.188753,28.54061,28.142317,28.365048,23.980866,30967169
2007-12-19,28.509727,28.823119,28.003627,28.032014,23.69989,26914168
2007-12-20,28.284924,29.544292,27.798572,29.385636,24.844933,32629121
2007-12-21,29.445968,30.164633,28.942317,29.084175,24.59066,43125425
2007-12-24,29.267003,29.69748,28.126321,28.37282,23.990983,23660914
2007-12-26,28.342195,30.550234,27.702855,30.219543,25.553761,45453068
2007-12-27,30.089559,30.122597,28.022763,28.594259,24.180011,41958890
2007-12-28,28.146666,28.32642,26.985293,27.181395,22.985824,42280109
2007-12-31,27.622211,29.059831,27.506286,29.028507,24.549641,25318082
2008-01-02,29.235841,29.549204,28.810991,29.255251,24.742619,28100293
2008-01-03,29.211981,30.215247,28.946646,29.585681,25.022698,25116159
2008-01-04,29.495041,30.787198,29.445389,30.765244,26.020978,35693589
2008-01-07,31.099995,31.139273,30.633981,30.670115,25.942437,25888099
2008-01-08,30.638232,30.918444,30.538632,30.62028,25.900922,20328103
2008-01-09,30.563823,31.58838,30.263107,31.470352,26.620632,26554080
2008-01-10,30.675923,33.291545,30.651967,32.812149,27.756336,30784619
2008-01-11,32.92172,33.300093,32.660915,32.955838,27.878572,25916824
2008-01-14,32.588113,33.530415,32.105892,33.08183,27.987222,27672492
2008-01-15,32.937833,33.854968,32.234212,33.827941,28.619137,25821720
2008-01-16,34.128515,34.492131,33.365573,33.585628,28.414835,19264060
2008-01-17,33.817854,34.977696,33.510024,34.835414,29.472932,38443450
2008-01-18,34.929402,35.22856,34.358277,34.769303,29.417723,34988030
2008-01-22,34.873779,36.128848,34.57688,35.992056,30.455276,18131846
2008-01-23,36.1661,36.881018,36.146291,36.737295,31.086638,49799834
2008-01-24,36.937589,37.704563,36.681564,37.341605,31.598776,39050197
2008-01-25,37.370923,37.50995,37.07946,37.356128,31.611844,20238719
2008-01-28,37.529608,37.926954,36.325784,36.62091,30.991972,35955458
2008-01-29,36.260709,36.765202,34.363901,34.926675,29.558884,25643408
2008-01-30,35.123257,35.395436,34.436725,35.135523,29.736367,27983082
2008-01-31,35.090497,37.437855,34.742572,36.324558,30.743444,40349619
2008-02-01,36.414275,36.435904,34.455534,34.611062,29.293942,37681697
2008-02-04,34.720245,35.170497,33.098795,33.449235,28.312693,27560872
2008-02-05,33.305402,34.399052,33.0782,34.023737,28.799683,20906171
2008-02-06,34.264677,34.385092,32.569877,32.721327,27.69793,37058252
2008-02-07,32.342923,32.723521,31.36937,31.679241,26.816486,26690501
2008-02-08,31.990115,32.499918,31.366207,32.484272,27.498622,32437517
2008-02-11,31.902302,33.441223,31.759352,33.050464,27.979985,29053771
2008-02-12,32.620687,33.939708,32.401342,33.812106,28.625484,33328245
2008-02-13,33.551673,34.56779,33.489328,34.435509,29.153977,34120163
2008-02-14,34.821506,34.892081,32.397156,32.849825,27.812182,52843473
2008-02-15,32.846656,33.433711,32.692269,33.245481,28.147857,31216744
2008-02-19,32.816946,33.036491,32.390154,33.006578,27.94834,44036319
2008-02-20,32.918426,33.248636,32.701041,33.207132,28.118852,22853893
2008-02-21,33.246833,33.342434,32.064198,32.876482,27.839553,26379459
2008-02-22,32.477955,32.979897,32.363314,32.882101,27.844997,24347461
2008-02-25,32.95661,33.091694,32.461949,32.706495,27.698339,27006712
2008-02-26,32.83068,33.425394,31.1114,31.778847,26.913399,27306109
2008-02-27,32.284504,32.581578,31.275081,31.472936,26.654981,24612683
2008-02-28,31.44752,32.153651,31.41261,31.965188,27.072545,41812845
2008-02-29,32.357864,33.575359,32.074227,33.006111,27.954832,17068491
2008-03-03,33.022158,33.96675,32.458579,33.649998,28.502285,26945649
2008-03-04,33.592422,34.049783,33.169565,33.318444,28.222147,35466409
2008-03-05,33.396857,33.851587,33.364938,33.813192,28.641925,26877284
2008-03-06,34.211016,34.409007,32.630443,33.230855,28.149342,28325083
2008-03-07,33.36031,33.663786,32.274867,32.52807,27.554703,21788737
2008-03-10,32.478933,33.078509,32.437271,32.637107,27.649113,28411324
2008-03-11,32.781748,32.936725,32.325964,32.468436,27.506898,34959146
2008-03-12,32.642436,32.847481,32.285196,32.350059,27.407285,39453553
2008-03-13,32.308617,33.122677,32.149749,33.070533,28.018368,24016977
2008-03-14,32.966193,33.766107,32.853627,33.466384,28.354444,12896359
2008-03-17,33.476522,34.028478,33.288942,33.697308,28.552205,33755494
2008-03-18,33.729385,34.668468,33.607349,34.435643,29.178526,83586106
2008-03-19,34.544763,34.643285,34.120406,34.434288,29.178097,25477125
2008-03-20,34.376,34.601651,33.74693,34.044033,28.848123,19945932
2008-03-24,34.42214,34.674641,34.275174,34.504273,29.241001,28938213
2008-03-25,34.594813,34.751901,34.33746,34.594545,29.318226,23771959
2008-03-26,34.331571,34.595321,34.123513,34.246964,29.024373,19766217
2008-03-27,34.38309,35.329488,34.018371,35.174247,29.810981,28347014
2008-03-28,35.295524,35.387873,34.248548,34.346968,29.11056,14526246
2008-03-31,34.217309,34.921603,34.03292,34.610834,29.336367,19334618
2008-04-01,34.517058,34.969839,34.261665,34.923342,29.60198,29771623
2008-04-02,34.851539,34.867017,34.40986,34.518893,29.25988,24362308
2008-04-03,34.40661,34.563141,33.987055,34.145415,28.944015,41024830
2008-04-04,34.119689,34.18944,33.312042,33.497017,28.395087,27768782
2008-04-07,33.553215,34.102718,33.315991,33.965383,28.794245,38341026
2008-04-08,34.270643,34.308821,33.985499,34.132788,28.936876,39716520
2008-04-09,34.251552,34.628463,34.03015,34.326075,29.101457,37971242
2008-04-10,34.506238,34.903237,33.014906,33.324155,28.252731,26528720
2008-04-11,33.546895,33.771663,32.838906,32.91545,27.906912,24513923
2008-04-14,33.08337,33.217885,32.689444,32.880429,27.879281,26147020
2008-04-15,32.720511,32.742333,32.33857,32.428697,27.496935,31304325
2008-04-16,32.444809,33.098915,32.169529,32.854651,27.858796,22521932
2008-04-17,32.838295,32.948861,32.678558,32.787186,27.802275,19432147
2008-04-18,32.69212,33.155513,32.369567,32.890574,27.890632,27979174
2008-04-21,33.107929,33.253714,32.285563,32.756582,27.779062,36335288
2008-04-22,32.596222,32.709803,32.285634,32.484992,27.54942,18169689
2008-04-23,32.737625,32.906432,32.505945,32.523947,27.583136,21875786
2008-04-24,32.597847,32.710678,31.931571,32.011892,27.149537,34185626
2008-04-25,32.220105,33.029773,31.725483,32.981733,27.972757,43648672
2008-04-28,33.139782,33.701433,32.858605,33.4939,28.409241,34405665
2008-04-29,33.49171,33.908544,33.197965,33.314434,28.257715,26377197
2008-04-30,33.319736,33.495584,32.880401,33.469829,28.390223,19736280
2008-05-01,33.523632,33.580428,32.99035,33.192028,28.155277,19251920
2008-05-02,33.079591,33.991052,32.83091,33.782852,28.657151,26933033
2008-05-05,33.937361,34.093012,33.812149,33.918333,28.774203,23634864
2008-05-06,34.09001,34.344271,33.94628,34.305254,29.103161,23901598
2008-05-07,34.444148,34.485446,34.055088,34.199326,29.01401,39390423
2008-05-08,34.105664,34.332126,33.039403,33.403178,28.339273,30270993
2008-05-09,33.7313,33.93056,33.353275,33.515735,28.435467,30139052
2008-05-12,33.780687,34.234838,33.662523,33.841055,28.713598,37225078
2008-05-13,33.683071,33.887734,32.263122,32.540557,27.610826,31339157
2008-05-14,32.505692,33.118413,32.299633,32.868078,27.889417,18097819
2008-05-15,33.426404,33.476115,32.637417,32.650715,27.705661,33436058
2008-05-16,32.691829,32.982218,32.561008,32.776975,27.813485,25563557
2008-05-19,32.630494,33.418453,32.279703,33.24403,28.211897,46208760
2008-05-20,33.37455,33.593339,32.73348,33.113247,28.101603,27130893
2008-05-21,33.130626,33.259487,32.48722,32.554008,27.627685,40053270
2008-05-22,32.655648,32.69221,32.45114,32.544796,27.620548,21993557
2008-05-23,32.529375,32.910644,32.435368,32.73625,27.783718,36368346
2008-05-27,32.776758,33.043303,32.435674,32.854507,27.886833,46037537
2008-05-28,32.875991,32.966208,32.582315,32.647226,27.711576,38675038
2008-05-29,32.691059,32.884002,32.386606,32.546156,27.626467,25395092
2008-05-30,32.678674,32.792854,32.546832,32.635057,27.702612,23889771
2008-06-02,32.561214,32.818821,32.272671,32.35937,27.470623,37512406
2008-06-03,32.490779,32.991121,32.256999,32.942725,27.966535,38884731
2008-06-04,33.271898,33.368444,33.074478,33.295871,28.267034,51002512
2008-06-05,33.28037,33.833632,33.052827,33.595527,28.522134,25550746
2008-06-06,33.66923,34.11316,33.63214,33.790564,28.688425,25161053
2008-06-09,33.724822,34.056907,33.550263,33.927001,28.806389,31619261
2008-06-10,34.073347,34.424732,34.043966,34.394081,29.203693,29931862
2008-06-11,34.51771,34.843541,33.833002,33.971696,28.845761,24956705
2008-06-12,34.037632,34.880539,33.998803,34.826203,29.57206,59927650
2008-06-13,34.756768,35.410167,34.338489,35.094298,29.800444,39635459
2008-06-16,35.314871,35.465054,34.900601,35.081493,29.791772,37269507
2008-06-17,34.989482,35.164713,34.860971,35.027989,29.747068,53107601
2008-06-18,35.113558,35.967814,34.870695,35.609013,30.241241,20799595
2008-06-19,35.760498,36.458819,35.741091,36.120304,30.676215,44630421
2008-06-20,36.245117,36.340373,35.975324,36.014746,30.587321,58422283
2008-06-23,35.836391,36.231339,35.407771,36.038452,30.609716,21586626
2008-06-24,35.999908,36.771283,35.931181,36.597523,31.085337,25636574
2008-06-25,36.704412,36.772355,35.326937,35.586614,30.227431,35700511
2008-06-26,35.614033,35.823051,35.114651,35.223954,29.920124,23089640
2008-06-27,35.274668,35.460221,35.14774,35.404174,30.073949,28048391
2008-06-30,35.349092,36.189189,35.120893,35.993342,30.576675,39213160
2008-07-01,36.054554,36.100698,35.76587,35.893885,30.492937,29594030
2008-07-02,35.880131,36.226309,35.296952,35.350104,30.031718,23901934
2008-07-03,35.431016,36.046127,35.378395,35.76049,30.381111,36392304
2008-07-07,35.756814,36.618403,35.594718,36.188804,30.748025,21547955
2008-07-08,36.378889,36.590216,35.442993,35.524905,30.184683,15089076
2008-07-09,35.120178,36.322186,34.503726,35.912112,30.514436,23895806
2008-07-10,35.982431,36.243956,35.200829,35.615981,30.26356,29527880
2008-07-11,35.133088,35.933528,35.108009,35.885273,30.493133,31851961
2008-07-14,36.238119,36.59963,36.10079,36.303633,30.850911,20971672
2008-07-15,36.257002,36.447193,36.085893,36.109161,30.686405,19413538
2008-07-16,36.104343,36.385046,35.193518,35.498188,30.167928,28126272
2008-07-17,35.827149,35.90292,35.504208,35.719331,30.356614,40487387
2008-07-18,35.840951,36.194408,35.562135,36.066534,30.652445,47007984
2008-07-21,36.102755,36.241274,35.779064,35.832631,30.455905,40765159
2008-07-22,35.705044,35.773381,35.518414,35.62926,30.283796,21507521
2008-07-23,35.627929,36.158399,35.517647,35.683601,30.330732,25698652
2008-07-24,35.756643,35.983819,35.257034,35.440423,30.124775,34732594
2008-07-25,35.433476,35.910285,34.416877,34.570157,29.385763,33363002
2008-07-28,34.626928,35.150819,34.370303,34.511617,29.338171,13743604
2008-07-29,34.661838,34.855484,34.584569,34.650765,29.457185,27660164
2008-07-30,34.578932,35.474482,34.472053,35.098263,29.838346,36117137
2008-07-31,35.003372,35.293011,34.836816,35.195972,29.92215,27562474
2008-08-01,35.167501,35.460941,34.209246,34.652084,29.460485,29658602
2008-08-04,34.45704,34.606152,33.907296,34.054111,28.954241,22695173
2008-08-05,34.430597,34.459356,34.118713,34.1382,29.026451,27280250
2008-08-06,34.356755,34.452228,34.289523,34.385569,29.237501,24303314
2008-08-07,34.388149,34.893538,34.004572,34.054361,28.956594,22350186
2008-08-08,34.022416,34.061129,32.996262,33.163531,28.199812,24589688
2008-08-11,33.410275,33.524865,33.093328,33.135169,28.177778,32870977
2008-08-12,32.927903,33.547067,32.771065,33.530185,28.514397,18979445
2008-08-13,33.353563,33.379825,32.462541,32.629948,27.749511,29921469
2008-08-14,32.717804,32.994128,32.390252,32.663226,27.778495,45132955
2008-08-15,32.621026,33.47215,32.589084,33.131328,28.177288,32185444
2008-08-18,33.078174,33.711277,32.956903,33.682746,28.648372,31701591
2008-08-19,33.687793,33.98033,33.574956,33.883064,28.819459,35167241
2008-08-20,33.833985,34.067085,33.416454,33.44956,28.451441,29245741
2008-08-21,33.11351,33.842056,33.050706,33.756128,28.712908,40724776
2008-08-22,34.059505,34.176383,33.205406,33.560826,28.547487,25838342
2008-08-25,33.48971,34.329243,33.390893,34.218394,29.108979,22492609
2008-08-26,34.052414,34.300493,33.660732,33.682506,28.653815,29431833
2008-08-27,33.167801,34.017293,32.992811,33.715767,28.682817,32598664
2008-08-28,33.95035,34.241124,33.909912,34.100893,29.011168,33966335
2008-08-29,34.423839,34.601897,33.743969,33.881964,28.825626,33792430
2008-09-02,33.986115,34.10124,32.810826,33.140428,28.197531,33159693
2008-09-03,33.467638,33.789927,31.697152,31.996657,27.225024,23776854
2008-09-04,31.70747,32.647833,31.481295,32.363207,27.53759,51567422
2008-09-05,32.710512,34.083125,32.451062,33.354478,28.381753,20125836
2008-09-08,33.061165,33.281911,32.540999,33.09714,28.164863,32878682
2008-09-09,32.809995,34.515699,32.237664,34.254296,29.150293,51418782
2008-09-10,34.40775,34.748445,34.025408,34.080287,29.002927,22630618
2008-09-11,34.114363,34.3478,34.076495,34.168045,29.078327,32069714
2008-09-12,33.935532,34.192287,33.384914,33.819223,28.782175,29100668
2008-09-15,33.718865,34.069374,32.629804,33.159752,28.223012,30112496
2008-09-16,33.131155,34.121993,32.912944,33.814485,28.780979,28882319
2008-09-17,33.488821,33.607523,33.438781,33.565937,28.570134,34113221
2008-09-18,33.399443,34.258482,33.367721,34.054551,28.986738,23129455
2008-09-19,34.489646,34.578061,34.205016,34.273752,29.174038,37778252
2008-09-22,34.225242,35.223131,34.104149,35.20187,29.966273,41998553
2008-09-23,35.101668,35.42718,34.684592,34.890508,29.701952,23421102
2008-09-24,34.853144,34.86916,33.966447,34.142944,29.066274,29002083
2008-09-25,34.103585,34.167939,33.485508,33.830661,28.801133,29722305
2008-09-26,33.922758,34.174778,33.395209,33.436897,28.466611,27990530
2008-09-29,33.600965,34.018417,33.558672,33.930992,28.889396,29631973
2008-09-30,33.998313,34.341337,33.702066,33.749197,28.735321,32738964
2008-10-01,33.460729,33.81725,33.320913,33.790374,28.771089,19166513
2008-10-02,34.142774,34.422341,33.309989,33.866049,28.836234,35103777
2008-10-03,33.902441,34.000619,32.967627,33.190313,28.261555,37886778
2008-10-06,33.156312,34.005813,33.010364,33.923562,28.888052,40830611
2008-10-07,33.789269,34.100303,33.722847,33.862456,28.836727,26686174
2008-10-08,33.592661,33.809211,33.029795,33.237369,28.305111,15577348
2008-10-09,33.542766,33.626532,31.689308,31.730938,27.022892,47570260
2008-10-10,31.50885,31.712614,31.353024,31.664074,26.966613,24955350
2008-10-13,31.607361,32.549096,31.404289,32.299526,27.509827,29998032
2008-10-14,31.707212,32.843745,31.597612,32.69146,27.844328,26619115
2008-10-15,32.548582,34.16093,32.502815,33.97539,28.938604,14995833
2008-10-16,34.244717,34.446802,34.194597,34.403798,29.304224,33847697
2008-10-17,34.415852,35.02825,34.211898,34.765993,29.613461,36493139
2008-10-20,34.724608,34.950383,34.474528,34.607806,29.480897,34843938
2008-10-21,35.048946,35.359466,34.028265,34.068805,29.022461,39680233
2008-10-22,33.884934,33.924325,33.002201,33.079058,28.180012,30640004
2008-10-23,33.252506,33.280162,32.362996,32.62189,27.791235,34061195
2008-10-24,32.671861,33.122386,32.36403,33.104079,28.202717,32174182
2008-10-27,32.891433,33.643826,32.72852,33.405697,28.461782,109011477
2008-10-28,33.679476,33.940587,33.239245,33.339695,28.406247,18291126
2008-10-29,33.313036,33.986682,33.275875,33.89827,28.882879,28748888
2008-10-30,33.825566,33.846376,33.675709,33.749881,28.757153,27313182
2008-10-31,33.406168,34.550382,33.226379,34.33754,29.258599,24057521
2008-11-03,34.353921,34.394413,33.299491,33.56799,28.604989,22271218
2008-11-04,33.669772,34.673136,33.388109,34.510572,29.408936,17668511
2008-11-05,34.287486,35.091771,34.080291,35.016757,29.841028,20046736
2008-11-06,34.763634,35.873065,34.719087,35.488068,30.243421,23237893
2008-11-07,35.619425,36.141903,35.297335,35.345529,30.122689,49926206
2008-11-10,35.393907,35.798485,35.291227,35.31213,30.09645,15650697
2008-11-11,35.049915,35.361503,35.025843,35.322177,30.105755,30256858
2008-11-12,35.277008,35.419084,34.65441,34.954215,29.792868,53400853
2008-11-13,34.771456,35.517139,34.36281,35.493604,30.253356,26783066
2008-11-14,35.242307,36.124889,35.013422,35.941041,30.635489,26932509
2008-11-17,36.249795,36.491994,35.000069,35.151223,29.964477,39904185
2008-11-18,35.164599,35.332606,34.579858,34.927144,29.774196,36524626
2008-11-19,34.993437,35.257055,34.431826,34.518396,29.426477,26609003
2008-11-20,34.563121,34.682255,34.110696,34.189905,29.147161,17273763
2008-11-21,34.428258,35.052854,34.188848,34.974262,29.816567,21755230
2008-11-24,34.784178,35.967758,34.6022,35.509288,30.274929,30402513
2008-11-25,35.411134,35.609133,35.276204,35.45179,30.226652,29836166
2008-11-26,35.408479,35.42978,34.95169,35.18772,30.002242,25507637
2008-11-28,35.337892,36.383313,35.259405,36.194538,30.86221,24765944
2008-12-01,35.894277,36.73715,35.741585,36.677383,31.276232,27414151
2008-12-02,36.324909,36.788798,36.218393,36.772346,31.357983,23266237
2008-12-03,36.849836,37.037559,36.717858,36.733616,31.325728,27825250
2008-12-04,36.939923,37.782117,36.829381,37.611129,32.074845,31175622
2008-12-05,37.552972,38.313517,37.417514,38.092553,32.486205,37537526
2008-12-08,38.21176,38.475934,37.610425,37.914838,32.337036,32460182
2008-12-09,38.015504,38.290524,37.726057,37.912905,32.336184,27361535
2008-12-10,38.040052,38.232332,37.779368,38.157225,32.545368,19521291
2008-12-11,38.428131,38.491259,37.419058,37.552952,32.030755,31908241
2008-12-12,37.306652,37.842163,37.245213,37.719712,32.173786,29449680
2008-12-15,37.647953,38.537365,37.452343,38.463258,32.810433,11240689
2008-12-16,38.280759,38.818262,37.967698,38.534445,32.871969,22493308
2008-12-17,38.468256,38.562861,38.199214,38.385451,32.745675,41112636
2008-12-18,38.454267,38.94328,38.362305,38.913376,33.196853,32149759
2008-12-19,38.951593,39.475653,38.652961,39.361619,33.580075,38354077
2008-12-22,39.351649,39.679615,38.994571,39.438391,33.648058,33920384
2008-12-23,39.868267,40.30434,39.572032,39.828051,33.981346,26585114
2008-12-24,40.191251,40.32436,39.781268,39.818474,33.974011,22825887
2008-12-26,39.811296,40.220092,39.601343,39.924139,34.065846,49249871
2008-12-29,40.07175,40.249912,39.88621,40.023792,34.153401,30505233
2008-12-30,40.021165,40.118412,39.39118,39.581709,33.776991,22210069
2008-12-31,39.840368,40.040707,39.513726,39.558778,33.758255,30021848
2009-01-02,39.574036,40.285493,39.396396,39.867335,34.023245,38059504
2009-01-05,39.593307,40.213033,39.445067,40.171243,34.285138,41160441
2009-01-06,40.108871,40.570003,39.885425,40.154363,34.271576,31745312
2009-01-07,39.893911,40.546743,39.589195,40.194878,34.307001,27939970
2009-01-08,40.091202,40.725128,39.920121,40.554659,34.614932,30712808
2009-01-09,40.211094,41.472602,40.082308,41.161341,35.133624,34871329
2009-01-12,41.064426,41.623612,40.876086,40.910682,34.922253,27967142
2009-01-13,40.712628,41.717695,40.683094,41.554166,35.472419,20639640
2009-01-14,41.656629,42.317879,41.44571,42.078639,35.921017,18525944
2009-01-15,41.924622,42.377307,41.714508,42.330641,36.137033,21751229
2009-01-16,42.372529,42.579539,42.207425,42.374884,36.175694,42614986
2009-01-20,42.246305,43.237134,42.046262,42.996396,36.709901,18409963
2009-01-21,43.083351,43.740092,42.408859,43.470468,37.115573,27209689
2009-01-22,43.248468,43.920867,43.200262,43.722177,37.331405,19463478
2009-01-23,43.830915,44.80724,43.681525,44.697015,38.164693,26858041
2009-01-26,44.603515,44.794796,44.400975,44.465004,37.969396,18351584
2009-01-27,44.074746,45.200076,43.78742,44.928717,38.366314,29346183
2009-01-28,44.699783,45.458399,44.468108,45.280703,38.667841,18062417
2009-01-29,45.389414,45.643092,44.976667,45.004368,38.432809,15112877
2009-01-30,44.965206,45.5885,44.709926,45.287631,38.675663,21567304
2009-02-02,45.628403,45.753752,45.269823,45.509005,38.867589,29197291
2009-02-03,45.40639,46.287871,45.312878,45.59159,38.939082,30803168
2009-02-04,45.668117,46.320234,45.537633,45.788203,39.10797,38938641
2009-02-05,45.799864,47.217676,45.690877,47.146955,40.26948,36183912
2009-02-06,46.877747,47.536083,46.647068,47.23822,40.348426,24551517
2009-02-09,47.245499,47.717423,46.695836,47.669942,40.72019,23069910
2009-02-10,47.470208,49.396025,47.270328,49.365579,42.169661,30158364
2009-02-11,49.530488,50.421378,49.084308,50.316547,42.983068,31420595
2009-02-12,49.921148,50.028386,49.172463,49.783991,42.529179,32944825
2009-02-13,49.769342,49.921756,48.920293,49.225828,42.053391,37745835
2009-02-17,49.021293,49.467176,48.606261,49.422742,42.225774,19457329
2009-02-18,49.826614,50.310326,49.160083,49.642889,42.414909,32466085
2009-02-19,49.157928,51.082503,48.923582,50.67875,43.301016,70658606
2009-02-20,51.127567,51.314933,50.187552,50.483915,43.135607,40562059
2009-02-23,50.46643,51.233785,50.140398,50.8667,43.465888,31664395
2009-02-24,51.128063,51.973543,49.614159,50.018928,42.742515,26179843
2009-02-25,50.264482,50.31864,49.459734,49.92447,42.66285,19700384
2009-02-26,49.734609,50.339475,49.473077,49.963691,42.697418,21849593
2009-02-27,49.761379,51.16835,49.415057,50.673516,43.305079,32346208
2009-03-02,50.758943,52.111479,50.436306,51.941959,44.39236,23829894
2009-03-03,51.696314,51.870575,51.05846,51.240214,43.79369,31125352
2009-03-04,51.115553,51.21605,49.796258,50.050433,42.777869,40100097
2009-03-05,50.33507,50.626527,49.152821,49.265102,42.107688,25115283
2009-03-06,49.548389,51.088131,49.244761,50.395768,43.075148,26447529
2009-03-09,50.725215,50.92242,48.918346,49.295904,42.138168,41637091
2009-03-10,49.437178,49.842036,49.034909,49.814165,42.582227,23396348
2009-03-11,49.656069,50.996278,49.054626,50.627283,43.278364,28261106
2009-03-12,50.41968,50.490533,49.834279,50.09465,42.824102,39217492
2009-03-13,50.202983,50.423399,49.796356,49.878483,42.64036,27825841
2009-03-16,49.598255,50.453433,49.405627,50.296987,43.00131,24106349
2009-03-17,50.077735,50.729113,49.593163,49.717907,42.507275,20634144
2009-03-18,49.90683,50.431568,49.171791,49.485744,42.309825,25888267
2009-03-19,49.72738,49.903292,48.209207,48.362501,41.350482,32942962
2009-03-20,48.304181,48.356447,47.713377,47.914792,40.968695,21186484
2009-03-23,47.35558,49.698152,47.259622,49.664288,42.467711,35836639
2009-03-24,49.479062,49.718384,49.282407,49.633403,42.442347,18639713
2009-03-25,49.231235,51.514919,49.211193,51.216736,43.79736,33005020
2009-03-26,51.043493,51.364727,50.97893,51.334448,43.899102,18887283
2009-03-27,51.275317,51.344868,50.903125,51.154693,43.746461,26200055
2009-03-30,51.49702,52.103778,50.960734,51.112381,43.713508,20015521
2009-03-31,50.994417,51.77626,50.870611,51.422395,43.979729,31910856
2009-04-01,51.255687,51.4024,49.652883,49.710956,42.517044,34432608
2009-04-02,49.543293,50.142357,47.462096,47.828804,40.908275,35321830
2009-04-03,47.856308,48.344306,47.470348,47.868758,40.943456,36037065
2009-04-06,47.810913,48.128294,47.650407,47.989575,41.049829,43085592
2009-04-07,48.10588,48.27977,47.528445,48.038568,41.09275,16887279
2009-04-08,48.092513,48.43912,46.730866,47.487078,40.622,22796650
2009-04-09,47.936318,48.21397,47.459282,47.707614,40.811659,31231009
2009-04-13,47.388837,47.953417,46.565546,46.749574,39.996042,21233511
2009-04-14,46.609284,47.162763,46.426209,46.9527,40.170814,28387053
2009-04-15,46.695153,46.762204,45.283222,46.041296,39.392025,29935005
2009-04-16,45.916067,47.0687,45.671304,46.9866,40.201799,37775475
2009-04-17,46.983919,47.107772,46.206755,46.386077,39.688968,42771249
2009-04-20,46.504553,46.834927,46.173681,46.221298,39.550904,30838593
2009-04-21,45.840521,46.059694,45.488433,45.614728,39.032832,38423683
2009-04-22,45.600425,46.674641,45.274224,46.458422,39.755766,31466145
2009-04-23,46.649339,47.192475,46.439537,46.929906,40.160218,15304010
2009-04-24,47.07276,47.755189,46.896077,47.271713,40.453715,29313294
2009-04-27,47.359144,47.468918,47.033485,47.265455,40.45135,39975424
2009-04-28,47.48838,47.5302,47.278241,47.364912,40.537467,29189641
2009-04-29,47.472404,47.74655,45.647693,46.138995,39.489234,33348250
2009-04-30,46.02802,47.639331,45.808287,47.378299,40.550923,23971524
2009-05-01,47.405259,47.796104,47.162278,47.319673,40.501743,32927675
2009-05-04,47.294218,48.107122,46.323537,46.450724,39.760934,19415110
2009-05-05,46.554139,46.904997,44.858979,45.141058,38.640837,30588899
2009-05-06,44.988181,46.934353,44.440637,46.6343,39.920039,24228407
2009-05-07,47.062427,47.140499,44.78516,45.288458,38.768922,34378220
2009-05-08,45.401337,46.882226,45.16682,46.516402,39.821078,39802655
2009-05-11,46.619398,47.274378,46.573271,46.654514,39.942263,42957883
2009-05-12,46.590523,46.816448,46.105679,46.193011,39.548131,22078009
2009-05-13,46.500951,47.229802,46.187533,46.840576,40.103532,25609338
2009-05-14,46.409685,47.100296,44.976782,45.371243,38.84649,41315943
2009-05-15,45.656486,45.873067,44.81895,44.855958,38.406253,21503666
2009-05-18,45.709877,46.0867,45.396779,45.886634,39.291636,28105574
2009-05-19,45.899959,46.463858,44.960211,45.517042,38.976123,31736846
2009-05-20,45.692301,46.118211,45.358818,45.848545,39.260955,37499524
2009-05-21,45.59394,46.131094,45.513824,45.551302,39.007382,26496707
2009-05-22,45.324474,45.658465,43.283791,44.067242,37.737453,17543519
2009-05-26,44.306563,45.427085,44.260858,44.848209,38.410028,19138741
2009-05-27,44.739245,44.957181,42.996484,43.038476,36.860999,33004276
2009-05-28,42.890491,43.188249,42.86702,42.917608,36.758385,18377296
2009-05-29,42.624176,43.270024,42.202659,42.939443,36.777993,30442766
2009-06-01,42.881476,43.102484,41.458988,42.228882,36.172065,24150804
2009-06-02,41.826633,42.269239,41.528767,42.119647,36.079387,22997702
2009-06-03,42.551657,43.375595,40.418151,40.658736,34.828839,31899464
2009-06-04,41.174369,41.361785,40.595927,40.72938,34.890214,24934825
2009-06-05,40.540673,41.585761,40.186641,40.720693,34.883632,37478550
2009-06-08,41.074402,41.315053,40.001361,40.060776,34.320846,19716295
2009-06-09,40.259236,41.232809,40.144409,40.990416,35.118152,25427300
2009-06-10,41.175043,42.209463,41.039639,41.672902,35.703745,20360054
2009-06-11,41.252599,43.434115,41.158333,42.974729,36.820008,33797635
2009-06-12,42.671826,44.984073,42.435274,44.528169,38.151909,32776088
2009-06-15,44.0095,44.493485,43.758374,44.252441,37.918467,52742519
2009-06-16,44.505805,44.964259,43.232509,43.774058,37.509481,34109425
2009-06-17,43.852128,44.11697,42.45732,43.160976,36.985049,27156349
2009-06-18,43.078625,43.100115,42.613911,42.655251,36.552589,25295713
2009-06-19,42.97007,43.004414,41.674418,41.694726,35.730366,33053309
2009-06-22,41.659343,42.590661,41.591493,42.388296,36.327408,21453828
2009-06-23,41.986946,42.374881,41.833352,42.341789,36.288444,17491750
2009-06-24,42.242797,42.82614,42.134886,42.801382,36.683236,43918339
2009-06-25,42.694951,43.275914,42.535636,43.195211,37.021683,38935371
2009-06-26,43.142456,43.71634,42.996045,43.285344,37.099848,31916368
2009-06-29,43.508985,43.597731,43.07434,43.481797,37.270983,34326930
2009-06-30,43.742806,44.110185,42.805825,43.311878,37.12625,26109424
2009-07-01,43.31625,43.673656,42.489859,42.961097,36.826473,23491691
2009-07-02,42.769137,42.85675,42.578004,42.822491,36.708564,20636760
2009-07-06,42.671436,43.285664,42.621913,42.696919,36.604528,14933181
2009-07-07,42.530057,43.28786,42.410947,42.966913,36.836904,36391346
2009-07-08,43.169992,43.391122,43.022122,43.208047,37.044549,38866677
2009-07-09,43.251621,43.373041,42.565454,43.101461,36.954077,36773189
2009-07-10,43.190659,43.507637,42.231961,42.5506,36.482683,16532039
2009-07-13,42.441164,42.763768,41.544788,41.645587,35.709369,40481170
2009-07-14,41.591199,42.177892,41.555105,42.136406,36.131116,24742529
2009-07-15,41.975912,42.175044,41.630684,41.666857,35.729367,32653956
2009-07-16,41.636324,41.735408,41.296914,41.569768,35.646992,29999180
2009-07-17,41.853196,42.183588,41.682084,41.75414,35.805977,24430420
2009-07-20,42.005121,42.129715,41.07963,41.204703,35.337423,31227091
2009-07-21,41.098494,41.192247,40.837435,41.088442,35.238585,37549182
2009-07-22,40.977027,41.120689,40.888193,40.929866,35.103451,36083429
2009-07-23,40.743385,41.611001,40.595759,41.257157,35.385024,18303478
2009-07-24,41.355587,41.824423,41.153764,41.77619,35.831065,36167064
2009-07-27,41.445266,42.329799,41.299881,41.978496,36.007243,23928717
2009-07-28,41.721347,42.889753,41.237205,42.580344,36.524381,29712882
2009-07-29,42.659935,42.743613,42.450427,42.496194,36.453097,46553493
2009-07-30,42.82235,42.996231,41.987715,42.005666,36.033212,20993305
2009-07-31,42.331509,42.408639,41.454897,41.511458,35.610148,27698853
2009-08-03,41.640818,42.078986,41.547816,41.971074,36.007087,21359003
2009-08-04,41.995129,42.429238,41.676444,41.740789,35.810407,32958785
2009-08-05,41.702112,42.350157,41.614273,42.028813,36.058399,23800010
2009-08-06,41.78008,42.09414,41.73412,41.93947,35.982634,21097980
2009-08-07,42.01852,42.29411,41.123837,41.398121,35.51905,20409718
2009-08-10,41.341021,41.548035,40.770838,41.174604,35.329886,50070245
2009-08-11,41.220575,41.8028,40.978447,41.751288,35.825593,32757661
2009-08-12,41.405032,41.839463,41.075631,41.598563,35.695424,21391461
2009-08-13,41.805541,41.884011,41.107737,41.264355,35.409515,33219018
2009-08-14,41.159725,41.80751,41.085941,41.735454,35.814654,25411497
2009-08-17,41.954249,42.102569,41.501911,41.708147,35.793867,23885817
2009-08-18,41.834059,42.129317,41.716398,42.089733,36.122234,23114347
2009-08-19,42.428342,42.520001,41.087406,41.54128,35.652419,19287812
2009-08-20,41.432532,41.985086,41.25603,41.709884,35.798004,38839551
2009-08-21,42.074804,42.480977,42.005894,42.330843,36.331844,35038418
2009-08-24,41.870504,41.949976,41.337838,41.589398,35.698113,31701969
2009-08-25,41.526411,42.589197,41.423018,42.462996,36.448862,34303400
2009-08-26,42.558914,43.216269,42.422561,42.826322,36.761635,29374674
2009-08-27,42.577231,43.524626,42.344838,43.455037,37.302236,30912766
2009-08-28,43.248444,43.752719,43.131951,43.710561,37.522504,32550547
2009-08-31,43.869424,43.954657,43.485146,43.646535,37.470312,26648150
2009-09-01,43.585642,44.341094,43.353557,44.118425,37.876361,53804954
2009-09-02,43.879735,44.145181,43.857063,43.954466,37.736529,25406721
2009-09-03,44.361389,44.462418,44.074313,44.233507,37.977032,22790683
2009-09-04,44.20674,44.319218,44.065645,44.229925,37.974892,32630754
2009-09-08,44.254288,44.314942,43.81204,44.225732,37.975035,30335629
2009-09-09,44.284813,44.999189,43.940839,44.691977,38.376328,16469306
2009-09-10,44.238854,45.118733,44.102418,44.872348,38.532159,22561117
2009-09-11,44.847698,45.452619,44.741078,45.178502,38.796012,23623148
2009-09-14,44.948348,45.128678,44.512035,44.572286,38.278267,25091866
2009-09-15,44.572779,44.823916,43.999636,44.098998,37.872745,27674264
2009-09-16,43.993764,44.463538,43.29301,43.421476,37.2918,19852330
2009-09-17,43.334372,43.736048,43.232171,43.578727,37.427775,34167479
2009-09-18,43.827293,44.305083,43.669333,43.747133,37.573337,29282835
2009-09-21,44.051109,44.237612,44.010761,44.058945,37.843942,19064126
2009-09-22,44.010245,44.615738,43.77899,44.32185,38.070699,22643217
2009-09-23,44.349025,44.765777,43.82111,44.196413,37.963889,42042144
2009-09-24,44.125669,44.477095,43.771907,43.828657,37.648921,28885113
2009-09-25,43.812312,44.229277,43.765142,44.176499,37.948654,26510826
2009-09-28,44.053077,44.427363,44.002718,44.187555,37.960956,40003126
2009-09-29,44.179305,45.247459,43.857376,45.129317,38.770968,19159839
2009-09-30,45.041303,45.665847,44.961773,45.643609,39.213767,19839613
2009-10-01,45.323067,45.417959,44.663719,45.016272,38.675755,28636201
2009-10-02,45.354386,45.926824,45.313033,45.791634,39.342878,62687116
2009-10-05,46.04645,46.785556,45.833362,46.202938,39.699193,20356637
2009-10-06,45.992106,46.611348,45.930295,46.152749,39.657046,28693742
2009-10-07,46.337702,46.544127,45.891853,45.959909,39.49232,22414466
2009-10-08,45.908072,46.241267,45.742391,46.088268,39.603592,20076500
2009-10-09,46.029988,46.527692,45.97055,46.141564,39.650367,30505168
2009-10-12,46.200504,46.260786,45.695703,46.032265,39.559368,27778449
2009-10-13,46.115377,46.269333,45.360157,45.493174,39.097045,18029506
2009-10-14,45.909633,46.243922,44.904693,45.143619,38.797592,33170107
2009-10-15,45.199209,46.247235,44.952318,46.063208,39.588886,17991006
2009-10-16,46.294131,46.528611,46.088751,46.481153,39.949072,30361472
2009-10-19,46.235195,47.818465,46.086546,47.740365,41.034358,40280944
2009-10-20,47.919243,50.09613,47.863121,49.751167,42.76376,19343456
2009-10-21,48.961809,49.812289,48.230135,49.10259,42.207314,46146911
2009-10-22,48.859155,49.012999,47.728313,48.169464,41.406242,23407619
2009-10-23,48.141191,49.006586,47.828284,48.647133,41.817875,33845858
2009-10-26,48.586739,48.624029,47.955856,48.519286,41.711059,25676708
2009-10-27,48.89744,49.076101,47.052372,47.388395,40.739859,55285050
2009-10-28,47.633874,48.716676,47.172932,48.446749,41.650753,24347082
2009-10-29,48.550252,49.3118,48.368536,49.181026,42.283069,40289281
2009-10-30,49.193364,49.303836,48.563164,49.00118,42.129486,33698226
2009-11-02,48.656003,49.277601,48.44741,49.004272,42.135259,34152565
2009-11-03,49.068012,49.605306,48.835479,49.292671,42.384277,26901358
2009-11-04,49.261755,50.281054,48.553238,49.152358,42.26467,29566763
2009-11-05,49.223797,49.531134,48.892931,49.165649,42.27714,9803168
2009-11-06,49.290782,49.792339,49.241936,49.647884,42.692862,24011831
2009-11-09,50.137934,50.550065,47.980451,48.835752,41.997604,35674680
2009-11-10,48.721591,49.850783,48.276559,49.65447,42.702734,16469265
2009-11-11,49.606207,49.852552,48.95991,49.811832,42.839121,28459795
2009-11-12,49.812811,49.947683,49.063366,49.52475,42.593274,31242998
2009-11-13,49.424301,49.508566,48.533811,48.608045,41.805902,25075432
2009-11-16,48.557637,50.076251,48.515004,49.936319,42.951473,27855125
2009-11-17,49.777938,49.999077,48.844496,48.949075,42.103358,31944031
2009-11-18,49.043324,49.506332,48.753732,48.910864,42.071528,25477179
2009-11-19,48.756689,49.004162,48.416991,48.709724,41.899546,17642934
2009-11-20,48.652058,49.192529,48.149363,48.257965,41.511971,29009242
2009-11-23,48.570813,49.255623,48.14807,48.174958,41.44363,26096730
2009-11-24,48.175991,48.386015,47.353473,47.413746,40.789786,23783250
2009-11-25,47.091331,47.692117,46.997907,47.648171,40.99247,27637890
2009-11-27,47.664474,48.355836,47.360086,47.959563,41.262399,20036736
2009-11-30,48.197842,48.484978,47.863752,47.917414,41.229183,41588297
2009-12-01,47.80648,48.032996,47.270813,47.92802,41.239325,23560850
2009-12-02,47.802126,48.394512,47.459813,47.627968,40.982157,50222100
2009-12-03,47.674982,48.055725,47.558001,47.702997,41.047728,43929474
2009-12-04,47.794057,47.839165,46.387777,46.826042,40.294115,42589562
2009-12-07,46.619401,46.67571,46.318953,46.57511,40.081149,22812592
2009-12-08,46.33323,46.786706,45.735966,46.711396,40.199422,16680256
2009-12-09,46.537433,47.609456,46.364575,47.127124,40.558194,30462931
2009-12-10,47.120789,47.419775,46.725375,47.39869,40.792912,35152944
2009-12-11,47.405349,47.946341,47.255378,47.896203,41.222105,29775391
2009-12-14,47.998391,48.202472,47.870754,48.086856,41.38925,20499517
2009-12-15,48.350076,48.872967,48.211974,48.235181,41.51794,35600709
2009-12-16,47.971703,48.06564,47.298856,47.515333,40.899346,17381454
2009-12-17,47.399038,48.274457,47.237657,47.95741,41.280886,19915137
2009-12-18,47.851546,48.565125,47.576664,48.348996,41.618981,40784612
2009-12-21,48.366005,48.394415,47.842747,47.935231,41.265861,25790577
2009-12-22,47.998703,48.221041,47.465346,47.835837,41.181311,39878177
2009-12-23,47.87719,48.361537,47.128745,47.553281,40.93907,35415590
2009-12-24,47.458635,47.944794,47.317053,47.830846,41.179043,16922713
2009-12-28,48.313401,48.508561,46.563342,46.648269,40.164885,41802396
2009-12-29,46.933198,47.362291,46.789603,47.244057,40.678871,21508927
2009-12-30,46.942927,47.505656,46.782889,47.387866,40.803701,18250378
2009-12-31,47.377397,47.803557,47.110282,47.224731,40.664234,26905710
2010-01-04,46.852715,47.382424,46.788326,47.19364,40.641467,13169086
2010-01-05,47.078226,48.382277,46.992097,48.237328,41.541278,28491907
2010-01-06,48.308769,48.568232,48.103112,48.45056,41.725938,29217895
2010-01-07,48.450327,48.789173,48.062787,48.153861,41.471441,29741195
2010-01-08,48.154485,48.210003,47.56081,47.713672,41.09335,25235564
2010-01-11,48.07842,48.154028,47.265632,47.527407,40.935956,34815292
2010-01-12,47.621573,47.785231,47.207699,47.332644,40.769209,19101976
2010-01-13,47.407545,48.344276,47.221582,48.081396,41.415155,55495860
2010-01-14,48.081057,49.62721,47.904137,49.32993,42.491633,38787340
2010-01-15,49.309963,49.610599,49.190923,49.268178,42.439487,26930632
2010-01-19,48.97684,50.320893,48.921301,50.227937,43.270486,21410769
2010-01-20,50.459546,51.94736,49.91206,51.501129,44.368411,16950402
2010-01-21,51.626477,51.786366,51.259715,51.677891,44.521789,37409716
2010-01-22,51.913261,53.112715,51.498246,52.948995,45.618001,24735477
2010-01-25,53.098355,53.809355,52.927224,53.6316,46.209512,17650969
2010-01-26,53.566757,54.890666,53.129747,54.611033,47.054561,24847275
2010-01-27,54.610434,55.289955,54.417453,55.038585,47.424121,32960233
2010-01-28,54.996771,55.303127,54.008821,54.170063,46.676908,35696318
2010-01-29,53.996176,54.044593,53.565672,53.642602,46.223547,26179400
2010-02-01,53.666241,53.778938,53.504666,53.682014,46.260928,20735275
2010-02-02,53.576437,55.239576,53.54674,55.081818,47.468391,18444715
2010-02-03,55.319728,57.107547,55.147171,56.783859,48.936381,30631294
2010-02-04,57.141398,57.817257,56.046211,56.763321,48.919886,27470503
2010-02-05,56.637135,57.501528,56.45424,57.259747,49.348933,31592638
2010-02-08,57.133905,58.264196,56.817325,57.781235,49.802056,17066242
2010-02-09,57.642291,57.887764,57.150309,57.804235,49.823107,25211219
2010-02-10,57.505884,58.763694,57.218353,58.686776,50.585041,27192689
2010-02-11,58.353456,59.109082,57.722387,57.819579,49.838789,26882370
2010-02-12,57.919501,59.003375,57.151512,58.609282,50.520735,37753449
2010-02-16,58.89329,59.291088,58.681238,58.75816,50.654059,22871110
2010-02-17,59.149849,59.359261,58.605471,58.688902,50.595599,27423059
2010-02-18,58.717839,59.847858,58.677894,59.550532,51.339674,21457704
2010-02-19,59.647532,59.739889,59.274183,59.337274,51.157081,22484629
2010-02-22,59.687928,60.247837,56.955633,57.61675,49.677419,17765233
2010-02-23,58.087511,58.132744,56.666893,56.943741,49.098358,15723115
2010-02-24,56.987911,57.545609,56.046471,56.182827,48.443472,46662874
2010-02-25,55.988566,57.21137,55.591756,56.362789,48.599841,10758286
2010-02-26,56.153707,56.980312,56.036398,56.862043,49.03154,45409704
2010-03-01,57.055914,57.236924,56.590785,56.849654,49.024481,28667724
2010-03-02,56.754613,57.088676,56.303561,56.996342,49.152189,27262369
2010-03-03,56.972606,57.263142,56.598473,57.124129,49.263603,37024425
2010-03-04,56.757584,58.170934,56.669045,57.557826,49.638844,29404990
2010-03-05,57.342438,57.853516,57.034191,57.770907,49.823837,27248839
2010-03-08,57.728056,57.849094,57.313051,57.391053,49.499895,14415100
2010-03-09,57.301753,57.440184,56.487409,56.567434,48.790725,46994547
2010-03-10,56.471842,56.995769,56.387846,56.901967,49.080477,21665141
2010-03-11,56.779469,57.068829,56.143847,56.819993,49.010977,19863540
2010-03-12,56.60738,56.767028,55.531204,56.009175,48.312784,29181582
2010-03-15,56.079746,56.279071,55.945091,56.043871,48.346287,26254684
2010-03-16,56.275299,57.049101,56.029544,56.187992,48.471807,18395903
2010-03-17,56.598945,56.681396,56.12293,56.2879,48.559192,17174652
2010-03-18,56.308978,56.642972,55.133578,55.173752,47.599196,45269391
2010-03-19,55.247059,55.426729,54.227781,54.885296,47.351507,15648237
2010-03-22,54.859937,55.162861,54.810605,55.137743,47.572819,30619168
2010-03-23,55.023602,55.708939,54.262546,54.617873,47.125437,26938388
2010-03-24,54.185877,55.583274,53.90823,55.506757,47.893565,27947947
2010-03-25,55.339312,56.070303,55.263485,55.643882,48.013065,32282336
2010-03-26,55.458732,55.949739,55.224746,55.347816,47.758777,22801199
2010-03-29,55.244428,55.381102,53.836065,54.062728,46.653343,33899690
2010-03-30,53.788757,53.90217,53.298021,53.45319,46.12848,24010630
2010-03-31,53.5174,53.778819,53.27079,53.614786,46.269072,37745141
2010-04-01,53.661355,53.842329,53.616782,53.708802,46.35135,38718057
2010-04-05,53.580532,54.11755,52.328487,52.410002,45.234928,40314093
2010-04-06,52.475616,53.170857,51.522699,52.124392,44.989527,19866888
2010-04-07,52.113108,52.195841,50.936378,51.212697,44.203715,35231642
2010-04-08,51.166459,51.465511,50.743141,51.224754,44.215212,28779774
2010-04-09,51.290449,51.611927,50.715315,51.378871,44.349332,14811523
2010-04-12,51.635951,52.102856,51.573987,52.072283,44.951196,14640337
2010-04-13,52.388487,52.544828,52.314158,52.492769,45.315295,31662581
2010-04-14,52.127869,52.911674,52.090943,52.757866,45.545268,30141700
2010-04-15,52.732903,53.774466,52.694494,53.604668,46.277442,28074415
2010-04-16,53.470897,53.812565,52.249091,52.640061,45.445807,22172074
2010-04-19,52.818085,53.115238,51.729336,51.873035,44.78692,30771161
2010-04-20,51.72263,51.90087,51.017381,51.109762,44.129001,38291544
2010-04-21,50.852144,51.350884,50.022751,50.337157,43.462992,24327638
2010-04-22,50.323661,50.889663,49.716078,49.964588,43.142366,26327474
2010-04-23,49.824436,50.518421,49.798779,50.458307,43.569745,30753234
2010-04-26,50.362138,50.646427,49.692524,49.999099,43.17642,29477098
2010-04-27,50.024385,50.416597,48.79392,49.321845,42.592631,16396391
2010-04-28,49.381343,49.476934,48.789743,48.903389,42.232307,43710359
2010-04-29,49.450255,49.804463,48.351729,48.445676,41.838064,19081030
2010-04-30,48.473941,48.879862,48.445352,48.797502,42.142942,19322804
2010-05-03,48.724697,50.065807,48.704455,49.95615,43.146774,17863359
2010-05-04,49.701728,51.549985,49.165868,51.081016,44.119399,22533955
2010-05-05,50.958372,51.544523,50.936361,51.362744,44.363824,23041085
2010-05-06,51.193782,51.573743,49.890347,50.298333,43.445525,38083757
2010-05-07,50.284938,50.680948,50.236777,50.553467,43.666975,26674355
2010-05-10,50.602434,51.783229,50.341337,51.496192,44.484569,46512128
2010-05-11,51.486066,52.505819,51.308762,52.118157,45.022958,31623690
2010-05-12,52.002081,52.144811,51.570614,51.646364,44.616493,23322756
2010-05-13,51.333826,52.509603,51.096607,52.273138,45.159066,30450259
2010-05-14,52.080437,52.981867,52.018516,52.823473,45.635627,18889024
2010-05-17,53.010701,53.149873,52.261741,52.290783,45.178761,47435461
2010-05-18,52.455459,52.624681,51.632231,51.72733,44.693045,50722171
2010-05-19,51.663025,52.824327,51.589043,52.485716,45.349417,39364910
2010-05-20,52.340407,52.999236,52.005291,52.575994,45.428539,43537555
2010-05-21,52.771379,53.289139,52.633658,53.162874,45.936768,23139487
2010-05-24,53.187795,53.609364,53.094651,53.435209,46.175499,31401338
2010-05-25,53.690429,53.822699,52.554532,52.92737,45.737783,33967859
2010-05-26,52.874963,53.371774,52.600943,53.194531,45.969785,20643578
2010-05-27,53.649668,54.468116,53.610246,54.42563,47.034839,22373326
2010-05-28,53.963489,54.404042,53.644314,53.99066,46.660086,21167573
2010-06-01,53.743262,54.673325,53.140827,54.412831,47.029571,28611746
2010-06-02,54.385612,55.306573,54.246585,54.762331,47.332814,32208492
2010-06-03,54.900477,54.948086,53.720815,53.827332,46.525812,39664520
2010-06-04,54.046734,55.182931,53.807989,54.994608,47.535921,23610113
2010-06-07,55.042889,55.213377,55.020644,55.06796,47.602844,26088450
2010-06-08,55.182896,55.243778,54.516368,54.827102,47.395804,24847989
2010-06-09,55.113398,56.229806,54.65341,55.726898,48.174828,27765710
2010-06-10,55.935322,56.239449,55.278505,55.414714,47.906132,17912521
2010-06-11,55.311603,55.865279,54.953679,55.129481,47.660722,26572818
2010-06-14,55.500892,55.541609,53.875771,54.493805,47.114648,37791252
2010-06-15,54.388098,54.532652,53.597317,54.051977,46.7338,27713653
2010-06-16,54.115781,54.27018,53.765694,54.100814,46.777178,45838031
2010-06-17,54.242068,54.479382,53.94252,54.442422,47.073702,23657959
2010-06-18,54.664606,54.929631,53.931302,54.352364,46.996991,32484747
2010-06-21,54.447603,54.823649,54.174799,54.697596,47.299,24707607
2010-06-22,54.747638,54.810538,54.221994,54.369364,47.016325,20426268
2010-06-23,54.512654,55.043243,54.478249,54.95601,47.524802,54418187
2010-06-24,55.68602,56.062409,55.092298,55.321306,47.841882,29467163
2010-06-25,55.294968,55.409743,54.322865,54.576542,47.198973,31324040
2010-06-28,54.403451,54.702964,53.372084,53.510836,46.280748,32003249
2010-06-29,53.26845,53.53385,52.284492,52.634252,45.523725,52035503
2010-06-30,52.32604,53.449166,52.209736,53.321055,46.118882,29563827
2010-07-01,53.7589,53.890536,52.704506,53.243353,46.05281,46319952
2010-07-02,53.38582,53.739732,52.872392,53.178103,45.997506,22546432
2010-07-06,53.146099,54.236524,53.025493,53.646399,46.407142,21772035
2010-07-07,53.413178,54.31954,53.103777,54.292886,46.967546,17638233
2010-07-08,54.320249,54.506496,53.306976,53.558111,46.333051,21390407
2010-07-09,53.603272,53.696904,53.102688,53.229854,46.05021,20493600
2010-07-12,53.245744,53.442251,52.663749,52.948996,45.810621,27269094
2010-07-13,52.816692,55.132308,52.241685,54.361036,47.033454,47933278
2010-07-14,54.366636,54.631085,53.963806,53.989416,46.713078,26965285
2010-07-15,54.06063,54.210218,53.801268,53.882303,46.62155,32510525
2010-07-16,53.968934,54.096392,53.050176,53.076448,45.925417,18456501
2010-07-19,53.187454,53.377683,52.658664,53.05061,45.906454,22385576
2010-07-20,52.961833,54.765,52.526671,54.316878,47.003356,24849511
2010-07-21,54.385421,55.687386,54.081324,55.355176,47.903032,30875589
2010-07-22,55.806964,56.234921,55.445271,55.756171,48.251232,27243125
2010-07-23,55.616129,55.718904,53.190823,53.928182,46.670445,43745369
2010-07-26,53.714386,54.695962,52.839132,53.328224,46.154642,27340322
2010-07-27,53.462146,53.976624,52.858086,53.9447,46.689342,35626001
2010-07-28,53.393228,54.174927,53.261701,53.949628,46.694757,26855624
2010-07-29,53.670384,54.631765,53.539836,54.372617,47.062025,36868851
2010-07-30,54.302239,54.35906,53.433813,53.806355,46.573047,23365250
2010-08-02,53.886694,54.173137,53.671834,53.898514,46.656265,17199349
2010-08-03,54.037043,55.620336,53.710792,54.953069,47.570293,15371891
2010-08-04,55.250794,55.940215,55.217716,55.696192,48.214769,31432566
2010-08-05,55.356468,55.394,54.247727,54.459579,47.145426,24971743
2010-08-06,54.896672,55.229099,53.603615,53.987125,46.737576,24032440
2010-08-09,53.679906,54.731274,53.628,54.230567,46.951799,16886685
2010-08-10,54.307722,54.963354,53.348699,54.239522,46.960708,19443024
2010-08-11,53.845846,54.058596,53.475764,53.920141,46.685339,21246575
2010-08-12,53.91291,54.081329,53.474977,53.635913,46.440391,27501717
2010-08-13,53.8629,54.296794,53.423514,53.577384,46.390858,37096972
2010-08-16,53.763656,53.933087,52.297685,52.645521,45.587358,30735932
2010-08-17,52.715184,53.187813,51.929189,52.106727,45.121912,16377583
2010-08-18,52.17973,52.285318,51.164093,51.534636,44.627608,23753923
2010-08-19,51.840453,51.865675,51.271826,51.708046,44.77888,25961636
2010-08-20,51.576276,51.815893,51.13631,51.169924,44.313961,23570165
2010-08-23,51.308647,51.587966,51.216503,51.431746,44.543996,21639797
2010-08-24,51.489422,51.79292,51.094237,51.183868,44.330407,28778595
2010-08-25,50.836192,51.658302,50.406644,51.616418,44.70614,29492214
2010-08-26,52.07836,52.187587,51.880362,52.061699,45.092919,24043959
2010-08-27,52.271009,53.508318,51.814588,53.056866,45.956009,23258216
2010-08-30,53.243112,54.021706,53.0695,53.978641,46.757875,30687524
2010-08-31,53.939804,55.186087,53.685359,55.083152,47.71581,24735210
2010-09-01,55.141372,56.343714,55.055414,55.907322,48.430941,35215332
2010-09-02,56.315623,56.579062,55.54658,55.993417,48.506718,27026836
2010-09-03,55.999933,56.984346,55.786246,56.628448,49.05805,32815529
2010-09-07,56.715286,56.875927,55.739696,55.910839,48.441149,43431720
2010-09-08,56.059233,57.046314,55.864282,56.536891,48.984767,53643200
2010-09-09,56.260031,56.967686,55.982063,56.632893,49.069155,37331760
2010-09-10,56.816696,57.202176,55.812143,56.460262,48.920785,20503324
2010-09-13,56.813215,57.261656,55.436718,55.629766,48.204754,32133447
2010-09-14,55.390756,55.6307,55.359207,55.550357,48.137129,21006096
2010-09-15,55.37878,56.254967,55.335657,55.500819,48.095388,31848122
2010-09-16,55.511724,55.812921,55.102776,55.214008,47.848024,27819241
2010-09-17,54.996513,55.873712,54.948712,55.684575,48.257003,28315905
2010-09-20,56.070032,56.181403,55.21993,55.482051,48.085048,35720114
2010-09-21,55.653371,56.015275,54.256614,54.554283,47.282137,17630000
2010-09-22,54.779437,55.172266,54.41302,54.665,47.379262,19010992
2010-09-23,54.473194,56.082168,54.082747,55.702784,48.279921,13573760
2010-09-24,55.753274,55.825394,54.866287,55.184248,47.831662,21804144
2010-09-27,55.438206,55.711624,54.202826,54.501864,47.24369,20029499
2010-09-28,54.349156,54.973312,54.286364,54.447316,47.197569,23899457
2010-09-29,54.466192,55.844231,53.820927,55.610671,48.207209,40687876
2010-09-30,55.615058,55.970336,54.897294,55.872783,48.43562,38215187
2010-10-01,56.218861,56.642857,55.989362,56.061027,48.600004,47509953
2010-10-04,55.654277,58.129628,55.524536,57.934715,50.228041,40559816
2010-10-05,57.669599,58.463127,57.165583,57.807043,50.118587,33274930
2010-10-06,57.334227,59.705166,57.128362,59.442102,51.537449,20560115
2010-10-07,59.46773,59.975876,58.601553,59.248782,51.371103,21550106
2010-10-08,59.143082,59.417072,57.041064,57.315719,49.696283,34464752
2010-10-11,57.368668,57.596537,56.67763,56.702574,49.168283,17205859
2010-10-12,56.646708,57.288381,54.430683,54.810477,47.528768,39575453
2010-10-13,54.299262,55.29638,53.788935,55.074994,47.75932,49528925
2010-10-14,55.039365,55.219485,53.073217,53.244567,46.173168,41854743
2010-10-15,53.333387,53.480107,52.566533,53.130792,46.075639,17252028
2010-10-18,52.773479,53.716426,52.639295,52.76922,45.765463,45298521
2010-10-19,52.479474,52.794074,50.797423,51.744338,44.877713,36512204
2010-10-20,51.618941,52.258389,51.399165,51.820138,44.944561,28047094
2010-10-21,51.619244,52.471435,51.133927,51.530691,44.69462,32580060
2010-10-22,51.652436,54.148979,51.58384,53.335836,46.261434,33050323
2010-10-25,53.402757,53.557411,51.813243,52.289951,45.357627,41180748
2010-10-26,52.510084,52.935956,52.01875,52.250613,45.324621,47207369
2010-10-27,52.362273,52.613074,52.006804,52.139893,45.229692,42296063
2010-10-28,51.979011,53.78851,51.779809,53.512877,46.421855,28497632
2010-10-29,53.092587,54.404503,52.663647,54.377608,47.173163,30097276
2010-11-01,54.022527,54.839656,53.769085,54.667329,47.428005,41872815
2010-11-02,54.394657,55.36107,54.229697,55.02742,47.741587,16702046
2010-11-03,54.928272,55.703782,54.618081,55.575089,48.21793,34247899
2010-11-04,55.711594,56.697556,55.595609,55.924722,48.522474,16899992
2010-11-05,55.949613,56.939391,55.720337,56.650925,49.153767,38664976
2010-11-08,56.359749,56.9658,56.31104,56.836253,49.318215,25938983
2010-11-09,56.503748,57.862713,56.417063,57.821505,50.174378,45780658
2010-11-10,58.022196,59.202089,57.415505,58.611257,50.860936,27226319
2010-11-11,58.994244,59.4109,58.678939,59.183117,51.358443,41070537
2010-11-12,58.979404,59.589044,58.756771,59.092203,51.280812,38065974
2010-11-15,59.426512,60.263539,59.237004,59.938131,52.018762,35636533
2010-11-16,59.852907,60.381602,59.624822,60.072966,52.137067,27929346
2010-11-17,60.050833,60.993477,59.725561,60.91148,52.866112,37734510
2010-11-18,61.194143,61.238534,59.804126,60.383743,52.409371,38063288
2010-11-19,60.097551,60.389935,59.698497,59.949461,52.033723,22713120
2010-11-22,59.80176,60.864637,59.352781,60.670445,52.663401,25198918
2010-11-23,60.836643,61.762822,60.790012,61.292315,53.204511,28833875
2010-11-24,61.247905,61.378674,59.155197,59.66513,51.793316,28979603
2010-11-26,59.790413,60.359956,59.648591,60.245998,52.300125,37133445
2010-11-29,60.618787,60.860783,57.204015,57.399591,49.832817,33632652
2010-11-30,57.758867,58.984411,57.360141,58.406267,50.708035,18363144
2010-12-01,58.362563,59.455605,58.139274,59.151662,51.356449,35606333
2010-12-02,58.899052,59.78092,58.410897,59.385144,51.560433,20780276
2010-12-03,59.102922,60.129438,58.955986,59.468992,51.634505,32634560
2010-12-06,59.023513,60.817903,58.994664,60.557461,52.583465,21956963
2010-12-07,60.534823,61.162827,59.677396,61.017034,52.983828,18344712
2010-12-08,60.503318,60.658137,59.73214,59.997491,52.099797,22193463
2010-12-09,59.651195,59.774378,59.475504,59.599244,51.755248,30295413
2010-12-10,59.603484,60.464661,59.186952,59.990026,52.095883,25347272
2010-12-13,60.142489,60.482858,60.047337,60.299321,52.368348,15047948
2010-12-14,60.150823,62.305746,59.843344,62.151247,53.978026,31478489
2010-12-15,62.339698,65.053884,61.792342,63.941424,55.534154,31309772
2010-12-16,63.918395,64.445317,63.837109,64.24982,55.803375,14161625
2010-12-17,64.19257,64.26109,62.590029,63.068106,54.778363,22617999
2010-12-20,62.531154,64.250169,62.44768,63.640907,55.27996,31894142
2010-12-21,63.669086,63.745349,62.637316,63.297458,54.982987,31787406
2010-12-22,62.572329,64.71776,62.350408,64.124847,55.703067,19087823
2010-12-23,64.071169,65.24473,63.288936,63.498728,55.160537,31547183
2010-12-27,64.03235,65.361795,63.875005,64.542168,56.072487,15577022
2010-12-28,64.364753,64.609143,64.078761,64.521438,56.055858,27728930
2010-12-29,64.545051,64.617991,62.420761,62.882622,54.633411,32704638
2010-12-30,63.134279,63.314506,61.344787,61.450858,53.390787,39818567
2010-12-31,62.149075,62.691265,62.097315,62.406894,54.222763,27534865
2011-01-03,62.762155,63.203899,60.853803,61.324576,53.28632,26576352
2011-01-04,60.637485,61.247129,58.237549,58.975328,51.246268,29349846
2011-01-05,58.376671,59.175251,56.282551,56.462466,49.063941,29001785
2011-01-06,56.640763,56.925214,55.569444,56.513962,49.109899,28312851
2011-01-07,56.356573,56.690116,55.119226,55.27241,48.032189,19054268
2011-01-10,54.957582,55.295451,53.934084,54.519965,47.381811,36238652
2011-01-11,54.644141,55.540631,54.521859,54.787725,47.615687,46702812
2011-01-12,54.94202,55.112744,54.895856,55.019876,47.818626,20741698
2011-01-13,54.921813,55.184252,53.558108,53.745093,46.711844,22301447
2011-01-14,53.528756,54.047178,52.70369,53.368655,46.385811,29176757
2011-01-18,53.220016,54.802127,52.717582,54.228896,47.138142,29197426
2011-01-19,54.277536,55.530238,53.590936,55.236274,48.014983,22247732
2011-01-20,55.34735,55.708701,54.681543,54.94636,47.764147,25641694
2011-01-21,55.198475,57.087451,55.138233,56.492259,49.109187,25182002
2011-01-24,56.528932,56.952478,55.315402,55.365324,48.133091,29225926
2011-01-25,55.552491,55.81885,55.231053,55.697286,48.422882,29637599
2011-01-26,55.770426,55.92898,55.221655,55.533457,48.281641,27851660
2011-01-27,55.67118,56.104524,54.987955,55.227358,48.016696,19101103
2011-01-28,55.418661,55.45298,54.140644,54.356497,47.260703,21848704
2011-01-31,54.234281,54.303734,53.919113,54.241795,47.164461,18609678
2011-02-01,53.953847,55.143563,53.732335,54.945143,47.777214,18975103
2011-02-02,54.697945,55.240661,54.625333,55.076537,47.892648,20177061
2011-02-03,55.250597,55.592053,53.936328,54.277304,47.198825,26704711
2011-02-04,54.131112,54.692561,54.015552,54.270047,47.193677,26061606
2011-02-07,54.389461,55.070399,54.176073,54.960592,47.797714,21678089
2011-02-08,55.232413,55.353926,54.344472,54.408494,47.318735,32542914
2011-02-09,54.454361,55.172482,54.047546,55.028721,47.859323,27874333
2011-02-10,55.42884,55.875501,55.256315,55.449505,48.226473,26833357
2011-02-11,55.293525,57.621003,54.994184,57.147938,49.704888,27115081
2011-02-14,57.997767,59.087232,57.890329,58.851852,51.190665,29109826
2011-02-15,58.624431,59.139778,57.827816,58.228232,50.649474,28055975
2011-02-16,58.193176,59.129507,58.165978,58.915711,51.248736,17789563
2011-02-17,59.217635,59.440986,59.08076,59.127734,51.434435,23050515
2011-02-18,58.759574,59.651729,58.645589,59.537295,51.791983,27944095
2011-02-22,59.608881,60.039071,59.385385,59.439202,51.711748,20277955
2011-02-23,59.129538,59.289751,58.863667,59.232916,51.53355,25439637
2011-02-24,58.896143,59.018977,58.176588,58.395463,50.806205,27323489
2011-02-25,58.955125,59.597852,58.719257,58.889471,51.237272,25297653
2011-02-28,59.1502,59.719829,59.088048,59.349012,51.640917,17206983
2011-03-01,59.351706,60.033961,59.22048,59.511214,51.783328,19731377
2011-03-02,59.266699,59.900032,58.905123,59.803299,52.038767,15666436
2011-03-03,59.148812,59.772977,58.675113,59.454205,51.736272,26494147
2011-03-04,59.47986,59.683637,58.459682,58.952969,51.301367,23581186
2011-03-07,59.163342,59.557113,58.568665,59.103674,51.436314,22555771
2011-03-08,58.980573,60.486882,58.742041,60.301569,52.480103,33498493
2011-03-09,60.659907,60.938036,59.505656,59.816847,52.059534,16976624
2011-03-10,60.004143,60.674587,59.764185,60.214375,52.4068,31806304
2011-03-11,60.185956,60.634242,60.057712,60.442493,52.606637,32483107
2011-03-14,60.450818,61.308821,60.404387,61.007052,53.10193,28076902
2011-03-15,60.431006,61.357537,60.342479,61.015862,53.110908,37111969
2011-03-16,61.001053,62.113864,60.621112,61.833815,53.824216,31124919
2011-03-17,61.949237,62.053185,60.683387,61.166111,53.244315,23439797
2011-03-18,61.317748,62.563968,60.919836,62.536802,54.438825,30171870
2011-03-21,62.480898,63.048441,61.290269,61.579195,53.609183,56832083
2011-03-22,61.365282,62.029678,60.96371,61.709798,53.724206,20840293
2011-03-23,61.304349,62.862858,61.0853,62.622229,54.519907,18784271
2011-03-24,62.134996,63.460699,61.894944,63.211558,55.034342,23169612
2011-03-25,63.355709,63.619302,62.582228,62.803842,54.680717,27483757
2011-03-28,62.859154,63.437857,61.772598,62.11518,54.085125,27005148
2011-03-29,61.756398,62.461317,61.433295,62.259839,54.212418,29854859
2011-03-30,62.424079,62.803645,61.402601,61.612602,53.650163,32604044
2011-03-31,61.661269,61.815964,60.018561,60.146192,52.374553,14495325
2011-04-01,60.07771,61.196505,59.927148,60.977892,53.100095,27394580
2011-04-04,60.955419,61.666831,59.805121,60.57727,52.75513,32170413
2011-04-05,60.639018,60.78353,59.329091,59.871444,52.141729,14756961
2011-04-06,60.068354,60.395842,59.813284,60.211573,52.439238,23096271
2011-04-07,59.953344,60.374464,58.93454,59.358449,51.697512,26923972
2011-04-08,59.0688,59.509276,58.317822,59.119546,51.490711,45208645
2011-04-11,59.336832,59.718784,58.370402,58.583658,51.027747,23033688
2011-04-12,58.756582,59.123953,57.675247,57.769402,50.319751,29310843
2011-04-13,57.042003,57.678825,56.86269,57.517016,50.101146,24171926
2011-04-14,57.667092,58.109188,57.231173,57.529862,50.11357,27455684
2011-04-15,57.677176,58.42358,57.245171,58.281386,50.769464,21412648
2011-04-18,57.916683,59.94678,57.832857,59.649811,51.965354,30073802
2011-04-19,59.850921,60.949121,59.617361,60.842003,53.005266,25397779
2011-04-20,60.70284,61.675229,60.066317,60.440795,52.657033,21266300
2011-04-21,60.376401,60.896442,59.936679,60.221563,52.467327,23273567
2011-04-25,60.281169,60.680027,59.923149,60.588808,52.792488,34290773
2011-04-26,60.635529,60.992403,59.998457,60.791301,52.97023,22694888
2011-04-27,60.853563,62.12359,60.714171,61.698098,53.761689,36448603
2011-04-28,61.283655,62.579137,61.026209,62.093315,54.107401,21542642
2011-04-29,62.049382,62.337367,61.916123,62.014505,54.040059,9740467
2011-05-02,61.87778,62.561596,61.675638,62.398951,54.379088,16120501
2011-05-03,62.611668,63.552224,62.24853,63.261038,55.131734,35367435
2011-05-04,63.135266,63.932063,62.813417,63.170885,55.054522,38830841
2011-05-05,63.053424,63.202074,62.744999,63.00291,54.909482,31690094
2011-05-06,62.604822,64.116076,62.093411,63.711748,55.52863,27707508
2011-05-09,63.585592,65.14139,63.241598,64.705244,56.398691,38751588
2011-05-10,64.369608,65.477129,64.150526,65.379585,56.987867,20641761
2011-05-11,65.391863,65.918836,65.280367,65.875271,57.421345,26695369
2011-05-12,65.906008,66.199904,64.836525,65.398644,57.00729,21625960
2011-05-13,65.87212,65.938978,65.378233,65.768738,57.331309,24249048
2011-05-16,65.364478,67.38523,65.019275,66.773732,58.211676,51849552
2011-05-17,66.671929,68.265163,66.490518,67.676932,59.000517,35615145
2011-05-18,67.84373,67.880951,67.323031,67.405954,58.765727,23330109
2011-05-19,67.618362,68.552664,67.479467,68.41509,59.64698,48877363
2011-05-20,69.068924,69.711203,67.293652,67.571729,58.913156,27566093
2011-05-23,67.637292,68.059246,67.066584,67.945211,59.24316,16477605
2011-05-24,68.417555,68.67214,66.647879,66.700471,58.159272,34389589
2011-05-25,66.896256,67.016548,65.87558,66.441938,57.935273,49183291
2011-05-26,66.955442,67.078156,64.598505,64.923693,56.612806,26317748
2011-05-27,65.00443,65.637621,63.594986,64.311187,56.080089,28475971
2011-05-31,64.157136,64.25491,63.852738,64.088535,55.891443,21154118
2011-06-01,64.558972,65.036583,63.173239,63.90942,55.73661,15308888
2011-06-02,64.215484,66.216739,64.08598,65.772005,57.362418,33771149
2011-06-03,65.523778,66.333529,64.769203,65.864438,57.444448,25886585
2011-06-06,66.207886,67.209789,65.998519,66.433955,57.945443,41406458
2011-06-07,66.593888,66.642643,65.14055,65.335425,56.98868,50201194
2011-06-08,65.40344,66.279265,65.317023,65.923006,57.502614,22492528
2011-06-09,65.902526,66.196627,65.671838,66.097856,57.65655,15745627
2011-06-10,66.281505,66.60695,65.429527,65.496314,57.133239,36518330
2011-06-13,65.232,65.63257,64.858152,64.900125,56.617361,24154433
2011-06-14,65.554682,66.092322,65.234252,65.901288,57.492169,35988387
2011-06-15,65.892857,66.035575,64.879486,64.930152,56.646348,38761744
2011-06-16,65.706077,65.902726,64.485355,64.758486,56.497974,23286659
2011-06-17,64.914896,65.546303,64.309365,65.476887,57.126145,43510440
2011-06-20,65.693221,67.206715,65.580585,66.211323,57.771183,46918502
2011-06-21,65.742415,67.035974,65.468385,66.922206,58.392887,21143270
2011-06-22,67.125288,67.260447,65.614301,65.918839,57.518818,40160511
2011-06-23,66.215129,67.23794,65.936074,67.176636,58.617779,20224147
2011-06-24,67.690442,69.455946,67.461147,69.149838,60.341065,48958983
2011-06-27,69.036423,69.965931,68.795917,69.829287,60.938465,37824746
2011-06-28,70.048378,71.363095,69.365482,71.00975,61.970156,23097972
2011-06-29,72.059704,72.149025,70.442758,70.494978,61.522432,26175766
2011-06-30,70.969544,71.722329,69.852658,69.987148,61.080743,19223272
2011-07-01,69.737272,70.279542,69.569487,69.779649,60.90115,49408462
2011-07-05,69.608342,70.164573,69.457933,69.581974,60.734612,25610125
2011-07-06,70.085369,70.259583,68.834814,69.171084,60.377455,20649123
2011-07-07,68.860078,69.539093,68.738747,69.261495,60.457861,23614382
2011-07-08,69.073694,69.472675,68.880496,69.419491,60.597268,17474993
2011-07-11,69.25767,70.307192,68.788806,69.922208,61.040609,21452070
2011-07-12,70.005237,71.213006,69.654475,70.599175,61.633106,17548924
2011-07-13,71.155211,71.893085,71.118971,71.76038,62.648382,29797228
2011-07-14,71.59932,72.214004,71.428634,71.764594,62.653604,27677511
2011-07-15,72.247236,72.762547,71.258023,71.766591,62.656892,40536062
2011-07-18,71.699216,71.961793,71.165041,71.645807,62.556063,33539270
2011-07-19,71.839153,72.463066,71.312328,72.398887,63.215157,25926803
2011-07-20,72.306282,74.479573,72.255539,73.899028,64.526597,23869455
2011-07-21,73.919119,75.649223,73.684976,75.266692,65.722423,33179518
2011-07-22,74.828765,74.977492,73.551043,73.931616,64.558234,37899770
2011-07-25,74.25623,75.977562,73.760113,75.637179,66.05244,45496137
2011-07-26,75.759084,77.211692,75.127488,76.669734,66.9558,44566927
2011-07-27,76.1116,77.124984,75.194967,75.576804,66.002969,19708152
2011-07-28,75.884103,75.989801,74.834983,75.009777,65.509385,16202796
2011-07-29,75.046864,75.407281,74.274536,74.738315,65.273914,20962175
2011-08-01,74.728259,75.213436,74.585338,74.938268,65.453384,17293670
2011-08-02,75.286885,76.189566,73.847602,74.069831,64.696458,18274741
2011-08-03,73.621123,73.82972,72.244955,72.402216,63.241434,32560740
2011-08-04,72.054349,72.272384,71.108763,71.718761,62.645999,20679645
2011-08-05,71.664118,74.068712,71.142464,73.697111,64.375664,29404502
2011-08-08,73.762032,74.027659,72.992173,73.068783,63.831527,32236367
2011-08-09,73.014058,74.583499,72.664254,74.516492,65.097823,29725021
2011-08-10,74.540564,75.350252,73.69981,73.787061,64.462178,18493261
2011-08-11,73.970976,74.930632,73.408867,74.569595,65.147425,22934598
2011-08-12,74.575729,75.450282,74.204359,75.015774,65.538842,23324013
2011-08-15,75.19564,77.764852,74.897024,77.266168,67.509928,42063336
2011-08-16,77.16527,77.415903,77.072019,77.163018,67.421464,44350818
2011-08-17,77.015233,77.623912,76.535573,76.729152,67.044024,18612670
2011-08-18,76.580114,77.056395,76.514786,77.013299,67.293963,29050373
2011-08-19,77.393597,77.442621,76.909957,77.274084,67.523499,27308754
2011-08-22,77.689742,78.106999,76.716199,77.387901,67.627954,25913019
2011-08-23,77.621774,78.325463,76.268964,76.798937,67.114922,25689055
2011-08-24,76.522112,78.766202,76.158379,78.347097,68.469553,25850487
2011-08-25,78.285179,78.92313,77.017287,77.372312,67.619329,19056659
2011-08-26,77.107891,79.687263,76.635953,78.647951,68.735864,43439152
2011-08-29,78.604834,81.486395,78.047766,81.11277,70.89528,37993460
2011-08-30,80.685392,83.458673,80.465543,82.880523,72.442141,26107308
2011-08-31,82.026122,82.261482,81.313021,81.934518,71.617045,18261397
2011-09-01,81.209459,81.784682,80.745156,81.456676,71.201129,36270662
2011-09-02,81.411135,82.872753,81.033571,82.305504,71.94486,23568498
2011-09-06,81.790955,81.906057,80.330794,80.526141,70.396422,24989923
2011-09-07,80.570727,81.188328,80.500483,80.65778,70.513239,27809716
2011-09-08,80.791231,82.435302,80.306799,81.736374,71.457936,39144199
2011-09-09,80.829724,81.412868,80.466914,81.136847,70.935548,30372326
2011-09-12,81.48044,81.942829,80.932901,81.810229,71.529554,24411261
2011-09-13,82.119083,82.303099,79.402802,79.786808,69.762124,12691109
2011-09-14,80.0186,80.589625,79.187374,80.400559,70.300494,29979143
2011-09-15,80.179596,80.465967,79.977361,80.423285,70.322099,20228509
2011-09-16,80.547795,81.657675,78.607178,78.699687,68.81668,37628987
2011-09-19,78.792873,79.107631,78.483384,78.705343,68.826713,30116532
2011-09-20,79.11514,79.183195,78.203381,78.647297,68.777648,25441291
2011-09-21,78.359702,78.51684,75.784417,76.816617,67.17836,48599615
2011-09-22,76.785149,77.019128,76.660206,76.915754,67.266715,18736910
2011-09-23,76.536227,77.539006,76.138424,77.255105,67.56516,34917531
2011-09-26,77.257509,77.423037,76.891539,77.041463,67.383296,42785421
2011-09-27,76.649545,76.750472,75.883913,75.941137,66.422547,27364649
2011-09-28,75.43572,75.622393,75.14494,75.577902,66.106469,25787386
2011-09-29,75.678669,75.869703,74.329281,74.943024,65.552769,23445840
2011-09-30,74.662537,75.642861,74.625169,75.13555,65.722791,19506435
2011-10-03,74.748704,75.827809,74.528599,74.720831,65.364859,24456226
2011-10-04,75.309097,76.146977,74.128975,74.392936,65.079624,32953901
2011-10-05,74.474404,74.546049,72.237914,72.641908,63.549375,23103938
2011-10-06,72.855636,74.214218,72.620143,74.087131,64.815297,26943821
2011-10-07,74.411739,75.154362,74.250165,75.02498,65.637394,38017914
2011-10-10,75.343366,75.465859,74.592362,74.622237,65.28987,32649588
2011-10-11,74.376331,74.713392,73.147158,73.668235,64.456766,24848827
2011-10-12,73.289449,73.448297,72.397099,72.975544,63.852262,27535933
2011-10-13,72.555631,72.885627,71.429877,72.151035,63.132388,31826528
2011-10-14,72.034376,72.132356,71.501339,71.60374,62.655047,31837208
2011-10-17,71.355059,71.726367,69.408374,70.244977,61.470639,20831935
2011-10-18,70.922071,71.034647,69.23071,69.505938,60.825413,14464098
2011-10-19,69.336992,70.321668,68.399147,69.854182,61.131671,38525078
2011-10-20,69.865806,70.896929,69.776096,70.624321,61.807168,26750319
2011-10-21,70.573222,71.718648,70.29107,71.120278,62.24274,20658077
2011-10-24,71.575234,71.641868,70.128968,70.260659,61.494968,18358463
2011-10-25,70.785513,70.978588,69.666477,70.041256,61.304449,27253490
2011-10-26,70.082056,70.609031,69.178085,69.770994,61.069403,40072372
2011-10-27,69.46425,69.916324,68.70338,69.343679,60.696877,38400668
2011-10-28,69.882024,69.943643,68.257613,68.534663,59.990219,20345422
2011-10-31,68.614408,69.115148,68.162016,68.8654,60.284178,22908338
2011-11-01,69.197172,69.39099,68.534549,68.971957,60.378945,26237957
2011-11-02,69.470175,69.968765,67.605525,67.793699,59.348945,18336441
2011-11-03,68.0214,68.995815,67.51213,68.35886,59.845181,28050210
2011-11-04,68.157104,69.337193,68.023999,69.130451,60.522167,37951990
2011-11-07,69.003434,69.037442,67.6386,67.806344,59.367329,29455919
2011-11-08,67.776849,67.990255,67.22068,67.265881,58.895582,18599148
2011-11-09,67.615374,68.087344,67.241271,67.42172,59.033484,55597562
2011-11-10,67.269976,67.525853,66.293364,66.377452,58.120569,42925389
2011-11-11,66.468569,66.877139,64.8909,65.411973,57.276601,12186496
2011-11-14,65.076168,66.000004,64.914742,65.501742,57.359445,23916368
2011-11-15,66.061195,66.638165,65.901574,66.01937,57.814153,21427464
2011-11-16,65.837704,66.107766,65.31232,65.503181,57.363532,28914470
2011-11-17,65.585393,65.83099,64.337799,64.599073,56.573166,41778557
2011-11-18,64.481336,65.959265,63.924854,65.685353,57.525901,31323640
2011-11-21,65.767626,67.438852,65.418788,67.04593,58.721808,46217853
2011-11-22,66.517272,67.694699,66.435909,67.582003,59.192783,21538549
2011-11-23,67.628371,68.378356,67.534573,68.172029,59.711038,30466447
2011-11-25,67.714455,68.226713,67.420441,68.120888,59.669185,21708158
2011-11-28,67.725217,68.039971,66.389085,66.594514,58.336499,20660821
2011-11-29,66.643832,68.128106,66.340395,67.447432,59.085108,29617123
2011-11-30,67.217453,69.594341,66.584597,69.111611,60.544448,26012937
2011-12-01,69.174097,69.306667,68.352467,68.624477,60.119181,21173737
2011-12-02,68.615284,69.460363,67.913525,69.313882,60.724638,20233611
2011-12-05,68.834578,70.841087,68.49397,69.672455,61.04329,51715799
2011-12-06,69.551271,70.146647,68.884893,69.324038,60.739522,24570059
2011-12-07,69.74757,69.87287,68.219552,68.654105,60.15403,40478290
2011-12-08,68.406272,68.739833,67.943445,68.445012,59.972303,21492073
2011-12-09,68.140912,68.578173,67.537959,67.751847,59.366406,25490035
2011-12-12,67.65178,67.872971,66.844217,67.419864,59.079879,47287388
2011-12-13,67.560017,68.039467,65.775107,66.759933,58.503024,18656743
2011-12-14,66.572298,67.651599,66.545342,67.046997,58.756032,19109329
2011-12-15,67.243852,67.44193,65.738366,66.432924,58.219329,17648657
2011-12-16,66.852698,67.486508,65.736317,65.980638,57.824387,24355336
2011-12-19,66.063901,66.741821,65.663805,66.484042,58.26987,40900842
2011-12-20,67.195671,67.575771,65.734986,66.231548,58.050002,24164979
2011-12-21,66.382465,67.772552,66.040758,67.509114,59.171209,20790468
2011-12-22,67.35858,68.203129,67.260469,68.147356,59.732096,33627354
2011-12-23,68.147337,68.677147,67.746831,68.260885,59.83308,37546280
2011-12-27,68.305232,68.622379,67.89032,68.000436,59.610662,48250347
2011-12-28,67.998189,68.216271,67.146646,67.211787,58.920767,33621454
2011-12-29,66.900809,67.558487,66.430493,67.517497,59.190224,25071504
2011-12-30,67.460158,68.352186,67.248496,68.189804,59.781084,39811287
2012-01-03,68.424466,68.635,67.19818,67.266949,58.977843,28190799
2012-01-04,67.493713,68.682682,67.199419,68.603712,60.151363,50938174
2012-01-05,68.286359,68.660538,68.106919,68.605489,60.154403,21761795
2012-01-06,68.817712,68.857784,67.463971,67.916624,59.551862,43233702
2012-01-09,67.563834,67.648141,66.978157,67.347108,59.056855,20447914
2012-01-10,67.476749,68.020405,67.229024,67.473558,59.169197,22701322
2012-01-11,67.84919,68.760993,67.17436,68.641633,60.194994,26916992
2012-01-12,68.201501,68.29526,68.114183,68.237897,59.842414,37705203
2012-01-13,68.103188,68.504364,67.577011,67.788132,59.449449,17656315
2012-01-17,67.615529,68.620918,67.570965,68.437166,60.024561,24649178
2012-01-18,68.004258,68.158641,67.53073,67.625309,59.313963,26748522
2012-01-19,68.154905,68.70849,67.778565,67.807581,59.475298,23889216
2012-01-20,67.637421,68.933915,66.707811,68.708019,60.266574,14317850
2012-01-23,68.91135,69.006147,67.460203,67.807947,59.481481,32779810
2012-01-24,67.557099,68.659158,67.079958,68.461288,60.056075,27164685
2012-01-25,68.287992,68.546321,67.803655,67.90251,59.567368,33551148
2012-01-26,67.940192,68.080539,67.02566,67.203344,58.955478,40352707
2012-01-27,67.741574,68.374647,67.524172,68.094695,59.738906,29905264
2012-01-30,68.275464,68.824967,68.155837,68.617185,60.201732,34065627
2012-01-31,68.559848,69.247422,68.266475,68.903639,60.454544,21143285
2012-02-01,68.898451,69.14027,67.205511,67.886012,59.563168,74183390
2012-02-02,67.681593,67.892581,67.129154,67.767965,59.461058,31350770
2012-02-03,68.124656,68.360429,67.643897,67.748873,59.445772,19655335
2012-02-06,67.662002,68.230202,66.993555,68.086751,59.746657,38175906
2012-02-07,67.464821,67.774888,66.252589,66.656526,58.493065,46702800
2012-02-08,66.621509,67.208139,65.868352,66.453665,58.316485,45540098
2012-02-09,66.27236,68.555275,66.244081,68.232773,59.879218,39820481
2012-02-10,68.385346,68.588582,67.060045,67.460671,59.203102,26137427
2012-02-13,67.526058,67.786854,66.311468,66.521549,58.383249,26730443
2012-02-14,66.460743,67.932632,66.183769,67.772937,59.483007,48468926
2012-02-15,67.562252,67.760133,67.421013,67.725582,59.442909,19966439
2012-02-16,68.34857,68.536452,67.785644,67.906313,59.603005,30168076
2012-02-17,67.985515,68.337655,67.796512,68.205917,59.867451,23493992
2012-02-21,68.044071,68.581644,67.492465,67.567107,59.312584,25369061
2012-02-22,67.660622,67.890244,65.813425,66.314452,58.214397,45648672
2012-02-23,66.294882,67.217762,66.083803,67.162692,58.960481,32056317
2012-02-24,66.840315,68.055421,66.582379,67.956894,59.659161,40856761
2012-02-27,67.565708,68.299184,67.201687,67.804016,59.529351,29980058
2012-02-28,67.970083,68.295309,66.393537,66.732299,58.589868,28717761
2012-02-29,66.991079,67.457545,66.658233,67.247771,59.043898,30227258
2012-03-01,67.096828,67.621558,66.552011,67.247187,59.044841,17298122
2012-03-02,66.961448,67.451088,66.826459,67.348095,59.134897,29931810
2012-03-05,67.542593,68.159706,66.512739,66.846718,58.699003,24040721
2012-03-06,66.501044,66.823619,65.633151,66.02653,57.980214,21516214
2012-03-07,66.03419,66.454575,64.319775,64.699663,56.816445,54366856
2012-03-08,64.810275,65.566505,64.264912,65.241873,57.294002,20090822
2012-03-09,65.148862,65.451922,64.350395,64.518569,56.660208,42755046
2012-03-12,64.704806,66.388225,64.263893,66.027002,57.989201,25031672
2012-03-13,66.11904,67.567941,65.889826,67.517713,59.299901,34136432
2012-03-14,67.206038,68.424466,67.043129,68.316619,60.003048,24745490
2012-03-15,68.227679,69.806608,68.022084,69.105375,60.697314,22068448
2012-03-16,69.029894,69.19586,68.681728,68.940127,60.553665,20846005
2012-03-19,68.379229,69.161203,67.367859,68.782759,60.419906,20596684
2012-03-20,69.542353,69.887859,69.497405,69.558375,61.102725,20814851
2012-03-21,69.82678,70.405111,68.766396,69.197558,60.787267,56549303
2012-03-22,69.196144,70.79932,69.001627,70.179643,61.651509,16789725
2012-03-23,70.013992,71.455754,68.930394,71.379882,62.707442,35332034
2012-03-26,71.889577,72.132584,70.413135,71.04376,62.416772,28923768
2012-03-27,71.182718,71.38663,71.014601,71.243134,62.593477,34219082
2012-03-28,70.920616,73.464984,70.332919,73.090741,64.218348,37560032
2012-03-29,73.24275,73.336758,72.348957,73.251806,64.361448,46312682
2012-03-30,73.225852,74.74952,72.889168,74.048075,65.062679,33252586
2012-04-02,74.091532,74.85469,73.405639,73.786951,64.838034,23817195
2012-04-03,73.450309,74.949948,72.637069,74.880009,65.800146,9010763
2012-04-04,74.878249,75.00681,73.732964,74.335968,65.323685,22985902
2012-04-05,74.497651,76.252845,74.215676,75.067195,65.967885,30813258
2012-04-09,75.112166,75.530996,74.523457,75.226849,66.114703,34289147
2012-04-10,75.705292,76.045076,73.928077,74.07582,65.104701,35841993
2012-04-11,74.471232,74.810154,74.045745,74.468957,65.451839,44468577
2012-04-12,73.840901,75.822946,73.122878,75.286883,66.172357,28588767
2012-04-13,75.097992,76.491376,75.043765,75.802099,66.62684,24132334
2012-04-16,75.818987,76.673089,75.28518,75.937088,66.750424,20039474
2012-04-17,76.179764,77.674556,76.057892,77.319481,67.967253,32149595
2012-04-18,76.636842,77.185924,75.499915,75.833588,66.66273,20613620
2012-04-19,76.218289,76.365312,75.988069,76.297956,67.072593,74182672
2012-04-20,76.23332,76.82864,75.354487,75.609997,66.469455,35337609
2012-04-23,75.898969,76.209762,75.204712,75.348245,66.244243,27639624
2012-04-24,75.615542,75.896803,74.880869,74.963869,65.907934,23655545
2012-04-25,75.350843,75.467147,74.05389,74.644294,65.628582,30792434
2012-04-26,74.945937,76.125792,74.892378,75.890504,66.725916,29789344
2012-04-27,75.218573,76.53354,74.963711,76.05173,66.869319,29352814
2012-04-30,76.244687,76.553899,75.122505,75.518162,66.405082,47454696
2012-05-01,75.468103,76.252884,75.324031,75.788006,66.644005,24215799
2012-05-02,76.104243,76.527572,75.339551,75.476915,66.372084,21281936
2012-05-03,75.854112,76.234448,74.099361,74.694165,65.685376,18214098
2012-05-04,74.641267,76.650014,74.430887,76.169464,66.984391,26903323
2012-05-07,76.622845,77.914876,75.933452,77.123116,67.828058,38373409
2012-05-08,77.06946,78.547551,76.629836,78.196177,68.773486,32420212
2012-05-09,78.393871,78.593669,78.134632,78.229611,68.804586,27356427
2012-05-10,78.407303,79.361491,76.762576,77.482732,68.14937,27439158
2012-05-11,77.150526,77.744046,76.874761,77.340409,68.025867,19120313
2012-05-14,77.345257,77.959768,76.594372,76.898513,67.642191,19687179
2012-05-15,76.322105,77.8131,76.085423,77.220572,67.927158,17338884
2012-05-16,76.877101,77.522524,76.344201,77.310243,68.007713,27423895
2012-05-17,77.161369,78.144849,76.476314,78.071835,68.679357,31232942
2012-05-18,77.716435,80.220331,77.156084,79.52053,69.955489,35114935
2012-05-21,80.022543,80.699636,79.526337,80.414674,70.747312,65986529
2012-05-22,80.822084,81.503258,80.455054,80.920061,71.193696,24021381
2012-05-23,80.030823,81.192679,79.612409,80.554868,70.874144,19423620
2012-05-24,80.729285,81.02173,80.324412,80.891783,71.172324,30730014
2012-05-25,81.46242,82.078785,80.745493,80.966543,71.239857,25253831
2012-05-29,80.545084,82.116401,80.447847,81.226597,71.475715,57719888
2012-05-30,81.293487,81.644135,81.073672,81.402606,71.632359,22504747
2012-05-31,81.329293,83.486177,80.944239,83.039087,73.074224,31099766
2012-06-01,82.712059,84.791345,82.25973,84.383104,74.258787,51554883
2012-06-04,84.305451,85.138406,84.11139,84.792113,74.624238,24508466
2012-06-05,84.724094,85.295868,84.494888,84.900401,74.721382,34610543
2012-06-06,85.032475,85.580805,82.697628,83.235617,73.258,43037149
2012-06-07,83.344328,85.20028,82.716413,85.117096,74.915788,27484402
2012-06-08,85.043356,85.758139,84.740936,85.430529,75.193509,20132708
2012-06-11,85.139174,85.968679,84.632349,85.697074,75.433691,28258556
2012-06-12,85.902826,86.679358,83.68083,84.584405,74.456113,28282367
2012-06-13,84.488539,84.722008,84.084422,84.210569,74.128868,26607077
2012-06-14,84.508453,85.162562,81.951553,82.646468,72.753814,18969325
2012-06-15,82.676576,82.964624,81.925024,82.050155,72.230658,26290517
2012-06-18,82.116976,82.283902,80.02724,80.612449,70.970259,30009827
2012-06-19,81.267182,81.478798,80.919,81.051901,71.358905,13664311
2012-06-20,80.815137,80.947062,79.631798,80.301869,70.700311,35657738
2012-06-21,79.572433,81.574606,79.509685,81.426979,71.692661,40997635
2012-06-22,81.320065,82.567843,81.069016,82.085892,72.274584,26755098
2012-06-25,82.345424,82.778045,81.102642,81.337562,71.620992,22194814
2012-06-26,81.032534,82.82175,80.133266,82.450905,72.603124,38593600
2012-06-27,81.573108,84.623645,81.354394,84.003117,73.971765,35401114
2012-06-28,83.598903,83.746649,82.29475,82.643196,72.776035,24671544
2012-06-29,83.560094,84.090443,82.66744,83.919405,73.901692,29557826
2012-07-02,84.315219,86.891842,83.95842,86.280491,75.986545,17856246
2012-07-03,86.145616,87.815422,85.148325,86.727054,76.381711,31113932
2012-07-05,86.388753,88.646586,86.350049,88.565861,78.005019,31264681
2012-07-06,87.913707,90.181192,86.938125,90.051383,79.315357,47522163
2012-07-09,91.103575,92.505713,88.876413,89.568124,78.895544,29821292
2012-07-10,89.168773,91.056027,89.050514,90.644712,79.845818,19770476
2012-07-11,91.244902,92.605333,90.66176,90.868421,80.044847,17126961
2012-07-12,90.612251,92.881652,90.397991,91.312183,80.437734,39682764
2012-07-13,90.936332,91.427837,88.574122,88.680571,78.121448,28578490
2012-07-16,90.066911,90.170582,86.133479,87.42226,77.018656,41585016
2012-07-17,88.193107,89.317435,86.591021,87.059691,76.701124,31701346
2012-07-18,86.645549,87.583985,86.274764,86.343194,76.071752,18618410
2012-07-19,86.339799,87.67345,86.167416,86.743198,76.426055,27081704
2012-07-20,86.505151,87.166158,85.299144,85.882095,75.669235,39088574
2012-07-23,85.767863,86.092685,83.584645,84.202167,74.194564,23966721
2012-07-24,84.296231,85.942921,83.142041,84.48749,74.44781,51181718
2012-07-25,85.104924,85.457143,80.522967,82.250761,72.478658,21434601
2012-07-26,81.87984,82.256303,81.509746,81.577768,71.887394,24792093
2012-07-27,82.095056,83.452872,81.579383,83.309735,73.415435,25972962
2012-07-30,83.105952,83.84486,82.784816,83.477041,73.568309,28011794
2012-07-31,83.668327,84.634227,82.437943,83.4846,73.576783,22218522
2012-08-01,83.239692,85.799262,82.239227,85.575939,75.421785,24062830
2012-08-02,85.742442,87.773794,84.512408,86.79853,76.501192,21055668
2012-08-03,86.937205,87.02926,85.489077,85.60663,75.452552,27027031
2012-08-06,85.547979,86.415437,85.255739,85.903387,75.719707,17657695
2012-08-07,86.390017,86.555244,84.204923,85.13305,75.042541,24339094
2012-08-08,85.357467,88.451932,84.63468,87.20178,76.867966,16251897
2012-08-09,86.406488,87.452255,84.753074,85.087337,75.005943,22560784
2012-08-10,85.242419,86.159609,84.369829,86.021124,75.83096,24028338
2012-08-13,85.797526,86.061078,80.155893,80.248781,70.747645,19462974
2012-08-14,79.545389,81.74088,78.76316,81.302421,71.678304,23721190
2012-08-15,81.202275,81.3894,79.021755,79.679708,70.24941,26347312
2012-08-16,79.047928,80.25601,78.882476,79.737686,70.302259,25527255
2012-08-17,80.194207,82.947511,80.148609,82.255811,72.524199,30042988
2012-08-20,81.355856,83.323131,80.059696,82.259785,72.533064,29599843
2012-08-21,81.913104,82.055726,80.515935,81.000673,71.424594,20930269
2012-08-22,80.641252,81.434099,79.35252,81.137027,71.546591,19559691
2012-08-23,81.467627,81.996494,81.35469,81.876392,72.200342,25476533
2012-08-24,82.353265,83.251711,81.395441,81.875462,72.201301,44671811
2012-08-27,81.939368,82.487624,80.763394,80.880738,71.329383,21530853
2012-08-28,80.93588,81.411247,79.789871,79.934603,70.496716,30829729
2012-08-29,79.509648,79.883306,78.82496,79.2746,69.916363,22621426
2012-08-30,79.419156,81.440585,79.225229,80.716865,71.190124,24129108
2012-08-31,80.067554,81.198541,79.844772,81.11369,71.541876,27738141
2012-09-04,81.10549,81.365024,78.601381,79.039839,69.719621,30721617
2012-09-05,78.801051,79.558472,77.825134,78.814692,69.522736,25145179
2012-09-06,78.415025,78.635094,77.566591,78.010553,68.815098,29040749
2012-09-07,78.127667,79.508095,77.576866,78.936777,69.63386,34917061
2012-09-10,78.269545,79.573209,77.474443,79.301558,69.960821,18664477
2012-09-11,79.190493,80.550797,78.770062,80.478618,71.000988,50801943
2012-09-12,80.770753,81.985022,80.410837,81.258697,71.690967,33620059
2012-09-13,81.661262,81.78391,80.928711,81.46214,71.872226,30639850
2012-09-14,82.097789,82.332604,81.614015,82.210716,72.534466,42862745
2012-09-17,82.915466,83.52524,80.844314,81.081546,71.543489,32023000
2012-09-18,81.442355,81.594277,79.67175,80.342504,70.893131,24646401
2012-09-19,80.609987,81.554584,77.960683,78.531671,69.296983,46889202
2012-09-20,78.860338,79.293559,75.960474,76.330024,67.355892,40447967
2012-09-21,75.97967,78.469302,75.790057,77.923489,68.763708,33551491
2012-09-24,78.09672,78.769968,77.613546,78.508722,69.285269,26169777
2012-09-25,78.833312,79.917423,78.320089,78.742589,69.493373,19804579
2012-09-26,79.038549,79.239815,76.874098,77.621703,68.505836,26236319
2012-09-27,77.677924,78.824619,77.179869,78.526464,69.306049,29197512
2012-09-28,79.250568,79.613565,78.604846,78.922959,69.657705,49788122
2012-10-01,78.941065,80.205605,78.12113,79.978318,70.594388,24880361
2012-10-02,80.196146,81.454609,79.800611,81.09867,71.585051,31153843
2012-10-03,80.678135,81.125289,80.315572,81.070071,71.561571,28990502
2012-10-04,81.221969,82.203091,80.675946,81.130136,71.616356,38011193
2012-10-05,81.029856,81.630566,79.936944,80.959849,71.467799,50620708
2012-10-08,80.454645,82.320521,80.279251,82.064077,72.447917,21962602
2012-10-09,81.457152,82.481453,80.774749,82.308438,72.665435,26144413
2012-10-10,82.214619,82.743885,81.741044,81.791262,72.210629,33107359
2012-10-11,81.764197,82.846725,81.207502,81.837984,72.253659,15775312
2012-10-12,81.882308,82.802062,81.160119,81.929473,72.336216,40601989
2012-10-15,81.518136,82.156529,81.447434,81.785178,72.214155,22215726
2012-10-16,81.714724,82.856983,79.610352,80.544506,71.120426,32364866
2012-10-17,80.563428,80.770578,79.803618,80.103808,70.733035,17151043
2012-10-18,80.425932,81.244838,78.527824,79.526011,70.22456,22549622
2012-10-19,79.511434,79.852703,77.839572,78.264158,69.111998,25614956
2012-10-22,78.4645,80.919767,77.215427,79.74099,70.421336,32390824
2012-10-23,79.187202,81.043834,79.089641,80.992616,71.528442,19930083
2012-10-24,80.465749,83.882391,79.21362,83.048066,73.345515,22143354
2012-10-25,82.13596,83.46428,81.937842,83.025989,73.327824,32058771
2012-10-26,82.489414,83.350114,81.914271,83.006111,73.312074,28956221
2012-10-29,82.93331,82.976391,82.354606,82.528363,72.895509,21704296
2012-10-30,82.536813,84.354034,82.378403,84.295221,74.457971,33235661
2012-10-31,84.211524,84.953006,83.590068,83.943314,74.148959,16762613
2012-11-01,84.2083,84.601213,82.979552,83.024456,73.339119,26078314
2012-11-02,83.695262,83.741089,82.165076,82.37841,72.770232,27916102
2012-11-05,82.599016,82.63919,81.132258,81.656774,72.138095,50022558
2012-11-06,80.874672,82.250212,80.285051,81.971617,72.418022,25601676
2012-11-07,81.96516,84.460057,81.926346,83.608347,73.865815,26831547
2012-11-08,83.313596,83.97384,82.930456,82.969322,73.303059,44992891
2012-11-09,83.43021,83.826579,82.005463,82.642675,73.016267,33309782
2012-11-12,82.791411,83.261381,80.627208,80.785562,71.380751,28424055
2012-11-13,81.190281,82.573228,80.941918,82.35329,72.767762,29561508
2012-11-14,81.926447,82.596692,81.028032,81.759541,72.244903,28087300
2012-11-15,81.368321,83.830105,81.189176,83.606148,73.878434,15129743
2012-11-16,83.349679,85.431311,82.835206,85.149866,75.244392,26216855
2012-11-19,85.005317,85.800584,83.772816,83.997089,74.231205,32654377
2012-11-20,83.604835,84.73856,83.37862,84.081407,74.30755,11796557
2012-11-21,83.535144,84.030202,83.186137,83.963323,74.205021,26177114
2012-11-23,83.680097,86.357452,82.81668,86.002322,76.010791,40055933
2012-11-26,85.347794,86.275781,84.37337,84.835263,74.984861,22994861
2012-11-27,84.787074,85.352615,84.68083,84.932502,75.072659,36275129
2012-11-28,84.26715,85.080401,83.962784,84.94488,75.085451,23013662
2012-11-29,85.180304,86.279191,84.684127,86.210565,76.206107,30376131
2012-11-30,85.854303,87.769016,85.686303,86.944027,76.856347,37696288
2012-12-03,86.838939,87.768785,84.473845,85.524199,75.606843,17225059
2012-12-04,85.365337,86.204022,85.30781,85.768155,75.824379,31601268
2012-12-05,85.251677,86.767497,84.939743,86.637087,76.594456,26958045
2012-12-06,87.08656,87.60217,86.489147,87.479617,77.341229,23075149
2012-12-07,86.946267,90.257468,86.805592,89.720712,79.324548,41664285
2012-12-10,89.993902,90.835119,89.020048,89.601428,79.224942,34306002
2012-12-11,89.742808,90.66808,89.212165,90.392892,79.926718,17258280
2012-12-12,90.923079,91.656445,89.902348,90.685496,80.187419,24402374
2012-12-13,90.514211,91.447967,88.40514,89.2529,78.92261,39284370
2012-12-14,89.92068,90.293471,89.346353,89.468127,79.114875,25811193
2012-12-17,89.403597,89.923414,88.12814,88.819674,78.547268,26353715
2012-12-18,88.959265,90.087986,86.293277,86.645624,76.626545,36478712
2012-12-19,86.377384,87.614036,85.804327,86.908795,76.861179,32475075
2012-12-20,86.665351,89.193458,85.426209,87.920431,77.757774,30077315
2012-12-21,86.823005,87.22599,86.23809,87.124164,77.055446,25847744
2012-12-24,86.842907,86.952704,84.850183,85.052742,75.228974,29238179
2012-12-26,86.134212,86.78989,85.87059,86.472489,76.488506,39420047
2012-12-27,87.026056,87.826374,83.958112,84.887411,75.088289,19232493
2012-12-28,85.096878,85.800781,81.755994,81.935055,72.478529,27355691
2012-12-31,82.16923,82.412774,80.961582,81.588076,72.176933,26387205
2013-01-02,81.872763,84.747921,80.83998,84.368227,74.640073,33913513
2013-01-03,85.176012,85.560765,81.817242,82.32071,72.83044,25767551
2013-01-04,83.173941,83.647728,82.631675,82.97604,73.412031,16863036
2013-01-07,83.128275,86.01343,81.990156,84.987791,75.197461,16404429
2013-01-08,85.83111,86.472252,83.362264,83.573096,73.947557,30132725
2013-01-09,83.132288,85.057642,82.110451,84.862352,75.090172,45217327
2013-01-10,84.638288,85.485672,83.256677,84.938819,75.159686,38573046
2013-01-11,84.829387,85.589484,83.808549,84.022272,74.350494,25208884
2013-01-14,83.862608,85.031805,82.409897,82.920733,73.381178,40984012
2013-01-15,81.857355,84.995206,81.656913,84.958765,75.186599,27795878
2013-01-16,84.849392,84.973815,83.99577,84.429421,74.719982,19493183
2013-01-17,84.019441,87.647391,83.765957,86.726224,76.754543,27721628
2013-01-18,86.250014,88.812912,85.230494,87.905645,77.800272,37117694
2013-01-22,88.375005,89.465998,87.533744,88.229229,78.094354,38577731
2013-01-23,88.145493,89.398308,88.037567,89.052504,78.825003,21821282
2013-01-24,89.887555,90.324918,86.932289,88.370643,78.223379,42545624
2013-01-25,88.912686,88.966704,85.946118,86.062133,76.181824,23547133
2013-01-28,85.66415,86.784322,81.390234,81.792765,72.40795,38358301
2013-01-29,81.536318,83.991146,80.804941,83.330549,73.771108,31116304
2013-01-30,83.992154,84.842454,82.091759,82.984194,73.466296,21855966
2013-01-31,82.560574,86.673494,81.326274,85.283018,75.503317,37515415
2013-02-01,85.621304,85.82893,84.557716,85.113266,75.354887,36070152
2013-02-04,84.743194,87.600753,84.436669,86.396714,76.49684,30459545
2013-02-05,86.566,87.04215,85.848066,86.137936,76.269594,35071347
2013-02-06,85.903067,86.56332,84.25957,84.414634,74.745563,30600599
2013-02-07,84.965668,85.187713,82.084073,82.839169,73.352364,35284420
2013-02-08,82.866422,83.052924,82.040924,82.221183,72.806944,19778132
2013-02-11,83.024747,83.369065,82.266885,82.40113,72.97168,27886645
2013-02-12,82.83224,83.044184,81.011643,81.550762,72.220403,19963752
2013-02-13,82.331394,82.573354,80.196334,80.356645,71.16466,26567944
2013-02-14,80.038314,81.376518,79.759694,81.147128,71.866491,23484092
2013-02-15,80.625248,81.815971,80.510693,81.729122,72.383707,25963413
2013-02-19,81.96577,82.342943,81.470288,81.564429,72.244966,21695525
2013-02-20,82.045846,82.217027,80.01297,80.219883,71.055798,48113263
2013-02-21,80.537948,80.733584,80.182823,80.440691,71.253137,28039840
2013-02-22,80.662614,81.138786,78.513994,78.744465,69.752364,24788791
2013-02-25,78.364406,80.23395,78.205354,79.153257,70.119658,41088600
2013-02-26,78.714363,81.429177,78.163514,81.265749,71.99283,42592841
2013-02-27,81.506776,83.544608,81.029195,82.965437,73.500383,27883653
2013-02-28,82.935799,83.216313,81.614216,82.521708,73.109079,29836595
2013-03-01,82.468522,83.892913,81.86165,83.623433,74.086964,43682439
2013-03-04,83.300426,83.668089,82.643129,82.7278,73.298887,35528103
2013-03-05,82.827841,84.109585,82.521671,83.485249,73.971829,16898495
2013-03-06,83.775718,85.236271,83.557823,84.175443,74.585211,35914233
2013-03-07,84.043984,84.184047,82.341898,83.035635,73.577076,35233027
2013-03-08,82.775097,84.278671,81.961509,83.507022,73.996591,28995323
2013-03-11,83.530622,84.611432,83.348631,83.824328,74.28325,39343485
2013-03-12,83.32207,83.941695,82.296133,82.403948,73.026341,33379842
2013-03-13,82.831416,86.298435,82.567793,85.666249,75.919261,26180176
2013-03-14,85.88701,88.329529,84.983782,88.016301,78.003849,27271951
2013-03-15,88.689302,88.983965,88.230031,88.925372,78.811449,22425242
2013-03-18,88.099862,89.672134,87.665415,89.100702,78.972676,19934067
2013-03-19,88.87497,92.213384,88.513524,92.1324,81.661774,41466012
2013-03-20,93.064591,93.448988,89.693009,90.8529,80.529671,30478503
2013-03-21,90.66138,91.056865,88.591357,89.157096,79.028502,29821542
2013-03-22,89.265738,91.304036,89.128887,90.669572,80.371134,27064676
2013-03-25,90.955035,91.774227,90.201313,91.398352,81.023127,27139133
2013-03-26,91.552555,93.308564,90.941084,91.938014,81.503537,17620119
2013-03-27,92.560527,93.446276,92.347816,92.903327,82.361322,31221061
2013-03-28,93.044702,95.088949,92.541411,94.45042,83.734924,20537811
2013-04-01,94.705931,95.041227,93.638592,94.852741,84.099891,32867393
2013-04-02,94.911329,95.710065,92.615089,92.886973,82.358998,22724274
2013-04-03,92.952912,94.494956,92.384923,94.377153,83.68234,23629577
2013-04-04,93.799673,97.101861,93.19348,96.778145,85.813367,26823846
2013-04-05,96.144734,96.289944,94.820252,95.051996,84.284864,25404540
2013-04-08,95.176412,95.660695,92.72507,94.106831,83.452933,21803897
2013-04-09,93.95774,94.137769,93.450165,93.999858,83.360124,46196319
2013-04-10,93.747369,95.713291,93.093952,95.113278,84.349596,26390187
2013-04-11,95.077699,95.38703,94.254093,94.432501,83.747924,46572921
2013-04-12,94.23386,94.86676,94.137079,94.579933,83.880741,38506973
2013-04-15,94.552512,95.143123,94.392838,94.786447,84.070108,35562286
2013-04-16,94.393304,95.410808,93.994192,94.582244,83.891059,27324123
2013-04-17,94.896262,95.209707,93.800095,94.822216,84.105979,28330136
2013-04-18,95.852068,96.846595,92.99916,93.676691,83.091961,31831907
2013-04-19,93.503196,96.483654,93.407294,95.960293,85.119631,25829855
2013-04-22,96.93451,99.281708,96.543948,98.431095,87.31776,40625550
2013-04-23,98.817204,99.04054,97.480497,97.680976,86.654469,23467502
2013-04-24,97.730375,98.850846,97.178203,98.755783,87.610107,27994621
2013-04-25,98.455947,102.591538,98.23536,102.218851,90.684565,25000322
2013-04-26,101.946965,102.365596,101.839583,101.937143,90.436873,13192834
2013-04-29,101.579609,101.879793,99.159347,100.148423,88.856519,22178154
2013-04-30,100.425895,100.948089,98.612573,99.645638,88.412602,18075755
2013-05-01,99.173968,100.117029,98.704494,99.990878,88.721109,15715815
2013-05-02,99.647127,99.753197,99.03187,99.628691,88.401923,21329786
2013-05-03,99.655879,99.843841,97.816489,97.942888,86.908228,30224672
2013-05-06,97.373999,98.772238,97.230253,98.32024,87.249515,19427778
2013-05-07,98.081066,98.992734,96.641394,96.680233,85.796284,34990185
2013-05-08,96.638221,97.129679,95.238617,97.061377,86.136643,21224760
2013-05-09,96.655843,97.151367,95.722148,95.974621,85.174305,38046631
2013-05-10,94.965256,97.531615,94.785739,96.515313,85.656263,36233471
2013-05-13,97.104779,97.441804,96.537878,97.34842,86.402023,19597763
2013-05-14,97.526917,97.916547,97.456372,97.729082,86.742018,34865957
2013-05-15,97.145059,98.802015,96.795126,98.744761,87.64567,18173399
2013-05-16,99.249072,99.552657,98.527953,98.75957,87.660975,24664207
2013-05-17,98.538741,99.290018,98.240774,98.777888,87.679394,28401347
2013-05-20,98.642203,101.470923,98.566543,101.379443,89.995296,23795639
2013-05-21,101.609684,102.62141,100.915519,101.49491,90.100017,20686071
2013-05-22,101.029945,103.324733,100.631242,102.360997,90.871107,23956037
2013-05-23,102.601058,102.766901,101.382088,101.882738,90.448761,26640201
2013-05-24,101.920065,102.117336,100.387598,101.196318,89.841589,40747668
2013-05-28,101.306207,101.595596,99.960124,100.515839,89.24626,16164312
2013-05-29,100.519678,101.636268,99.548802,100.224517,88.989792,43222077
2013-05-30,100.303104,100.640501,98.493215,99.069898,87.966769,33439429
2013-05-31,98.764632,99.89576,97.822895,99.763843,88.585123,29365726
2013-06-03,99.435648,101.015591,99.032178,100.912886,89.612038,24190271
2013-06-04,100.009424,103.702025,99.652177,103.204044,91.648876,21015112
2013-06-05,102.916787,104.553006,102.201389,104.180507,92.51829,33983649
2013-06-06,103.986423,104.391283,103.349753,104.259611,92.59082,29528518
2013-06-07,104.063426,105.998273,103.593872,105.562115,93.749858,31093851
2013-06-10,104.835492,105.283649,102.818999,102.910874,91.402043,27357701
2013-06-11,102.609712,103.592549,102.017824,103.543107,91.965838,37834185
2013-06-12,104.308896,106.54701,104.040127,106.231497,94.35596,31440307
2013-06-13,105.18403,109.403037,104.643142,107.89784,95.838386,17313179
2013-06-14,108.185196,109.115784,108.125586,108.653996,96.512406,52055817
2013-06-17,108.285388,109.448413,105.356642,106.211274,94.349621,29637337
2013-06-18,105.823007,106.026975,104.484372,104.799933,93.098193,40004961
2013-06-19,104.926529,105.990964,103.693328,104.092302,92.471853,31930122
2013-06-20,104.353651,105.90703,102.865255,105.168609,93.430308,19241739
2013-06-21,104.218686,104.729118,103.462655,103.933188,92.335052,16869334
2013-06-24,104.213708,104.775413,101.903337,102.733025,91.275565,42186358
2013-06-25,103.057294,105.219553,102.649866,104.714057,93.037952,51378098
2013-06-26,105.363832,106.588964,104.411509,106.130632,94.298896,31097486
2013-06-27,106.009589,106.056707,103.430245,103.924307,92.340814,21026102
2013-06-28,104.427988,104.583183,102.17081,102.944989,91.472905,17901604
2013-07-01,103.475927,104.224105,102.040453,102.208402,90.825116,33927428
2013-07-02,102.665886,103.888984,101.939872,102.138948,90.765634,28152887
2013-07-03,102.414929,103.255397,102.313791,103.062874,91.588937,17671946
2013-07-05,102.289136,103.08151,101.301125,102.055197,90.697913,22962116
2013-07-08,102.1594,102.540787,100.187655,100.619022,89.428174,29536747
2013-07-09,100.412044,103.739228,99.726703,103.114559,91.648416,30724048
2013-07-10,103.366117,103.858061,103.151905,103.773092,92.235994,46929641
2013-07-11,104.291053,104.591865,102.974585,103.104668,91.644141,18899119
2013-07-12,102.992618,103.708773,101.372611,101.682457,90.382241,15704215
2013-07-15,102.119399,102.470262,100.701762,100.773575,89.580988,17418696
2013-07-16,100.138779,102.512997,99.836403,101.56717,90.288665,26878321
2013-07-17,102.20661,102.526588,101.128206,101.534988,90.262281,20057801
2013-07-18,100.976122,101.450033,99.858419,100.593892,89.427872,33729430
2013-07-19,100.357822,102.18655,99.21442,101.51815,90.251761,27676417
2013-07-22,101.909461,102.444513,99.280673,99.477736,88.444327,41370396
2013-07-23,99.528467,102.4254,98.512495,102.328112,90.980801,22014388
2013-07-24,102.605901,102.861314,99.974472,100.742271,89.573022,26055276
2013-07-25,100.953438,102.954067,99.955667,102.277234,90.940046,20023424
2013-07-26,100.901243,102.13504,100.070287,101.695571,90.425087,27691630
2013-07-29,101.460135,103.403296,100.684138,102.979441,91.573441,40175676
2013-07-30,103.738617,104.61744,103.496487,104.254125,92.709224,25476281
2013-07-31,104.552864,104.785376,103.874949,104.170696,92.637317,18174673
2013-08-01,104.517986,104.691449,103.716975,104.226789,92.689484,22466322
2013-08-02,103.86937,104.442488,103.326067,104.139486,92.614127,21678715
2013-08-05,103.63263,103.95593,103.572257,103.803713,92.322339,13473256
2013-08-06,103.901616,104.870601,103.648066,104.179685,92.659009,18737536
2013-08-07,103.971837,105.617939,103.3132,105.172255,93.544121,26477386
2013-08-08,105.068332,106.037371,104.809772,105.630292,93.953831,37383608
2013-08-09,106.034369,106.291496,104.60062,104.903835,93.309977,21260368
2013-08-12,104.802213,104.960536,102.982189,103.787727,92.324044,44188029
2013-08-13,104.408615,105.26875,101.573653,102.83067,91.474951,18454949
2013-08-14,103.214551,103.908864,101.610258,101.874601,90.626695,23921882
2013-08-15,101.63136,104.618628,101.477693,103.253071,91.855233,36785825
2013-08-16,104.008848,104.83606,101.066096,102.835736,91.48622,18145769
2013-08-19,103.133082,104.003017,102.559193,102.896017,91.546616,33238026
2013-08-20,103.790939,104.173603,101.81284,102.004989,90.756103,31272823
2013-08-21,101.65659,105.875673,100.272685,105.502625,93.870341,32521723
2013-08-22,105.837083,106.242548,105.297555,105.788775,94.12726,21330122
2013-08-23,106.0257,106.990341,104.7385,105.869992,94.201846,18759694
2013-08-26,106.033666,107.207721,105.902439,106.972075,95.189502,14953450
2013-08-27,107.293694,108.166307,106.127473,106.828949,95.064483,33251016
2013-08-28,106.671713,106.726394,103.858174,104.079094,92.619737,19016748
2013-08-29,103.993258,105.131753,102.075126,104.056396,92.601819,32374004
2013-08-30,104.589054,105.647326,101.567567,101.817087,90.611248,29593618
2013-09-03,102.009077,102.657268,101.348979,102.230128,90.987798,34376307
2013-09-04,102.500518,102.994584,101.705711,102.85022,91.541953,29016745
2013-09-05,102.825231,106.040798,102.132923,104.311088,92.844488,28476392
2013-09-06,103.496657,105.87128,102.535095,105.491247,93.897229,24758878
2013-09-09,105.358601,106.425719,103.361323,104.008888,92.584633,46283001
2013-09-10,104.736363,105.367773,103.845585,104.290561,92.837654,18399841
2013-09-11,105.940962,106.050537,102.787934,103.431906,92.075563,23486650
2013-09-12,103.157068,105.153956,101.405018,101.642449,90.48481,41781172
2013-09-13,101.857353,102.45747,101.287071,102.125552,90.917122,26469163
2013-09-16,101.99642,102.89289,101.470204,102.724651,91.457229,28948773
2013-09-17,103.354577,104.0025,103.295873,103.779999,92.399097,35391354
2013-09-18,103.355027,104.353433,102.689391,103.688197,92.319637,16692611
2013-09-19,104.464222,105.150163,103.451975,104.002764,92.601996,46614820
2013-09-20,104.050929,105.18382,103.349646,103.726822,92.358579,21855011
2013-09-23,103.600284,104.144149,102.90341,103.954288,92.567958,20892573
2013-09-24,104.302956,104.493212,104.036547,104.282412,92.86243,34595133
2013-09-25,104.184431,105.590082,104.112808,105.375319,93.837964,32689977
2013-09-26,105.072904,106.35925,104.188691,105.449883,93.906679,32834062
2013-09-27,105.055332,105.107187,103.35631,103.439276,92.118435,24869812
2013-09-30,103.329153,104.555604,103.226607,103.752974,92.40463,25582173
2013-10-01,103.942815,105.646978,103.416412,104.973729,93.494166,25156864
2013-10-02,104.683539,106.04874,104.452355,105.668893,94.115627,31331145
2013-10-03,105.118086,106.760036,104.737161,106.316113,94.694418,23426911
2013-10-04,106.508649,108.334128,106.280093,107.808792,96.026293,19398080
2013-10-07,107.554415,108.736714,107.07078,108.174371,96.359041,18842798
2013-10-08,107.8329,109.540956,107.439844,109.285363,97.351084,34715196
2013-10-09,109.424431,110.578697,109.210186,109.713981,97.735304,20132397
2013-10-10,109.56067,112.392492,109.122945,112.043886,99.813287,25470548
2013-10-11,111.982106,112.028371,110.352088,111.624635,99.442251,22892805
2013-10-14,111.390769,111.69414,110.226229,111.189756,99.062156,28048068
2013-10-15,111.811789,112.606575,110.9452,112.319517,100.071159,35856079
2013-10-16,113.125321,114.922737,112.815409,113.83503,101.423905,21910891
2013-10-17,113.349794,118.13131,112.920454,116.150968,103.489893,19059927
2013-10-18,116.477149,116.528493,115.216803,115.322411,102.754185,17202579
2013-10-21,115.427819,116.439113,114.721137,115.231957,102.681179,19741476
2013-10-22,114.817287,116.601545,114.151255,115.353979,102.792444,21953950
2013-10-23,114.886631,115.291901,114.429402,114.891207,102.382588,18258021
2013-10-24,115.809075,118.327557,114.717031,117.979947,105.137636,35247495
2013-10-25,117.215014,118.180828,116.843162,117.447698,104.665902,18275175
2013-10-28,118.083941,119.180156,117.831762,118.334947,105.464388,48887304
2013-10-29,118.30922,118.698911,117.474051,118.124252,105.279204,14462243
2013-10-30,118.714484,120.58096,118.373916,119.460843,106.473074,23946189
2013-10-31,119.775534,119.951334,119.111947,119.197926,106.24136,25647963
2013-11-01,118.97101,119.99281,117.545673,117.810575,105.007398,30835021
2013-11-04,117.96111,118.254605,116.527331,117.2572,104.521888,26575901
2013-11-05,117.300321,118.562831,117.017789,117.782071,104.99234,27733359
2013-11-06,117.503698,118.453875,115.236051,115.831944,103.256518,28650726
2013-11-07,116.3333,117.851047,112.937757,114.58337,102.146014,31483928
2013-11-08,115.572502,116.90473,108.043352,110.842024,98.813204,30094703
2013-11-11,110.589234,114.406459,108.616875,113.070794,100.807555,37524863
2013-11-12,112.104171,115.472295,106.789872,109.931729,98.011356,27186172
2013-11-13,110.869296,112.787687,108.478944,109.471616,97.60354,22080960
2013-11-14,107.625862,107.715919,104.172872,106.325012,94.800402,40682229
2013-11-15,106.053486,106.385571,105.782695,106.304994,94.78489,30988842
2013-11-18,105.802419,107.513607,101.785676,102.947614,91.798129,26757400
2013-11-19,103.975391,104.406548,95.238688,96.654879,86.189037,32025056
2013-11-20,98.641611,98.958406,93.178276,94.712532,84.45909,17627058
2013-11-21,95.425876,104.62803,93.310079,101.55095,90.559422,53116519
2013-11-22,102.195399,103.318835,101.923955,102.730703,91.61374,28545664
2013-11-25,102.666307,106.7122,101.449138,104.571281,93.262034,29063532
2013-11-26,104.336661,110.129511,102.934534,108.548356,96.811379,23362517
2013-11-27,108.959064,112.197107,108.69725,110.66537,98.70192,19189118
2013-11-29,108.427856,115.735699,104.798715,113.514745,101.248253,31910613
2013-12-02,112.878337,113.509238,106.589525,108.227149,96.539174,40628673
2013-12-03,109.590643,116.396096,107.70524,115.171149,102.73579,37332881
2013-12-04,115.283526,117.174149,113.985031,116.499152,103.922966,21575631
2013-12-05,115.326088,120.845031,114.091007,118.558179,105.762324,33864118
2013-12-06,119.015376,119.110509,115.987988,116.982009,104.35884,12022567
2013-12-09,115.685562,120.362509,113.565541,117.687701,104.996144,25665160
2013-12-10,118.918248,120.379622,118.269095,120.263784,107.297064,30978879
2013-12-11,119.306847,119.642878,113.368484,116.311179,103.773182,32802966
2013-12-12,115.82144,116.066061,114.046693,115.091443,102.687461,32213019
2013-12-13,113.446354,121.721352,113.316261,121.188625,108.130183,52563326
2013-12-16,123.189702,125.528514,113.043874,114.820019,102.455387,32157568
2013-12-17,116.632892,124.417747,114.199405,120.243135,107.297147,37624116
2013-12-18,119.814174,121.462083,117.535824,121.373591,108.308561,47120425
2013-12-19,121.046813,123.599783,113.528908,114.411539,102.098442,27904833
2013-12-20,115.202449,115.483451,108.983021,110.507283,98.616796,23945481
2013-12-23,112.203706,112.973544,111.628582,112.038222,99.990399,24960010
2013-12-24,111.467476,118.890955,110.116842,118.402218,105.672658,39004850
2013-12-26,118.61882,119.521042,116.227252,116.360401,103.855477,30069145
2013-12-27,117.181582,120.427364,116.682971,118.689115,105.936541,37458965
2013-12-30,118.221742,119.642687,113.228127,113.420446,101.241449,35705310
2013-12-31,113.776619,114.569868,109.343351,113.693024,101.487258,17715441
2014-01-02,112.398372,114.032321,112.108826,113.072069,100.937941,20110673
2014-01-03,116.078431,117.381998,115.596296,115.997845,103.552295,27051842
2014-01-06,116.907661,124.548978,112.610421,120.528911,107.605171,17096734
2014-01-07,119.072361,126.678259,117.146958,122.828267,109.66068,34416768
2014-01-08,123.930496,126.20679,118.585604,118.801743,106.068426,64394123
2014-01-09,120.122338,124.112688,111.613463,114.373096,102.116963,36605870
2014-01-10,112.399388,116.906684,108.729315,114.217979,101.980981,16479991
2014-01-13,113.690649,117.629985,112.70022,117.160844,104.616289,21637450
2014-01-14,117.021702,118.096536,112.549855,114.935715,102.631936,22395808
2014-01-15,115.623792,117.13249,111.559764,111.673655,99.721534,45510251
2014-01-16,112.799289,117.743648,112.258522,116.914409,104.403958,31216187
2014-01-17,116.791267,117.464418,114.519883,116.459916,104.00066,19158240
2014-01-21,115.456,119.072403,114.344891,118.200051,105.565035,15587665
2014-01-22,119.666187,120.663634,110.772188,113.17778,101.08211,18057652
2014-01-23,113.141507,114.440793,109.761224,110.666784,98.841909,34119276
2014-01-24,111.819846,112.164766,110.892777,111.580532,99.660477,27703456
2014-01-27,110.812815,111.928774,106.245405,108.61069,97.015072,24155343
2014-01-28,108.84719,109.353956,100.613182,102.887137,91.904848,16404566
2014-01-29,103.262027,109.279073,101.140566,107.663443,96.173695,21165214
2014-01-30,107.545185,112.747312,107.277232,112.185469,100.215604,40471235
2014-01-31,110.235425,116.720509,108.242532,115.452462,103.136559,16996435
2014-02-03,115.044903,116.893909,114.284562,115.231714,102.94697,15487645
2014-02-04,115.069611,117.84538,109.10463,111.143996,99.297486,42711155
2014-02-05,110.869082,116.047158,109.215866,114.407714,102.215853,29483317
2014-02-06,113.809924,113.952839,108.760072,110.549214,98.770968,35835145
2014-02-07,110.310665,112.59044,108.056839,108.422336,96.873081,24546646
2014-02-10,110.371085,111.868217,107.148267,109.394097,97.748554,24436679
2014-02-11,108.55149,109.115903,106.337003,108.251184,96.729693,28798207
2014-02-12,107.380353,108.919916,106.404473,106.51461,95.180294,28964944
2014-02-13,106.627551,111.587195,105.497724,108.662055,97.101619,48208358
2014-02-14,110.166674,110.751268,100.504664,103.407241,92.408136,22701929
2014-02-18,103.353326,105.318576,101.61005,104.889123,93.741634,29478940
2014-02-19,106.376362,106.69815,100.16973,102.033118,91.191409,21925432
2014-02-20,101.138366,106.241657,101.051381,103.211377,92.246743,24128254
2014-02-21,103.052268,104.619226,101.271221,101.58799,90.798053,39049867
2014-02-24,101.242958,105.73155,99.129755,105.59397,94.385524,33256766
2014-02-25,105.337099,105.496621,102.00229,104.834477,93.708957,32340987
2014-02-26,107.088154,107.814137,104.341993,105.592479,94.388843,17670247
2014-02-27,105.621337,105.69115,102.576979,103.726794,92.723397,20225767
2014-02-28,105.022259,106.173281,102.260783,103.366961,92.404012,46140377
2014-03-03,102.560724,105.048795,99.711289,103.877509,92.867276,29092262
2014-03-04,103.958455,105.738266,103.665881,104.901888,93.78539,26076177
2014-03-05,104.482589,105.097514,104.21858,104.998233,93.873838,34909037
2014-03-06,105.955096,106.219933,102.860045,105.381128,94.218488,24979067
2014-03-07,107.300697,108.28435,104.129839,104.218298,93.181128,30043805
2014-03-10,105.130966,107.136768,103.488298,104.093925,93.076807,24923017
2014-03-11,103.04909,107.167957,101.376617,106.814024,95.511369,21814156
2014-03-12,106.059612,107.121643,103.172707,103.481224,92.533513,28983488
2014-03-13,104.378704,105.396688,101.901675,103.39742,92.460854,28283878
2014-03-14,102.996451,104.316174,99.659308,99.791162,89.238236,33675272
2014-03-17,101.10074,101.855004,100.81231,101.210172,90.513876,25132990
2014-03-18,100.976147,104.502895,99.82406,103.056178,92.16706,14021458
2014-03-19,105.304692,109.004845,100.793049,101.918938,91.152229,40501029
2014-03-20,102.952411,107.523063,101.32325,105.146723,94.041348,24173091
2014-03-21,106.396284,109.130152,106.004915,109.085915,97.566895,15716152
2014-03-24,110.437597,113.198358,102.066144,103.995413,93.020805,20822192
2014-03-25,104.732261,106.384088,102.736239,106.283182,95.069489,25723995
2014-03-26,106.228393,107.414051,101.460733,104.249239,93.252441,20640073
2014-03-27,104.120484,109.706982,102.692039,108.470256,97.030591,43487034
2014-03-28,107.289987,114.025483,107.11232,112.676929,100.796097,23492049
2014-03-31,111.767985,111.813056,109.315026,110.918686,99.230581,35147772
2014-04-01,109.147303,113.467676,107.08947,112.518325,100.664138,24278579
2014-04-02,112.850975,113.701112,110.065809,113.039041,101.132486,30012768
2014-04-03,113.897343,116.126435,113.770828,114.695748,102.617219,28327354
2014-04-04,113.838699,119.897071,113.098986,119.211701,106.660228,26698035
2014-04-07,119.229758,119.9421,116.699352,117.643431,105.264858,27528570
2014-04-08,118.919784,121.036173,115.395993,118.031629,105.614812,27442265
2014-04-09,117.20044,119.443465,116.549714,117.815076,105.423638,26530571
2014-04-10,117.800398,119.498726,111.863971,114.096856,102.099005,16124404
2014-04-11,112.646743,119.382489,111.297236,119.302665,106.760028,66169720
2014-04-14,118.023599,120.999377,117.563095,118.557862,106.101371,25592042
2014-04-15,121.372399,124.597817,120.919861,123.591532,110.608895,39245195
2014-04-16,123.496179,127.018375,122.316944,126.350446,113.080786,18190963
2014-04-17,126.166595,130.781069,124.806997,127.10588,113.759685,19668248
2014-04-21,126.556222,128.660796,119.004737,119.446377,106.914972,23718318
2014-04-22,118.223994,118.413751,110.770701,111.353319,99.673433,62926784
2014-04-23,113.359981,116.477975,112.675248,115.225921,103.142377,31124819
2014-04-24,114.221307,114.408062,109.92584,110.106156,98.561941,21345333
2014-04-25,110.58233,112.142688,102.31055,103.027335,92.227581,33684906
2014-04-28,103.270335,105.854749,102.971663,105.124103,94.111514,28818113
2014-04-29,104.71722,105.618285,102.381943,104.134535,93.227908,30439042
2014-04-30,102.746428,103.244309,99.053959,100.1385,89.652611,33964556
2014-05-01,99.575277,99.99006,98.357194,99.775432,89.329762,16708094
2014-05-02,101.279158,103.248046,100.811211,102.509044,91.779449,43812706
2014-05-05,102.113943,103.12504,101.723629,102.583285,91.852708,26372559
2014-05-06,103.122905,106.19027,100.568772,103.72452,92.876854,17031158
2014-05-07,103.280182,106.296459,101.948636,105.130036,94.137699,27873180
2014-05-08,104.553322,104.989053,103.905714,104.344261,93.436387,17594958
2014-05-09,105.046846,105.80085,103.000658,103.177933,92.39426,40647455
2014-05-12,103.609687,106.9235,102.924156,104.840423,93.889935,24097321
2014-05-13,104.82607,106.200325,104.476296,106.126928,95.044408,12301031
2014-05-14,105.479737,108.888856,105.299655,107.801401,96.5464,24666901
2014-05-15,107.667491,109.222479,107.364237,109.006268,97.627878,12480005
2014-05-16,108.594672,112.91823,107.714317,111.841495,100.169624,28920305
2014-05-19,111.958139,112.324177,110.467266,110.608975,99.073054,14795938
2014-05-20,111.008751,111.190355,109.495232,110.359574,98.8521,31778599
2014-05-21,110.976119,114.871756,109.736832,114.219317,102.311898,40601688
2014-05-22,114.752473,115.080784,112.249473,112.679607,100.935191,41993213
2014-05-23,112.952609,115.209677,112.512306,114.956719,102.977501,21123936
2014-05-27,114.009307,115.954104,113.208286,113.473243,101.658632,29051915
2014-05-28,113.375259,113.706442,111.778931,112.284916,100.59651,19556824
2014-05-29,112.219339,114.304774,111.613042,113.874401,102.023049,37362645
2014-05-30,113.763437,114.846908,113.283649,114.51986,102.603862,28815387
2014-06-02,115.434345,116.389744,115.085189,115.648772,103.622968,34844743
2014-06-03,114.832005,114.970189,114.526139,114.591592,102.678249,32631426
2014-06-04,114.437738,114.980332,113.005194,114.181959,102.313724,23422978
2014-06-05,114.761547,115.519305,109.612143,111.194182,99.638957,25060413
2014-06-06,110.2678,112.124764,109.932853,110.381771,98.913408,19767263
2014-06-09,110.821806,112.433849,109.761793,112.260477,100.604358,24923285
2014-06-10,111.698919,112.013924,109.50652,110.227871,98.785233,25637571
2014-06-11,110.988424,112.507831,108.604815,109.209029,97.874568,24116175
2014-06-12,109.496162,111.135043,108.259226,109.500105,98.137852,39058889
2014-06-13,109.479618,109.856901,107.950893,108.627574,97.358258,30020051
2014-06-16,108.4528,110.320501,107.568932,110.255811,98.824883,38039675
2014-06-17,110.667388,113.105497,110.488299,112.779554,101.089464,24773772
2014-06-18,112.87598,117.073158,112.558531,117.02533,104.897731,51633366
2014-06-19,117.117102,121.146773,116.658527,120.262755,107.802311,38067547
2014-06-20,119.518222,121.387664,118.844128,120.76554,108.25567,29872571
2014-06-23,122.115489,122.340049,118.337974,118.539128,106.267743,26567304
2014-06-24,116.963555,117.990592,115.23863,115.747568,103.767727,45759312
2014-06-25,115.811413,120.185814,115.710613,119.665079,107.28242,34220795
2014-06-26,120.45878,120.905016,116.73549,117.825922,105.636178,33966369
2014-06-27,118.041695,121.471214,116.783531,121.121535,108.593517,23564357
2014-06-30,120.892563,125.290183,120.480775,124.233154,111.391525,44916625
2014-07-01,123.616454,125.257148,121.712522,124.673651,111.789243,31697635
2014-07-02,124.471997,125.372906,123.866368,124.867758,111.96605,16375520
2014-07-03,124.9195,129.073294,124.125373,126.622534,113.542314,29212307
2014-07-07,126.620647,126.677241,123.712348,124.648868,111.783547,32333852
2014-07-08,125.260202,125.646673,121.586154,121.762942,109.198175,22279216
2014-07-09,122.164989,125.56827,117.522685,118.907877,106.640353,19212913
2014-07-10,119.549932,120.725146,118.839594,120.015637,107.636479,18619376
2014-07-11,119.563551,124.581818,118.478556,123.017025,110.331004,27794303
2014-07-14,122.204534,124.13432,119.979973,121.387901,108.877931,15767415
2014-07-15,121.705967,122.019773,117.77467,117.868796,105.724102,28834238
2014-07-16,118.905194,120.674782,116.917104,117.080142,105.019295,29631428
2014-07-17,117.873788,118.536519,115.602962,115.695519,103.779864,34372753
2014-07-18,115.706176,116.142007,113.521084,113.976343,102.240268,15386995
2014-07-21,113.765226,116.157083,111.178547,115.544776,103.654863,36103303
2014-07-22,114.910369,119.329889,114.154721,118.701154,106.489063,29506288
2014-07-23,117.905272,118.94829,117.235729,118.432569,106.250728,23088757
2014-07-24,119.693079,120.566286,117.246773,117.553692,105.464851,23918744
2014-07-25,117.971696,118.312657,116.915867,117.094471,105.055443,34064934
2014-07-28,117.026438,118.87204,114.849734,116.888139,104.878077,30295214
2014-07-29,116.070282,116.946196,115.652818,116.183218,104.248154,42906781
2014-07-30,116.841221,117.496548,116.493875,116.762316,104.770345,42855542
2014-07-31,117.00673,117.174364,114.911445,115.545346,103.680918,26866189
2014-08-01,116.811137,117.628315,113.125953,113.232957,101.608474,30759272
2014-08-04,113.683011,114.778293,112.087294,112.141978,100.636933,48196474
2014-08-05,112.81581,114.972698,112.114485,113.864106,102.1849,21193469
2014-08-06,113.342491,115.058146,112.951845,114.509384,102.766523,37472107
2014-08-07,115.54498,117.639724,114.647129,115.269252,103.451016,57938901
2014-08-08,115.980597,116.259383,113.521237,113.83741,102.168495,59869722
2014-08-11,114.24104,116.60743,113.139144,116.138109,104.241066,33431276
2014-08-12,115.807841,116.971409,113.628983,115.072509,103.28717,25546354
2014-08-13,115.612889,115.989812,113.979158,114.388277,102.675544,22791257
2014-08-14,114.313307,117.219471,111.671102,116.997687,105.020352,15840579
2014-08-15,116.539969,118.033148,115.76581,117.06915,105.087089,25642155
2014-08-18,117.112773,118.589966,114.516551,114.583786,102.863707,38391545
2014-08-19,115.588191,116.983617,114.137494,114.240291,102.557873,44960550
2014-08-20,113.90182,115.567663,113.574237,115.370197,103.574785,25447882
2014-08-21,114.949968,115.720459,114.040438,115.211223,103.434613,41987124
2014-08-22,115.02693,115.174149,113.697282,114.326421,102.642782,30944076
2014-08-25,114.273349,114.973381,113.229621,114.612536,102.907264,22293777
2014-08-26,115.105867,116.606226,114.052504,114.345084,102.669657,34555074
2014-08-27,114.061892,116.260911,113.975081,114.949576,103.214969,33921237
2014-08-28,115.205433,115.310724,113.650853,113.868349,102.246638,26549964
2014-08-29,113.851413,115.334566,111.545432,111.867579,100.452548,56729649
2014-09-02,112.82273,114.175308,111.978693,113.76354,102.165113,26496236
2014-09-03,113.430435,114.62863,112.236013,113.678396,102.091165,22093905
2014-09-04,112.780603,114.182854,111.002049,111.403808,100.050891,34271450
2014-09-05,111.505415,114.955522,111.061311,114.352243,102.701388,63310827
2014-09-08,113.478445,115.353353,111.229841,111.284653,99.95373,26236455
2014-09-09,111.908727,112.009532,111.349608,111.450143,100.104836,32731788
2014-09-10,111.009183,112.325455,110.170777,111.268133,99.943817,41840701
2014-09-11,111.930225,113.563298,111.206277,112.73235,101.261508,34466144
2014-09-12,112.890599,114.554194,112.671792,113.345488,101.814767,20908584
2014-09-15,112.130353,116.758671,111.403064,115.233391,103.518264,37307942
2014-09-16,115.534889,115.782811,112.337774,114.408186,102.779485,44202068
2014-09-17,114.448091,115.393119,114.094118,114.639603,102.989918,34139637
2014-09-18,115.256872,115.848613,111.940463,113.272049,101.763843,27964114
2014-09-19,113.783316,114.113575,110.911887,112.029333,100.649864,30684080
2014-09-22,112.029191,114.437128,111.568217,114.134305,102.548602,21246694
2014-09-23,114.515257,115.409756,114.031536,114.842249,103.187226,15822670
2014-09-24,114.891256,116.766144,114.683033,116.530494,104.706715,19698593
2014-09-25,116.288742,117.038789,115.753895,116.923163,105.062131,40376916
2014-09-26,117.120664,119.361492,116.794478,119.062724,106.987285,32910448
2014-09-29,118.656506,121.880374,118.413487,120.87533,108.624084,28991037
2014-09-30,120.80953,121.393142,120.564453,121.344555,109.048438,29704225
2014-10-01,121.56436,122.323305,119.554431,120.146327,107.97429,17810721
2014-10-02,119.887207,120.629801,118.840353,120.255272,108.074861,30259289
2014-10-03,120.274093,120.527314,118.660181,119.21303,107.140825,26686279
2014-10-06,119.751097,123.106588,119.48427,122.592578,110.186286,30876962
2014-10-07,122.402264,122.853309,121.044544,122.459623,110.069497,39330557
2014-10-08,122.584027,124.23063,121.467317,124.074157,111.523426,28299809
2014-10-09,123.557363,123.62072,123.442632,123.530472,111.037473,31943885
2014-10-10,123.526439,124.434838,122.571976,122.770561,110.357133,40759305
2014-10-13,123.542102,123.714852,121.547412,121.685855,109.390189,18585633
2014-10-14,122.218149,122.978635,121.448972,121.698364,109.40413,28936180
2014-10-15,121.056628,122.390006,120.312015,121.664341,109.376239,62278423
2014-10-16,120.531799,121.752581,119.510559,120.092887,107.966162,27844424
2014-10-17,119.948722,120.90864,118.687423,119.537124,107.469166,37227798
2014-10-20,118.883456,119.932211,118.738353,118.796193,106.810933,34534442
2014-10-21,119.079231,119.581819,117.260264,117.976909,106.076919,35207617
2014-10-22,118.387175,119.5402,117.407953,117.488806,105.640653,42886876
2014-10-23,116.896986,116.991999,115.951169,116.181581,104.467829,26438905
2014-10-24,115.44196,117.745852,115.315647,117.482554,105.640237,35642603
2014-10-27,117.029647,119.262385,116.636673,119.097833,107.100612,25069816
2014-10-28,119.466209,119.697598,116.52241,116.844415,105.076779,20191796
2014-10-29,117.733783,119.350486,117.488951,119.23545,107.22965,25471450
2014-10-30,118.807534,119.276467,116.105687,116.541962,104.809952,27064736
2014-10-31,115.976671,118.712833,115.747697,117.65819,105.816419,16474664
2014-11-03,116.658707,117.228223,115.410577,116.11051,104.432225,33926418
2014-11-04,115.392992,115.788729,114.4347,115.359766,103.759547,29713197
2014-11-05,115.055955,115.310608,113.462817,113.696006,102.26561,22991813
2014-11-06,112.772004,113.005389,111.97999,112.029838,100.769433,26424876
2014-11-07,112.382782,115.701101,111.590772,114.193401,102.718061,41560384
2014-11-10,114.551777,115.029883,113.913967,114.318807,102.838467,40489827
2014-11-11,114.545422,116.606276,114.010547,115.788211,104.162874,28809221
2014-11-12,115.185328,117.097047,112.985909,116.353776,104.674235,35594282
2014-11-13,117.748842,118.132632,114.5204,115.378957,103.799826,43560758
2014-11-14,115.794655,116.195844,114.955831,116.148561,104.494769,31476146
2014-11-17,116.547357,117.203547,115.436153,115.837836,104.222924,38935198
2014-11-18,115.695216,116.615659,113.621015,116.400023,104.731322,29660037
2014-11-19,116.003331,117.586241,115.900972,117.313389,105.555728,17004811
2014-11-20,118.388048,119.186956,117.248076,117.405533,105.64124,14028219
2014-11-21,117.263743,117.433187,115.712213,116.603005,104.921712,28302232
2014-11-24,116.318452,118.821556,115.089333,118.555591,106.686574,37436679
2014-11-25,117.872617,121.190722,115.834531,120.109933,108.087968,18648546
2014-11-26,120.834619,120.919145,119.927609,120.571402,108.505922,24913767
2014-11-28,121.051144,121.436945,120.318762,120.553449,108.495112,22329348
2014-12-01,119.536083,119.635273,119.182094,119.286145,107.362507,32117802
2014-12-02,120.290225,121.036747,116.218861,117.01988,105.325369,35433414
2014-12-03,117.269242,117.887779,116.133635,117.456596,105.721046,27931954
2014-12-04,117.436234,117.62116,116.532554,116.737576,105.076455,15629891
2014-12-05,116.25043,117.424767,116.113301,117.085013,105.391783,49875684
2014-12-08,116.670533,118.58474,116.531048,118.312985,106.504991,28475653
2014-12-09,119.237272,119.930499,115.384787,115.605103,104.069928,38283268
2014-12-10,114.936508,115.918315,112.655964,112.871869,101.611922,18177221
2014-12-11,112.187617,114.389918,112.062009,113.468755,102.151781,27860662
2014-12-12,112.470349,112.554693,112.064584,112.153835,100.970494,41965816
2014-12-15,111.897361,112.617371,108.445318,109.746442,98.810456,24651637
2014-12-16,110.30781,111.334369,108.590711,108.936913,98.084012,31666681
2014-12-17,109.596612,109.990381,106.800539,107.814026,97.075385,24214725
2014-12-18,107.322406,108.866247,104.694328,106.460885,95.859384,28626174
2014-12-19,107.517499,109.343526,103.936003,104.116973,93.751192,28161275
2014-12-22,104.835131,107.215363,102.340427,102.770582,92.545687,25973485
2014-12-23,102.111747,105.09478,100.570618,104.714166,94.298222,29057252
2014-12-24,105.759157,106.72242,102.480539,103.405518,93.12204,23719583
2014-12-26,103.728116,104.916554,102.808436,103.163314,92.908501,22636563
2014-12-29,102.157773,105.753526,101.775288,105.355967,94.890211,11755839
2014-12-30,106.065448,107.162196,103.926981,104.206787,93.8575,19458462
2014-12-31,105.044514,108.053508,104.488658,106.6392,96.050704,40273553
2015-01-02,107.673095,108.146529,104.422003,105.29386,94.843621,27384602
2015-01-05,104.470423,105.111513,102.69953,102.929047,92.720366,35448443
2015-01-06,102.728112,102.832013,102.071958,102.593926,92.420759,31980986
2015-01-07,103.365634,103.460321,101.079156,101.549591,91.482235,26272505
2015-01-08,101.513642,106.888688,100.959753,105.217834,94.789154,38874988
2015-01-09,106.738796,108.880109,106.206303,108.524407,97.770404,44445071
2015-01-12,108.676867,110.823155,108.256831,109.998901,99.106112,25914826
2015-01-13,109.26809,109.969785,108.877804,109.435807,98.601209,19118485
2015-01-14,109.859884,110.586285,105.753256,106.695379,96.134463,27837600
2015-01-15,108.004676,109.02873,106.633615,108.198249,97.490978,52114088
2015-01-16,107.33699,107.519915,106.203256,107.156271,96.554494,34541912
2015-01-20,107.626944,108.042337,103.975114,104.845519,94.481673,31183706
2015-01-21,105.882004,107.219827,103.794471,105.168528,94.775089,26096570
2015-01-22,105.776994,106.481195,103.606129,103.89942,93.633709,15569751
2015-01-23,103.825468,104.960864,102.254365,102.719381,92.572544,28741377
2015-01-26,102.282768,105.496294,102.142239,104.571915,94.249048,25240733
2015-01-27,104.150932,104.461258,102.587107,103.391299,93.187273,18402344
2015-01-28,103.843484,104.499132,98.574032,98.697323,88.958753,33191445
2015-01-29,99.070929,99.749338,96.331461,97.065525,87.490122,33941666
2015-01-30,96.768299,98.34095,96.614203,98.183776,88.500239,19904154
2015-02-02,97.406775,98.563967,95.919247,98.211641,88.5319,21743023
2015-02-03,99.61668,100.196859,95.258968,96.050809,86.586174,22881511
2015-02-04,95.545805,96.162761,92.227598,92.699238,83.566918,26100973
2015-02-05,92.445661,94.560164,92.037705,93.259235,84.073818,19244854
2015-02-06,92.583008,94.028682,92.476842,93.392105,84.195676,25520758
2015-02-09,92.94297,95.111709,92.130534,92.750738,83.623646,17169758
2015-02-10,92.715714,93.121978,91.246458,91.834483,82.799596,24744066
2015-02-11,92.409202,92.648999,91.084385,91.225006,82.252107,26343997
2015-02-12,90.584816,93.44015,89.452204,92.525164,83.426437,22930250
2015-02-13,93.402662,95.827338,93.212989,94.938423,85.604491,53605751
2015-02-17,95.046309,97.966879,94.020342,94.544789,85.25796,18292063
2015-02-18,95.563985,96.929464,93.462535,93.59525,84.403771,24494275
2015-02-19,94.90141,95.870709,94.375584,95.478209,86.103936,23379959
2015-02-20,95.231721,96.283114,93.449426,95.535187,86.157443,27892540
2015-02-23,95.414183,99.207596,94.696496,97.534445,87.966956,48692076
2015-02-24,97.22019,98.863876,97.089878,97.354007,87.806382,24067188
2015-02-25,97.734235,99.078576,97.493497,97.538931,87.975338,27362199
2015-02-26,98.38431,99.547054,95.678348,95.944966,86.539791,38589207
2015-02-27,96.276835,96.603749,95.387166,95.649292,86.275227,36392004
2015-03-02,95.743933,96.775261,92.420361,93.332082,84.191338,32812770
2015-03-03,93.554019,93.943781,90.658913,91.725347,82.744001,22487279
2015-03-04,91.583617,95.255293,90.997086,94.729288,85.455916,18850704
2015-03-05,95.269296,97.832191,94.229125,96.894635,87.411443,32311382
2015-03-06,97.341533,97.500486,95.809268,96.222231,86.806987,33564328
2015-03-09,96.935721,97.334205,95.348874,96.135568,86.735216,23160571
2015-03-10,96.306725,96.791657,95.676123,96.580065,87.138396,29347222
2015-03-11,96.775004,97.038858,96.247244,96.517606,87.084188,35426160
2015-03-12,95.832413,96.899404,95.767821,96.358088,86.942404,26472845
2015-03-13,96.7452,97.452157,93.277081,93.453421,84.323646,39540902
2015-03-16,93.485704,93.965772,92.643862,93.183517,84.086325,25943250
2015-03-17,93.05527,93.768063,91.818365,92.576811,83.540908,37284556
2015-03-18,92.892863,93.109751,92.03704,92.306358,83.298905,34302733
2015-03-19,92.602544,93.705326,92.085436,93.27991,84.17953,31909249
2015-03-20,93.182146,93.222337,91.542467,91.863168,82.903048,21656407
2015-03-23,91.952181,92.028905,91.226138,91.682574,82.746185,62977598
2015-03-24,91.92975,92.210318,90.678014,90.879274,82.023205,22741854
2015-03-25,90.226197,92.579903,89.597443,92.349924,83.352596,35270120
2015-03-26,92.071661,96.240177,91.581522,95.204227,85.930931,15146477
2015-03-27,95.316248,96.21938,94.372544,94.593832,85.382096,41206214
2015-03-30,93.783339,95.939804,93.442252,95.626605,86.320676,31742366
2015-03-31,94.91007,95.510981,94.058586,94.252732,85.082597,63220764
2015-04-01,94.491791,95.297405,91.194957,91.504697,82.603963,25536658
2015-04-02,91.846182,92.395516,91.608459,92.286101,83.311412,27961381
2015-04-06,92.22366,93.700835,91.681387,93.570681,84.479395,24372692
2015-04-07,93.373804,93.853195,92.440792,92.635065,83.636744,39326500
2015-04-08,92.463033,94.489841,91.864668,94.396964,85.229596,59597671
2015-04-09,94.098701,94.402889,93.914926,94.21671,85.068944,33918427
2015-04-10,94.239717,95.544535,94.195398,94.944342,85.72804,38360213
2015-04-13,94.934717,95.386421,94.148867,95.242076,86.00323,28035474
2015-04-14,95.310653,96.15693,93.220474,94.035265,84.915577,37407482
2015-04-15,93.806889,94.80891,93.214131,94.03467,84.917132,27372219
2015-04-16,94.577575,94.709772,94.059184,94.499131,85.338662,33657504
2015-04-17,94.249685,95.139313,93.796324,94.542168,85.379631,34881408
2015-04-20,94.986466,95.726389,94.318531,94.525295,85.370704,70359111
2015-04-21,93.409795,94.230647,93.33627,93.618726,84.554018,44937061
2015-04-22,93.330263,93.628391,92.552233,93.25749,84.229834,14248382
2015-04-23,93.411202,93.980719,93.230971,93.771069,84.695784,31516079
2015-04-24,93.776967,94.946653,92.819591,93.108805,84.099687,20423672
2015-04-27,92.810816,95.2405,92.661384,94.740594,85.579911,22085098
2015-04-28,94.645285,95.001188,94.550654,94.63497,85.486607,21854055
2015-04-29,94.063769,95.836806,93.9722,95.538491,86.304911,38820624
2015-04-30,96.00583,98.025977,95.726401,97.966227,88.500192,33360226
2015-05-01,97.803764,98.282545,97.252373,97.658778,88.224625,20234626
2015-05-04,97.930674,98.087308,96.695106,96.875524,87.523505,20028014
2015-05-05,96.826793,98.651378,96.542566,98.152458,88.679354,25551694
2015-05-06,97.493007,98.463402,96.282939,97.661549,88.237999,34712034
2015-05-07,97.415973,100.734457,96.2984,100.129851,90.470359,23532299
2015-05-08,99.796309,101.620292,99.715949,101.311743,91.540489,24384519
2015-05-11,101.118007,102.822513,100.754553,102.686377,92.789402,37763019
2015-05-12,103.014969,103.075128,99.584937,100.277015,90.614489,58712139
2015-05-13,99.940529,102.435381,99.46041,101.364416,91.599367,29666441
2015-05-14,101.161968,101.709459,99.49365,100.089959,90.449915,29916922
2015-05-15,100.711854,101.135964,99.05672,99.145148,89.59831,20426903
2015-05-18,99.448757,99.55003,98.400562,98.733857,89.233219,31959817
2015-05-19,98.320191,99.602424,97.007236,99.054443,89.525162,27384969
2015-05-20,99.032866,100.675167,97.846882,99.750815,90.156764,25985708
2015-05-21,100.143075,100.728787,99.149687,99.190908,89.652917,50619947
2015-05-22,98.754308,100.788493,97.829442,100.572653,90.904037,34029185
2015-05-26,100.393873,100.637033,99.666948,100.304266,90.670387,35418153
2015-05-27,100.425442,101.0035,99.07615,100.015189,90.411303,33671557
2015-05-28,100.048494,100.523846,97.548258,98.427574,88.97833,23567894
2015-05-29,98.692043,99.264299,98.148469,98.434206,88.986518,29007494
2015-06-01,98.67544,98.883762,97.889736,98.02709,88.625028,27726817
2015-06-02,98.534246,98.853944,97.551127,97.698861,88.330457,18811628
2015-06-03,98.086118,98.460117,96.23579,96.863684,87.577523,15123265
2015-06-04,97.074823,97.80685,96.248721,96.318667,87.086902,25672088
2015-06-05,96.1541,96.240787,95.669155,96.179903,86.963581,30630672
2015-06-08,95.917171,96.506129,95.510202,96.202312,86.990272,24546075
2015-06-09,96.32483,97.741525,96.268165,97.358648,88.038051,42556461
2015-06-10,97.334278,97.905638,97.057889,97.471576,88.14234,14865022
2015-06-11,96.977857,98.405684,96.705266,98.338233,88.928239,34432989
2015-06-12,98.200167,99.175033,97.798086,99.109223,89.627661,12097017
2015-06-15,99.730972,99.787706,97.479627,97.616472,88.284244,28022605
2015-06-16,97.237191,97.430981,96.804988,97.385418,88.077449,22491165
2015-06-17,97.738567,98.6985,97.597714,98.21819,88.832814,31956784
2015-06-18,98.234485,98.915462,97.344992,98.309658,88.917733,26956865
2015-06-19,98.643239,99.650668,97.878452,99.243608,89.764671,23884381
2015-06-22,99.093785,101.809964,98.821542,101.411491,91.732277,26560628
2015-06-23,101.425496,102.306122,101.276558,101.699232,91.994821,27109010
2015-06-24,102.430433,102.693259,99.803444,99.958622,90.422533,16107237
2015-06-25,99.82184,102.10351,99.495843,101.370589,91.702057,39757460
2015-06-26,101.224061,101.741445,99.993887,101.686718,91.9903,28470318
2015-06-29,102.288393,103.155472,100.702178,101.136016,91.498875,19269471
2015-06-30,100.986195,103.801283,100.09459,102.545463,92.776303,22039909
2015-07-01,103.143255,103.413315,100.651248,100.741178,91.146152,31793210
2015-07-02,100.336628,101.862851,100.092409,101.110184,91.482266,25059080
2015-07-06,101.065314,101.82746,99.41664,99.601656,90.126266,24852677
2015-07-07,99.584717,99.703141,98.111678,98.498688,89.130423,19938284
2015-07-08,97.80778,99.329988,97.743984,98.895046,89.491288,29905154
2015-07-09,98.192625,100.103689,97.458061,98.751966,89.364016,14194066
2015-07-10,99.437076,99.548131,95.881853,96.08074,86.948874,32768182
2015-07-13,95.314368,97.996071,94.636724,97.298546,88.057444,32127972
2015-07-14,96.886179,99.236637,96.429942,98.64922,89.282036,49468756
2015-07-15,99.177442,99.457507,98.344996,99.095004,89.687701,16789455
2015-07-16,98.857628,99.421101,97.39968,97.830119,88.545076,33631015
2015-07-17,98.155158,98.828435,97.225016,98.28362,88.957727,21499670
2015-07-20,97.688461,98.096483,94.60497,95.427997,86.379453,39610772
2015-07-21,95.429319,96.418598,95.169069,95.651871,86.584232,19810053
2015-07-22,96.101176,96.647592,95.721974,95.871369,86.78506,49419344
2015-07-23,95.198303,96.405332,94.930149,96.27477,87.152376,19407822
2015-07-24,96.191426,96.580435,95.608031,96.351161,87.223678,60962758
2015-07-27,96.573434,97.356628,95.795549,96.786079,87.623872,25311507
2015-07-28,96.462064,96.707239,95.496013,95.592853,86.545735,24226247
2015-07-29,95.251229,95.817334,94.851918,95.059886,86.06533,28683343
2015-07-30,94.941869,96.691754,94.673808,96.078152,86.989391,31721002
2015-07-31,95.986929,97.238134,95.852024,97.191127,87.99925,26317202
2015-08-03,97.3266,98.279877,96.850591,98.141312,88.86614,31018369
2015-08-04,97.888459,97.970766,95.933058,96.141429,87.057408,24358076
2015-08-05,96.663964,96.922883,95.120117,95.744676,86.700279,42829043
2015-08-06,95.297543,97.635401,94.73222,96.649079,87.521405,28651930
2015-08-07,96.883269,97.83422,95.897229,97.145479,87.973092,43261353
2015-08-10,97.390226,97.519294,96.245509,97.183808,88.014308,40356850
2015-08-11,97.310458,98.04504,97.100528,97.332513,88.151154,39855100
2015-08-12,97.366274,98.448301,96.88641,97.750641,88.532022,36139481
2015-08-13,98.260725,99.99265,97.797137,99.608478,90.216873,37216087
2015-08-14,99.936541,100.68494,96.921158,97.141632,87.984783,24868363
2015-08-17,96.843332,96.998322,96.326543,96.927815,87.797611,42582918
2015-08-18,97.142742,100.07096,96.781986,99.714091,90.323657,21399610
2015-08-19,99.013411,99.77483,98.130976,98.794218,89.492616,20375245
2015-08-20,98.727151,98.853916,98.588644,98.631826,89.347715,18638523
2015-08-21,99.705821,100.0277,96.079444,96.458071,87.380726,21316597
2015-08-24,96.093076,96.200242,95.113852,95.755473,86.75066,21878855
2015-08-25,96.055454,97.777089,95.910596,97.657386,88.475899,25452304
2015-08-26,96.567588,98.969411,96.008319,98.656472,89.383255,25982106
2015-08-27,98.462631,99.226596,97.254673,97.814105,88.62225,31133188
2015-08-28,98.017973,98.74316,95.139402,96.578756,87.505147,28018493
2015-08-31,95.986748,96.49483,94.578515,95.915073,86.910241,22554968
2015-09-01,95.778753,96.811089,95.040974,96.490211,87.433538,24729705
2015-09-02,95.953181,96.323318,95.222627,95.540335,86.574951,41956778
2015-09-03,96.402433,98.371972,95.741091,97.802417,88.626946,25530609
2015-09-04,95.664877,96.916738,93.741599,96.50253,87.451165,25295938
2015-09-08,95.779119,102.125283,94.702489,101.157857,91.678886,45090412
2015-09-09,99.898697,104.711982,99.768028,102.763457,93.136327,39918876
2015-09-10,103.197262,103.887946,100.381069,101.267463,91.782744,22840694
2015-09-11,100.659419,100.82192,97.913716,97.969009,88.795411,34881540
2015-09-14,98.000952,99.685037,97.290974,99.14053,89.863876,31138530
2015-09-15,98.642809,98.712406,96.305753,97.502591,88.381378,34350554
2015-09-16,97.841558,98.95804,97.761842,98.087367,88.91364,23094737
2015-09-17,97.670173,100.150763,97.590332,98.917259,89.668125,39766930
2015-09-18,99.083566,99.354684,98.416905,98.840894,89.601108,19522543
2015-09-21,98.959444,103.195522,98.754579,102.883303,93.272522,33300613
2015-09-22,103.931087,105.427449,103.633493,105.337388,95.499713,19019003
2015-09-23,106.057838,107.412622,104.611,104.724893,94.94676,19099531
2015-09-24,104.999147,105.403795,102.423606,103.242423,93.605014,31092128
2015-09-25,103.478176,103.887076,100.335902,100.844936,91.433579,46829079
2015-09-28,100.886815,103.859172,100.399429,103.579577,93.919953,28858153
2015-09-29,103.778185,109.383021,103.20767,108.030098,97.95784,35478496
2015-09-30,108.352704,108.6814,105.776385,106.149761,96.25519,32209764
2015-10-01,105.136982,106.324986,104.048874,105.804719,95.944674,26648231
2015-10-02,106.842497,108.754897,106.773706,108.002189,97.939773,30356910
2015-10-05,108.025115,109.101559,107.097293,107.278918,97.29108,20725490
2015-10-06,106.697345,109.162133,106.275184,109.084121,98.930653,14198104
2015-10-07,107.923277,108.52218,107.449271,108.111011,98.050535,15890692
2015-10-08,108.622899,111.106645,107.783165,110.630939,100.33844,17769788
2015-10-09,110.031244,112.189738,109.930416,111.88361,101.477069,38239259
2015-10-12,112.46711,112.958724,108.367148,109.025072,98.89172,23857943
2015-10-13,109.623736,111.968786,108.819707,110.566341,100.292207,31307138
2015-10-14,111.201738,111.390754,109.173826,109.807841,99.606643,26299156
2015-10-15,110.412474,110.481231,108.490921,108.71484,98.617612,26606011
2015-10-16,108.434469,113.219994,107.838338,112.45755,102.01522,33260381
2015-10-19,112.976862,113.462458,110.938855,111.246965,100.924505,49321587
2015-10-20,111.003046,113.078778,110.413855,112.994029,102.511988,19816623
2015-10-21,113.180777,114.325515,112.780332,113.935044,103.368255,25848386
2015-10-22,114.059563,115.110113,113.792756,114.234798,103.642762,25989229
2015-10-23,113.826517,114.712607,110.815712,112.354009,101.938875,23742261
2015-10-26,111.783963,112.821252,111.675858,112.207226,101.813224,23002742
2015-10-27,112.177884,112.342424,111.405722,111.927833,101.562215,22421086
2015-10-28,110.934844,111.949258,110.712811,111.79693,101.445934,31867698
2015-10-29,111.097072,111.63753,109.887977,110.138342,99.943373,29169866
2015-10-30,109.406925,110.201798,107.725918,108.568854,98.521593,36163164
2015-11-02,108.159477,108.656518,107.228876,107.544328,97.599093,55353137
2015-11-03,107.499108,108.19056,106.337799,107.247555,97.332164,22870529
2015-11-04,106.973304,110.159689,106.924329,109.503723,99.38219,28020207
2015-11-05,110.224403,110.546118,108.613167,109.894484,99.73929,37388982
2015-11-06,109.818368,112.683294,108.624475,111.541629,101.236719,31093345
2015-11-09,111.498461,112.284046,110.570675,112.02817,101.685827,19553291
2015-11-10,112.02995,112.168917,110.799644,111.231071,100.964804,27228679
2015-11-11,110.501593,113.881881,110.354574,113.000197,102.573172,35105391
2015-11-12,114.117752,115.064146,113.24423,114.467108,103.907286,29373198
2015-11-13,115.02208,115.387967,112.54586,113.312777,102.861979,21343119
2015-11-16,113.624112,114.880442,111.235164,111.338491,101.077252,13451584
2015-11-17,110.318571,111.584935,109.290003,110.807419,100.597603,24164579
2015-11-18,110.449711,115.714917,108.853991,114.796782,104.221953,28520913
2015-11-19,114.780984,116.577498,113.947056,116.105836,105.413018,29313748
2015-11-20,117.084454,118.0476,115.133869,116.150698,105.456347,46020362
2015-11-23,114.554929,117.371497,113.891361,116.484003,105.766782,16354044
2015-11-24,116.014151,117.537465,114.713069,117.286892,106.498425,27710239
2015-11-25,117.597294,118.946781,117.320898,117.707437,106.882919,27454412
2015-11-27,116.472193,118.781671,115.268046,117.845281,107.013361,19809686
2015-11-30,116.696676,119.908484,114.883242,118.449004,107.569543,19957701
2015-12-01,119.541775,119.927907,116.65032,117.847597,107.026012,23649892
2015-12-02,117.390712,117.816717,112.463327,113.348614,102.942693,30709666
2015-12-03,113.356926,114.062817,109.370623,110.689737,100.530391,18068708
2015-12-04,110.019989,111.209945,108.932111,110.178747,100.068767,25732878
2015-12-07,110.038341,113.658506,109.070414,113.028285,102.66442,20496100
2015-12-08,113.621808,115.011014,113.319932,113.991832,103.542168,16018301
2015-12-09,113.136347,113.967108,109.238269,109.496859,99.461701,25743606
2015-12-10,109.169952,112.301436,108.848697,110.750184,100.602641,20637022
2015-12-11,110.277751,111.470168,106.176128,108.488957,98.551029,35940862
2015-12-14,108.035835,109.719039,107.201857,109.099882,99.113317,22335490
2015-12-15,109.217979,109.40953,107.803559,108.78742,98.831892,30301958
2015-12-16,108.301389,110.087487,107.642378,109.061812,99.083615,24358820
2015-12-17,109.819998,110.246851,108.188668,108.352977,98.442057,17384283
2015-12-18,107.413717,108.052894,107.210684,107.995235,98.119455,24499961
2015-12-21,107.792882,110.668205,106.857065,109.048428,99.083662,24202200
2015-12-22,108.377007,109.505037,107.815428,109.285237,99.301278,29319697
2015-12-23,109.245402,110.156368,108.656372,110.090004,100.034989,26492566
2015-12-24,109.572966,110.135228,109.222184,109.871591,99.838985,43368326
2015-12-28,109.378424,110.097724,107.112741,108.017692,98.164044,18706227
2015-12-29,107.53992,107.621363,106.948432,107.517486,97.711875,30348735
2015-12-30,107.382551,107.60548,106.554484,106.844958,97.103075,26658542
2015-12-31,107.456616,108.67581,105.98756,106.665968,96.942794,31676303
2016-01-04,106.249777,106.923201,105.917082,106.693529,96.9774,27811186
2016-01-05,106.278273,106.790412,105.968079,106.306448,96.62795,36048781
2016-01-06,106.736951,108.524342,106.348623,108.288557,98.432027,19564039
2016-01-07,108.112203,108.246213,106.33516,107.235182,97.476933,18892206
2016-01-08,106.925105,108.211341,106.628101,106.81919,97.101188,35532868
2016-01-11,106.432008,108.179885,105.98769,107.659399,97.872192,32182047
2016-01-12,107.550447,107.610999,106.22162,106.424269,96.751731,20181358
2016-01-13,106.006212,107.39942,105.679131,106.474106,96.799423,25578409
2016-01-14,106.541981,106.937911,105.386418,105.754856,96.147897,29883371
2016-01-15,106.754754,106.994281,103.105987,103.650033,94.236601,26583579
2016-01-19,102.694681,103.080396,101.863023,102.281921,93.001907,29597943
2016-01-20,103.240954,104.246931,103.029902,103.361768,93.986096,19872914
2016-01-21,102.733453,105.439972,102.231245,105.1053,95.573831,23080869
2016-01-22,104.668371,105.568921,104.103742,105.28235,95.737185,16902288
2016-01-25,105.504008,106.75234,104.264126,104.353673,94.899719,24135588
2016-01-26,104.594014,105.682028,102.709174,102.848331,93.533058,38980468
2016-01-27,102.94081,103.177948,102.323678,102.89905,93.581489,23500736
2016-01-28,102.915205,103.729829,102.023689,102.389936,93.12077,33199071
2016-01-29,103.23254,103.477853,102.054531,102.468269,93.194308,28201822
2016-02-01,101.730573,102.368849,101.346522,101.52283,92.341263,25344854
2016-02-02,101.917163,102.086351,99.573311,100.563311,91.470775,42031211
2016-02-03,100.733649,102.74238,100.295452,101.583882,92.401346,24641188
2016-02-04,101.373055,104.608069,101.108327,103.511076,94.156655,40062155
2016-02-05,103.688817,105.349008,103.372937,104.9359,95.455068,25266203
2016-02-08,104.911939,105.749421,103.329276,103.825053,94.451566,31449869
2016-02-09,104.246223,105.063821,103.935106,104.372577,94.951999,32936412
2016-02-10,104.401864,105.182717,103.166654,103.606657,94.257532,43158133
2016-02-11,103.711761,104.877618,103.341244,104.395564,94.977591,21047680
2016-02-12,104.437993,106.229992,104.301185,105.621128,96.09496,23471985
2016-02-16,105.588825,107.77731,105.237078,106.634552,97.026544,31260771
2016-02-17,106.040223,106.726215,104.915767,105.371039,95.879239,22399112
2016-02-18,105.620647,106.208036,105.031565,105.740769,96.218034,30630529
2016-02-19,105.825206,105.954992,104.935989,105.17839,95.70866,28934502
2016-02-22,104.743393,107.883759,103.445715,106.621778,97.029264,29131358
2016-02-23,106.828244,108.45983,106.299093,107.952779,98.242939,42373368
2016-02-24,107.95284,108.750337,107.118759,108.475171,98.720778,27647643
2016-02-25,107.775593,108.198892,107.04122,108.002274,98.292826,34624687
2016-02-26,108.125333,108.715471,107.609012,108.521937,98.768205,25080175
2016-02-29,108.488307,109.556138,108.382797,109.314999,99.497344,27594461
2016-03-01,108.991217,111.772794,108.801511,110.75777,100.813022,41076245
2016-03-02,110.525097,110.611226,108.90132,109.018019,99.231925,36287850
2016-03-03,109.628948,109.889879,108.336518,109.175478,99.377698,32468951
2016-03-04,109.445613,110.641183,108.601762,110.514318,100.598866,38334276
2016-03-07,111.155626,112.296862,108.737396,109.575284,99.751456,26305635
2016-03-08,109.71511,110.398026,107.438793,108.943543,99.178797,19220308
2016-03-09,109.566648,110.264236,109.082663,109.980809,100.125559,33666435
2016-03-10,109.752564,109.874422,109.345922,109.735142,99.904367,23845346
2016-03-11,110.008289,111.674172,109.324956,109.725181,99.89776,20456588
2016-03-14,109.858611,109.966605,108.472493,108.697103,98.969076,26953599
2016-03-15,109.021233,110.425081,107.759223,110.159666,100.303217,30844528
2016-03-16,110.605883,111.654494,108.476725,108.672689,98.951724,32896327
2016-03-17,108.394917,108.869602,106.600455,107.490485,97.877682,26927519
2016-03-18,107.004168,108.160503,105.601574,107.408333,97.805286,34066381
2016-03-21,107.712223,108.628291,107.588212,108.479379,98.787876,38784033
2016-03-22,108.054618,108.595238,106.381504,107.286061,97.703576,27009072
2016-03-23,107.358862,108.099223,107.213791,107.865607,98.233779,42736030
2016-03-24,107.317651,108.904818,106.613154,108.755329,99.046494,21893933
2016-03-28,109.224798,109.497067,107.906401,107.956654,98.32881,42268892
2016-03-29,108.1447,108.235291,104.972766,106.676123,97.164874,30082930
2016-03-30,107.187607,109.239555,107.113211,108.481729,98.811927,33375918
2016-03-31,107.844178,108.480584,105.654961,106.049557,96.598933,24379925
2016-04-01,104.994285,109.739237,104.249616,108.50668,98.839525,20323233
2016-04-04,107.758508,110.479111,107.328156,110.206674,100.395482,32832695
2016-04-05,110.206904,113.216607,110.024913,111.930855,101.96868,33559809
2016-04-06,111.356924,112.435582,110.315528,110.461903,100.632949,25013300
2016-04-07,110.662773,111.947795,109.050049,109.529614,99.786074,36193267
2016-04-08,109.286161,109.721765,108.569921,108.785091,99.110225,36536836
2016-04-11,109.006256,110.219657,108.380906,109.733937,99.982075,21252403
2016-04-12,109.582211,109.640034,106.438441,108.592596,98.944601,35920267
2016-04-13,107.818878,108.230925,105.787328,107.174277,97.6547,30521482
2016-04-14,106.667296,108.296121,106.512601,107.912683,98.329941,29627784
2016-04-15,107.245431,108.847638,106.095858,108.625174,98.981601,22130820
2016-04-18,108.361424,109.782912,106.712502,109.070743,99.39496,25429175
2016-04-19,108.751039,109.545811,108.490908,109.164597,99.48294,32470047
2016-04-20,110.17381,110.995813,106.927988,107.834218,98.272972,32384619
2016-04-21,107.722159,108.312822,102.758662,103.89647,94.686702,58469862
2016-04-22,104.253444,107.784511,104.193383,106.01817,96.622707,19321000
2016-04-25,106.53534,109.292136,105.398429,108.057448,98.488542,18143348
2016-04-26,108.984084,109.388691,105.814996,106.375381,96.957818,49265695
2016-04-27,106.358791,110.445439,106.043414,108.88329,99.246144,23604240
2016-04-28,107.945571,110.500363,107.494514,109.957167,100.227442,25202521
2016-04-29,109.399643,109.64822,108.285594,108.929255,99.292934,28554482
2016-05-02,107.50753,109.17279,106.888509,108.29275,98.720033,60046965
2016-05-03,108.778974,109.167805,105.84351,106.14052,96.760437,31953205
2016-05-04,105.251197,105.721014,100.155308,101.745166,92.755805,47840930
2016-05-05,102.884648,105.085703,102.6341,104.598492,95.359385,19990437
2016-05-06,103.994105,108.857564,103.086884,107.90726,98.378315,37491015
2016-05-09,108.049956,110.212187,107.120935,109.774,100.087608,34784211
2016-05-10,110.171181,114.194168,109.389152,112.700488,102.758396,34583886
2016-05-11,113.184146,114.540142,110.283175,111.362227,101.540695,26545203
2016-05-12,112.643373,113.523287,109.214099,110.795633,101.02656,29656398
2016-05-13,109.286962,114.287176,107.409178,114.112961,104.053957,24336336
2016-05-16,114.763539,118.632786,113.235612,117.415254,107.073069,26137695
2016-05-17,116.584092,120.297822,115.566239,119.738114,109.194018,29716075
2016-05-18,119.240264,119.676574,118.310364,119.270008,108.769813,18952656
2016-05-19,120.181887,121.12035,117.636664,118.263958,107.854991,23267525
2016-05-20,119.595102,122.468766,116.756377,118.191216,107.791306,16204733
2016-05-23,117.64116,120.57183,117.46697,119.851703,109.313764,28389161
2016-05-24,118.041545,122.114126,116.451779,121.796025,111.089869,28842409
2016-05-25,122.519977,126.967471,121.293235,125.882411,114.819881,16216526
2016-05-26,126.797216,127.14338,124.498529,126.2114,115.122795,24500049
2016-05-27,125.384387,126.466408,121.701234,122.691364,111.914779,24432333
2016-05-31,122.981517,123.206246,118.430122,119.147194,108.692623,29457542
2016-06-01,120.090225,120.559775,119.275062,120.135016,109.596469,16981910
2016-06-02,119.972305,121.539715,119.623821,120.609133,110.031706,36963580
2016-06-03,119.673365,122.879091,117.817858,120.47744,109.914271,26054495
2016-06-06,119.651352,120.813378,119.269209,119.396293,108.935969,34219746
2016-06-07,119.336705,119.53607,116.807344,117.847638,107.525641,22077261
2016-06-08,117.568774,119.598575,115.758674,116.856336,106.623793,26225580
2016-06-09,117.101884,120.099823,115.920129,118.910666,108.500908,19544677
2016-06-10,119.227038,119.344187,117.161331,117.692242,107.391794,23959835
2016-06-13,118.062141,118.215833,115.48391,117.017639,106.784126,14903443
2016-06-14,115.980502,116.739843,115.318086,116.674754,106.473851,26630725
2016-06-15,116.133122,118.068018,114.922048,117.147226,106.907649,38914863
2016-06-16,117.301065,119.154647,114.391628,115.968716,105.834757,31037263
2016-06-17,117.008615,118.77224,115.549645,115.622114,105.521044,20807963
2016-06-20,115.926747,118.000309,114.481333,117.278978,107.041071,35850351
2016-06-21,116.418589,117.309025,116.180007,116.823523,106.628003,30489630
2016-06-22,116.355344,118.173943,115.389983,115.780901,105.678978,30621707
2016-06-23,116.659815,118.438092,115.069254,117.556349,107.302161,23056883
2016-06-24,117.720207,120.352583,117.626755,119.106331,108.719621,36826812
2016-06-27,119.775309,120.567752,116.21105,117.556352,107.31274,31393962
2016-06-28,117.783375,118.836466,117.328724,118.139504,107.847735,15266420
2016-06-29,117.741343,123.297141,117.406809,122.289365,111.638831,19187046
2016-06-30,122.257398,122.932032,117.59242,119.296066,108.90891,27598998
2016-07-01,118.513105,121.398146,117.797298,120.734494,110.224809,19331078
2016-07-05,120.349626,120.72727,117.605434,117.955987,107.69878,43597472
2016-07-06,117.928799,118.963322,117.159663,117.887399,107.638808,18346829
2016-07-07,118.148265,118.485907,115.847837,116.380851,106.265852,31443249
2016-07-08,116.170455,116.938313,112.869985,113.926922,104.027764,29519947
2016-07-11,114.824227,116.089873,113.528103,114.93247,104.953698,28908304
2016-07-12,114.792195,115.935514,114.73672,115.704381,105.661193,32649072
2016-07-13,116.299595,116.752927,112.919778,114.194012,104.284494,21132450
2016-07-14,114.340321,116.502976,113.186145,116.183105,106.103592,31976951
2016-07-15,116.053018,116.151219,115.56249,115.942793,105.886738,34247878
2016-07-18,116.56544,117.802654,116.274449,116.567416,106.465054,21256200
2016-07-19,116.46996,118.684093,116.003323,117.908843,107.69288,33016805
2016-07-20,118.601786,120.75879,118.182637,119.788419,109.4123,34347153
2016-07-21,119.95734,120.421948,118.984843,119.867112,109.486874,41984686
2016-07-22,119.063735,120.807169,118.457389,119.454839,109.112992,29490703
2016-07-25,120.452991,121.012943,119.567912,119.71865,109.362047,13723222
2016-07-26,121.453521,122.261611,118.474605,118.964736,108.67603,32409859
2016-07-27,118.625714,119.826027,114.163003,114.806383,104.879898,36793408
2016-07-28,115.678062,116.639913,115.273086,115.598778,105.606383,39976331
2016-07-29,116.003226,118.33924,115.180017,117.755618,107.579435,27618470
2016-08-01,116.462952,122.496642,115.6922,121.526938,111.033054,23127496
2016-08-02,121.808304,123.389665,120.345284,121.263443,110.795042,17451819
2016-08-03,122.907044,123.081417,118.199019,119.75367,109.4183,22665616
2016-08-04,119.646228,121.234587,116.391195,117.533788,107.392652,31572944
2016-08-05,117.224657,117.656586,116.902846,116.971562,106.88157,25534495
2016-08-08,116.879479,117.955961,116.203861,117.410186,107.290289,38175529
2016-08-09,116.578577,118.052174,116.217069,117.540119,107.41167,21574969
2016-08-10,118.241465,119.153123,114.68737,116.140715,106.135467,24097459
2016-08-11,114.446869,116.789667,114.155914,116.200257,106.192496,33860733
2016-08-12,115.949343,117.479187,115.664006,117.204479,107.11287,32667698
2016-08-15,118.782065,119.644333,116.144153,116.384574,106.371423,14759389
2016-08-16,116.097075,117.109865,113.668817,114.892101,105.009942,22776865
2016-08-17,116.177667,116.55301,113.883447,114.681911,104.820415,28579248
2016-08-18,115.172582,118.119663,114.642181,116.430937,106.421664,26374091
2016-08-19,115.854578,116.511044,113.498756,114.063046,104.259904,33601122
2016-08-22,113.79525,114.638202,112.665537,113.705033,103.940343,14284182
2016-08-23,114.462375,115.398091,108.537914,109.447423,100.05083,34479079
2016-08-24,109.379868,111.211168,109.184507,110.700975,101.199253,22442309
2016-08-25,109.968262,110.744993,109.782875,110.4751,100.995254,16238974
2016-08-26,110.516492,110.638091,109.611987,110.082795,100.639092,25498565
2016-08-29,109.697511,109.971578,105.809916,106.369789,97.251804,20953665
2016-08-30,106.836681,107.422927,102.829429,103.065191,94.232797,33660895
2016-08-31,104.550753,105.448437,99.234966,99.453945,90.933264,16609580
2016-09-01,99.729262,99.908379,98.624961,99.277363,90.774048,20118195
2016-09-02,99.622155,100.126939,98.677801,99.176267,90.683846,21948667
2016-09-06,99.497665,99.634609,97.129526,97.324791,88.999683,37761865
2016-09-07,97.425374,98.363848,96.379156,98.094269,89.70555,20655839
2016-09-08,97.174626,98.40921,96.322815,97.680814,89.329654,16906103
2016-09-09,97.887127,98.301183,95.321845,95.680388,87.502409,22803743
2016-09-12,95.933424,96.278127,95.880597,96.0196,87.819119,23361626
2016-09-13,95.56071,97.128779,93.489205,96.364347,88.136595,23665581
2016-09-14,96.273102,97.737861,96.039831,96.37616,88.149572,35323065
2016-09-15,95.947077,97.619584,95.656818,96.624368,88.37877,21200052
2016-09-16,97.326326,98.410157,95.533723,96.205562,87.997872,32558978
2016-09-19,96.257633,96.740405,94.739174,95.400059,87.267541,29147744
2016-09-20,95.325365,95.419263,93.016619,93.209438,85.265764,22778445
2016-09-21,93.028183,93.744,92.496958,92.94913,85.029735,32541033
2016-09-22,93.83677,94.291056,92.264922,92.754884,84.854129,21686892
2016-09-23,93.007554,93.048861,91.371462,91.937468,84.108413,24606203
2016-09-26,91.609368,93.456993,91.559873,93.000367,85.087089,34669639
2016-09-27,93.381557,93.574799,92.456487,92.777799,84.88555,19464982
2016-09-28,92.716908,93.370507,91.349673,92.144283,84.308002,31975409
2016-09-29,92.898086,93.775723,92.834301,92.994715,85.088207,30707935
2016-09-30,92.563211,93.060283,92.497819,92.910471,85.013221,35350784
2016-10-03,92.87049,93.85526,91.209675,91.579696,83.801755,35224659
2016-10-04,91.733732,92.382725,90.268037,90.477435,82.795149,33962779
2016-10-05,90.693474,91.473822,90.544897,91.24325,83.497998,26225407
2016-10-06,91.709549,93.957764,91.01558,93.414696,85.487225,51008673
2016-10-07,92.980833,93.989255,91.077861,91.737925,83.954819,32532549
2016-10-10,91.942466,93.622055,91.248024,92.883477,85.009465,17941570
2016-10-11,92.599095,92.779545,90.891353,91.156386,83.430841,27115502
2016-10-12,90.739221,91.676416,90.170517,91.334236,83.595678,39838073
2016-10-13,91.631352,93.520263,90.495753,93.035864,85.155229,30644471
2016-10-14,93.186893,93.501455,90.003803,90.497865,82.834253,23541424
2016-10-17,90.473985,92.893596,89.845885,92.150799,84.353447,31292717
2016-10-18,92.126502,92.827091,89.594078,89.669126,82.083784,32773111
2016-10-19,88.608131,92.073858,88.260332,91.992722,84.212896,17599337
2016-10-20,92.246225,93.23712,89.195137,89.91239,82.310525,25996643
2016-10-21,90.140822,90.388122,88.78322,89.750287,82.164153,32632963
2016-10-24,89.856964,91.916839,89.660824,91.345924,83.631101,30297862
2016-10-25,91.818918,91.979751,89.386845,89.6531,82.083271,19783412
2016-10-26,90.079732,90.390795,89.542226,90.168899,82.557553,36071104
2016-10-27,90.386333,90.716329,88.27979,88.834093,81.337425,36693752
2016-10-28,88.761744,89.374787,86.699092,87.682155,80.284676,19078907
2016-10-31,87.147336,88.382009,86.806009,88.129194,80.699965,22513089
2016-11-01,87.832335,88.335386,86.556604,87.518002,80.142271,27116769
2016-11-02,87.004034,88.858306,86.174428,88.213222,80.78089,36035840
2016-11-03,89.426923,90.119323,88.202118,88.577627,81.116592,21753179
2016-11-04,88.928969,89.356205,86.879043,87.087085,79.753566,25300773
2016-11-07,86.982614,88.696346,86.546366,87.872145,80.478466,46339927
2016-11-08,87.961243,89.129599,87.428781,88.905785,81.42714,17834650
2016-11-09,88.640884,90.067804,88.385208,89.914516,82.353047,41836857
2016-11-10,90.430392,90.882523,89.226827,89.970394,82.406257,23053928
2016-11-11,89.682106,91.635636,88.9628,90.582389,82.968843,37772611
2016-11-14,90.967079,91.658806,89.840948,90.100669,82.533713,25276353
2016-11-15,89.930999,92.884284,89.545628,92.261527,84.515178,28209039
2016-11-16,91.785527,92.636025,90.302433,91.369595,83.700195,33330118
2016-11-17,91.447229,92.530407,90.36903,91.491436,83.813874,28723781
2016-11-18,91.180142,92.223052,91.114524,91.812735,84.110283,31701845
2016-11-21,92.345422,92.396583,88.137814,88.771002,81.329743,32014429
2016-11-22,88.578976,90.490093,88.351916,89.780364,82.256522,28895739
2016-11-23,89.309549,90.153488,89.124868,89.957342,82.420699,28566766
2016-11-25,89.299309,91.261539,88.738773,90.051345,82.510893,15110621
2016-11-28,89.94767,91.558221,89.246309,91.151959,83.525521,35583994
2016-11-29,91.903631,93.271457,90.878224,92.923212,85.150676,27429756
2016-11-30,92.564994,93.861031,92.495565,93.567995,85.743639,30441281
2016-12-01,93.200447,95.51653,93.028353,95.333525,87.363684,23896814
2016-12-02,95.14564,97.005753,94.566414,96.691554,88.610366,36454298
2016-12-05,96.538513,96.888841,95.356785,95.720721,87.727157,23110860
2016-12-06,95.364798,97.30158,95.150155,96.804173,88.722317,46305963
2016-12-07,97.004852,97.143396,94.954638,95.906605,87.90185,23164301
2016-12-08,96.230448,96.281485,95.258188,96.013764,88.002234,34857776
2016-12-09,95.405429,95.808859,93.510271,93.856557,86.027147,30088312
2016-12-12,94.319595,95.327768,93.606732,93.666182,85.858999,28408487
2016-12-13,93.260469,93.775516,92.430881,92.701283,84.97662,30039779
2016-12-14,93.35119,93.851988,92.586252,93.402014,85.621069,28392668
2016-12-15,93.770593,95.752872,93.008226,94.764802,86.872469,39774688
2016-12-16,94.338814,94.970501,93.789713,94.78223,86.890587,33783956
2016-12-19,95.331121,95.7547,93.633322,93.913893,86.100913,38784792
2016-12-20,92.984181,94.357994,92.576201,93.723288,85.928282,32605315
2016-12-21,93.725058,94.243471,93.400265,93.511057,85.735815,26024799
2016-12-22,93.593852,95.510784,92.956307,94.825128,86.942766,28516386
2016-12-23,95.082058,95.658817,92.729246,93.532309,85.759527,23115475
2016-12-27,93.867581,94.33056,92.470562,92.90739,85.194936,32570858
2016-12-28,92.793702,93.182354,91.984699,92.424102,84.753856,18778234
2016-12-29,92.191368,95.009908,91.377146,93.341012,85.596781,17308891
2016-12-30,93.155024,94.94611,92.890313,94.592231,86.746327,36073619
2017-01-03,94.945054,97.673937,94.726488,97.315847,89.252831,35559466
2017-01-04,96.873757,98.054048,96.756185,97.033445,88.99602,39453794
2017-01-05,97.370226,99.588899,96.579312,98.941892,90.748624,24933698
2017-01-06,98.922383,99.535794,97.813135,97.935979,89.828222,23058441
2017-01-09,97.570906,100.286097,97.24683,99.770273,91.517427,21606839
2017-01-10,100.433293,101.978231,99.864775,101.810175,93.390893,28971098
2017-01-11,102.03529,102.565566,101.474372,101.734366,93.323652,24709876
2017-01-12,101.030245,102.460896,100.542385,102.138536,93.696717,22459144
2017-01-13,102.102594,102.544077,100.894237,101.123826,92.768159,25598245
2017-01-17,100.603218,103.507472,100.003526,103.135373,94.622822,24851648
2017-01-18,103.308487,103.390444,102.584699,102.898865,94.408161,36736892
2017-01-19,103.058194,104.238282,102.932347,103.759662,95.200275,29753603
2017-01-20,103.669304,108.044825,103.225409,107.347357,98.494439,37918317
2017-01-23,107.051759,108.135239,106.207126,106.402259,97.6345,47575569
2017-01-24,105.578119,108.102374,105.265451,106.717645,97.926311,31575385
2017-01-25,107.234517,110.048226,106.937612,108.710193,99.757172,16013559
2017-01-26,108.58496,108.689134,107.458648,107.7481,98.87675,20145829
2017-01-27,107.391463,107.998803,104.572492,104.780552,96.155902,26873724
2017-01-30,105.192675,106.461257,104.500702,105.906589,97.196438,32332488
2017-01-31,105.544669,106.21685,105.484515,105.538805,96.861288,40505712
2017-02-01,104.81093,106.210023,104.44444,105.869462,97.167152,17130750
2017-02-02,105.750319,106.402735,105.307211,105.35046,96.693194,23271526
2017-02-03,104.94555,107.249236,104.739628,106.536035,97.783753,20384327
2017-02-06,106.154046,110.448213,105.562451,110.340985,101.2836,51956577
2017-02-07,109.56452,111.129562,109.201097,109.997942,100.971204,20906433
2017-02-08,109.729946,110.650617,108.412566,108.868136,99.936576,27447168
2017-02-09,108.868645,110.490878,106.940812,109.892028,100.878954,16453748
2017-02-10,109.737011,110.391509,107.005399,109.141473,100.192426,15397881
2017-02-13,109.361296,110.201843,108.671598,109.111748,100.172543,40668284
2017-02-14,108.665251,109.022101,107.979575,108.479417,99.594471,23187079
2017-02-15,109.02214,109.479681,107.772111,108.168433,99.311405,35760330
2017-02-16,108.880122,110.386257,108.206158,109.994236,100.990196,35219762
2017-02-17,109.261516,114.286521,107.746905,113.411406,104.130205,39644565
2017-02-21,113.379191,113.958497,112.292353,113.779934,104.478872,32744168
2017-02-22,114.269514,114.747122,113.13211,113.898982,104.590765,16022701
2017-02-23,113.614986,116.177844,113.268241,115.233814,105.819117,25572183
2017-02-24,114.313919,117.022501,114.023702,116.407331,106.899391,24979647
2017-02-27,116.707737,119.473017,116.507253,118.833844,109.135779,35125202
2017-02-28,118.190893,122.612101,117.971387,121.242443,111.350554,16505496
2017-03-01,121.302047,121.535393,119.323689,120.216956,110.411455,25557783
2017-03-02,119.753559,121.252876,119.427791,120.616921,110.781527,25815967
2017-03-03,120.06551,120.436402,119.5118,120.090488,110.300738,11867728
2017-03-06,120.301764,121.962727,119.143679,119.598324,109.856816,29225498
2017-03-07,119.203708,119.524301,116.795511,117.739969,108.152492,50005610
2017-03-08,117.982526,118.681706,115.257753,115.829347,106.400073,24741064
2017-03-09,116.708635,117.866492,115.456346,115.616896,106.207533,18914608
2017-03-10,115.420727,118.100134,115.118673,117.744768,108.164895,41553802
2017-03-13,118.299275,118.847274,115.113779,115.80996,106.395371,19198870
2017-03-14,115.526344,115.782127,113.98008,114.725783,105.401928,37078084
2017-03-15,114.516587,117.648306,113.725222,117.365083,107.829387,31698041
2017-03-16,117.852588,118.215959,115.653766,115.791516,106.38629,26896666
2017-03-17,116.607475,118.479274,116.303979,118.166411,108.570958,33211428
2017-03-20,118.286317,120.895404,117.182685,117.450706,107.921349,16033050
2017-03-21,117.230595,117.656223,115.98026,116.138538,106.718273,28310090
2017-03-22,116.105213,116.333242,113.426545,114.352633,105.079816,29413063
2017-03-23,115.374873,115.427233,113.125507,113.230767,104.051486,22694934
2017-03-24,113.244227,115.627694,112.726922,115.1218,105.791825,28395073
2017-03-27,114.974776,116.150473,112.891697,113.539761,104.345714,21300914
2017-03-28,114.643284,114.903368,112.666079,113.432671,104.249865,31797162
2017-03-29,113.45487,115.854023,113.126933,114.552623,105.281747,16252400
2017-03-30,113.632097,114.515058,112.452894,113.234645,104.072999,31817627
2017-03-31,113.733155,113.848903,112.373672,112.733068,103.614556,29777730
2017-04-03,112.560539,115.236646,111.92042,114.352512,105.11078,30666172
2017-04-04,113.729669,115.785873,113.111855,115.294305,105.979071,37027812
2017-04-05,115.810909,116.622906,115.719257,115.996193,106.626876,21277895
2017-04-06,115.146169,116.368498,114.869919,115.574723,106.242068,23217652
2017-04-07,115.750499,116.340407,114.951093,115.462389,106.14142,23812223
2017-04-10,116.012074,117.960095,114.876582,117.772958,108.273467,48877755
2017-04-11,117.61441,118.563527,116.669598,118.247996,108.712867,35044980
2017-04-12,118.154035,118.738591,116.742965,117.351555,107.89137,30625244
2017-04-13,116.820254,117.211704,115.337389,116.4606,107.074877,27206909
2017-04-17,115.758181,116.286041,113.065976,113.617277,104.470998,35887517
2017-04-18,113.901812,115.20874,113.340083,114.482866,105.2695,28140375
2017-04-19,114.822941,115.061934,114.144503,114.396052,105.192265,29863835
2017-04-20,114.245155,115.258514,113.994262,115.121378,105.861843,18297077
2017-04-21,114.564392,114.701844,112.851378,113.405122,104.2862,16473268
2017-04-24,113.508575,114.511418,113.34149,114.053375,104.89008,22476887
2017-04-25,114.025579,114.480131,110.948029,111.929127,102.939035,34702745
2017-04-26,111.894038,114.456973,111.654465,113.712871,104.582087,53984417
2017-04-27,114.2559,114.678724,112.619311,113.118345,104.037863,31626277
2017-04-28,112.026849,112.860495,111.144421,112.317677,103.304013,19672575
2017-05-01,111.396089,113.597497,111.293453,112.793265,103.749104,34004382
2017-05-02,112.829251,114.082141,111.843705,113.368437,104.280726,20087977
2017-05-03,113.660675,115.91596,112.661206,114.915494,105.706374,27269740
2017-05-04,114.55799,114.812705,113.881685,114.45058,105.281312,35937396
2017-05-05,114.392868,114.875455,113.525579,114.016674,104.884753,18020580
2017-05-08,114.207933,114.292774,113.170748,113.858494,104.746985,19994120
2017-05-09,114.647784,115.729715,114.252534,115.264352,106.042952,14587608
2017-05-10,115.517084,117.169911,114.522517,116.746281,107.40897,35846251
2017-05-11,116.740315,117.251309,114.961592,115.11678,105.912405,26691388
2017-05-12,115.981878,116.363921,114.941318,115.711289,106.462003,24546184
2017-05-15,115.49326,116.487168,115.244052,115.525729,106.299133,14478478
2017-05-16,115.598067,115.652818,112.560461,114.015798,104.912379,19068327
2017-05-17,114.79654,116.971497,114.086944,116.644861,107.334174,24090992
2017-05-18,116.445059,118.274398,115.947198,117.817157,108.415568,28451742
2017-05-19,117.721928,120.8139,117.313204,120.146222,110.561502,28592085
2017-05-22,119.402902,120.460025,116.366004,117.88177,108.485716,23347632
2017-05-23,117.734602,120.374437,117.59794,120.052053,110.485734,22194746
2017-05-24,120.189188,121.970021,120.105214,121.451094,111.776047,35744455
2017-05-25,120.777503,124.823836,119.557391,123.813564,113.953125,30003359
2017-05-26,124.485334,126.562109,124.157626,126.491295,116.420473,22949524
2017-05-30,126.033945,126.811152,123.398689,124.740396,114.820291,41606634
2017-05-31,125.577052,125.886503,122.45237,123.85716,114.010104,42414472
2017-06-01,123.142741,124.506662,122.807549,124.166009,114.297215,32292484
2017-06-02,124.09258,127.322664,123.162173,126.748645,116.677456,22807999
2017-06-05,127.591015,128.568346,122.220545,122.63455,112.898604,46634454
2017-06-06,122.334684,123.291566,120.911802,123.029322,113.264827,20752976
2017-06-07,122.964556,128.147608,121.802711,127.668937,117.539105,33823489
2017-06-08,127.959129,129.255908,126.465196,127.762267,117.627927,22096330
2017-06-09,128.06825,128.564191,125.844073,127.02957,116.956231,22282092
2017-06-12,127.103155,127.701757,123.502688,123.628272,113.833067,28317381
2017-06-13,124.177128,125.759166,124.027734,124.859352,114.969441,31192543
2017-06-14,125.884633,126.255257,120.43439,121.742175,112.101932,22786335
2017-06-15,121.825913,123.419278,121.036055,122.498725,112.801354,28355488
2017-06-16,123.238635,123.748434,119.881935,121.213439,111.620566,28484334
2017-06-19,120.757689,121.710649,118.924346,119.548491,110.09552,34094699
2017-06-20,120.463521,125.371888,119.991634,124.389621,114.556674,39399617
2017-06-21,125.160122,126.24034,122.519171,122.920235,113.206231,35101338
2017-06-22,123.551067,124.900954,123.221862,123.673711,113.902969,27402604
2017-06-23,123.148744,124.718707,121.424076,121.612525,112.007385,38315915
2017-06-26,121.489479,122.221869,119.051462,119.53039,110.097839,22188991
2017-06-27,119.824674,120.043377,117.976612,118.38423,109.044813,38137388
2017-06-28,119.901747,121.171723,118.428263,119.102087,109.708742,29563005
2017-06-29,119.424113,123.598382,118.666863,123.333539,113.609267,48510480
2017-06-30,123.475438,124.825798,120.542659,121.273353,111.714269,43922845
2017-07-03,121.51481,122.067938,120.514348,121.278397,111.727174,25892053
2017-07-05,121.218191,121.509964,119.854512,121.45906,111.899124,61245756
2017-07-06,121.59073,126.423617,121.331654,124.986277,115.151554,27897897
2017-07-07,124.840245,127.110348,123.708413,126.750992,116.780288,18288131
2017-07-10,127.215048,127.661018,123.462851,124.362656,114.588297,25844662
2017-07-11,125.017554,128.702757,124.869145,126.635546,116.685423,24989129
2017-07-12,128.27298,128.327647,125.807658,126.572361,116.630077,25359496
2017-07-13,126.665104,126.809863,124.60288,125.686846,115.816972,17942091
2017-07-14,125.608139,126.196274,124.147046,124.379076,114.614722,24218474
2017-07-17,123.451426,127.467565,123.238445,126.824111,116.87645,38857791
2017-07-18,126.39206,127.065049,125.811538,126.095745,116.208078,24426482
2017-07-19,126.416843,127.714967,124.520795,124.777137,114.995701,46920584
2017-07-20,125.999897,127.768062,123.724616,123.859715,114.153009,22742948
2017-07-21,123.5613,125.805662,123.299822,123.842931,114.140353,40635939
2017-07-24,123.880869,126.23281,123.553142,124.539709,114.791027,34851969
2017-07-25,123.868163,127.041831,123.39991,126.384654,116.494425,16157140
2017-07-26,125.836547,126.971862,124.833044,125.121517,115.332976,32794282
2017-07-27,125.690414,126.57161,122.268117,122.862948,113.253891,25545625
2017-07-28,122.295187,123.853197,119.883038,120.814533,111.368426,26501511
2017-07-31,121.042463,123.405031,120.526095,123.281278,113.650705,22317941
2017-08-01,123.897758,124.227938,122.547743,122.710573,113.12737,18479614
2017-08-02,122.86686,124.358055,122.608263,123.955305,114.277709,35620078
2017-08-03,124.754608,124.831127,120.570594,121.641224,112.147059,16986289
2017-08-04,120.296444,124.998216,119.874426,123.443587,113.811551,16469254
2017-08-07,123.051994,123.638509,120.536833,121.51385,112.040669,20408846
2017-08-08,121.183957,122.172584,120.052657,122.059294,112.546364,34321873
2017-08-09,123.55281,123.665166,120.50771,121.587308,112.113925,16976085
2017-08-10,121.464259,122.404811,120.916687,121.203739,111.762996,24586106
2017-08-11,121.225624,124.793024,120.285117,124.110957,114.446586,19256699
2017-08-14,123.887357,125.569827,123.769967,125.327297,115.576755,11086133
2017-08-15,125.901964,126.751166,124.203037,125.445711,115.688807,24361090
2017-08-16,125.674338,127.239744,125.524505,126.112392,116.3065,30141151
2017-08-17,126.034115,128.746133,125.621065,128.40551,118.424235,54013171
2017-08-18,128.90253,129.492814,127.983407,128.162817,118.203319,22765114
2017-08-21,127.475677,130.250835,127.164144,128.498386,118.521572,24680523
2017-08-22,128.508704,129.298476,125.675255,126.600161,116.773606,29428558
2017-08-23,127.012357,127.701188,126.12555,126.427555,116.617271,30327940
2017-08-24,126.954642,129.791646,126.825613,128.316553,118.362606,20983294
2017-08-25,127.639046,128.829668,125.151935,126.663764,116.840909,36900887
2017-08-28,127.292557,127.601958,126.709097,126.851765,117.022981,22277706
2017-08-29,126.524766,128.07754,124.901263,127.088721,117.244466,40779065
2017-08-30,127.980507,128.982145,125.897079,126.181653,116.410527,44809778
2017-08-31,126.280232,127.485319,125.780338,127.179429,117.333929,26939473
2017-09-01,128.241513,128.558529,126.755091,126.812677,116.998452,30371844
2017-09-05,127.011009,128.322208,126.942159,127.38459,117.537688,19842213
2017-09-06,127.923489,128.454524,126.721256,127.427785,117.580441,19314983
2017-09-07,128.631205,129.146815,127.82054,128.983441,119.018812,48205814
2017-09-08,128.604277,131.161734,128.121199,129.740999,119.720795,25562263
2017-09-11,129.521111,130.967841,129.170931,130.706926,120.621038,31224098
2017-09-12,130.992329,132.015621,129.384704,131.622288,121.46876,55185907
2017-09-13,132.368556,132.906105,128.491964,129.560107,119.568604,22625325
2017-09-14,130.138946,134.32468,128.358801,133.717341,123.408278,27115975
2017-09-15,134.237322,135.340556,132.865214,135.030789,124.623536,45014350
2017-09-18,134.619533,134.972412,133.128585,134.345431,124.000166,40062548
2017-09-19,133.690178,139.469733,133.307134,138.857047,128.167524,26313683
2017-09-20,138.564329,138.730008,136.265674,136.96679,126.425898,23938094
2017-09-21,136.297322,143.36394,135.314116,141.597678,130.703616,30980424
2017-09-22,140.45982,146.450497,139.210747,146.045774,134.812812,39771393
2017-09-25,144.964697,151.144673,144.808963,150.162734,138.623368,41390335
2017-09-26,151.218245,152.338046,149.852613,150.726228,139.146987,22525205
2017-09-27,151.55772,152.537121,150.746821,151.989299,140.316483,41949538
2017-09-28,152.555497,152.61729,151.322198,151.973253,140.305127,20423521
2017-09-29,151.860821,153.810365,149.644581,151.31048,139.696682,33116171
2017-10-02,151.553096,153.260118,150.736188,152.513762,140.818015,30391109
2017-10-03,153.797967,154.674977,149.488458,150.732203,139.176508,21811609
2017-10-04,150.304327,156.840908,150.064231,156.431252,144.442205,49147565
2017-10-05,156.874902,157.176969,156.36029,157.048171,145.015416,28173008
2017-10-06,155.768736,157.014362,154.302338,154.999972,143.127673,34056642
2017-10-09,155.778932,156.951254,153.679625,155.745896,143.827094,33496299
2017-10-10,156.932432,157.530866,151.298517,152.320076,140.666909,22942521
2017-10-11,152.915578,156.94664,152.132659,156.389272,144.428352,21653330
2017-10-12,156.106791,158.394805,155.266452,157.663791,145.608981,27713226
2017-10-13,155.848729,161.329378,155.187769,160.067801,147.832826,26698965
2017-10-16,160.18329,160.804772,159.217128,159.778095,147.576173,37968276
2017-10-17,159.046239,162.757936,158.663851,162.04481,149.673471,32045739
2017-10-18,162.930715,163.223745,159.916195,162.996002,150.555754,26126555
2017-10-19,162.123138,165.474223,161.42791,164.128625,151.605668,59614159
2017-10-20,162.566902,163.300643,161.474078,162.375171,149.989698,22570191
2017-10-23,161.775845,163.325492,158.835936,159.300343,147.160286,25541678
2017-10-24,160.629807,164.639833,159.639593,164.560085,152.022936,26141992
2017-10-25,164.393236,169.53151,163.209183,168.978498,156.108576,41249001
2017-10-26,170.711819,173.830211,166.715591,166.836697,154.133699,24519984
2017-10-27,165.387968,166.285058,162.330504,165.089987,152.523743,29478369
2017-10-30,165.925714,170.983624,165.025444,169.789758,156.877374,30798626
2017-10-31,169.004172,170.042211,167.994148,169.865358,156.951092,27111229
2017-11-01,169.473295,170.258086,166.428585,166.795031,154.117989,44758063
2017-11-02,167.453827,173.932876,166.769351,172.14846,159.068457,38114908
2017-11-03,172.60971,173.441818,170.339178,170.624811,157.664461,29677512
2017-11-06,169.232323,171.589861,166.507532,166.588634,153.946245,32144475
2017-11-07,167.096439,167.733893,166.547689,166.965813,154.298601,19331256
2017-11-08,167.147026,168.634807,165.083733,167.44378,154.744119,43514999
2017-11-09,167.927785,170.006539,167.034286,167.15316,154.479347,37819083
2017-11-10,167.33716,167.655802,164.004851,165.704202,153.144025,36949501
2017-11-13,166.587042,166.679475,163.626842,164.397746,151.947829,47342244
2017-11-14,165.890178,169.00576,165.663981,168.694533,155.92306,51402254
2017-11-15,169.724117,171.078766,164.504631,165.746238,153.201749,17163982
2017-11-16,164.837313,168.954814,164.733535,168.596205,155.839857,26559717
2017-11-17,167.601217,174.799369,166.696827,172.739756,159.673832,27976754
2017-11-20,172.727163,172.860598,170.262538,171.328455,158.380989,25572443
2017-11-21,170.927016,171.771843,170.278454,171.520739,158.562648,25036768
2017-11-22,171.616694,172.01804,167.187396,168.564136,155.833251,47356985
2017-11-24,168.610264,170.18454,167.541843,168.145939,155.4543,34591727
2017-11-27,168.902949,170.747607,168.526696,170.152999,157.321496,30199226
2017-11-28,169.787555,170.684381,165.851104,166.969993,154.382329,23646802
2017-11-29,167.234252,167.965126,166.243845,167.526026,154.900261,22738726
2017-11-30,164.157825,166.630158,163.168723,165.777717,153.287492,34263078
2017-12-01,166.236258,169.479191,165.689416,168.097096,155.435951,24074553
2017-12-04,169.579409,170.350884,163.352865,164.696159,152.302432,35778056
2017-12-05,164.909523,165.240866,161.855032,162.31658,150.10562,22037844
2017-12-06,160.843622,160.979168,160.056395,160.899902,148.799185,25272811
2017-12-07,161.808023,162.453845,160.235598,162.147696,149.956831,40051232
2017-12-08,162.241001,164.71622,162.130927,164.157739,151.819493,27424626
2017-12-11,164.548168,165.410118,160.430699,161.131928,149.03212,21230410
2017-12-12,160.178381,165.385195,159.366898,164.001502,151.689949,47512212
2017-12-13,163.488677,167.381122,161.772094,165.952173,153.497965,27594148
2017-12-14,165.846342,170.354937,163.391288,169.218204,156.522747,27628234
2017-12-15,169.175741,169.757099,168.254321,168.397337,155.767303,26638121
2017-12-18,169.149058,170.069095,168.0314,168.819703,156.169535,35798927
2017-12-19,168.677808,170.329385,167.079696,169.121781,156.452833,48547815
2017-12-20,169.765346,170.762958,168.170115,168.985682,156.330781,31917077
2017-12-21,169.646547,170.362483,163.624036,164.553297,152.234077,23202684
2017-12-22,163.672316,164.379876,163.445949,164.250733,151.957909,32917295
2017-12-26,164.703895,166.018792,161.823872,162.801172,150.631682,33920023
2017-12-27,162.862618,166.489413,162.369253,164.852364,152.533304,29120074
2017-12-28,165.920447,167.563328,164.71039,165.099528,152.765762,13200374
2017-12-29,165.772306,167.593209,165.506595,165.777313,153.396693,17568449
2018-01-02,165.907197,168.062771,161.39922,163.615772,151.411503,52279548
2018-01-03,163.168915,167.288099,162.292117,166.986255,154.534387,34713436
2018-01-04,165.135702,170.590058,163.362297,169.26652,156.648476,19696186
2018-01-05,168.22886,173.012357,165.484859,171.80295,158.999745,19252197
2018-01-08,171.92067,174.478241,171.208487,174.270688,161.295503,33026653
2018-01-09,174.33476,176.476751,173.473878,175.830682,162.743359,18112628
2018-01-10,175.726954,179.828037,174.352567,179.03905,165.717007,32781416
2018-01-11,179.259905,181.055896,177.904318,180.502466,167.075649,27242224
2018-01-12,179.875379,182.516623,179.392054,182.170156,168.623442,29811970
2018-01-16,180.670786,185.461069,178.717477,184.682364,170.965684,38119164
2018-01-17,183.095668,183.653318,178.155523,178.592925,165.332592,26187732
2018-01-18,178.632104,179.412279,176.387252,179.264053,165.957979,23838245
2018-01-19,179.60442,180.563664,172.981891,174.554132,161.601639,22019721
2018-01-22,174.83597,180.638077,173.118837,178.079507,164.877607,44223984
2018-01-23,178.805136,180.517544,175.728542,175.88278,162.847747,33683928
2018-01-24,176.14332,180.37156,174.237356,178.690477,165.451437,25697537
2018-01-25,179.594601,180.571673,177.746615,179.34213,166.058901,28487563
2018-01-26,179.050659,179.214878,177.565089,178.879657,165.634763,50784981
2018-01-29,178.391881,180.29784,177.150402,180.159198,166.831894,18732779
2018-01-30,182.125233,182.489706,176.544547,177.333881,164.219627,37503045
2018-01-31,175.586324,183.801942,174.515926,182.870303,169.35079,28625380
2018-02-01,182.324166,191.075693,180.877056,190.172524,176.117502,46647208
2018-02-02,191.026767,193.951165,189.779902,191.207784,177.080612,26401811
2018-02-05,191.93049,195.395168,191.205139,195.058303,180.659994,37137925
2018-02-06,195.65584,195.927412,193.22814,193.416137,179.143459,28990923
2018-02-07,194.311207,195.202169,190.961468,193.322253,179.060915,21674048
2018-02-08,192.34424,194.202299,192.228229,192.862043,178.639057,32716403
2018-02-09,191.790935,193.033774,190.89173,192.207026,178.036732,27671872
2018-02-12,193.06335,195.898363,192.25227,195.27009,180.887345,18717447
2018-02-13,193.809041,194.447438,192.611611,193.351962,179.114912,35484297
2018-02-14,192.758086,194.473919,192.676722,193.283282,179.055701,28776038
2018-02-15,192.876491,194.157267,187.964678,189.556448,175.607526,24939338
2018-02-16,188.538925,189.912977,185.820928,189.043205,175.136367,14895935
2018-02-20,187.572146,190.576782,187.25729,188.77582,174.90589,29942583
2018-02-21,189.112953,191.475818,186.484303,187.641018,173.85875,16187503
2018-02-22,186.29524,193.307356,185.395988,192.890022,178.726617,21010847
2018-02-23,192.068844,194.401876,191.291437,193.17858,178.998398,21154960
2018-02-26,194.298431,195.59932,190.190711,191.101087,177.086492,25430118
2018-02-27,190.114637,193.597637,189.603819,192.483771,178.372171,45526717
2018-02-28,193.665669,195.906522,192.121152,193.100992,178.94855,25198294
2018-03-01,193.247047,193.538422,192.724486,192.87203,178.740773,25658585
2018-03-02,193.513469,195.290436,189.854311,190.308295,176.369223,19995550
2018-03-05,190.021921,191.662068,189.805511,190.348008,176.419068,15898970
2018-03-06,190.372191,193.787318,189.481826,190.303199,176.381883,46701571
2018-03-07,190.865718,195.212962,189.827251,193.584453,179.427524,20821862
2018-03-08,193.12963,195.548367,192.92272,195.201353,180.930638,20671714
2018-03-09,196.324964,196.502504,192.991,193.83561,179.669168,27160608
2018-03-12,193.667415,198.245718,193.108905,196.361369,182.023787,12920347
2018-03-13,194.331304,203.206595,193.704205,202.854294,188.047257,27799591
2018-03-14,203.940878,204.110319,202.140932,203.291847,188.457514,32008592
2018-03-15,203.317369,206.511112,201.510739,203.706601,188.846657,21904378
2018-03-16,204.013734,208.231315,203.802102,205.262326,190.293585,22033940
2018-03-19,206.068751,206.273039,202.8645,203.509888,188.68289,27688860
2018-03-20,202.880403,203.02318,201.442752,201.979712,187.268811,35105760
2018-03-21,199.990904,200.620036,199.806906,200.263232,185.681924,30081303
2018-03-22,200.281429,206.284361,199.218359,203.801907,188.967602,33860035
2018-03-23,203.869454,205.272172,201.300798,202.491106,187.756838,52536670
2018-03-26,201.168143,205.678039,200.236724,202.334553,187.625546,37580077
2018-03-27,202.67014,206.121723,201.426823,205.424668,190.495714,41900717
2018-03-28,206.148707,208.007797,205.26232,207.257152,192.19976,50946497
2018-03-29,206.570798,211.782263,204.992286,211.442576,196.085942,25392777
2018-04-02,211.717104,212.089068,207.238314,209.014479,193.853299,35145235
2018-04-03,208.842839,212.808214,207.084395,212.192491,196.805638,19742939
2018-04-04,211.999972,213.785643,210.242196,210.36036,195.111169,33691810
2018-04-05,210.665011,214.152904,210.386623,214.027249,198.517133,32366283
2018-04-06,212.592206,219.014458,210.472412,218.485769,202.657547,25927326
2018-04-09,218.388338,219.102049,216.402386,216.74385,201.056684,26476913
2018-04-10,217.114139,217.733768,211.494331,213.882538,198.407353,32267659
2018-04-11,213.919832,215.297015,211.464191,213.095997,197.682592,23618589
2018-04-12,213.802832,219.00278,211.678593,216.540901,200.883273,22556057
2018-04-13,216.8063,218.584214,213.701015,218.488917,202.695426,35650678
2018-04-16,218.640084,224.084369,218.341143,223.225084,207.104548,39942524
2018-04-17,225.016105,229.295367,224.545003,228.932346,212.404885,61454664
2018-04-18,228.209595,231.56469,227.279636,231.056452,214.380927,19562316
2018-04-19,231.353327,233.625681,225.802237,225.920173,209.620502,28244724
2018-04-20,225.956042,226.731115,221.03794,222.42398,206.381637,33516061
2018-04-23,220.865285,224.484562,219.662665,222.937415,206.873333,21957843
2018-04-24,224.125375,225.158659,222.746409,224.142206,207.996436,19867886
2018-04-25,224.044552,224.42302,221.526233,222.269467,206.263679,27300672
2018-04-26,222.815552,224.035429,217.733478,218.11337,202.411853,29000249
2018-04-27,218.322683,218.51745,215.455729,217.391277,201.746714,23674537
2018-04-30,217.028787,219.277452,216.305382,218.121031,202.438915,28494573
2018-05-01,219.309219,220.10811,216.781009,217.865824,202.207039,39219182
2018-05-02,217.613584,221.696969,216.73504,220.093401,204.279545,54648231
2018-05-03,219.636512,220.038333,217.536563,219.128078,203.388594,19714930
2018-05-04,219.246267,221.023336,218.912341,220.37312,204.549247,25072082
2018-05-07,220.901605,222.355625,218.071275,221.916419,205.996957,29389065
2018-05-08,222.412408,225.560755,218.766914,218.962441,203.259894,28471957
2018-05-09,218.923279,220.712187,218.780135,219.431253,203.700106,27218286
2018-05-10,218.292471,218.479824,213.230194,214.106067,198.761583,14470319
2018-05-11,214.495546,215.822366,209.962569,210.59877,195.510463,40583158
2018-05-14,209.990222,211.063447,209.7042,210.962759,195.862852,26290330
2018-05-15,209.78391,213.307331,209.345214,212.47396,197.270748,41065130
2018-05-16,212.177658,213.388152,210.346658,211.250723,196.13987,24104116
2018-05-17,211.305574,212.373518,211.160137,211.595611,196.46493,26234353
2018-05-18,211.984799,212.543928,210.893267,211.067203,195.979135,43723732
2018-05-21,211.572069,213.70041,211.357409,213.489655,198.243074,45350610
2018-05-22,212.332474,216.74469,210.77675,215.298988,199.928117,49541578
2018-05-23,215.970272,216.521354,210.472261,211.547734,196.449518,37435027
2018-05-24,211.004394,211.168247,210.443419,210.797501,195.757653,22934954
2018-05-25,211.413394,215.61996,211.119721,213.336373,198.120265,35710060
2018-05-29,213.753299,216.105285,212.183971,212.55299,197.412213,39914223
2018-05-30,213.4153,215.786312,213.297894,215.68501,200.326065,34942814
2018-05-31,215.586722,218.052442,215.068999,217.572086,202.083742,33601868
2018-06-01,217.121829,217.453156,214.306233,214.896256,199.603316,24663682
2018-06-04,215.937084,218.400088,211.637514,212.409249,197.307879,30517876
2018-06-05,213.274255,215.506926,211.188293,212.210842,197.128436,32839346
2018-06-06,211.722837,213.343925,210.729251,212.292385,197.209042,21097188
2018-06-07,213.853585,215.969671,210.248812,212.870656,197.7511,21583753
2018-06-08,212.71487,213.386262,212.082605,212.86165,197.747606,34653954
2018-06-11,213.976042,214.299006,213.25773,213.758622,198.59557,45763785
2018-06-12,213.65708,213.88845,212.855997,213.535331,198.393006,19919311
2018-06-13,212.652663,215.620765,212.398189,215.270688,200.010233,30222791
2018-06-14,215.1607,216.272129,213.458506,213.926891,198.766595,26495751
2018-06-15,214.460229,214.614593,212.754886,212.906561,197.823446,37194244
2018-06-18,213.785966,217.31566,212.267307,216.292466,200.984338,33386066
2018-06-19,216.923495,219.627843,215.845619,218.783598,203.304169,30502143
2018-06-20,219.996503,222.531729,219.037902,222.378542,206.649854,28165795
2018-06-21,221.664693,223.459318,221.328309,223.226732,207.443164,21306117
2018-06-22,225.014475,225.442002,220.982545,222.218086,206.510925,28051366
2018-06-25,222.042368,223.563529,219.071901,219.264487,203.781159,36638723
2018-06-26,219.498794,228.284033,218.533412,225.740265,209.804821,42998775
2018-06-27,225.331262,229.990938,225.21157,228.866159,212.715294,23805078
2018-06-28,227.962579,230.470751,225.231399,230.370068,214.11835,24677659
2018-06-29,230.525713,234.218144,228.591752,231.967945,215.608815,31840605
2018-07-02,231.621476,237.465786,229.643199,234.939794,218.387222,37391878
2018-07-03,232.851034,235.313492,231.307417,234.957079,218.408672,37376406
2018-07-05,234.685659,238.396234,234.397514,237.679656,220.950382,48133409
2018-07-06,236.690834,239.886327,234.582757,238.474571,221.694808,31809206
2018-07-09,240.702589,241.311187,233.383462,234.931722,218.41739,33169251
2018-07-10,234.500149,234.812007,231.342475,233.191961,216.805266,23327658
2018-07-11,233.278007,233.467423,231.489105,232.023587,215.72431,28458528
2018-07-12,233.853998,235.603956,228.095609,228.517217,212.469493,35829963
2018-07-13,228.552451,235.310914,225.460272,234.095684,217.661572,29318144
2018-07-16,233.842939,235.224929,232.981208,234.598065,218.14481,41014756
2018-07-17,236.408509,236.949105,233.949652,234.74293,218.284894,31659223
2018-07-18,234.847879,236.778621,233.659029,236.347172,219.782077,28472283
2018-07-19,238.22863,238.410037,235.045091,236.075861,219.535191,47087986
2018-07-20,235.870992,241.603801,234.329281,241.453068,224.541176,28316360
2018-07-23,242.519172,245.208201,241.816191,245.081569,227.932377,38357611
2018-07-24,242.81613,243.798907,239.860696,241.434211,224.545771,62836457
2018-07-25,241.102905,241.456404,240.720209,240.865409,224.022276,15249461
2018-07-26,240.391595,242.656955,239.157136,242.055221,225.134436,18156484
2018-07-27,242.154232,243.533808,241.857047,243.391392,226.382779,22613187
2018-07-30,243.481402,245.163412,241.980478,244.203046,227.154505,34561825
2018-07-31,245.549024,247.339848,243.407315,244.178116,227.136912,33280485
2018-08-01,243.843822,247.527778,241.692841,246.277761,229.095668,27753522
2018-08-02,244.479713,245.583941,242.089018,243.723885,226.725555,20062175
2018-08-03,243.956086,246.117995,242.407502,244.761812,227.696703,23025653
2018-08-06,245.122816,246.150389,244.222927,244.973891,227.910843,28229008
2018-08-07,245.461225,246.970515,245.059351,245.581147,228.481432,29130383
2018-08-08,245.623854,248.401773,244.746295,248.060454,230.793793,49578551
2018-08-09,248.277146,257.464447,248.065133,254.94758,237.207373,31357314
2018-08-10,254.410441,255.661327,254.14741,254.344539,236.652125,47280149
2018-08-13,252.481666,255.975032,251.418628,254.934908,237.218963,28209462
2018-08-14,254.644817,255.410574,252.906389,255.228675,237.498167,20836128
2018-08-15,254.228155,259.498519,254.046152,258.188832,240.258605,21552392
2018-08-16,256.893961,257.07399,255.656962,256.29372,238.500978,14063601
2018-08-17,256.218133,261.60534,254.44189,261.264741,243.132886,47605413
2018-08-20,260.372801,263.565488,259.075083,261.787595,243.637463,35304557
2018-08-21,262.085697,265.132468,261.805371,263.256186,245.010271,34984744
2018-08-22,263.716447,267.828924,259.016414,259.65224,241.662065,24132293
2018-08-23,259.389833,259.59737,253.981015,257.009665,239.208477,10131582
2018-08-24,258.281413,259.207366,255.286251,256.620755,238.852388,45030761
2018-08-27,256.450118,257.516805,254.788329,257.356489,239.554888,23123857
2018-08-28,257.386004,259.541337,254.902086,255.133285,237.491318,50689559
2018-08-29,255.457175,256.161133,254.51622,255.519323,237.856523,23720365
2018-08-30,255.55576,256.515925,251.203822,253.617337,236.091829,32920741
2018-08-31,254.4499,255.040584,247.796304,249.570519,232.330379,24917265
2018-09-04,250.837919,251.424801,247.460767,248.19903,231.076406,27710224
2018-09-05,248.679325,252.944322,247.333894,252.019214,234.638827,35397169
2018-09-06,251.182958,252.942193,245.310236,247.844551,230.757754,38679256
2018-09-07,249.539675,250.8414,248.324038,248.803879,231.656652,30027978
2018-09-10,250.141888,254.18592,249.319007,252.257539,234.889653,27247997
2018-09-11,250.715816,256.88177,249.012745,256.148497,238.518597,23780939
2018-09-12,257.189079,258.053717,253.936127,254.857702,237.322491,35199563
2018-09-13,254.819011,258.285667,253.814699,257.579778,239.863188,30634378
2018-09-14,257.44937,259.6053,256.294124,258.340342,240.577368,34715193
2018-09-17,256.813726,263.176764,256.200105,260.79431,242.880558,15874438
2018-09-18,261.510761,263.500131,261.163195,262.387332,244.370178,20479925
2018-09-19,262.52236,264.019332,260.787752,261.273992,243.339283,31980309
2018-09-20,261.565817,262.733007,256.106191,256.782985,239.162447,28215855
2018-09-21,259.038683,259.990675,256.21627,257.746552,240.065809,20390082
2018-09-24,258.423883,259.712062,254.893886,255.44329,237.938133,20855922
2018-09-25,255.744531,261.44771,254.838306,260.939504,243.063689,27878264
2018-09-26,259.602517,261.916264,257.956629,258.861127,241.133634,21793405
2018-09-27,256.463461,257.55503,255.212436,257.440851,239.816531,38969731
2018-09-28,257.703532,261.458228,257.20357,259.373229,241.622573,24410231
2018-10-01,259.382075,262.030413,259.180768,259.449444,241.711439,16662936
2018-10-02,260.011052,261.698261,249.578587,251.808911,234.599054,27959236
2018-10-03,250.490333,251.230734,246.886625,247.343925,230.444905,20856530
2018-10-04,246.062908,250.203517,245.676016,247.980558,231.043735,25494676
2018-10-05,249.333467,253.790343,248.744694,251.46347,234.294541,18754625
2018-10-08,251.360992,252.379139,246.819145,249.859845,232.817615,47123616
2018-10-09,250.83183,255.127006,249.940795,254.343872,237.001638,23940819
2018-10-10,254.134783,255.995457,251.659008,255.275847,237.875929,11245172
2018-10-11,254.065328,257.313869,253.32183,254.107499,236.793052,18564818
2018-10-12,253.86277,259.819397,253.662023,259.151468,241.499284,28997812
2018-10-15,257.41568,264.223387,255.224791,263.303458,245.386599,14828028
2018-10-16,262.989416,268.354011,261.240965,265.470293,247.412085,22510791
2018-10-17,268.51261,271.80917,265.799183,266.361428,248.248718,28771557
2018-10-18,264.916679,268.314106,264.650104,264.861968,246.857305,31320961
2018-10-19,266.551556,267.663641,261.670997,264.568937,246.59027,22405926
2018-10-22,265.870171,267.86345,261.133003,262.310964,244.50381,25670053
2018-10-23,262.365081,268.954793,260.838593,267.553866,249.396939,38722993
2018-10-24,269.840047,273.720474,269.546691,271.418568,253.005606,48022570
2018-10-25,270.592772,271.575744,266.900295,268.364263,250.164669,49523184
2018-10-26,269.723002,270.350576,264.119888,264.628277,246.688123,33649124
2018-10-29,264.518113,266.221307,258.673575,260.472277,242.831824,59731944
2018-10-30,260.417054,261.362511,257.362115,258.722086,241.206108,26559486
2018-10-31,259.992593,265.92473,257.884119,264.518551,246.616218,36702590
2018-11-01,264.687735,269.368922,263.227682,269.180378,250.968722,32708571
2018-11-02,267.183243,270.517711,266.90582,268.801781,250.621914,32311192
2018-11-05,268.875982,269.758182,266.003603,268.529258,250.386331,23532079
2018-11-06,269.31272,275.011863,268.887904,272.967534,254.531012,37851814
2018-11-07,274.791268,275.422168,273.989845,274.280138,255.761263,16887068
2018-11-08,274.854844,275.708675,271.480755,273.957837,255.467018,31813391
2018-11-09,273.533281,279.109224,273.348376,278.070902,259.30886,35697429
2018-11-12,277.631743,279.941439,274.343295,276.129026,257.517042,33210787
2018-11-13,276.242412,282.360748,275.430189,280.910688,261.98286,25872955
2018-11-14,280.744686,281.449422,273.504285,276.568013,257.939152,31616258
2018-11-15,277.361747,287.939669,276.398488,286.39464,267.110465,48051955
2018-11-16,288.254869,289.362758,276.227638,279.139075,260.349864,44774871
2018-11-19,280.475998,281.055527,278.295887,280.32376,261.474134,24838458
2018-11-20,282.530813,283.648724,282.0139,283.499532,264.442876,35672585
2018-11-21,283.383164,286.685659,281.479464,283.497644,264.447631,38414977
2018-11-23,282.87126,285.697107,281.499361,283.797059,264.739973,30554132
2018-11-26,285.249417,289.148029,284.556978,288.239823,268.90428,21746381
2018-11-27,286.602474,288.911452,285.078301,285.227771,266.100838,28327135
2018-11-28,284.918816,286.225032,280.914128,281.79005,262.900123,28424408
2018-11-29,281.839976,289.648789,277.309356,288.467461,269.136542,45484388
2018-11-30,288.065145,289.593779,282.945439,287.845986,268.563331,27344034
2018-12-03,284.776704,290.145078,284.057418,287.978535,268.706863,18817379
2018-12-04,287.098955,287.674872,280.485288,281.078982,262.275494,26479672
2018-12-05,281.480692,290.665333,279.542982,287.854142,268.604032,12868735
2018-12-06,290.308403,292.707572,283.721813,290.077358,270.685241,31577132
2018-12-07,290.496192,291.836719,288.149463,288.498504,269.21857,20723306
2018-12-10,289.143408,295.766323,286.916991,295.381885,275.662321,36318903
2018-12-11,296.815426,299.077942,291.447815,293.776988,274.171322,30343980
2018-12-12,294.418133,296.031467,291.118195,293.07279,273.520859,32457037
2018-12-13,293.110309,294.275418,289.776977,292.426054,272.923995,20346699
2018-12-14,293.137186,294.967075,284.223452,286.558253,267.454111,31187259
2018-12-17,286.54635,293.158321,284.192345,292.938798,273.429492,37839042
2018-12-18,296.150037,297.526109,293.899998,296.607668,276.860843,22586283
2018-12-19,295.648454,297.128461,294.2393,295.484431,275.819182,32188580
2018-12-20,296.29772,296.471693,293.532381,294.2733,274.695423,26234422
2018-12-21,294.79329,297.245581,287.970643,290.203192,270.902773,32001587
2018-12-24,289.199313,292.755146,287.400802,291.6386,272.262843,32921507
2018-12-26,291.306497,292.647402,286.580756,287.608743,268.513951,35702540
2018-12-27,288.013059,291.58907,286.146186,286.873749,267.834354,19541963
2018-12-28,284.767912,293.589089,284.133509,292.46711,273.063221,21195571
2018-12-31,295.452481,299.620682,292.587557,292.871422,273.460923,16112652
2019-01-02,292.646297,295.756455,287.184401,290.070739,270.859207,24511747
2019-01-03,290.220417,291.004832,287.610092,288.667737,269.555768,47982021
2019-01-04,286.360911,289.813117,283.595065,287.835183,268.784958,29776192
2019-01-07,285.723307,287.856667,279.224549,282.273587,263.610939,33048793
2019-01-08,282.176739,286.170467,279.248902,280.127377,261.613073,30794860
2019-01-09,279.244135,280.773625,273.081451,273.562488,255.488369,29067257
2019-01-10,272.193742,274.172685,270.471329,270.975159,253.07822,40813525
2019-01-11,270.729379,272.572951,263.817049,266.098686,248.529945,29242045
2019-01-14,267.093141,268.761044,264.818464,265.665187,248.143409,35329416
2019-01-15,266.970114,272.398763,265.628933,271.154281,253.276714,26347643
2019-01-16,271.976638,272.202438,267.427158,268.936247,251.211108,28086750
2019-01-17,267.006631,267.728744,265.01971,265.249214,247.773186,21403716
2019-01-18,267.635719,268.783969,259.234158,262.359745,245.08013,35423169
2019-01-22,261.847698,270.998802,260.612521,270.034786,252.274538,29466091
2019-01-23,269.00337,275.37399,264.928099,271.310813,253.472887,17192129
2019-01-24,269.12859,275.626764,266.780464,273.866876,255.867201,53271135
2019-01-25,272.828825,283.504999,271.344308,282.352689,263.801791,37032198
2019-01-28,281.019912,282.017382,275.830449,278.097611,259.845484,35020690
2019-01-29,279.845801,290.450331,278.656719,285.753613,267.005585,31050511
2019-01-30,282.107778,291.516887,280.989062,290.110893,271.083668,43049954
2019-01-31,288.868713,295.140768,287.4039,292.668796,273.480547,30033345
2019-02-01,295.513257,295.907731,294.101984,294.293253,275.005275,23607200
2019-02-04,292.284399,300.930176,290.025524,298.86573,279.298718,27903959
2019-02-05,299.477846,301.427945,297.395052,298.495735,278.959821,36910570
2019-02-06,298.102752,298.390843,292.349697,293.03796,273.865993,37271684
2019-02-07,292.528099,292.655983,289.301886,290.408298,271.415065,36497103
2019-02-08,291.192977,292.822984,281.105537,282.573285,264.098983,30007259
2019-02-11,281.066738,286.219348,276.445186,284.827727,266.225712,44974871
2019-02-12,281.76241,289.105486,280.046603,288.232405,269.414669,29093942
2019-02-13,289.455655,292.025321,287.178249,287.957608,269.164446,29032703
2019-02-14,287.399451,295.136704,287.102997,291.474732,272.458743,19592190
2019-02-15,289.691819,291.248931,287.254544,290.188945,271.263526,51211287
2019-02-19,289.022741,295.822656,287.855325,293.909075,274.768118,13401946
2019-02-20,291.310235,293.002229,286.384553,289.163236,270.338015,25348973
2019-02-21,286.724319,288.948307,275.259896,276.455077,258.463557,45761020
2019-02-22,277.139964,278.223489,270.150891,271.029614,253.397422,26423571
2019-02-25,272.591745,275.524231,271.536193,275.321037,257.428691,35548622
2019-02-26,275.937784,278.876465,270.879106,273.11673,255.373928,12785837
2019-02-27,272.523611,276.490075,271.369838,275.695214,257.791255,30625160
2019-02-28,277.537353,279.259734,273.697839,274.212781,256.411411,32315222
2019-03-01,271.506018,278.468602,270.097792,277.681026,259.660903,34254067
2019-03-04,273.987639,279.217267,272.170982,277.714593,259.711488,30272621
2019-03-05,276.206989,285.078656,274.054747,282.126323,263.843725,29958911
2019-03-06,280.130756,284.574102,279.557128,283.285633,264.934437,45752380
2019-03-07,282.551041,287.772307,281.063303,285.431748,266.948104,22989080
2019-03-08,286.593006,289.233655,284.408337,284.986514,266.53827,33084019
2019-03-11,283.681026,283.953461,279.293525,281.737294,263.518863,50765827
2019-03-12,281.730844,283.465012,274.557995,276.522674,258.647818,34757372
2019-03-13,278.988172,280.032976,269.819687,271.666171,254.111508,36368183
2019-03-14,270.435057,278.576618,269.436132,277.705519,259.767003,32956712
2019-03-15,278.330473,284.938826,277.009015,282.991331,264.717898,19209136
2019-03-18,280.789501,283.512942,280.565102,281.1751,263.038389,37415256
2019-03-19,280.414075,284.746493,280.255619,281.714633,263.549614,12212195
2019-03-20,281.367023,282.170847,279.948879,281.305159,263.173028,20688135
2019-03-21,282.308502,283.504278,275.815634,278.879572,260.910216,46792192
2019-03-22,279.388978,283.071971,278.105011,280.474938,262.409252,33295730
2019-03-25,280.433898,283.62051,278.064847,278.537959,260.616301,23420827
2019-03-26,277.89386,283.466555,277.23714,283.325169,265.102025,34008983
2019-03-27,284.332363,285.699501,276.671345,278.662223,260.745419,25449126
2019-03-28,279.332756,280.906488,273.107943,273.50262,255.923863,17562300
2019-03-29,275.504966,276.278803,269.850265,270.031917,252.682457,29451841
2019-04-01,268.177932,268.912569,261.107241,264.171267,247.216626,32735347
2019-04-02,262.788185,269.176113,262.456463,269.045819,251.784531,39366828
2019-04-03,269.52218,271.331142,266.551488,266.825897,249.713187,19726237
2019-04-04,264.239012,265.384968,263.506129,264.883904,247.901851,28102203
2019-04-05,264.082028,265.055715,261.814094,262.461904,245.641181,33291482
2019-04-08,263.594253,267.79727,261.656256,266.943471,249.854002,13018113
2019-04-09,265.939717,274.28925,265.014828,271.238128,253.879974,23360615
2019-04-10,273.016897,280.186992,271.092016,277.529355,259.774988,39206185
2019-04-11,279.358961,284.411789,278.207393,281.481743,263.481023,26140330
2019-04-12,283.754034,287.098713,277.176882,277.69926,259.946834,30427436
2019-04-15,277.595716,281.195637,275.254137,279.722319,261.859923,21473023
2019-04-16,277.083105,278.002383,273.381646,275.991099,258.373335,9870999
2019-04-17,273.641646,281.480116,271.608119,281.170017,263.228146,23565117
2019-04-18,280.950619,284.149716,279.840196,283.134546,265.073846,33391809
2019-04-22,283.711914,287.004945,282.485124,285.889558,267.679503,31711833
2019-04-23,288.626245,290.286287,285.49569,286.234223,268.008818,21358587
2019-04-24,284.970004,288.054124,279.855264,286.733849,268.483246,30291231
2019-04-25,287.858275,288.089967,283.167198,285.10887,266.968276,22403428
2019-04-26,283.988322,290.574887,283.034752,289.538951,271.123165,35755114
2019-04-29,289.713324,292.816425,289.173874,289.913452,271.493915,26512721
2019-04-30,289.598927,294.218023,285.628127,287.262436,269.017959,23505144
2019-05-01,288.906236,293.37748,285.290678,291.431884,272.929324,31342632
2019-05-02,290.271589,295.052658,290.132836,294.40983,275.724999,24168646
2019-05-03,293.94409,295.795929,292.460581,292.867003,274.286847,33400773
2019-05-06,290.160786,295.257559,289.319285,293.978031,275.347742,26204265
2019-05-07,296.522543,297.378766,293.067666,294.389235,275.739681,22704756
2019-05-08,294.148533,300.154508,290.59997,297.451587,278.614898,24986372
2019-05-09,298.397917,300.825991,291.871115,293.151977,274.594335,43932891
2019-05-10,291.70368,297.28806,290.929074,295.533163,276.831604,24248187
2019-05-13,293.52466,295.173933,289.972501,291.50623,273.079684,22382482
2019-05-14,292.32165,301.337439,291.170369,300.240345,281.268633,27582651
2019-05-15,299.883241,302.5382,294.360132,296.297699,277.581956,16896411
2019-05-16,295.118075,296.942797,291.834024,292.049143,273.608504,21114130
2019-05-17,293.527818,298.005447,293.3319,295.15252,276.52274,18449896
2019-05-20,295.486464,298.073382,292.115552,294.517084,275.94781,32757032
2019-05-21,293.151402,293.449077,290.108337,292.409943,273.980275,28940930
2019-05-22,291.961656,292.258166,290.237193,290.704887,272.389395,33103218
2019-05-23,291.042902,296.12193,289.702538,295.049435,276.467033,25667731
2019-05-24,297.835921,298.546541,292.792245,293.719604,275.227737,22612995
2019-05-28,291.521536,295.025004,289.807784,294.240831,275.743326,17039120
2019-05-29,292.0908,293.031288,287.530281,287.911103,269.818165,30341457
2019-05-30,287.262575,290.607081,285.988381,289.510296,271.323547,32397575
2019-05-31,287.525014,296.063319,287.087061,295.308469,276.764305,38818946
2019-06-03,295.611322,297.000015,292.736731,296.703009,278.09183,27548650
2019-06-04,297.551359,300.353553,295.480866,298.654911,279.928193,23156244
2019-06-05,299.217784,305.216808,298.939282,305.028082,285.908789,25037236
2019-06-06,304.674089,308.177196,299.819144,300.939571,282.083498,32416003
2019-06-07,300.520578,301.375144,297.497995,298.38489,279.695778,21755963
2019-06-10,299.288966,301.470766,297.257291,300.073146,281.299085,25297523
2019-06-11,297.417126,297.625314,294.577354,295.64973,277.159249,37177986
2019-06-12,294.049441,294.43283,292.622421,293.643848,275.285602,41474076
2019-06-13,296.308189,298.103762,291.075102,291.361081,273.152281,28907274
2019-06-14,291.063584,297.920213,290.717899,295.196651,276.754964,21387368
2019-06-17,295.871617,304.381914,295.11096,300.353398,281.610372,28323581
2019-06-18,300.407801,301.361466,298.812246,300.819877,282.054691,22396599
2019-06-19,299.481962,304.477471,297.183493,303.255003,284.34492,29598574
2019-06-20,303.315926,312.267023,301.780828,311.060527,291.670902,21266163
2019-06-21,312.482168,315.01371,308.087833,309.443047,290.161395,35304745
2019-06-24,311.091796,313.619478,309.572767,312.283698,292.84669,23262020
2019-06-25,311.857651,318.092874,309.823216,316.911548,297.193819,29617127
2019-06-26,320.342384,324.009561,309.455888,311.878823,292.481428,25896900
2019-06-27,310.085531,316.699905,309.954649,314.29136,294.75118,28825978
2019-06-28,312.270429,313.732864,310.148461,311.98995,292.600063,25338555
2019-07-01,312.830061,313.375882,303.362579,304.493974,285.591066,21881756
2019-07-02,304.170295,314.361847,303.785068,312.600363,293.201437,33400734
2019-07-03,313.219075,314.915436,310.732448,311.159669,291.857339,27265785
2019-07-05,312.384635,316.913114,310.331335,315.386237,295.836297,20431952
2019-07-08,316.45781,317.189743,314.22025,314.619209,295.138632,43638736
2019-07-09,316.794009,320.081834,316.21531,318.671341,298.94723,44177383
2019-07-10,316.495673,317.777322,312.343101,313.946503,294.522092,22321143
2019-07-11,315.227878,315.520273,313.423077,314.727547,295.262086,21970898
2019-07-12,316.203406,321.991859,314.682264,318.304841,298.625488,28478342
2019-07-15,318.072162,319.03789,314.963338,315.428485,295.948841,42124259
2019-07-16,316.694587,319.224542,313.227055,315.143893,295.68911,35338269
2019-07-17,314.318372,315.533893,312.898771,314.600302,295.18635,20069897
2019-07-18,314.779218,315.690281,308.197135,309.958934,290.838567,27103733
2019-07-19,310.299767,310.537813,303.357092,304.852496,286.054177,26463652
2019-07-22,304.390622,306.15172,304.097941,305.224501,286.424415,48879842
2019-07-23,303.985753,313.069558,301.795427,310.468338,291.352441,16737387
2019-07-24,309.245385,310.636824,305.643301,308.446237,289.461975,26626222
2019-07-25,310.201503,314.183282,301.994102,303.946448,285.246168,26835732
2019-07-26,303.423376,311.068366,301.778309,309.422027,290.392018,30103434
2019-07-29,309.653803,310.954755,303.145099,303.751653,285.091456,25786400
2019-07-30,303.232752,303.875641,296.444455,297.912163,279.61759,27245745
2019-07-31,298.377708,299.247814,294.309125,297.52286,279.259075,42499991
2019-08-01,297.103486,297.546606,294.105895,296.631444,278.429239,37563502
2019-08-02,295.923581,300.91117,295.404526,300.189834,281.776219,18468159
2019-08-05,298.638972,300.665735,296.489716,297.138669,278.93283,27770438
2019-08-06,297.854735,298.362882,293.72973,293.916979,275.915334,28443536
2019-08-07,295.892411,296.814257,286.73492,288.080975,270.443433,28965409
2019-08-08,285.64212,287.210088,280.620124,284.139379,266.749732,23703207
2019-08-09,283.146636,284.896604,275.688763,277.005947,260.059282,22404036
2019-08-12,278.529661,279.495714,273.53702,275.097835,258.286997,20567316
2019-08-13,275.835754,277.692284,268.320592,270.241332,253.73352,20309967
2019-08-14,272.70495,280.101876,270.838338,279.978613,262.882472,18164095
2019-08-15,279.187858,279.830641,266.58392,268.196132,251.825662,34776608
2019-08-16,266.606931,273.419745,264.503665,271.268034,254.716333,21064720
2019-08-19,269.676664,271.528839,266.190876,268.487037,252.123659,39450776
2019-08-20,270.581145,270.758391,256.534999,257.511935,241.823411,26864584
2019-08-21,255.784456,261.245078,252.605964,258.200751,242.476236,21004931
2019-08-22,258.555886,263.600638,245.127159,248.418698,233.295662,30475268
2019-08-23,250.577911,252.807943,246.887227,249.287259,234.117116,29874839
2019-08-26,249.099649,253.363653,245.437198,245.878837,230.933182,27218295
2019-08-27,246.440575,254.412365,244.163121,252.224223,236.898702,27716965
2019-08-28,252.183725,252.488912,247.181479,248.834749,233.720937,25866914
2019-08-29,250.391504,251.839403,246.037023,247.206896,232.197679,21827307
2019-08-30,245.471246,246.575825,238.176746,239.454675,224.921677,17124905
2019-09-03,237.806398,246.518422,235.454532,245.171113,230.313872,43505888
2019-09-04,245.018134,247.798473,236.427139,240.457514,225.891481,25738707
2019-09-05,240.608674,254.464396,239.916486,248.439389,233.395594,20956119
2019-09-06,249.822937,250.732018,245.490275,249.863743,234.739483,33982943
2019-09-09,249.989614,254.853706,249.194579,253.761207,238.418657,16321976
2019-09-10,253.690584,258.668187,251.437913,257.91804,242.330136,27392415
2019-09-11,259.394985,267.507672,258.043499,265.530203,249.488387,23838190
2019-09-12,263.462391,266.217456,261.14783,265.920641,249.861394,44656670
2019-09-13,266.367297,271.307161,260.676748,261.040969,245.282455,23970885
2019-09-16,258.869983,267.756694,257.709283,266.978039,250.879661,21885568
2019-09-17,269.622788,271.293553,266.562002,270.282385,253.991018,38524643
2019-09-18,269.463611,270.495432,267.870843,269.786288,253.53107,23206112
2019-09-19,269.821767,272.231523,268.061691,270.644995,254.344306,33682249
2019-09-20,269.691485,270.92008,266.232762,267.98052,251.846516,30256438
2019-09-23,266.854082,272.050653,265.881651,271.843568,255.495871,14060498
2019-09-24,272.614723,275.280596,268.970581,275.030523,258.497543,10967143
2019-09-25,276.115934,277.621032,275.270254,276.269756,259.668681,41171954
2019-09-26,276.79699,282.568087,275.681518,281.050362,264.168529,24870397
2019-09-27,281.358138,284.237477,273.918577,276.192736,259.609082,23254280
2019-09-30,276.501114,277.0661,272.506326,276.16746,259.604514,31045445
2019-10-01,277.106584,278.155549,271.727221,274.310942,257.865693,28320831
2019-10-02,273.140729,277.179992,267.953843,269.035474,252.912727,33017333
2019-10-03,269.020166,270.442428,262.576831,263.780818,247.979082,32280794
2019-10-04,262.740367,265.789666,262.452996,264.253615,248.429678,21144000
2019-10-07,262.375867,263.916457,261.102565,263.621559,247.853792,21152238
2019-10-08,262.745657,266.962264,261.915475,265.131868,249.279908,26225295
2019-10-09,266.644675,270.107947,265.26139,268.676238,252.618588,21227589
2019-10-10,270.025518,271.140288,269.477153,270.386757,254.233141,18120060
2019-10-11,271.886554,273.964053,268.886304,271.140803,254.948421,40638097
2019-10-14,270.169512,278.533269,269.820371,278.23442,261.63775,31315855
2019-10-15,278.956205,284.21958,277.270483,283.535655,266.629337,26587566
2019-10-16,283.973347,284.597118,268.41602,270.191456,254.087071,33305615
2019-10-17,268.508627,273.364336,268.243231,272.816135,256.561631,30137008
2019-10-18,272.452083,273.235408,268.847717,269.274581,253.237324,35040703
2019-10-21,264.595782,267.062034,262.245059,266.334814,250.491157,43515740
2019-10-22,266.132633,270.045518,261.664272,264.254126,248.540369,27440952
2019-10-23,262.680577,265.114177,262.159252,263.115377,247.475433,40641465
2019-10-24,261.835999,269.089082,259.535159,268.339191,252.394955,30509321
2019-10-25,270.029527,278.983789,267.193362,274.905755,258.577717,19419920
2019-10-28,271.877371,284.042541,270.062522,282.889966,266.107377,19653552
2019-10-29,284.415922,288.69233,282.532996,286.937012,269.92098,44458008
2019-10-30,290.153004,290.695984,286.01314,288.01507,270.941784,33584426
2019-10-31,286.443428,292.781472,284.785855,290.734761,273.506993,23815507
2019-11-01,290.455122,293.211575,281.870561,284.203253,267.369103,26416526
2019-11-04,285.59099,286.574064,282.084559,284.386354,267.561136,24593531
2019-11-05,284.530988,286.774007,278.125067,281.550032,264.899148,44513984
2019-11-06,280.616735,287.697014,279.35875,286.217171,269.296908,16402493
2019-11-07,284.099766,293.556132,282.711763,290.291599,273.137198,20597008
2019-11-08,288.36778,297.124255,286.434483,294.77127,277.358984,28443318
2019-11-11,294.408249,297.306461,291.645667,292.039767,274.809145,25323649
2019-11-12,293.474408,294.059409,290.050236,292.031486,274.808124,38820098
2019-11-13,290.875764,294.837967,290.581605,293.513577,276.209611,63689649
2019-11-14,293.104101,297.29667,290.005694,295.495216,278.081275,28292652
2019-11-15,294.305601,299.460866,291.516249,295.83966,278.412281,14180097
2019-11-18,293.900571,294.963786,287.805593,288.154815,271.200183,21171267
2019-11-19,290.450162,290.732162,286.442578,289.340157,272.322491,30464578
2019-11-20,289.143471,293.800588,288.524659,293.505201,276.249373,40280682
2019-11-21,296.194418,298.314283,287.048694,288.299373,271.356294,11798334
2019-11-22,289.596037,291.669936,288.436064,290.337202,273.281095,52973753
2019-11-25,288.429924,290.664309,283.136828,289.356815,272.378436,26362712
2019-11-26,287.957553,293.054652,287.28332,291.092679,274.019198,23759355
2019-11-27,291.82977,294.011633,289.612689,290.504516,273.472271,31759265
2019-11-29,289.629101,289.877137,288.287875,288.784265,271.866275,31695451
2019-12-02,286.016033,291.330884,284.037005,288.076568,271.220087,28639731
2019-12-03,288.574666,290.040764,285.347322,288.769275,271.87896,25457991
2019-12-04,290.318518,291.991132,287.005671,288.391733,271.530191,33953890
2019-12-05,288.75165,294.075422,288.055576,292.694798,275.588457,18540393
2019-12-06,294.46899,297.930077,293.280812,294.994232,277.760346,46091620
2019-12-09,296.572957,304.507747,294.300615,301.230903,283.653631,24642648
2019-12-10,302.86443,307.219545,299.137637,299.574654,282.100979,20454849
2019-12-11,298.508038,302.238025,297.893362,300.780071,283.243065,20300942
2019-12-12,302.330572,302.91866,294.384009,294.984575,277.79232,19080326
2019-12-13,295.690603,304.184612,295.119546,304.044968,286.331712,30930310
2019-12-16,304.745207,311.888004,303.589397,308.037886,290.113453,27842254
2019-12-17,308.249835,310.500229,307.000588,308.687418,290.732353,18012050
2019-12-18,309.128291,318.786226,305.078434,316.149728,297.767948,28918928
2019-12-19,315.641521,319.803635,312.352325,313.754916,295.519659,16056621
2019-12-20,316.440349,320.530824,315.316402,318.900904,300.373966,34543242
2019-12-23,318.411862,318.746426,313.403772,315.527698,297.218701,27227007
2019-12-24,315.20623,323.698063,312.060137,318.338213,299.873521,53590609
2019-12-26,316.275403,322.567035,315.526026,321.636092,302.995043,39342282
2019-12-27,320.928527,322.406896,308.530637,309.264656,291.347797,32320023
2019-12-30,308.310855,315.74512,306.336295,315.464943,297.210848,57456574
2019-12-31,317.54898,323.222998,305.213501,308.325454,290.491637,39359484
2020-01-02,307.020279,308.845806,296.976365,298.137303,280.90662,37392830
2020-01-03,295.323486,296.180039,288.560568,289.242827,272.532911,27787794
2020-01-06,286.514781,295.32264,283.157642,293.28448,276.361501,36512019
2020-01-07,292.387045,305.89705,289.255262,303.884173,286.356631,28450830
2020-01-08,302.379501,303.547729,290.648717,292.76861,275.888993,33016137
2020-01-09,292.583912,297.216548,290.59384,296.910416,279.798897,26784907
2020-01-10,296.426655,296.942416,294.163617,296.755379,279.659686,26841277
2020-01-13,297.374414,309.561252,297.044964,307.477017,289.785085,40253767
2020-01-14,307.200214,313.711215,303.661464,312.777751,294.788084,31287057
2020-01-15,314.920863,322.195828,313.241557,320.716575,302.277748,18112484
2020-01-16,322.226968,324.952744,320.01102,321.547692,303.06855,39162160
2020-01-17,320.721428,326.720474,317.875908,323.710735,305.114802,37262028
2020-01-21,324.817529,332.565214,324.06605,330.016713,311.089186,18615618
2020-01-22,331.387645,337.425909,330.958342,335.215104,315.997219,21097434
2020-01-23,337.36541,337.73947,327.398237,328.261509,309.449898,41304293
2020-01-24,327.684066,332.657263,325.580539,331.297057,312.319185,41678610
2020-01-27,329.282936,334.569345,327.921272,334.129832,315.012974,31116543
2020-01-28,331.331283,333.578335,328.340773,333.157773,314.10427,22674768
2020-01-29,333.0487,340.814991,332.235612,338.600709,319.243787,23501686
2020-01-30,336.293411,338.935826,332.40511,332.899712,313.876435,32600774
2020-01-31,332.213647,340.065585,331.748135,335.721653,316.544918,35094980
2020-02-03,336.822279,340.318283,332.205312,333.997575,314.942602,36907215
2020-02-04,335.188234,336.695319,331.430813,333.000143,314.009812,35649584
2020-02-05,336.716606,342.876876,336.418586,341.519611,322.051367,23472755
2020-02-06,341.196571,342.675249,333.562664,337.525454,318.292739,31428647
2020-02-07,337.786675,339.309176,335.08279,337.85844,318.614602,22020635
2020-02-10,336.322935,343.09284,334.417481,338.740861,319.470376,80904713
2020-02-11,341.080189,342.521164,337.375008,338.05489,318.831286,22098084
2020-02-12,336.875029,348.249426,334.60449,346.513494,326.816942,28223975
2020-02-13,347.047563,351.389303,346.106095,348.505808,328.704107,26505422
2020-02-14,346.580768,347.726635,339.965106,342.182907,322.748419,33865852
2020-02-18,342.346574,347.493841,340.175283,346.167381,326.538775,32367876
2020-02-19,347.442918,351.027564,341.738521,343.880704,324.389752,16970843
2020-02-20,342.475318,345.609644,340.612328,344.63546,325.10974,17069441
2020-02-21,347.104503,348.436375,342.507616,345.345816,325.787877,31501602
2020-02-24,343.630504,344.193048,341.198445,341.342542,322.035125,25095481
2020-02-25,341.300965,344.428639,340.444976,341.229022,321.935958,42909770
2020-02-26,338.132877,342.372303,337.704359,339.917795,320.706771,23713625
2020-02-27,338.362573,343.802309,335.124035,342.755406,323.391978,20977148
2020-02-28,343.68646,344.093269,338.340016,339.161442,320.008934,13602494
2020-03-02,337.089845,345.586912,334.741839,342.716148,323.386809,27086233
2020-03-03,342.943809,343.997855,339.383784,339.914529,320.751107,34151068
2020-03-04,337.929142,345.029966,335.117875,343.749302,324.377679,31948490
2020-03-05,343.913414,345.275783,340.796699,340.947138,321.741355,30951152
2020-03-06,339.996211,342.710831,337.90458,338.935475,319.850892,16480393
2020-03-09,340.665192,341.040398,329.076745,329.648138,311.109498,29460053
2020-03-10,328.233126,338.752999,328.029466,336.620048,317.697152,43337474
2020-03-11,335.090553,339.161167,334.466469,337.903762,318.916561,33861630
2020-03-12,337.307922,340.363478,335.297277,338.759881,319.732452,20998696
2020-03-13,338.492753,346.655539,338.126074,344.703444,325.350194,27515913
2020-03-16,345.123451,347.128804,344.12655,345.327726,325.963522,24373131
2020-03-17,343.242411,350.760782,341.93198,348.855886,329.301954,19573239
2020-03-18,349.344631,351.196081,347.189285,350.336251,330.707491,20689156
2020-03-19,350.962607,353.651194,349.017895,349.92135,330.323976,19115792
2020-03-20,349.434229,354.157902,344.641732,347.652406,328.190191,31791639
2020-03-23,346.155741,348.987404,344.440947,348.233796,328.763335,22409911
2020-03-24,348.769028,349.232169,345.36245,347.721132,328.287425,21052390
2020-03-25,346.267329,351.753751,344.766427,351.364201,331.735062,29837762
2020-03-26,351.362501,354.327154,347.90971,352.09553,332.433726,21282314
2020-03-27,353.240103,354.022795,347.720275,349.740105,330.21797,20519348
2020-03-30,352.289901,353.787746,343.83826,344.374195,325.175616,18527988
2020-03-31,344.563344,348.170691,342.588612,347.7624,328.383023,23705658
2020-04-01,349.485022,352.280277,345.811428,346.695908,327.384029,18635595
2020-04-02,348.509775,350.232365,342.776876,345.169095,325.950295,26522671
2020-04-03,346.702063,348.721941,341.23093,343.019207,323.928093,20836923
2020-04-06,341.699268,350.529782,340.765069,350.342317,330.868085,34520202
2020-04-07,351.132375,352.313519,346.16788,347.583451,328.270662,25566099
2020-04-08,347.504473,352.210415,345.318254,351.262498,331.753465,22765118
2020-04-09,350.442586,353.789262,349.676042,351.010019,331.523177,27894330
2020-04-13,350.673956,352.188459,343.197316,344.208074,325.130897,31845591
2020-04-14,346.364552,348.417971,342.461471,343.749003,324.705269,18098910
2020-04-15,344.300045,347.211971,343.747337,344.522527,325.443959,29501609
2020-04-16,343.817942,347.388774,341.207271,346.63334,327.445951,27424144
2020-04-17,347.605703,350.262773,345.728737,347.888196,328.639444,34127424
2020-04-20,346.706049,351.454132,343.874284,350.271807,330.91563,21856743
2020-04-21,352.23972,353.058955,349.121331,351.28691,331.882815,24027224
2020-04-22,345.977597,349.36126,341.320302,347.68244,328.485541,22406171
2020-04-23,345.773582,348.255532,334.390243,335.044681,316.553362,18157553
2020-04-24,335.775743,347.899534,326.828534,329.665755,311.478976,26306761
2020-04-27,327.76611,335.619033,326.628281,335.289876,316.816248,17358336
2020-04-28,335.966455,342.380243,330.931648,332.018201,313.732565,32152439
2020-04-29,328.774918,352.518312,326.959051,346.401743,327.33201,22218604
2020-04-30,344.36372,346.498524,339.464804,343.821868,324.902166,22165664
2020-05-01,342.10692,349.754037,335.669926,337.22086,318.672248,39581437
2020-05-04,337.316703,345.675894,329.390518,342.874313,324.038689,35442558
2020-05-05,341.713554,347.536621,334.943658,338.666401,320.069823,35224614
2020-05-06,345.37258,346.866156,338.158443,339.516109,320.880779,20273060
2020-05-07,338.247785,341.44081,336.265576,340.531612,321.848474,28456843
2020-05-08,346.771706,354.257856,345.004938,353.405462,334.024235,46328388
2020-05-11,353.778313,362.971794,341.124651,343.908976,325.072578,24645657
2020-05-12,342.699561,359.017376,341.787895,354.55311,335.141976,37571902
2020-05-13,353.040759,353.440043,331.203184,346.475148,327.514338,25040962
2020-05-14,343.355634,348.51867,338.886764,346.215938,327.277377,29294356
2020-05-15,343.618437,384.859114,339.75893,372.653335,352.277286,26892739
2020-05-18,362.097987,370.178691,361.396973,366.956773,346.917847,37462170
2020-05-19,364.989162,384.319207,363.705167,383.955498,362.997243,27167814
2020-05-20,386.525734,416.064733,385.648271,413.399503,390.843674,34797003
2020-05-21,411.924123,416.760102,387.660626,389.291826,368.060425,24674207
2020-05-22,383.750183,403.440952,379.892969,398.2521,376.541297,39967770
2020-05-26,402.15142,405.851837,347.465154,353.172866,333.952481,49544505
2020-05-27,348.614668,363.128147,345.664438,346.849094,327.980943,25621962
2020-05-28,342.071189,346.085447,328.390914,329.260902,311.357199,41692065
2020-05-29,333.380318,338.452243,331.115195,331.730275,313.700028,18508723
2020-06-01,325.934201,355.76345,319.329289,341.673473,323.126677,29370920
2020-06-02,339.894399,352.818733,327.349372,331.682509,313.685774,21931120
2020-06-03,335.617574,345.384511,305.605429,308.726804,291.982815,29969621
2020-06-04,305.591223,318.193888,293.412854,312.991533,296.023539,22834402
2020-06-05,319.994992,348.636607,319.568887,334.52059,316.393252,27026278
2020-06-08,324.639129,333.928641,317.409633,329.53593,311.701746,44868572
2020-06-09,328.967803,330.795822,316.614211,321.625384,304.226808,23074778
2020-06-10,330.677532,333.197786,298.85245,306.58463,290.006841,17192285
2020-06-11,311.500542,322.997422,299.631336,301.511482,285.215038,28096501
2020-06-12,300.494325,306.537193,285.479417,289.384326,273.75009,24668591
2020-06-15,283.20941,291.398481,276.712181,284.890569,269.519035,29057858
2020-06-16,285.66717,286.69281,282.117728,282.611596,267.369614,30985478
2020-06-17,285.051329,312.243632,281.613446,301.509653,285.255479,35059523
2020-06-18,298.903044,310.483911,289.967359,302.016192,285.741751,26339559
2020-06-19,313.469591,329.51027,312.312415,321.23071,303.928365,31852793
2020-06-22,313.369476,347.255775,312.988262,342.635828,324.204511,38017834
2020-06-23,343.114148,356.645881,334.567965,353.51014,334.502106,21859431
2020-06-24,350.347267,350.815685,329.556867,337.89536,319.734802,34061602
2020-06-25,339.940409,342.871704,337.241059,339.968014,321.703986,24003192
2020-06-26,345.588162,353.093062,325.04392,330.694536,312.936415,40375996
2020-06-29,330.079483,344.349991,328.312404,341.278549,322.975947,36387366
2020-06-30,342.63517,344.32267,329.15552,336.688513,318.639924,43229133
2020-07-01,335.074185,335.696529,329.142823,333.447171,315.580114,23851771
2020-07-02,328.021963,334.704732,321.1982,325.845321,308.393192,21193730
2020-07-06,326.843989,337.33754,325.828171,333.467613,315.638345,27343380
2020-07-07,338.354295,363.718668,337.933593,361.087699,341.790111,21535820
2020-07-08,353.655073,362.744513,351.879698,359.279529,340.086954,19969958
2020-07-09,356.079802,402.424713,354.965014,392.466657,371.510393,43025774
2020-07-10,381.951055,388.062846,370.831143,377.370203,357.228836,32415232
2020-07-13,388.484524,395.720734,360.181828,362.442987,343.123693,33261581
2020-07-14,363.299677,378.674278,351.233357,351.407222,332.684365,42348007
2020-07-15,349.012761,371.15869,346.725846,360.8675,341.649021,23436839
2020-07-16,354.491549,363.921193,346.884202,361.840826,342.578953,33734113
2020-07-17,364.302504,367.962099,348.329728,349.791329,331.179047,32219972
2020-07-20,345.793955,351.024434,341.449874,341.73705,323.577252,19535859
2020-07-21,337.539837,340.229681,325.567232,331.353505,313.753216,24526743
2020-07-22,336.431709,337.228428,323.614384,325.88692,308.5846,23030332
2020-07-23,324.782227,334.90629,323.246616,329.509491,312.022526,22217681
2020-07-24,323.607398,332.529157,315.34368,331.420371,313.839729,23179386
2020-07-27,334.858404,342.635204,329.622447,341.853286,323.743147,32349297
2020-07-28,345.232901,357.365168,341.948573,352.461056,333.797181,24026443
2020-07-29,350.486129,357.210381,347.694618,352.227882,333.584574,23430527
2020-07-30,355.530597,356.797428,337.853476,344.031044,325.829621,38400230
2020-07-31,342.406914,347.198552,341.629328,346.772507,328.434135,37054906
2020-08-03,354.711784,357.164073,328.862313,332.741322,315.168259,29221619
2020-08-04,326.650155,339.99172,322.481436,337.396012,319.584996,39871168
2020-08-05,334.035566,342.088261,325.011361,327.504381,310.223184,32419408
2020-08-06,334.853605,339.570612,317.092091,323.819545,306.740342,27306466
2020-08-07,325.905043,334.118455,316.917831,331.433434,313.960387,15738564
2020-08-10,332.963007,339.615082,329.903472,330.918579,313.495849,32237941
2020-08-11,327.319677,330.569292,311.950864,318.356801,301.602875,27872173
2020-08-12,320.836965,321.572735,297.152304,303.510225,287.544704,29609515
2020-08-13,307.763354,311.726039,291.994811,294.672017,279.178291,15323645
2020-08-14,292.86688,297.783211,292.453225,294.280651,278.814372,24442529
2020-08-17,286.72274,294.903724,281.947863,293.207595,277.818248,30224005
2020-08-18,292.703039,294.307206,282.126816,289.446089,274.260927,32879103
2020-08-19,289.047877,290.683389,279.131153,288.329931,273.210058,17470814
2020-08-20,291.222912,294.645402,282.618111,283.316613,268.466251,28415622
2020-08-21,284.65561,285.862634,276.095209,278.041474,263.474106,23318611
2020-08-24,281.839315,284.48056,261.914032,265.042121,251.174392,19841891
2020-08-25,268.384974,278.431007,257.129876,265.096263,251.231891,36750034
2020-08-26,266.466336,278.053256,262.812801,268.249663,254.226635,25372522
2020-08-27,264.872177,265.645769,259.285429,264.519885,250.698012,27650478
2020-08-28,264.00315,275.344384,262.431811,273.760382,259.462062,21226227
2020-08-31,277.122404,278.312395,256.409183,260.678035,247.081261,17833371
2020-09-01,266.810454,267.646015,254.899186,257.152116,243.745258,26061425
2020-09-02,254.338062,260.23345,252.567946,256.263294,242.90876,25898615
2020-09-03,255.512207,261.432196,228.153267,231.265249,219.218828,37017789
2020-09-04,228.870242,240.313189,223.0727,226.438628,214.648912,51525324
2020-09-08,229.057663,229.18171,220.313252,221.363902,209.859089,30682762
2020-09-09,218.678848,249.842107,215.389525,238.913739,226.5024,25394279
2020-09-10,237.405934,250.490207,216.471809,221.068132,209.589019,36285705
2020-09-11,218.395141,220.245704,216.303036,220.096715,208.673185,28462754
2020-09-14,218.684277,235.084588,212.067429,228.270311,216.438552,20962912
2020-09-15,236.763718,243.796558,222.943449,227.505054,215.718275,18790769
2020-09-16,227.815468,252.298904,224.634558,241.192031,228.70178,29287376
2020-09-17,243.08312,244.069501,226.903431,227.202419,215.441936,22073839
2020-09-18,227.492899,234.547452,215.410837,216.063895,204.885014,24925285
2020-09-21,215.730463,218.772978,205.082334,207.108139,196.407137,40772212
2020-09-22,206.886085,209.535434,203.834712,206.80695,196.126343,22533888
2020-09-23,208.497679,214.275279,195.754536,198.607226,188.354736,35566779
2020-09-24,196.799567,198.976134,182.633545,190.048507,180.242276,38527570
2020-09-25,188.568956,194.723069,183.241904,194.443377,184.414921,33569292
2020-09-28,195.087607,198.456119,184.497866,192.407656,182.497684,42325246
2020-09-29,197.072585,201.671771,188.778792,190.614221,180.801075,14867614
2020-09-30,189.936672,194.953445,181.791698,182.951507,173.537127,28374752
2020-10-01,181.883266,190.811903,181.714536,189.326152,179.588167,28117911
2020-10-02,187.980846,203.09647,184.44898,198.511499,188.305706,14002516
2020-10-05,195.177095,199.61007,193.398977,194.226494,184.254621,30845623
2020-10-06,193.405288,198.948849,189.598448,195.526938,185.492868,30253699
2020-10-07,196.514222,203.128844,195.766679,199.235804,189.01606,35623141
2020-10-08,199.948537,200.748123,196.673186,196.969084,186.870215,20122333
2020-10-09,198.417703,201.524911,184.538278,188.010683,178.375518,42949449
2020-10-12,189.402485,190.671307,183.907686,185.316779,175.832669,23091068
2020-10-13,186.374448,190.289715,170.989995,171.707527,162.923924,35121793
2020-10-14,175.997691,176.743892,171.608321,171.829752,163.043914,20213583
2020-10-15,172.690752,173.744565,157.445733,159.133064,151.000141,23186503
2020-10-16,158.554331,162.835049,156.205549,162.49616,154.195157,25902820
2020-10-19,162.43589,167.376902,156.202942,159.938404,151.779281,30079275
2020-10-20,163.026118,163.768108,156.555922,161.729937,153.483203,31357027
2020-10-21,162.868609,163.908396,158.787346,161.676576,153.436344,13886572
2020-10-22,162.420003,163.631337,158.939244,160.305112,152.138528,25003994
2020-10-23,158.588909,161.084267,152.842736,156.669923,148.692194,37478836
2020-10-26,157.716127,166.177897,157.440568,161.842851,153.613069,40251702
2020-10-27,161.190546,166.297366,157.945803,163.560973,155.247648,33324534
2020-10-28,165.304096,165.557303,160.414786,161.569561,153.361233,20317678
2020-10-29,159.795905,160.852596,155.184289,160.271254,152.132633,34789846
2020-10-30,159.647356,162.451558,150.34975,152.25321,144.525309,42996826
2020-11-02,150.127975,150.661545,145.597219,148.706451,141.169007,27026987
2020-11-03,149.824633,157.009337,148.671284,155.75437,147.863334,36291397
2020-11-04,155.434193,157.155049,153.307014,154.90954,147.064929,36303343
2020-11-05,156.393442,156.690933,155.162756,155.918855,148.02678,19753552
2020-11-06,154.849744,157.379558,153.625659,156.311522,148.403229,22839322
2020-11-09,155.703122,162.77578,155.433544,161.290002,153.141152,18328696
2020-11-10,160.354688,162.8126,159.674942,162.528256,154.320648,37551252
2020-11-11,161.656383,162.434837,161.259285,162.056378,153.876392,36777308
2020-11-12,161.036766,167.809209,159.21879,166.741386,158.328819,28383219
2020-11-13,166.445704,171.626503,165.502035,170.236238,161.651329,31192166
2020-11-16,169.411092,178.180235,168.790627,175.138086,166.318274,36927357
2020-11-17,174.873341,178.524432,174.290133,177.462725,168.529999,33311195
2020-11-18,176.655752,182.438665,176.287357,180.563054,171.478496,26009817
2020-11-19,181.200637,183.618073,179.334504,181.167437,172.05671,36651998
2020-11-20,183.989964,186.347975,181.300264,183.093451,173.890152,28197954
2020-11-23,183.912812,184.564875,182.752949,183.592743,174.377236,20806747
2020-11-24,184.277662,185.91737,183.391308,184.872131,175.596732,20875880
2020-11-25,185.917335,188.593121,185.508344,187.6449,178.234778,21991840
2020-11-27,187.515978,189.634413,187.071532,189.060518,179.588255,21793904
2020-11-30,188.988087,190.121416,186.879621,187.382305,178.007281,21090739
2020-12-01,187.34707,187.51208,185.229081,185.571385,176.291308,39938962
2020-12-02,185.440139,186.407681,184.731834,184.847929,175.608357,29034201
2020-12-03,184.720651,187.456451,184.285458,186.323148,177.0142,29624847
2020-12-04,185.054844,186.098846,184.57709,185.448094,176.187206,26417929
2020-12-07,186.190928,186.522495,183.131148,183.899863,174.729206,31792971
2020-12-08,183.109118,185.883566,182.721973,184.313263,175.126306,39675499
2020-12-09,184.798054,187.041641,183.726889,184.472567,175.281989,28334114
2020-12-10,184.699089,185.593195,183.461355,185.000936,175.788366,25202049
2020-12-11,183.928631,186.46815,183.27314,185.692238,176.44959,15905843
2020-12-14,186.48179,187.344801,185.94551,187.267332,177.95944,19617051
2020-12-15,187.23645,189.304428,186.545443,187.997527,178.657744,17940211
2020-12-16,187.213443,187.54132,187.055932,187.437349,178.129785,27211722
2020-12-17,187.352566,190.867173,187.209846,189.824175,180.402534,35483529
2020-12-18,190.106427,191.121143,189.93829,190.794409,181.329079,20461861
2020-12-21,192.818683,193.014465,187.300161,187.820005,178.515432,34890326
2020-12-22,186.951408,187.349156,184.794315,186.205415,176.985189,16560992
2020-12-23,185.567133,192.009321,185.164159,190.887288,181.439704,34584408
2020-12-24,191.961728,197.607657,190.710991,193.898887,184.306791,17151776
2020-12-28,195.102599,195.216886,189.979495,190.732342,181.314763,33461791
2020-12-29,189.727286,193.7484,189.649888,192.231942,182.744822,24465260
2020-12-30,192.641966,193.476637,187.939086,189.670535,180.31427,34580709
2020-12-31,189.380304,191.50501,189.108363,190.941338,181.526858,26324628
2021-01-04,191.912491,192.800577,190.116203,191.725731,182.290542,33475520
2021-01-05,192.496728,194.346529,192.257158,194.200764,184.648324,30591091
2021-01-06,194.359965,199.159374,192.983541,198.124417,188.38362,29014814
2021-01-07,197.284209,199.434692,197.119452,197.69854,187.983314,28118904
2021-01-08,199.673757,200.838151,194.661825,196.349983,186.705627,30528958
2021-01-11,197.053058,197.259379,195.677338,196.274084,186.647253,26761918
2021-01-12,195.69778,197.37818,194.3374,195.067449,185.504372,34581254
2021-01-13,194.98034,198.96389,193.845281,198.103315,188.396048,44974461
2021-01-14,197.019478,198.362769,192.709733,194.654362,185.120659,47309407
2021-01-15,193.974757,197.320289,192.383282,196.826157,187.190698,13912521
2021-01-19,194.752369,200.571544,193.790439,199.565096,189.814262,22149579
2021-01-20,199.847602,200.169728,195.462774,196.309428,186.722268,46662819
2021-01-21,196.84743,197.043899,194.532302,196.046339,186.476622,29330002
2021-01-22,194.599763,198.494127,193.50529,198.164186,188.495734,13548928
2021-01-25,196.070037,199.210192,195.192548,198.991298,189.296484,22217156
2021-01-26,196.989331,199.382931,196.61839,198.736972,189.059207,33753751
2021-01-27,198.636856,199.005342,196.801734,197.669926,188.048756,24112425
2021-01-28,198.071366,199.59835,196.497108,198.578183,188.91746,40867517
2021-01-29,199.213431,199.622602,193.707856,195.314836,185.817452,45884980
2021-02-01,194.849894,198.994437,191.504385,196.282074,186.751461,28760530
2021-02-02,196.693481,199.496682,195.116124,198.394536,188.766003,33711098
2021-02-03,198.796921,200.310104,195.871487,196.946125,187.392504,26963031
2021-02-04,196.311036,196.685236,193.733923,194.991346,185.53712,33228872
2021-02-05,194.254781,200.77166,193.184211,200.01612,190.322956,22412334
2021-02-08,199.592463,202.869662,199.304171,200.668446,190.957784,29838863
2021-02-09,198.838874,200.337964,197.53636,199.669651,190.012005,23609398
2021-02-10,198.928354,200.227383,198.303023,198.838835,189.226036,34321527
2021-02-11,199.602265,200.203904,197.079458,199.877987,190.219639,35433708
2021-02-12,199.502317,201.905764,199.279784,199.977213,190.318759,25351871
2021-02-16,199.771699,207.676384,199.646478,205.746417,195.828624,19452758
2021-02-17,205.331782,207.274528,203.960756,205.094867,195.213291,38027825
2021-02-18,205.418069,207.182133,204.629393,205.37009,195.48007,36531652
2021-02-19,204.464551,206.041482,204.084719,204.919568,195.05605,65361782
2021-02-22,204.722473,207.050374,204.414573,205.951998,196.053278,33342641
2021-02-23,204.561034,208.622029,204.458327,207.828055,197.84404,53441519
2021-02-24,208.683264,208.823781,204.864943,205.894592,196.008291,30000118
2021-02-25,206.309701,210.073568,204.939235,207.761286,197.790226,37624075
2021-02-26,209.306516,209.870534,205.444913,208.232542,198.24375,24218155
2021-03-01,208.981955,210.498309,207.68535,209.983583,199.925573,30791482
2021-03-02,210.223407,210.479062,206.190963,208.59541,198.608786,27490462
2021-03-03,207.364447,211.266663,205.560312,210.546504,200.47141,34364633
2021-03-04,211.286627,211.74438,209.327825,211.152848,201.053693,23367535
2021-03-05,211.951376,212.929079,211.181389,212.263208,202.115926,43925760
2021-03-08,214.083247,215.135314,209.941074,211.513844,201.417274,35865318
2021-03-09,211.573175,213.988531,211.442687,213.710024,203.513635,25087865
2021-03-10,214.3506,215.077903,211.355729,211.471176,201.386567,22913829
2021-03-11,209.894488,210.620699,205.441112,205.668665,195.865592,40730323
2021-03-12,206.279387,207.241946,205.832739,206.900748,197.043803,27839726
2021-03-15,207.845041,212.977411,205.660785,212.781332,202.659212,41223908
2021-03-16,213.364774,216.498723,212.766697,215.677515,205.422684,19314613
2021-03-17,214.520198,218.377837,214.34783,216.459553,206.172618,29398077
2021-03-18,217.221265,219.05291,212.75236,213.78917,203.634159,29171674
2021-03-19,213.155215,214.506965,206.556277,207.705092,197.84395,35805984
2021-03-22,207.015067,211.21387,206.303084,210.236137,200.269633,25132813
2021-03-23,211.591568,212.978858,205.795659,207.398703,197.57158,30592978
2021-03-24,207.372213,208.825073,204.498362,206.338654,196.566602,22761551
2021-03-25,205.922578,208.758656,205.230653,208.645941,198.769515,36956968
2021-03-26,210.134084,211.119817,210.033536,210.204264,200.259008,26427417
2021-03-29,208.896728,210.592762,206.555457,208.675492,198.817263,21374803
2021-03-30,209.103613,211.415629,206.545453,207.676143,197.870001,29438227
2021-03-31,207.374379,207.731397,203.066877,203.228157,193.636813,26003789
2021-04-01,202.879134,203.849151,202.178043,203.603923,193.999625,30947102
2021-04-05,205.273086,206.021572,199.225562,200.626673,191.181658,30212233
2021-04-06,201.662722,204.997555,197.636205,198.837453,189.481339,26217651
2021-04-07,198.192398,201.160279,197.304584,199.462826,190.08197,28147740
2021-04-08,197.400178,200.646076,197.247651,200.125144,190.717838,33083669
2021-04-09,198.7442,199.45351,195.234434,196.020331,186.810583,37007968
2021-04-12,196.170396,196.395398,194.719481,195.646036,186.467657,18310072
2021-04-13,195.669685,199.137387,195.302864,198.653681,189.33887,18640435
2021-04-14,199.167279,199.86955,194.934811,197.321136,188.073441,29532678
2021-04-15,197.614446,200.207367,196.782512,198.459041,189.162679,21312734
2021-04-16,199.06721,203.059508,198.704402,201.436329,192.005233,30155081
2021-04-19,201.693413,203.126921,199.570976,199.874234,190.530358,18885882
2021-04-20,200.286119,200.831092,197.274039,198.344075,189.076391,33985956
2021-04-21,198.888254,201.450472,197.36408,201.231049,191.833198,21032663
2021-04-22,201.008326,206.914645,200.638502,205.063614,195.491591,39064956
2021-04-23,205.493594,207.303212,199.848795,200.036463,190.703799,29337110
2021-04-26,200.33562,201.44132,198.763766,199.232487,189.951373,15539029
2021-04-27,198.022831,201.811091,197.622497,200.809428,191.45957,37122690
2021-04-28,199.942777,205.537813,198.287996,203.708646,194.228584,21269299
2021-04-29,203.637089,203.849108,201.211791,203.051897,193.60717,39768971
2021-04-30,205.284204,208.516501,203.801021,207.309395,197.671506,35580536
2021-05-03,209.220065,209.981862,202.017469,202.372385,192.978284,25894243
2021-05-04,202.633808,203.780049,199.712212,199.983793,190.705269,24119221
2021-05-05,199.395519,201.827046,198.82461,200.245404,190.959447,23366235
2021-05-06,201.087741,203.81091,200.628508,202.425086,193.042808,36066108
2021-05-07,203.335872,206.842094,201.796132,204.165143,194.707012,23910038
2021-05-10,204.002107,206.265857,203.852238,205.329505,195.83191,20340814
2021-05-11,205.720629,206.510266,204.346124,205.160091,195.675154,22140058
2021-05-12,206.412852,207.270366,204.317863,204.491128,195.041924,23158193
2021-05-13,203.791177,204.915326,203.187592,204.076256,194.651019,28465607
2021-05-14,204.096426,205.268644,203.35105,203.658225,194.257081,30264957
2021-05-17,203.281151,207.924063,202.317659,204.88867,195.445174,25939382
2021-05-18,205.188564,207.683308,203.329362,206.862569,197.332957,18231832
2021-05-19,206.386224,208.075484,199.433728,200.359614,191.134285,23645614
2021-05-20,201.481327,203.767307,196.466656,197.115718,188.044384,36870231
2021-05-21,198.433801,199.568653,196.983896,197.643666,188.552682,21057666
2021-05-24,197.462436,202.830505,195.410268,201.720219,192.455953,37950805
2021-05-25,201.186906,205.072049,199.241157,202.926624,193.611722,34940339
2021-05-26,202.037944,213.611004,201.557989,210.396873,200.744013,19190246
2021-05-27,210.445064,211.058742,207.81252,208.951569,199.369931,35378637
2021-05-28,208.94925,211.510862,207.527424,210.918831,201.251941,37571513
2021-06-01,211.693634,211.973854,206.221672,207.692652,198.193158,25328168
2021-06-02,206.964265,208.383079,206.246543,206.924674,197.465173,18682804
2021-06-03,208.336517,209.418721,202.567492,204.265489,194.932354,55367859
2021-06-04,204.665156,205.110574,201.920979,204.925458,195.566987,16334339
2021-06-07,203.977292,205.083543,201.54999,202.401479,193.172552,30621886
2021-06-08,202.528326,204.005468,199.787531,200.580442,191.439266,19197744
2021-06-09,202.030377,202.116158,200.704766,200.998719,191.843208,26440898
2021-06-10,200.913552,209.387945,200.215751,207.761216,198.302559,37475303
2021-06-11,206.544348,209.239537,203.925474,208.953619,199.44559,23984687
2021-06-14,209.905042,209.992575,204.480755,206.032307,196.671744,30206602
2021-06-15,206.626856,211.212819,205.869543,208.66452,199.189277,22257170
2021-06-16,210.809614,212.693557,207.344154,211.608157,202.004225,47867021
2021-06-17,210.794653,212.999211,209.022404,211.984872,202.368829,24983093
2021-06-18,211.188585,213.48701,209.978337,212.265391,202.641616,23447560
2021-06-21,212.57996,213.272632,203.902363,205.665549,196.355515,28326788
2021-06-22,204.600272,205.019435,201.639288,203.498483,194.291335,21350647
2021-06-23,202.763101,204.569027,202.248704,203.150435,193.963813,19817391
2021-06-24,202.494409,210.825419,202.259172,209.9383,200.449665,40140612
2021-06-25,209.751399,212.279147,208.950391,211.101292,201.565059,25177833
2021-06-28,210.750582,211.410624,207.496701,207.904578,198.527427,28115445
2021-06-29,207.764599,216.781894,207.31039,213.385361,203.766031,20130317
2021-06-30,213.9771,215.477493,211.063103,211.976591,202.425755,27154618
2021-07-01,212.505034,217.096951,209.540235,210.861627,201.365989,31223273
2021-07-02,211.407868,212.516394,207.214464,207.92361,198.565172,24717116
2021-07-06,209.330135,211.225481,206.57061,207.242303,197.934037,30502086
2021-07-07,206.902982,208.96152,206.532669,207.605198,198.285519,23084155
2021-07-08,206.460861,211.214056,205.880064,208.490271,199.135766,35289557
2021-07-09,207.709736,209.253939,207.287297,208.359197,199.015477,33700751
2021-07-12,208.114357,212.281078,207.174627,212.177501,202.677533,16804419
2021-07-13,212.897833,214.027676,212.596608,213.694588,204.131725,57720998
2021-07-14,213.982322,217.163266,213.567192,214.708971,205.105768,36032365
2021-07-15,213.366616,214.173269,210.610091,210.984252,201.552609,26158724
2021-07-16,210.088161,210.307343,205.176049,206.655422,197.422156,25057864
2021-07-19,206.522339,207.616115,203.332237,205.326587,196.167193,24523138
2021-07-20,205.00552,208.484871,203.404611,208.395416,199.104031,20171559
2021-07-21,207.145693,208.122482,206.407833,206.698315,197.487462,18222649
2021-07-22,206.472711,208.372905,202.977456,204.782092,195.661451,24048909
2021-07-23,205.560984,210.482639,202.563066,209.875289,200.532747,21922019
2021-07-26,210.187824,212.308132,207.789643,207.918128,198.677394,33019231
2021-07-27,208.337442,209.178039,205.940988,206.663778,197.483659,24955570
2021-07-28,207.595505,207.977145,206.814034,207.475514,198.264222,39940162
2021-07-29,208.280857,211.274381,206.497688,210.2817,200.950773,30459258
2021-07-30,212.055965,216.245053,211.206593,215.216567,205.671732,55585753
2021-08-02,215.623692,216.577185,213.987302,215.349976,205.814437,30403053
2021-08-03,214.83852,218.315793,214.503567,217.650278,208.018009,30388486
2021-08-04,217.30263,217.700223,215.877764,216.441912,206.868217,62714108
2021-08-05,214.716649,217.033229,211.842125,213.612592,204.169075,29209019
2021-08-06,212.233458,212.704176,210.693488,212.571344,203.178866,38530050
2021-08-09,212.984653,218.22358,210.947883,217.920927,208.307475,25564344
2021-08-10,219.190463,220.696555,213.643975,214.077343,204.638491,25421415
2021-08-11,213.714825,221.529024,212.65062,220.60642,210.884891,36261989
2021-08-12,218.921154,223.208262,218.776891,220.164903,210.468017,29802976
2021-08-13,221.287695,222.043478,216.593737,217.954482,208.360085,26764335
2021-08-16,218.12305,220.325877,215.884098,219.756197,210.098019,25439731
2021-08-17,220.241522,220.906445,218.7311,219.647962,209.999715,32729250
2021-08-18,219.968292,223.900562,219.523204,222.956251,213.167937,25989000
2021-08-19,223.889747,224.695454,220.695641,221.253672,211.545318,25505061
2021-08-20,220.657728,221.870787,218.728078,219.290259,209.673223,30235873
2021-08-23,218.855316,226.619718,218.660018,225.843907,215.955423,29383674
2021-08-24,226.011054,228.194121,225.507292,227.813554,217.844197,37965897
2021-08-25,226.055231,232.831737,224.965262,231.141135,221.031607,23250698
2021-08-26,231.295265,233.938368,231.121091,233.351336,223.150637,30293534
2021-08-27,233.953015,237.503602,233.421686,235.885228,225.579321,30765808
2021-08-30,237.911641,239.616881,233.776017,235.985195,225.691603,51039293
2021-08-31,237.036904,237.560703,232.723508,233.118347,222.9553,30488671
2021-09-01,233.523622,234.380572,228.621165,230.912514,220.851075,34498079
2021-09-02,232.845982,233.713809,229.064382,229.796245,219.78886,23184686
2021-09-03,229.138631,231.496502,224.311096,225.494366,215.679638,34650541
2021-09-07,224.32026,232.973236,221.839714,229.823806,219.842304,25084221
2021-09-08,230.220308,230.346759,227.12169,227.73915,217.853555,25239560
2021-09-09,227.464178,229.111874,223.529671,224.606223,214.861915,44107423
2021-09-10,225.29694,226.698815,223.474816,224.47331,214.740059,21261299
2021-09-13,221.714109,228.097854,219.295277,226.533877,216.7273,29513585
2021-09-14,224.834118,229.206413,224.337322,228.8463,218.945014,21650444
2021-09-15,229.082327,229.623925,228.942946,229.386046,219.466815,28752519
2021-09-16,228.193845,234.958351,226.304564,233.621389,223.524518,23243711
2021-09-17,235.918782,237.358879,232.773006,234.180406,224.064897,32157038
2021-09-20,233.659096,239.122583,232.649157,238.535747,228.248979,28287377
2021-09-21,237.877147,238.429393,234.337646,234.55492,224.445354,25759388
2021-09-22,234.383883,236.116236,231.813712,232.602365,222.58244,31288889
2021-09-23,234.010966,235.641158,230.850315,231.735133,221.758031,16477789
2021-09-24,232.441559,234.843063,231.529481,233.503751,223.456009,48218728
2021-09-27,233.698986,240.554912,232.004544,239.345295,229.063122,49694613
2021-09-28,237.823639,247.69537,237.097766,246.275114,235.701046,28969873
2021-09-29,244.80643,249.434993,243.100552,246.60359,236.021235,21048880
2021-09-30,248.316907,253.325265,247.32357,250.439825,239.698754,24534391
2021-10-01,249.40974,251.311718,247.335338,248.064216,237.430882,34120041
2021-10-04,247.38982,257.996154,243.404641,256.268176,245.301311,32434063
2021-10-05,255.465447,257.212103,252.181722,256.570082,245.596347,27250986
2021-10-06,257.599911,264.968842,257.282769,263.941776,252.658974,23973518
2021-10-07,263.553161,279.007836,262.45236,273.279096,261.603594,32329285
2021-10-08,273.431202,276.741547,265.358541,267.110931,255.705256,23619558
2021-10-11,268.687755,274.765988,267.209682,271.346389,259.779063,29092981
2021-10-12,271.549061,277.589114,270.575779,273.496449,261.843919,29147178
2021-10-13,272.841707,275.270401,271.187605,275.01914,263.308223,34124062
2021-10-14,274.846885,277.691871,274.167808,275.574277,263.846222,32890186
2021-10-15,277.692426,280.907781,273.681901,278.519962,266.673114,16180463
2021-10-18,280.693083,284.395378,279.012022,282.44356,270.449813,21438915
2021-10-19,282.58617,287.10551,280.275374,283.652872,271.614465,36994963
2021-10-20,285.7249,288.153838,281.331852,284.15428,272.101297,33809129
2021-10-21,283.7784,287.897518,282.34273,287.048424,274.879454,34524660
2021-10-22,286.974286,291.1231,286.858371,288.734975,276.501319,51189913
2021-10-25,287.037428,287.95665,286.526337,286.919547,274.783122,23854090
2021-10-26,288.810304,291.217953,285.28202,286.054641,273.961551,22913457
2021-10-27,285.624515,287.171585,284.125623,286.281294,274.185379,32766530
2021-10-28,286.217972,287.066359,284.780428,285.351297,273.30141,28780534
2021-10-29,285.146091,286.213678,278.036646,279.13336,267.352633,30306240
2021-11-01,278.003075,281.123612,275.385747,277.77273,266.069096,37824596
2021-11-02,277.433649,284.033338,276.911367,283.129465,271.206813,50522696
2021-11-03,282.4726,285.010146,282.285357,283.778215,271.834943,42551986
2021-11-04,285.004828,286.988675,280.08426,281.372284,269.53691,28294631
2021-11-05,281.309038,283.655699,276.501819,280.531402,268.738021,22396217
2021-11-08,280.188293,282.570104,277.390002,278.171569,266.497093,19101673
2021-11-09,277.382545,281.537934,276.263935,278.945346,267.244981,31716404
2021-11-10,279.386928,282.010786,278.215501,280.360578,268.607469,40891544
2021-11-11,280.307873,282.432345,279.807096,280.905019,269.135718,32955446
2021-11-12,280.298661,281.401578,274.004463,278.773194,267.099793,10853699
2021-11-15,279.372791,280.062397,276.630929,279.159119,267.489331,32125921
2021-11-16,278.666934,286.399885,275.402234,282.419975,270.62054,29646063
2021-11-17,283.42099,284.164382,271.121321,272.268305,260.899433,17636283
2021-11-18,270.944041,271.952783,268.510451,271.359474,260.034959,24745236
2021-11-19,271.190708,271.932537,267.424339,268.787075,257.576259,25155181
2021-11-22,267.402245,271.538234,267.289402,268.869282,257.674084,31950884
2021-11-23,269.842398,275.594713,267.845629,274.38601,262.967586,30494064
2021-11-24,272.22108,276.706832,271.689774,274.966152,263.53008,44294063
2021-11-26,274.48129,276.558734,273.685991,275.872258,264.41153,25314395
2021-11-29,276.410117,277.165866,272.428994,273.264191,261.931173,18835912
2021-11-30,271.770336,272.271838,268.754488,269.1538,257.997609,42124084
2021-12-01,268.544746,277.817782,267.15172,276.665425,265.204418,29805286
2021-12-02,277.172469,277.304562,274.004459,274.804001,263.426595,26722736
2021-12-03,274.33272,280.758455,273.143211,279.540315,267.97342,32060003
2021-12-06,278.075306,284.893026,276.102864,283.73757,272.017107,21684526
2021-12-07,283.610743,290.209313,281.759142,289.576592,277.621774,25487353
2021-12-08,293.309544,294.880768,289.854506,290.017328,278.051167,32179619
2021-12-09,291.000369,293.712881,286.219576,288.411598,276.518503,36609415
2021-12-10,287.160423,288.642072,283.486036,285.553233,273.784753,55961758
2021-12-13,286.596168,288.039818,285.927268,287.048216,275.238469,23193878
2021-12-14,285.049204,286.178124,283.202367,284.219628,272.53297,27364047
2021-12-15,284.758458,289.673063,283.640725,288.043807,276.206711,18578477
2021-12-16,288.849835,290.488233,287.957768,290.162075,278.244785,32523114
2021-12-17,290.745213,294.170272,282.604353,282.914078,271.301157,22489758
2021-12-20,283.466629,283.821653,279.059749,281.24135,269.717027,23150215
2021-12-21,282.172916,282.49526,279.372276,279.502487,268.056022,29762667
2021-12-22,278.08561,283.794739,276.411225,282.852542,271.275567,25907959
2021-12-23,283.354464,284.664745,281.845739,282.512216,270.955847,18389872
2021-12-27,280.748744,286.368654,279.184104,284.946046,273.317056,13938302
2021-12-28,283.517115,284.226119,280.154136,283.305295,271.749963,30543119
2021-12-29,282.451876,283.261393,279.722461,281.215313,269.751872,24279458
2021-12-30,282.41552,282.711968,277.293396,278.278528,266.94138,26760942
2021-12-31,277.104536,281.414145,275.503107,278.614622,267.270367,28334353
2022-01-03,279.211392,281.02292,277.504219,278.180775,266.873912,26710537
2022-01-04,279.823687,287.58076,278.914151,286.599327,274.95706,27602545
2022-01-05,285.232217,289.221211,281.629363,288.189903,276.489836,33582719
2022-01-06,288.713295,291.088632,285.137495,290.55879,278.769419,20778400
2022-01-07,290.068305,292.370339,284.403697,284.741369,273.194771,26709590
2022-01-10,284.360642,284.685038,282.071022,282.682247,271.239199,31436692
2022-01-11,284.544214,284.998608,281.159206,282.433348,271.007053,20607489
2022-01-12,282.129679,282.794936,281.469172,281.968158,270.567349,23553348
2022-01-13,282.81821,284.50767,280.063887,283.456035,272.00177,16131991
2022-01-14,283.146134,289.691977,280.923805,287.996789,276.365844,17484209
2022-01-18,290.383617,291.130535,288.861299,289.016164,277.371388,22641205
2022-01-19,288.436231,288.944084,281.536244,285.763255,274.2563,28128393
2022-01-20,286.298354,292.648785,285.511177,290.547084,278.854368,24215524
2022-01-21,290.431988,292.446094,288.138204,291.87789,280.13852,28913790
2022-01-24,291.221216,293.371299,289.675839,291.173957,279.483558,33907450
2022-01-25,290.307297,296.890243,290.008669,295.831891,283.961478,21886821
2022-01-26,297.603497,300.49984,296.382043,297.25411,285.33366,24491203
2022-01-27,296.748669,298.274649,294.182668,296.874813,284.976595,19058866
2022-01-28,299.267613,299.478351,295.849997,296.221038,284.356028,15526280
2022-01-31,297.119868,300.648578,294.645558,299.721222,287.737284,41521331
2022-02-01,298.442142,299.310763,296.193604,298.368934,286.446123,29924396
2022-02-02,298.906529,305.290975,295.979013,304.015908,291.874636,22037439
2022-02-03,302.919142,303.713362,301.245951,302.288325,290.223198,35485302
2022-02-04,302.473667,304.121807,298.407356,300.106257,288.135322,22282319
2022-02-07,300.916705,302.307733,298.735113,299.558277,287.630461,24301400
2022-02-08,298.976775,301.775331,297.520659,300.198099,288.25191,22588090
2022-02-09,300.593881,304.531403,299.490419,303.403973,291.337387,20646519
2022-02-10,303.687161,305.737051,300.086078,301.571254,289.584692,32587655
2022-02-11,300.884478,304.963966,300.220151,301.980365,289.984687,26329581
2022-02-14,302.84317,305.180716,299.254372,299.874598,287.983856,54055785
2022-02-15,299.424213,300.862196,297.907915,298.070101,286.257965,28802273
2022-02-16,296.976344,301.525618,295.423297,299.525203,287.662491,26460963
2022-02-17,298.381176,300.663244,290.48964,293.365821,281.753994,29748407
2022-02-18,292.1942,296.574413,291.003555,294.804266,283.14248,33305519
2022-02-22,294.459799,296.287499,293.406478,295.485286,283.824534,31020693
2022-02-23,295.547524,296.912127,294.558503,295.363462,283.714508,17491695
2022-02-24,297.166976,298.651377,293.699985,294.099941,282.50778,21566045
2022-02-25,293.778772,302.953834,292.303658,299.45689,287.660669,22403259
2022-02-28,299.152489,303.984292,297.30451,301.332203,289.483509,33963366
2022-03-01,300.689847,306.506031,300.2015,304.933611,292.950524,20471405
2022-03-02,308.830528,309.70764,304.493924,305.084249,293.102464,28908749
2022-03-03,304.81781,307.031857,302.937456,305.829047,293.825251,33811835
2022-03-04,306.468782,307.35413,294.162915,295.98357,284.373217,17532639
2022-03-07,297.132005,302.19457,294.887702,302.000157,290.175244,28114229
2022-03-08,302.656378,305.766771,294.701722,296.569941,284.964672,24530293
2022-03-09,296.417016,298.528249,291.296623,292.027983,280.607363,20213393
2022-03-10,291.521367,293.313867,289.52409,290.367916,279.019092,28317920
2022-03-11,291.997786,293.628822,289.776431,291.113362,279.742296,23363523
2022-03-14,288.51882,291.513228,285.205906,290.750119,279.413896,39822772
2022-03-15,289.899798,294.262247,288.544311,293.105197,281.684091,29652321
2022-03-16,292.746081,293.820194,286.310118,289.085756,277.828117,23800769
2022-03-17,287.599752,289.179253,286.94893,287.826185,276.624413,24664388
2022-03-18,287.323792,289.530682,286.066667,287.837801,276.642393,17802232
2022-03-21,286.112938,286.358686,281.668428,285.331683,274.254023,27826304
2022-03-22,287.133297,287.363007,286.045353,286.76838,275.641734,41227898
2022-03-23,285.662491,288.822861,282.57037,287.694089,276.538339,18270028
2022-03-24,288.531801,288.705827,285.202924,286.319811,275.224132,27077995
2022-03-25,285.984016,287.917661,285.5019,287.079449,275.961132,23296083
2022-03-28,288.845124,289.833181,285.628006,288.19421,277.053199,48552521
2022-03-29,288.753416,290.660531,285.519744,290.277069,279.062415,23139291
2022-03-30,290.529747,292.080253,288.774877,291.455047,280.201787,27876257
2022-03-31,293.517727,295.456636,288.149725,289.626083,278.450302,24004679
2022-04-01,290.233749,294.613349,289.03497,292.657364,281.371547,48009795
2022-04-04,292.699556,297.390187,291.647336,296.043565,284.648206,22296249
2022-04-05,295.874873,297.560972,294.663193,296.729401,285.314674,20742160
2022-04-06,297.417666,298.780619,295.317448,295.640046,284.274229,30827992
2022-04-07,295.82452,296.974357,295.254284,295.48757,284.134616,38521342
2022-04-08,293.01632,295.350502,292.214019,294.163085,282.86799,33664007
2022-04-11,293.371316,295.803845,291.936708,294.059657,282.789436,29086322
2022-04-12,295.158665,296.848793,291.847081,293.181597,281.951977,21751001
2022-04-13,292.609535,293.969751,290.307659,291.183367,280.037184,23534241
2022-04-14,291.73793,293.123252,290.274677,292.071042,280.897801,16378608
2022-04-18,291.469765,293.321363,290.264237,292.337639,281.181912,9596864
2022-04-19,293.503908,294.282938,287.073567,287.799573,276.823842,23678581
2022-04-20,288.156506,288.827354,281.378405,282.355593,271.594169,53034515
2022-04-21,283.8851,288.591231,283.359968,286.712419,275.79174,24552640
2022-04-22,288.286745,288.414483,283.641676,284.577519,273.744902,28265805
2022-04-25,285.172059,285.918746,282.689649,283.807692,273.02456,33611856
2022-04-26,283.074228,289.801646,282.570156,289.298389,278.313498,37842842
2022-04-27,286.766597,296.108235,286.528697,295.815707,284.590361,27321397
2022-04-28,294.338472,296.47927,293.607005,295.71281,284.498379,30050796
2022-04-29,295.958913,296.570664,288.900541,291.51714,280.468734,29259691
2022-05-02,292.085239,292.598514,290.205152,291.144799,280.131212,62894716
2022-05-03,290.098135,291.244089,287.604754,287.819421,276.938451,41200317
2022-05-04,289.527448,291.123908,286.693953,290.780534,279.794514,59676934
2022-05-05,288.224688,289.618542,286.036717,286.300451,275.490482,46300730
2022-05-06,287.297712,290.975066,285.039085,285.605356,274.828404,27524078
2022-05-09,284.710366,288.937811,281.22382,287.970054,277.124358,16462180
2022-05-10,288.194825,291.140401,287.436974,290.406175,279.475615,26325820
2022-05-11,291.956518,292.153289,282.080841,283.046609,272.399766,41655456
2022-05-12,286.56251,288.277506,283.279349,283.771283,273.103911,36778689
2022-05-13,283.722121,284.675279,282.195264,284.029453,273.359112,26316876
2022-05-16,285.000737,286.093116,281.356125,283.071773,272.45755,22194582
2022-05-17,281.969331,285.483951,279.015334,284.72187,274.052527,26706407
2022-05-18,285.352129,289.846849,284.050433,287.862551,277.082345,41858999
2022-05-19,288.900932,290.692982,277.90662,280.307423,269.816798,21112647
2022-05-20,279.924596,281.911381,276.841401,278.592945,268.173093,23218932
2022-05-23,279.56094,280.674274,273.629218,274.834694,264.574964,49387596
2022-05-24,273.426907,276.329316,271.551265,274.207962,263.978133,40096019
2022-05-25,273.469279,274.481003,271.215955,271.504708,261.382169,24922044
2022-05-26,272.972356,274.06679,270.753708,271.704307,261.580772,36991718
2022-05-27,271.548476,274.58143,270.646501,273.611629,263.42352,28747310
2022-05-31,272.700136,278.642492,271.118814,277.569959,267.260799,18131256
2022-06-01,277.77268,280.208959,275.424897,277.39412,267.098072,20661032
2022-06-02,275.841653,277.67587,275.044272,277.32404,267.037173,55180092
2022-06-03,278.18085,281.349869,276.165287,280.381712,269.988079,21165781
2022-06-06,277.671838,282.293954,276.585668,280.821641,270.43169,32448634
2022-06-07,280.266411,286.814562,278.504964,284.229876,273.72057,28642174
2022-06-08,286.31406,288.444556,286.018404,286.159629,275.585762,31977482
2022-06-09,285.125544,285.717503,283.980639,284.131146,273.638976,24920716
2022-06-10,284.047745,288.271729,283.458066,287.393973,276.788135,25582860
2022-06-13,287.962373,288.121386,283.003688,284.037028,273.575296,28295179
2022-06-14,283.260708,283.912168,276.586907,278.165792,267.926913,29943123
2022-06-15,277.167744,283.06191,275.605741,281.709088,271.346471,20660209
2022-06-16,280.0855,282.146164,276.407575,277.146076,266.957886,32146041
2022-06-17,275.51802,279.050751,274.393501,278.164581,267.945552,27570999
2022-06-21,279.347821,279.978589,277.126157,278.092097,267.902136,16296706
2022-06-22,276.661095,276.813499,273.693826,275.043438,264.971715,34417017
2022-06-23,274.716635,278.660158,274.328617,275.977804,265.878417,34103538
2022-06-24,276.022251,278.431798,274.792944,275.337484,265.268066,30139177
2022-06-27,274.994058,283.733551,273.407439,280.971309,270.715867,27147308
2022-06-28,280.786487,282.862579,279.904939,280.988272,270.738882,41429128
2022-06-29,281.073226,281.939343,276.473747,277.978948,267.845926,32692291
2022-06-30,276.710614,278.748485,276.568882,277.634244,267.520379,48967073
2022-07-01,277.51022,278.50831,274.707346,277.981808,267.861883,19133606
2022-07-05,278.929826,281.215241,277.571759,279.841121,269.680086,22780491
2022-07-06,280.576505,283.438554,275.802178,276.23721,266.213593,39752228
2022-07-07,274.551746,279.355457,274.386512,278.317461,268.224969,29994550
2022-07-08,278.634833,283.187554,276.716599,281.700733,271.492245,28601264
2022-07-11,279.568755,279.807174,278.348383,279.440216,269.333554,36678676
2022-07-12,278.347835,280.16869,278.225158,278.34601,268.285534,15956462
2022-07-13,279.875149,280.870455,276.410681,277.436395,267.415385,48606115
2022-07-14,275.73839,280.368589,275.062557,277.968188,267.934572,24505439
2022-07-15,279.477545,281.462892,275.262472,275.790738,265.84227,27001279
2022-07-18,276.153044,279.348658,271.893387,273.358748,263.517487,13144133
2022-07-19,273.499276,278.131918,271.696796,277.61894,267.630901,31793796
2022-07-20,276.662292,279.132818,276.472154,278.273367,268.268394,22824075
2022-07-21,279.364318,281.044386,278.298482,279.797489,269.744365,27683537
2022-07-22,280.139891,280.761593,273.937707,275.14088,265.261603,16897239
2022-07-25,274.916541,275.719997,269.719336,270.074239,260.396135,30145723
2022-07-26,268.893905,270.025689,265.066271,267.141703,257.575033,29600268
2022-07-27,268.788731,270.114073,266.049487,266.394586,256.861001,20632336
2022-07-28,266.657863,269.384824,260.462326,262.366383,252.98319,28907007
2022-07-29,264.346906,268.688302,261.466862,266.210533,256.696184,26393058
2022-08-01,267.345463,267.56235,264.368115,265.73357,256.25521,32461023
2022-08-02,265.033599,266.632815,264.788388,265.025288,255.578489,29873098
2022-08-03,265.467676,271.353167,264.024784,269.106663,259.520779,25965639
2022-08-04,269.914961,275.397415,269.493691,273.750011,264.00523,22168419
2022-08-05,272.303489,275.89079,271.807318,274.130274,264.378471,27216733
2022-08-08,274.681176,275.02873,271.06668,272.555082,262.878746,36309140
2022-08-09,272.616591,274.412808,271.00638,272.018216,262.367406,29292230
2022-08-10,272.733267,273.902972,266.402577,266.893358,257.430713,25732344
2022-08-11,267.421399,267.797426,265.734795,266.119384,256.690505,29262799
2022-08-12,266.060814,272.363149,265.042575,269.219113,259.686806,21845593
2022-08-15,267.597145,275.317854,263.705964,273.60734,263.939168,38189887
2022-08-16,272.241656,274.285806,271.727535,274.02961,264.35303,16869085
2022-08-17,273.93616,277.145961,273.382834,275.515542,265.793041,19768758
2022-08-18,274.707011,276.484051,274.573927,275.232045,265.52609,21329022
2022-08-19,275.475965,281.447635,274.631676,280.667538,270.776575,25973080
2022-08-22,281.050094,284.501725,274.514993,275.899052,266.195812,24512248
2022-08-23,276.748825,278.258705,272.181115,273.049861,263.453317,26402589
2022-08-24,273.746797,275.007079,264.495475,265.727066,256.394204,59590882
2022-08-25,266.45529,269.831849,264.981341,268.290115,258.873613,31151070
2022-08-26,268.967695,273.391305,268.182857,273.027317,263.451039,35890720
2022-08-29,274.069925,280.529043,273.247652,280.323614,270.511419,31614619
2022-08-30,280.577842,282.700633,276.872841,277.166255,267.471167,42223671
2022-08-31,275.501167,279.373048,275.014091,277.265088,267.573136,18290076
2022-09-01,276.821409,282.595235,276.578557,280.827443,271.017646,22909285
2022-09-02,281.047594,290.982866,280.620644,288.229948,278.168422,32487990
2022-09-06,286.626826,292.115179,284.46246,289.399936,279.325098,36405873
2022-09-07,289.543465,291.868439,287.552429,288.608349,278.567932,16708603
2022-09-08,289.808766,291.768188,284.767624,286.066026,276.120858,44120326
2022-09-09,286.835078,287.287652,285.039728,286.896222,276.929015,57545563
2022-09-12,285.565833,293.617986,281.730632,290.901715,280.816109,23949851
2022-09-13,291.092025,294.825937,290.650134,293.328678,283.165907,26498486
2022-09-14,292.764603,302.800165,291.553589,300.84863,290.432475,23043863
2022-09-15,302.02831,304.761952,298.374373,299.531809,289.168372,25052112
2022-09-16,298.962838,300.199426,293.141079,296.139369,285.900351,29112324
2022-09-19,298.293475,298.511655,287.279413,288.289339,278.34231,22206278
2022-09-20,289.163423,291.230958,286.380532,289.67029,279.682505,18620117
2022-09-21,290.906996,292.412229,288.061669,290.244519,280.24384,13589093
2022-09-22,291.990495,292.717154,285.765556,286.179601,276.325792,21964832
2022-09-23,287.136209,287.758119,286.106299,287.098648,277.220024,20948014
2022-09-26,286.620947,290.070426,280.445135,283.73831,273.995565,41891608
2022-09-27,284.021125,286.939065,282.778605,285.216156,275.429452,22895603
2022-09-28,286.186055,287.114062,285.808657,286.052757,276.244154,36244657
2022-09-29,284.083972,286.850752,281.068332,284.00042,274.268948,31932427
2022-09-30,286.121413,289.365358,279.528519,281.677069,272.031911,30593622
2022-10-03,283.432516,285.647922,277.381013,277.942992,268.445539,26324464
2022-10-04,276.550195,286.411783,276.328993,282.823091,273.165614,42938045
2022-10-05,283.806939,288.778562,282.76775,287.773788,277.95411,30592044
2022-10-06,288.392041,290.637688,277.132141,277.691407,268.222378,22005550
2022-10-07,277.771405,280.35709,277.014657,278.717396,269.220016,17599181
2022-10-10,278.056244,278.879534,271.242411,273.050207,263.765435,26132516
2022-10-11,274.160958,276.485549,273.990394,275.609955,266.244702,29912095
2022-10-12,275.345457,279.481655,275.2163,277.274088,267.858887,35104702
2022-10-13,274.274627,275.851843,267.059777,267.617882,258.536941,23668560
2022-10-14,266.899805,270.969302,265.270997,269.228714,260.099523,18831652
2022-10-17,268.696406,273.362824,267.725665,272.374136,263.15774,35789375
2022-10-18,271.173777,279.728917,270.408591,278.957275,269.524765,34183783
2022-10-19,275.090321,281.092654,274.057035,278.150625,268.752012,27075016
2022-10-20,278.471934,280.102742,275.426567,275.551831,266.247591,26586137
2022-10-21,276.230407,278.981317,271.711312,272.249322,263.063076,18937355
2022-10-24,273.0645,275.598289,264.632384,265.68364,256.737911,31088558
2022-10-25,264.914827,270.664569,263.286072,269.051398,259.998681,22667607
2022-10-26,267.425912,273.092364,265.659309,269.732873,260.66365,34524730
2022-10-27,269.011631,273.932434,268.603977,273.160688,263.982716,21665031
2022-10-28,270.194904,272.748195,268.427762,270.688707,261.600238,43058808
2022-10-31,269.792442,272.653554,269.583176,272.227846,263.107148,21031502
2022-11-01,273.507073,273.988374,266.346969,268.567609,259.575939,17984018
2022-11-02,266.700561,267.352294,262.169532,262.670766,253.882779,19866340
2022-11-03,261.232005,270.305947,260.051603,266.981982,258.056116,67988455
2022-11-04,264.373831,267.783795,263.493709,267.226312,258.298643,20288102
2022-11-07,266.463473,272.542148,265.759506,270.534179,261.515329,12473024
2022-11-08,270.865452,271.008442,265.896267,266.354511,257.481344,29274577
2022-11-09,266.204374,267.267255,263.323703,265.383266,256.548776,30408083
2022-11-10,265.033987,270.550374,264.125404,268.749221,259.809082,28694677
2022-11-11,267.117623,280.134614,265.736612,277.085689,267.874831,42224197
2022-11-14,277.749529,278.908729,276.197406,277.74463,268.531717,23146740
2022-11-15,278.525994,280.893511,272.821997,273.368762,264.307511,35242535
2022-11-16,272.698551,278.923622,270.247656,278.42345,269.201287,40360196
2022-11-17,281.290612,281.575267,276.594332,278.186799,268.979102,45285198
2022-11-18,279.163139,283.080168,276.536969,276.904838,267.74617,54247888
2022-11-21,276.335116,280.618232,274.954731,277.809793,268.641052,23828184
2022-11-22,275.834242,279.568098,275.301898,278.655509,269.465495,23072508
2022-11-23,279.111372,290.736148,277.00368,286.325775,276.88962,28609948
2022-11-25,287.091085,291.052132,285.40309,286.620267,277.188066,20601281
2022-11-28,286.916318,289.371172,285.164365,287.305951,277.871726,28823432
2022-11-29,285.572561,297.498257,282.414637,294.890421,285.214173,29448371
2022-11-30,297.483178,298.663481,284.17013,286.869267,277.463054,37300256
2022-12-01,283.207724,283.921492,281.185636,282.862962,273.594854,29316840
2022-12-02,285.83056,286.286241,274.92464,277.948527,268.848067,26671775
2022-12-05,277.220507,281.088644,275.709208,277.476583,268.411416,17020861
2022-12-06,278.369493,289.414746,277.69709,289.080657,279.643275,31025511
2022-12-07,287.193211,291.395663,276.653254,278.165937,269.09151,29530361
2022-12-08,279.21049,285.979909,278.145631,283.461397,274.220976,24543497
2022-12-09,277.671314,277.950749,274.023863,275.375701,266.405426,34471463
2022-12-12,275.779062,284.60039,273.360542,280.441987,271.326736,59887373
2022-12-13,279.073577,280.459013,277.973244,279.397075,270.322447,31648350
2022-12-14,279.550185,280.719712,263.886525,264.142215,255.569352,48225123
2022-12-15,261.882679,271.360802,261.521091,269.964401,261.209013,22060884
2022-12-16,272.014731,278.951345,270.840056,273.085341,264.235247,45499806
2022-12-19,275.396668,281.982457,273.032911,277.684238,268.704966,24785410
2022-12-20,278.921723,281.196595,272.688263,280.351678,271.292836,28850622
2022-12-21,279.377284,281.204068,274.511765,276.294754,267.373589,29231750
2022-12-22,277.881615,279.43539,272.990917,273.896323,265.059131,27624661
2022-12-23,271.462836,271.965631,267.62142,271.719393,262.958919,35136474
2022-12-27,273.416185,285.906993,269.498812,282.559299,273.47629,27417282
2022-12-28,283.760386,286.456296,281.831619,282.365859,273.295802,17079811
2022-12-29,280.541264,287.72841,280.059862,286.535803,277.338634,33157497
2022-12-30,285.876029,294.88672,283.856114,291.966715,282.602189,17518744
2023-01-03,291.453986,295.230261,284.355395,294.088088,284.683579,63588232
2023-01-04,292.343887,301.148938,289.913864,297.597512,288.087875,34626190
2023-01-05,297.940116,300.127212,296.155469,298.473807,288.943288,20125877
2023-01-06,298.338966,299.304398,296.139565,298.619876,289.091817,24271614
2023-01-09,298.386919,307.272573,298.090912,303.910507,294.23539,27280830
2023-01-10,298.985527,302.492646,297.517054,299.493318,289.965968,29187067
2023-01-11,297.490314,302.000166,296.020038,301.243474,291.667636,25560748
2023-01-12,304.635099,307.109723,295.582988,296.145371,286.738655,23295031
2023-01-13,294.15069,301.751568,293.158474,300.169277,290.641908,35541951
2023-01-17,303.040886,305.376725,298.04958,298.526725,289.079981,27913812
2023-01-18,298.918879,300.902444,297.915859,300.456722,290.956074,21052585
2023-01-19,300.067103,302.158032,294.372711,298.256052,288.832108,32340277
2023-01-20,301.388141,304.576285,297.435264,299.371963,289.919903,46817688
2023-01-23,299.476333,303.450726,298.233084,302.802523,293.263828,25667077
2023-01-24,303.673049,307.43388,298.840445,304.58957,295.001849,28841024
2023-01-25,304.633205,304.89849,300.180042,302.6893,293.168619,26694813
2023-01-26,303.648027,304.396449,295.831666,297.245542,287.903181,33520268
2023-01-27,298.115397,300.307037,294.254129,294.987403,285.723055,14840588
2023-01-30,297.125749,298.366298,291.545312,291.797757,282.654476,25139457
2023-01-31,291.215898,299.700786,290.747301,298.344228,289.002939,39862634
2023-02-01,298.567174,298.773045,291.548989,294.204827,285.000168,16444420
2023-02-02,294.867523,295.469667,290.562366,291.736603,282.616129,41399513
2023-02-03,290.694199,290.944856,283.791798,286.821934,277.861953,34597159
2023-02-06,286.251107,286.661799,280.309489,283.857161,275.010125,36525875
2023-02-07,286.010515,288.345916,285.476044,287.956386,278.988463,28149637
2023-02-08,287.253418,287.706075,284.125652,286.538463,277.621539,21073671
2023-02-09,286.981455,288.18757,278.739962,278.995485,270.319955,30404299
2023-02-10,280.025148,281.756102,272.759266,274.476423,265.94797,28359707
2023-02-13,275.533755,276.745712,265.446979,269.91136,261.544083,34093450
2023-02-14,269.515977,274.227167,263.812078,264.907894,256.70205,43596140
2023-02-15,263.074342,269.712241,260.011414,267.47414,259.195191,51029010
2023-02-16,269.496726,270.983627,254.730467,256.060083,248.14054,22034806
2023-02-17,257.965407,260.118872,245.474098,250.455881,242.715648,25893263
2023-02-21,250.442972,251.48162,246.819231,248.221595,240.574122,23669721
2023-02-22,249.397875,254.907918,244.028076,253.961531,246.143281,40973836
2023-02-23,254.301668,256.84304,245.755305,247.800962,240.178284,29152532
2023-02-24,246.824863,250.006538,239.926555,242.24769,234.801624,32091770
2023-02-27,242.517624,251.459776,242.093721,250.097661,242.428227,25154728
2023-02-28,250.725462,254.725289,248.744078,250.792825,243.108063,29816674
2023-03-01,250.210398,256.843251,249.707863,254.882053,247.078077,49648356
2023-03-02,255.872911,263.096944,252.879921,261.15319,253.163443,33138097
2023-03-03,261.931168,262.878524,258.150449,261.321088,253.332447,21693915
2023-03-06,263.494493,264.208438,261.277114,261.659336,253.679107,21433771
2023-03-07,258.550663,269.667712,256.361051,268.766791,260.576215,49172484
2023-03-08,270.892902,274.044666,263.772649,264.853352,256.788364,32527101
2023-03-09,268.953438,271.299297,265.177298,270.608454,262.374684,41161727
2023-03-10,267.945927,280.58884,264.859485,275.659024,267.278167,21746778
2023-03-13,277.130686,280.76399,274.062691,276.36091,267.978522,21449323
2023-03-14,276.005993,278.958103,275.089497,278.715984,270.268823,26341442
2023-03-15,278.027759,278.898815,265.609608,272.984144,264.717223,38215417
2023-03-16,272.612737,273.176764,270.931459,271.937648,263.708916,20859061
2023-03-17,273.01286,274.057818,265.835056,266.358312,258.304773,28238765
2023-03-20,266.658058,270.038661,265.574063,269.752348,261.615527,14682302
2023-03-21,268.084062,268.727398,265.088496,268.562171,260.467669,16615189
2023-03-22,270.260021,273.144031,265.31581,266.663283,258.632386,21453459
2023-03-23,265.721708,277.714398,263.58263,274.732843,266.465487,24431231
2023-03-24,276.213419,278.253411,273.418611,275.545734,267.260502,26417514
2023-03-27,278.45843,280.435112,278.055397,278.895092,270.529147,24770694
2023-03-28,279.538053,282.773016,273.530344,276.648613,268.356668,24111515
2023-03-29,278.676041,281.896644,276.519833,278.126972,269.797364,30622584
2023-03-30,278.773298,279.170354,268.310007,269.915522,261.838289,22420250
2023-03-31,273.731993,275.24415,267.565195,270.275919,262.194362,28349306
2023-04-03,268.896027,277.402176,266.676274,276.9057,268.645763,28703614
2023-04-04,281.64658,282.692539,261.536149,267.533789,259.559807,34278071
2023-04-05,269.312532,270.985124,267.133088,268.110994,260.126218,38042360
2023-04-06,269.854293,272.223605,266.152909,269.040241,261.034222,29890415
2023-04-10,267.414249,269.028613,263.702145,266.485616,258.581102,27586894
2023-04-11,266.224912,268.628609,265.958632,268.241656,260.291468,28336054
2023-04-12,269.136892,273.051775,263.918353,265.068697,257.218888,33174094
2023-04-13,264.391832,271.121536,262.569352,270.266521,262.269244,28769360
2023-04-14,270.846781,272.823164,265.138204,266.965551,259.072335,26929889
2023-04-17,265.237526,266.768385,258.060977,258.843245,251.208746,37621416
2023-04-18,257.641524,267.43619,256.087937,266.98366,259.115446,30554345
2023-04-19,265.729672,271.547974,261.949565,267.821453,259.934954,21709295
2023-04-20,267.095782,268.070462,265.366952,266.310385,258.474751,33115606
2023-04-21,264.216288,269.083625,262.782375,267.310637,259.451966,25470502
2023-04-24,266.790687,270.589878,264.865783,267.849165,259.99388,25995561
2023-04-25,264.987877,269.99316,262.759693,269.856874,261.949162,24784553
2023-04-26,269.631128,270.410311,262.283373,266.031399,258.24215,35596026
2023-04-27,265.016494,275.075975,262.695368,273.825189,265.814292,17084122
2023-04-28,271.822478,272.746286,268.144987,270.603026,262.692868,25930862
2023-05-01,272.502182,274.010681,272.39101,273.600369,265.622229,28625263
2023-05-02,273.235189,276.414479,272.05413,272.526107,264.585811,36544826
2023-05-03,272.77673,275.589216,271.855533,275.201149,267.189497,26493589
2023-05-04,273.177162,277.214998,271.218153,275.625724,267.608306,26105972
2023-05-05,276.883753,279.720773,271.654417,272.122419,264.213415,47401804
2023-05-08,273.550643,274.694855,262.916456,264.591151,256.920029,28792199
2023-05-09,263.602831,266.646489,261.122915,265.777163,258.078015,30345652
2023-05-10,266.504414,267.770019,264.222831,264.501066,256.845213,31678520
2023-05-11,263.071025,267.034997,262.265143,263.821653,256.191778,38100054
2023-05-12,263.429843,265.759155,263.311034,263.800276,256.177331,38386933
2023-05-15,261.722121,267.473996,260.970757,267.211723,259.509381,21473989
2023-05-16,267.289535,267.83238,266.246777,267.044457,259.353328,29034879
2023-05-17,268.07256,268.539931,265.240432,266.330573,258.666378,24146885
2023-05-18,265.194371,268.018929,264.085782,266.322568,258.664977,27284398
2023-05-19,266.607144,269.724756,265.512855,268.403774,260.692765,27301303
2023-05-22,270.546183,272.316476,269.339229,270.770231,263.010677,34313246
2023-05-23,269.396653,269.632826,268.541538,269.440992,261.72598,26500505
2023-05-24,267.908595,270.640408,266.870086,270.273472,262.541092,26294396
2023-05-25,269.564128,271.252221,265.992682,267.917499,260.258936,13032460
2023-05-26,268.18935,273.703975,265.629153,272.56224,264.777428,23436873
2023-05-30,272.165559,274.096735,271.649754,272.108796,264.36299,31326229
2023-05-31,271.155501,276.130633,270.868297,275.02643,267.204155,21802204
2023-06-01,275.453252,276.846702,274.692563,275.982798,268.13993,16925103
2023-06-02,276.807239,277.200453,275.612557,275.758694,267.928796,27708561
2023-06-05,275.208018,278.179433,274.188678,276.585096,268.751599,32495636
2023-06-06,276.081989,278.343873,274.663547,274.964046,267.183044,33979755
2023-06-07,274.54963,274.892136,271.130067,271.832592,264.146714,41848821
2023-06-08,271.935641,276.438898,269.318753,275.721159,267.931936,31553466
2023-06-09,275.837098,281.800151,274.234517,280.815355,272.888943,25116177
2023-06-12,279.790607,287.833419,278.763487,286.991611,278.911482,25232697
2023-06-13,286.57888,287.391748,280.814428,282.54789,274.599638,26520935
2023-06-14,282.762619,286.418027,282.050999,282.881031,274.930182,21266803
2023-06-15,282.024669,283.550669,279.136078,280.500359,272.623141,34039204
2023-06-16,280.846183,281.691116,279.568598,279.739681,271.890525,34004868
2023-06-20,281.787651,283.401317,274.776542,275.037785,267.346907,19460701
2023-06-21,275.744092,277.609107,275.468593,277.283636,269.536599,26728070
2023-06-22,277.014297,281.082416,276.826277,279.019178,271.230334,25012515
2023-06-23,279.408591,281.97543,276.767899,277.459412,269.720755,22221203
2023-06-26,276.043629,282.630991,270.931591,280.701883,272.892962,26189671
2023-06-27,280.283463,281.472447,277.330879,279.598222,271.826702,33861366
2023-06-28,278.000624,279.636805,275.318925,276.321496,268.647674,24509894
2023-06-29,274.780508,275.825433,266.279098,267.695148,260.267304,53822432
2023-06-30,268.209447,268.828555,265.966105,266.153979,258.775275,24767698
2023-07-03,268.14675,269.797593,263.139814,268.795605,261.362985,21831805
2023-07-05,270.673385,281.416531,264.655121,278.103742,270.427065,41953096
2023-07-06,280.07527,281.908227,275.443058,275.978936,268.367524,44184529
2023-07-07,275.028312,276.298433,274.170936,275.191922,267.608809,17569371
2023-07-10,275.760168,280.967482,274.664692,278.70211,271.042306,29993159
2023-07-11,277.032833,279.054909,272.093351,272.835304,265.343281,31022561
2023-07-12,274.931155,276.176872,265.53113,269.02877,261.647722,16568096
2023-07-13,268.821215,273.524392,266.274392,272.872674,265.392704,36015583
2023-07-14,271.680872,276.803594,269.467845,276.072257,268.511196,27459758
2023-07-17,276.419516,276.682976,272.755904,275.629212,268.100103,21188890
2023-07-18,276.189908,280.983474,274.977304,279.922409,272.282736,23889379
2023-07-19,279.725617,280.270481,277.847237,278.010355,270.429529,36561825
2023-07-20,277.037119,284.204167,274.699762,283.188979,275.47373,35088052
2023-07-21,282.869626,283.871663,276.766289,278.427214,270.848369,16250051
2023-07-24,275.850593,276.785016,272.476818,273.769763,266.337382,35335804
2023-07-25,274.913905,277.339448,274.457974,276.511373,269.01119,24874157
2023-07-26,276.305454,278.419864,274.514307,277.723559,270.197155,34953720
2023-07-27,278.969787,279.934826,271.179122,272.48062,265.102833,30631902
2023-07-28,270.193234,272.439769,264.557917,267.013081,259.789736,28122326
2023-07-31,264.372648,269.141873,261.855359,267.770972,260.546384,43681274
2023-08-01,266.705141,267.601638,266.209475,267.030135,259.831938,16927410
2023-08-02,264.648874,270.272582,261.220292,269.777275,262.511493,20575259
2023-08-03,269.568761,274.033602,268.917489,272.626672,265.290685,25457197
2023-08-04,272.653548,277.108882,270.330685,271.913376,264.603103,24945442
2023-08-07,273.773627,276.465852,266.124838,267.104775,259.942994,31124159
2023-08-08,266.14801,275.540869,265.334106,274.690818,267.332222,27606851
2023-08-09,275.576147,284.138696,274.117956,283.170811,275.591839,24633276
2023-08-10,283.225423,285.103233,274.589677,276.494787,269.101126,40129520
2023-08-11,280.505601,285.089221,276.600803,284.725474,277.118548,26083586
2023-08-14,285.479801,286.924629,278.158031,281.425015,273.926514,19224306
2023-08-15,283.39804,285.591446,281.9809,285.131754,277.541327,22411858
2023-08-16,283.65298,288.752564,277.887208,288.178778,280.514149,34047510
2023-08-17,288.911947,296.241344,287.639044,294.042337,286.228809,25009773
2023-08-18,293.424705,297.288466,285.995068,287.137231,279.514078,25341126
2023-08-21,290.757682,293.014253,286.517685,292.627119,284.879275,24050764
2023-08-22,289.886776,302.854529,289.455265,299.249084,291.333089,36645777
2023-08-23,299.953895,301.508419,294.972431,295.890106,288.070064,25947924
2023-08-24,298.848879,299.318542,290.600219,292.258027,284.540988,31039330
2023-08-25,291.864999,296.314074,285.759454,290.880437,283.206751,21335185
2023-08-28,290.914959,292.51584,285.6398,287.48891,279.925387,33128012
2023-08-29,290.035666,298.608877,288.701153,295.94462,288.165737,29415721
2023-08-30,293.810448,301.167073,293.561431,296.536552,288.749226,33960391
2023-08-31,295.296229,297.218394,292.690674,293.885289,286.174638,24298887
2023-09-01,293.627555,294.483173,288.448999,289.087788,281.509946,17665369
2023-09-05,290.1014,291.589967,285.221096,285.608271,278.149051,27572679
2023-09-06,285.60517,294.095459,285.073585,292.958798,285.314635,16683909
2023-09-07,289.789263,293.971392,289.398792,291.830561,284.22284,30701940
2023-09-08,289.914352,298.297368,288.525722,296.89113,289.158611,27376073
2023-09-11,296.210037,297.819658,291.716312,292.649812,285.048828,23338759
2023-09-12,289.710515,294.357532,287.190761,293.543211,285.926068,43462233
2023-09-13,292.95377,294.547955,288.858095,288.975763,281.484076,22349499
2023-09-14,287.534462,297.585036,284.815664,295.739157,288.079228,20670238
2023-09-15,297.49246,299.242896,295.419363,298.522813,290.79795,15333962
2023-09-18,301.326336,302.324906,296.293578,296.579208,288.925997,24857734
2023-09-19,296.567198,302.331257,294.3446,299.27002,291.554557,23639441
2023-09-20,298.802933,302.10307,293.595789,295.220442,287.616467,45293197
2023-09-21,294.877116,295.662979,293.168717,293.991412,286.426151,33831026
2023-09-22,295.49503,296.346417,287.866148,288.832201,281.406636,28431210
2023-09-25,288.995461,291.322534,287.246542,290.823538,283.367724,19699407
2023-09-26,288.959212,300.365429,287.140891,297.362914,289.74659,22919627
2023-09-27,298.211015,303.564474,293.617004,295.031282,287.481761,31378476
2023-09-28,293.224524,300.989731,292.867337,299.084493,291.438437,22316155
2023-09-29,298.57903,299.54869,297.790888,298.183371,290.567512,26012490
2023-10-02,298.204988,312.501471,296.164539,311.043229,303.121324,35524450
2023-10-03,307.7223,309.692309,302.197263,302.608828,294.909004,26062015
2023-10-04,299.431051,300.63729,297.822651,300.103688,292.474814,34421877
2023-10-05,298.470299,302.738712,294.869014,297.603962,290.045779,26483144
2023-10-06,297.670587,305.786752,293.942866,304.159129,296.441771,20541564
2023-10-09,302.088635,308.385331,300.37384,305.769747,298.033553,20928065
2023-10-10,305.046785,306.864935,298.175471,298.801197,291.248489,26493281
2023-10-11,301.819573,303.596448,294.463663,297.052715,289.551337,26406202
2023-10-12,296.024639,298.412048,292.596028,297.49137,289.98606,34438166
2023-10-13,292.301533,300.19891,288.704125,300.03867,292.476303,24026442
2023-10-16,300.853318,307.35369,299.859711,306.865002,299.152692,37860134
2023-10-17,306.528611,310.93058,305.400489,308.685655,300.935003,18374518
2023-10-18,306.156129,310.97243,306.023172,310.706718,302.912783,22054192
2023-10-19,308.621461,316.988569,307.588485,315.12607,307.228849,28121675
2023-10-20,319.501626,325.217084,317.738795,323.339503,315.244216,27644221
2023-10-23,324.120207,329.73421,319.972279,321.657886,313.627884,22470580
2023-10-24,322.105864,327.917225,318.123679,326.117923,317.984414,28050363
2023-10-25,327.046521,335.205703,324.940072,334.339294,326.008773,25964312
2023-10-26,331.391274,340.87319,328.777037,337.402904,329.004156,23364435
2023-10-27,339.204016,344.733848,338.202846,344.471166,335.90475,24918565
2023-10-30,346.679467,352.308852,344.642268,351.830292,343.106229,18995722
2023-10-31,352.522533,354.999936,349.673684,349.957202,341.287994,30676379
2023-11-01,351.064518,359.56203,347.314662,358.935182,350.052195,18913376
2023-11-02,358.574701,367.382089,356.407205,366.909192,357.837681,34257617
2023-11-03,369.636648,370.714348,355.269173,357.401058,348.573215,28862364
2023-11-06,355.30767,367.980945,350.970415,366.572687,357.544733,37298138
2023-11-07,365.453222,372.978735,363.069516,368.584063,359.515432,27052163
2023-11-08,368.239509,380.359457,366.496182,378.200333,368.904194,28850418
2023-11-09,377.956473,390.980409,375.250615,386.930142,377.428724,30651063
2023-11-10,388.252514,397.603674,387.939618,396.37671,386.652851,20417347
2023-11-13,391.803612,408.262357,390.624454,405.78534,395.859932,18938075
2023-11-14,402.648065,404.266452,394.944109,398.350672,388.616689,24837921
2023-11-15,395.190978,398.138774,393.70611,393.989719,384.37177,34227593
2023-11-16,391.466952,400.641203,391.206039,397.425727,387.733454,16641024
2023-11-17,397.538281,402.010457,396.106194,400.544492,390.785788,20557377
2023-11-20,403.665214,407.99161,400.67982,407.066446,397.178203,28153726
2023-11-21,405.284066,416.484455,404.610656,411.380641,401.39749,22082758
2023-11-22,412.42473,412.628706,405.273138,411.18081,401.212395,29647499
2023-11-24,412.813452,421.102727,412.230245,417.061142,406.970223,21449184
2023-11-27,417.26707,418.392444,411.884759,412.741871,402.785232,23182756
2023-11-28,413.431752,418.671546,412.824008,415.39837,405.387636,20928021
2023-11-29,412.163931,413.330309,410.750048,412.212931,402.288877,34048764
2023-11-30,412.516284,415.027918,403.713317,409.724608,399.870313,39606353
2023-12-01,410.020527,411.036513,397.0025,400.624229,390.998441,26350506
2023-12-04,401.535885,406.76995,398.182475,401.903394,392.275869,15225070
2023-12-05,400.651488,401.199553,393.913301,394.138478,384.706439,27103980
2023-12-06,396.410291,397.926426,391.4063,393.783567,384.369493,40673035
2023-12-07,396.867084,401.432237,396.377914,397.905902,388.402847,34110882
2023-12-08,395.226851,397.613491,388.081906,389.634886,380.338736,32435494
2023-12-11,388.891019,394.583496,388.599845,392.248119,382.917926,27380680
2023-12-12,391.412342,392.375206,376.564832,377.070985,368.110873,17081483
2023-12-13,380.156572,386.657527,377.904131,380.511977,371.479252,20742305
2023-12-14,383.569967,388.194295,376.406915,381.402328,372.357642,25447750
2023-12-15,382.045542,390.563006,378.334251,387.006602,377.838325,46163774
2023-12-18,386.884306,389.408096,369.138618,371.768553,362.988101,31006808
2023-12-19,373.179214,385.256485,371.816913,382.607062,373.57983,32819698
2023-12-20,382.097021,390.362759,380.12861,384.818748,375.748593,25282007
2023-12-21,385.341598,390.332401,383.859418,389.756907,380.579737,38020301
2023-12-22,391.377182,392.184891,375.723416,379.551576,370.623832,29883773
2023-12-26,380.16773,382.164147,375.922257,380.644007,371.727204,35029560
2023-12-27,380.191414,388.493072,377.445947,386.827992,377.775633,31143825
2023-12-28,384.750176,385.436778,383.969231,384.376842,375.391094,16879087
2023-12-29,383.364057,385.866922,382.260966,382.576674,373.642216,34347666
2024-01-02,381.268067,382.860083,375.217577,377.185559,368.413311,34974799
2024-01-03,374.488649,377.001182,371.285684,375.373519,366.652449,42542420
2024-01-04,375.682208,379.07428,365.754178,369.443744,360.869333,26979857
2024-01-05,367.908225,370.467426,366.635615,370.071046,361.490983,50259411
2024-01-08,370.181105,374.13055,368.991648,373.658779,365.022517,38046902
2024-01-09,373.237424,373.404039,365.957959,370.225099,361.67711,36085486
2024-01-10,369.307952,370.089408,361.620532,366.079157,357.635704,25847680
2024-01-11,367.690356,369.949742,364.431196,367.689082,359.217349,15997108
2024-01-12,367.073562,368.670814,355.640873,357.978693,349.73931,37457162
2024-01-16,357.773364,360.707828,352.357668,359.097623,350.867066,22257852
2024-01-17,359.193715,359.440511,353.428965,354.245942,346.135115,23883608
2024-01-18,351.949191,352.903825,346.367729,349.223445,341.236022,25977207
2024-01-19,346.907431,357.00149,344.453531,356.372423,348.230069,16021892
2024-01-22,356.102808,357.21562,344.33579,347.462267,339.54859,33059185
2024-01-23,344.630755,351.150579,343.706765,349.959792,341.997659,34225028
2024-01-24,349.29349,349.483954,342.92263,346.63847,338.76025,19117905
2024-01-25,350.565117,351.061584,346.129915,348.922438,341.000712,53789395
2024-01-26,352.806154,358.139897,347.348037,356.560655,348.474101,17793407
2024-01-29,360.855604,361.011891,358.046157,360.28369,352.138731,27181445
2024-01-30,360.177654,362.179132,354.853314,355.008987,346.991824,30016726
2024-01-31,357.175781,357.327215,348.274749,350.229355,342.328565,19825074
2024-02-01,348.474872,350.740601,346.354857,349.660071,341.780545,24524942
2024-02-02,351.33229,356.014616,339.823152,347.517812,339.694931,32217883
2024-02-05,347.951747,349.589323,334.47252,337.695708,330.118332,21446562
2024-02-06,337.650512,340.073264,331.12349,332.471077,325.018943,26292427
2024-02-07,330.624351,331.493258,330.197448,330.759657,323.353851,32748489
2024-02-08,331.847435,333.237856,330.702218,331.910175,324.486603,42408957
2024-02-09,332.558694,335.332251,332.358277,332.783472,325.348385,22277101
2024-02-12,333.823372,336.59765,320.254983,325.35459,318.108994,18525778
2024-02-13,325.821987,327.115965,323.614683,324.194534,316.982583,30724333
2024-02-14,323.211295,324.068633,318.702233,319.810014,312.703305,18980253
2024-02-15,320.912554,325.990653,319.764459,324.477799,317.275182,27081838
2024-02-16,325.02546,325.422641,322.349666,323.4757,316.303121,25576230
2024-02-20,323.733467,325.185304,320.802922,322.065917,314.955639,18555555
2024-02-21,323.329245,325.228316,321.592658,323.363164,316.232039,18519773
2024-02-22,322.924717,327.176427,321.231483,325.827223,318.64961,44125205
2024-02-23,323.947486,327.174058,320.888859,327.024864,319.828748,32750963
2024-02-26,324.595549,333.050154,323.102995,331.623411,324.350081,25219685
2024-02-27,330.874599,333.787816,328.28188,329.045198,321.836344,35622685
2024-02-28,328.948347,329.193962,325.464191,326.592371,319.445126,36497232
2024-02-29,327.707372,333.424957,327.568515,331.186899,323.947089,35519237
2024-03-01,327.254987,334.100113,324.080723,333.453258,326.171941,26520073
2024-03-04,332.322585,336.645973,331.243311,335.013799,327.722632,20994370
2024-03-05,333.431299,334.03499,324.736005,329.666002,322.499169,20620123
2024-03-06,332.126638,332.558582,327.056966,327.675431,320.559771,17990710
2024-03-07,328.58016,330.614779,320.725925,321.947064,314.96356,26454278
2024-03-08,321.811361,322.581479,313.518465,316.297269,309.443942,26890874
2024-03-11,317.446332,320.528034,317.198759,319.913429,313.004887,40446562
2024-03-12,318.43267,318.902019,311.603934,312.109748,305.377251,33694474
2024-03-13,309.504146,319.26133,308.515023,317.779697,310.932556,15433229
2024-03-14,314.745059,319.79818,312.989066,318.736991,311.876907,15108454
2024-03-15,318.564485,320.123781,317.691449,318.518397,311.670698,20615375
2024-03-18,318.395673,327.196635,317.69428,325.684671,318.706466,24871071
2024-03-19,326.283624,337.161387,325.679083,335.826582,328.639171,37194698
2024-03-20,334.726119,335.008025,327.721351,331.007768,323.931472,18773588
2024-03-21,328.994115,332.148118,327.305741,330.473454,323.41655,10451243
2024-03-22,332.856443,335.276505,328.877303,329.837798,322.802421,39972162
2024-03-25,329.812095,330.400169,325.172119,325.989709,319.059996,35934516
2024-03-26,327.352172,330.711702,319.633431,320.771519,313.960468,43989780
2024-03-27,320.911151,324.32256,319.699936,321.153084,314.341676,36513312
2024-03-28,322.007631,323.850534,321.287099,321.506175,314.695033,45457187
2024-04-01,321.619191,324.026286,320.594768,321.002808,314.2333,19739449
2024-04-02,323.316042,323.788119,323.040785,323.446145,316.632912,16044010
2024-04-03,323.90991,329.089425,323.182526,327.900875,321.001715,46792787
2024-04-04,327.802794,329.316805,322.929316,324.143258,317.330979,39235892
2024-04-05,325.966681,330.766052,323.994033,328.65236,321.753244,28791394
2024-04-08,327.906513,331.163981,320.301253,323.426139,316.660141,21796239
2024-04-09,322.191407,325.089587,320.486141,324.883775,318.095121,23329477
2024-04-10,324.679437,325.116951,322.590893,324.038477,317.275303,32894013
2024-04-11,324.015902,324.256407,315.479106,318.550551,311.909604,52987483
2024-04-12,319.25358,320.004777,317.378886,318.235804,311.609098,22141276
2024-04-15,317.788942,320.14321,307.816806,310.462281,304.019918,44105451
2024-04-16,311.824604,313.762463,303.48565,305.59656,299.262539,39127108
2024-04-17,302.748632,314.575712,301.591726,312.095793,305.634594,33825231
2024-04-18,312.725177,314.371523,309.889695,310.929421,304.499873,18972394
2024-04-19,309.686775,313.453136,295.258465,299.061301,292.884383,39141610
2024-04-22,300.365681,300.84193,293.717543,296.278935,290.180936,19608255
2024-04-23,297.366685,299.004671,293.878432,295.768652,289.688293,43108543
2024-04-24,294.455871,294.595487,284.270824,286.845872,280.955868,34164428
2024-04-25,287.195861,287.664954,283.774748,283.99502,278.17041,18424009
2024-04-26,281.90973,283.838475,280.855386,281.030986,275.27395,26591371
2024-04-29,279.71046,280.745208,278.279261,279.826885,274.114778,27105070
2024-04-30,277.529513,279.74737,275.535713,278.143828,272.472791,27145940
2024-05-01,279.247797,279.473631,276.992584,277.482483,271.831627,43012696
2024-05-02,275.653247,279.042468,275.157196,278.827919,273.156394,28545034
2024-05-03,280.027012,287.525129,279.668747,283.400211,277.642524,30732499
2024-05-06,284.026168,284.845473,282.022548,283.099628,277.368552,40637727
2024-05-07,283.49617,286.75372,283.138531,285.309447,279.540523,30441879
2024-05-08,284.617004,289.175883,281.817674,288.975007,283.138942,23268781
2024-05-09,289.96343,290.829331,288.489359,289.554768,283.713986,26286164
2024-05-10,290.339159,291.120976,287.884714,288.436514,282.625252,12339713
2024-05-13,286.897311,291.489918,286.323517,290.878241,285.038855,24988648
2024-05-14,291.38104,295.116872,290.315467,292.064917,286.20876,33434498
2024-05-15,291.324443,292.236865,290.402225,291.459645,285.622663,37879225
2024-05-16,293.668834,294.597853,293.12359,294.170044,288.285884,27734851
2024-05-17,294.202,295.806011,293.816023,293.941474,288.068985,27169004
2024-05-20,293.171192,293.36722,284.741113,287.197476,281.480528,31892533
2024-05-21,288.739996,294.779338,287.29889,292.423429,286.609515,23941290
2024-05-22,292.000083,293.254729,290.428659,291.567394,285.777542,19443195
2024-05-23,292.633347,296.913048,291.686825,295.747866,289.882142,17114612
2024-05-24,294.388567,295.23536,290.635273,292.020699,286.235951,39793357
2024-05-28,291.828553,292.724209,287.306839,287.558047,281.889484,31309781
2024-05-29,286.496065,287.741323,283.523437,284.333368,278.73524,38613641
2024-05-30,283.704574,285.361731,282.598625,284.587363,278.991109,22760262
2024-05-31,283.471928,289.419038,281.790199,287.852681,282.19917,44816497
2024-06-03,286.981694,293.029921,285.630984,290.365327,284.68351,34172155
2024-06-04,288.352368,290.021394,287.008109,288.737281,283.094296,27780251
2024-06-05,289.157296,293.32082,288.673581,292.059804,286.358941,35215235
2024-06-06,293.962839,296.225359,289.178,289.392402,283.750598,24285061
2024-06-07,291.477198,294.141954,290.955505,291.897299,286.213713,35749282
2024-06-10,292.976108,294.277051,285.565938,287.809678,282.226545,41059308
2024-06-11,287.907104,289.15422,280.592176,282.830256,277.350551,29919328
2024-06-12,283.625183,285.723268,283.347437,285.602135,280.075628,11169810
2024-06-13,286.427653,286.747193,282.439948,285.603745,280.084107,27533862
2024-06-14,286.269244,286.614378,279.989608,281.771335,276.332572,23110289
2024-06-17,281.571232,282.803821,280.137246,281.276472,275.867654,23028590
2024-06-18,279.124632,285.620968,277.413696,282.485508,277.060267,39792627
2024-06-20,282.075256,287.980542,280.547021,286.548561,281.059138,31077802
2024-06-21,285.550833,285.824222,283.230672,283.504148,278.079899,26601451
2024-06-24,282.029445,286.556008,278.366283,286.209703,280.754443,42477129
2024-06-25,286.32903,287.104549,283.851449,284.884185,279.461075,15359486
2024-06-26,284.94177,292.098427,284.00567,289.90236,284.39073,33402722
2024-06-27,290.732863,294.161953,290.176684,292.593503,287.037783,16741691
2024-06-28,291.907097,299.922847,290.4987,297.068055,291.434553,34159600
2024-07-01,296.560653,296.853323,293.565742,296.145535,290.551005,36248214
2024-07-02,296.814436,299.421513,295.952073,298.916234,293.276589,33647179
2024-07-03,300.304965,301.225572,296.778369,299.567279,293.922593,26363073
2024-07-05,298.877264,299.775041,296.785867,298.91008,293.292231,24218087
2024-07-08,297.814937,299.976286,291.142923,295.082879,289.558363,14792493
2024-07-09,294.224183,299.196549,293.146515,298.408122,292.828568,28639495
2024-07-10,298.154266,299.319671,294.11863,295.916559,290.390747,30824569
2024-07-11,297.512852,301.088949,290.76167,291.717698,286.277346,43180089
2024-07-12,291.231242,298.807617,290.587405,295.857283,290.346885,36961321
2024-07-15,297.354888,299.081798,294.660489,296.317717,290.820241,37261851
2024-07-16,296.575866,298.09889,293.954287,296.291411,290.801588,42602897
2024-07-17,297.734326,298.445915,293.980612,296.776021,291.284396,31186896
2024-07-18,296.87152,297.621796,290.571247,291.655247,286.265433,41706340
2024-07-19,290.79914,293.262318,288.816982,292.037495,286.64768,23120895
2024-07-22,292.487562,294.422769,290.941743,292.099468,286.729704,40213794
2024-07-23,292.174215,292.850599,290.627929,290.928112,285.586918,24586960
2024-07-24,288.454452,299.398496,287.286192,296.358792,290.925064,39229306
2024-07-25,299.118854,302.520963,294.742283,296.436537,291.008554,25011159
2024-07-26,295.296626,296.564368,294.507488,295.69381,290.28658,15411102
2024-07-29,295.275488,301.339057,292.64926,299.354908,293.902453,33441950
2024-07-30,298.62341,307.110103,297.105981,305.569576,300.011321,26909299
2024-07-31,306.487247,308.055499,303.291501,304.330612,298.802256,22537997
2024-08-01,304.464159,306.664841,303.409179,305.469759,299.928099,26621004
2024-08-02,304.598585,311.543149,303.625449,310.207619,304.587513,19337284
2024-08-05,308.953102,311.507915,307.981173,308.364616,302.800283,21406184
2024-08-06,308.75348,309.114242,307.83967,308.248559,302.693779,20612831
2024-08-07,307.428126,308.612024,303.869803,306.92862,301.405052,36712573
2024-08-08,308.676788,313.469086,305.512653,311.419467,305.822616,25758311
2024-08-09,309.940179,317.39024,309.271964,314.292345,308.651468,23326989
2024-08-12,312.440456,319.44989,311.84833,317.583202,311.906317,16470210
2024-08-13,317.843223,327.690347,316.758997,326.63737,320.806544,40835851
2024-08-14,325.7384,328.44634,324.849518,328.233964,322.382581,46531388
2024-08-15,327.851057,337.209636,326.41074,335.196697,329.229303,46318588
2024-08-16,334.683589,335.303567,332.773522,334.812842,328.860384,27917312
2024-08-19,334.6966,335.441741,330.022657,330.893387,325.034637,18502204
2024-08-20,330.526106,332.907514,326.652839,328.728697,322.916232,28577329
2024-08-21,328.410387,334.753752,326.697991,333.480155,327.591748,32450711
2024-08-22,335.117477,338.110575,333.002994,337.460494,331.509974,20372251
2024-08-23,338.687326,339.687589,334.216516,334.874412,328.977598,46451763
2024-08-26,334.190292,342.70432,333.898004,340.083779,334.119932,37620968
2024-08-27,337.498855,338.0733,335.292346,336.151098,330.264353,26694761
2024-08-28,337.01505,338.229021,330.761488,333.373972,327.543932,30809377
2024-08-29,331.199348,337.077204,328.229765,335.187367,329.333729,28923844
2024-08-30,334.405252,340.141862,334.201371,336.687075,330.815397,30337965
2024-09-03,338.839531,341.014869,333.825612,334.257331,328.4604,23646648
2024-09-04,335.534475,337.928979,326.221833,328.405108,322.717622,27357244
2024-09-05,329.846888,331.999902,326.897335,328.161378,322.48606,19492174
2024-09-06,327.942334,335.72098,327.1646,334.349151,328.574915,32093776
2024-09-09,333.659952,333.946412,330.156091,331.711798,326.007208,28794619
2024-09-10,332.491928,340.996788,330.845509,339.637801,333.805129,30666807
2024-09-11,338.645055,338.993899,335.337312,336.700566,330.92649,17483691
2024-09-12,337.16271,338.081473,331.882128,333.214672,327.508445,24481225
2024-09-13,332.035021,333.245086,326.986709,327.819779,322.213878,56220791
2024-09-16,326.265706,328.07942,317.928115,318.315987,312.895736,35950119
2024-09-17,317.261972,322.175803,315.062389,320.399697,314.951725,24137229
2024-09-18,319.06708,319.409144,311.093661,314.495215,309.155258,36440364
2024-09-19,317.816261,318.12832,309.732059,310.413669,305.150534,19183267
2024-09-20,310.101691,318.050192,307.919498,316.542951,311.18356,49620549
2024-09-23,317.407847,317.559884,307.950578,310.026968,304.80043,11747303
2024-09-24,308.243854,312.328017,303.489526,305.990049,300.83898,24557730
2024-09-25,307.082678,309.102079,299.824445,300.635148,295.581506,42463982
2024-09-26,301.437246,304.500609,300.840092,302.486847,297.409407,28687162
2024-09-27,304.386631,309.212624,298.784589,299.527015,294.506514,23313128
2024-09-30,297.013976,304.591528,295.662017,302.755628,297.703018,34476089
2024-10-01,302.551254,309.585916,301.860542,307.900364,302.769355,24431840
2024-10-02,309.539893,315.831714,308.313023,314.171309,308.94341,40970766
2024-10-03,312.662493,314.432402,310.28381,310.982837,305.81553,36344611
2024-10-04,308.693378,315.83938,307.698653,315.674284,310.436673,30456601
2024-10-07,315.387544,317.102049,312.426688,313.588026,308.407827,31713850
2024-10-08,313.998174,315.55827,312.222852,312.579271,307.423311,30976992
2024-10-09,313.402141,313.784445,311.747702,311.992013,306.853301,46888628
2024-10-10,311.252269,315.443855,309.350839,315.082378,309.900401,21694569
2024-10-11,314.268359,320.801148,312.508034,320.501354,315.238023,20999550
2024-10-14,320.361278,323.220749,318.893552,321.118208,315.868095,26494150
2024-10-15,322.220471,322.582965,315.152427,316.042047,310.882587,23666966
2024-10-16,314.907238,315.926168,305.260344,305.966388,300.978832,38173858
2024-10-17,305.670771,311.392662,303.856989,310.3237,305.272637,31975273
2024-10-18,310.100202,315.752199,308.376439,315.151454,310.02945,39905373
2024-10-21,314.662505,319.981532,312.149918,319.842248,314.667266,32458338
2024-10-22,320.419161,320.678445,316.052864,320.360335,315.184737,45507132
2024-10-23,320.343688,320.677296,319.273201,319.970104,314.808568,38644478
2024-10-24,319.996734,324.518763,319.138782,323.181823,317.976312,43208668
2024-10-25,320.500002,325.476316,320.038894,324.988253,319.761525,24633660
2024-10-28,325.794888,328.83529,321.235786,327.496272,322.253029,19799481
2024-10-29,327.142242,327.466422,321.21448,324.236509,319.053316,14476368
2024-10-30,325.459316,329.044329,324.939137,328.193879,322.955383,43367932
2024-10-31,330.190412,332.450414,326.786309,327.436555,322.218086,35628409
2024-11-01,325.45646,330.159506,323.661252,327.088203,321.883217,21876925
2024-11-04,326.548316,326.937881,322.86728,324.833121,319.687652,32129233
2024-11-05,324.291182,329.64305,321.227681,327.390482,322.212442,26521291
2024-11-06,326.404822,327.722028,324.218469,324.573413,319.4478,24079395
2024-11-07,323.855352,334.006953,322.787179,330.336793,325.128177,34533078
2024-11-08,332.362149,333.41713,331.954919,332.105577,326.877125,29203536
2024-11-11,333.210309,333.525266,329.374686,331.494064,326.299359,45076256
2024-11-12,332.00677,336.82247,328.870604,336.560669,331.294731,18207538
2024-11-13,336.064356,337.694019,334.206186,334.952714,329.720059,26573060
2024-11-14,334.666944,336.342847,333.108795,335.392772,330.161378,30551123
2024-11-15,335.342344,338.840337,334.455143,338.401067,333.130959,29678386
2024-11-18,337.292021,340.079664,335.278018,338.509258,333.262099,25761829
2024-11-19,340.889985,341.1722,329.939931,332.122632,326.982528,45276726
2024-11-20,330.589775,331.829448,327.29523,327.581528,322.519651,25154363
2024-11-21,327.568133,328.992482,327.267944,327.88845,322.829786,38991528
2024-11-22,327.186556,328.327161,324.340564,325.149293,320.140777,23502840
2024-11-25,326.302812,328.898361,324.104636,325.747898,320.753871,24231553
2024-11-26,324.446974,329.408863,324.25942,329.259308,324.219436,16935755
2024-11-27,327.784523,334.827322,324.848414,332.408933,327.328916,21369356
2024-11-29,333.199279,335.085685,329.057633,333.909489,328.822744,21450998
2024-12-02,331.45933,331.879193,330.881393,331.403925,326.379476,25315638
2024-12-03,330.310286,330.459324,327.205411,328.024632,323.059377,25536496
2024-12-04,327.653244,328.005081,320.704615,323.432517,318.544622,23031187
2024-12-05,322.307147,324.546273,321.773453,323.000203,318.126679,24567486
2024-12-06,326.573588,327.19575,321.078091,324.137238,319.254425,23793123
2024-12-09,322.348726,322.59577,320.318696,320.598636,315.792471,19440553
2024-12-10,323.501184,325.723727,317.084318,319.647994,314.863839,19562543
2024-12-11,320.097992,321.844157,315.639915,316.343872,311.616849,28525974
2024-12-12,313.201294,317.866988,312.285228,316.460319,311.739236,30351816
2024-12-13,316.470324,323.917098,315.434161,320.720284,315.943435,39751512
2024-12-16,321.44328,330.575431,319.003001,328.581133,323.711132,34184350
2024-12-17,330.352143,332.04499,323.857968,325.092686,320.28228,33921719
2024-12-18,322.471546,329.794914,319.452371,329.413841,324.547492,34568455
2024-12-19,325.58219,337.199614,324.128863,336.238893,331.279882,21039188
2024-12-20,334.761469,344.117188,332.126093,342.234901,337.195767,24538515
2024-12-23,342.762771,343.72298,342.256732,342.62226,337.602378,49135673
2024-12-24,342.108615,342.43846,334.918696,338.115787,333.17014,34735161
2024-12-26,336.275585,340.267531,335.159652,337.022609,332.109317,23908935
2024-12-27,334.866831,337.499223,330.963746,336.876121,331.973146,35064309
2024-12-30,336.15215,339.667186,333.283392,339.256757,334.343847,12140520
2024-12-31,339.223474,339.456908,328.893458,329.054522,324.297346,18314170
2025-01-02,330.259566,331.758859,327.871821,330.796543,326.030249,42840496
2025-01-03,331.674462,334.514779,326.854769,328.843828,324.113656,22706779
2025-01-06,328.541593,336.146362,328.270148,334.002689,329.222647,25615850
2025-01-07,333.25645,343.17227,332.96401,341.853189,336.969098,27709242
2025-01-08,337.995127,347.608512,333.377387,344.989446,340.068927,64295481
2025-01-09,341.957008,347.814389,341.509952,344.830155,339.920284,33478560
2025-01-10,341.518732,343.779182,338.91522,343.471776,338.589589,22897768
2025-01-13,340.706586,341.431463,335.011345,336.37542,331.618615,26324880
2025-01-14,337.689452,340.537975,337.210923,337.432557,332.668999,22278017
2025-01-15,336.704372,342.280404,336.266113,340.37972,335.582826,24131046
2025-01-16,341.685219,342.31039,336.908753,337.456292,332.708795,35034243
2025-01-17,335.098924,335.276739,334.0418,334.726751,330.025786,29357210
2025-01-21,335.598298,336.448268,333.983996,335.771948,331.088936,35383864
2025-01-22,338.890358,341.188021,337.112896,338.043786,333.337303,35652829
2025-01-23,337.892882,346.250141,335.952789,343.262488,338.491686,41963131
2025-01-24,340.67981,349.604938,337.893878,348.493103,343.658072,28497470
2025-01-27,347.883771,351.032684,345.612387,349.22279,344.403094,42557112
2025-01-28,350.968685,351.988429,344.064384,345.558257,340.797533,27320953
2025-01-29,344.179065,344.493845,341.028272,341.352738,336.658248,25033433
2025-01-30,340.884815,343.679197,340.289147,343.399632,338.685338,26399256
2025-01-31,342.539368,345.558895,339.37733,341.960517,337.27429,17310357
2025-02-03,341.368935,347.82858,339.831004,346.068874,341.351578,35793464
2025-02-04,345.378427,351.390073,342.298017,348.376434,343.636151,23001561
2025-02-05,345.965918,349.664276,344.655236,348.537607,343.803603,23871587
2025-02-06,348.805471,353.216504,348.222384,350.486265,345.734311,32531507
2025-02-07,351.883821,352.730065,346.45493,348.137661,343.426012,36336558
2025-02-10,347.640409,348.239939,345.292603,345.825959,341.170816,20594368
2025-02-11,345.486952,354.803092,345.036846,350.752656,346.039721,29496429
2025-02-12,350.25542,355.122631,349.481315,354.764041,350.005831,25964906
2025-02-13,356.526265,358.462812,355.951921,357.655912,352.867611,33515554
2025-02-14,359.927777,365.97599,357.972779,362.856253,358.007151,20060742
2025-02-18,362.987194,369.1786,361.058439,366.070055,361.213605,30171449
2025-02-19,368.763439,369.694552,367.579923,369.337879,364.447056,15459439
2025-02-20,368.383408,370.271633,366.05365,369.584643,364.699539,31287698
2025-02-21,371.929283,375.07533,371.679271,373.572582,368.64385,31144452
2025-02-24,373.69272,374.366351,368.32651,370.423446,365.563284,23027790
2025-02-25,369.741842,370.951546,367.373693,370.033933,365.18788,41684147
2025-02-26,370.061455,374.352583,369.513413,372.09806,367.234023,18271295
2025-02-27,372.448706,385.607816,371.121128,382.910769,377.914702,32900710
2025-02-28,380.6783,387.47168,380.231852,386.194479,381.164959,14005239
2025-03-03,386.15263,394.772719,384.124938,392.760769,387.674391,37480448
2025-03-04,393.53116,396.770025,392.142129,396.427883,391.303657,40055153
2025-03-05,395.197734,403.195026,393.103099,401.697872,396.515296,19348089
2025-03-06,402.040542,405.690826,398.713311,399.759519,394.611674,37521000
2025-03-07,400.565639,401.428726,390.012451,392.66668,387.619724,27586812
2025-03-10,388.781282,404.364945,387.841562,401.804145,396.669065,24809950
2025-03-11,404.606176,405.390576,402.919929,404.070814,398.916596,15987071
2025-03-12,406.116279,409.413574,405.099557,409.204446,403.994699,23958930
2025-03-13,406.674573,414.421155,402.251018,413.112138,407.862691,25330764
2025-03-14,410.224632,415.774258,408.686155,413.480221,408.236156,18900550
2025-03-17,415.696532,417.629967,414.388886,416.87323,411.616559,26304210
2025-03-18,416.571028,422.328362,416.133182,420.584923,415.291681,38775844
2025-03-19,420.085957,422.340447,415.619063,418.313755,413.059274,50738331
2025-03-20,418.469474,419.103131,415.717043,417.145536,411.915879,24035446
2025-03-21,417.768029,426.08553,415.221078,423.468468,418.169846,44538470
2025-03-24,425.761118,429.093963,423.107405,423.781501,418.509898,20531464
2025-03-25,423.512668,433.467309,422.590769,431.949054,426.586362,38521947
2025-03-26,430.503222,434.795624,426.803132,433.445978,428.075249,24174702
2025-03-27,435.276012,436.716755,433.563897,435.367076,429.983139,26583710
2025-03-28,432.316983,446.980954,430.71096,443.98562,438.505907,24047562
2025-03-31,443.829585,459.962106,441.612465,454.679802,449.101297,19341753
2025-04-01,454.834817,462.309483,449.424192,459.453699,453.827806,25955319
2025-04-02,460.262199,466.944729,455.726506,466.046818,460.351537,17647011
2025-04-03,466.889398,480.462779,463.971466,478.920797,473.079848,18456545
2025-04-04,481.320844,482.842949,469.114629,471.413154,465.675243,20626123
2025-04-07,471.627822,485.966058,467.805434,484.630548,478.767149,25673041
2025-04-08,486.060041,489.99532,482.28143,486.824174,480.946085,19150537
2025-04-09,481.031178,502.462621,473.770634,498.401062,492.395322,18638105
2025-04-10,496.275767,498.497071,489.408454,489.983519,484.09114,24510283
2025-04-11,488.282151,509.867403,487.061571,503.133831,497.095558,45905304
2025-04-14,505.307476,508.243514,501.206363,505.463067,499.433759,19940102
2025-04-15,504.379475,511.959518,503.041689,510.07754,504.005608,34204584
2025-04-16,509.461074,512.003195,507.085201,509.135906,503.087579,31190698
2025-04-17,509.305356,517.484345,508.37567,515.813109,509.698019,26498726
2025-04-21,510.849203,519.834961,507.514822,516.907821,510.830098,37438497
2025-04-22,519.558576,528.72794,513.704486,526.883996,520.701806,22096842
2025-04-23,527.974421,530.982865,523.586342,524.238497,518.100114,16414327
2025-04-24,520.47586,529.041917,515.110615,525.563996,519.422891,57000750
2025-04-25,531.140337,540.092849,527.586296,531.928878,525.726355,23952308
2025-04-28,530.085279,531.33597,520.606619,521.300405,515.259902,25660953
2025-04-29,522.46308,523.754391,514.267331,518.945722,512.945143,30067937
2025-04-30,519.555864,527.891032,515.012067,521.217622,515.203468,26973249
2025-05-01,517.003305,520.89848,514.120236,517.574774,511.61526,24595822
2025-05-02,516.404689,532.309035,514.537823,526.980486,520.925507,32937828
2025-05-05,526.250607,529.695777,521.275717,523.334678,517.359832,19938617
2025-05-06,526.044185,540.691611,525.43535,539.663321,533.5152,41536234
2025-05-07,544.723903,545.595555,540.154658,541.508791,535.352836,24481819
2025-05-08,539.529568,544.214474,538.098585,538.917793,532.804421,26808729
2025-05-09,541.825417,554.633696,524.60665,525.890931,519.938145,23817282
2025-05-12,527.229563,530.268078,515.894254,520.098202,514.248999,32759291
2025-05-13,525.474956,526.338105,498.092917,501.34563,495.71954,22269076
2025-05-14,495.223206,527.363377,486.703708,520.972816,515.139163,45027400
2025-05-15,523.10258,525.290317,503.394381,504.507791,498.870799,34379738
2025-05-16,507.038086,508.748652,499.613611,504.437711,498.813794,17699803
2025-05-19,504.488958,504.885028,494.661575,498.652346,493.129381,38085261
2025-05-20,497.910171,500.451509,490.485434,493.298262,487.846618,13751036
2025-05-21,495.225529,495.492738,477.567807,481.271299,475.964298,27018854
2025-05-22,476.361289,487.943233,472.231603,485.062302,479.725318,46487646
2025-05-23,485.100262,487.727,482.290787,483.106264,477.802575,41623930
2025-05-27,485.996154,488.167138,468.258882,471.839247,466.705248,33464102
2025-05-28,474.659418,483.039383,466.543201,470.186501,465.081945,19262981
2025-05-29,470.299422,472.121555,459.35957,462.927697,457.913229,43359409
2025-05-30,465.045827,468.803084,458.028606,459.898945,454.928494,22340735
2025-06-02,464.59487,467.108325,454.290231,455.647533,450.75635,19117222
2025-06-03,457.292163,464.28128,450.808338,457.914368,453.010014,33225212
2025-06-04,458.336203,459.100144,455.360405,457.545468,452.656218,42202488
2025-06-05,458.091484,462.294664,439.452964,443.965823,439.232506,34398725
2025-06-06,441.628875,445.345532,434.978687,438.321506,433.659051,18130766
2025-06-09,439.202818,446.660137,437.252221,443.725524,439.038039,24997614
2025-06-10,441.16093,444.836944,434.718528,439.960521,435.323536,19965185
2025-06-11,437.744529,441.086367,434.327869,439.141743,434.524094,23499518
2025-06-12,439.002208,451.110377,438.174204,449.165615,444.453515,19889065
2025-06-13,453.693549,455.736508,439.709047,444.04186,439.394339,23282293
2025-06-16,448.303037,454.092628,447.607353,451.522115,446.829332,33473197
2025-06-17,451.082138,455.918089,449.749415,451.723245,447.039387,9763948
2025-06-18,453.371846,455.537081,448.809336,449.515834,444.865825,35207723
2025-06-20,456.096229,456.81457,440.560675,448.224192,443.609407,27223025
2025-06-23,449.459121,456.988394,448.220692,453.779702,449.140918,24866195
2025-06-24,455.083386,459.874611,448.104632,459.357374,454.672776,31995895
2025-06-25,464.811232,470.00848,458.642149,459.678115,455.001457,24505950
2025-06-26,460.928177,463.723642,451.189581,452.509521,447.916832,31803639
2025-06-27,454.14249,456.057999,445.833404,454.056625,449.459308,17015408
2025-06-30,455.066949,456.493579,435.727495,437.052729,432.659559,18301431
2025-07-01,433.798196,451.459003,433.592477,447.084764,442.601659,28466320
2025-07-02,445.73899,456.570337,445.453197,451.629431,447.111772,35076977
2025-07-03,452.700682,463.973673,452.034269,456.758584,452.20076,22675210
2025-07-07,451.967366,468.171943,450.648089,466.289485,461.682058,45815980
2025-07-08,463.758044,465.678281,452.383033,456.370679,451.872395,27277791
2025-07-09,460.443175,478.597283,456.449152,466.521561,461.934605,27835962
2025-07-10,465.086994,466.962287,463.440459,463.96617,459.415659,44809996
2025-07-11,463.628389,474.504593,451.946309,455.179336,450.726111,35078428
2025-07-14,455.176232,472.155188,453.148229,467.184961,462.648479,24407533
2025-07-15,462.888854,488.709102,460.118106,485.540379,480.83751,17881966
2025-07-16,485.440333,487.905852,469.478602,477.122326,472.512635,39348282
2025-07-17,478.426763,478.869436,466.624282,467.099035,462.597583,24100126
2025-07-18,463.622494,464.853227,453.503827,455.976966,451.593824,31654521
2025-07-21,452.698988,458.771234,443.206726,458.578448,454.203874,16228348
2025-07-22,456.338767,460.016441,444.974129,449.528518,445.251246,23808047
2025-07-23,447.470154,449.11992,444.155535,445.328838,441.102395,28872554
2025-07-24,443.995052,450.753701,438.208415,449.245925,444.993272,27883005
2025-07-25,447.959576,460.891571,444.505559,457.762155,453.440058,39457612
2025-07-28,457.739033,461.520897,452.184152,453.126378,448.881232,31240047
2025-07-29,453.687149,457.552031,444.972383,447.594,443.41161,29574546
2025-07-30,441.560034,445.88595,438.710204,445.559531,441.407028,32290524
2025-07-31,450.977579,453.653223,443.13991,446.545453,442.394662,30024134
2025-08-01,446.073931,453.074378,444.015365,450.993192,446.812067,17165228
2025-08-04,451.990034,453.108065,446.147288,451.4605,447.308108,34925750
2025-08-05,453.191366,458.542792,447.803557,450.060768,445.932238,33478218
2025-08-06,450.048015,456.853311,446.782197,452.730587,448.588619,41799102
2025-08-07,455.758843,457.403306,454.134145,454.580657,450.432862,24892157
2025-08-08,457.728302,464.937237,453.893294,464.459629,460.233034,38827819
2025-08-11,465.782793,469.273321,459.858895,464.342703,460.151187,20840615
2025-08-12,463.572457,469.475437,460.570146,462.570455,458.406232,32515088
2025-08-13,462.735764,466.612715,459.566792,463.740846,459.57741,15484602
2025-08-14,463.351382,466.297176,460.25599,465.300363,461.134288,29529356
2025-08-15,464.77669,467.882288,457.467897,460.38351,456.272701,29759176
2025-08-18,457.603325,459.945885,452.888126,458.812817,454.749648,26854745
2025-08-19,456.999218,461.751403,453.21875,456.077444,452.049638,23847156
2025-08-20,453.089445,453.844783,447.600563,448.541386,444.591089,18283608
2025-08-21,452.321276,458.295415,448.480249,451.610324,447.644029,30648194
2025-08-22,447.91114,452.172833,443.27207,448.853275,444.922156,28938901
2025-08-25,448.114538,454.807572,442.646731,445.812484,441.940665,22075818
2025-08-26,445.123161,448.704688,443.63245,445.90818,442.046423,19119533
2025-08-27,447.501777,448.494332,432.101256,432.899528,429.161006,28071989
2025-08-28,433.348047,436.607771,431.868576,435.453204,431.703266,22288148
2025-08-29,435.781391,436.766366,433.786847,436.144058,432.398825,40902164
2025-09-02,435.946528,437.907458,429.170754,432.557801,428.885633,47803272
2025-09-03,431.366324,432.689658,427.849957,428.963851,425.332674,34951646
2025-09-04,429.533696,431.210068,422.328032,425.407962,421.81728,17846770
2025-09-05,427.702324,429.779148,415.684049,421.039293,417.495772,41303192
2025-09-08,418.029881,418.979808,410.906922,411.928866,408.492215,24961641
2025-09-09,412.047059,413.11698,402.3835,407.118039,403.731471,25884698
2025-09-10,410.359558,415.405033,408.400051,413.0086,409.583125,20413471
2025-09-11,411.404916,414.772478,406.755085,406.965363,403.599956,27424694
2025-09-12,403.904876,417.56948,400.671405,414.759717,411.33999,21716462
2025-09-15,414.847316,428.762174,413.004836,426.049062,422.567488,53518112
2025-09-16,424.394961,436.469038,420.713107,432.403466,428.880534,26756184
2025-09-17,431.870601,441.054229,428.223629,438.496198,434.934343,22062539
2025-09-18,438.696757,442.184647,434.627481,435.481286,431.954564,28337654
2025-09-19,438.59173,440.727069,435.140045,439.944837,436.39272,17681458
2025-09-22,443.045346,445.592627,432.817692,436.58533,433.092352,53136017
2025-09-23,440.070624,444.306708,434.301031,439.507294,436.001681,40099026
2025-09-24,436.424532,449.784998,436.229645,449.300332,445.727591,35245465
2025-09-25,447.681903,448.298539,441.082217,443.614367,440.097683,42197585
2025-09-26,442.767937,456.036643,442.558658,452.000204,448.428092,32441338
2025-09-29,453.98262,454.332669,451.187798,453.860591,450.307064,33576397
2025-09-30,454.487601,461.197587,451.512166,455.757072,452.199838,22452269
2025-10-01,456.663376,462.391803,451.431792,459.40883,455.834326,24577097
2025-10-02,460.836468,467.440816,459.525694,465.562671,461.951669,14149292
2025-10-03,466.224262,468.24594,464.251311,467.006855,463.396069,22737435
2025-10-06,468.926644,469.718949,465.587219,467.829094,464.246268,56070927
2025-10-07,461.938262,466.920507,458.037867,463.108078,459.572731,28816011
2025-10-08,463.910294,470.895974,460.781664,469.22096,465.650422,26623628
2025-10-09,464.384249,477.634883,460.39789,474.921845,471.319539,28081675
2025-10-10,474.305731,476.353518,473.017976,474.254042,470.668399,28232601
2025-10-13,472.827035,476.044796,467.120284,469.075361,465.563286,45134054
2025-10-14,469.535256,470.198713,460.71004,465.212378,461.740603,29514110
2025-10-15,465.897317,470.362635,453.470727,460.521762,457.096255,32308317
2025-10-16,465.488225,470.699923,464.062671,469.411256,465.931107,44462767
2025-10-17,471.703991,473.81009,467.396359,472.627008,469.134578,21620723
2025-10-20,478.135589,481.898098,464.221676,468.065839,464.641459,21755580
2025-10-21,463.105599,480.809726,462.783291,478.847442,475.355897,37376691
2025-10-22,477.888685,483.313658,472.620096,477.399649,473.930338,40874010
2025-10-23,479.272089,498.248992,477.614691,496.806687,493.208496,33742586
2025-10-24,494.136566,502.442404,491.183215,497.150572,493.562051,50478028
2025-10-27,491.42286,493.947124,485.941816,491.005617,487.497487,24377171
2025-10-28,495.18453,501.053274,473.705362,478.549545,475.142119,28950995
2025-10-29,476.806443,508.083281,476.595991,503.401164,499.829103,32042272
2025-10-30,497.651999,514.734475,495.994966,509.756719,506.152031,32568454
2025-10-31,511.374871,522.183177,504.712354,506.008845,502.44304,26359203
2025-11-03,510.3387,514.505421,496.514099,509.691306,506.136965,38086839
2025-11-04,513.307026,516.566762,510.780209,512.517555,508.956046,27270620
2025-11-05,511.48335,516.190504,506.925225,513.779602,510.221895,31495552
2025-11-06,513.559081,519.76457,512.750373,513.757071,510.212091,25917403
2025-11-07,510.709549,528.835786,501.413736,524.766067,521.157966,29673221
2025-11-10,528.38635,544.882611,524.912085,539.216679,535.548808,33740016
2025-11-11,547.39941,548.350615,521.317622,522.02975,518.491564,22816119
2025-11-12,520.06733,531.531801,510.31325,529.040788,525.468031,32883460
2025-11-13,535.336285,542.468599,525.31189,525.789352,522.251421,34818433
2025-11-14,523.577929,526.939558,514.596926,520.392825,516.903943,22372175
2025-11-17,524.289572,529.736288,505.915162,508.438223,505.066822,31342067
2025-11-18,499.003722,518.543901,489.685174,511.597084,508.21726,12973611
2025-11-19,514.597135,517.894278,506.472205,509.760852,506.405637,31011745
2025-11-20,500.645822,508.466903,493.264146,501.600776,498.311549,36622104
2025-11-21,503.967911,505.0583,492.722384,496.597143,493.352883,26401762
2025-11-24,497.6018,535.78324,496.524341,525.299137,521.905946,31972910
2025-11-25,532.838153,537.399463,524.520424,527.180234,523.787798,26378592
2025-11-26,514.898217,532.023808,507.091752,525.204426,521.837564,23493769
2025-11-28,516.879106,519.472461,504.893314,509.592846,506.351016,22991204
2025-12-01,502.002132,519.288071,498.067401,516.100841,512.855519,36699390
2025-12-02,520.274075,522.268306,501.48683,503.974251,500.817523,24277855
2025-12-03,505.074192,519.043935,499.884712,516.491457,513.268972,63614930
2025-12-04,518.196124,522.803753,503.178031,513.390933,510.200365,27413177
2025-12-05,513.281381,525.634992,508.965023,524.429948,521.183618,30551326
2025-12-08,520.994147,527.74722,499.618829,502.677378,499.602631,44915801
2025-12-09,504.70126,508.944969,479.829533,488.626296,485.649462,49117081
2025-12-10,483.709149,486.126823,469.824379,471.29128,468.431599,34078723
2025-12-11,470.336947,477.088791,459.92874,474.091573,471.226511,32018577
2025-12-12,471.826867,480.073468,466.431427,475.666565,472.803635,38452969
2025-12-15,481.339272,503.952535,479.054458,496.489503,493.537726,30468267
2025-12-16,495.152624,500.804699,475.53176,482.536267,479.679266,44224940
2025-12-17,480.884163,491.006108,476.711501,488.477531,485.597318,31004021
2025-12-18,487.496902,491.240695,478.763298,480.680806,477.85834,25671650
2025-12-19,478.881646,487.855121,471.279023,486.203303,483.36032,36247441
2025-12-22,487.265564,494.666431,482.989584,486.259353,483.451778,28423164
2025-12-23,490.864272,495.98009,484.624091,489.993121,487.175992,69491414
2025-12-24,486.808392,489.161687,479.024772,487.434207,484.643733,26665932
2025-12-26,486.853329,489.104702,482.150422,482.889256,480.148462,32583178
2025-12-29,483.938369,490.990302,468.091993,472.624412,469.976619,40029869
2025-12-30,472.538337,479.278469,471.107793,477.343463,474.68093,15945382
2025-12-31,480.453417,484.51911,476.789079,477.114727,474.46516,34870112
2026-01-02,471.330924,480.960062,470.106688,477.499462,474.871161,44482769
2026-01-05,479.860966,481.135125,464.465642,467.92321,465.38202,46410791
2026-01-06,472.105886,477.624339,471.523952,473.136145,470.578239,24368134
2026-01-07,469.432675,481.006136,468.943226,476.170695,473.608054,26799483
2026-01-08,472.478877,489.639471,470.254144,487.395653,484.784547,36560575
2026-01-09,487.081819,495.351351,483.888615,488.624071,486.018359,34340841
2026-01-12,489.039034,508.581052,486.48536,501.163115,498.527387,39525935
2026-01-13,497.935978,500.712391,494.328939,500.259223,497.64051,40268524
2026-01-14,496.648366,503.580728,490.788702,499.568143,496.965293,19453526
2026-01-15,497.735654,508.042282,495.617581,504.348862,501.733467,23274540
2026-01-16,506.464383,507.741804,492.257666,496.93739,494.37261,36574370
2026-01-20,500.229312,502.058521,483.268033,483.803252,481.353701,14325906
2026-01-21,480.308783,493.345978,477.635051,488.01241,485.553511,42831105
2026-01-22,486.562729,487.302782,479.910204,480.700799,478.290527,25001828
2026-01-23,483.51704,485.386455,482.464993,482.946488,480.536795,21731559
2026-01-26,484.170107,485.463713,474.732141,480.988102,478.623561,25184750
2026-01-27,480.527712,484.967156,468.753993,469.848887,467.550626,36099414
2026-01-28,466.928772,473.903059,465.310041,473.629992,471.32485,33880171
2026-01-29,468.277993,472.642429,463.562749,467.597261,465.332946,23883341
2026-01-30,466.969442,470.285359,463.419712,465.205856,462.964529,26312480
2026-02-02,465.410124,465.719254,461.404466,463.783364,461.583011,24269713
2026-02-03,460.425889,468.522645,454.158041,468.219316,466.0094,29343076
2026-02-04,469.918912,474.404884,458.197192,461.312942,459.146936,34565753
2026-02-05,459.314288,461.865828,452.311157,453.296279,451.179031,32586071
2026-02-06,452.379985,454.15164,451.332685,452.743175,450.639614,20293967
2026-02-09,455.036659,463.540902,453.559506,457.530219,455.438082,19258405
2026-02-10,460.174748,461.701833,458.57929,461.390183,459.291713,19944225
2026-02-11,463.886777,466.160882,452.958155,455.234436,453.175129,46103535
2026-02-12,455.574984,456.818207,442.98882,443.837454,441.84059,26998995
2026-02-13,441.680547,445.495771,441.097156,443.480075,441.495698,22206394
2026-02-17,445.449026,455.243697,437.832979,454.271991,452.2839,22583778
2026-02-18,453.556481,459.948871,442.37924,445.731593,443.791814,21832391
2026-02-19,447.559478,450.076277,440.403077,441.931104,440.018706,35161942
2026-02-20,439.853625,443.447126,438.307954,440.065716,438.172187,31679089
2026-02-23,438.289072,444.454114,436.862489,443.926961,442.049494,12579806
2026-02-24,444.164734,446.714093,438.480387,438.739944,436.89518,26832006
2026-02-25,437.53807,439.782546,430.262703,437.585203,435.756031,28610117
2026-02-26,439.101172,442.228617,433.991534,435.896189,434.084773,19948108
2026-02-27,431.209146,445.57103,430.294325,445.104881,443.26612,18553409
2026-03-02,445.258034,454.819327,442.871461,452.785902,450.948744,10699122
2026-03-03,451.281071,452.187085,441.314891,445.56716,443.770226,30429614
2026-03-04,446.812164,450.24619,426.75509,427.63244,425.91833,29900039
2026-03-05,430.909609,432.084883,424.404788,428.496385,426.789329,38121288
2026-03-06,427.230285,431.286724,420.998964,425.413976,423.72964,26909707
2026-03-09,421.059365,424.786101,407.533769,411.467571,409.86875,21441898
2026-03-10,413.104966,413.491898,396.72825,398.505129,396.966457,22030849
2026-03-11,391.620062,404.709879,387.656107,399.829124,398.295154,25360754
2026-03-12,399.700409,402.882584,396.066471,397.41981,395.904839,33170185
2026-03-13,399.755852,400.291797,390.307817,399.106988,397.595382,38394294
2026-03-16,397.088794,406.166995,391.047324,400.053317,398.567589,19042849
2026-03-17,398.192992,409.707947,393.994681,406.763421,405.262758,23026819
2026-03-18,408.015548,408.492562,401.727781,407.081749,405.589905,23145193
2026-03-19,410.486216,415.901845,391.825621,396.120154,394.678207,34031118
2026-03-20,393.189337,396.143768,379.171509,385.350963,383.957679,23097331
2026-03-23,385.165563,386.589237,380.462291,381.447179,380.096106,26035071
2026-03-24,378.249659,380.102894,377.02729,379.93685,378.600455,41324200
2026-03-25,383.842478,388.176093,374.271512,374.685517,373.376794,23481967
2026-03-26,372.807627,373.123202,364.769762,371.015687,369.728892,30662443
2026-03-27,372.834398,379.896126,361.451753,366.028485,364.767974,24417760
2026-03-30,366.151389,366.985984,362.271673,365.798282,364.565513,29728286
2026-03-31,362.002493,366.538802,360.631979,364.903561,363.682769,23109840
2026-04-01,365.624906,367.593283,363.440717,367.435548,366.215308,16122021
2026-04-02,367.937735,373.311927,365.757693,366.742437,365.533506,30425781
2026-04-06,366.747355,371.30449,362.736957,370.499937,369.315019,25030616
2026-04-07,370.770295,376.171796,366.835287,374.879483,373.689766,46286098
2026-04-08,375.690777,377.24731,362.835419,366.070755,364.917986,17364280
2026-04-09,368.158798,373.094376,365.256612,372.720134,371.555581,22981492
2026-04-10,377.540697,378.983874,366.936722,367.502098,366.362875,27963207
2026-04-13,365.232994,367.058832,359.580879,361.94864,360.853306,25706166
2026-04-14,366.017489,367.027776,354.009599,357.74148,356.667667,39643813
2026-04-15,356.67495,359.116641,355.392817,355.857253,354.797838,24012094
2026-04-16,356.024098,357.535205,352.941881,354.870782,353.823022,25313344
2026-04-17,353.094038,355.791908,351.035313,352.996644,351.963089,31494757
2026-04-20,351.217524,356.328092,349.588351,356.135658,355.119164,27563392
2026-04-21,354.885718,364.268295,353.152979,362.804358,361.777743,30323085
2026-04-22,360.185403,362.428115,356.434553,357.638286,356.635077,29411304
2026-04-23,359.939154,362.582581,347.421138,348.797284,347.827445,44186976
2026-04-24,346.44734,360.314285,342.872329,359.795239,358.803661,18565758
2026-04-27,363.509454,365.807049,361.975338,362.808931,361.835795,31932275
2026-04-28,361.963024,363.988815,360.379207,361.427392,360.466844,33104436
2026-04-29,361.72666,365.163442,359.791929,360.340491,359.391687,34727537
2026-04-30,358.455819,361.249827,356.15319,356.742815,355.81225,31464487
2026-05-01,359.371785,371.172525,356.690523,370.060235,369.104027,31399049
2026-05-04,367.731998,381.008215,363.348552,375.395119,374.452805,26814697
2026-05-05,378.748502,380.042761,360.808452,368.396135,367.480445,18309676
2026-05-06,367.08153,368.070778,359.996913,365.616303,364.71651,22183095
2026-05-07,367.063336,371.369409,358.646049,361.457979,360.577304,47456507
2026-05-08,360.625821,366.875666,359.949648,366.089464,365.206504,22868000
2026-05-11,362.279461,372.826218,357.061214,369.288675,368.425232,30803974
2026-05-12,368.545153,369.992865,364.126463,364.420767,363.577665,30907062
2026-05-13,366.508962,370.846107,359.648573,364.941118,364.105783,35897245
2026-05-14,359.840669,365.196097,358.346772,362.283427,361.463082,35931579
2026-05-15,361.373819,365.222197,359.861668,362.237004,361.42567,39834537
2026-05-18,364.166744,376.938101,363.627331,373.49488,372.68588,21448145
2026-05-19,375.535021,381.181562,370.252407,374.689661,373.887286,18046836
2026-05-20,375.067605,382.005883,365.017511,367.167404,366.390165,31928237
2026-05-21,362.803779,368.429149,359.87304,363.967125,363.20561,30692990
2026-05-22,362.874076,376.664838,360.778591,373.399301,372.627233,26844701
2026-05-26,370.375551,375.627928,366.657207,369.239173,368.512027,21980639
2026-05-27,368.850891,376.444048,368.618729,375.780055,375.049269,60091627
2026-05-28,380.572132,383.005011,369.179567,378.828242,378.100844,23962958
2026-05-29,378.624188,385.179915,368.88079,370.987777,370.284558,28200736
2026-06-01,371.532348,377.245307,364.490529,364.968993,364.304112,26074918
2026-06-02,363.43066,370.507875,359.051252,364.975309,364.319393,29966950
2026-06-03,362.736996,363.999589,356.540969,358.665898,358.030143,48785720
2026-06-04,357.931516,359.075311,353.600152,354.231909,353.612727,23076973
2026-06-05,353.708866,355.67035,350.321739,351.78321,351.176961,19219072
2026-06-08,353.637859,354.229981,347.339082,349.757778,349.180831,26917809
2026-06-09,349.119208,358.64012,347.180154,354.766762,354.19028,38099870
2026-06-10,356.017089,359.32083,351.32292,351.490746,350.928234,51232078
2026-06-11,351.724047,360.380222,350.363645,357.555371,356.99195,51665663
2026-06-12,357.111315,362.743455,354.549624,362.281871,361.719915,24913037
2026-06-15,360.088687,371.523891,358.980747,370.032968,369.486301,20548466
2026-06-16,368.086299,370.557902,359.102289,361.105583,360.58099,32941327
2026-06-17,361.251355,361.67413,360.41588,361.295853,360.779873,21327849
2026-06-18,362.027756,365.414175,359.230359,363.32994,362.819995,40332652
2026-06-22,360.505196,372.0071,354.647081,370.626009,370.142304,30853567
2026-06-23,369.634948,372.822902,365.483228,367.99681,367.525592,22086815
2026-06-24,369.686522,371.547776,355.502911,362.187879,361.733013,23393028
2026-06-25,360.885519,364.592757,354.518185,355.42458,354.986955,37644794
2026-06-26,356.518741,358.649657,355.686441,358.451835,358.019304,27845732
2026-06-29,358.635683,359.464437,354.401597,358.259406,357.85356,26840418
2026-06-30,358.383438,359.879231,356.828392,358.185897,357.78895,26784095
