date,open,high,low,close,adj_close,volume
2006-01-03,0.497038,0.505246,0.491926,0.501075,0.490853,98418007
2006-01-04,0.499434,0.512556,0.496084,0.506642,0.496308,120680060
2006-01-05,0.503306,0.519062,0.495693,0.513552,0.503079,109363423
2006-01-06,0.51019,0.516624,0.501591,0.51006,0.499659,146218734
2006-01-09,0.507031,0.528703,0.506763,0.523805,0.513128,97718236
2006-01-10,0.525536,0.530514,0.512573,0.520767,0.510154,124531775
2006-01-11,0.52486,0.529055,0.514196,0.515853,0.505341,136041940
2006-01-12,0.522309,0.529391,0.501302,0.503335,0.493079,94033416
2006-01-13,0.502549,0.508917,0.499717,0.505473,0.495175,124923442
2006-01-17,0.508339,0.516865,0.503641,0.511934,0.50151,152833043
2006-01-18,0.511001,0.515764,0.508319,0.515281,0.50479,97954029
2006-01-19,0.515605,0.528777,0.514726,0.521435,0.51082,117589299
2006-01-20,0.52321,0.528125,0.505589,0.513649,0.503194,89111580
2006-01-23,0.515208,0.515645,0.50719,0.509561,0.499193,99691068
2006-01-24,0.510359,0.525518,0.504697,0.521048,0.510449,172296687
2006-01-25,0.523197,0.530236,0.51175,0.526031,0.515332,143430729
2006-01-26,0.526709,0.53698,0.501226,0.504335,0.494078,117141590
2006-01-27,0.510325,0.51182,0.487748,0.491228,0.481239,89458134
2006-01-30,0.49277,0.497613,0.487261,0.488447,0.478518,127443626
2006-01-31,0.488394,0.489683,0.485328,0.485615,0.475745,75586568
2006-02-01,0.490623,0.49529,0.477472,0.479034,0.469299,114821621
2006-02-02,0.476072,0.488166,0.474021,0.486731,0.476841,222339696
2006-02-03,0.490107,0.496582,0.483989,0.487191,0.477293,162669223
2006-02-06,0.488946,0.493709,0.486833,0.491008,0.481037,142638690
2006-02-07,0.485574,0.494459,0.481331,0.488822,0.478896,112355749
2006-02-08,0.488404,0.498106,0.483689,0.497044,0.486953,108100262
2006-02-09,0.498772,0.503397,0.491527,0.49804,0.487929,128149206
2006-02-10,0.511271,0.513238,0.492657,0.498981,0.488852,170658488
2006-02-13,0.501797,0.50214,0.482535,0.484057,0.474236,67364722
2006-02-14,0.483869,0.489983,0.465574,0.468554,0.459048,108354579
2006-02-15,0.465391,0.478196,0.457945,0.475207,0.465568,97673763
2006-02-16,0.477048,0.485397,0.475185,0.485167,0.475327,111867373
2006-02-17,0.485871,0.487391,0.459882,0.467899,0.458411,65943272
2006-02-21,0.465606,0.480135,0.461176,0.473199,0.463608,112486494
2006-02-22,0.469696,0.486577,0.468838,0.483162,0.47337,80241918
2006-02-23,0.479279,0.489726,0.470919,0.486213,0.476361,86436210
2006-02-24,0.48415,0.497384,0.480312,0.486749,0.476887,78767031
2006-02-27,0.490284,0.502176,0.489884,0.497744,0.487664,217469633
2006-02-28,0.499051,0.503378,0.496264,0.501308,0.491157,124244434
2006-03-01,0.502165,0.508048,0.490024,0.490249,0.480323,93281918
2006-03-02,0.488739,0.492567,0.483691,0.491529,0.481579,136593432
2006-03-03,0.492397,0.502167,0.474445,0.480936,0.471202,276183679
2006-03-06,0.485344,0.487227,0.47788,0.479686,0.469981,106968009
2006-03-07,0.480581,0.495472,0.476406,0.494807,0.484797,143831911
2006-03-08,0.502763,0.506286,0.496883,0.498023,0.487949,136331041
2006-03-09,0.500733,0.507886,0.496774,0.507149,0.496892,142051536
2006-03-10,0.500997,0.506087,0.492618,0.496331,0.486294,102060364
2006-03-13,0.499865,0.504303,0.473107,0.477262,0.467614,102855391
2006-03-14,0.47818,0.478962,0.473193,0.473395,0.463827,95435499
2006-03-15,0.474905,0.477215,0.467325,0.470189,0.460687,208646536
2006-03-16,0.470625,0.474092,0.469175,0.472958,0.463401,147877530
2006-03-17,0.477863,0.478876,0.475133,0.476286,0.466664,148635730
2006-03-20,0.471801,0.495211,0.469721,0.488621,0.478753,129657072
2006-03-21,0.488511,0.498918,0.487943,0.498153,0.488093,131268430
2006-03-22,0.501986,0.508677,0.499892,0.506997,0.496761,98986554
2006-03-23,0.510002,0.524076,0.507737,0.522775,0.512221,113650822
2006-03-24,0.517684,0.558251,0.516371,0.54884,0.537762,191009155
2006-03-27,0.544106,0.54711,0.532499,0.537201,0.526362,90612815
2006-03-28,0.535692,0.558472,0.533441,0.550982,0.539866,216412641
2006-03-29,0.548294,0.557467,0.544123,0.556058,0.544842,135164647
2006-03-30,0.559354,0.562467,0.535363,0.537623,0.52678,188834667
2006-03-31,0.537775,0.544544,0.51942,0.523458,0.512902,161325222
2006-04-03,0.526268,0.528778,0.506557,0.512382,0.502053,156446153
2006-04-04,0.50978,0.537314,0.507667,0.531486,0.520774,105038664
2006-04-05,0.534179,0.547233,0.531517,0.545347,0.534357,125492102
2006-04-06,0.547978,0.550366,0.543187,0.547998,0.536956,134681220
2006-04-07,0.548183,0.551978,0.538017,0.542282,0.531356,76016893
2006-04-10,0.53918,0.551702,0.534285,0.549514,0.538447,84145117
2006-04-11,0.549129,0.561835,0.547788,0.560921,0.549626,92520518
2006-04-12,0.562318,0.565508,0.544809,0.552049,0.540934,152649339
2006-04-13,0.554957,0.556094,0.530167,0.532079,0.521367,126509140
2006-04-17,0.527753,0.530161,0.519817,0.522806,0.512286,112987094
2006-04-18,0.518058,0.521785,0.514198,0.517405,0.506996,164479471
2006-04-19,0.515018,0.518617,0.509734,0.515115,0.504753,137190163
2006-04-20,0.512599,0.530876,0.509557,0.525225,0.514661,90336596
2006-04-21,0.52411,0.532808,0.518052,0.519626,0.509176,120247400
2006-04-24,0.517109,0.548434,0.509872,0.543897,0.532963,198465102
2006-04-25,0.536244,0.540565,0.533954,0.539094,0.528259,118835153
2006-04-26,0.544078,0.54997,0.521671,0.522957,0.512447,59245606
2006-04-27,0.520952,0.524877,0.520135,0.52286,0.512353,87493394
2006-04-28,0.520109,0.534932,0.507674,0.53452,0.523781,111268107
2006-05-01,0.535759,0.541633,0.522936,0.527605,0.517009,161382155
2006-05-02,0.527703,0.53858,0.526052,0.536936,0.526154,140917035
2006-05-03,0.533485,0.539336,0.510195,0.519267,0.508841,153437422
2006-05-04,0.51867,0.540385,0.518157,0.531048,0.520388,85068408
2006-05-05,0.532772,0.547338,0.528049,0.543204,0.532301,149499583
2006-05-08,0.541024,0.557537,0.536551,0.556084,0.544927,120765892
2006-05-09,0.553896,0.562105,0.548887,0.561771,0.550501,93965470
2006-05-10,0.5595,0.569941,0.549629,0.552907,0.541816,146816123
2006-05-11,0.551834,0.561792,0.550588,0.557549,0.546367,107867951
2006-05-12,0.558604,0.568546,0.557959,0.568065,0.556673,134748285
2006-05-15,0.561113,0.568039,0.55937,0.564794,0.553472,177996318
2006-05-16,0.567872,0.579016,0.555555,0.55643,0.545277,92400195
2006-05-17,0.555544,0.555872,0.53959,0.552268,0.5412,78498740
2006-05-18,0.560854,0.563779,0.550391,0.550801,0.539765,200696364
2006-05-19,0.549604,0.555742,0.540663,0.544812,0.533897,80556735
2006-05-22,0.546676,0.552128,0.526139,0.529951,0.519337,254928850
2006-05-23,0.531545,0.544114,0.52792,0.541676,0.530829,69800256
2006-05-24,0.538307,0.541702,0.52709,0.53239,0.521731,104715269
2006-05-25,0.525357,0.535243,0.52001,0.534523,0.523822,162999878
2006-05-26,0.525949,0.538193,0.521801,0.537491,0.526732,56173042
2006-05-30,0.538245,0.541745,0.532979,0.53416,0.523474,56665413
2006-05-31,0.528388,0.529691,0.519563,0.523136,0.512672,144522087
2006-06-01,0.518136,0.540694,0.51408,0.537975,0.527216,120396101
2006-06-02,0.531739,0.534653,0.522769,0.52616,0.515638,137932828
2006-06-05,0.532874,0.539849,0.52285,0.535723,0.525014,96075835
2006-06-06,0.537589,0.538609,0.518253,0.51911,0.508735,219088178
2006-06-07,0.513213,0.518723,0.492195,0.508021,0.497869,148903531
2006-06-08,0.501288,0.539307,0.493448,0.530188,0.519595,99802558
2006-06-09,0.529476,0.535697,0.503463,0.505327,0.495231,129194775
2006-06-12,0.506143,0.529873,0.50041,0.515214,0.504925,61820887
2006-06-13,0.517636,0.54998,0.510246,0.534989,0.524307,98466766
2006-06-14,0.541643,0.546721,0.51647,0.522071,0.511648,109470530
2006-06-15,0.518977,0.553083,0.518621,0.541187,0.530384,118968152
2006-06-16,0.535067,0.538823,0.529943,0.538075,0.527336,140516023
2006-06-19,0.529547,0.542842,0.527812,0.541416,0.530614,262966612
2006-06-20,0.541718,0.543194,0.515694,0.519798,0.509428,135857512
2006-06-21,0.520666,0.540035,0.519163,0.532087,0.521474,148679503
2006-06-22,0.536219,0.53763,0.525065,0.526191,0.515697,132831450
2006-06-23,0.524498,0.543732,0.524234,0.539782,0.529018,88713464
2006-06-26,0.53075,0.543381,0.52647,0.539691,0.528934,81866977
2006-06-27,0.534297,0.537401,0.497554,0.504743,0.494684,157903426
2006-06-28,0.508182,0.510244,0.502468,0.502774,0.492755,135386722
2006-06-29,0.496534,0.522497,0.489352,0.514455,0.504204,183392913
2006-06-30,0.507423,0.532312,0.501691,0.530037,0.519478,91379251
2006-07-03,0.526138,0.549459,0.52451,0.540317,0.529557,76407410
2006-07-05,0.539337,0.545752,0.517985,0.522138,0.511743,267150751
2006-07-06,0.521832,0.524897,0.515743,0.52075,0.510384,120016768
2006-07-07,0.523497,0.534077,0.500158,0.503175,0.493161,175368529
2006-07-10,0.501799,0.520889,0.496304,0.51156,0.501383,102010079
2006-07-11,0.505973,0.520874,0.501819,0.517448,0.507154,85156624
2006-07-12,0.51569,0.537865,0.512638,0.530576,0.520023,139727219
2006-07-13,0.53008,0.543368,0.523525,0.525745,0.515289,100736637
2006-07-14,0.520237,0.527387,0.51237,0.518451,0.508142,115663803
2006-07-17,0.522996,0.539297,0.517139,0.529453,0.518929,120797925
2006-07-18,0.51992,0.539635,0.519475,0.535261,0.524623,134398061
2006-07-19,0.524633,0.535774,0.483774,0.489477,0.479751,120703829
2006-07-20,0.484997,0.508944,0.484064,0.50288,0.492889,142849568
2006-07-21,0.495782,0.509273,0.482786,0.507837,0.497749,143057229
2006-07-24,0.514855,0.526524,0.511173,0.52545,0.515016,132747108
2006-07-25,0.529392,0.537667,0.510834,0.523655,0.513258,77865586
2006-07-26,0.534919,0.538417,0.496863,0.506626,0.496568,206373370
2006-07-27,0.502849,0.510797,0.498023,0.505128,0.495101,132536821
2006-07-28,0.517882,0.522923,0.497683,0.50082,0.490881,116566986
2006-07-31,0.496377,0.518023,0.495294,0.50837,0.498285,160777946
2006-08-01,0.501177,0.516464,0.496016,0.511164,0.501024,174565569
2006-08-02,0.507009,0.518801,0.502566,0.518426,0.508143,99004558
2006-08-03,0.51555,0.541123,0.513238,0.535089,0.524478,78341671
2006-08-04,0.531902,0.550422,0.524985,0.546993,0.536147,107695574
2006-08-07,0.537725,0.575669,0.534929,0.572409,0.561064,144656191
2006-08-08,0.574649,0.60109,0.573023,0.59255,0.580807,140727161
2006-08-09,0.58939,0.60087,0.588163,0.593176,0.581422,78649215
2006-08-10,0.582012,0.62113,0.581232,0.614674,0.602497,73980812
2006-08-11,0.608778,0.615566,0.596511,0.602169,0.590241,80145194
2006-08-14,0.605882,0.608142,0.57875,0.582173,0.570645,143593279
2006-08-15,0.580402,0.612986,0.567621,0.61052,0.598432,177613129
2006-08-16,0.601843,0.605611,0.591693,0.592301,0.580576,118316943
2006-08-17,0.590371,0.6058,0.589503,0.601402,0.589499,120265154
2006-08-18,0.602742,0.661992,0.599313,0.646508,0.633713,142009074
2006-08-21,0.650726,0.671648,0.644633,0.66989,0.656638,107506671
2006-08-22,0.672457,0.687888,0.660481,0.661408,0.648325,138280187
2006-08-23,0.656992,0.65734,0.629699,0.640904,0.628229,237652263
2006-08-24,0.645915,0.652827,0.626924,0.639049,0.626412,72328711
2006-08-25,0.646366,0.647837,0.630117,0.630896,0.618422,189855732
2006-08-28,0.623778,0.662057,0.618573,0.650932,0.638067,140839254
2006-08-29,0.659804,0.665722,0.605713,0.622689,0.610384,99179413
2006-08-30,0.619401,0.631165,0.609435,0.621238,0.608964,83592581
2006-08-31,0.63469,0.648615,0.601653,0.602565,0.590661,297999019
2006-09-01,0.599631,0.623777,0.592235,0.615291,0.603137,122303817
2006-09-05,0.630888,0.63225,0.620364,0.622107,0.609825,84309833
2006-09-06,0.623274,0.640737,0.605122,0.634971,0.622437,183413190
2006-09-07,0.63941,0.650823,0.625233,0.629711,0.617282,92347669
2006-09-08,0.633599,0.643172,0.586796,0.590969,0.579307,169127989
2006-09-11,0.594675,0.608168,0.554297,0.559175,0.548144,111977158
2006-09-12,0.561636,0.565922,0.545984,0.556661,0.545682,85110633
2006-09-13,0.557441,0.558712,0.552865,0.554972,0.544028,81917003
2006-09-14,0.558958,0.568277,0.555242,0.565889,0.554731,115546823
2006-09-15,0.569977,0.575325,0.557658,0.563035,0.551934,145532823
2006-09-18,0.557286,0.566976,0.553072,0.564155,0.553037,73875014
2006-09-19,0.568161,0.569766,0.537886,0.542332,0.531645,134158699
2006-09-20,0.538362,0.568882,0.532028,0.549413,0.538588,112217886
2006-09-21,0.551119,0.557411,0.544848,0.552852,0.541961,179485142
2006-09-22,0.545304,0.550962,0.50662,0.50712,0.497131,133141869
2006-09-25,0.499912,0.514908,0.485409,0.493101,0.483392,155601302
2006-09-26,0.495701,0.508094,0.484078,0.486111,0.476542,137076785
2006-09-27,0.484132,0.486022,0.476536,0.480545,0.471087,128192334
2006-09-28,0.479307,0.489959,0.469726,0.473621,0.4643,177961256
2006-09-29,0.476063,0.491011,0.473716,0.479937,0.470493,99216188
2006-10-02,0.478163,0.479773,0.469204,0.471036,0.461771,163333195
2006-10-03,0.472947,0.476652,0.458411,0.459419,0.450384,152113310
2006-10-04,0.463448,0.469462,0.457908,0.46811,0.458905,92135683
2006-10-05,0.472217,0.485789,0.471686,0.481663,0.472192,68694525
2006-10-06,0.484198,0.490939,0.47594,0.480347,0.470904,86403694
2006-10-09,0.484238,0.487322,0.479351,0.481938,0.472468,176680311
2006-10-10,0.487427,0.515232,0.47944,0.512925,0.502847,68280774
2006-10-11,0.514782,0.535526,0.510956,0.531078,0.520644,142700506
2006-10-12,0.526806,0.535257,0.507014,0.511814,0.501761,226532652
2006-10-13,0.507885,0.511603,0.484695,0.491178,0.481531,67362598
2006-10-16,0.486175,0.494499,0.485608,0.493918,0.484222,115889654
2006-10-17,0.49194,0.504518,0.488765,0.494431,0.484725,129764053
2006-10-18,0.495503,0.500954,0.490254,0.49891,0.489118,239650466
2006-10-19,0.49351,0.494873,0.488198,0.490797,0.481166,128268719
2006-10-20,0.491266,0.533367,0.490587,0.528633,0.51826,102678087
2006-10-23,0.514054,0.532994,0.495931,0.530635,0.520228,113980491
2006-10-24,0.533369,0.556915,0.531746,0.547378,0.536643,145915908
2006-10-25,0.547287,0.550764,0.502594,0.503511,0.493639,180752584
2006-10-26,0.498391,0.524399,0.490143,0.522547,0.512302,101698747
2006-10-27,0.516967,0.534076,0.503817,0.526921,0.516592,89258853
2006-10-30,0.520889,0.526089,0.511175,0.521184,0.510972,99509915
2006-10-31,0.514955,0.535894,0.507395,0.532559,0.522125,85203610
2006-11-01,0.533101,0.543249,0.509053,0.526282,0.515972,107557541
2006-11-02,0.516067,0.546728,0.513984,0.545694,0.535005,191356771
2006-11-03,0.557165,0.567775,0.534104,0.540876,0.530284,83190724
2006-11-06,0.548706,0.549789,0.510832,0.520279,0.510094,188415530
2006-11-07,0.517846,0.529982,0.508788,0.508994,0.499032,65717643
2006-11-08,0.505037,0.532755,0.493698,0.514588,0.504517,97330050
2006-11-09,0.511337,0.55288,0.507962,0.540663,0.530083,132482253
2006-11-10,0.541381,0.565821,0.517481,0.559789,0.548837,84310338
2006-11-13,0.561834,0.577933,0.545666,0.575551,0.564295,115126683
2006-11-14,0.573931,0.604422,0.558509,0.589863,0.578328,174674874
2006-11-15,0.597463,0.601541,0.583529,0.587696,0.576206,135028079
2006-11-16,0.567762,0.580063,0.559964,0.570379,0.559229,71078644
2006-11-17,0.577584,0.624442,0.57712,0.615608,0.603575,138042365
2006-11-20,0.620014,0.635785,0.61825,0.629315,0.617019,120777535
2006-11-21,0.637046,0.666581,0.626723,0.664885,0.651896,108194595
2006-11-22,0.679039,0.704556,0.666178,0.669262,0.65619,119165549
2006-11-24,0.659002,0.669273,0.643147,0.660444,0.647547,133941526
2006-11-27,0.666984,0.695729,0.663457,0.682008,0.668696,108487692
2006-11-28,0.676239,0.713903,0.67256,0.709477,0.69563,173488270
2006-11-29,0.718014,0.726248,0.712137,0.72217,0.708078,89275333
2006-11-30,0.71218,0.714019,0.695511,0.702391,0.688686,126057120
2006-12-01,0.707116,0.719733,0.66024,0.682367,0.669055,171410930
2006-12-04,0.690523,0.696904,0.653448,0.658462,0.645621,132208964
2006-12-05,0.664357,0.667377,0.639382,0.65824,0.645405,141158609
2006-12-06,0.647648,0.648105,0.641414,0.646373,0.633771,177856116
2006-12-07,0.658421,0.667206,0.628315,0.629238,0.616972,149594464
2006-12-08,0.63443,0.659626,0.630802,0.65529,0.642518,124399922
2006-12-11,0.655294,0.677617,0.650919,0.672425,0.659325,59669506
2006-12-12,0.669747,0.685026,0.666077,0.679171,0.665942,136374964
2006-12-13,0.684467,0.69402,0.654745,0.663304,0.650385,113235160
2006-12-14,0.652236,0.678842,0.646104,0.67394,0.660815,129889353
2006-12-15,0.673421,0.689485,0.66884,0.68553,0.672182,114406670
2006-12-18,0.692494,0.693437,0.672683,0.673655,0.660544,94661633
2006-12-19,0.671328,0.688371,0.662312,0.683707,0.670401,115622784
2006-12-20,0.68087,0.683427,0.664559,0.672127,0.659049,73976469
2006-12-21,0.688329,0.690816,0.653785,0.659813,0.646976,97759002
2006-12-22,0.656057,0.658628,0.644381,0.645528,0.632971,113411430
2006-12-26,0.64678,0.663464,0.644186,0.660863,0.648014,111632863
2006-12-27,0.661148,0.674788,0.655235,0.663118,0.650228,105593418
2006-12-28,0.669618,0.677251,0.645982,0.650459,0.637817,166024948
2006-12-29,0.655076,0.662893,0.642958,0.656423,0.643667,102459616
2007-01-02,0.660906,0.66361,0.656178,0.659096,0.646295,118453236
2007-01-03,0.667763,0.668699,0.640644,0.650078,0.637454,256635834
2007-01-04,0.645027,0.64628,0.634929,0.635726,0.623382,129964764
2007-01-05,0.632781,0.642022,0.624174,0.639133,0.626724,177294788
2007-01-08,0.639705,0.6634,0.630884,0.656935,0.644186,135179783
2007-01-09,0.657132,0.672484,0.655285,0.671059,0.658038,56588023
2007-01-10,0.675205,0.71672,0.670734,0.707192,0.693472,118568786
2007-01-11,0.709265,0.711888,0.708052,0.710371,0.696591,123250191
2007-01-12,0.70852,0.724472,0.697615,0.699879,0.686304,98707706
2007-01-16,0.700467,0.702452,0.682118,0.692584,0.679158,155330950
2007-01-17,0.692011,0.704477,0.684965,0.698537,0.684997,57158772
2007-01-18,0.698557,0.706692,0.69521,0.702759,0.68914,97561925
2007-01-19,0.708481,0.716365,0.687095,0.71109,0.697311,118274252
2007-01-22,0.707776,0.723813,0.69785,0.719611,0.705673,134400200
2007-01-23,0.724182,0.72704,0.709729,0.716365,0.702491,122007003
2007-01-24,0.716856,0.724463,0.711236,0.716883,0.703001,62601775
2007-01-25,0.71983,0.721178,0.718269,0.720274,0.706329,145790678
2007-01-26,0.719581,0.744928,0.71169,0.730584,0.716441,128329798
2007-01-29,0.734003,0.764203,0.722939,0.751788,0.73724,174717756
2007-01-30,0.746752,0.763222,0.74481,0.755638,0.741018,107814310
2007-01-31,0.756569,0.761749,0.74725,0.750215,0.735703,173627505
2007-02-01,0.745152,0.783237,0.74263,0.780009,0.764921,102707945
2007-02-02,0.780827,0.787299,0.766596,0.775136,0.760145,103653494
2007-02-05,0.781653,0.788926,0.754437,0.756809,0.742178,208439559
2007-02-06,0.76088,0.779212,0.759617,0.77587,0.760873,152485400
2007-02-07,0.775911,0.777433,0.751817,0.753886,0.739316,113216463
2007-02-08,0.760823,0.766047,0.750218,0.756336,0.741721,88611185
2007-02-09,0.753037,0.761519,0.728854,0.732336,0.718187,152317205
2007-02-12,0.726296,0.741798,0.719519,0.73515,0.720953,121062488
2007-02-13,0.732106,0.7456,0.724447,0.744914,0.73053,101304575
2007-02-14,0.742539,0.758256,0.7359,0.746709,0.732292,100705242
2007-02-15,0.742753,0.750623,0.719703,0.729259,0.715181,119034784
2007-02-16,0.719094,0.730257,0.712998,0.723446,0.709482,78769476
2007-02-20,0.72001,0.72266,0.707713,0.709821,0.696127,146581378
2007-02-21,0.70985,0.733609,0.700357,0.730636,0.716543,137513957
2007-02-22,0.725689,0.747546,0.721777,0.731625,0.717515,161285146
2007-02-23,0.732163,0.745822,0.7283,0.736462,0.72226,113171084
2007-02-26,0.737945,0.762659,0.734196,0.752857,0.738345,160035568
2007-02-27,0.753449,0.76977,0.747925,0.764723,0.749985,161834312
2007-02-28,0.77054,0.788393,0.753703,0.756954,0.742368,125238884
2007-03-01,0.75477,0.760204,0.728119,0.757397,0.742804,109563187
2007-03-02,0.760072,0.780407,0.758076,0.776192,0.761239,118464965
2007-03-05,0.775573,0.780104,0.755396,0.762812,0.748123,112307441
2007-03-06,0.763174,0.771694,0.757932,0.759195,0.744578,140812623
2007-03-07,0.755783,0.761446,0.726304,0.735486,0.721327,108489318
2007-03-08,0.73139,0.776836,0.71971,0.763783,0.749081,108338489
2007-03-09,0.766133,0.784756,0.762787,0.783344,0.768268,144453828
2007-03-12,0.779848,0.805279,0.770277,0.7962,0.780883,91552805
2007-03-13,0.787589,0.827561,0.785425,0.821462,0.805661,54078891
2007-03-14,0.827302,0.854709,0.820284,0.853023,0.836618,77535843
2007-03-15,0.852362,0.867664,0.843616,0.844364,0.828127,121710850
2007-03-16,0.849905,0.88128,0.843791,0.879734,0.86282,103060471
2007-03-19,0.879231,0.880203,0.84987,0.856986,0.840516,108375388
2007-03-20,0.856885,0.886508,0.854051,0.880794,0.863869,96006832
2007-03-21,0.882596,0.889529,0.876697,0.884028,0.867043,102707116
2007-03-22,0.885235,0.892511,0.869536,0.874303,0.857507,147963393
2007-03-23,0.869181,0.907172,0.8651,0.905244,0.887856,134745974
2007-03-26,0.914175,0.916274,0.898797,0.910906,0.893416,97814285
2007-03-27,0.907104,0.911019,0.877712,0.896942,0.879723,121776033
2007-03-28,0.899135,0.964596,0.894921,0.957059,0.938689,118991527
2007-03-29,0.954476,0.975311,0.950846,0.964209,0.945704,123374664
2007-03-30,0.973611,0.979679,0.939249,0.952679,0.934397,109072546
2007-04-02,0.953671,0.963147,0.916346,0.930059,0.912219,139970297
2007-04-03,0.939156,0.94964,0.895546,0.910381,0.892921,177427578
2007-04-04,0.904364,0.90605,0.882122,0.890895,0.873812,154340676
2007-04-05,0.891203,0.893173,0.874053,0.884126,0.867175,101110132
2007-04-09,0.899064,0.900424,0.862162,0.868945,0.852294,102800639
2007-04-10,0.864329,0.870712,0.857392,0.866988,0.850377,133009914
2007-04-11,0.880132,0.88418,0.82778,0.838167,0.82211,77015894
2007-04-12,0.82677,0.859091,0.812127,0.850639,0.834345,132387084
2007-04-13,0.847932,0.860752,0.844738,0.858446,0.842006,162812884
2007-04-16,0.855843,0.876716,0.850216,0.863287,0.846761,101685450
2007-04-17,0.851868,0.891574,0.833055,0.871992,0.855302,176303440
2007-04-18,0.86562,0.91168,0.860892,0.90981,0.892398,104629973
2007-04-19,0.919321,0.920945,0.914318,0.917095,0.899546,110156456
2007-04-20,0.922378,0.940775,0.917479,0.934813,0.916927,146795445
2007-04-23,0.933083,0.935217,0.908943,0.913721,0.896246,120071711
2007-04-24,0.905175,0.941308,0.898653,0.936453,0.918546,144051248
2007-04-25,0.933095,0.935568,0.918498,0.924543,0.906867,135235753
2007-04-26,0.938329,0.969363,0.932853,0.95555,0.937283,137572215
2007-04-27,0.960495,1.000946,0.959869,0.988805,0.969905,231078746
2007-04-30,0.972833,0.987872,0.955695,0.957494,0.9392,104257143
2007-05-01,0.965014,0.973162,0.939915,0.945282,0.927224,81969015
2007-05-02,0.932229,0.971698,0.921597,0.946425,0.928348,73986804
2007-05-03,0.9551,0.96499,0.934949,0.939013,0.92108,157552699
2007-05-04,0.940311,1.000175,0.926416,0.982744,0.963979,92083348
2007-05-07,0.995312,0.99824,0.9776,0.987949,0.969092,176858048
2007-05-08,1.000252,1.007891,0.980062,0.986494,0.967667,119036356
2007-05-09,0.986973,0.998335,0.958916,0.962102,0.943744,94446263
2007-05-10,0.97749,0.989717,0.970357,0.98125,0.962529,112134059
2007-05-11,0.993029,1.009677,0.96674,0.979337,0.960654,162518742
2007-05-14,1.001682,1.006467,0.979189,0.981728,0.963008,92909780
2007-05-15,0.99443,0.998756,0.984121,0.994707,0.975742,81793692
2007-05-16,0.999847,1.004383,0.950941,0.976517,0.957902,235612551
2007-05-17,0.975729,1.011373,0.951563,1.001475,0.982387,135608618
2007-05-18,1.001197,1.013078,0.950875,0.952685,0.934529,192088709
2007-05-21,0.946249,0.950258,0.910269,0.916281,0.898826,123572929
2007-05-22,0.912575,0.932509,0.897885,0.925305,0.907681,160898913
2007-05-23,0.916507,0.923667,0.906781,0.917418,0.899947,79491011
2007-05-24,0.925377,0.945354,0.87378,0.888437,0.871519,166336257
2007-05-25,0.895682,0.904222,0.848178,0.85941,0.843048,141264007
2007-05-29,0.867074,0.880433,0.858466,0.871906,0.855315,131677790
2007-05-30,0.858899,0.869617,0.835931,0.83981,0.823832,103193094
2007-05-31,0.842731,0.850811,0.802426,0.81482,0.79932,96046377
2007-06-01,0.816199,0.821511,0.805325,0.816588,0.801057,52299209
2007-06-04,0.814069,0.815266,0.797779,0.802062,0.786813,144191871
2007-06-05,0.799338,0.809052,0.794985,0.799854,0.784649,106462150
2007-06-06,0.805331,0.839898,0.800343,0.815126,0.799633,92189956
2007-06-07,0.820328,0.869948,0.811747,0.853506,0.837286,189446961
2007-06-08,0.849681,0.862877,0.809397,0.818394,0.802844,190023232
2007-06-11,0.823199,0.831665,0.817237,0.818023,0.802486,126323544
2007-06-12,0.816716,0.821259,0.814088,0.817987,0.802453,119598001
2007-06-13,0.830876,0.833587,0.808724,0.813348,0.797905,78249270
2007-06-14,0.812615,0.814026,0.758522,0.764519,0.750004,113090365
2007-06-15,0.782261,0.7841,0.773376,0.779863,0.76506,85118989
2007-06-18,0.782853,0.789059,0.778423,0.786675,0.771748,265870990
2007-06-19,0.777306,0.8112,0.765271,0.801065,0.785868,128096653
2007-06-20,0.817851,0.829093,0.796933,0.801181,0.785984,99024841
2007-06-21,0.791491,0.858883,0.789361,0.842113,0.826141,103003046
2007-06-22,0.84419,0.867696,0.810731,0.827152,0.811466,114478679
2007-06-25,0.810616,0.876923,0.794147,0.862991,0.846632,207212954
2007-06-26,0.860703,0.906695,0.835412,0.894413,0.877461,133769409
2007-06-27,0.905051,0.936499,0.794639,0.843039,0.827064,78433577
2007-06-28,0.834513,0.864872,0.819623,0.860204,0.843906,129172713
2007-06-29,0.844715,0.943347,0.833289,0.922222,0.904751,193123521
2007-07-02,0.9125,0.913975,0.80015,0.830419,0.814694,160722255
2007-07-03,0.826299,0.985107,0.813148,0.936535,0.918803,146324493
2007-07-05,0.945476,1.080422,0.906591,1.068992,1.048758,154157363
2007-07-06,1.088299,1.15551,1.066009,1.153009,1.131187,164783329
2007-07-09,1.148522,1.252159,1.129782,1.248126,1.224514,143305971
2007-07-10,1.22065,1.350799,1.199052,1.333757,1.308528,133754621
2007-07-11,1.303408,1.35213,1.272005,1.329719,1.30457,150126947
2007-07-12,1.351609,1.505489,1.299263,1.494792,1.466525,86942556
2007-07-13,1.469537,1.623161,1.458805,1.605972,1.575607,107226954
2007-07-16,1.531593,1.600849,1.518025,1.547511,1.518264,130798051
2007-07-17,1.528776,1.621219,1.475312,1.611478,1.581027,106642688
2007-07-18,1.63928,1.72872,1.628194,1.702998,1.670822,108598702
2007-07-19,1.719123,1.76049,1.542352,1.549557,1.520284,153391312
2007-07-20,1.567441,1.728533,1.543743,1.678749,1.64704,99371719
2007-07-23,1.674343,1.923647,1.550665,1.739464,1.706622,93248630
2007-07-24,1.630404,1.649384,1.52529,1.530299,1.501411,142240738
2007-07-25,1.65098,1.743478,1.610579,1.656154,1.624894,83703493
2007-07-26,1.739367,1.94369,1.648909,1.897815,1.861999,129318301
2007-07-27,1.930143,2.199141,1.829104,2.126617,2.086488,107008638
2007-07-30,2.164841,2.34196,1.915509,2.046025,2.007434,120644308
2007-07-31,2.128002,2.202164,1.616434,1.76698,1.733657,206124354
2007-08-01,1.584908,1.92095,1.459134,1.846633,1.811813,98490692
2007-08-02,1.803569,2.341715,1.798858,2.233837,2.191722,201705134
2007-08-03,2.223796,2.25066,1.657155,1.838701,1.80404,157491535
2007-08-06,1.851459,1.988882,1.716479,1.830144,1.795659,103835003
2007-08-07,1.860534,1.929678,1.604192,1.641983,1.611048,126243180
2007-08-08,1.691833,1.833198,1.583169,1.621527,1.590982,81630711
2007-08-09,1.619066,1.998393,1.482899,1.961233,1.924294,127676000
2007-08-10,2.060611,2.062363,1.633972,1.757189,1.724098,136329787
2007-08-13,1.71662,2.192918,1.655436,2.087314,2.048023,191972763
2007-08-14,2.149249,2.180743,1.80353,1.881709,1.846293,102493237
2007-08-15,1.861337,1.963362,1.543727,1.617456,1.587018,175121602
2007-08-16,1.56334,1.679474,1.482803,1.594578,1.564575,84266578
2007-08-17,1.533368,1.723774,1.471526,1.614718,1.58434,58794098
2007-08-20,1.625437,1.680832,1.400559,1.428504,1.401641,117602003
2007-08-21,1.443174,1.460187,1.162644,1.229244,1.206131,143368707
2007-08-22,1.242282,1.266581,1.18617,1.194305,1.171852,113475278
2007-08-23,1.216704,1.353071,1.029509,1.051658,1.03189,166945033
2007-08-24,1.081492,1.218937,1.080505,1.191893,1.169492,127384698
2007-08-27,1.156506,1.254966,1.02601,1.05106,1.031315,114040406
2007-08-28,0.940815,1.285444,0.918348,1.131143,1.109896,174328477
2007-08-29,1.095711,1.123798,1.048287,1.091937,1.071429,123783087
2007-08-30,1.074949,1.201338,1.050668,1.136066,1.114732,119333424
2007-08-31,1.136758,1.238958,1.067732,1.090752,1.070272,82508593
2007-09-04,1.104549,1.291011,1.098874,1.269996,1.246165,139401467
2007-09-05,1.22025,1.277983,1.149273,1.15741,1.135694,128712523
2007-09-06,1.156638,1.17312,0.909545,0.956115,0.938179,237699823
2007-09-07,0.969684,0.994771,0.852798,0.896678,0.87986,110225146
2007-09-10,0.917193,0.928025,0.883808,0.906727,0.889727,113224144
2007-09-11,0.880459,0.956252,0.849131,0.870234,0.853921,83257776
2007-09-12,0.904252,0.923382,0.872754,0.899579,0.882718,176661801
2007-09-13,0.861082,0.883144,0.791237,0.815131,0.799855,133577762
2007-09-14,0.800906,0.829869,0.762241,0.781959,0.767306,177182613
2007-09-17,0.764498,0.779341,0.758526,0.770605,0.756171,153784172
2007-09-18,0.786818,0.798051,0.770138,0.791989,0.777158,139729173
2007-09-19,0.811195,0.851499,0.786349,0.795165,0.780276,91958231
2007-09-20,0.815858,0.872025,0.803504,0.855515,0.839498,62880966
2007-09-21,0.879639,0.890562,0.780633,0.790143,0.775352,214311233
2007-09-24,0.818407,0.847426,0.705202,0.735912,0.722142,250708778
2007-09-25,0.714022,0.757205,0.64426,0.673864,0.661257,112543417
2007-09-26,0.674317,0.713826,0.576196,0.604551,0.593242,154133399
2007-09-27,0.593937,0.745349,0.580033,0.668673,0.656166,129404848
2007-09-28,0.638848,0.644015,0.620156,0.631191,0.619388,112048160
2007-10-01,0.60133,0.613843,0.586346,0.592058,0.580991,202777537
2007-10-02,0.583736,0.602238,0.567003,0.589782,0.578759,126790020
2007-10-03,0.58397,0.589927,0.538055,0.555601,0.545219,101041064
2007-10-04,0.552607,0.61179,0.552206,0.587199,0.576228,102968134
2007-10-05,0.593625,0.599197,0.561788,0.575367,0.564619,119775518
2007-10-08,0.570534,0.601957,0.560673,0.58944,0.578433,100528514
2007-10-09,0.590739,0.610143,0.526144,0.549511,0.539251,85338411
2007-10-10,0.560544,0.568061,0.560095,0.567801,0.557201,116567588
2007-10-11,0.558611,0.596193,0.555343,0.592589,0.581528,105263891
2007-10-12,0.580031,0.604021,0.562705,0.585927,0.574992,89806326
2007-10-15,0.598526,0.606701,0.552659,0.582742,0.571871,81324822
2007-10-16,0.58433,0.616983,0.523095,0.531604,0.521688,145818290
2007-10-17,0.526052,0.573007,0.512606,0.565183,0.554643,127828456
2007-10-18,0.573503,0.629202,0.564504,0.609027,0.597671,94575329
2007-10-19,0.6299,0.634286,0.47268,0.488847,0.479733,111829065
2007-10-22,0.511637,0.515456,0.456054,0.458489,0.449945,72460373
2007-10-23,0.448037,0.470984,0.434617,0.458843,0.450294,107084606
2007-10-24,0.485609,0.505292,0.46717,0.488202,0.479107,125781656
2007-10-25,0.485831,0.521392,0.401877,0.430999,0.422971,284439853
2007-10-26,0.4343,0.443893,0.414465,0.422788,0.414914,69119138
2007-10-29,0.418787,0.433031,0.383483,0.388805,0.381566,99133677
2007-10-30,0.395085,0.397894,0.375004,0.375745,0.368751,71809157
2007-10-31,0.371629,0.393266,0.369766,0.390634,0.383364,142256578
2007-11-01,0.391959,0.400698,0.363159,0.387396,0.380187,79050150
2007-11-02,0.36453,0.475356,0.358431,0.455936,0.447452,137128422
2007-11-05,0.461591,0.478254,0.389056,0.39958,0.392148,123035537
2007-11-06,0.405816,0.414709,0.39007,0.405128,0.397594,124754886
2007-11-07,0.407033,0.449681,0.402245,0.435836,0.427733,67697491
2007-11-08,0.446442,0.48721,0.441196,0.457755,0.449245,149251748
2007-11-09,0.44313,0.545474,0.441531,0.50174,0.492413,115616960
2007-11-12,0.524168,0.525515,0.430985,0.442781,0.434555,171507016
2007-11-13,0.432716,0.446227,0.425967,0.434986,0.426906,88889956
2007-11-14,0.423579,0.446607,0.399825,0.412134,0.404479,111430756
2007-11-15,0.426764,0.448687,0.403347,0.412765,0.4051,70852858
2007-11-16,0.381037,0.431702,0.376082,0.40653,0.398981,102576918
2007-11-19,0.406894,0.433282,0.381319,0.397298,0.389924,110978748
2007-11-20,0.408886,0.425888,0.353826,0.364041,0.357285,91786260
2007-11-21,0.360049,0.425821,0.34403,0.407579,0.400016,152471653
2007-11-23,0.409997,0.423974,0.381836,0.416324,0.408601,90799532
2007-11-26,0.420833,0.432189,0.319552,0.338026,0.331758,190508194
2007-11-27,0.333324,0.343837,0.324201,0.341213,0.334887,97402995
2007-11-28,0.336176,0.338596,0.327796,0.335273,0.329059,90127597
2007-11-29,0.330699,0.336795,0.329855,0.330672,0.324543,113518956
2007-11-30,0.331242,0.338233,0.32849,0.336373,0.330139,297291311
2007-12-03,0.333376,0.338963,0.330234,0.338717,0.332443,98115203
2007-12-04,0.340505,0.351402,0.337358,0.342432,0.33609,99171401
2007-12-05,0.341489,0.353404,0.339921,0.351843,0.345328,106493865
2007-12-06,0.356615,0.366121,0.354782,0.355031,0.348457,60951866
2007-12-07,0.356752,0.365672,0.355673,0.359971,0.353308,115414483
2007-12-10,0.364964,0.370173,0.356823,0.359765,0.353108,109480501
2007-12-11,0.36428,0.369425,0.362856,0.369227,0.362396,115504978
2007-12-12,0.379435,0.387178,0.378863,0.38425,0.377142,97731838
2007-12-13,0.38215,0.39533,0.377717,0.379608,0.372587,187740190
2007-12-14,0.37543,0.379612,0.370051,0.3753,0.36836,48539645
2007-12-17,0.381325,0.384888,0.36347,0.373919,0.367007,137279592
2007-12-18,0.371399,0.374108,0.347511,0.360333,0.353673,131623793
2007-12-19,0.351192,0.363737,0.345327,0.354777,0.348221,100794207
2007-12-20,0.353319,0.375243,0.347963,0.372533,0.365649,97601874
2007-12-21,0.376661,0.401208,0.370579,0.391073,0.383848,138964494
2007-12-24,0.397777,0.405225,0.358383,0.360116,0.353466,143973670
2007-12-26,0.370968,0.372625,0.34745,0.349708,0.343252,121722909
2007-12-27,0.348955,0.351621,0.340048,0.347838,0.341417,98105304
2007-12-28,0.353031,0.356906,0.327692,0.33262,0.326482,150760928
2007-12-31,0.337003,0.340647,0.329429,0.331777,0.325656,79470106
2008-01-02,0.322502,0.325504,0.311619,0.317084,0.311236,89343638
2008-01-03,0.308183,0.327581,0.305397,0.326768,0.320742,99092718
2008-01-04,0.326506,0.342958,0.320246,0.338642,0.332398,102508074
2008-01-07,0.341759,0.347509,0.339346,0.340269,0.333998,159468217
2008-01-08,0.347757,0.364862,0.343061,0.361029,0.354376,122993301
2008-01-09,0.362197,0.378795,0.359846,0.374126,0.367234,115793434
2008-01-10,0.371118,0.403745,0.365572,0.401994,0.394589,159610739
2008-01-11,0.407605,0.419719,0.406782,0.417208,0.409524,170306168
2008-01-14,0.409998,0.478301,0.407791,0.461072,0.452584,141296979
2008-01-15,0.460614,0.480026,0.448899,0.474991,0.466248,111663387
2008-01-16,0.479823,0.480134,0.462475,0.469348,0.46071,116479136
2008-01-17,0.479546,0.507108,0.472307,0.490069,0.481051,77288932
2008-01-18,0.486137,0.513164,0.484424,0.511227,0.50182,102234089
2008-01-22,0.507837,0.546974,0.496594,0.538417,0.528516,106531421
2008-01-23,0.543041,0.547654,0.511226,0.513464,0.504024,78839064
2008-01-24,0.518423,0.52507,0.506744,0.515662,0.506183,181615254
2008-01-25,0.533885,0.549073,0.532395,0.542903,0.532924,133719372
2008-01-28,0.540091,0.540372,0.534763,0.540073,0.530151,128205058
2008-01-29,0.541463,0.545578,0.503599,0.504622,0.495353,112746119
2008-01-30,0.513918,0.5165,0.491686,0.509085,0.499735,67613865
2008-01-31,0.506973,0.546227,0.492664,0.530172,0.520436,105379177
2008-02-01,0.534215,0.540862,0.506267,0.530695,0.52095,101443463
2008-02-04,0.530459,0.54038,0.492798,0.508707,0.499371,157154863
2008-02-05,0.511943,0.5269,0.474835,0.489721,0.480734,103798605
2008-02-06,0.482625,0.486259,0.454188,0.456047,0.44768,111510308
2008-02-07,0.460822,0.463289,0.42797,0.429374,0.421497,132738374
2008-02-08,0.422365,0.447891,0.421501,0.441287,0.433192,121469342
2008-02-11,0.439915,0.442637,0.42198,0.424673,0.416886,118638363
2008-02-12,0.42573,0.429897,0.42469,0.426939,0.419112,142161625
2008-02-13,0.435228,0.448153,0.431572,0.446993,0.4388,200787247
2008-02-14,0.44208,0.453302,0.440998,0.441539,0.433447,115829555
2008-02-15,0.425829,0.474951,0.420698,0.466125,0.457583,122048740
2008-02-19,0.461435,0.464666,0.446466,0.452612,0.444323,110418423
2008-02-20,0.456263,0.456698,0.426299,0.427754,0.419921,174797767
2008-02-21,0.42694,0.444932,0.422981,0.438942,0.430906,140955143
2008-02-22,0.434565,0.463405,0.428595,0.457531,0.449156,202691537
2008-02-25,0.450176,0.486819,0.439974,0.483343,0.474499,132875544
2008-02-26,0.480942,0.500768,0.480093,0.493519,0.484491,90383966
2008-02-27,0.489612,0.516567,0.48412,0.511232,0.501881,124705377
2008-02-28,0.525781,0.529491,0.522721,0.525117,0.515513,107515744
2008-02-29,0.514576,0.528336,0.51329,0.522287,0.512736,157841408
2008-03-03,0.516435,0.523301,0.514549,0.518575,0.509096,112221600
2008-03-04,0.520919,0.558184,0.518773,0.557251,0.547067,124094816
2008-03-05,0.555224,0.563614,0.528658,0.536398,0.526596,85107492
2008-03-06,0.527408,0.54492,0.523093,0.531566,0.521854,103532690
2008-03-07,0.534635,0.535393,0.520335,0.523132,0.513576,153203205
2008-03-10,0.527203,0.546797,0.52104,0.538407,0.528576,78288071
2008-03-11,0.534406,0.555106,0.5305,0.551995,0.541918,262229371
2008-03-12,0.552154,0.587495,0.550311,0.580252,0.56966,136989057
2008-03-13,0.57983,0.61229,0.578939,0.606316,0.59525,149844593
2008-03-14,0.60865,0.61973,0.603894,0.617807,0.606533,68861967
2008-03-17,0.620592,0.631373,0.610044,0.620524,0.609205,117156465
2008-03-18,0.618505,0.650279,0.611006,0.643446,0.63171,107448436
2008-03-19,0.642501,0.652078,0.61085,0.621632,0.610296,81174779
2008-03-20,0.620216,0.651494,0.614993,0.642557,0.630842,163183041
2008-03-24,0.637919,0.667606,0.623479,0.662027,0.649964,122845325
2008-03-25,0.654832,0.660847,0.636968,0.639883,0.628224,113449093
2008-03-26,0.644634,0.652917,0.62779,0.635176,0.623605,115668241
2008-03-27,0.637117,0.676947,0.632789,0.670038,0.657834,118149518
2008-03-28,0.663525,0.673153,0.653502,0.665138,0.653024,118350852
2008-03-31,0.662114,0.669465,0.65533,0.667749,0.655593,81737190
2008-04-01,0.669541,0.673766,0.662088,0.665189,0.653082,123121908
2008-04-02,0.665365,0.66926,0.661756,0.666873,0.654737,125109985
2008-04-03,0.664604,0.666591,0.634896,0.64603,0.634275,174760676
2008-04-04,0.646706,0.656642,0.639928,0.656175,0.644238,102875082
2008-04-07,0.660914,0.679505,0.65878,0.67184,0.659623,109659096
2008-04-08,0.679447,0.68615,0.661334,0.662499,0.650453,157990134
2008-04-09,0.662901,0.663177,0.657336,0.657906,0.645946,70656301
2008-04-10,0.660868,0.663361,0.631931,0.641954,0.630286,106832973
2008-04-11,0.644725,0.651529,0.615166,0.619324,0.608069,134519925
2008-04-14,0.615176,0.632743,0.607371,0.617914,0.606689,139702404
2008-04-15,0.619615,0.629573,0.614028,0.618439,0.607206,85223426
2008-04-16,0.618231,0.624005,0.617023,0.622466,0.611162,105191295
2008-04-17,0.609417,0.646293,0.60412,0.636158,0.624607,117407705
2008-04-18,0.628718,0.649793,0.624401,0.645627,0.633906,177555742
2008-04-21,0.645205,0.646391,0.617707,0.620312,0.609055,224410428
2008-04-22,0.623303,0.632837,0.620769,0.625474,0.614125,130530206
2008-04-23,0.622165,0.651337,0.619095,0.643223,0.631554,113354721
2008-04-24,0.64285,0.648133,0.632423,0.63558,0.624052,94848123
2008-04-25,0.628655,0.66029,0.623805,0.658614,0.646669,215961575
2008-04-28,0.661384,0.663762,0.648283,0.653973,0.642118,116451962
2008-04-29,0.667534,0.668216,0.628687,0.630031,0.618611,179349571
2008-04-30,0.629077,0.64051,0.620139,0.623354,0.612057,192370581
2008-05-01,0.622315,0.623046,0.604462,0.611496,0.600416,112693627
2008-05-02,0.615416,0.649044,0.603351,0.648641,0.636889,119087614
2008-05-05,0.64482,0.659432,0.643869,0.657326,0.645422,108998084
2008-05-06,0.658039,0.689969,0.649487,0.688888,0.676415,99434438
2008-05-07,0.690784,0.700539,0.668647,0.673698,0.661502,180732501
2008-05-08,0.667864,0.679618,0.663811,0.673862,0.661664,110532496
2008-05-09,0.68148,0.691708,0.675901,0.686016,0.6736,128741445
2008-05-12,0.696082,0.701687,0.668515,0.675231,0.663016,187949019
2008-05-13,0.674772,0.701167,0.666109,0.685818,0.673413,101322756
2008-05-14,0.680482,0.709495,0.676932,0.702699,0.689991,217771477
2008-05-15,0.700095,0.731452,0.694821,0.729002,0.71582,100056026
2008-05-16,0.740941,0.745691,0.726528,0.733271,0.720013,154334937
2008-05-19,0.731756,0.750631,0.729207,0.743537,0.7301,93575163
2008-05-20,0.73538,0.76576,0.723952,0.762608,0.748829,53572149
2008-05-21,0.754621,0.763673,0.749028,0.760155,0.746421,101400392
2008-05-22,0.749924,0.774583,0.733987,0.761328,0.747576,123747441
2008-05-23,0.756728,0.781364,0.751022,0.778582,0.76452,108985574
2008-05-27,0.779269,0.788287,0.772246,0.775521,0.761523,91425688
2008-05-28,0.764954,0.76816,0.759743,0.766735,0.752898,217733416
2008-05-29,0.768158,0.777703,0.742097,0.761628,0.747885,99535374
2008-05-30,0.762807,0.802268,0.755841,0.791135,0.776861,74163449
2008-06-02,0.774365,0.785149,0.768572,0.779728,0.765666,108387188
2008-06-03,0.781327,0.81547,0.780597,0.799656,0.785237,163032354
2008-06-04,0.794579,0.81397,0.781974,0.801252,0.786807,112685049
2008-06-05,0.804013,0.804459,0.787578,0.789796,0.77556,142007354
2008-06-06,0.789264,0.793282,0.744885,0.759699,0.746007,117708630
2008-06-09,0.757704,0.771622,0.73421,0.739379,0.726059,100059499
2008-06-10,0.742997,0.760911,0.742479,0.756744,0.743114,114220180
2008-06-11,0.758367,0.762771,0.734741,0.741172,0.727823,150505290
2008-06-12,0.724783,0.771197,0.723422,0.766054,0.752259,109180778
2008-06-13,0.764627,0.83041,0.752926,0.810548,0.795955,202336973
2008-06-16,0.814624,0.82096,0.798134,0.811016,0.796421,152076745
2008-06-17,0.804262,0.827709,0.801713,0.815006,0.800341,130448755
2008-06-18,0.821623,0.824545,0.809047,0.817476,0.802769,202191631
2008-06-19,0.821095,0.831428,0.807081,0.81169,0.797089,113042952
2008-06-20,0.815901,0.824944,0.805016,0.817308,0.802608,125132639
2008-06-23,0.824268,0.836677,0.804996,0.810392,0.795823,113651109
2008-06-24,0.807774,0.830629,0.794113,0.819096,0.804373,78387172
2008-06-25,0.823013,0.827472,0.776799,0.792408,0.778167,163708473
2008-06-26,0.792698,0.816559,0.788123,0.811876,0.797287,104534885
2008-06-27,0.800239,0.830831,0.794977,0.826468,0.811619,105154057
2008-06-30,0.829065,0.857234,0.821669,0.851169,0.835883,162965730
2008-07-01,0.858822,0.868778,0.857928,0.858818,0.843397,117637647
2008-07-02,0.851042,0.862899,0.840174,0.840651,0.825559,133097681
2008-07-03,0.839288,0.899307,0.831513,0.889462,0.873496,114886085
2008-07-07,0.890084,0.932781,0.883334,0.926473,0.909852,185509095
2008-07-08,0.931891,0.958761,0.928868,0.953053,0.935958,125343579
2008-07-09,0.936665,0.964823,0.932203,0.962735,0.945469,103101510
2008-07-10,0.952672,0.963625,0.947289,0.956341,0.939192,58105078
2008-07-11,0.964782,0.98625,0.946074,0.977963,0.960429,92679252
2008-07-14,0.972364,0.978929,0.959046,0.965305,0.948005,88401540
2008-07-15,0.966037,0.967286,0.894253,0.922577,0.906046,150801063
2008-07-16,0.918861,0.922323,0.916732,0.917583,0.901144,105721046
2008-07-17,0.920685,0.94296,0.904943,0.94209,0.925214,137320441
2008-07-18,0.941932,0.972566,0.93424,0.957601,0.94045,124639896
2008-07-21,0.948069,0.975442,0.947581,0.969569,0.952211,114435366
2008-07-22,0.968016,0.974089,0.924417,0.932305,0.915617,77258387
2008-07-23,0.935457,0.942694,0.930238,0.934652,0.917924,113308703
2008-07-24,0.927918,0.975082,0.92716,0.973086,0.955673,87648190
2008-07-25,0.973628,0.978475,0.950462,0.954693,0.937612,102812385
2008-07-28,0.965118,0.98301,0.908505,0.921806,0.905321,96149112
2008-07-29,0.918745,0.953716,0.912526,0.947258,0.930321,178224398
2008-07-30,0.948542,0.951378,0.936524,0.942829,0.925973,54527192
2008-07-31,0.940664,0.961664,0.914843,0.91536,0.898997,181659993
2008-08-01,0.925986,0.93267,0.877562,0.881042,0.865296,79824563
2008-08-04,0.880496,0.892931,0.876096,0.884511,0.86871,98720834
2008-08-05,0.891853,0.893346,0.845847,0.849625,0.83445,74079765
2008-08-06,0.838802,0.846653,0.832916,0.845964,0.830856,112042413
2008-08-07,0.853791,0.858492,0.850837,0.854167,0.838915,120391859
2008-08-08,0.852992,0.85624,0.818681,0.823681,0.808975,149353669
2008-08-11,0.823683,0.836222,0.796882,0.797413,0.783183,115893373
2008-08-12,0.802121,0.80291,0.774352,0.792034,0.777902,157166640
2008-08-13,0.796296,0.801416,0.78824,0.790816,0.776708,122988659
2008-08-14,0.803046,0.80512,0.772703,0.783821,0.769839,148342967
2008-08-15,0.786184,0.821536,0.782813,0.809434,0.794998,131817512
2008-08-18,0.804065,0.808129,0.793462,0.796688,0.782486,95528379
2008-08-19,0.789071,0.827155,0.785137,0.818597,0.804006,105648882
2008-08-20,0.823236,0.82714,0.792408,0.797123,0.782917,219673881
2008-08-21,0.80259,0.817125,0.785205,0.793408,0.77927,128821837
2008-08-22,0.802405,0.814674,0.799042,0.808056,0.79366,153794596
2008-08-25,0.808597,0.821387,0.802947,0.813827,0.799334,87964145
2008-08-26,0.824272,0.833544,0.780769,0.781482,0.767568,97656668
2008-08-27,0.783281,0.79464,0.746942,0.749696,0.736349,78033217
2008-08-28,0.752191,0.791856,0.751349,0.777985,0.764137,139450948
2008-08-29,0.781741,0.787404,0.775474,0.780959,0.76706,79431301
2008-09-02,0.778357,0.779492,0.733287,0.744503,0.731261,94162319
2008-09-03,0.751208,0.753684,0.718688,0.720418,0.707606,100972535
2008-09-04,0.733542,0.750346,0.722717,0.747253,0.733966,102629388
2008-09-05,0.745832,0.786293,0.743013,0.776046,0.762249,98423841
2008-09-08,0.768887,0.784679,0.74507,0.782298,0.768396,139389119
2008-09-09,0.78478,0.824748,0.772652,0.804043,0.789757,130985219
2008-09-10,0.806662,0.814894,0.784597,0.791805,0.777739,113817654
2008-09-11,0.795573,0.7976,0.755152,0.758845,0.745366,128524514
2008-09-12,0.756703,0.784124,0.756032,0.773692,0.759952,167554527
2008-09-15,0.784001,0.79658,0.779746,0.788552,0.774554,81805135
2008-09-16,0.789621,0.831445,0.779935,0.815728,0.80125,164814595
2008-09-17,0.810898,0.828909,0.798423,0.804757,0.790476,110926816
2008-09-18,0.803734,0.845847,0.801246,0.842686,0.827733,116839945
2008-09-19,0.82944,0.836708,0.810193,0.83564,0.820815,86693933
2008-09-22,0.845321,0.851676,0.841368,0.848927,0.833873,123813438
2008-09-23,0.864121,0.878182,0.836988,0.838968,0.824093,131232886
2008-09-24,0.841217,0.843829,0.810505,0.816076,0.801609,116049431
2008-09-25,0.810102,0.830878,0.800998,0.822319,0.807744,146823673
2008-09-26,0.822536,0.840275,0.820015,0.839054,0.824185,116778067
2008-09-29,0.842449,0.846452,0.820561,0.827247,0.812593,149039385
2008-09-30,0.83175,0.834125,0.816561,0.829895,0.815197,67359750
2008-10-01,0.827212,0.832565,0.812838,0.819934,0.805414,147718520
2008-10-02,0.808605,0.843852,0.804086,0.833453,0.818696,74785247
2008-10-03,0.837127,0.843943,0.810069,0.814418,0.800001,125044885
2008-10-06,0.81957,0.862421,0.807259,0.850094,0.835052,165483755
2008-10-07,0.855482,0.864206,0.811866,0.821128,0.8066,83394084
2008-10-08,0.821122,0.827624,0.811673,0.82301,0.808451,119980414
2008-10-09,0.810436,0.825936,0.777708,0.784533,0.770657,140062894
2008-10-10,0.797089,0.799442,0.770425,0.776412,0.762681,85475393
2008-10-13,0.771972,0.781797,0.766086,0.77638,0.762656,59476496
2008-10-14,0.773265,0.795441,0.761482,0.788375,0.774442,101320689
2008-10-15,0.777845,0.843045,0.774645,0.826048,0.811451,135448873
2008-10-16,0.824,0.856145,0.822289,0.849417,0.83441,103742951
2008-10-17,0.853019,0.862315,0.836942,0.838794,0.823977,111030168
2008-10-20,0.837157,0.845043,0.801847,0.808348,0.794075,151402590
2008-10-21,0.802211,0.838191,0.801033,0.831693,0.81701,166068273
2008-10-22,0.819099,0.845245,0.807806,0.819946,0.805473,124595016
2008-10-23,0.82003,0.831619,0.800844,0.801167,0.787027,234924320
2008-10-24,0.796942,0.812631,0.788725,0.799329,0.785223,151695105
2008-10-27,0.801994,0.808704,0.797827,0.808256,0.794,125285532
2008-10-28,0.809548,0.818284,0.806118,0.817504,0.803087,105927014
2008-10-29,0.821429,0.852932,0.814761,0.843183,0.828315,166154693
2008-10-30,0.849386,0.869624,0.845315,0.86584,0.850575,97662896
2008-10-31,0.861809,0.878019,0.850827,0.861508,0.846321,93754418
2008-11-03,0.852267,0.853331,0.840007,0.846918,0.831995,83318472
2008-11-04,0.854627,0.894749,0.852414,0.889911,0.874233,134081604
2008-11-05,0.89963,0.904933,0.884531,0.889435,0.873768,75950425
2008-11-06,0.889074,0.912223,0.873232,0.909091,0.893081,113913431
2008-11-07,0.907388,0.921747,0.902014,0.911637,0.895584,115168270
2008-11-10,0.898015,0.920628,0.887405,0.917999,0.901841,64020825
2008-11-11,0.920177,0.939464,0.900218,0.907101,0.891137,210657068
2008-11-12,0.906073,0.913444,0.861666,0.881437,0.865928,177321262
2008-11-13,0.883862,0.918635,0.872208,0.916643,0.900517,259817807
2008-11-14,0.931804,0.94703,0.929226,0.94468,0.928063,90880140
2008-11-17,0.951775,0.966608,0.924218,0.931076,0.914706,116806102
2008-11-18,0.934181,0.942535,0.90733,0.914426,0.898351,117238858
2008-11-19,0.90841,0.9269,0.899576,0.92621,0.90993,118980262
2008-11-20,0.919027,0.924334,0.894114,0.895405,0.879669,118201172
2008-11-21,0.903919,0.906317,0.90251,0.90459,0.888695,136337441
2008-11-24,0.89981,0.937175,0.897985,0.920802,0.90463,136009860
2008-11-25,0.925982,0.946778,0.923496,0.937571,0.921107,106709651
2008-11-26,0.935207,0.952502,0.924684,0.944282,0.927702,106125322
2008-11-28,0.939612,0.971703,0.930195,0.963864,0.946946,105674675
2008-12-01,0.970677,0.97466,0.940733,0.950483,0.933807,260194397
2008-12-02,0.946195,0.991949,0.944617,0.985655,0.968364,122015749
2008-12-03,0.975141,1.012424,0.958697,0.993488,0.976063,162362343
2008-12-04,0.994151,1.04089,0.991031,1.025977,1.007985,119029033
2008-12-05,1.01518,1.059051,1.014062,1.051118,1.032688,183590147
2008-12-08,1.057781,1.061553,1.049901,1.059668,1.041097,103640366
2008-12-09,1.05438,1.081261,1.029918,1.045301,1.026984,86584848
2008-12-10,1.073183,1.092799,1.050393,1.061089,1.042498,83335011
2008-12-11,1.050334,1.059702,1.034227,1.045139,1.02683,110284030
2008-12-12,1.054475,1.096333,1.036552,1.078326,1.059439,119868935
2008-12-15,1.083974,1.093796,1.068936,1.08233,1.063382,154450675
2008-12-16,1.082193,1.099692,1.069516,1.07906,1.060172,122134420
2008-12-17,1.084508,1.104112,1.066294,1.073142,1.054361,73236852
2008-12-18,1.066953,1.10814,1.064257,1.09661,1.077421,184914250
2008-12-19,1.096086,1.11784,1.091796,1.100564,1.081308,172268370
2008-12-22,1.102548,1.156938,1.09836,1.143472,1.123475,123115049
2008-12-23,1.13561,1.144062,1.123941,1.126474,1.106777,160705970
2008-12-24,1.134961,1.150754,1.115147,1.124873,1.105207,188316827
2008-12-26,1.13176,1.154667,1.129196,1.131117,1.111348,101706900
2008-12-29,1.123035,1.169603,1.118978,1.166341,1.145966,125547704
2008-12-30,1.17197,1.200479,1.163513,1.192877,1.172042,141372580
2008-12-31,1.207096,1.219238,1.188153,1.199725,1.178774,101534666
2009-01-02,1.184084,1.213439,1.162729,1.205574,1.184526,183821879
2009-01-05,1.206005,1.211957,1.202301,1.205446,1.18441,79676910
2009-01-06,1.210248,1.211826,1.186296,1.190103,1.169338,126857700
2009-01-07,1.169738,1.191014,1.15481,1.187156,1.166446,135923484
2009-01-08,1.182618,1.217547,1.174272,1.210844,1.189724,106531841
2009-01-09,1.232252,1.23314,1.172054,1.182042,1.161427,128574966
2009-01-12,1.175439,1.201149,1.160202,1.200288,1.179365,118340902
2009-01-13,1.195484,1.202237,1.152688,1.170912,1.150504,147027383
2009-01-14,1.18203,1.185657,1.171746,1.184836,1.164189,129949922
2009-01-15,1.182893,1.18378,1.15204,1.154698,1.13458,105430007
2009-01-16,1.150637,1.157365,1.132378,1.13465,1.114883,129442031
2009-01-20,1.143388,1.147649,1.117037,1.118695,1.099218,105569238
2009-01-21,1.115478,1.149353,1.10975,1.137298,1.1175,69220977
2009-01-22,1.138162,1.160722,1.113352,1.15501,1.134907,105026706
2009-01-23,1.157144,1.191818,1.151671,1.187693,1.167025,131420611
2009-01-26,1.202898,1.217396,1.190604,1.202784,1.181863,123966953
2009-01-27,1.20957,1.230129,1.205038,1.227316,1.205972,100575120
2009-01-28,1.22906,1.235431,1.217361,1.222012,1.200763,67635503
2009-01-29,1.212804,1.219783,1.193166,1.205944,1.184978,92994985
2009-01-30,1.210145,1.23683,1.198101,1.234982,1.213514,191036879
2009-02-02,1.227185,1.263417,1.226067,1.260356,1.238457,99369223
2009-02-03,1.269881,1.291353,1.234302,1.245462,1.223826,124008556
2009-02-04,1.24602,1.256769,1.233045,1.238513,1.217,116571355
2009-02-05,1.227992,1.264953,1.221846,1.259348,1.237477,107615155
2009-02-06,1.265017,1.277144,1.24227,1.272112,1.250022,77211207
2009-02-09,1.271903,1.310413,1.268514,1.289715,1.26733,43813511
2009-02-10,1.30715,1.345768,1.291042,1.344724,1.321388,168026132
2009-02-11,1.328465,1.409674,1.326916,1.388312,1.364224,104333686
2009-02-12,1.392342,1.396864,1.34819,1.357368,1.33382,107248498
2009-02-13,1.370035,1.383482,1.260749,1.276389,1.254249,105963605
2009-02-17,1.252769,1.290949,1.249569,1.289164,1.266817,85857468
2009-02-18,1.290427,1.32094,1.276505,1.318663,1.295808,142467676
2009-02-19,1.322396,1.372068,1.313197,1.359392,1.335835,74747037
2009-02-20,1.362673,1.386834,1.351292,1.380607,1.356686,109069061
2009-02-23,1.407587,1.449367,1.372786,1.384402,1.360426,133344373
2009-02-24,1.366917,1.401619,1.351543,1.363436,1.339827,72625343
2009-02-25,1.35612,1.399042,1.343347,1.391308,1.36722,154312701
2009-02-26,1.374594,1.394413,1.340278,1.390883,1.366806,123200702
2009-02-27,1.393333,1.414434,1.367789,1.392094,1.368,123458005
2009-03-02,1.401041,1.461004,1.391998,1.440698,1.415775,137869457
2009-03-03,1.440932,1.467412,1.385438,1.388024,1.364016,129279239
2009-03-04,1.395718,1.406847,1.345124,1.362671,1.339104,111826230
2009-03-05,1.384523,1.390393,1.359718,1.371765,1.348045,113909170
2009-03-06,1.356629,1.36679,1.352095,1.365335,1.34173,100349307
2009-03-09,1.365055,1.392259,1.354026,1.362123,1.338584,125331383
2009-03-10,1.359431,1.3784,1.341398,1.36361,1.340049,107883573
2009-03-11,1.356752,1.387425,1.335508,1.348107,1.324818,140508817
2009-03-12,1.349344,1.380604,1.326212,1.372168,1.348467,151881405
2009-03-13,1.363257,1.369165,1.320507,1.323229,1.300377,91630809
2009-03-16,1.321731,1.329896,1.217066,1.224893,1.203749,191911704
2009-03-17,1.233096,1.239014,1.204456,1.221723,1.200637,117060868
2009-03-18,1.226544,1.236521,1.205689,1.213694,1.19275,103734080
2009-03-19,1.224152,1.235001,1.185784,1.191573,1.171014,99659608
2009-03-20,1.189989,1.197516,1.121703,1.132714,1.113173,103665598
2009-03-23,1.138272,1.169953,1.135486,1.16732,1.147192,108388527
2009-03-24,1.15144,1.180039,1.135179,1.1684,1.148256,146294032
2009-03-25,1.175093,1.186244,1.140452,1.16626,1.146157,127743874
2009-03-26,1.152633,1.173611,1.126121,1.135843,1.116266,85922672
2009-03-27,1.144765,1.157115,1.057321,1.086185,1.067468,149667697
2009-03-30,1.080385,1.146561,1.078583,1.118818,1.099548,122268099
2009-03-31,1.12783,1.155966,1.078527,1.083257,1.064602,99538510
2009-04-01,1.102369,1.110561,1.010667,1.0293,1.011576,203871807
2009-04-02,1.027992,1.037929,1.004879,1.01556,0.998076,138085076
2009-04-03,1.006985,1.058986,1.002888,1.051404,1.033305,78633215
2009-04-06,1.056837,1.092503,1.036961,1.087936,1.069218,71903294
2009-04-07,1.074763,1.121013,1.07204,1.088413,1.069689,136291856
2009-04-08,1.076642,1.106801,1.070602,1.081775,1.063168,84874963
2009-04-09,1.073638,1.10181,1.065234,1.09642,1.077564,189769761
2009-04-13,1.092556,1.11484,1.078896,1.090937,1.072188,108457501
2009-04-14,1.084968,1.097241,1.079209,1.087011,1.068332,88306914
2009-04-15,1.078645,1.117156,1.072744,1.106944,1.087925,114339590
2009-04-16,1.106473,1.115499,1.059446,1.072768,1.054339,129818681
2009-04-17,1.062766,1.06937,1.060113,1.061808,1.043571,142490345
2009-04-20,1.053065,1.08571,1.042265,1.075607,1.057141,119809589
2009-04-21,1.06784,1.068394,1.050241,1.060072,1.041876,166902353
2009-04-22,1.05688,1.123413,1.045615,1.117281,1.098105,153350356
2009-04-23,1.114526,1.144047,1.112752,1.129321,1.109942,171581099
2009-04-24,1.129552,1.20808,1.125921,1.198633,1.178068,147538945
2009-04-27,1.210822,1.212758,1.186309,1.193122,1.172661,132115130
2009-04-28,1.187697,1.204105,1.185505,1.187868,1.1675,101301794
2009-04-29,1.189013,1.194015,1.128824,1.147616,1.127941,85425400
2009-04-30,1.156973,1.167898,1.145546,1.15178,1.132038,102961149
2009-05-01,1.158151,1.171262,1.126837,1.127512,1.108188,188591650
2009-05-04,1.124961,1.153107,1.079341,1.085636,1.067039,74073567
2009-05-05,1.099547,1.108044,1.076223,1.077468,1.059013,85381037
2009-05-06,1.080154,1.130369,1.07919,1.118543,1.099388,98054603
2009-05-07,1.12914,1.135884,1.067245,1.071926,1.053573,70610144
2009-05-08,1.080262,1.094078,1.078988,1.079469,1.060989,157335879
2009-05-11,1.076503,1.08909,1.070215,1.07386,1.055485,123595441
2009-05-12,1.049871,1.074837,1.044197,1.054574,1.036532,100793696
2009-05-13,1.042782,1.079104,1.040633,1.069913,1.051612,88849146
2009-05-14,1.076767,1.079378,0.984509,0.995041,0.978022,136899940
2009-05-15,1.006389,1.025786,0.901232,0.909486,0.893934,98047433
2009-05-18,0.907512,0.937866,0.881661,0.934798,0.91882,138641814
2009-05-19,0.930294,0.972714,0.927007,0.965245,0.948749,133377355
2009-05-20,0.975557,0.991833,0.960856,0.983783,0.966973,143989976
2009-05-21,0.973529,0.974831,0.950242,0.951767,0.935507,162835544
2009-05-22,0.935943,0.947549,0.91083,0.914351,0.898732,178228823
2009-05-26,0.901098,0.959397,0.897094,0.953659,0.937379,121646843
2009-05-27,0.949997,0.961461,0.898831,0.909121,0.893604,98424377
2009-05-28,0.921946,0.946795,0.908556,0.933672,0.917739,163829028
2009-05-29,0.918468,0.92609,0.914629,0.924983,0.9092,160523026
2009-06-01,0.911886,0.915594,0.874788,0.875835,0.860898,104981724
2009-06-02,0.874203,0.917274,0.850183,0.894249,0.879,88769264
2009-06-03,0.899749,0.916151,0.846816,0.870981,0.856131,98219891
2009-06-04,0.873066,0.932026,0.867519,0.923533,0.90779,141646321
2009-06-05,0.921638,0.92731,0.91842,0.919883,0.904204,126462958
2009-06-08,0.925465,0.929384,0.834845,0.835587,0.821352,211432555
2009-06-09,0.839722,0.857294,0.834349,0.834802,0.820582,89885786
2009-06-10,0.821329,0.853397,0.813998,0.841929,0.827591,167910654
2009-06-11,0.837713,0.876581,0.836098,0.873445,0.858572,126296564
2009-06-12,0.885246,0.90969,0.88066,0.888068,0.872949,87405844
2009-06-15,0.88299,0.887568,0.875195,0.882267,0.867253,137118429
2009-06-16,0.886251,0.90614,0.882431,0.902701,0.887342,73057982
2009-06-17,0.908877,0.911429,0.86976,0.873798,0.858933,134250952
2009-06-18,0.867037,0.873156,0.854804,0.862835,0.848159,81957662
2009-06-19,0.869273,0.878818,0.844238,0.85167,0.837186,112141188
2009-06-22,0.848012,0.865628,0.840683,0.862065,0.847411,151193214
2009-06-23,0.861035,0.891182,0.858002,0.882298,0.867303,183586457
2009-06-24,0.876888,0.891835,0.872712,0.885554,0.870506,131776493
2009-06-25,0.880705,0.88488,0.863197,0.870072,0.85529,107545152
2009-06-26,0.865822,0.87318,0.863659,0.86622,0.851505,101220776
2009-06-29,0.865253,0.869477,0.857919,0.867424,0.852696,77360551
2009-06-30,0.862206,0.872233,0.857221,0.866867,0.85215,133660933
2009-07-01,0.863796,0.872122,0.851015,0.851426,0.836974,120310641
2009-07-02,0.847395,0.850211,0.814865,0.81893,0.805032,131396989
2009-07-06,0.815266,0.819852,0.80446,0.808277,0.794569,107303293
2009-07-07,0.812838,0.825873,0.798126,0.799673,0.786112,98598261
2009-07-08,0.793179,0.798988,0.78648,0.794901,0.781423,120409736
2009-07-09,0.792177,0.810996,0.789091,0.803302,0.789684,72996561
2009-07-10,0.808367,0.811946,0.773279,0.778574,0.765378,116018771
2009-07-13,0.78133,0.785949,0.760842,0.772989,0.759893,128010408
2009-07-14,0.77721,0.778691,0.766718,0.773645,0.76054,85632831
2009-07-15,0.762504,0.796646,0.751518,0.780222,0.767008,184583152
2009-07-16,0.78324,0.795438,0.776365,0.785707,0.772402,112656492
2009-07-17,0.781299,0.799571,0.779149,0.794246,0.780798,93457930
2009-07-20,0.7929,0.804143,0.780748,0.79939,0.785862,106846507
2009-07-21,0.799482,0.799834,0.792207,0.796903,0.783419,73561148
2009-07-22,0.790828,0.807047,0.787807,0.800471,0.786929,140430468
2009-07-23,0.786467,0.809743,0.778068,0.805381,0.791758,161156317
2009-07-24,0.80634,0.812224,0.796887,0.810092,0.796391,91773169
2009-07-27,0.802244,0.821384,0.79009,0.814109,0.800347,66174068
2009-07-28,0.804637,0.806948,0.795078,0.803651,0.790068,112002197
2009-07-29,0.800438,0.804258,0.78892,0.797773,0.784292,108010780
2009-07-30,0.79884,0.809616,0.791234,0.793135,0.779734,69600885
2009-07-31,0.790692,0.799703,0.767042,0.772503,0.759453,88637507
2009-08-03,0.776869,0.780223,0.764253,0.77358,0.760518,78676549
2009-08-04,0.775784,0.780359,0.764387,0.768299,0.755328,105941138
2009-08-05,0.765717,0.810776,0.755806,0.809133,0.795475,80798470
2009-08-06,0.808783,0.838948,0.798771,0.836707,0.822586,138172677
2009-08-07,0.83543,0.851864,0.833793,0.84948,0.835145,206064596
2009-08-10,0.854436,0.857765,0.831842,0.836048,0.821947,111112253
2009-08-11,0.839812,0.844744,0.824796,0.831019,0.817005,64147279
2009-08-12,0.824622,0.827697,0.805542,0.81278,0.799076,238387342
2009-08-13,0.810821,0.836372,0.802843,0.834452,0.820385,92442588
2009-08-14,0.835154,0.841206,0.831614,0.839078,0.824935,211649424
2009-08-17,0.839615,0.860538,0.838003,0.859473,0.844993,179904895
2009-08-18,0.861612,0.865129,0.840681,0.844888,0.830656,88143007
2009-08-19,0.84496,0.851949,0.833024,0.847497,0.833223,96718651
2009-08-20,0.852199,0.860301,0.812942,0.819057,0.805265,105934483
2009-08-21,0.824027,0.839463,0.821928,0.825626,0.811725,103260198
2009-08-24,0.834709,0.848132,0.821144,0.830949,0.816965,94338052
2009-08-25,0.818171,0.87875,0.816225,0.876042,0.861302,78198212
2009-08-26,0.875657,0.881111,0.850612,0.86183,0.847332,164468882
2009-08-27,0.861363,0.876556,0.822523,0.840899,0.826755,180825571
2009-08-28,0.835186,0.887679,0.828255,0.883992,0.869125,132766816
2009-08-31,0.877413,0.878151,0.867345,0.877226,0.86248,108190927
2009-09-01,0.872477,0.882935,0.869238,0.879321,0.864542,47566502
2009-09-02,0.875578,0.876662,0.870622,0.873618,0.858937,87686790
2009-09-03,0.875301,0.902454,0.867716,0.898816,0.883714,137848208
2009-09-04,0.88395,0.903934,0.882667,0.902658,0.887494,130237116
2009-09-08,0.889087,0.921234,0.87208,0.915075,0.899713,123937268
2009-09-09,0.913919,0.960925,0.899431,0.950939,0.934977,149616130
2009-09-10,0.947841,0.952799,0.930118,0.942382,0.926566,149961203
2009-09-11,0.94192,0.958933,0.916491,0.954503,0.938486,172798604
2009-09-14,0.960413,0.969916,0.949523,0.952297,0.936325,66802452
2009-09-15,0.961218,0.976497,0.945738,0.946333,0.930464,108995826
2009-09-16,0.950027,0.958027,0.903,0.909598,0.894347,130490304
2009-09-17,0.915931,0.927379,0.891369,0.893598,0.878618,81762224
2009-09-18,0.882955,0.904566,0.877602,0.88664,0.871778,101118082
2009-09-21,0.894836,0.896982,0.853891,0.862278,0.847832,186402022
2009-09-22,0.866293,0.866717,0.861557,0.863814,0.849345,96060461
2009-09-23,0.862633,0.864927,0.852106,0.854021,0.839718,89055336
2009-09-24,0.859441,0.875579,0.840739,0.850979,0.836729,129878740
2009-09-25,0.847443,0.876467,0.829801,0.875595,0.860935,142557164
2009-09-28,0.873255,0.878493,0.871148,0.873828,0.859205,172239407
2009-09-29,0.872325,0.888263,0.86912,0.874062,0.859437,84141641
2009-09-30,0.87569,0.887362,0.864903,0.880574,0.865843,117769345
2009-10-01,0.880665,0.88208,0.855104,0.859849,0.845467,176324062
2009-10-02,0.85879,0.861498,0.833717,0.841955,0.827874,258252271
2009-10-05,0.841572,0.846324,0.834099,0.8393,0.825271,237243189
2009-10-06,0.845235,0.858117,0.819115,0.830495,0.816615,110421292
2009-10-07,0.827214,0.83347,0.819256,0.820424,0.806715,93751940
2009-10-08,0.824472,0.828824,0.811773,0.821045,0.807327,134392903
2009-10-09,0.825253,0.835835,0.807466,0.81082,0.797276,177272991
2009-10-12,0.809277,0.820291,0.805949,0.814997,0.801389,93097034
2009-10-13,0.816579,0.832144,0.803077,0.830951,0.817079,111396087
2009-10-14,0.832062,0.839902,0.805266,0.810279,0.796754,94210872
2009-10-15,0.813082,0.835172,0.808054,0.82731,0.813503,81004456
2009-10-16,0.835405,0.838414,0.824763,0.828438,0.814615,145148406
2009-10-19,0.825619,0.839406,0.816137,0.818694,0.80504,89454584
2009-10-20,0.826089,0.865267,0.816082,0.853692,0.839457,120223182
2009-10-21,0.860912,0.892771,0.854034,0.890062,0.875222,177430489
2009-10-22,0.871916,0.887739,0.85977,0.88012,0.865449,97755970
2009-10-23,0.887753,0.913656,0.87874,0.89511,0.880191,85685135
2009-10-26,0.890612,0.901247,0.845135,0.855388,0.841138,179122318
2009-10-27,0.851799,0.868826,0.845433,0.85113,0.836954,97561940
2009-10-28,0.857114,0.928038,0.834855,0.923471,0.908092,183747881
2009-10-29,0.907615,0.950888,0.901088,0.941784,0.926103,86233824
2009-10-30,0.933116,0.945253,0.904526,0.908392,0.893269,107338632
2009-11-02,0.901089,0.940579,0.889389,0.929584,0.914115,208157612
2009-11-03,0.921203,0.95263,0.912817,0.948804,0.933019,116268253
2009-11-04,0.941719,0.97342,0.932879,0.964851,0.948801,84383450
2009-11-05,0.941426,0.948595,0.920692,0.945767,0.930037,67721488
2009-11-06,0.952285,0.95731,0.939596,0.954296,0.938426,196357111
2009-11-09,0.947264,0.988758,0.944174,0.974943,0.958738,137790816
2009-11-10,0.961464,0.984716,0.946341,0.981411,0.965101,123026668
2009-11-11,0.971373,0.971987,0.940045,0.955271,0.939399,143339722
2009-11-12,0.939936,0.952317,0.938338,0.944599,0.928906,70388326
2009-11-13,0.9421,0.963032,0.93992,0.951582,0.935776,66905066
2009-11-16,0.942821,0.945964,0.917457,0.935515,0.919983,117305243
2009-11-17,0.939829,0.942771,0.914522,0.921093,0.905802,74031241
2009-11-18,0.913562,0.918779,0.907665,0.915924,0.900722,123247510
2009-11-19,0.915836,0.918549,0.898736,0.900582,0.885637,155139295
2009-11-20,0.903639,0.933762,0.901494,0.921008,0.905726,223374014
2009-11-23,0.920004,0.947581,0.914509,0.944152,0.928494,88109483
2009-11-24,0.948509,0.977048,0.944211,0.970782,0.954685,191280188
2009-11-25,0.964582,0.975511,0.962824,0.964956,0.948959,126769759
2009-11-27,0.963071,0.991629,0.959559,0.97751,0.96131,121554014
2009-11-30,0.976826,1.003786,0.975307,0.99861,0.982068,112917790
2009-12-01,0.993013,1.040304,0.992041,1.033429,1.016314,116026719
2009-12-02,1.02541,1.050146,1.02192,1.036909,1.019738,122437221
2009-12-03,1.038971,1.0648,1.030924,1.06068,1.043118,103714493
2009-12-04,1.049972,1.067649,1.046532,1.061774,1.044198,178533105
2009-12-07,1.057537,1.059954,1.03274,1.042016,1.024775,91076013
2009-12-08,1.045437,1.052887,1.027917,1.042456,1.025211,119039328
2009-12-09,1.046066,1.046868,1.024732,1.027031,1.010043,119975933
2009-12-10,1.025268,1.044078,1.022219,1.041068,1.023851,188827614
2009-12-11,1.037316,1.052995,1.029642,1.051249,1.033866,90862080
2009-12-14,1.05028,1.09434,1.040125,1.090259,1.07224,180807010
2009-12-15,1.107267,1.110986,1.095356,1.097835,1.079694,108201299
2009-12-16,1.097096,1.105999,1.093722,1.101074,1.082882,95049652
2009-12-17,1.097925,1.098895,1.075676,1.081785,1.063915,130203306
2009-12-18,1.075584,1.080553,1.059341,1.064491,1.04691,106853315
2009-12-21,1.063191,1.067524,1.030847,1.038996,1.021844,121032656
2009-12-22,1.045508,1.05472,1.022005,1.023446,1.006554,86909502
2009-12-23,1.023186,1.026294,1.020575,1.025705,1.008778,128293875
2009-12-24,1.021347,1.060783,1.008823,1.045763,1.028507,100322388
2009-12-28,1.040218,1.048532,1.038075,1.045195,1.02796,92218394
2009-12-29,1.049714,1.060088,1.036657,1.046406,1.029154,79229491
2009-12-30,1.040734,1.051274,1.034498,1.039611,1.022474,156801501
2009-12-31,1.035718,1.046606,1.027229,1.028153,1.011208,118418178
2010-01-04,1.026897,1.065687,1.024883,1.065124,1.047581,99807026
2010-01-05,1.056637,1.077015,1.046701,1.064941,1.047403,91639481
2010-01-06,1.068569,1.090006,1.065981,1.087502,1.069596,177069603
2010-01-07,1.092385,1.096448,1.077297,1.086374,1.068489,87920508
2010-01-08,1.083406,1.089174,1.066814,1.071657,1.054017,83349979
2010-01-11,1.067839,1.075811,1.041359,1.057379,1.039983,155803623
2010-01-12,1.062596,1.073178,1.010742,1.018861,1.002102,72702827
2010-01-13,1.016554,1.043836,1.014137,1.036519,1.019472,132776219
2010-01-14,1.035892,1.052552,1.029338,1.047186,1.029966,143098861
2010-01-15,1.061723,1.066516,1.060033,1.062606,1.045135,118038342
2010-01-19,1.06562,1.099519,1.056022,1.096747,1.078727,87053847
2010-01-20,1.09705,1.151853,1.084936,1.146828,1.127988,121503565
2010-01-21,1.126568,1.211359,1.111732,1.180166,1.160782,152732443
2010-01-22,1.190709,1.217501,1.180604,1.213365,1.193438,92445809
2010-01-25,1.209049,1.261391,1.205168,1.256029,1.235412,143020321
2010-01-26,1.266107,1.297857,1.261413,1.291921,1.270719,142312157
2010-01-27,1.294256,1.302852,1.258753,1.272612,1.25173,195287156
2010-01-28,1.275774,1.276693,1.251995,1.260252,1.239576,223683498
2010-01-29,1.268523,1.298993,1.265417,1.293927,1.272703,101964406
2010-02-01,1.288385,1.305409,1.286667,1.290462,1.269305,93319253
2010-02-02,1.302143,1.319899,1.29791,1.309214,1.287753,181365228
2010-02-03,1.30507,1.357541,1.299376,1.347573,1.325487,133603527
2010-02-04,1.342356,1.389517,1.308355,1.387618,1.364879,91839106
2010-02-05,1.38941,1.468713,1.378779,1.446908,1.423202,127719788
2010-02-08,1.444781,1.458808,1.415639,1.416346,1.393151,231089470
2010-02-09,1.410497,1.424769,1.333839,1.365521,1.343163,106126304
2010-02-10,1.357062,1.412549,1.338539,1.395166,1.372326,101973515
2010-02-11,1.40328,1.414828,1.366204,1.380485,1.357889,121097066
2010-02-12,1.388837,1.398741,1.375892,1.3888,1.366071,137631499
2010-02-16,1.39105,1.427825,1.383608,1.41129,1.388209,83531136
2010-02-17,1.410568,1.437474,1.384422,1.432745,1.409316,92473477
2010-02-18,1.445206,1.484102,1.444555,1.469196,1.445176,187147877
2010-02-19,1.471864,1.494568,1.444698,1.478983,1.454806,97000063
2010-02-22,1.477508,1.482548,1.441368,1.449545,1.425861,192955917
2010-02-23,1.442728,1.4587,1.418029,1.422452,1.399214,112940422
2010-02-24,1.391543,1.406578,1.36805,1.405738,1.382778,189801116
2010-02-25,1.398636,1.432603,1.387341,1.428354,1.405028,115836213
2010-02-26,1.411105,1.477098,1.401122,1.474811,1.45073,174011516
2010-03-01,1.480713,1.52289,1.465715,1.499862,1.475384,135049486
2010-03-02,1.509091,1.510868,1.476024,1.480559,1.4564,140398745
2010-03-03,1.487462,1.504693,1.461514,1.470944,1.446947,116433230
2010-03-04,1.459364,1.480715,1.440897,1.472725,1.448702,104661796
2010-03-05,1.478337,1.490525,1.410733,1.4402,1.416712,99393337
2010-03-08,1.441334,1.449463,1.416327,1.417897,1.394784,140297658
2010-03-09,1.414588,1.42628,1.38569,1.408393,1.385438,105395881
2010-03-10,1.410046,1.43187,1.394995,1.419942,1.396803,129275346
2010-03-11,1.408586,1.451065,1.404595,1.440306,1.416839,133894439
2010-03-12,1.440113,1.443876,1.406771,1.411927,1.388926,150947057
2010-03-15,1.412811,1.463535,1.411566,1.450877,1.427254,201295535
2010-03-16,1.445963,1.486749,1.417543,1.471737,1.447778,56604647
2010-03-17,1.452236,1.464235,1.447404,1.450955,1.427338,98043587
2010-03-18,1.446452,1.451719,1.380043,1.391049,1.368411,136062825
2010-03-19,1.395209,1.420372,1.383691,1.40466,1.381804,145586181
2010-03-22,1.404072,1.465473,1.398531,1.444672,1.421177,163853601
2010-03-23,1.43421,1.492133,1.412608,1.485698,1.46154,129463248
2010-03-24,1.486233,1.493298,1.476113,1.479968,1.455907,128414768
2010-03-25,1.463499,1.464795,1.44687,1.458927,1.435212,106506779
2010-03-26,1.456415,1.51085,1.452248,1.502169,1.477755,167687314
2010-03-29,1.498026,1.510758,1.483836,1.491049,1.466828,184385087
2010-03-30,1.49652,1.514697,1.488385,1.492815,1.468569,138664396
2010-03-31,1.485592,1.489071,1.450752,1.455027,1.431399,99879860
2010-04-01,1.451654,1.507207,1.450991,1.489464,1.465281,127428629
2010-04-05,1.493338,1.501649,1.447873,1.470163,1.446309,132190100
2010-04-06,1.452969,1.474294,1.446134,1.453825,1.43024,192344208
2010-04-07,1.465295,1.488427,1.406271,1.421149,1.398098,139557022
2010-04-08,1.411838,1.48035,1.387215,1.479669,1.455672,182389382
2010-04-09,1.483525,1.497698,1.465039,1.479527,1.455537,56504533
2010-04-12,1.464133,1.521176,1.459013,1.504764,1.480377,117416746
2010-04-13,1.504733,1.509798,1.466878,1.477304,1.453366,171671936
2010-04-14,1.485658,1.498511,1.463754,1.495278,1.471053,91554370
2010-04-15,1.493189,1.530247,1.491722,1.523181,1.498507,143668947
2010-04-16,1.524968,1.534245,1.499557,1.503876,1.47952,95094933
2010-04-19,1.50199,1.513585,1.468294,1.471933,1.448106,137358599
2010-04-20,1.471841,1.488062,1.444526,1.447395,1.423969,156408871
2010-04-21,1.448569,1.457312,1.396697,1.425876,1.402802,85946833
2010-04-22,1.442264,1.447428,1.404346,1.406739,1.383978,180356795
2010-04-23,1.405625,1.446624,1.392805,1.427815,1.404717,85442075
2010-04-26,1.432378,1.476682,1.41303,1.475518,1.45166,87273564
2010-04-27,1.475177,1.480233,1.451625,1.465339,1.44165,98923436
2010-04-28,1.45804,1.4771,1.44582,1.463589,1.439932,120823139
2010-04-29,1.466391,1.473195,1.452498,1.458977,1.435399,122314549
2010-04-30,1.457211,1.46494,1.416249,1.430157,1.407048,96273637
2010-05-03,1.443901,1.451781,1.384841,1.418735,1.395822,135616669
2010-05-04,1.420389,1.444323,1.385721,1.391689,1.369217,130352723
2010-05-05,1.388053,1.401458,1.366461,1.398415,1.375838,124188611
2010-05-06,1.377817,1.386059,1.341219,1.344331,1.322631,115683124
2010-05-07,1.349149,1.355952,1.301049,1.310379,1.289231,55314535
2010-05-10,1.283505,1.289116,1.258266,1.270367,1.249874,170557249
2010-05-11,1.265158,1.2728,1.253024,1.267515,1.247072,94302394
2010-05-12,1.272306,1.304392,1.266653,1.283544,1.262845,140411259
2010-05-13,1.294094,1.327449,1.287696,1.323937,1.302591,118330328
2010-05-14,1.318466,1.329966,1.280031,1.284498,1.263792,125419953
2010-05-17,1.270062,1.316178,1.267165,1.303326,1.282326,85954615
2010-05-18,1.302217,1.306522,1.255595,1.264504,1.244133,121645613
2010-05-19,1.272702,1.289779,1.263061,1.284898,1.264202,121996431
2010-05-20,1.290157,1.291097,1.280166,1.281985,1.26134,122889718
2010-05-21,1.287879,1.333518,1.277885,1.324499,1.303172,88681251
2010-05-24,1.329058,1.334983,1.293141,1.301473,1.280528,86429492
2010-05-25,1.28981,1.294243,1.282208,1.291371,1.270592,124250474
2010-05-26,1.289848,1.303221,1.268655,1.298246,1.277359,154036960
2010-05-27,1.290498,1.360444,1.279079,1.352694,1.330935,150184237
2010-05-28,1.342091,1.396283,1.327551,1.374827,1.352716,90236384
2010-06-01,1.384606,1.397711,1.376246,1.391127,1.368769,101352891
2010-06-02,1.385302,1.458434,1.361961,1.446296,1.423055,129105410
2010-06-03,1.447327,1.47426,1.426705,1.427876,1.404935,91613370
2010-06-04,1.427619,1.455583,1.413475,1.44181,1.418649,156576087
2010-06-07,1.430378,1.441333,1.402658,1.41617,1.393432,79122505
2010-06-08,1.399025,1.453237,1.390511,1.444043,1.420861,76543153
2010-06-09,1.436166,1.452393,1.433454,1.441105,1.417975,174649332
2010-06-10,1.446452,1.470191,1.429208,1.447277,1.424052,102541147
2010-06-11,1.439698,1.487925,1.421944,1.463855,1.440368,129270148
2010-06-14,1.460627,1.49396,1.454758,1.468832,1.445277,156130823
2010-06-15,1.476293,1.493014,1.462562,1.491816,1.467895,87901547
2010-06-16,1.500071,1.51926,1.478575,1.483097,1.459321,84732146
2010-06-17,1.485648,1.513644,1.468404,1.5097,1.485502,116091054
2010-06-18,1.514775,1.516365,1.493949,1.498385,1.474372,113386474
2010-06-21,1.497745,1.550769,1.48676,1.520586,1.496229,68197219
2010-06-22,1.512177,1.51641,1.492021,1.503537,1.479457,105269261
2010-06-23,1.492151,1.554423,1.486703,1.546355,1.521594,209959134
2010-06-24,1.52279,1.626567,1.522094,1.612604,1.586786,157554369
2010-06-25,1.601198,1.626877,1.579904,1.613396,1.58757,66117005
2010-06-28,1.629465,1.638819,1.58311,1.595262,1.569739,97543640
2010-06-29,1.606943,1.628457,1.536611,1.561628,1.536647,179992095
2010-06-30,1.579936,1.581979,1.568406,1.571909,1.546768,138195513
2010-07-01,1.560672,1.604987,1.551994,1.596316,1.570789,151841629
2010-07-02,1.592369,1.600916,1.565958,1.589168,1.56376,193855477
2010-07-06,1.593668,1.624976,1.58704,1.608823,1.583118,107934151
2010-07-07,1.593442,1.656634,1.590696,1.649546,1.623194,66240905
2010-07-08,1.654343,1.656493,1.613714,1.626503,1.600524,158033352
2010-07-09,1.634991,1.648594,1.605332,1.618367,1.592522,110629642
2010-07-12,1.622542,1.637452,1.58784,1.60555,1.579923,99944652
2010-07-13,1.593913,1.654912,1.585267,1.653599,1.627209,144051752
2010-07-14,1.644438,1.681255,1.639859,1.65604,1.629616,156870893
2010-07-15,1.6463,1.657973,1.632398,1.655449,1.629039,97605978
2010-07-16,1.671525,1.692386,1.643118,1.65793,1.631484,126853028
2010-07-19,1.662959,1.666082,1.604341,1.611094,1.585409,134876964
2010-07-20,1.608942,1.616578,1.58237,1.587037,1.56174,142082466
2010-07-21,1.587783,1.596945,1.559537,1.560822,1.535947,190458260
2010-07-22,1.53949,1.605577,1.533993,1.591868,1.566502,176206089
2010-07-23,1.590798,1.620868,1.583796,1.613928,1.588214,166170661
2010-07-26,1.621522,1.623279,1.594089,1.614463,1.588754,136913697
2010-07-27,1.61662,1.661661,1.593532,1.651338,1.625047,124797332
2010-07-28,1.687573,1.749982,1.671074,1.727324,1.699827,150159839
2010-07-29,1.718037,1.721172,1.693322,1.713389,1.686119,128397015
2010-07-30,1.698504,1.708436,1.625745,1.647333,1.621119,136398907
2010-08-02,1.645278,1.708402,1.640924,1.694704,1.66775,181973778
2010-08-03,1.68818,1.74298,1.669066,1.71509,1.687816,97340026
2010-08-04,1.716516,1.733089,1.664846,1.671325,1.644751,123017863
2010-08-05,1.677107,1.694972,1.58932,1.597624,1.572227,208014705
2010-08-06,1.623758,1.661695,1.582533,1.641692,1.615598,125321290
2010-08-09,1.656696,1.659834,1.620591,1.629106,1.603226,113593742
2010-08-10,1.637717,1.734375,1.62578,1.718958,1.691655,211845813
2010-08-11,1.720049,1.721571,1.621311,1.6279,1.602048,156740297
2010-08-12,1.637856,1.674218,1.621784,1.650043,1.623843,125502848
2010-08-13,1.655516,1.679226,1.646368,1.673778,1.647206,104048166
2010-08-16,1.651845,1.672709,1.628135,1.651694,1.625486,137104203
2010-08-17,1.651669,1.681681,1.646645,1.663423,1.637033,116402764
2010-08-18,1.675782,1.701734,1.656724,1.684742,1.658019,162141457
2010-08-19,1.6843,1.7016,1.662695,1.692985,1.666136,160553031
2010-08-20,1.740695,1.76314,1.690157,1.709984,1.682869,100146294
2010-08-23,1.704397,1.737867,1.700057,1.734579,1.707088,91958346
2010-08-24,1.739483,1.777713,1.715704,1.773972,1.745862,246261482
2010-08-25,1.783461,1.798257,1.770561,1.794446,1.766017,142607404
2010-08-26,1.790125,1.814802,1.746752,1.767057,1.739066,145852202
2010-08-27,1.764983,1.856358,1.747211,1.846551,1.817306,198075524
2010-08-30,1.845308,1.893688,1.837655,1.871622,1.841995,87983602
2010-08-31,1.870863,1.905553,1.810679,1.827732,1.798805,219875297
2010-09-01,1.827606,1.890146,1.797069,1.870663,1.841061,115783898
2010-09-02,1.854523,1.898509,1.843484,1.893007,1.863057,118310620
2010-09-03,1.892162,1.919189,1.886804,1.90763,1.877454,169264135
2010-09-07,1.914496,1.931172,1.872858,1.877404,1.847726,104336323
2010-09-08,1.891303,1.922671,1.861433,1.908404,1.878241,122752997
2010-09-09,1.90738,1.936135,1.89213,1.905486,1.875375,139947332
2010-09-10,1.940836,1.953643,1.877121,1.900928,1.870894,171910216
2010-09-13,1.916205,1.924359,1.847961,1.855727,1.826422,118692770
2010-09-14,1.839695,1.948611,1.824165,1.919839,1.889526,231057744
2010-09-15,1.945567,2.020665,1.918307,1.95891,1.927985,190944710
2010-09-16,1.950096,1.987664,1.912748,1.95656,1.925678,98435897
2010-09-17,1.979435,2.007395,1.969766,1.975604,1.944427,89359918
2010-09-20,1.972446,2.054945,1.946073,2.035851,2.00374,128299042
2010-09-21,2.04623,2.063579,2.015051,2.029907,1.997894,176446878
2010-09-22,2.038853,2.061729,2.022216,2.026735,1.994778,101355585
2010-09-23,2.02083,2.042151,2.006588,2.031068,1.999048,72020253
2010-09-24,2.038692,2.053083,2.00298,2.011287,1.979585,82865241
2010-09-27,2.01582,2.028481,1.969282,1.978254,1.947089,85763226
2010-09-28,1.960987,2.09228,1.944418,2.060899,2.028437,43231906
2010-09-29,2.055782,2.156063,2.050024,2.145492,2.111703,97866199
2010-09-30,2.151559,2.184521,2.14195,2.158863,2.124869,95188320
2010-10-01,2.169757,2.186943,2.096688,2.137111,2.103466,102309156
2010-10-04,2.128583,2.211866,2.112373,2.210618,2.175833,126198559
2010-10-05,2.191118,2.225814,2.162304,2.204576,2.169892,183307805
2010-10-06,2.203088,2.213911,2.126328,2.154149,2.120264,142010078
2010-10-07,2.137797,2.150922,2.001194,2.046104,2.013925,100917376
2010-10-08,2.044247,2.068134,1.935641,1.936634,1.906181,260951103
2010-10-11,1.9125,1.949509,1.90101,1.942073,1.911551,150015796
2010-10-12,1.958075,1.968795,1.859889,1.889068,1.859384,119007569
2010-10-13,1.914398,1.961537,1.902186,1.909654,1.879651,138572241
2010-10-14,1.908428,1.92738,1.889953,1.903792,1.873886,68193712
2010-10-15,1.90216,1.919286,1.873606,1.899997,1.870157,111186979
2010-10-18,1.885845,1.891604,1.856898,1.88331,1.853747,148189929
2010-10-19,1.883881,1.928637,1.860034,1.924116,1.893917,99084096
2010-10-20,1.910349,1.961303,1.90837,1.932662,1.902334,108659774
2010-10-21,1.942795,1.973063,1.83123,1.83605,1.807243,197069643
2010-10-22,1.825705,1.865065,1.822791,1.860815,1.831625,117758345
2010-10-25,1.878975,1.907048,1.84451,1.863792,1.834571,111834046
2010-10-26,1.844835,1.878338,1.828921,1.833618,1.804874,107467833
2010-10-27,1.846402,1.891082,1.838556,1.862475,1.833284,90438961
2010-10-28,1.841834,1.946713,1.834739,1.943826,1.913365,117429176
2010-10-29,1.942592,1.985878,1.916175,1.980679,1.949646,92915154
2010-11-01,1.985933,1.993222,1.942331,1.967292,1.936485,93926928
2010-11-02,1.986117,1.996991,1.91698,1.937038,1.90671,127981782
2010-11-03,1.919747,2.002534,1.912575,1.994536,1.963313,172481592
2010-11-04,2.014334,2.084548,2.00528,2.051735,2.019622,156938119
2010-11-05,2.048639,2.073357,2.031744,2.054683,2.022529,106256740
2010-11-08,2.040633,2.087006,2.024068,2.077536,2.045041,104531255
2010-11-09,2.057666,2.070515,2.00394,2.065944,2.033636,122540778
2010-11-10,2.054974,2.057782,2.008766,2.02543,1.993762,98317968
2010-11-11,2.022931,2.112117,2.019735,2.096325,2.063553,148551381
2010-11-12,2.1106,2.169325,2.083369,2.160155,2.126392,98115044
2010-11-15,2.186695,2.313115,2.162828,2.28836,2.252611,94858720
2010-11-16,2.302925,2.333408,2.280362,2.310444,2.274356,112664189
2010-11-17,2.303271,2.466898,2.280557,2.414803,2.377092,172692117
2010-11-18,2.401076,2.436326,2.268048,2.304763,2.268776,62855111
2010-11-19,2.305096,2.315447,2.303748,2.311727,2.275638,125697466
2010-11-22,2.294916,2.398984,2.277195,2.393864,2.356512,130264607
2010-11-23,2.398383,2.440364,2.394409,2.406646,2.369101,253951875
2010-11-24,2.38204,2.403269,2.28772,2.318433,2.28227,99820793
2010-11-26,2.302582,2.441228,2.27689,2.41749,2.379795,158131331
2010-11-29,2.413217,2.545402,2.369464,2.494154,2.455284,126981248
2010-11-30,2.477181,2.616194,2.465103,2.559752,2.519867,84181265
2010-12-01,2.601663,2.643611,2.587172,2.632736,2.591721,96777179
2010-12-02,2.622974,2.681469,2.613863,2.67316,2.631522,171952904
2010-12-03,2.652068,2.681363,2.595635,2.657082,2.615702,54143681
2010-12-06,2.672875,2.704544,2.641894,2.693623,2.651695,215314309
2010-12-07,2.682787,2.761625,2.639511,2.723491,2.681106,124762327
2010-12-08,2.746616,2.74905,2.698415,2.736026,2.693453,117304757
2010-12-09,2.722266,2.778893,2.682194,2.765496,2.722472,139989668
2010-12-10,2.739682,2.834009,2.726594,2.81993,2.776067,146857176
2010-12-13,2.807832,2.845556,2.766711,2.840008,2.795855,115240352
2010-12-14,2.877454,2.896053,2.858088,2.874429,2.829749,73793335
2010-12-15,2.851357,2.956963,2.782752,2.935925,2.890297,96267147
2010-12-16,2.994755,2.997307,2.874994,2.885752,2.840911,166290620
2010-12-17,2.859485,2.877073,2.797289,2.851983,2.807676,126137648
2010-12-20,2.806707,3.044817,2.761581,2.979962,2.93369,164629890
2010-12-21,2.99454,3.02674,2.885361,2.947718,2.901955,111809331
2010-12-22,2.932702,2.934169,2.846591,2.881119,2.836398,116814852
2010-12-23,2.832149,2.861723,2.797499,2.809749,2.766142,123236637
2010-12-27,2.860216,2.862767,2.741249,2.773896,2.730876,131573607
2010-12-28,2.785337,2.789894,2.638766,2.668602,2.627223,157772441
2010-12-29,2.6745,2.677306,2.592877,2.61984,2.579223,78546108
2010-12-30,2.638358,2.724281,2.621922,2.685718,2.644087,56872019
2010-12-31,2.675724,2.712802,2.59002,2.612994,2.572498,101168912
2011-01-03,2.603973,2.662551,2.600733,2.619643,2.579064,126387332
2011-01-04,2.570062,2.718982,2.565975,2.70326,2.661393,167936697
2011-01-05,2.709975,2.730189,2.622902,2.624289,2.583653,116227865
2011-01-06,2.670914,2.797133,2.668246,2.750865,2.708277,105207999
2011-01-07,2.754052,2.772247,2.644767,2.720653,2.67854,94487243
2011-01-10,2.764521,2.767011,2.66487,2.686195,2.644637,106908943
2011-01-11,2.666361,2.773207,2.629484,2.758175,2.71551,95237480
2011-01-12,2.756377,2.777636,2.715393,2.740395,2.698013,96326265
2011-01-13,2.729602,2.767713,2.641516,2.674724,2.633365,176682703
2011-01-14,2.637702,2.674891,2.598749,2.654525,2.613485,116629808
2011-01-18,2.692801,2.761863,2.687897,2.73276,2.69054,163575431
2011-01-19,2.723937,2.739996,2.659901,2.736203,2.693937,107010255
2011-01-20,2.715793,2.748078,2.701511,2.731853,2.689661,112168066
2011-01-21,2.737964,2.749896,2.681433,2.70883,2.667002,104575795
2011-01-24,2.711385,2.749115,2.601596,2.621275,2.58082,155752736
2011-01-25,2.595326,2.671433,2.586995,2.62746,2.586916,142283302
2011-01-26,2.614515,2.623328,2.585618,2.588642,2.548704,138603665
2011-01-27,2.614644,2.690187,2.579353,2.682875,2.641491,174220726
2011-01-28,2.68766,2.715609,2.624035,2.638393,2.597702,120102456
2011-01-31,2.639544,2.649212,2.586355,2.64402,2.603264,118582882
2011-02-01,2.630365,2.726542,2.616809,2.713945,2.672118,112259073
2011-02-02,2.724237,2.728435,2.657071,2.691705,2.650228,83259937
2011-02-03,2.719567,2.78668,2.689518,2.765886,2.723273,94848905
2011-02-04,2.753825,2.797062,2.728324,2.765797,2.723193,188813540
2011-02-07,2.743225,2.806921,2.726806,2.800999,2.757876,109710286
2011-02-08,2.778914,2.821087,2.755798,2.811957,2.768673,142352246
2011-02-09,2.808415,2.816162,2.787445,2.799075,2.755996,114000714
2011-02-10,2.798338,2.836748,2.795404,2.808929,2.765706,134998197
2011-02-11,2.827286,2.854079,2.791537,2.807763,2.764566,96543425
2011-02-14,2.797694,2.837493,2.79267,2.823549,2.780132,138258159
2011-02-15,2.794568,2.801425,2.73092,2.756096,2.713723,87130344
2011-02-16,2.776637,2.804547,2.759819,2.771365,2.728765,129737253
2011-02-17,2.767137,2.799117,2.698985,2.785851,2.743036,103376449
2011-02-18,2.77496,2.888445,2.766159,2.835749,2.792175,178127031
2011-02-22,2.841599,2.842995,2.751911,2.760369,2.717983,136599160
2011-02-23,2.742995,2.842667,2.737745,2.766357,2.723886,89421373
2011-02-24,2.768398,2.87086,2.735263,2.83159,2.788125,95244667
2011-02-25,2.831743,2.855337,2.806977,2.816929,2.773697,119941663
2011-02-28,2.848569,2.85502,2.744952,2.773656,2.731111,139667642
2011-03-01,2.785503,2.801797,2.733813,2.73761,2.695625,84924942
2011-03-02,2.71365,2.729579,2.711996,2.72272,2.680971,111016634
2011-03-03,2.741509,2.773983,2.679595,2.687711,2.646506,105733912
2011-03-04,2.723111,2.734389,2.648279,2.703322,2.661885,110819826
2011-03-07,2.663366,2.756658,2.650738,2.731886,2.690033,199768953
2011-03-08,2.73787,2.859424,2.736607,2.815361,2.772236,149937909
2011-03-09,2.824259,2.857798,2.786246,2.796006,2.753186,131866400
2011-03-10,2.776817,2.832143,2.768867,2.801081,2.758191,123952391
2011-03-11,2.810121,2.891751,2.79023,2.854148,2.810453,158788644
2011-03-14,2.873752,2.933829,2.832614,2.93211,2.887245,162383560
2011-03-15,2.927463,2.939376,2.87895,2.929595,2.884776,104180501
2011-03-16,2.904743,2.964606,2.888666,2.906705,2.862244,82754793
2011-03-17,2.87746,2.899595,2.843091,2.845835,2.802313,131407271
2011-03-18,2.857304,2.890784,2.810469,2.826089,2.782876,86358025
2011-03-21,2.828748,2.84013,2.800532,2.815872,2.772838,81955972
2011-03-22,2.836466,2.857023,2.819548,2.842052,2.798626,146002832
2011-03-23,2.867136,2.916131,2.860333,2.891289,2.847119,128066239
2011-03-24,2.899669,2.91498,2.857734,2.908302,2.863879,151045962
2011-03-25,2.897901,2.950503,2.802216,2.825324,2.782177,113611212
2011-03-28,2.812185,2.85704,2.794524,2.832186,2.788957,106587887
2011-03-29,2.842574,2.910049,2.829807,2.881847,2.837868,97443313
2011-03-30,2.876094,2.895693,2.82793,2.891625,2.847504,57118121
2011-03-31,2.899468,2.927655,2.776661,2.793629,2.751011,91143714
2011-04-01,2.808565,2.825305,2.786536,2.798209,2.755528,118113608
2011-04-04,2.808984,2.831308,2.707885,2.727512,2.685932,139578472
2011-04-05,2.704411,2.727503,2.671941,2.726155,2.684603,58560690
2011-04-06,2.709419,2.769349,2.705634,2.723898,2.682388,87055792
2011-04-07,2.688981,2.696756,2.633129,2.660243,2.61971,95192497
2011-04-08,2.607355,2.671236,2.587326,2.66806,2.627415,118576449
2011-04-11,2.70285,2.730693,2.645731,2.650971,2.610608,104847784
2011-04-12,2.652317,2.657456,2.573096,2.6036,2.563965,113973270
2011-04-13,2.601104,2.653816,2.572695,2.613963,2.574177,124002091
2011-04-14,2.590384,2.691172,2.574626,2.682097,2.641282,171757801
2011-04-15,2.67321,2.769771,2.653511,2.763529,2.721482,208094292
2011-04-18,2.743542,2.811402,2.721843,2.766746,2.724672,95068009
2011-04-19,2.748626,2.910191,2.744503,2.885373,2.841503,121203175
2011-04-20,2.925324,2.944912,2.889595,2.894586,2.850584,133423220
2011-04-21,2.924069,2.956372,2.91136,2.951672,2.90681,181754036
2011-04-25,2.961771,2.987494,2.870046,2.907895,2.863729,131685916
2011-04-26,2.902298,2.922672,2.875447,2.879883,2.836151,171996794
2011-04-27,2.887201,2.965568,2.872556,2.958732,2.91381,112549478
2011-04-28,2.920667,2.96868,2.880411,2.965717,2.920697,104558991
2011-04-29,2.960635,2.988115,2.849273,2.853984,2.810668,121348483
2011-05-02,2.855008,2.865863,2.840243,2.864383,2.820933,85071746
2011-05-03,2.851503,2.865789,2.787961,2.806169,2.76361,117491949
2011-05-04,2.780257,2.917337,2.764625,2.884872,2.841126,78945685
2011-05-05,2.848636,2.934361,2.805604,2.926749,2.882376,121300462
2011-05-06,2.936357,3.000375,2.930066,2.989744,2.944424,135493414
2011-05-09,2.989,3.021121,2.982466,3.006879,2.961324,96359145
2011-05-10,3.022755,3.112879,3.018172,3.038017,2.991999,124649428
2011-05-11,2.997153,3.117301,2.984143,3.104987,3.057962,82621893
2011-05-12,3.097793,3.160227,3.089572,3.11252,3.06539,104822210
2011-05-13,3.151004,3.158037,3.124565,3.125982,3.078656,129526632
2011-05-16,3.145586,3.14888,3.106902,3.131267,3.083887,100515241
2011-05-17,3.138641,3.281255,3.132797,3.233955,3.185029,130056380
2011-05-18,3.217799,3.273142,3.166165,3.178503,3.130424,67250697
2011-05-19,3.129454,3.235234,3.119637,3.223067,3.174323,125532306
2011-05-20,3.228423,3.262767,3.202711,3.251739,3.202571,191324337
2011-05-23,3.2486,3.293567,3.196523,3.232325,3.183477,79020536
2011-05-24,3.206227,3.208343,3.068032,3.13297,3.085631,140055224
2011-05-25,3.108232,3.120284,3.059716,3.084595,3.037996,130707982
2011-05-26,3.069491,3.110157,2.990159,3.019636,2.974026,112449955
2011-05-27,3.004029,3.086999,2.957584,3.080658,3.034135,105632980
2011-05-31,3.069486,3.153357,3.044141,3.112948,3.065971,103678531
2011-06-01,3.101681,3.243378,3.06011,3.185771,3.137703,135631010
2011-06-02,3.19231,3.307015,3.166582,3.285056,3.235499,123610134
2011-06-03,3.240345,3.339992,3.223347,3.288073,3.238479,119547288
2011-06-06,3.284001,3.432011,3.267222,3.37724,3.326329,163110470
2011-06-07,3.366263,3.400578,3.342228,3.393009,3.341869,144042105
2011-06-08,3.374203,3.397186,3.309715,3.332283,3.282067,125279098
2011-06-09,3.331753,3.38079,3.273044,3.374006,3.32317,148645190
2011-06-10,3.35149,3.403263,3.32175,3.330375,3.280206,76597039
2011-06-13,3.336829,3.346787,3.252187,3.264977,3.21582,118131636
2011-06-14,3.263853,3.301442,3.225402,3.292025,3.242469,104811249
2011-06-15,3.24098,3.321744,3.217418,3.266048,3.216892,80413243
2011-06-16,3.23137,3.275398,3.183769,3.267462,3.218294,84955461
2011-06-17,3.289416,3.311523,3.283486,3.28859,3.239113,223622003
2011-06-20,3.265603,3.277687,3.214765,3.270046,3.220874,103430765
2011-06-21,3.248029,3.257239,3.24023,3.25319,3.20428,136353291
2011-06-22,3.231507,3.340036,3.206717,3.330035,3.279979,116587175
2011-06-23,3.341099,3.370973,3.263485,3.284829,3.235462,71332842
2011-06-24,3.313018,3.314626,3.234086,3.247253,3.198459,128808485
2011-06-27,3.249795,3.265135,3.208574,3.212802,3.164552,122279075
2011-06-28,3.228154,3.293173,3.220353,3.29018,3.240776,150768279
2011-06-29,3.266659,3.373998,3.257109,3.365716,3.315187,67695445
2011-06-30,3.344181,3.442233,3.26953,3.43937,3.387744,110331167
2011-07-01,3.429362,3.450134,3.371613,3.415549,3.364291,117351951
2011-07-05,3.417097,3.439726,3.307122,3.321322,3.271513,60203492
2011-07-06,3.344275,3.35088,3.226198,3.252574,3.203805,162134181
2011-07-07,3.257575,3.331193,3.23775,3.310666,3.261035,123432974
2011-07-08,3.318733,3.332982,3.314916,3.321919,3.272128,99380550
2011-07-11,3.322422,3.386812,3.282204,3.374622,3.324069,101982762
2011-07-12,3.399492,3.426655,3.338762,3.365583,3.315174,95717572
2011-07-13,3.356758,3.455276,3.332566,3.445505,3.393909,120685236
2011-07-14,3.44395,3.467142,3.431146,3.452679,3.400984,125533189
2011-07-15,3.460684,3.566358,3.407175,3.532356,3.479478,129983533
2011-07-18,3.48786,3.535599,3.470812,3.513518,3.460951,111231904
2011-07-19,3.581947,3.659163,3.514122,3.547378,3.494314,67971340
2011-07-20,3.551957,3.588483,3.523356,3.573209,3.519767,127932327
2011-07-21,3.592324,3.722177,3.564771,3.686128,3.631007,156447144
2011-07-22,3.678495,3.695347,3.654435,3.665089,3.610293,89742193
2011-07-25,3.643997,3.657579,3.527545,3.542436,3.489502,193903773
2011-07-26,3.536532,3.581299,3.526782,3.575956,3.522531,95896339
2011-07-27,3.59466,3.603968,3.513286,3.522088,3.469477,64264410
2011-07-28,3.5034,3.65506,3.496489,3.599046,3.545296,102303436
2011-07-29,3.581211,3.769018,3.57427,3.758502,3.70238,103707325
2011-08-01,3.778413,3.786414,3.761294,3.777617,3.721241,133962525
2011-08-02,3.780133,3.802846,3.621946,3.687581,3.632559,157337495
2011-08-03,3.739305,3.764016,3.578429,3.600577,3.546862,152769236
2011-08-04,3.596232,3.694252,3.570669,3.675734,3.620908,176345971
2011-08-05,3.719642,3.736432,3.638398,3.679855,3.624978,149410357
2011-08-08,3.723195,3.727545,3.663502,3.683684,3.628779,64169285
2011-08-09,3.739272,3.756707,3.707758,3.737366,3.681671,124860424
2011-08-10,3.723488,3.759515,3.689428,3.73155,3.675951,67474598
2011-08-11,3.743935,3.877073,3.737279,3.861201,3.803682,135333643
2011-08-12,3.845872,3.962493,3.832846,3.93217,3.873604,190583106
2011-08-15,3.926441,4.020999,3.912793,4.011092,3.951383,144112187
2011-08-16,4.021181,4.072772,3.991336,3.994872,3.935415,79671677
2011-08-17,4.002761,4.145638,3.955824,4.086509,4.025699,137198243
2011-08-18,4.122561,4.179891,4.098179,4.102869,4.041827,124828312
2011-08-19,4.114342,4.189866,4.109404,4.14765,4.085953,170697536
2011-08-22,4.156866,4.218696,4.147234,4.209945,4.147355,112377413
2011-08-23,4.208715,4.26584,4.038467,4.052928,3.992683,148977099
2011-08-24,4.046339,4.221124,4.019226,4.190877,4.128593,86756482
2011-08-25,4.194822,4.298808,4.182838,4.282358,4.218726,155123064
2011-08-26,4.250796,4.352198,4.206433,4.324545,4.260298,86206700
2011-08-29,4.383246,4.392627,4.183267,4.279283,4.215744,89970183
2011-08-30,4.303236,4.340601,4.130339,4.135661,4.074265,88820214
2011-08-31,4.176931,4.26961,4.172441,4.180865,4.118809,139138141
2011-09-01,4.146075,4.204454,4.128421,4.158009,4.096303,75658228
2011-09-02,4.172532,4.326389,4.151132,4.311147,4.247181,140891643
2011-09-06,4.290167,4.318995,4.184614,4.258847,4.195702,154446453
2011-09-07,4.257127,4.272573,4.150425,4.181531,4.119544,111485651
2011-09-08,4.160976,4.281074,4.15111,4.250532,4.187533,87432314
2011-09-09,4.25639,4.270613,4.139851,4.168069,4.106304,117944247
2011-09-12,4.174821,4.187995,4.039425,4.146947,4.085529,126720971
2011-09-13,4.155836,4.171096,4.120468,4.143729,4.082369,180282529
2011-09-14,4.162558,4.217919,4.103738,4.139263,4.07798,77592562
2011-09-15,4.141911,4.261159,4.116249,4.211242,4.148905,130134709
2011-09-16,4.169171,4.172034,4.116734,4.118875,4.057917,94204647
2011-09-19,4.140012,4.195194,4.077686,4.16008,4.098545,100609610
2011-09-20,4.152291,4.172814,4.139976,4.15095,4.089562,204510762
2011-09-21,4.136437,4.176568,3.993021,4.00279,3.943604,93147467
2011-09-22,4.031046,4.039822,3.942804,3.96529,3.906669,101868327
2011-09-23,3.966085,4.069583,3.92603,4.027388,3.967859,89051664
2011-09-26,4.02908,4.033703,3.906268,4.005137,3.94597,131559976
2011-09-27,4.016792,4.116154,3.947893,4.030145,3.97062,150274082
2011-09-28,4.011845,4.116169,3.990115,4.079519,4.019275,126723430
2011-09-29,4.065991,4.092963,3.823585,3.875839,3.818613,97633250
2011-09-30,3.85371,3.889379,3.781293,3.83404,3.777442,110587561
2011-10-03,3.807207,3.871266,3.768885,3.862504,3.805517,109550060
2011-10-04,3.839862,3.864438,3.825605,3.862561,3.805584,119822880
2011-10-05,3.852659,3.87222,3.795636,3.802589,3.746507,72355176
2011-10-06,3.822713,3.838872,3.77353,3.828657,3.772201,164370967
2011-10-07,3.826562,3.865587,3.806731,3.862377,3.805434,140623267
2011-10-10,3.930322,3.971906,3.764357,3.801009,3.745002,236571253
2011-10-11,3.763425,3.791722,3.638921,3.654656,3.600815,214530777
2011-10-12,3.716865,3.78913,3.465748,3.495286,3.443802,64906628
2011-10-13,3.538841,3.66694,3.519397,3.619061,3.565764,119285077
2011-10-14,3.590486,3.625973,3.500851,3.557957,3.505568,91534694
2011-10-17,3.593211,3.675202,3.56951,3.634919,3.581428,86057516
2011-10-18,3.597881,3.649228,3.573053,3.576635,3.524011,99338901
2011-10-19,3.539247,3.641451,3.517786,3.601053,3.548079,151796994
2011-10-20,3.576841,3.630468,3.477781,3.510324,3.458694,131098630
2011-10-21,3.569435,3.646574,3.399898,3.472926,3.421855,118939728
2011-10-24,3.45976,3.477788,3.393794,3.402872,3.352859,222574966
2011-10-25,3.385116,3.432051,3.352769,3.391826,3.341985,114464179
2011-10-26,3.364555,3.438326,3.320858,3.399461,3.349517,83304640
2011-10-27,3.407829,3.595514,3.404821,3.573963,3.521464,150643647
2011-10-28,3.592706,3.610863,3.497182,3.506961,3.455457,95947290
2011-10-31,3.509417,3.603612,3.503428,3.547445,3.495375,157431412
2011-11-01,3.541493,3.55269,3.507497,3.53224,3.480402,148129590
2011-11-02,3.581028,3.601898,3.380672,3.467834,3.416951,148995211
2011-11-03,3.499153,3.54976,3.461652,3.515495,3.463921,222077395
2011-11-04,3.532479,3.58481,3.521905,3.578413,3.525926,211786053
2011-11-07,3.605552,3.643617,3.554778,3.563381,3.511144,182754734
2011-11-08,3.560398,3.63125,3.515142,3.595075,3.542383,126635121
2011-11-09,3.585304,3.671502,3.521801,3.650921,3.59742,74570534
2011-11-10,3.637205,3.655878,3.518353,3.542747,3.490841,107089735
2011-11-11,3.52789,3.632844,3.511126,3.607456,3.554611,130513068
2011-11-14,3.658162,3.672628,3.583134,3.589248,3.536699,142593566
2011-11-15,3.624823,3.642903,3.554579,3.572184,3.519895,111883045
2011-11-16,3.620401,3.64225,3.479192,3.493652,3.442522,225327885
2011-11-17,3.478051,3.491986,3.444741,3.463567,3.412886,87664894
2011-11-18,3.496014,3.541346,3.478799,3.53231,3.480633,132010370
2011-11-21,3.545811,3.633452,3.448955,3.476992,3.426152,99211101
2011-11-22,3.515923,3.592532,3.499996,3.540309,3.488554,57798588
2011-11-23,3.5753,3.58642,3.518294,3.540719,3.488966,124558731
2011-11-25,3.534001,3.53589,3.516751,3.530426,3.478843,113878104
2011-11-28,3.568973,3.579936,3.54903,3.557069,3.505126,93653484
2011-11-29,3.564725,3.663421,3.475616,3.626713,3.573763,165090318
2011-11-30,3.647377,3.697074,3.620531,3.695533,3.641587,95873211
2011-12-01,3.680169,3.779063,3.622457,3.775376,3.720275,99775734
2011-12-02,3.77958,3.785966,3.708387,3.757718,3.702885,129491246
2011-12-05,3.767235,3.836163,3.757593,3.786303,3.731084,97833009
2011-12-06,3.812145,3.818063,3.716819,3.760107,3.70528,139528882
2011-12-07,3.793499,3.846834,3.78291,3.78926,3.734018,183389633
2011-12-08,3.752695,3.922663,3.742227,3.888539,3.83186,96192222
2011-12-09,3.870631,3.948121,3.833949,3.94427,3.88679,110222729
2011-12-12,3.960651,3.964252,3.944858,3.94905,3.891532,70626354
2011-12-13,3.909173,3.944505,3.859132,3.930133,3.872901,147638240
2011-12-14,3.880346,3.932823,3.795737,3.91619,3.859172,68061912
2011-12-15,3.925909,3.984834,3.771493,3.81769,3.762116,61545969
2011-12-16,3.792769,3.810622,3.655196,3.686203,3.632553,121205157
2011-12-19,3.656635,3.687841,3.613596,3.622646,3.56995,128674056
2011-12-20,3.599472,3.696601,3.559929,3.693035,3.639326,108893495
2011-12-21,3.734671,3.818878,3.717211,3.792285,3.737143,155229049
2011-12-22,3.775736,3.914108,3.72763,3.885269,3.828785,85941870
2011-12-23,3.895924,3.921889,3.890955,3.904309,3.847559,79425878
2011-12-27,3.891908,4.087544,3.868418,4.040396,3.981711,146425615
2011-12-28,4.05977,4.073469,3.904308,3.952074,3.894682,140106084
2011-12-29,3.970924,4.038797,3.951452,4.019023,3.960671,161081608
2011-12-30,4.025078,4.065437,3.994482,4.034466,3.9759,134701592
2012-01-03,4.00573,4.032317,3.944779,3.989216,3.93135,100676903
2012-01-04,3.988949,4.161872,3.946501,4.087279,4.028001,181300341
2012-01-05,4.063274,4.104107,4.05094,4.100649,4.041189,104796109
2012-01-06,4.151613,4.184452,4.042597,4.055741,3.996942,75554467
2012-01-09,4.046306,4.066813,4.011081,4.044304,3.985704,236999245
2012-01-10,4.046619,4.094364,4.027404,4.065882,4.00698,84437999
2012-01-11,4.040277,4.055001,3.990356,4.00562,3.947602,198326745
2012-01-12,4.022479,4.133717,3.987811,4.093814,4.034529,162256105
2012-01-13,4.06594,4.080967,3.86714,3.926367,3.869518,199394593
2012-01-17,3.948635,3.991224,3.921525,3.962819,3.905486,173987488
2012-01-18,3.947071,4.048108,3.887105,4.043678,3.985185,118732462
2012-01-19,4.044791,4.163515,4.006611,4.130798,4.071057,121624229
2012-01-20,4.116964,4.311821,4.105366,4.288787,4.226772,125835263
2012-01-23,4.241468,4.407516,4.221116,4.352803,4.289897,153053981
2012-01-24,4.376694,4.428619,4.195846,4.247601,4.186227,119826140
2012-01-25,4.244389,4.286368,4.238754,4.268698,4.207031,182620429
2012-01-26,4.256726,4.34438,4.231506,4.242114,4.180843,103750065
2012-01-27,4.277011,4.390033,4.258015,4.340491,4.27781,101283427
2012-01-30,4.306908,4.438633,4.304755,4.350685,4.287892,105406687
2012-01-31,4.340609,4.404001,4.313822,4.323376,4.260989,83482805
2012-02-01,4.306883,4.338361,4.143664,4.162239,4.102188,168745803
2012-02-02,4.170102,4.173226,4.118855,4.153944,4.094025,92812570
2012-02-03,4.169497,4.204666,4.072242,4.144533,4.08476,109524970
2012-02-06,4.07594,4.179477,4.058745,4.176084,4.11589,128214523
2012-02-07,4.178431,4.223412,4.146002,4.147891,4.088114,121211342
2012-02-08,4.107944,4.148371,4.073642,4.130387,4.070875,223743168
2012-02-09,4.129768,4.255495,4.123392,4.221519,4.160705,172750473
2012-02-10,4.206504,4.3236,4.173983,4.256219,4.194916,111246229
2012-02-13,4.24477,4.251472,4.177306,4.182591,4.122383,142601654
2012-02-14,4.147256,4.161676,4.133216,4.143938,4.084297,128930838
2012-02-15,4.081916,4.098871,4.045584,4.092304,4.033417,126551795
2012-02-16,4.1531,4.272956,4.107988,4.254866,4.193651,278294798
2012-02-17,4.252842,4.342971,4.21838,4.310314,4.248313,87224036
2012-02-21,4.307142,4.351379,4.248949,4.27317,4.21175,140721870
2012-02-22,4.269056,4.281432,4.107826,4.137771,4.078309,241362744
2012-02-23,4.121634,4.179095,4.056967,4.176164,4.116161,94632791
2012-02-24,4.164054,4.354848,4.152447,4.260898,4.199689,147739692
2012-02-27,4.225252,4.270978,4.095203,4.134741,4.075378,104641251
2012-02-28,4.103013,4.116816,3.926112,3.955965,3.899179,124920283
2012-02-29,3.937398,4.124904,3.920181,4.040585,3.982595,103801785
2012-03-01,4.077412,4.151763,4.034886,4.0552,3.997011,143338320
2012-03-02,4.040677,4.17371,4.036856,4.151814,4.09225,75121174
2012-03-05,4.163748,4.196374,4.120434,4.139788,4.08043,117824216
2012-03-06,4.187575,4.195933,4.16453,4.184121,4.124139,79934393
2012-03-07,4.210984,4.287459,4.114842,4.152913,4.093389,137357567
2012-03-08,4.169895,4.23375,4.129439,4.139568,4.080247,297521683
2012-03-09,4.116362,4.123964,4.046322,4.086316,4.027769,187283696
2012-03-12,4.101848,4.131928,4.09926,4.12983,4.070693,92549485
2012-03-13,4.137745,4.214452,4.097332,4.169734,4.110037,79973359
2012-03-14,4.181306,4.193831,4.146621,4.173183,4.113448,135855281
2012-03-15,4.168912,4.23834,4.144277,4.230228,4.169687,156250927
2012-03-16,4.20282,4.228747,4.179963,4.219008,4.15864,67561417
2012-03-19,4.198454,4.383015,4.179679,4.343505,4.281391,86833597
2012-03-20,4.353604,4.379018,4.258303,4.294931,4.233523,103152295
2012-03-21,4.262528,4.377549,4.157441,4.327455,4.265593,78809965
2012-03-22,4.311948,4.335173,4.267724,4.269501,4.208479,78936639
2012-03-23,4.264977,4.311115,4.194826,4.267277,4.206299,206598978
2012-03-26,4.24191,4.290779,4.218514,4.274834,4.213782,171354399
2012-03-27,4.246531,4.345531,4.218403,4.313339,4.251749,123654541
2012-03-28,4.276696,4.463889,4.257776,4.45525,4.391645,134065910
2012-03-29,4.492312,4.546769,4.471578,4.539908,4.475107,152398109
2012-03-30,4.551517,4.578012,4.510134,4.552418,4.487451,192631990
2012-04-02,4.542219,4.577133,4.38409,4.390042,4.327427,104584313
2012-04-03,4.407817,4.503334,4.402179,4.49159,4.427539,142572477
2012-04-04,4.47727,4.511685,4.420935,4.474627,4.41083,65803894
2012-04-05,4.5121,4.572898,4.456688,4.550223,4.485361,315586975
2012-04-09,4.511913,4.788595,4.448546,4.757328,4.689565,121309660
2012-04-10,4.78598,4.976361,4.748087,4.893138,4.823453,71655913
2012-04-11,4.868858,4.946043,4.83649,4.912678,4.842729,110189476
2012-04-12,4.909938,5.027947,4.851024,4.973005,4.90221,183253228
2012-04-13,5.019824,5.047238,4.972582,5.042716,4.970942,126861420
2012-04-16,5.006267,5.012973,4.851364,4.927377,4.857284,133709500
2012-04-17,4.916539,4.955661,4.827258,4.907324,4.837531,80542688
2012-04-18,4.821946,4.846713,4.707606,4.762833,4.695107,203830466
2012-04-19,4.735871,4.850023,4.692061,4.735895,4.668565,95246401
2012-04-20,4.737031,4.820292,4.694154,4.812776,4.744366,156909764
2012-04-23,4.841999,4.897397,4.787762,4.813057,4.744682,144792082
2012-04-24,4.830329,4.858481,4.589045,4.692206,4.62556,112727085
2012-04-25,4.710109,4.734559,4.658824,4.669886,4.60357,91508911
2012-04-26,4.673474,4.697124,4.519697,4.548054,4.483481,76833982
2012-04-27,4.475392,4.660038,4.471194,4.649499,4.583498,109498438
2012-04-30,4.644972,4.812533,4.614574,4.783854,4.715985,167244546
2012-05-01,4.779513,4.997771,4.640381,4.940234,4.870159,135576570
2012-05-02,4.941726,4.995408,4.79594,4.896387,4.826947,81889277
2012-05-03,4.869439,4.917445,4.776897,4.822368,4.753991,108990068
2012-05-04,4.860892,5.040485,4.858258,4.995784,4.924961,228653344
2012-05-07,4.958592,4.999198,4.903221,4.905595,4.836091,110285080
2012-05-08,4.885343,4.892833,4.812872,4.870631,4.801636,126289875
2012-05-09,4.886284,4.90869,4.858359,4.876281,4.807219,104418746
2012-05-10,4.863142,4.885886,4.657215,4.680218,4.613945,129089963
2012-05-11,4.660578,4.716357,4.48277,4.532532,4.468363,135340840
2012-05-14,4.522935,4.760795,4.514922,4.727683,4.660789,175049931
2012-05-15,4.720055,4.808715,4.687975,4.772627,4.70511,205460526
2012-05-16,4.749819,4.867865,4.743516,4.843791,4.775281,91451594
2012-05-17,4.872266,4.916339,4.818384,4.837749,4.769336,87809502
2012-05-18,4.786154,4.882913,4.751954,4.862019,4.793276,130602536
2012-05-21,4.778903,4.894622,4.692164,4.847236,4.778742,104406389
2012-05-22,4.852067,4.863168,4.785278,4.818017,4.749948,167825459
2012-05-23,4.774763,4.905597,4.715721,4.856536,4.787936,113940251
2012-05-24,4.820202,4.881521,4.806093,4.838725,4.77039,97578433
2012-05-25,4.846423,4.938292,4.78823,4.928304,4.858718,210724783
2012-05-29,4.897594,5.018939,4.858765,4.961518,4.891517,77068364
2012-05-30,4.985338,5.0405,4.94381,5.024518,4.953641,133611545
2012-05-31,5.045328,5.055707,4.967026,4.980175,4.909936,135879649
2012-06-01,5.012593,5.190245,4.914276,5.079168,5.007548,136707764
2012-06-04,5.084747,5.18327,5.063487,5.105263,5.033316,81233747
2012-06-05,5.1169,5.227751,5.106163,5.172873,5.099987,102899476
2012-06-06,5.144229,5.157828,5.094153,5.112864,5.040838,169167029
2012-06-07,5.1223,5.177788,5.081321,5.133503,5.061199,54016857
2012-06-08,5.094962,5.201167,5.015501,5.175262,5.102384,142049627
2012-06-11,5.177646,5.289488,5.063434,5.239206,5.16547,107325525
2012-06-12,5.279428,5.301739,5.133649,5.159509,5.086909,106212543
2012-06-13,5.151447,5.236716,5.059928,5.062807,4.991581,115844302
2012-06-14,5.062176,5.096277,4.890816,4.954223,4.884538,150485115
2012-06-15,4.956752,4.974209,4.907728,4.916498,4.847357,93983780
2012-06-18,4.931628,5.081681,4.861249,5.047426,4.976484,163316848
2012-06-19,5.043444,5.051173,4.722083,4.755852,4.689022,297744244
2012-06-20,4.789696,4.813391,4.785943,4.790432,4.723128,121985761
2012-06-21,4.82954,4.929852,4.80985,4.909934,4.840965,106570390
2012-06-22,4.882504,4.96734,4.823339,4.950184,4.880662,124310613
2012-06-25,4.94921,4.966508,4.845876,4.904753,4.835909,216441682
2012-06-26,4.902976,4.955978,4.874047,4.944136,4.874753,96348804
2012-06-27,4.901473,5.151697,4.839075,5.057559,4.986598,124010691
2012-06-28,5.124032,5.200464,5.019431,5.035066,4.964434,89060278
2012-06-29,5.064317,5.088427,4.909207,5.009003,4.93875,114883302
2012-07-02,5.026714,5.118095,4.994697,5.05298,4.982152,67267536
2012-07-03,5.018933,5.079311,4.935288,4.986035,4.916158,112598833
2012-07-05,4.949923,5.063582,4.94599,4.98616,4.916308,91889500
2012-07-06,4.927986,5.139954,4.839561,5.129441,5.057596,78307721
2012-07-09,5.158337,5.314494,5.003628,5.02329,4.952972,58694695
2012-07-10,5.034724,5.609649,4.915637,5.282168,5.208241,147582430
2012-07-11,5.214,5.37551,5.191851,5.319065,5.244635,72002626
2012-07-12,5.299159,5.503017,5.287134,5.390918,5.315498,137592415
2012-07-13,5.433904,5.448064,5.001484,5.118485,5.04689,141902836
2012-07-16,5.074721,5.14351,4.893338,4.922334,4.853523,120110440
2012-07-17,4.93192,5.11394,4.895295,5.039272,4.968839,128456970
2012-07-18,5.043259,5.082801,4.895122,4.911509,4.842875,132981882
2012-07-19,4.886463,5.102867,4.855426,5.016844,4.946752,84553879
2012-07-20,5.131774,5.292279,5.11593,5.247208,5.173912,219757825
2012-07-23,5.35084,5.487428,5.243845,5.432349,5.35651,138422174
2012-07-24,5.375377,5.447325,5.264311,5.30717,5.233093,120803711
2012-07-25,5.252159,5.31668,5.188264,5.307228,5.233165,73340188
2012-07-26,5.22412,5.683053,5.149734,5.446396,5.370406,117641607
2012-07-27,5.45295,5.502874,5.212078,5.239694,5.166602,138251743
2012-07-30,5.213371,5.364611,5.139112,5.265305,5.191898,179632268
2012-07-31,5.270925,5.412597,5.227717,5.410292,5.334878,116868735
2012-08-01,5.406179,5.780891,5.381362,5.641803,5.563177,85296767
2012-08-02,5.579195,5.606565,5.346573,5.400786,5.325534,110021308
2012-08-03,5.446851,5.544972,5.415071,5.437698,5.361947,120240174
2012-08-06,5.50625,5.553405,5.296814,5.453706,5.377775,150394974
2012-08-07,5.470688,5.588509,5.461906,5.480564,5.404274,87376677
2012-08-08,5.436804,5.484317,5.318518,5.342547,5.268193,181143363
2012-08-09,5.347376,5.615554,5.194218,5.548046,5.470847,120635925
2012-08-10,5.486798,5.535894,5.455334,5.482353,5.406083,101737702
2012-08-13,5.405395,5.44272,5.127748,5.142303,5.070805,143509258
2012-08-14,5.035067,5.053326,4.821896,4.97338,4.904244,81000800
2012-08-15,5.036412,5.043508,4.847924,4.882234,4.814379,88727810
2012-08-16,4.97204,4.999363,4.860689,4.984727,4.91546,168264924
2012-08-17,4.925163,5.172815,4.887368,5.128085,5.056841,98929078
2012-08-20,5.176124,5.3348,4.910792,4.920078,4.851763,143267796
2012-08-21,4.983208,5.047581,4.862523,4.879461,4.811724,124429543
2012-08-22,4.910052,5.056038,4.670696,4.761231,4.695147,143455434
2012-08-23,4.775291,4.788625,4.585759,4.615017,4.550975,176467337
2012-08-24,4.619269,4.642443,4.4408,4.445243,4.383569,80769838
2012-08-27,4.354381,4.663258,4.302782,4.582679,4.519135,210587000
2012-08-28,4.553608,4.607622,4.523611,4.604448,4.540615,127884809
2012-08-29,4.563295,4.766147,4.523171,4.690351,4.62534,67792670
2012-08-30,4.686657,4.7711,4.596174,4.763309,4.697299,68432811
2012-08-31,4.8215,4.86237,4.69871,4.744057,4.678327,172992120
2012-09-04,4.684158,4.723623,4.574846,4.608587,4.544784,99337573
2012-09-05,4.589349,4.63693,4.442017,4.48053,4.418512,131371676
2012-09-06,4.477894,4.693917,4.445499,4.675042,4.610344,155499643
2012-09-07,4.683176,4.723344,4.583168,4.629124,4.565074,93101246
2012-09-10,4.652729,4.888393,4.620666,4.87675,4.809313,80505444
2012-09-11,4.870242,5.059274,4.838759,4.925512,4.857414,69403641
2012-09-12,4.913462,5.262154,4.883053,5.204371,5.132432,171745570
2012-09-13,5.227925,5.302671,5.096065,5.135691,5.064715,145309093
2012-09-14,5.135462,5.221967,4.988158,5.099761,5.029295,85027702
2012-09-17,5.141309,5.171961,4.943029,5.069252,4.999249,122679794
2012-09-18,5.122862,5.217825,4.948601,4.97931,4.910563,169614802
2012-09-19,5.008184,5.046644,4.823441,4.906283,4.838557,108589770
2012-09-20,4.941115,4.981841,4.690383,4.832605,4.76591,138604235
2012-09-21,4.817265,4.981665,4.771902,4.947812,4.87954,66413476
2012-09-24,5.004807,5.343518,4.939331,5.281292,5.208461,108583802
2012-09-25,5.328156,5.381123,5.194261,5.207979,5.136173,174419460
2012-09-26,5.225558,5.236846,4.839661,4.915037,4.847283,126415599
2012-09-27,4.960024,4.992402,4.675097,4.748086,4.682646,139776578
2012-09-28,4.71777,5.009607,4.713178,4.909851,4.842196,97528261
2012-10-01,4.931436,4.975127,4.736363,4.767083,4.701433,247145158
2012-10-02,4.822816,4.857715,4.572856,4.606263,4.542841,167563323
2012-10-03,4.516516,4.644664,4.477812,4.605443,4.542044,116793095
2012-10-04,4.618297,4.716042,4.57524,4.700731,4.636033,153806810
2012-10-05,4.673024,4.797823,4.641874,4.766742,4.701148,144758751
2012-10-08,4.739472,4.862282,4.657712,4.671689,4.607441,79730127
2012-10-09,4.686937,4.72707,4.606407,4.638203,4.574429,114024779
2012-10-10,4.650191,4.662041,4.316651,4.360441,4.300497,219753260
2012-10-11,4.315595,4.484795,4.224858,4.416705,4.355999,156392272
2012-10-12,4.412718,4.443622,4.325914,4.333097,4.273552,122663955
2012-10-15,4.350969,4.501297,4.328323,4.44846,4.387366,80279970
2012-10-16,4.513174,4.578428,4.311316,4.422166,4.361445,95078556
2012-10-17,4.374348,4.405927,4.344304,4.370387,4.310389,90587838
2012-10-18,4.376276,4.379979,4.252574,4.317503,4.258243,166000456
2012-10-19,4.333934,4.370926,4.182035,4.184686,4.12726,114010640
2012-10-22,4.182142,4.255953,4.145501,4.174153,4.116906,92206430
2012-10-23,4.244417,4.328487,4.152788,4.222239,4.164344,82990775
2012-10-24,4.127302,4.26204,4.049307,4.249612,4.191353,114757484
2012-10-25,4.24987,4.363532,4.220316,4.310541,4.251458,118917537
2012-10-26,4.271998,4.460512,4.240658,4.425304,4.36466,112731196
2012-10-29,4.456074,4.476234,4.298303,4.345799,4.286279,92445979
2012-10-30,4.351602,4.386827,4.202936,4.204901,4.147322,119245790
2012-10-31,4.232971,4.337964,4.025327,4.09184,4.035821,121183160
2012-11-01,4.054906,4.175802,4.003075,4.147641,4.090869,145303980
2012-11-02,4.103804,4.14986,4.051058,4.094697,4.03866,123405243
2012-11-05,4.099586,4.122372,4.042065,4.051823,3.996406,121994367
2012-11-06,4.071435,4.087605,3.890479,3.961007,3.906843,140077878
2012-11-07,3.966663,3.98772,3.936838,3.950959,3.896943,138910298
2012-11-08,3.984902,3.988301,3.816623,3.894462,3.841229,114206578
2012-11-09,3.879068,3.925132,3.714969,3.725601,3.674686,122565216
2012-11-12,3.721355,3.741569,3.614493,3.633611,3.583983,158791829
2012-11-13,3.624875,3.659958,3.509277,3.604795,3.55557,130132551
2012-11-14,3.603921,3.66834,3.549196,3.616632,3.567255,99875843
2012-11-15,3.598322,3.660791,3.540849,3.656001,3.606096,100491927
2012-11-16,3.665781,3.715287,3.664156,3.711933,3.661275,94746158
2012-11-19,3.65771,3.755761,3.612145,3.736771,3.685804,125640053
2012-11-20,3.722295,3.848743,3.715976,3.839364,3.787009,167753096
2012-11-21,3.843908,3.887832,3.832587,3.860587,3.807953,141542140
2012-11-23,3.83318,3.889826,3.812671,3.852645,3.80014,104148602
2012-11-26,3.862773,3.866811,3.767232,3.775586,3.724161,99073867
2012-11-27,3.730407,3.791304,3.720949,3.737361,3.686467,155912217
2012-11-28,3.711898,3.749815,3.682814,3.729666,3.678887,63381069
2012-11-29,3.708449,3.7704,3.672995,3.760181,3.708997,54315032
2012-11-30,3.728028,3.839677,3.725838,3.772404,3.721063,83676260
2012-12-03,3.708748,3.763217,3.692308,3.713264,3.662759,93710954
2012-12-04,3.697308,3.909978,3.648851,3.852466,3.800078,178584641
2012-12-05,3.829783,3.995421,3.791548,3.946271,3.892618,150449751
2012-12-06,3.939633,3.963447,3.767236,3.770517,3.719264,120051822
2012-12-07,3.797998,3.856554,3.72004,3.77373,3.722443,146225938
2012-12-10,3.790891,3.96892,3.743789,3.941374,3.88784,109601585
2012-12-11,3.93213,4.026374,3.876228,3.918806,3.86559,176487426
2012-12-12,3.952632,3.984119,3.947877,3.952255,3.898595,97467947
2012-12-13,3.944129,3.984512,3.927222,3.972984,3.919053,101183681
2012-12-14,3.944392,4.050162,3.93452,4.030725,3.976022,117023271
2012-12-17,3.996674,4.063344,3.992424,4.048982,3.994063,166461348
2012-12-18,4.036824,4.041149,3.701651,3.737459,3.686776,86859954
2012-12-19,3.682744,3.82267,3.622607,3.770885,3.719759,134958617
2012-12-20,3.790402,4.006424,3.782655,3.977145,3.923233,140207256
2012-12-21,3.991497,4.060256,3.979788,4.050862,3.995962,119701760
2012-12-24,4.062888,4.113624,4.01366,4.108343,4.052697,93290978
2012-12-26,4.094377,4.17154,3.993243,4.038721,3.984039,126414480
2012-12-27,4.04295,4.064788,3.792119,3.818223,3.766537,145157282
2012-12-28,3.824028,3.898208,3.751969,3.808656,3.75711,89338328
2012-12-31,3.826886,3.834065,3.656611,3.734333,3.683824,133381629
2013-01-02,3.742671,3.825471,3.717704,3.787313,3.736108,178169520
2013-01-03,3.84589,3.878165,3.471761,3.608133,3.559359,162942957
2013-01-04,3.637019,3.716536,3.614155,3.711028,3.660874,172609125
2013-01-07,3.691941,3.846134,3.582006,3.831894,3.780137,156410295
2013-01-08,3.8041,3.89474,3.789453,3.835886,3.784085,100704117
2013-01-09,3.879691,3.932875,3.485586,3.594093,3.545567,99295698
2013-01-10,3.553973,3.584635,3.453997,3.495235,3.448053,85189815
2013-01-11,3.611035,3.635898,3.276582,3.324834,3.279961,160470054
2013-01-14,3.307651,3.39188,3.267769,3.383203,3.337571,106051202
2013-01-15,3.420071,3.542852,3.405425,3.499159,3.451972,74011655
2013-01-16,3.488981,3.520684,3.465417,3.485566,3.438571,88620636
2013-01-17,3.444377,3.667807,3.376169,3.648782,3.599597,150201482
2013-01-18,3.650764,3.751543,3.487685,3.70046,3.650588,123010481
2013-01-22,3.673854,3.73313,3.629141,3.689046,3.639368,90966424
2013-01-23,3.635131,3.774992,3.527336,3.729878,3.67966,156052721
2013-01-24,3.72842,3.742489,3.492206,3.678292,3.628778,95175211
2013-01-25,3.643467,3.659278,3.580279,3.596561,3.548157,115096691
2013-01-28,3.578059,3.590428,3.393464,3.443611,3.397294,84827366
2013-01-29,3.458635,3.690216,3.419008,3.617501,3.568854,131717675
2013-01-30,3.635121,3.660338,3.470206,3.578177,3.530069,94779755
2013-01-31,3.569336,3.650594,3.486614,3.585988,3.537785,178154837
2013-02-01,3.551967,3.728916,3.484899,3.717184,3.667228,87557959
2013-02-04,3.649771,3.816214,3.595754,3.795914,3.744931,253103320
2013-02-05,3.89706,3.918812,3.75824,3.78842,3.737547,132993136
2013-02-06,3.829743,3.834499,3.74397,3.787761,3.736907,164286321
2013-02-07,3.827113,3.897697,3.817405,3.895691,3.843398,104686978
2013-02-08,3.937339,4.051194,3.924741,3.946234,3.893274,115092920
2013-02-11,3.941316,4.166646,3.896673,4.148946,4.093299,167650728
2013-02-12,4.115846,4.180359,4.113381,4.12011,4.064861,83772308
2013-02-13,4.079087,4.169204,4.005589,4.023125,3.969187,150138567
2013-02-14,4.027129,4.105502,4.01372,4.058765,4.00436,145536364
2013-02-15,4.084607,4.219123,4.013834,4.164916,4.1091,79012431
2013-02-19,4.198941,4.215631,4.035185,4.102345,4.047412,138476476
2013-02-20,4.171178,4.175986,3.962384,4.002544,3.948958,164582073
2013-02-21,4.01904,4.172499,3.96664,4.137361,4.081981,94066292
2013-02-22,4.141407,4.160189,3.95219,3.96727,3.914177,202809394
2013-02-25,3.948541,3.956064,3.787612,3.83573,3.784429,90093161
2013-02-26,3.794913,3.981043,3.775718,3.905299,3.853078,91106769
2013-02-27,3.877981,3.975229,3.870733,3.958996,3.906068,105835178
2013-02-28,3.947963,3.955971,3.873351,3.924053,3.871603,120926727
2013-03-01,3.956684,3.997754,3.874121,3.878964,3.827126,145723906
2013-03-04,3.854179,3.903822,3.845489,3.856203,3.804701,85512683
2013-03-05,3.893161,3.909436,3.767935,3.780278,3.7298,99387743
2013-03-06,3.791571,3.885884,3.782419,3.834513,3.783321,170299856
2013-03-07,3.841488,3.994014,3.808394,3.96317,3.910272,148398481
2013-03-08,3.945759,4.200881,3.889938,4.157021,4.101546,160728087
2013-03-11,4.16182,4.218158,4.080689,4.143626,4.088364,95747058
2013-03-12,4.114415,4.120403,4.010303,4.029957,3.976222,81787887
2013-03-13,4.021351,4.054181,4.017347,4.029218,3.975504,169495976
2013-03-14,3.957557,4.153108,3.94718,4.125981,4.070988,109646880
2013-03-15,4.112665,4.148171,4.092619,4.127437,4.072435,107160561
2013-03-18,4.079903,4.257191,4.018735,4.23421,4.177819,70013636
2013-03-19,4.237093,4.3481,4.192561,4.262184,4.205433,84152928
2013-03-20,4.230525,4.281469,4.075494,4.121118,4.066256,93473387
2013-03-21,4.098447,4.15624,4.057616,4.134069,4.079046,117066253
2013-03-22,4.185311,4.324334,4.155023,4.283728,4.226724,192446384
2013-03-25,4.254602,4.364257,4.203714,4.323741,4.26624,118388115
2013-03-26,4.319982,4.435245,4.268475,4.383683,4.325396,119792766
2013-03-27,4.381223,4.493545,4.338001,4.476115,4.416612,117149811
2013-03-28,4.42866,4.669753,4.36666,4.64446,4.582732,118334248
2013-04-01,4.696086,4.741011,4.670367,4.725002,4.662254,91831112
2013-04-02,4.733091,4.735269,4.610793,4.642776,4.581133,111185125
2013-04-03,4.634155,4.69666,4.610974,4.617274,4.555982,101487268
2013-04-04,4.579698,4.639862,4.568525,4.636087,4.574557,96714324
2013-04-05,4.612834,4.692955,4.610722,4.6842,4.622044,118658853
2013-04-08,4.661649,4.703794,4.445599,4.476382,4.41702,120382867
2013-04-09,4.43996,4.639317,4.389289,4.571441,4.510831,128240828
2013-04-10,4.598183,4.680112,4.565679,4.659325,4.597562,221879565
2013-04-11,4.679022,4.771534,4.671222,4.730273,4.667583,110962788
2013-04-12,4.769153,4.856461,4.713747,4.820246,4.756376,100411824
2013-04-15,4.783246,5.089789,4.772424,5.060142,4.993135,175894961
2013-04-16,5.06726,5.102549,5.028116,5.081393,5.014119,58601745
2013-04-17,5.082062,5.311627,5.061901,5.290818,5.220785,144178069
2013-04-18,5.299436,5.381042,5.219279,5.230344,5.161125,148831188
2013-04-19,5.337764,5.381451,5.269637,5.299611,5.22949,122477046
2013-04-22,5.281181,5.525022,5.223924,5.449615,5.377553,154723821
2013-04-23,5.425382,5.536927,5.382842,5.472851,5.400497,155792402
2013-04-24,5.48625,5.631408,5.43224,5.607363,5.533245,188876840
2013-04-25,5.573343,5.850809,5.545446,5.834921,5.757812,138036799
2013-04-26,5.727306,5.87042,5.690314,5.799388,5.722764,111533813
2013-04-29,5.844672,5.923577,5.737294,5.871603,5.794073,129639528
2013-04-30,5.921142,5.982939,5.826093,5.863932,5.786519,131949197
2013-05-01,5.994358,6.065865,5.972269,6.022714,5.943221,176532346
2013-05-02,6.006206,6.113266,6.003143,6.055214,5.975308,218020998
2013-05-03,6.060134,6.168456,5.951451,6.058101,5.978173,111766771
2013-05-06,6.095236,6.311521,5.857432,5.953418,5.87492,164003221
2013-05-07,5.919862,6.026642,5.859154,5.872061,5.794651,152997276
2013-05-08,5.850253,5.893118,5.605083,5.703007,5.627842,106594752
2013-05-09,5.668437,5.801693,5.57607,5.777223,5.701094,123953889
2013-05-10,5.806771,5.832025,5.625803,5.641708,5.567381,129770356
2013-05-13,5.617892,5.738833,5.542109,5.694056,5.619085,78714895
2013-05-14,5.657833,5.934203,5.6248,5.893863,5.816277,164635152
2013-05-15,5.872316,5.996966,5.820601,5.957091,5.878689,179753601
2013-05-16,5.916972,5.936138,5.892626,5.897041,5.819445,155465573
2013-05-17,5.901066,5.921197,5.880139,5.88935,5.811872,137994814
2013-05-20,5.86784,5.960082,5.854211,5.882086,5.804751,117096196
2013-05-21,5.927105,6.076243,5.840179,5.990202,5.911462,149205543
2013-05-22,6.032443,6.109701,5.709521,5.742761,5.667289,130430364
2013-05-23,5.683522,5.9756,5.628521,5.941233,5.863168,81616206
2013-05-24,5.970498,6.043908,5.950058,6.011552,5.93258,143447541
2013-05-28,6.031033,6.192227,5.716594,5.834039,5.757462,119825688
2013-05-29,5.814746,5.820257,5.716273,5.757655,5.682096,134226446
2013-05-30,5.745284,5.792915,5.726104,5.750394,5.674946,177328562
2013-05-31,5.790952,5.807369,5.637376,5.70892,5.634031,90527796
2013-06-03,5.696361,5.752334,5.57767,5.741172,5.665907,77438915
2013-06-04,5.77097,5.813518,5.718919,5.736391,5.661204,143616552
2013-06-05,5.754633,5.796636,5.704168,5.755509,5.680087,56758087
2013-06-06,5.697224,6.021799,5.674413,5.924638,5.847016,121255406
2013-06-07,5.960686,5.977765,5.70567,5.724895,5.649905,213844766
2013-06-10,5.744565,5.779124,5.514402,5.56651,5.49364,160437573
2013-06-11,5.551231,5.857515,5.50188,5.782548,5.706866,117144644
2013-06-12,5.832737,6.219128,5.811011,6.180628,6.099752,180472813
2013-06-13,6.198567,6.24582,6.173105,6.232137,6.150604,104742886
2013-06-14,6.175695,6.375635,6.157212,6.326966,6.244209,108609523
2013-06-17,6.262259,6.331635,6.203641,6.307287,6.224839,66892514
2013-06-18,6.243115,6.372105,6.20112,6.359682,6.276566,104213737
2013-06-19,6.299244,6.359208,6.094311,6.231892,6.150463,146485568
2013-06-20,6.251571,6.257581,6.168732,6.222876,6.141582,98335824
2013-06-21,6.178398,6.332093,6.107508,6.260108,6.178344,191047709
2013-06-24,6.211759,6.33903,6.093453,6.247925,6.166371,179371943
2013-06-25,6.159958,6.321608,6.117142,6.233947,6.152592,132369429
2013-06-26,6.367788,6.425547,6.353136,6.418026,6.334286,102070442
2013-06-27,6.504228,6.6206,6.44589,6.470265,6.385861,227026580
2013-06-28,6.465711,6.625903,6.443602,6.567135,6.481485,107598947
2013-07-01,6.532069,6.567006,6.527279,6.553181,6.467766,109371814
2013-07-02,6.511698,6.636498,6.460927,6.555937,6.470505,153568126
2013-07-03,6.534411,6.844327,6.469606,6.830016,6.74103,101287823
2013-07-05,6.877058,7.053535,6.790153,6.974239,6.883411,91003927
2013-07-08,6.973348,7.181454,6.959952,7.148156,7.055122,144403242
2013-07-09,7.139969,7.651878,7.110568,7.558724,7.460366,86362233
2013-07-10,7.613022,7.644033,7.576156,7.621682,7.522525,140593628
2013-07-11,7.522471,7.723214,7.415192,7.69205,7.591999,120864666
2013-07-12,7.722009,7.893271,7.57333,7.589697,7.490997,151391702
2013-07-15,7.691782,7.742827,7.586459,7.685791,7.585904,113945035
2013-07-16,7.672983,7.795225,7.639808,7.789414,7.688202,165212838
2013-07-17,7.850588,7.993915,7.609468,7.616542,7.517597,89402481
2013-07-18,7.610148,7.912126,7.577567,7.820204,7.718634,133096256
2013-07-19,7.796114,7.928806,7.767579,7.858729,7.75668,97404702
2013-07-22,7.801426,7.8503,7.635601,7.691515,7.591699,125190717
2013-07-23,7.556937,7.868267,7.474906,7.826039,7.724499,110295562
2013-07-24,7.869976,7.88146,7.743206,7.861793,7.75981,124893283
2013-07-25,7.820605,8.091162,7.789559,8.080735,7.975934,91726883
2013-07-26,8.132852,8.209553,8.081634,8.177075,8.071047,92805022
2013-07-29,8.157934,8.292264,7.916312,8.018373,7.914468,103856997
2013-07-30,8.001927,8.089458,7.967053,8.059209,7.954796,82534652
2013-07-31,8.084321,8.134156,7.990991,8.09908,7.994172,151942465
2013-08-01,8.093834,8.132356,8.021636,8.066073,7.961615,110751150
2013-08-02,8.020689,8.106434,7.827011,7.882711,7.780648,144165866
2013-08-05,7.859134,8.015002,7.783789,7.997882,7.894393,146588056
2013-08-06,7.940757,8.029326,7.918834,7.928016,7.825453,165320813
2013-08-07,7.955657,8.074917,7.903997,8.011623,7.908,166756329
2013-08-08,8.0778,8.139751,8.00211,8.066548,7.962237,111210355
2013-08-09,8.140721,8.233393,8.089194,8.150816,8.045436,194408684
2013-08-12,8.175346,8.184606,8.036739,8.115569,8.010711,106969582
2013-08-13,7.965904,8.178275,7.89983,8.029627,7.925901,133833327
2013-08-14,8.088535,8.141185,7.95406,7.964788,7.861921,137711389
2013-08-15,8.011545,8.093013,7.984192,8.070558,7.966347,165875099
2013-08-16,8.126627,8.153013,8.091307,8.095758,7.991243,112104948
2013-08-19,8.128479,8.177579,8.051484,8.137531,8.032543,223928966
2013-08-20,8.130822,8.168535,7.936901,7.986727,7.883706,151986585
2013-08-21,8.003663,8.26707,7.972302,8.224276,8.118214,87424063
2013-08-22,8.234892,8.590991,8.226412,8.469938,8.360731,101577956
2013-08-23,8.432341,8.536175,8.224122,8.249162,8.142824,132151898
2013-08-26,8.2859,8.364444,8.101832,8.23761,8.131487,100951593
2013-08-27,8.321402,8.382064,8.197782,8.206493,8.100793,114098054
2013-08-28,8.282304,8.297065,7.623264,7.733467,7.633881,190480414
2013-08-29,7.736837,7.758314,7.428114,7.578051,7.480486,131308009
2013-08-30,7.639977,7.644771,7.570114,7.594152,7.4964,101795417
2013-09-03,7.508415,7.5977,7.495691,7.549381,7.452287,78300070
2013-09-04,7.59785,7.678362,7.517033,7.539205,7.442263,75614517
2013-09-05,7.60225,7.636736,7.431861,7.454244,7.358414,170186826
2013-09-06,7.432599,7.556577,7.377656,7.539532,7.442626,107154473
2013-09-09,7.585817,7.690478,7.181063,7.363984,7.269394,147723134
2013-09-10,7.359134,7.551007,7.289539,7.47979,7.383733,68720358
2013-09-11,7.468299,7.526605,7.25116,7.26699,7.173686,193954538
2013-09-12,7.299562,7.411098,7.21269,7.360138,7.265657,77560172
2013-09-13,7.3645,7.393623,7.260989,7.344991,7.250724,112013944
2013-09-16,7.416904,7.536979,7.391361,7.402996,7.308045,118048405
2013-09-17,7.388858,7.486158,7.319327,7.352341,7.25806,142614544
2013-09-18,7.393599,7.45832,7.125131,7.222179,7.129586,106994586
2013-09-19,7.221732,7.330621,7.151704,7.279292,7.185987,110675713
2013-09-20,7.295824,7.338989,7.243108,7.321462,7.227636,105272699
2013-09-23,7.205653,7.2152,7.142454,7.170376,7.078544,152318307
2013-09-24,7.098989,7.217847,7.036369,7.069375,6.978856,111947914
2013-09-25,7.077784,7.091096,6.945941,6.949105,6.860145,117884245
2013-09-26,6.930443,6.938591,6.744555,6.799762,6.712732,114054802
2013-09-27,6.837312,6.844678,6.677262,6.723176,6.637144,87151173
2013-09-30,6.774227,6.849368,6.610831,6.642224,6.557283,157020294
2013-10-01,6.672456,6.75562,6.648131,6.697293,6.611665,83650597
2013-10-02,6.767344,6.887351,6.746218,6.829231,6.741935,133594238
2013-10-03,6.776256,6.91159,6.706991,6.874191,6.786339,155873012
2013-10-04,6.862333,7.057451,6.850121,7.029292,6.939476,132393651
2013-10-07,7.076878,7.354782,6.956166,7.254402,7.161769,110029544
2013-10-08,7.269695,7.295503,6.926761,7.039607,6.949735,180864925
2013-10-09,7.059336,7.108023,6.871345,6.945862,6.857207,67254837
2013-10-10,6.889943,7.110351,6.885641,7.101387,7.010765,144845653
2013-10-11,7.116241,7.243206,7.042419,7.233906,7.141612,105878769
2013-10-14,7.20432,7.244759,7.029398,7.125018,7.034171,198817806
2013-10-15,7.076799,7.410266,7.055263,7.337104,7.243573,93537762
2013-10-16,7.350589,7.777922,7.276198,7.514103,7.418336,228711697
2013-10-17,7.419315,7.643476,7.402926,7.628658,7.531452,61363970
2013-10-18,7.64928,7.759873,7.629672,7.751611,7.652859,130809901
2013-10-21,7.7851,7.869636,7.701753,7.838331,7.738538,140973613
2013-10-22,7.825997,8.080177,7.762571,7.992076,7.890348,166559791
2013-10-23,7.93108,7.978822,7.719848,7.805287,7.705957,100673422
2013-10-24,7.869183,7.878419,7.724343,7.739111,7.640644,144818636
2013-10-25,7.657045,7.696889,7.544543,7.632986,7.53589,121963401
2013-10-28,7.618824,7.681512,7.529673,7.560793,7.464677,77266382
2013-10-29,7.643202,7.665646,7.48545,7.507691,7.41227,218661223
2013-10-30,7.565298,7.626217,7.360372,7.406705,7.312588,124118854
2013-10-31,7.391317,7.445276,7.301658,7.323099,7.230064,68479587
2013-11-01,7.310864,7.510753,7.217891,7.282683,7.190181,133666208
2013-11-04,7.18448,7.374344,7.156911,7.318892,7.225989,131621659
2013-11-05,7.283488,7.515393,7.229883,7.452749,7.358168,133238133
2013-11-06,7.424823,7.560877,7.375676,7.551272,7.455461,87570581
2013-11-07,7.487837,7.892225,7.216291,7.221342,7.129736,145260064
2013-11-08,7.305858,7.449954,7.180518,7.213994,7.122501,96446587
2013-11-11,7.036755,7.092242,6.864277,6.912701,6.825085,100656855
2013-11-12,6.712011,7.637707,6.46254,7.357507,7.264274,176732732
2013-11-13,7.321169,7.725731,7.317787,7.53138,7.435963,136499189
2013-11-14,7.500666,7.695703,7.293103,7.509382,7.414264,92714092
2013-11-15,7.518594,7.823709,7.256707,7.365406,7.272132,168070907
2013-11-18,7.39257,7.479018,6.993967,7.030909,6.941928,100694876
2013-11-19,7.031771,7.279375,6.609728,6.641087,6.557058,213668130
2013-11-20,6.572617,6.824086,6.428438,6.581562,6.498303,135505971
2013-11-21,6.660016,7.434772,6.575955,7.322878,7.230261,156684609
2013-11-22,7.48451,7.700646,6.709944,7.136906,7.046661,137899730
2013-11-25,7.210845,7.28371,6.915689,7.022472,6.93373,121033044
2013-11-26,7.109211,8.036778,6.699253,7.645994,7.549394,141241871
2013-11-27,7.822196,7.988823,7.275466,7.475946,7.381515,75675510
2013-11-29,7.354677,7.79254,7.199782,7.681326,7.584342,183635691
2013-12-02,7.598106,7.635548,7.380182,7.388134,7.294912,107055204
2013-12-03,7.438541,7.598313,7.407826,7.537847,7.442756,85820068
2013-12-04,7.555693,7.666695,6.791293,6.999213,6.910935,85056302
2013-12-05,6.780849,6.983693,6.559016,6.903884,6.816828,83535513
2013-12-06,7.089042,7.124949,6.842879,7.038948,6.950207,102839500
2013-12-09,7.013497,7.269863,6.938987,7.07023,6.981153,163633559
2013-12-10,7.140611,7.304548,6.977661,7.269947,7.178373,133769845
2013-12-11,7.260356,7.436842,7.196326,7.300183,7.208248,122920498
2013-12-12,7.473519,7.548576,6.996826,7.153412,7.063345,103738158
2013-12-13,7.10498,7.389188,7.060402,7.128155,7.038425,79077386
2013-12-16,7.112655,7.257038,6.619859,6.859238,6.772948,147614026
2013-12-17,7.044898,7.358582,7.039652,7.32842,7.236248,101656005
2013-12-18,7.286647,7.590055,7.221644,7.571862,7.476649,105839640
2013-12-19,7.471668,7.587761,7.318877,7.529365,7.434706,134204494
2013-12-20,7.789064,8.165855,7.073808,7.294968,7.203276,162673550
2013-12-23,7.200485,8.206132,7.164298,7.980881,7.880632,105214578
2013-12-24,7.878928,8.653184,7.746223,8.625198,8.516879,125213700
2013-12-26,8.890095,9.116101,8.31485,8.690344,8.581255,165618977
2013-12-27,8.520832,8.85728,8.273807,8.622648,8.514432,107952610
2013-12-30,8.280655,9.09426,8.028097,8.573822,8.466287,87117153
2013-12-31,8.635958,8.68773,8.256691,8.386583,8.28142,120616985
2014-01-02,8.649429,8.730545,8.274897,8.318105,8.213845,127087907
2014-01-03,8.573279,8.594541,7.794637,7.880693,7.781937,106860937
2014-01-06,7.810406,8.203645,7.732805,8.167028,8.06475,91023381
2014-01-07,8.264138,8.559151,7.428097,7.684318,7.588106,217652072
2014-01-08,7.41933,7.60356,7.16752,7.363706,7.271529,80974836
2014-01-09,7.26126,7.270825,7.042243,7.098682,7.009841,107959926
2014-01-10,7.161333,7.348761,6.994285,7.317218,7.225662,149834692
2014-01-13,7.1792,7.84323,7.143333,7.382421,7.290109,54413119
2014-01-14,7.499849,8.012974,7.090886,7.81355,7.715868,102273168
2014-01-15,7.614656,7.65991,6.966873,7.257025,7.16632,154865265
2014-01-16,7.034095,7.604932,6.936441,7.445045,7.35201,143112405
2014-01-17,7.406134,8.195395,7.133768,8.049042,7.948481,263842604
2014-01-21,8.03423,8.277061,7.88196,8.139618,8.038013,121592898
2014-01-22,8.021653,9.078358,7.845363,8.711182,8.602466,142452545
2014-01-23,8.676862,8.911992,8.530605,8.64431,8.536453,143298931
2014-01-24,8.617874,9.499331,8.314276,9.34324,9.226687,300064135
2014-01-27,9.316633,9.518468,9.067849,9.112987,8.999381,71554819
2014-01-28,9.078446,9.388166,8.681365,8.71256,8.603969,113650141
2014-01-29,9.223589,9.506417,8.687984,9.102999,8.989566,78212101
2014-01-30,9.013352,9.723195,9.003941,9.361826,9.245193,279302717
2014-01-31,9.431599,9.946241,9.082512,9.926689,9.803046,78548981
2014-02-03,9.831951,10.97745,9.620898,10.687996,10.554956,150110944
2014-02-04,11.115445,11.32826,10.964383,11.106156,10.967942,111157369
2014-02-05,10.989906,11.200933,10.880184,10.907476,10.771764,100553116
2014-02-06,10.798425,10.860232,10.217316,10.452175,10.322156,67876577
2014-02-07,10.282957,11.20954,10.014547,10.838893,10.704093,80751242
2014-02-10,10.904211,11.77522,10.891929,11.539293,11.395875,137895830
2014-02-11,11.540895,11.704817,11.488698,11.583701,11.439763,79321403
2014-02-12,11.392646,12.663679,11.214826,12.45537,12.300634,150243460
2014-02-13,12.466242,13.441588,12.299495,13.163562,13.000064,83774453
2014-02-14,13.471526,13.983769,13.283593,13.627463,13.45824,114560830
2014-02-18,13.204758,13.407965,13.040251,13.31592,13.15071,100478491
2014-02-19,13.138225,13.256578,12.77839,13.100564,12.93806,98754086
2014-02-20,12.734868,12.971282,12.621239,12.957727,12.797031,115951146
2014-02-21,12.831769,13.047797,12.751993,12.998332,12.837167,82472935
2014-02-24,12.623063,12.7687,12.083666,12.214703,12.063354,155297720
2014-02-25,11.987469,12.627812,11.897392,12.304876,12.152443,104131726
2014-02-26,12.456119,12.622104,12.240492,12.388809,12.23537,127485674
2014-02-27,12.497711,12.897127,12.102688,12.180176,12.029353,137765585
2014-02-28,11.736028,12.021898,11.252681,11.872259,11.725281,107309214
2014-03-03,11.890413,12.068024,11.478265,11.787744,11.641908,100991636
2014-03-04,11.983318,12.161663,11.504173,12.109341,11.959559,104198716
2014-03-05,12.006262,13.86268,11.776966,13.465414,13.298895,226201133
2014-03-06,13.477768,13.957004,11.542515,12.107014,11.957326,123494812
2014-03-07,11.975244,12.085741,11.862421,11.897627,11.75056,76841973
2014-03-10,11.889112,12.061728,11.110349,11.277091,11.137786,121220114
2014-03-11,11.366226,11.497846,11.03148,11.467944,11.326313,172935510
2014-03-12,11.041079,11.837286,10.786552,11.600142,11.45691,134815220
2014-03-13,11.49479,11.88288,11.409931,11.865101,11.718628,90437277
2014-03-14,11.728159,11.792708,11.183007,11.295708,11.156296,122329107
2014-03-17,11.043208,11.213751,10.503833,10.548359,10.418256,150220581
2014-03-18,10.2997,10.500647,10.273501,10.37087,10.242984,134508328
2014-03-19,10.438943,10.48729,9.783829,10.188674,10.063063,192029157
2014-03-20,10.082642,11.077767,9.737072,10.800752,10.667624,155330688
2014-03-21,10.526656,11.206365,10.507458,11.069004,10.932598,120799474
2014-03-24,10.722578,11.386271,10.424454,11.143811,11.006575,90162607
2014-03-25,10.881983,11.271953,10.440956,10.474787,10.345818,180353925
2014-03-26,10.432948,10.501558,9.768081,10.10244,9.978083,137685269
2014-03-27,10.378559,10.50201,10.038431,10.409225,10.281119,108064732
2014-03-28,10.4873,10.623808,10.162927,10.174318,10.049131,136484143
2014-03-31,10.168983,10.404011,9.832631,9.966919,9.844364,70671232
2014-04-01,9.84819,10.203114,9.669034,10.119334,9.994932,47211654
2014-04-02,9.946961,10.12464,9.791465,9.817641,9.696975,126170893
2014-04-03,9.865657,10.15264,9.770335,10.132277,10.007771,76290189
2014-04-04,9.888107,10.280651,9.845856,9.994409,9.871624,133829566
2014-04-07,9.869796,10.678457,9.761463,10.332445,10.205592,158648483
2014-04-08,10.254054,10.329824,9.641283,9.989416,9.866801,152749258
2014-04-09,9.957065,10.312952,9.725766,10.215957,10.090589,73962304
2014-04-10,10.025936,10.395403,9.951033,10.216432,10.091086,112790745
2014-04-11,10.282607,10.461022,9.390472,9.541012,9.423979,76504232
2014-04-14,9.534719,9.869237,9.198977,9.508078,9.391525,91429614
2014-04-15,9.576439,9.998259,9.204445,9.698163,9.579307,113358970
2014-04-16,9.85353,10.172352,9.509566,9.52207,9.405398,110630225
2014-04-17,9.362676,9.441218,9.302512,9.325328,9.211091,68483523
2014-04-21,9.263754,9.346987,8.56166,8.801561,8.693836,127307901
2014-04-22,8.957119,9.569346,7.857006,8.297494,8.19596,179062359
2014-04-23,8.533075,8.650936,8.411519,8.561568,8.456826,129484870
2014-04-24,8.754827,9.046454,8.133477,8.23318,8.132479,105099522
2014-04-25,8.256217,8.2616,7.749209,7.839871,7.744001,156689447
2014-04-28,7.936497,8.149587,7.328559,7.528577,7.436574,75048127
2014-04-29,7.445251,7.458679,6.627582,6.892072,6.807867,220263199
2014-04-30,6.726107,6.754597,6.203743,6.517358,6.437749,247202186
2014-05-01,6.528018,6.929934,6.222043,6.839098,6.755577,102180761
2014-05-02,6.746903,6.847919,6.665033,6.693745,6.612018,40839649
2014-05-05,6.896461,6.987527,6.49029,6.595146,6.514675,144693665
2014-05-06,6.661804,6.969224,5.628669,5.804824,5.734012,278402824
2014-05-07,5.756151,5.904275,5.636741,5.811395,5.740519,128650735
2014-05-08,5.800408,5.851161,5.536392,5.698739,5.629253,72339271
2014-05-09,5.743161,5.811657,5.447528,5.560379,5.492595,189576937
2014-05-12,5.532805,5.932413,5.452038,5.813348,5.742527,118992984
2014-05-13,5.74179,5.954651,5.698455,5.863302,5.791888,125343094
2014-05-14,5.834248,6.059851,5.827651,5.923194,5.851066,117722519
2014-05-15,5.874716,6.070301,5.823988,6.044166,5.970582,201407782
2014-05-16,6.044231,6.204684,6.029403,6.168818,6.093732,111628937
2014-05-19,6.162139,6.25949,5.892624,5.939002,5.866762,64604402
2014-05-20,5.970791,6.12123,5.858906,5.875008,5.803563,145877047
2014-05-21,5.829517,5.99473,5.760642,5.983741,5.910989,188646002
2014-05-22,5.914458,6.006234,5.892466,5.961182,5.888721,109388370
2014-05-23,5.975504,6.105481,5.880496,6.080619,6.006722,178502614
2014-05-27,6.005053,6.278828,5.983458,6.221086,6.145549,187193785
2014-05-28,6.258001,6.37674,6.160007,6.173303,6.098364,108135645
2014-05-29,6.185658,6.371589,6.131227,6.255046,6.179132,103423296
2014-05-30,6.214908,6.346177,6.117409,6.282875,6.206639,78005938
2014-06-02,6.32742,6.543474,6.29665,6.44015,6.362058,121732659
2014-06-03,6.559004,6.741558,6.045179,6.176737,6.101856,151662536
2014-06-04,6.352646,6.396667,5.764395,5.810389,5.739965,89539123
2014-06-05,5.824626,5.827608,5.598366,5.653942,5.585429,150856593
2014-06-06,5.614641,5.746626,5.486668,5.705537,5.636415,183010712
2014-06-09,5.754374,5.779991,5.579385,5.656132,5.587654,99106343
2014-06-10,5.606632,5.65363,5.46538,5.586487,5.518868,92130351
2014-06-11,5.596442,5.695017,5.544035,5.604806,5.53698,85131106
2014-06-12,5.657619,5.954655,5.586871,5.906427,5.834967,148868549
2014-06-13,5.921079,6.178719,5.829503,6.097936,6.024176,75418102
2014-06-16,6.072993,6.146254,5.987362,6.010695,5.938038,191096198
2014-06-17,6.019617,6.128076,6.009603,6.086247,6.012693,139941473
2014-06-18,6.058979,6.249145,6.054448,6.19883,6.123933,138404499
2014-06-19,6.088285,6.377965,6.02084,6.336325,6.259783,131361172
2014-06-20,6.326254,6.512089,6.296104,6.335072,6.258563,125880794
2014-06-23,6.300134,6.542945,6.192624,6.411904,6.334519,164770780
2014-06-24,6.312602,6.51432,6.062733,6.42628,6.348739,81950488
2014-06-25,6.446483,6.521853,6.175523,6.449865,6.372057,103824282
2014-06-26,6.40793,6.670003,6.235173,6.627189,6.54726,123068289
2014-06-27,6.444569,7.074343,6.327766,7.005548,6.921074,84317044
2014-06-30,6.971907,7.380061,6.957127,7.316718,7.228552,113873563
2014-07-01,7.354746,7.557633,7.293192,7.50826,7.417806,123431396
2014-07-02,7.509792,7.519859,7.287834,7.413982,7.324684,98513865
2014-07-03,7.58174,7.661246,7.525198,7.598934,7.507428,79464814
2014-07-07,7.629157,7.83295,7.61162,7.732348,7.63932,133148947
2014-07-08,7.754678,7.868425,7.439258,7.449049,7.359449,104250199
2014-07-09,7.474953,7.48569,7.165822,7.17563,7.089338,82759155
2014-07-10,7.215756,7.269707,7.054608,7.136181,7.050382,91805820
2014-07-11,7.154597,7.692883,7.083356,7.590493,7.499253,120787429
2014-07-14,7.546408,7.723431,7.496379,7.509733,7.419525,91173676
2014-07-15,7.675274,7.824038,7.159853,7.255293,7.168161,177340153
2014-07-16,7.330709,7.380883,7.123409,7.283408,7.195958,81184814
2014-07-17,7.103452,7.792629,7.064105,7.669696,7.577629,170051332
2014-07-18,7.642127,7.923525,7.617749,7.75112,7.658096,105002991
2014-07-21,7.703579,7.828135,7.676863,7.738305,7.645497,105117340
2014-07-22,7.828789,7.842268,7.464198,7.479851,7.390164,95392303
2014-07-23,7.532759,7.545779,7.314688,7.413471,7.324599,105310848
2014-07-24,7.352067,7.483522,7.149215,7.229199,7.142556,119959730
2014-07-25,7.224556,7.386358,7.2178,7.362812,7.274588,43396633
2014-07-28,7.304446,7.4318,7.242764,7.36333,7.275159,98794789
2014-07-29,7.321231,7.718317,7.299498,7.585661,7.494849,135204648
2014-07-30,7.637431,7.717877,7.531977,7.709338,7.617066,111908040
2014-07-31,7.678721,7.81478,7.613362,7.73573,7.643163,56972791
2014-08-01,7.865752,7.907495,7.80463,7.836218,7.74247,154411026
2014-08-04,7.847051,7.909245,7.584347,7.706535,7.6144,158943762
2014-08-05,7.694383,7.721168,7.583255,7.64314,7.551784,157876274
2014-08-06,7.745289,7.862837,7.645711,7.65541,7.563928,132395518
2014-08-07,7.64445,7.679639,7.490297,7.519928,7.430086,203067786
2014-08-08,7.460091,7.51011,7.236576,7.380652,7.292494,110934405
2014-08-11,7.393651,7.456285,7.042122,7.113162,7.028257,153098822
2014-08-12,7.140521,7.218232,7.005073,7.059507,6.975261,82640464
2014-08-13,7.042776,7.104803,7.000969,7.089452,7.004868,67091022
2014-08-14,7.034328,7.13697,7.030317,7.082259,6.99778,152834449
2014-08-15,7.057166,7.082311,6.729471,6.748877,6.668393,196969278
2014-08-18,6.763329,6.769632,6.515714,6.576569,6.498193,121337533
2014-08-19,6.641181,6.71569,6.427923,6.431546,6.354916,124313158
2014-08-20,6.40522,6.631149,6.375108,6.58247,6.504059,104494037
2014-08-21,6.593747,6.623672,6.401831,6.426168,6.349636,174930026
2014-08-22,6.388766,6.532702,6.352159,6.499832,6.422441,199625469
2014-08-25,6.518794,6.567536,6.450331,6.489941,6.41272,76324443
2014-08-26,6.464597,6.636823,6.432248,6.556389,6.478396,225164842
2014-08-27,6.55582,6.62067,6.488887,6.60679,6.528215,131175892
2014-08-28,6.608516,6.624808,6.540231,6.544256,6.466442,112211609
2014-08-29,6.543251,6.584989,6.333284,6.350471,6.274978,151538403
2014-09-02,6.374389,6.497167,6.301292,6.433442,6.357032,98463879
2014-09-03,6.372636,6.609138,6.248765,6.557734,6.479866,128366885
2014-09-04,6.545024,6.745541,6.533294,6.653722,6.574733,130017072
2014-09-05,6.720619,6.864475,6.675902,6.803896,6.723142,190702085
2014-09-08,6.744912,6.78984,6.661901,6.760673,6.680487,108493761
2014-09-09,6.718983,6.847847,6.611458,6.817669,6.736826,218949123
2014-09-10,6.819513,6.972159,6.757093,6.894664,6.812926,146968428
2014-09-11,6.903582,6.999513,6.722727,6.778495,6.698153,104246779
2014-09-12,6.800709,6.807569,6.431475,6.452107,6.375651,165617912
2014-09-15,6.437902,6.652005,6.40174,6.612843,6.534535,92361082
2014-09-16,6.553003,6.56389,6.335965,6.483229,6.406474,130312612
2014-09-17,6.519676,6.798687,6.42725,6.733584,6.653884,84845068
2014-09-18,6.785376,6.879042,6.581064,6.681488,6.602422,100939141
2014-09-19,6.751862,6.770061,6.613837,6.724345,6.64479,129210921
2014-09-22,6.686509,6.755424,6.498021,6.54213,6.464784,129561228
2014-09-23,6.576055,6.694817,6.462512,6.47969,6.403099,113337824
2014-09-24,6.504737,6.528616,6.453648,6.46591,6.3895,183276322
2014-09-25,6.567907,6.666989,6.330571,6.46767,6.391257,83994795
2014-09-26,6.441954,6.593851,6.411198,6.588621,6.510797,134351909
2014-09-29,6.520193,6.790026,6.419072,6.773692,6.693736,97382082
2014-09-30,6.731557,6.991142,6.646443,6.91944,6.837783,152961747
2014-10-01,6.939078,6.951268,6.807621,6.884414,6.803189,79955994
2014-10-02,6.887072,6.897377,6.82438,6.882367,6.801184,136382982
2014-10-03,6.820212,6.931993,6.657112,6.833724,6.753134,69496642
2014-10-06,6.861231,7.007558,6.8272,6.938764,6.856991,137996900
2014-10-07,6.947955,7.071032,6.874712,7.064912,6.981671,136705513
2014-10-08,7.027455,7.337437,6.936661,7.226816,7.141688,163727420
2014-10-09,7.206896,7.515622,7.153672,7.424988,7.337545,125562717
2014-10-10,7.405284,7.454063,7.242989,7.399931,7.312804,147144025
2014-10-13,7.496091,7.52797,7.492646,7.504291,7.415996,115448822
2014-10-14,7.59082,7.860721,7.57047,7.773615,7.682172,109464012
2014-10-15,7.774302,7.798033,7.443,7.482052,7.394059,122368377
2014-10-16,7.421761,7.485717,7.274134,7.354146,7.267677,279378564
2014-10-17,7.358334,7.378321,7.161851,7.26362,7.178235,112333366
2014-10-20,7.368679,7.373786,7.188315,7.283626,7.198065,151211473
2014-10-21,7.26268,7.357587,7.167204,7.301305,7.215557,87464359
2014-10-22,7.30604,7.341569,7.114665,7.128502,7.044802,113383823
2014-10-23,7.101128,7.155558,6.999112,7.022821,6.940381,151475961
2014-10-24,6.988464,6.992349,6.898469,6.962072,6.880364,160402725
2014-10-27,6.945131,7.015403,6.854226,7.006074,6.923906,109410066
2014-10-28,6.999758,7.059004,6.861034,6.947204,6.865745,125402634
2014-10-29,6.938502,7.081572,6.90608,7.054702,6.972002,88547003
2014-10-30,7.077742,7.094219,6.758206,6.801409,6.721696,81076905
2014-10-31,6.749428,6.922656,6.724002,6.887419,6.806717,87244582
2014-11-03,6.855211,6.885498,6.834654,6.863817,6.783448,160537075
2014-11-04,6.868489,6.881334,6.60104,6.663827,6.585817,79645205
2014-11-05,6.687637,6.728521,6.388229,6.397885,6.323006,105102975
2014-11-06,6.514435,6.591355,6.296881,6.372847,6.298278,153849235
2014-11-07,6.357263,6.776858,6.322703,6.619083,6.54165,76024310
2014-11-10,6.640051,6.815095,6.28683,6.43329,6.358083,98142246
2014-11-11,6.449924,6.457297,6.401983,6.440981,6.365702,151388194
2014-11-12,6.401606,6.660097,6.290064,6.535811,6.459442,107603970
2014-11-13,6.510152,6.546244,6.351145,6.521734,6.445546,69392116
2014-11-14,6.540153,6.587758,6.527209,6.574653,6.497865,166010314
2014-11-17,6.62173,6.670966,6.507652,6.535202,6.458927,80565923
2014-11-18,6.579169,6.66148,6.388924,6.423185,6.348235,149124493
2014-11-19,6.375652,6.485147,6.275057,6.412441,6.337634,124186477
2014-11-20,6.398759,6.748075,6.383863,6.636425,6.559023,152488166
2014-11-21,6.531414,6.785986,6.463213,6.779189,6.700141,87753728
2014-11-24,6.78973,7.050594,6.664533,6.96733,6.886145,188191818
2014-11-25,6.9415,7.145404,6.813122,7.037097,6.955118,211164425
2014-11-26,7.06123,7.091963,6.90091,6.933252,6.852501,78847479
2014-11-28,6.931964,6.936741,6.774926,6.837076,6.757482,104097061
2014-12-01,6.798505,6.963378,6.754944,6.957944,6.876999,130226072
2014-12-02,6.90507,6.914723,6.779383,6.875373,6.795408,156619120
2014-12-03,6.809934,6.99049,6.668922,6.917216,6.836783,103592391
2014-12-04,6.942445,6.991484,6.849373,6.85953,6.779786,104198808
2014-12-05,6.855919,6.931817,6.806912,6.840603,6.761098,83920687
2014-12-08,6.847873,6.956324,6.831528,6.933116,6.852592,135885241
2014-12-09,7.02423,7.078692,6.679407,6.853367,6.773788,89486723
2014-12-10,6.916071,6.99287,6.604365,6.631556,6.55457,165799074
2014-12-11,6.685886,6.832827,6.582864,6.786102,6.70734,115399501
2014-12-12,6.772088,6.828275,6.729025,6.80376,6.724812,117492839
2014-12-15,6.812444,6.882579,6.647335,6.695446,6.617809,101573079
2014-12-16,6.750684,6.824809,6.634961,6.680918,6.603468,150728080
2014-12-17,6.731245,6.769394,6.517301,6.557702,6.481698,136628152
2014-12-18,6.586104,6.65906,6.307447,6.378498,6.304588,125261749
2014-12-19,6.398655,6.454023,5.724224,5.899792,5.831445,88998231
2014-12-22,5.848466,5.945891,5.517992,5.687059,5.621223,124646791
2014-12-23,5.623804,5.764842,5.33643,5.565899,5.50148,69078148
2014-12-24,5.536947,5.67148,5.368014,5.539034,5.474941,134120264
2014-12-26,5.61141,5.667983,5.403515,5.407837,5.345292,180893139
2014-12-29,5.487066,5.537168,5.28127,5.366413,5.30439,158353813
2014-12-30,5.502841,5.557799,5.294975,5.364022,5.302042,112780051
2014-12-31,5.350823,5.516406,5.165339,5.484853,5.421491,107797785
2015-01-02,5.404925,5.458327,5.26988,5.28688,5.225834,37189571
2015-01-05,5.305106,5.361412,5.072303,5.150945,5.09151,126747733
2015-01-06,5.172578,5.181184,4.989192,5.067791,5.009329,101707559
2015-01-07,5.000133,5.156625,4.92188,5.059893,5.001536,122614072
2015-01-08,5.116035,5.165153,5.032655,5.099372,5.040574,90992572
2015-01-09,5.184502,5.244257,4.901511,5.036543,4.978483,101418441
2015-01-12,5.017765,5.160138,5.012313,5.03684,4.978817,79436279
2015-01-13,5.057574,5.091511,4.760782,4.812422,4.756997,148206293
2015-01-14,4.873324,5.041387,4.468031,4.472478,4.42098,150466149
2015-01-15,4.450694,4.567314,4.420466,4.497,4.445232,144883006
2015-01-16,4.558401,4.606489,4.326444,4.369188,4.318903,125832306
2015-01-20,4.432982,4.511632,4.20634,4.246502,4.197676,97524248
2015-01-21,4.181304,4.348756,4.149797,4.330961,4.281175,115801782
2015-01-22,4.302484,4.409085,4.225389,4.231851,4.183215,135983054
2015-01-23,4.294277,4.322402,3.817009,3.90473,3.859865,107882621
2015-01-26,3.924057,4.049405,3.912055,4.024538,3.978329,139933967
2015-01-27,3.984894,4.076855,3.807577,3.880348,3.835805,62131488
2015-01-28,3.920982,4.008936,3.680083,3.693016,3.650634,134172491
2015-01-29,3.722327,4.020259,3.64461,3.931472,3.886364,158267046
2015-01-30,3.922917,4.01445,3.829885,3.995443,3.949611,124540325
2015-02-02,4.087957,4.416359,4.039024,4.301397,4.252091,177001282
2015-02-03,4.382857,4.435333,4.315697,4.334163,4.284492,151491637
2015-02-04,4.374292,4.567858,4.351071,4.403274,4.352824,213379484
2015-02-05,4.348921,4.626936,4.303715,4.556324,4.504132,128798828
2015-02-06,4.414979,4.903552,4.313211,4.887752,4.831777,194009538
2015-02-09,4.840796,5.109756,4.805082,5.070814,5.012783,76139486
2015-02-10,5.113048,5.150833,4.875013,4.999749,4.942546,134022719
2015-02-11,4.960731,5.06443,4.732388,4.906584,4.850459,103524389
2015-02-12,4.878183,5.092442,4.861087,5.035633,4.978046,72354455
2015-02-13,5.033419,5.719299,4.956895,5.644546,5.580011,182500360
2015-02-17,5.60566,5.654359,5.348843,5.465673,5.403242,55022815
2015-02-18,5.457118,5.510508,5.17069,5.272892,5.212678,160996805
2015-02-19,5.337823,5.477517,5.161342,5.241431,5.18159,136905334
2015-02-20,5.304466,5.343412,5.13333,5.136336,5.077709,110048667
2015-02-23,5.161586,5.274009,5.129318,5.197358,5.138077,146169090
2015-02-24,5.191991,5.287002,5.150082,5.238748,5.179009,155042717
2015-02-25,5.266964,5.40172,5.264596,5.325498,5.264784,118235103
2015-02-26,5.271874,5.62193,5.221572,5.486363,5.423829,120142256
2015-02-27,5.444044,5.46082,5.311965,5.376162,5.3149,89126181
2015-03-02,5.398958,5.402231,5.30041,5.320707,5.26012,99929518
2015-03-03,5.396466,5.447014,5.268778,5.311259,5.250793,86269583
2015-03-04,5.323956,5.428417,5.312514,5.42022,5.358529,194600807
2015-03-05,5.347166,5.459992,5.34339,5.405896,5.344382,153856528
2015-03-06,5.346819,5.397755,5.286267,5.346928,5.2861,108181801
2015-03-09,5.351575,5.357587,5.320283,5.331085,5.270481,176558674
2015-03-10,5.308395,5.368439,5.226442,5.239486,5.179937,163169702
2015-03-11,5.261907,5.382006,5.233996,5.379738,5.318609,209362565
2015-03-12,5.438581,5.490632,5.263086,5.32366,5.263183,137852163
2015-03-13,5.282431,5.372071,5.25088,5.256858,5.197154,91575366
2015-03-16,5.318786,5.322869,5.203148,5.207524,5.148423,121714315
2015-03-17,5.174196,5.297606,5.15221,5.257098,5.197448,173026164
2015-03-18,5.251044,5.278474,5.048494,5.146744,5.08836,76920030
2015-03-19,5.111607,5.378546,5.032499,5.263749,5.204053,58510287
2015-03-20,5.293442,5.379747,5.072099,5.095659,5.037882,234395399
2015-03-23,5.088752,5.216242,5.078641,5.203021,5.144069,116610827
2015-03-24,5.228662,5.258064,5.16014,5.229005,5.169773,103968769
2015-03-25,5.317503,5.322406,5.305036,5.312012,5.251854,93683019
2015-03-26,5.340884,5.568087,5.292142,5.491536,5.42936,134727770
2015-03-27,5.534828,5.561347,5.474004,5.539289,5.476587,64941742
2015-03-30,5.591251,5.622373,5.548987,5.584175,5.52101,89743171
2015-03-31,5.620086,5.785416,5.549697,5.688643,5.624312,156820093
2015-04-01,5.7252,5.73606,5.654183,5.66913,5.605036,120866838
2015-04-02,5.681205,5.720244,5.590972,5.619988,5.556465,108574364
2015-04-06,5.706102,5.767188,5.601612,5.619449,5.555992,68575559
2015-04-07,5.693563,5.700746,5.637381,5.653225,5.589402,94388102
2015-04-08,5.652337,5.748341,5.635821,5.681475,5.617348,126356484
2015-04-09,5.657718,5.676896,5.411594,5.485758,5.423855,167644059
2015-04-10,5.466715,5.535632,5.401721,5.48915,5.427224,145236546
2015-04-13,5.39854,5.538894,5.32935,5.441312,5.379969,89955132
2015-04-14,5.447612,5.613141,5.398563,5.479497,5.417739,178507529
2015-04-15,5.514171,5.540916,5.357033,5.398308,5.33748,142006214
2015-04-16,5.367159,5.389679,5.260568,5.29549,5.235834,110814688
2015-04-17,5.280332,5.322478,5.133173,5.180267,5.121923,117988153
2015-04-20,5.199268,5.315922,5.177568,5.303628,5.243939,152504935
2015-04-21,5.288044,5.440486,5.222754,5.423188,5.362168,84408205
2015-04-22,5.458057,5.522795,5.445789,5.455091,5.393726,52430637
2015-04-23,5.44873,5.581253,5.407269,5.578677,5.515937,85121614
2015-04-24,5.482953,5.686515,5.415177,5.642634,5.57919,149965926
2015-04-27,5.633504,5.875998,5.605878,5.810592,5.745307,186863843
2015-04-28,5.803426,5.844468,5.702013,5.763983,5.699238,103743267
2015-04-29,5.695342,5.93351,5.679373,5.827637,5.762192,111097489
2015-04-30,5.763309,6.043537,5.738251,5.99441,5.927108,142738676
2015-05-01,5.999689,6.049252,5.899383,5.949191,5.882413,100134531
2015-05-04,5.92311,5.983693,5.752588,5.823023,5.757708,94044244
2015-05-05,5.776537,6.064079,5.751275,6.022452,5.954917,147523797
2015-05-06,6.041104,6.059395,5.873339,5.880098,5.814176,152712527
2015-05-07,5.862232,5.995726,5.819388,5.950307,5.883613,102390676
2015-05-08,5.941465,6.07514,5.905803,6.06991,6.001892,121181571
2015-05-11,6.061898,6.195405,5.90238,6.133312,6.064633,110900784
2015-05-12,6.190637,6.204025,5.88348,5.93649,5.870032,131069660
2015-05-13,5.904159,5.954766,5.872443,5.936301,5.86986,153176546
2015-05-14,5.911481,5.982422,5.850473,5.871498,5.805799,103759027
2015-05-15,5.904983,5.96429,5.658635,5.731552,5.667434,118763560
2015-05-18,5.828918,5.975849,5.814964,5.902525,5.836543,109202057
2015-05-19,5.928536,5.951935,5.903353,5.91258,5.846501,152860411
2015-05-20,5.890031,6.138302,5.860909,6.023444,5.956143,142037566
2015-05-21,6.028187,6.05424,5.749912,5.800241,5.735449,117981537
2015-05-22,5.77044,5.895896,5.708271,5.8359,5.770726,89137069
2015-05-26,5.818428,5.991757,5.784291,5.872235,5.806719,138728337
2015-05-27,5.906389,5.984759,5.806272,5.932908,5.86673,223160857
2015-05-28,5.912198,6.220172,5.8793,6.093095,6.025148,102261362
2015-05-29,6.085273,6.125373,5.998205,6.110178,6.042056,168419845
2015-06-01,6.080297,6.119036,5.936019,5.986984,5.920284,139726590
2015-06-02,5.971206,6.274587,5.956756,6.140526,6.072133,114060387
2015-06-03,6.130419,6.189604,6.107723,6.114745,6.046656,116630271
2015-06-04,6.092631,6.278938,6.061166,6.258807,6.18913,203669291
2015-06-05,6.278357,6.349141,6.250159,6.340795,6.270223,123603391
2015-06-08,6.391338,6.531612,6.364446,6.398832,6.327665,247109334
2015-06-09,6.402793,6.597076,6.381397,6.531263,6.458641,62888309
2015-06-10,6.496688,6.550633,6.421801,6.508407,6.436057,133406208
2015-06-11,6.513592,6.540637,6.481865,6.500363,6.42812,275070913
2015-06-12,6.468624,6.713727,6.456034,6.640602,6.566818,86561194
2015-06-15,6.657355,6.728309,6.295147,6.422728,6.351418,138553924
2015-06-16,6.406866,6.719549,6.403943,6.625205,6.551664,139788370
2015-06-17,6.630568,6.719452,6.4418,6.456761,6.385107,122929385
2015-06-18,6.485848,6.542519,6.341565,6.512315,6.440062,107257076
2015-06-19,6.529365,6.548933,6.366189,6.418814,6.347616,134128529
2015-06-22,6.348951,6.528991,6.320312,6.523693,6.451385,95738759
2015-06-23,6.48288,6.64516,6.404873,6.586136,6.513154,135292357
2015-06-24,6.562907,6.603852,6.306258,6.399978,6.329076,123062428
2015-06-25,6.42148,6.628995,6.411143,6.618302,6.545,168180613
2015-06-26,6.574234,6.776596,6.569979,6.718712,6.644315,128449416
2015-06-29,6.727788,6.920745,6.593547,6.88609,6.809895,143492151
2015-06-30,6.887984,6.969096,6.802911,6.939449,6.862684,84932318
2015-07-01,7.038409,7.098143,7.006901,7.013387,6.935822,93125472
2015-07-02,6.910633,6.982584,6.739283,6.834199,6.758635,82189159
2015-07-06,6.879886,6.922726,6.709138,6.728184,6.653864,243583691
2015-07-07,6.74522,6.759482,6.564103,6.56887,6.496328,176129313
2015-07-08,6.57797,6.640326,6.537613,6.62596,6.552806,134108668
2015-07-09,6.595361,6.676154,6.134817,6.183792,6.115536,180905210
2015-07-10,6.155934,6.287674,6.128371,6.251401,6.182416,72005068
2015-07-13,6.304119,6.59005,6.273381,6.493164,6.421564,123577361
2015-07-14,6.464499,6.59262,6.418676,6.428555,6.357685,134590918
2015-07-15,6.39765,6.779405,6.343329,6.717559,6.643521,119152390
2015-07-16,6.623173,7.055921,6.583587,6.972586,6.895755,131307904
2015-07-17,7.02771,7.091304,6.73557,6.921147,6.844902,159444438
2015-07-20,6.902591,6.920072,6.620443,6.644367,6.571225,89136786
2015-07-21,6.711892,6.756964,6.689301,6.708578,6.634747,93805343
2015-07-22,6.73321,6.898524,6.720446,6.727943,6.653918,64611293
2015-07-23,6.642741,6.802174,6.620822,6.723106,6.649152,103390351
2015-07-24,6.787669,6.860542,6.759557,6.787378,6.712736,157842901
2015-07-27,6.83415,6.954169,6.669358,6.80846,6.733641,103293229
2015-07-28,6.801239,6.818681,6.709976,6.7736,6.699183,72943697
2015-07-29,6.763474,6.8558,6.663287,6.796307,6.721658,86901133
2015-07-30,6.804464,6.846436,6.781528,6.824895,6.749951,116509933
2015-07-31,6.854048,7.112363,6.763406,7.062021,6.984492,120111646
2015-08-03,7.118222,7.29137,7.042422,7.201985,7.122978,184085258
2015-08-04,7.262709,7.321297,7.045832,7.053334,6.975977,53506624
2015-08-05,6.988436,7.098955,6.781216,6.821978,6.747176,143093217
2015-08-06,6.916628,6.926539,6.736055,6.832761,6.75786,76290608
2015-08-07,6.89238,6.902774,6.774077,6.789885,6.715472,80041311
2015-08-10,6.795635,6.872058,6.773356,6.798109,6.723662,116909973
2015-08-11,6.83028,6.892351,6.668069,6.776033,6.701846,85692788
2015-08-12,6.725417,6.85625,6.695151,6.750015,6.676131,121863529
2015-08-13,6.620632,7.091224,6.596125,7.071761,6.994374,114467727
2015-08-14,7.250762,7.300746,6.996237,7.075205,6.9978,188802025
2015-08-17,7.217925,7.380473,7.212107,7.328333,7.248218,131220844
2015-08-18,7.329732,7.442452,7.186089,7.307179,7.227314,151395565
2015-08-19,7.225359,7.359873,7.079968,7.136719,7.058737,95875585
2015-08-20,7.101951,7.341255,7.058086,7.32081,7.240837,80898404
2015-08-21,7.349898,7.441681,7.140384,7.264684,7.185344,144807795
2015-08-24,7.380844,7.505209,7.007657,7.059101,6.982063,182056563
2015-08-25,7.164842,7.233271,7.086779,7.140484,7.062577,103023228
2015-08-26,7.256467,7.315245,7.150024,7.210491,7.13184,185148750
2015-08-27,7.20596,7.315732,6.961677,7.080221,7.003009,97769932
2015-08-28,7.135336,7.140797,6.452356,6.485365,6.414659,118200932
2015-08-31,6.482674,6.564126,6.291386,6.362127,6.292816,145967810
2015-09-01,6.425452,6.57451,6.279741,6.310978,6.242241,65133918
2015-09-02,6.406529,6.461493,5.926713,6.10503,6.038553,153190223
2015-09-03,6.113591,6.516438,6.086258,6.467987,6.397575,184968132
2015-09-04,6.438957,6.49506,6.199731,6.380482,6.31104,156838338
2015-09-08,6.315809,6.659725,6.228555,6.512857,6.442044,218023088
2015-09-09,6.398697,6.47458,6.326341,6.363157,6.293989,78420613
2015-09-10,6.450497,6.558562,6.048422,6.110429,6.044026,117234400
2015-09-11,6.105766,6.221183,5.993033,6.218173,6.150616,116543834
2015-09-14,6.07948,6.253387,5.856324,5.901566,5.837496,172269466
2015-09-15,5.873934,5.991239,5.844508,5.954978,5.890344,150981923
2015-09-16,5.979393,6.043984,5.827916,5.879277,5.81548,110396464
2015-09-17,5.764428,5.859995,5.748258,5.772494,5.709873,81452700
2015-09-18,5.781639,5.981724,5.703026,5.911773,5.847656,135265850
2015-09-21,5.857662,5.983996,5.849337,5.95566,5.891115,191249697
2015-09-22,5.921514,6.163109,5.841172,6.053891,5.988298,109732286
2015-09-23,6.077101,6.118936,5.851472,5.858904,5.79544,142772097
2015-09-24,5.803818,5.823964,5.465667,5.605386,5.544683,128422489
2015-09-25,5.596801,5.84332,5.557843,5.815911,5.752945,182860046
2015-09-28,5.827297,5.895576,5.806881,5.865796,5.802337,124029711
2015-09-29,5.820518,5.886866,5.724049,5.878828,5.815243,109064400
2015-09-30,5.850815,6.143695,5.821315,6.043865,5.978512,154806227
2015-10-01,5.989549,6.044919,5.835054,5.887755,5.824106,116647552
2015-10-02,5.91537,5.953124,5.837181,5.942415,5.878191,87782496
2015-10-05,5.972326,6.004072,5.941734,5.984625,5.919994,81643573
2015-10-06,6.034454,6.292361,5.976668,6.246714,6.179269,132988667
2015-10-07,6.373159,6.469531,6.273751,6.41127,6.342065,134501801
2015-10-08,6.377758,6.466116,6.345166,6.403289,6.334188,115536017
2015-10-09,6.37553,6.532479,6.285113,6.524329,6.45394,97639502
2015-10-12,6.493143,6.523195,6.164462,6.255849,6.188407,125110419
2015-10-13,6.309899,6.336329,6.228774,6.257701,6.190256,113766939
2015-10-14,6.184181,6.579032,6.088144,6.488565,6.41865,126456944
2015-10-15,6.494258,6.659424,6.449763,6.502441,6.432394,111998361
2015-10-16,6.425527,6.858091,6.398272,6.829592,6.756038,122180027
2015-10-19,6.813007,6.837002,6.662694,6.751322,6.678666,73515680
2015-10-20,6.771748,6.826844,6.68139,6.802758,6.729567,126593157
2015-10-21,6.829807,6.862733,6.768345,6.842218,6.768621,201043549
2015-10-22,6.856206,6.906411,6.732145,6.890663,6.816564,94309729
2015-10-23,6.868768,6.939584,6.805109,6.920183,6.845786,112063411
2015-10-26,6.991878,7.141577,6.917537,7.100571,7.024292,114697102
2015-10-27,7.110431,7.214917,6.905403,6.962525,6.887747,95487225
2015-10-28,7.032466,7.107902,7.029637,7.054931,6.97918,113971438
2015-10-29,6.96023,7.100337,6.867315,6.999478,6.924341,78477143
2015-10-30,6.896509,7.323188,6.813336,7.295403,7.21711,133787170
2015-11-02,7.328405,7.366193,6.972702,7.040999,6.965494,136200821
2015-11-03,7.087572,7.103607,6.943117,7.040303,6.964823,118652717
2015-11-04,7.009564,7.41172,6.896737,7.332102,7.253514,108563171
2015-11-05,7.379091,7.393741,7.102842,7.184677,7.107688,100966758
2015-11-06,7.160604,7.255679,7.15768,7.224281,7.146888,137819094
2015-11-09,7.190052,7.347641,6.950699,7.013993,6.93891,174464585
2015-11-10,6.909511,7.205353,6.904948,7.118353,7.042172,85404015
2015-11-11,7.091128,7.303658,7.009909,7.239325,7.161869,119098716
2015-11-12,7.216789,7.366639,7.0924,7.334078,7.255628,214241501
2015-11-13,7.40905,7.517461,7.160466,7.191607,7.1147,131958489
2015-11-16,7.264317,7.289969,6.986035,7.087158,7.011426,101419233
2015-11-17,6.957011,7.13526,6.908112,7.126735,7.0506,231773821
2015-11-18,7.157939,7.797015,7.103142,7.775217,7.692175,150303585
2015-11-19,7.641168,8.028061,7.529266,8.010034,7.924506,132514925
2015-11-20,7.991517,8.316615,7.828511,8.124899,8.038166,196379669
2015-11-23,7.974613,8.409702,7.960046,8.293592,8.205126,100218248
2015-11-24,8.399709,8.804725,8.35123,8.748242,8.654949,177275934
2015-11-25,8.915549,9.030924,8.720518,8.87944,8.784773,75978790
2015-11-27,8.844434,9.188733,8.831531,9.164763,9.067103,88108980
2015-11-30,9.147025,9.375486,9.136414,9.241033,9.142635,94609276
2015-12-01,9.209112,9.22301,9.081815,9.207013,9.109002,119990858
2015-12-02,9.100508,9.269153,8.990851,9.047009,8.950726,172329386
2015-12-03,8.958638,8.995182,8.881064,8.937384,8.842292,153858762
2015-12-04,8.896401,8.960822,8.530163,8.795327,8.70177,80367773
2015-12-07,8.828912,8.974094,8.824182,8.875797,8.781457,121485729
2015-12-08,8.72107,9.050253,8.662634,8.947013,8.85194,196998796
2015-12-09,8.859106,9.177279,8.659695,9.154456,9.057204,111668820
2015-12-10,9.194662,9.434694,9.100937,9.247287,9.149073,90581916
2015-12-11,9.276473,9.409484,8.900419,8.940557,8.845625,181204466
2015-12-14,9.036951,9.167331,8.937737,9.127745,9.0309,111120791
2015-12-15,9.089168,9.327692,8.842779,9.254439,9.156275,78282937
2015-12-16,9.329377,9.397399,9.03488,9.111624,9.014999,93781265
2015-12-17,9.270552,9.285572,8.993277,9.106909,9.010359,110482181
2015-12-18,9.11326,9.234998,8.907541,8.95965,8.864686,166041649
2015-12-21,9.064482,9.541303,9.034802,9.206138,9.108636,165544231
2015-12-22,9.142717,9.342207,9.063144,9.268432,9.170295,107985518
2015-12-23,9.149199,9.660915,9.039192,9.556769,9.455604,103028091
2015-12-24,9.486697,9.839449,9.357832,9.771077,9.667671,164690119
2015-12-28,9.713271,9.784423,9.497061,9.574469,9.473247,85737624
2015-12-29,9.684946,9.909189,9.598398,9.788803,9.685342,103302735
2015-12-30,9.741408,10.129829,9.617236,10.101175,9.994439,129919270
2015-12-31,10.149228,10.286741,10.127043,10.252226,10.143922,139797487
2016-01-04,10.291788,10.398559,10.165806,10.21736,10.109535,117693991
2016-01-05,10.218012,10.543723,10.190562,10.40196,10.292215,75065068
2016-01-06,10.344323,10.836917,10.335982,10.830984,10.716742,125687882
2016-01-07,10.707935,11.254826,10.682528,11.112174,10.994997,79868961
2016-01-08,10.966781,11.407377,10.794216,11.122711,11.005452,276683171
2016-01-11,11.04398,11.094236,10.91722,10.986528,10.870795,91790616
2016-01-12,11.136153,11.19761,10.30147,10.350401,10.241396,119412831
2016-01-13,10.378278,10.760046,10.128357,10.568825,10.457549,92497877
2016-01-14,10.58302,10.870859,10.400707,10.865853,10.751479,134650334
2016-01-15,10.762622,10.875701,10.650976,10.860363,10.746077,155228651
2016-01-19,10.969097,11.115454,10.80249,10.862142,10.747954,108603169
2016-01-20,10.910487,11.247241,10.837301,11.211928,11.094094,126168383
2016-01-21,11.128449,11.229491,11.007148,11.181194,11.063713,108849062
2016-01-22,11.28466,11.714842,11.274491,11.668391,11.545823,133778220
2016-01-25,11.668907,11.702741,11.284871,11.379002,11.259566,216735860
2016-01-26,11.576723,11.614458,10.998512,11.151037,11.034024,150683150
2016-01-27,11.096651,11.331451,11.002847,11.2422,11.124261,147394491
2016-01-28,11.322908,11.340477,11.219533,11.234957,11.117124,128180191
2016-01-29,11.267508,11.484035,11.261247,11.463617,11.343416,112456213
2016-02-01,11.369721,11.48675,10.875809,10.993143,10.877965,109325696
2016-02-02,10.965151,11.047131,10.914032,11.035983,10.920386,88161165
2016-02-03,10.9465,11.042764,10.914755,10.962523,10.847725,94711533
2016-02-04,10.840478,11.119102,10.835763,11.063482,10.947657,64858108
2016-02-05,10.986652,11.208871,10.912713,11.152272,11.035548,107575600
2016-02-08,11.251389,11.397892,10.776646,10.937831,10.82344,102788588
2016-02-09,10.851955,11.030237,10.750846,10.936465,10.822118,133650186
2016-02-10,10.912069,11.146535,10.787393,10.97536,10.860636,136046033
2016-02-11,10.881735,11.224392,10.759343,11.200695,11.083646,110137592
2016-02-12,11.020389,11.331359,10.942525,11.293703,11.175713,195591633
2016-02-16,11.32664,11.486592,11.232788,11.459715,11.340114,198891024
2016-02-17,11.513757,11.520873,11.343686,11.353026,11.23457,142778320
2016-02-18,11.406747,11.575334,11.378786,11.524034,11.403825,79630779
2016-02-19,11.428294,11.694938,11.396936,11.656991,11.535427,132244350
2016-02-22,11.735764,11.83924,11.565032,11.709115,11.587102,126200691
2016-02-23,11.842247,12.080618,11.8072,12.074577,11.948789,167755484
2016-02-24,12.20943,12.238437,12.059345,12.077588,11.951801,93865405
2016-02-25,12.064286,12.546585,11.884993,12.468294,12.338472,106658172
2016-02-26,12.45756,12.586941,12.048012,12.113783,11.987685,123536960
2016-02-29,12.066817,12.552733,12.019551,12.463384,12.333747,115575452
2016-03-01,12.597269,12.619741,12.219439,12.264191,12.13666,137972561
2016-03-02,12.236117,12.264322,11.92646,12.057082,11.931737,140213673
2016-03-03,12.045499,12.209875,11.6224,11.868237,11.744888,125779666
2016-03-04,11.837268,12.30615,11.673101,12.268098,12.140626,117186737
2016-03-07,12.173016,12.256596,11.793217,11.937346,11.813408,136544758
2016-03-08,11.913834,12.330602,11.81927,12.261589,12.134318,106690910
2016-03-09,12.337169,12.349427,11.810428,11.910291,11.786698,214297607
2016-03-10,12.036719,12.079193,11.843394,11.878931,11.755696,164464299
2016-03-11,12.009001,12.0475,11.774474,11.799986,11.677602,193622976
2016-03-14,11.861102,12.06419,11.61955,11.717439,11.596006,118391239
2016-03-15,11.691814,12.473779,11.662671,12.383504,12.255202,114587658
2016-03-16,12.326531,12.397522,12.029573,12.123441,11.997866,189557863
2016-03-17,12.007621,12.18255,11.92489,12.091869,11.966653,144854036
2016-03-18,12.12145,12.271245,12.011877,12.166883,12.040924,113694779
2016-03-21,12.112551,12.657567,12.073148,12.620559,12.490006,135579429
2016-03-22,12.737388,12.965787,12.684396,12.957679,12.823674,68813804
2016-03-23,12.944719,13.262771,12.816159,13.111648,12.976086,118173711
2016-03-24,13.143853,13.325083,12.748323,13.021295,12.886702,100901921
2016-03-28,13.197849,13.264892,12.467997,12.576383,12.446526,199958715
2016-03-29,12.4797,12.634363,12.440686,12.534803,12.405408,86978447
2016-03-30,12.544136,12.638641,12.313446,12.584141,12.454271,103573795
2016-03-31,12.358936,12.464968,11.971863,11.993404,11.869663,133142360
2016-04-01,11.926572,12.290742,11.688943,12.004733,11.880908,169674072
2016-04-04,11.848085,12.25921,11.736114,12.023147,11.89923,64675473
2016-04-05,12.056232,12.647139,11.869902,12.529319,12.400219,139025156
2016-04-06,12.67514,12.818885,12.65149,12.767798,12.636276,122984153
2016-04-07,12.651167,12.811352,12.335335,12.514272,12.385395,107198083
2016-04-08,12.465785,12.759897,12.056645,12.13902,12.01404,172443387
2016-04-11,12.01174,12.168548,11.869474,12.091405,11.967013,66417361
2016-04-12,12.000278,12.218127,11.678735,12.104755,11.980259,113365411
2016-04-13,12.130621,12.191447,11.213864,11.263405,11.147592,121302639
2016-04-14,11.164657,11.848107,11.015901,11.676738,11.556707,178739379
2016-04-15,11.804864,12.066246,11.202032,11.267761,11.151965,121954023
2016-04-18,11.242636,11.927653,11.176349,11.622159,11.502816,117581977
2016-04-19,11.610242,12.255715,11.447635,11.753376,11.632717,85303527
2016-04-20,11.896894,11.937906,10.995323,11.170625,11.055978,129611829
2016-04-21,11.020263,11.158787,10.76075,10.797186,10.686402,173773947
2016-04-22,10.814726,11.255288,10.46456,10.631111,10.522059,118604750
2016-04-25,10.609836,10.782984,10.184034,10.337344,10.23139,146543065
2016-04-26,10.564712,10.71508,10.270948,10.286185,10.180783,104531896
2016-04-27,10.222905,10.737859,10.124048,10.707256,10.597568,119865625
2016-04-28,10.767529,10.851201,10.058179,10.326042,10.220287,106392034
2016-04-29,10.22276,10.520797,10.094813,10.45796,10.350883,158149384
2016-05-02,10.536973,10.985862,10.392235,10.766551,10.656402,129535855
2016-05-03,10.806442,10.960578,10.672317,10.7514,10.641435,81907940
2016-05-04,10.650406,10.697935,10.480218,10.614505,10.505969,100860200
2016-05-05,10.626255,10.905015,10.529896,10.737381,10.627618,161117854
2016-05-06,10.499383,10.93364,10.390752,10.871798,10.76069,97618894
2016-05-09,10.920112,11.290913,10.847203,11.214123,11.099608,113961252
2016-05-10,11.360187,12.203786,11.078828,11.970164,11.847961,208194351
2016-05-11,11.952507,12.506998,11.795132,12.418777,12.292027,192064040
2016-05-12,12.526606,12.622893,12.245139,12.530611,12.402754,107227708
2016-05-13,12.667282,12.853569,11.998103,12.280943,12.155666,86186895
2016-05-16,12.377342,13.208593,12.160834,12.978052,12.84577,214483148
2016-05-17,12.817147,13.627704,12.718522,13.358859,13.222732,104433092
2016-05-18,13.313757,13.747604,13.220042,13.4892,13.351782,118855318
2016-05-19,13.47582,13.538574,13.107416,13.352344,13.216356,102458081
2016-05-20,13.340771,13.543927,13.039708,13.047381,12.914534,116538036
2016-05-23,12.857472,13.750473,12.783448,13.477116,13.340003,164566559
2016-05-24,13.676165,13.740297,12.863221,13.042097,12.909445,159785187
2016-05-25,13.120204,13.486342,12.920937,13.458245,13.321397,142256101
2016-05-26,13.537821,13.693578,13.27064,13.301499,13.166281,161464154
2016-05-27,13.348941,13.580056,12.296707,12.463899,12.33723,105904137
2016-05-31,12.411811,12.53907,11.838689,11.925292,11.804226,111211821
2016-06-01,11.645329,12.680038,11.504381,12.532787,12.405587,166764320
2016-06-02,12.450635,13.031507,12.244385,12.872462,12.741849,178629091
2016-06-03,12.971858,13.265625,12.726631,13.012381,12.880384,85532313
2016-06-06,12.860082,13.257483,12.703398,12.831222,12.701167,76073369
2016-06-07,12.869048,13.007458,12.666444,12.672223,12.543814,98501379
2016-06-08,12.607257,13.184858,12.546645,13.14282,13.009678,219729680
2016-06-09,13.007319,13.648627,12.895862,13.412174,13.27634,96183640
2016-06-10,13.217384,13.84237,13.049448,13.603445,13.465711,85107346
2016-06-13,13.497803,13.78262,13.429811,13.640569,13.502569,71639894
2016-06-14,13.484616,13.614383,12.913056,13.126466,12.993703,102009644
2016-06-15,13.080939,13.305244,13.049803,13.088108,12.955769,54041306
2016-06-16,12.824382,13.328163,12.528516,13.180931,13.047689,131713301
2016-06-17,13.137857,13.517118,12.962365,13.396566,13.26118,119267092
2016-06-20,13.438646,14.297263,13.357468,14.290158,14.145857,122599511
2016-06-21,14.19098,14.317906,14.120166,14.30776,14.163321,124632731
2016-06-22,14.291352,14.311447,13.907212,14.054675,13.912829,87775839
2016-06-23,13.926956,14.274606,13.883632,14.210166,14.066789,153696553
2016-06-24,14.349164,14.670216,14.268956,14.470686,14.32472,64204565
2016-06-27,14.450376,14.779454,14.059051,14.135539,13.993068,125540297
2016-06-28,14.51034,14.606354,13.931622,14.134071,13.991653,86944624
2016-06-29,14.248389,14.322619,13.551007,13.713395,13.575253,96499698
2016-06-30,13.81521,13.852086,13.296142,13.422695,13.287518,190783410
2016-07-01,13.313522,14.08437,13.214841,13.977803,13.837073,99476995
2016-07-05,13.981991,13.988781,13.551895,13.658462,13.521096,112841271
2016-07-06,13.654572,13.691096,13.16631,13.409793,13.274964,150488493
2016-07-07,13.445274,13.575031,13.255132,13.33857,13.204493,61132347
2016-07-08,13.462887,13.667385,13.007275,13.174456,13.042065,118793357
2016-07-11,13.315691,13.348122,13.130197,13.168382,13.036158,112450537
2016-07-12,13.04707,13.361884,12.931418,13.019485,12.888792,93103619
2016-07-13,12.928212,13.085401,12.263911,12.513789,12.388206,84274004
2016-07-14,12.573196,12.701218,12.3454,12.458128,12.333138,112790892
2016-07-15,12.550874,12.581443,11.977331,12.044669,11.923859,203789842
2016-07-18,11.999454,12.776957,11.910196,12.66424,12.537319,151778803
2016-07-19,12.729988,13.165428,12.460543,13.08366,12.952571,180688791
2016-07-20,12.905676,13.295841,12.881129,13.203266,13.071015,125895922
2016-07-21,13.215633,13.415997,13.130672,13.353172,13.219455,157610092
2016-07-22,13.379232,13.44233,13.064792,13.15963,13.027887,330129893
2016-07-25,13.392789,13.63714,13.088138,13.16711,13.0354,154402828
2016-07-26,12.902571,13.957271,12.830757,13.855259,13.716702,236199714
2016-07-27,13.76001,13.91132,13.618872,13.745336,13.607916,175508746
2016-07-28,13.670557,13.770892,13.512706,13.526181,13.390988,108516846
2016-07-29,13.617293,14.091146,13.543364,13.781797,13.644087,97934386
2016-08-01,13.714353,14.144749,13.666412,14.128967,13.987903,123458770
2016-08-02,14.186264,14.226962,14.054084,14.069697,13.929263,117291463
2016-08-03,13.931226,14.224693,13.874923,14.105221,13.964471,112833639
2016-08-04,14.013545,14.084622,13.553045,13.599281,13.463615,101777668
2016-08-05,13.716213,14.158818,12.970529,13.235257,13.103259,94183443
2016-08-08,13.23431,13.319469,12.901778,13.107147,12.976534,100399838
2016-08-09,12.970964,13.196695,12.942323,12.976573,12.847295,171740773
2016-08-10,12.897778,13.239884,12.118607,12.209654,12.08805,86258672
2016-08-11,12.179755,12.618523,12.151335,12.539174,12.414322,158242709
2016-08-12,12.369846,12.607219,12.135732,12.540927,12.416092,156124368
2016-08-15,12.599398,12.688491,12.198313,12.439186,12.315465,114388814
2016-08-16,12.457078,12.519796,11.748965,11.918757,11.800244,159509777
2016-08-17,11.94947,12.633214,11.873865,12.502747,12.378461,162580812
2016-08-18,12.421468,12.44164,12.115142,12.325067,12.20258,64244114
2016-08-19,12.181777,12.707142,12.165725,12.333241,12.210707,105725757
2016-08-22,12.202939,12.257836,11.833897,12.047834,11.928233,77404589
2016-08-23,11.810556,11.852847,11.766399,11.807178,11.689998,101707057
2016-08-24,11.947107,12.139789,10.888367,11.145554,11.034971,160258746
2016-08-25,11.129945,11.341807,10.457372,10.724304,10.617929,159576740
2016-08-26,10.994993,11.143358,10.722196,10.890868,10.782871,115241022
2016-08-29,10.836115,11.363028,10.654554,11.282888,11.171095,92508915
2016-08-30,11.361491,11.499671,11.215814,11.363598,11.251036,85965206
2016-08-31,11.198513,11.341311,11.06616,11.333149,11.22092,136612284
2016-09-01,11.393137,11.532223,11.373022,11.415828,11.302812,123157501
2016-09-02,11.499645,11.872384,11.3409,11.660463,11.545056,107077059
2016-09-06,11.73624,12.270745,11.632552,11.976548,11.858143,139352989
2016-09-07,11.825486,12.041148,11.619064,12.011213,11.892497,84124637
2016-09-08,12.195929,12.33196,11.628799,11.653706,11.538555,132266258
2016-09-09,11.824941,11.838694,11.319513,11.350702,11.238576,141651215
2016-09-12,11.28862,11.395528,11.093113,11.196599,11.086086,80134244
2016-09-13,11.099864,11.563,11.044851,11.427106,11.314349,124549777
2016-09-14,11.393574,11.457308,11.153345,11.394158,11.281757,217334412
2016-09-15,11.305247,11.395732,11.037695,11.288617,11.177288,119542189
2016-09-16,11.045999,11.161301,10.703876,10.965313,10.857202,91156666
2016-09-19,10.882675,10.950737,10.654136,10.767961,10.661883,64852939
2016-09-20,10.847585,10.992098,10.746877,10.775333,10.669212,117652852
2016-09-21,10.606521,11.428276,10.429284,11.194648,11.084427,155692118
2016-09-22,11.282168,11.881983,11.268564,11.832054,11.71559,119637775
2016-09-23,11.809546,11.923564,11.637971,11.774455,11.658589,73799763
2016-09-26,11.888322,12.034825,11.324851,11.447632,11.335076,150132727
2016-09-27,11.440755,11.825612,11.417292,11.731082,11.615771,81705305
2016-09-28,11.937348,12.052674,11.925766,11.99782,11.879919,175373910
2016-09-29,12.048233,12.259541,11.894605,12.171281,12.051709,220962726
2016-09-30,12.254503,12.498104,12.095753,12.47665,12.354112,131496965
2016-10-03,12.542161,12.567989,12.167578,12.205368,12.085594,95991647
2016-10-04,12.181222,12.603686,12.116879,12.456499,12.334294,84675640
2016-10-05,12.426881,12.86626,12.391223,12.851031,12.724991,120444704
2016-10-06,13.016469,13.197559,12.992688,13.046875,12.918949,121204383
2016-10-07,13.12781,13.450583,13.086892,13.420302,13.288751,207726453
2016-10-10,13.382529,13.509413,13.362651,13.493187,13.36103,61876751
2016-10-11,13.451603,13.577768,12.892929,13.065754,12.93782,89877348
2016-10-12,13.018852,13.257955,12.746836,13.055154,12.927359,117258255
2016-10-13,13.073673,13.248171,12.974722,13.192045,13.062945,109551368
2016-10-14,13.071423,13.14967,12.923724,12.980119,12.853129,103768921
2016-10-17,12.948228,13.227667,12.845132,13.054997,12.92738,123649314
2016-10-18,13.025644,13.085407,12.670862,12.744552,12.620004,114744701
2016-10-19,13.030385,13.185955,12.720421,12.755841,12.631217,70862414
2016-10-20,12.699836,12.738978,12.273858,12.279102,12.159169,153247806
2016-10-21,12.547859,12.790739,11.998283,12.144983,12.026394,136379636
2016-10-24,12.131223,12.530084,11.980212,12.214979,12.095806,90377658
2016-10-25,12.176126,12.24926,12.006698,12.127263,12.008978,137118908
2016-10-26,11.823854,12.572264,11.686213,12.45469,12.333245,79690974
2016-10-27,12.572247,12.831757,12.446024,12.591863,12.469115,71226915
2016-10-28,12.59478,12.625406,12.432521,12.465909,12.344422,128070134
2016-10-31,12.468129,12.527044,11.982109,12.075125,11.957546,96492194
2016-11-01,11.984435,12.167183,11.78517,11.842693,11.727409,90566375
2016-11-02,11.740545,11.997114,11.571613,11.909324,11.793423,135451874
2016-11-03,11.936039,12.193671,11.882061,12.048247,11.931026,126842264
2016-11-04,12.27614,12.286328,12.224333,12.23424,12.115244,81431434
2016-11-07,12.226048,12.330322,11.750427,12.003592,11.886937,114806596
2016-11-08,12.064143,12.088004,11.862078,12.020211,11.903427,119387908
2016-11-09,11.875466,12.088867,11.504982,11.599367,11.486703,97176239
2016-11-10,11.503777,12.112811,11.356474,11.858696,11.743545,87961447
2016-11-11,11.970088,11.995605,11.707418,11.783962,11.669569,63421035
2016-11-14,11.781211,12.010492,11.710303,11.924014,11.808358,58407001
2016-11-15,11.910892,12.267435,11.767529,12.175042,12.056984,121226628
2016-11-16,12.253376,12.421438,12.012668,12.093892,11.976654,103387272
2016-11-17,12.132421,12.495618,12.041335,12.351452,12.23175,116063690
2016-11-18,12.298123,12.554991,12.085144,12.537573,12.416102,94696880
2016-11-21,12.408613,12.532135,12.107934,12.25902,12.140348,146794045
2016-11-22,12.008469,12.479081,11.866633,12.386574,12.2667,96783435
2016-11-23,12.25144,12.276217,11.817583,11.886712,11.771708,95541924
2016-11-25,12.036183,12.307191,11.628116,11.654446,11.541752,109689298
2016-11-28,11.610172,11.847276,11.134754,11.282604,11.173598,124798287
2016-11-29,11.089107,11.80901,10.927634,11.679207,11.5664,100346218
2016-11-30,11.690681,12.051883,11.585387,11.949853,11.834465,80514215
2016-12-01,12.189708,12.535787,12.152048,12.314858,12.195979,123466130
2016-12-02,12.315909,12.95838,12.232549,12.846409,12.722433,83372225
2016-12-05,12.90109,13.212928,12.622107,12.736826,12.614012,156474513
2016-12-06,12.765114,13.015008,12.693508,12.969297,12.844276,95773718
2016-12-07,13.046307,13.107259,12.731539,12.745112,12.622287,84642025
2016-12-08,12.583788,13.616445,12.554094,13.55576,13.425159,149069745
2016-12-09,13.528427,13.661655,13.258561,13.480095,13.35026,180825265
2016-12-12,13.42528,13.500139,13.307029,13.373686,13.244984,143184551
2016-12-13,13.4999,13.875943,13.128059,13.858938,13.725605,115088071
2016-12-14,13.84589,14.399663,13.767727,14.341015,14.203082,112130721
2016-12-15,14.202004,15.03378,14.135981,14.702545,14.561175,100869908
2016-12-16,14.919951,14.935948,14.549957,14.781558,14.639469,141957097
2016-12-19,14.947916,15.126054,14.861613,15.071982,14.927223,108695713
2016-12-20,15.045452,15.13299,14.699882,15.016069,14.871888,79841079
2016-12-21,15.113267,15.243393,15.093491,15.147448,15.002047,119370164
2016-12-22,14.905943,15.869662,14.780233,15.827027,15.675145,122923455
2016-12-23,15.752616,16.107957,15.42766,15.969696,15.816488,142269893
2016-12-27,15.998327,16.386349,15.949433,15.992156,15.838907,167767374
2016-12-28,15.856175,15.976544,15.623167,15.966221,15.813263,111925833
2016-12-29,16.034196,16.550602,15.605971,16.391758,16.234768,115959149
2016-12-30,16.421623,17.043982,16.338242,16.716621,16.556565,120145610
2017-01-03,16.787442,17.202033,16.673052,16.996316,16.833766,127846869
2017-01-04,16.9087,17.722809,16.663698,17.681297,17.512244,93504645
2017-01-05,17.710703,17.873458,17.355974,17.56765,17.399731,119108895
2017-01-06,17.796356,17.842647,17.129437,17.272524,17.107473,136895623
2017-01-09,17.364133,18.092646,17.317316,18.004211,17.832315,149575262
2017-01-10,18.010979,18.102823,17.868682,18.082065,17.909475,87957274
2017-01-11,17.952559,18.191256,17.846302,18.116895,17.944022,63928877
2017-01-12,18.34982,18.631576,17.762885,17.812911,17.642986,144437471
2017-01-13,17.492985,17.678546,17.408093,17.554681,17.387267,69281063
2017-01-17,17.49928,17.828094,17.20373,17.721889,17.553072,157419791
2017-01-18,17.637358,18.409363,17.427646,18.317808,18.143365,163688147
2017-01-19,18.28548,18.308302,18.067671,18.092499,17.920251,96051901
2017-01-20,18.180307,18.59423,18.027549,18.453559,18.277923,111216143
2017-01-23,18.525886,18.570391,18.130636,18.269133,18.095401,154189147
2017-01-24,18.256009,19.441445,17.999422,19.325309,19.141585,120386707
2017-01-25,19.135829,19.757032,18.97863,19.600045,19.413763,107302724
2017-01-26,19.555659,19.572093,18.846503,19.010881,18.83025,183658810
2017-01-27,19.086754,19.138113,18.771296,18.821483,18.642702,113074750
2017-01-30,18.844522,18.907091,17.875403,18.317599,18.143754,105651601
2017-01-31,18.351124,18.863357,18.22312,18.393098,18.218587,79219359
2017-02-01,18.494411,20.190496,18.291029,19.557015,19.371513,164710359
2017-02-02,19.336515,19.571489,19.026929,19.192218,19.010228,103476619
2017-02-03,19.257484,19.308341,18.678369,18.788207,18.610099,116223324
2017-02-06,18.917323,19.353299,18.808248,19.093631,18.912783,125039893
2017-02-07,19.050511,19.612246,18.911285,19.556405,19.371227,185176057
2017-02-08,19.367431,19.401419,18.204737,18.50103,18.325895,133695687
2017-02-09,18.731643,18.889043,18.541077,18.696235,18.519303,99731066
2017-02-10,18.748641,19.154796,17.994186,18.037525,17.866876,97045554
2017-02-13,18.240433,18.381844,16.703567,16.895495,16.735788,160134611
2017-02-14,17.064821,17.141211,15.921534,16.224041,16.070725,140131493
2017-02-15,16.314829,16.526559,15.899401,16.364585,16.209985,130755224
2017-02-16,16.418557,16.601844,16.234105,16.498389,16.34257,224144204
2017-02-17,16.729815,16.928874,16.624973,16.797651,16.639051,155665994
2017-02-21,16.910511,16.929436,16.352557,16.399898,16.245231,148108164
2017-02-22,16.636738,16.777891,16.528638,16.60262,16.446086,103357565
2017-02-23,16.532153,17.202361,16.45566,17.174484,17.012605,156994544
2017-02-24,17.2123,17.70269,17.06464,17.30362,17.140572,116552643
2017-02-27,17.346969,17.800595,17.228791,17.526409,17.361404,89910266
2017-02-28,17.311879,19.066211,17.229134,18.80315,18.626176,109083583
2017-03-01,19.107992,19.582465,18.060765,18.183104,18.012015,117493602
2017-03-02,18.057517,18.424257,18.023291,18.385458,18.212515,104851018
2017-03-03,18.403425,18.579656,17.972074,18.512392,18.338304,163473356
2017-03-06,18.404914,18.694316,18.134946,18.683489,18.507945,70415903
2017-03-07,18.425541,18.859906,18.323112,18.521739,18.347765,83391656
2017-03-08,18.318673,18.758519,18.112942,18.507158,18.333371,111990687
2017-03-09,18.446911,18.895492,17.962873,18.754368,18.57831,52594555
2017-03-10,18.655668,19.489356,18.551403,18.807335,18.630831,125818975
2017-03-13,18.818258,19.161739,18.578217,18.604393,18.429945,102250879
2017-03-14,18.387902,18.827403,18.139617,18.689983,18.514783,121509450
2017-03-15,18.479715,18.737286,18.201439,18.72977,18.554248,93688825
2017-03-16,18.581984,18.754016,18.475556,18.554068,18.380242,101484608
2017-03-17,18.781461,19.219904,18.473815,19.048763,18.870355,90794974
2017-03-20,19.054477,19.078706,18.178628,18.33843,18.166824,146323729
2017-03-21,18.465659,18.864661,18.446175,18.796255,18.620416,62156768
2017-03-22,18.790589,18.909357,18.245921,18.30041,18.129259,263021869
2017-03-23,18.324276,18.458525,17.834583,18.448716,18.276228,123278638
2017-03-24,18.622153,18.988719,18.417719,18.852234,18.676024,156894758
2017-03-27,18.803323,19.128504,18.48128,18.970012,18.792856,151901736
2017-03-28,18.979305,19.219194,18.586876,18.834005,18.65817,101031762
2017-03-29,18.932259,19.100131,18.596047,18.944125,18.767314,140082006
2017-03-30,18.899145,19.127445,18.297975,18.471972,18.299618,135146938
2017-03-31,18.676001,18.951529,18.305992,18.924373,18.747848,139014880
2017-04-03,18.636312,18.750662,18.324744,18.580569,18.407403,146455040
2017-04-04,18.561395,19.00166,18.456129,18.796931,18.6218,179749779
2017-04-05,18.732413,18.769397,18.607879,18.759808,18.585074,56849515
2017-04-06,19.0337,19.260391,18.599536,18.874779,18.699024,118032860
2017-04-07,18.693468,19.096301,18.661823,19.070802,18.893274,92632880
2017-04-10,19.248747,19.70814,19.164173,19.475506,19.294369,157399457
2017-04-11,19.461057,19.953423,19.36819,19.775583,19.591708,136710159
2017-04-12,19.793363,19.864196,19.516137,19.599407,19.417224,130196591
2017-04-13,19.582781,20.108822,19.408109,20.018113,19.832092,105126493
2017-04-17,20.037206,20.369906,19.217966,19.495335,19.314383,108668291
2017-04-18,19.674503,20.22668,19.46826,19.9403,19.755273,177732213
2017-04-19,20.054346,20.54161,19.779772,20.288334,20.100132,167706974
2017-04-20,20.424085,20.528141,20.335369,20.495456,20.305388,59827782
2017-04-21,20.336947,20.650146,20.004134,20.543216,20.352762,78054776
2017-04-24,20.625804,20.718717,20.457048,20.56458,20.374095,98790955
2017-04-25,20.410949,20.661884,20.274701,20.540777,20.350568,118905156
2017-04-26,20.599215,21.125229,20.526024,20.97524,20.781065,110173251
2017-04-27,21.023543,21.173616,20.499509,20.623401,20.432538,163068864
2017-04-28,20.627718,20.807873,20.505922,20.76935,20.577194,153706890
2017-05-01,20.900796,21.811847,20.740384,21.643642,21.443573,142988521
2017-05-02,21.491195,21.927937,21.451864,21.893675,21.691353,85955723
2017-05-03,21.585782,22.168234,21.449011,22.129663,21.925221,132822202
2017-05-04,21.855185,22.59823,21.724313,22.49934,22.291543,115964216
2017-05-05,22.582323,22.789836,22.231034,22.314283,22.108256,125557724
2017-05-08,22.266237,22.421394,21.784201,22.008258,21.805236,161042854
2017-05-09,22.02764,22.098154,21.496675,21.956836,21.754347,116736369
2017-05-10,22.036424,22.44565,22.000449,22.361893,22.15573,61184077
2017-05-11,22.171795,23.316854,21.968049,22.794828,22.584735,164443150
2017-05-12,22.937315,23.246484,22.717564,23.146856,22.933582,123230508
2017-05-15,23.021027,23.187406,22.764587,23.117937,22.905117,89656380
2017-05-16,23.030827,23.26418,22.752226,23.096281,22.883723,96175454
2017-05-17,23.262527,23.915311,23.169741,23.873614,23.653967,160321186
2017-05-18,24.035295,24.269266,23.682811,24.010027,23.78919,153769268
2017-05-19,24.115094,25.289916,23.918482,25.191844,24.960205,105075302
2017-05-22,25.030973,26.110316,24.989224,25.986298,25.747566,112011116
2017-05-23,26.053813,26.202897,25.491098,25.767674,25.53102,137102639
2017-05-24,25.853336,26.762712,25.660178,26.651082,26.406388,211139037
2017-05-25,26.712361,26.810516,26.486288,26.594184,26.350084,98335658
2017-05-26,26.581361,26.947857,26.248494,26.911457,26.664518,152070762
2017-05-30,26.983605,27.106425,26.153488,26.494549,26.251723,83880614
2017-05-31,26.372588,26.816998,25.424239,25.744013,25.508135,222348437
2017-06-01,26.136989,26.374979,25.098389,25.433,25.200041,116567214
2017-06-02,25.003332,25.57723,24.736477,25.271329,25.03992,137277629
2017-06-05,25.765747,26.374874,24.560903,24.833245,24.606049,137393585
2017-06-06,24.970405,25.355745,23.505039,23.576031,23.360401,173133041
2017-06-07,23.398544,24.766833,23.382966,24.473153,24.249384,87574620
2017-06-08,24.71442,25.191113,24.061064,24.946205,24.718178,81062189
2017-06-09,25.321341,25.407671,24.761146,25.304137,25.072907,132041914
2017-06-12,25.233887,25.270355,24.578717,24.807036,24.580551,93606244
2017-06-13,24.828569,25.766482,24.77087,25.476912,25.24438,76646844
2017-06-14,25.739203,26.384237,25.295948,25.365374,25.133929,154944527
2017-06-15,25.206984,26.925419,25.162974,26.641865,26.398845,169641362
2017-06-16,26.586302,26.81409,26.409834,26.756162,26.512172,112497500
2017-06-19,26.685564,26.961326,26.583582,26.882751,26.637826,98716363
2017-06-20,26.840308,28.817883,26.695161,28.329745,28.071713,85041177
2017-06-21,28.151239,29.869776,27.714469,28.883619,28.620621,110249649
2017-06-22,28.528451,29.474949,28.355979,28.716058,28.454663,68038337
2017-06-23,28.689712,28.872703,28.276712,28.46041,28.20142,80193185
2017-06-26,28.577023,28.63119,26.493691,26.740983,26.497857,96525842
2017-06-27,26.215619,26.332122,24.891722,25.108811,24.880593,71626210
2017-06-28,25.562003,25.876962,24.505586,24.551009,24.327927,152369939
2017-06-29,24.606967,25.151732,24.494078,24.742306,24.517553,97383706
2017-06-30,24.748246,25.199209,24.618275,24.991088,24.764143,152242477
2017-07-03,25.120726,25.592359,24.047726,24.132427,23.913476,145022228
2017-07-05,23.630506,24.156315,23.485472,23.898489,23.681791,127227367
2017-07-06,23.846417,24.616244,23.24276,24.104358,23.885858,109801128
2017-07-07,23.66557,24.328794,23.410534,24.264364,24.04448,138365249
2017-07-10,24.250319,24.282894,23.728914,23.902932,23.686517,117981069
2017-07-11,23.711399,24.741203,23.53993,24.230796,24.011478,91149851
2017-07-12,24.189939,24.426839,23.367319,23.46369,23.251379,242223922
2017-07-13,23.514341,23.748006,22.673179,22.954016,22.746379,186569407
2017-07-14,22.786708,22.830715,22.72773,22.775072,22.569116,97323580
2017-07-17,23.039406,23.542739,22.910692,23.164107,22.954822,113804941
2017-07-18,23.125829,23.520872,23.10002,23.44382,23.23207,128003225
2017-07-19,23.529235,23.827731,22.260451,22.636011,22.431619,133561414
2017-07-20,22.635156,22.75456,21.948637,21.973412,21.775063,116996997
2017-07-21,22.068616,22.513633,21.319272,21.471102,21.277345,90964778
2017-07-24,21.940523,23.333563,21.741206,22.957112,22.750133,170819071
2017-07-25,22.858754,23.029431,22.544205,22.712432,22.50772,102821881
2017-07-26,22.536813,22.729208,21.353415,21.57525,21.380846,103912193
2017-07-27,21.596928,22.088582,21.362043,22.024693,21.826299,118788697
2017-07-28,21.736197,21.779875,21.053693,21.078158,20.888347,91794721
2017-07-31,21.197004,21.51413,20.676721,20.874205,20.686401,83664912
2017-08-01,20.815976,20.983084,20.437495,20.71241,20.526119,102649609
2017-08-02,20.761476,21.532265,20.630398,21.432117,21.23941,187937567
2017-08-03,21.627391,21.663087,20.376981,20.725252,20.538957,198880138
2017-08-04,20.88877,21.553611,20.812186,21.214522,21.023887,243089068
2017-08-07,21.150916,21.464255,20.280775,20.483435,20.299536,93907190
2017-08-08,20.551033,20.718416,20.528291,20.619977,20.434908,119969668
2017-08-09,20.574409,20.645601,20.35313,20.621838,20.436808,96622099
2017-08-10,20.870889,21.535442,20.307476,20.554834,20.370461,131750210
2017-08-11,20.665074,21.190389,20.366302,21.134551,20.945036,139577266
2017-08-14,21.088966,21.525582,20.90111,21.498306,21.305703,156183198
2017-08-15,21.594801,22.112756,20.549707,20.620525,20.435843,67214821
2017-08-16,20.448731,20.980784,20.215628,20.290424,20.108753,148268104
2017-08-17,20.375096,21.807088,20.116772,21.203739,21.013949,103492678
2017-08-18,21.080764,21.091161,20.235992,20.325173,20.143302,75753109
2017-08-21,20.211237,21.707644,20.097854,21.568853,21.376029,198351781
2017-08-22,20.801134,21.282929,20.612752,21.103151,20.914547,125578313
2017-08-23,21.024816,21.817498,20.706957,21.54934,21.356807,170060980
2017-08-24,21.68012,21.759333,20.797985,21.354415,21.163681,95718914
2017-08-25,21.199204,21.818334,21.034507,21.427926,21.236594,110678486
2017-08-28,21.723062,22.155988,20.488717,21.036672,20.849005,113445505
2017-08-29,20.82379,22.162193,20.452771,21.736912,21.543057,128552585
2017-08-30,21.576783,21.639378,20.707615,21.261706,21.072147,115666811
2017-08-31,21.153816,22.078384,20.915626,21.876683,21.681701,161688401
2017-09-01,21.805049,21.838625,20.439355,20.971359,20.784502,164818204
2017-09-05,20.778866,20.931772,20.476311,20.488683,20.306349,124707858
2017-09-06,20.689613,21.225838,20.548661,20.823593,20.638335,144956538
2017-09-07,20.99729,21.22436,20.91245,21.19646,21.007943,124145165
2017-09-08,20.943873,21.424169,20.917011,21.23881,21.049973,146880005
2017-09-11,21.303106,22.267771,20.921951,21.735261,21.542187,192539008
2017-09-12,21.879209,22.639411,21.414668,22.513599,22.313672,122202729
2017-09-13,22.406601,22.479421,21.67539,21.808981,21.615371,98919374
2017-09-14,21.612242,22.770032,21.488242,22.394169,22.195424,115612897
2017-09-15,22.365667,22.832893,22.033738,22.291395,22.093623,80928910
2017-09-18,22.22242,22.824454,22.211751,22.582547,22.382376,166806038
2017-09-19,22.634639,22.908428,22.110889,22.204934,22.008171,67083817
2017-09-20,21.849226,21.993703,21.551926,21.788652,21.595636,133539353
2017-09-21,21.801957,23.444478,21.611189,23.387225,23.180112,158647252
2017-09-22,23.432684,23.660532,23.029312,23.137175,22.932339,126808262
2017-09-25,22.849403,23.894203,22.477628,23.606488,23.397689,104682599
2017-09-26,23.561312,24.116742,23.282081,23.779473,23.569209,134089886
2017-09-27,23.610853,24.712707,23.50389,24.660564,24.442576,100879507
2017-09-28,24.376157,25.508824,24.318955,25.169518,24.9471,113851164
2017-09-29,25.097084,25.70067,25.056564,25.462582,25.237643,138692734
2017-10-02,25.529948,26.379636,25.097393,26.099682,25.869327,84576945
2017-10-03,25.986979,26.497101,25.663569,26.375851,26.143129,55304406
2017-10-04,26.343982,27.29379,26.094486,27.171629,26.93196,72792554
2017-10-05,26.815247,26.860296,25.632759,26.09847,25.868338,106969336
2017-10-06,26.192669,27.71443,25.941222,27.073014,26.834362,166823567
2017-10-09,26.959488,26.974867,26.87088,26.894898,26.658035,117305000
2017-10-10,27.361525,27.480555,26.334755,26.63325,26.398763,98433477
2017-10-11,26.835308,26.927532,26.107049,26.483476,26.25038,162577327
2017-10-12,26.543777,26.661275,26.260831,26.552305,26.318675,118545378
2017-10-13,26.607059,26.960006,26.342269,26.907505,26.670823,132112637
2017-10-16,27.36821,27.659435,26.375947,26.769784,26.534531,91478186
2017-10-17,26.636967,28.191498,26.260215,27.981289,27.735465,99176236
2017-10-18,27.545146,27.777808,27.195069,27.439863,27.198871,130197181
2017-10-19,27.286196,29.050225,27.181423,28.983225,28.728757,99746494
2017-10-20,29.338003,29.733616,28.685873,28.885211,28.631682,134886522
2017-10-23,28.989412,29.759778,28.870455,29.626072,29.366281,109577665
2017-10-24,29.334801,31.018105,28.820388,30.906231,30.635299,250538347
2017-10-25,30.501025,33.046533,30.141131,32.877099,32.588979,132549007
2017-10-26,32.974,33.02188,32.816482,32.984576,32.695603,172310120
2017-10-27,33.221688,33.44698,32.031378,32.293163,32.010336,126747226
2017-10-30,32.275571,32.525045,31.133782,31.486068,31.210565,145544830
2017-10-31,31.967864,32.117609,31.218431,31.545526,31.269588,82401098
2017-11-01,31.7447,31.99483,31.433618,31.642728,31.366026,268961772
2017-11-02,31.712096,33.372029,31.514212,33.348222,33.056697,122378996
2017-11-03,33.497411,33.865866,31.519397,31.913184,31.63429,142632528
2017-11-06,31.831957,33.273583,31.425914,32.928487,32.640989,172545227
2017-11-07,32.664036,32.953138,31.654393,31.797453,31.519916,116977916
2017-11-08,32.17773,32.290551,31.858729,31.963882,31.684979,94434171
2017-11-09,31.722107,32.722077,31.64096,32.084093,31.804228,162460013
2017-11-10,31.986676,32.011656,31.251787,31.308884,31.035866,66466537
2017-11-13,31.232893,31.347677,30.552553,30.931985,30.662505,93820065
2017-11-14,30.653076,32.236642,30.402018,31.833568,31.55632,179732988
2017-11-15,31.934771,32.24235,30.859406,31.720515,31.444338,137667029
2017-11-16,31.978691,32.253351,30.333914,30.43599,30.171079,242233164
2017-11-17,30.878456,31.286555,30.371491,30.676268,30.40935,94217619
2017-11-20,31.032956,31.091535,30.591321,30.856305,30.588071,64893864
2017-11-21,30.925892,31.05658,30.56514,30.673166,30.406608,112037895
2017-11-22,30.607849,30.713414,29.744611,29.961298,29.701007,181912964
2017-11-24,30.115749,30.555495,29.985392,30.453369,30.188969,143177154
2017-11-27,30.688994,31.241265,30.661445,31.127329,30.857331,169219113
2017-11-28,30.742405,31.943705,30.70881,31.810669,31.53483,227623498
2017-11-29,31.359343,33.513492,31.29126,33.002352,32.716268,128431012
2017-11-30,32.809523,33.032787,32.471544,32.517586,32.235793,125651364
2017-12-01,32.817102,32.992424,32.286077,32.837829,32.55335,115744981
2017-12-04,33.326765,33.681661,32.12776,32.615071,32.332788,182178071
2017-12-05,32.551556,33.098817,29.876956,30.283739,30.021715,147318876
2017-12-06,30.114267,30.439953,28.989987,29.595931,29.339939,94189438
2017-12-07,29.483859,31.067653,29.31011,30.781616,30.515451,128651232
2017-12-08,31.123692,31.278414,30.900912,31.152695,30.883406,90439224
2017-12-11,31.175696,31.255729,29.418908,29.866091,29.608167,73110887
2017-12-12,30.447567,30.746966,30.25225,30.394811,30.132404,232453311
2017-12-13,30.333097,31.799624,29.351975,31.643869,31.370765,113574036
2017-12-14,31.962726,32.528497,31.481564,31.844776,31.570024,91979444
2017-12-15,31.48733,32.223455,30.627177,31.851836,31.577109,76649430
2017-12-18,31.703674,32.057464,31.654436,31.891459,31.61665,154634801
2017-12-19,31.894948,32.490103,31.196768,32.236897,31.959199,136141928
2017-12-20,32.447833,32.903129,30.740115,31.132454,30.864354,147627409
2017-12-21,31.127315,31.460356,29.008267,29.119642,28.868955,108888382
2017-12-22,29.561413,29.601415,29.45707,29.470789,29.217159,197819159
2017-12-26,29.303272,29.665625,29.035596,29.124207,28.873875,215317677
2017-12-27,29.150539,30.022226,28.880067,29.797069,29.541035,106217440
2017-12-28,29.798868,30.085333,29.279106,30.021339,29.76346,135428674
2017-12-29,29.705519,30.795547,29.650424,30.305082,30.044848,84639752
2018-01-02,29.891334,30.171543,29.645003,29.939051,29.682285,167950286
2018-01-03,30.39237,30.677771,30.188564,30.47412,30.212848,211582512
2018-01-04,30.540928,31.040636,29.660686,30.178637,29.91998,96803598
2018-01-05,30.048451,30.531793,30.010757,30.131139,29.872971,99372851
2018-01-08,30.038619,30.454671,28.708544,29.161381,28.911759,181782036
2018-01-09,29.216149,29.436541,29.157288,29.262792,29.012381,102029819
2018-01-10,29.164947,29.692207,28.995552,29.202493,28.952678,66694864
2018-01-11,29.282661,29.386869,28.229626,28.676948,28.431707,142287755
2018-01-12,28.835904,29.140248,28.186552,28.295292,28.053392,107400426
2018-01-16,28.28095,29.138086,28.245856,29.115704,28.867105,161600975
2018-01-17,28.625862,28.718323,27.97174,28.334213,28.092364,133919792
2018-01-18,28.11962,28.380133,27.539548,27.855625,27.617937,128847609
2018-01-19,27.744231,27.809744,27.589339,27.677001,27.440912,158167014
2018-01-22,27.578735,28.148251,27.510885,28.056917,27.817816,181506666
2018-01-23,28.175357,29.79216,27.9458,29.469775,29.218714,164009299
2018-01-24,29.247383,31.565694,29.032041,31.037489,30.773156,178475291
2018-01-25,31.498883,31.739394,31.059652,31.13243,30.867373,124199859
2018-01-26,30.903975,31.310914,30.547034,31.129141,30.864197,182120121
2018-01-29,31.437631,31.718789,30.25989,30.473368,30.214253,122295632
2018-01-30,30.331951,31.065225,29.92681,30.862834,30.600491,139773030
2018-01-31,30.835273,32.494275,30.364714,32.051084,31.778728,137526275
2018-02-01,32.074094,32.525833,31.419423,32.245417,31.971497,114770034
2018-02-02,31.992101,32.010337,31.664866,31.813062,31.542901,150436089
2018-02-05,31.823671,32.600539,31.788612,32.450384,32.175075,115185234
2018-02-06,32.040213,32.965912,32.02552,32.460324,32.185019,148176473
2018-02-07,32.509984,33.529547,32.137756,33.305225,33.022844,136758827
2018-02-08,33.316233,33.840892,32.883455,33.506994,33.222994,92281291
2018-02-09,33.848265,33.994276,33.104831,33.225426,32.943902,99982924
2018-02-12,33.097326,33.777598,32.888273,33.755105,33.469368,103158836
2018-02-13,33.312701,33.811556,31.645871,31.783537,31.514576,196001596
2018-02-14,31.706041,32.00866,31.509745,31.661989,31.394143,116518976
2018-02-15,31.464592,31.615942,30.176638,30.955957,30.694167,85349694
2018-02-16,31.048808,31.285695,30.350664,30.76827,30.508151,83550823
2018-02-20,30.402642,30.85763,30.322431,30.750699,30.491062,111653864
2018-02-21,30.917932,31.245911,30.561285,30.767835,30.508137,76770883
2018-02-22,30.61841,32.379907,30.319001,32.109419,31.838485,164218128
2018-02-23,31.942176,32.960506,31.718346,32.16269,31.891394,196147985
2018-02-26,32.288277,32.327746,31.584896,31.954888,31.685604,145279793
2018-02-27,31.771466,32.219297,31.310923,31.950962,31.681799,240897000
2018-02-28,31.721422,31.887199,31.461896,31.812538,31.544627,94540736
2018-03-01,31.862592,32.070062,31.620186,31.804984,31.537222,102949442
2018-03-02,31.627347,31.857857,31.185195,31.785934,31.518419,106659423
2018-03-05,31.793288,32.90561,31.698344,32.185797,31.915179,117952058
2018-03-06,32.070805,33.309129,31.816718,33.030614,32.752983,93227098
2018-03-07,33.219291,34.165394,32.933959,34.05301,33.766878,161117539
2018-03-08,34.08326,35.445048,33.723727,34.729134,34.437415,133723822
2018-03-09,34.609071,34.930627,33.187575,33.524968,33.243454,173889336
2018-03-12,33.617411,35.88228,33.175053,35.5169,35.218949,68688376
2018-03-13,35.650685,36.265201,35.193293,36.097326,35.794604,193300291
2018-03-14,35.829372,37.657128,35.323747,37.467542,37.153431,99594221
2018-03-15,37.932595,38.10742,37.554362,37.707498,37.391477,121715561
2018-03-16,37.681832,38.381521,37.420421,38.141918,37.82236,224753818
2018-03-19,37.92658,38.148722,37.679167,38.00516,37.687058,85868852
2018-03-20,38.42204,38.819706,37.953383,38.435938,38.114334,169740951
2018-03-21,38.088994,38.20461,36.830586,36.983146,36.673799,74274966
2018-03-22,37.073522,37.351137,36.68997,37.253102,36.941598,106625108
2018-03-23,37.442209,37.608075,36.660239,36.825948,36.518115,151841541
2018-03-26,36.903287,37.95695,36.669145,37.64724,37.332849,115670000
2018-03-27,37.554115,39.140685,37.17197,38.873267,38.548743,162093692
2018-03-28,38.585192,40.326834,37.875063,39.901997,39.568993,82958769
2018-03-29,39.936354,40.447914,39.908459,40.157702,39.822673,137994572
2018-04-02,40.25561,40.463989,39.486997,39.70116,39.370371,182339370
2018-04-03,40.329889,40.788984,39.504195,39.938366,39.605709,126248333
2018-04-04,40.193307,40.531401,37.80149,38.062065,37.74514,158176418
2018-04-05,37.774316,38.113948,37.248079,37.83992,37.524947,163722662
2018-04-06,37.674216,40.688297,37.435625,39.713897,39.383433,148281662
2018-04-09,39.763396,40.933579,39.369605,40.679537,40.341369,101598347
2018-04-10,41.475373,41.870965,39.381167,40.21457,39.880377,176627237
2018-04-11,40.383254,40.911199,39.584248,39.942537,39.610713,185051838
2018-04-12,39.56122,41.734152,39.42438,41.370926,41.027348,123319142
2018-04-13,41.256256,42.062929,40.890606,41.641338,41.295628,144105326
2018-04-16,42.038178,44.151942,41.638205,43.584803,43.223313,139415156
2018-04-17,43.594219,44.967412,43.540085,44.617662,44.247726,64373634
2018-04-18,44.207766,45.903706,43.986921,45.699768,45.320984,326372389
2018-04-19,45.686715,46.673356,45.570562,46.060502,45.678853,127773303
2018-04-20,45.509448,45.908043,45.137691,45.646582,45.268487,106697158
2018-04-23,45.886722,46.321453,45.555382,45.642922,45.265229,157166955
2018-04-24,45.644155,46.672854,45.227588,46.024357,45.643633,116206187
2018-04-25,46.179697,46.613657,45.339106,45.378775,45.003515,97864875
2018-04-26,45.1052,45.89603,44.549188,45.162348,44.789,112177536
2018-04-27,45.497854,45.692476,43.969729,44.443461,44.076176,156367296
2018-04-30,44.407556,44.606051,44.265328,44.580081,44.21203,67414521
2018-05-01,44.336544,45.676957,44.071637,45.577813,45.201649,115398503
2018-05-02,45.300478,45.544741,45.033488,45.453063,45.078052,152633077
2018-05-03,45.384334,46.226571,45.244906,45.733186,45.355988,113678552
2018-05-04,45.216352,46.126672,44.190577,44.908174,44.537902,124976147
2018-05-07,45.103216,46.280643,44.328546,46.170547,45.790243,150273600
2018-05-08,45.992634,46.493463,44.972523,45.183897,44.811842,102971599
2018-05-09,45.351876,45.45627,44.67307,45.039298,44.668556,118405926
2018-05-10,44.997792,45.800579,44.521835,45.734897,45.358554,68043665
2018-05-11,45.325764,45.436925,44.918293,45.305214,44.932529,135575487
2018-05-14,45.234305,45.311011,44.4509,44.723059,44.355528,137883092
2018-05-15,44.709098,44.994002,44.339099,44.93345,44.564312,202196168
2018-05-16,44.590013,44.75359,44.394428,44.5962,44.229954,101739406
2018-05-17,44.270089,45.816031,43.420262,45.270506,44.898845,171903228
2018-05-18,45.368952,45.727099,44.987118,45.006563,44.637191,122640332
2018-05-21,44.83817,46.36384,44.395184,45.793007,45.417554,144308308
2018-05-22,45.893119,46.975448,45.709927,46.712925,46.330056,119508369
2018-05-23,46.375227,46.88737,44.447799,44.490828,44.126293,107264957
2018-05-24,44.24009,44.971134,44.03926,44.912627,44.544758,129647361
2018-05-25,45.021442,45.119197,43.428635,43.708783,43.350893,101201254
2018-05-29,43.526381,44.033742,43.089128,43.588828,43.232393,171254779
2018-05-30,43.769629,44.673813,43.434918,44.538036,44.17396,79980235
2018-05-31,44.307052,45.050127,44.036508,44.690612,44.32541,69862501
2018-06-01,44.599025,45.052782,44.490278,44.538455,44.174618,120750281
2018-06-04,44.471254,45.410185,43.191907,43.82563,43.467974,151512619
2018-06-05,43.626039,44.390593,42.784871,43.478835,43.124126,104064012
2018-06-06,43.511074,44.512112,43.019036,43.970318,43.611719,140985343
2018-06-07,43.685577,43.882106,43.166691,43.731939,43.375403,131632651
2018-06-08,43.28631,43.838884,43.077578,43.744159,43.387642,115205564
2018-06-11,43.239844,44.635527,43.087333,44.355442,43.994305,119026533
2018-06-12,44.768248,45.101015,44.121906,44.303468,43.942874,130174431
2018-06-13,44.362333,46.559803,43.672374,45.970756,45.596717,172798256
2018-06-14,46.049765,46.74182,45.291243,45.549422,45.178934,166703447
2018-06-15,45.44918,46.05714,44.747668,44.851943,44.487251,135851930
2018-06-18,45.115337,45.274868,44.220873,44.471764,44.110525,160824816
2018-06-19,45.014682,45.759046,44.12482,44.459241,44.098224,103048747
2018-06-20,44.289842,47.885422,44.053772,47.131199,46.748614,114959339
2018-06-21,47.04446,47.935881,46.338332,47.291605,46.907846,71223436
2018-06-22,47.426774,47.450592,43.475488,44.634378,44.272302,154700651
2018-06-25,45.403947,45.431987,44.127214,44.596779,44.235372,120442779
2018-06-26,44.324524,45.75849,44.234871,45.381006,45.013367,83517472
2018-06-27,45.056721,47.887714,45.008803,47.104872,46.723396,168943226
2018-06-28,47.451625,47.671167,45.673083,46.084466,45.711379,153288480
2018-06-29,45.844747,46.382173,45.571211,46.101214,45.728116,63671194
2018-07-02,46.271705,48.465371,45.866502,47.822397,47.435759,171843286
2018-07-03,47.919399,48.828704,47.635328,48.272243,47.8821,72920421
2018-07-05,48.683787,49.171587,48.509645,48.608783,48.216183,118028687
2018-07-06,48.638137,49.597978,48.30831,48.538124,48.146227,125531113
2018-07-09,48.464869,48.94543,47.698952,48.415579,48.025066,114567451
2018-07-10,48.422741,48.892275,45.791718,46.262146,45.889128,177568926
2018-07-11,46.795837,47.267955,45.085626,45.108,44.74441,108337437
2018-07-12,44.95462,45.268814,43.899526,44.08413,43.728913,71570774
2018-07-13,43.907883,44.930532,43.597241,44.663713,44.303947,107010442
2018-07-16,44.758836,44.91209,44.104878,44.594725,44.235878,121378370
2018-07-17,44.51589,45.772223,44.253251,45.423089,45.0577,101915693
2018-07-18,44.766024,47.061962,44.64126,46.731631,46.355842,76500775
2018-07-19,46.866305,47.30557,44.544525,45.676888,45.309706,130664308
2018-07-20,45.321175,46.382363,44.648338,46.23593,45.864379,190852114
2018-07-23,46.195314,47.30102,45.753428,47.2712,46.891714,99540089
2018-07-24,47.097785,47.622424,45.147443,45.518358,45.153068,106541119
2018-07-25,45.244568,45.472081,44.777725,45.443408,45.078843,134931848
2018-07-26,45.635652,46.144739,45.196311,45.704668,45.338131,132459370
2018-07-27,46.168575,48.007621,46.13632,47.196493,46.81812,84663298
2018-07-30,46.99061,48.108913,46.434945,47.764396,47.381859,105026667
2018-07-31,48.000856,49.381079,47.758705,49.049297,48.656603,78659481
2018-08-01,49.684209,50.195177,49.190195,49.962742,49.562871,188931532
2018-08-02,50.866854,50.896124,49.782761,50.458706,50.055002,127817512
2018-08-03,50.360548,50.927754,49.380357,50.230958,49.829213,109522923
2018-08-06,49.956502,50.541299,48.962475,49.447987,49.052907,108285997
2018-08-07,49.817282,51.512769,49.657131,51.191649,50.782777,223689902
2018-08-08,51.437751,52.018456,51.341834,51.446939,51.036167,77565453
2018-08-09,51.018352,53.216917,49.903929,52.972888,52.550076,130825541
2018-08-10,53.416854,54.092882,51.33301,52.535517,52.116339,133759625
2018-08-13,52.760397,53.270245,52.211001,52.604059,52.184762,131317105
2018-08-14,52.900447,53.722151,52.450286,53.237793,52.81359,63899765
2018-08-15,53.270134,54.936497,52.732723,54.652653,54.217325,107067201
2018-08-16,54.127858,55.05661,54.053376,54.913474,54.476218,77453866
2018-08-17,55.01111,55.841323,54.803983,55.371183,54.930432,98288443
2018-08-20,55.188149,55.261347,53.710763,54.467966,54.034849,118678166
2018-08-21,54.521376,55.389861,54.180788,54.703496,54.268654,140457396
2018-08-22,54.808571,55.121433,53.839332,53.915984,53.487548,88014690
2018-08-23,54.519784,54.926709,53.411873,53.568531,53.143002,105721986
2018-08-24,53.204191,54.456088,53.073761,53.87469,53.446875,114568827
2018-08-27,53.94716,54.569155,52.463445,52.917808,52.498023,68123312
2018-08-28,52.971349,53.591898,52.928944,53.220478,52.798437,101966667
2018-08-29,53.493848,54.701537,53.218766,53.865961,53.438947,118791350
2018-08-30,53.864523,54.304557,53.276692,54.176641,53.747311,101700593
2018-08-31,54.401475,54.962107,52.243616,52.268814,51.854745,178508456
2018-09-04,52.587609,52.794685,52.124543,52.195438,51.782518,152904588
2018-09-05,51.46036,53.150333,51.254475,52.89053,52.472254,108990627
2018-09-06,52.424637,52.497599,50.839643,51.355502,50.949506,97772755
2018-09-07,50.976232,51.340186,50.952549,51.317135,50.911581,92458690
2018-09-10,51.198183,52.813629,51.128496,52.644758,52.229141,60530277
2018-09-11,52.512885,55.304493,51.933342,54.200668,53.772915,91049100
2018-09-12,54.225622,55.142367,54.159672,54.561654,54.1312,180382109
2018-09-13,54.020968,54.116673,53.328829,53.402015,52.980854,114883149
2018-09-14,52.932852,52.988077,51.930623,52.127362,51.716396,149131235
2018-09-17,51.944296,53.334722,51.821827,53.239747,52.820445,103469227
2018-09-18,53.47963,56.086347,52.744126,55.683576,55.245178,97428910
2018-09-19,55.265589,56.1486,54.651177,55.950595,55.510247,70389563
2018-09-20,55.687062,56.826254,55.648927,56.363551,55.920106,128660943
2018-09-21,56.496486,57.954034,55.948043,57.38672,56.935381,183381506
2018-09-24,57.037357,58.459114,55.783165,56.068496,55.627981,120680256
2018-09-25,56.096094,57.623246,55.566174,57.139634,56.690859,102670902
2018-09-26,56.973776,58.137064,56.457192,57.82856,57.374531,122306583
2018-09-27,58.13454,58.376677,57.763775,58.244936,57.787797,102407764
2018-09-28,58.648074,59.06837,57.561393,57.651881,57.199552,95374656
2018-10-01,57.411631,57.479608,56.973512,57.203143,56.754802,130317196
2018-10-02,56.966698,57.247494,55.173368,55.644151,55.20818,208465322
2018-10-03,55.631941,55.759189,52.994268,53.084482,52.66871,155296623
2018-10-04,53.028945,53.93474,52.839964,53.731233,53.310541,114042890
2018-10-05,53.732055,54.518461,53.53948,54.455959,54.029741,113729415
2018-10-08,54.155462,54.226596,53.069257,53.418443,53.00078,163675702
2018-10-09,53.29504,54.963319,53.013041,54.665957,54.23869,109401950
2018-10-10,54.806506,56.02357,53.025644,55.893539,55.456828,117010316
2018-10-11,55.394982,56.315763,52.932253,54.40869,53.983728,108319274
2018-10-12,54.883713,56.413724,54.722316,55.900437,55.463976,161739803
2018-10-15,55.249902,58.738324,54.77643,58.173498,57.719764,179853528
2018-10-16,57.613317,58.728081,56.762153,57.179814,56.733985,86795323
2018-10-17,57.706941,60.299079,57.644154,59.956428,59.489113,142371935
2018-10-18,59.341585,62.483631,58.812864,61.678194,61.197627,128435298
2018-10-19,61.571749,62.165353,59.82263,60.05047,59.582748,138415997
2018-10-22,59.928824,60.252596,56.635928,58.253751,57.800499,99281648
2018-10-23,58.57623,59.716644,58.502573,59.279664,58.81859,142706740
2018-10-24,59.077682,59.936136,57.52398,59.234956,58.77439,109371555
2018-10-25,58.744527,59.366577,58.571056,59.31868,58.857625,146963890
2018-10-26,59.678093,61.031589,59.098323,60.666462,60.195096,202454740
2018-10-29,60.819208,61.692968,57.842455,58.362561,57.909571,109164691
2018-10-30,57.935087,58.196018,57.600041,58.168498,57.717173,168495774
2018-10-31,59.104978,59.317673,57.47489,57.90008,57.450995,150028347
2018-11-01,57.626473,59.058239,57.330606,57.892806,57.443934,72763895
2018-11-02,58.240886,58.437267,56.91528,57.518132,57.072321,152440174
2018-11-05,57.306092,57.764184,57.270288,57.705429,57.258638,125757732
2018-11-06,57.987377,58.366236,57.658174,57.813988,57.366513,85195927
2018-11-07,58.507263,60.490387,58.004489,59.475819,59.015643,143060817
2018-11-08,59.55702,60.00432,59.294375,59.432168,58.972491,182093431
2018-11-09,59.308509,59.775553,56.383954,56.867373,56.427688,119161410
2018-11-12,57.176033,58.886646,56.694442,58.611593,58.1589,110198020
2018-11-13,58.359456,60.850381,57.529217,60.21758,59.752646,97986115
2018-11-14,59.369755,59.860503,57.798217,58.176833,57.727814,106661935
2018-11-15,57.881655,60.619214,57.331428,60.28087,59.815775,127207447
2018-11-16,60.893349,61.894061,58.262177,58.319027,57.869227,123451942
2018-11-19,58.347366,59.240486,57.954815,58.266235,57.817317,80569494
2018-11-20,57.857515,59.199048,56.672046,56.721958,56.285092,68225033
2018-11-21,56.544174,57.635839,56.143542,57.043987,56.604797,107779373
2018-11-23,56.970169,58.169407,56.602084,57.724271,57.280156,201352024
2018-11-26,57.067604,60.542317,56.884303,59.882892,59.422657,207474320
2018-11-27,59.75758,60.30207,58.297838,58.809519,58.357693,224226093
2018-11-28,58.580056,59.274596,57.708147,58.587812,58.137849,101088687
2018-11-29,58.801243,62.416118,58.257252,61.741226,61.267212,164130463
2018-11-30,61.831885,64.366302,61.082594,64.311757,63.818183,140422358
2018-12-03,64.640834,65.555739,62.118006,63.619607,63.131863,127848501
2018-12-04,63.904112,64.831917,62.542029,62.728544,62.247802,175676300
2018-12-05,62.725374,63.847683,62.461451,63.011529,62.52879,130468515
2018-12-06,63.352937,65.036478,62.057877,62.992669,62.510245,146464514
2018-12-07,62.301894,62.56614,59.001909,59.994482,59.535183,92854651
2018-12-10,60.589354,60.979302,57.534437,58.604902,58.156719,99053047
2018-12-11,58.98807,59.368822,57.600408,58.083646,57.639607,94386745
2018-12-12,57.970163,58.548653,56.70763,57.615249,57.174947,105730729
2018-12-13,57.029447,59.668495,55.775911,59.220735,58.768324,108302652
2018-12-14,59.313183,59.505882,57.232482,57.664689,57.224323,95636429
2018-12-17,57.485704,57.704079,56.061562,56.379756,55.949662,92119000
2018-12-18,56.136665,58.955258,55.678814,58.065638,57.622841,136009322
2018-12-19,57.651244,58.141465,56.617981,57.9815,57.539502,94449132
2018-12-20,57.916694,58.835996,56.440704,57.228856,56.792751,80494741
2018-12-21,57.111026,57.475247,55.788826,56.11469,55.687227,189344260
2018-12-24,56.511758,57.459843,56.377835,56.633064,56.202115,137476398
2018-12-26,56.763612,57.802574,54.882818,54.933953,54.516231,132040060
2018-12-27,55.366208,55.871458,53.761578,54.060516,53.649583,91951470
2018-12-28,54.20033,55.282472,53.611942,55.252836,54.83299,89806321
2018-12-31,55.022337,55.901878,54.054106,54.333101,53.920687,90665470
2019-01-02,54.000262,54.202267,53.217286,54.029739,53.619921,220045521
2019-01-03,53.965662,54.114938,52.29236,52.970693,52.569052,128559990
2019-01-04,52.941417,55.261757,52.564519,54.822392,54.406859,196169180
2019-01-07,54.228589,54.297151,52.122295,52.995598,52.594343,119510065
2019-01-08,53.210774,54.131892,50.309847,50.512489,50.130173,153008280
2019-01-09,50.631145,50.961901,49.902383,50.600706,50.21786,78258933
2019-01-10,50.132273,50.215299,48.414496,48.977852,48.607417,110297960
2019-01-11,49.200869,51.6957,48.209274,50.171821,49.792492,106599183
2019-01-14,50.16981,51.37092,49.656132,50.45399,50.072939,120396928
2019-01-15,50.755408,53.90365,50.570208,53.631852,53.226946,179597120
2019-01-16,53.185227,53.576555,52.586396,52.813381,52.414798,108350421
2019-01-17,52.221459,54.295311,51.289845,53.870452,53.464037,104691778
2019-01-18,54.348712,54.691613,52.880834,53.028811,52.62889,199351365
2019-01-22,53.038926,56.638282,52.440579,55.505496,55.087501,128753660
2019-01-23,56.869067,57.386398,54.79783,55.088101,54.673398,141709460
2019-01-24,55.678289,57.075949,54.995553,55.582252,55.163981,123693617
2019-01-25,56.48392,57.433019,56.363626,57.225233,56.794753,128991720
2019-01-28,56.863546,57.246857,54.272773,55.542762,55.125391,97250381
2019-01-29,56.052471,57.005584,54.17097,55.469457,55.052787,61890797
2019-01-30,57.114623,57.609503,54.254116,55.131503,54.717523,124116975
2019-01-31,55.276522,56.363171,54.880221,55.857858,55.438574,66603474
2019-02-01,56.407448,56.554909,55.293103,55.924172,55.504543,115495641
2019-02-04,54.970782,56.92317,54.9001,56.630069,56.205605,156847461
2019-02-05,57.142755,58.471739,56.140108,57.415155,56.984962,130896857
2019-02-06,57.591347,57.614656,56.105916,56.93838,56.511914,79577751
2019-02-07,57.225999,57.763683,56.003352,56.178891,55.758267,104772039
2019-02-08,55.848088,56.097284,55.436546,55.939682,55.521001,87147585
2019-02-11,55.7079,56.36648,54.259371,56.104387,55.684931,152653849
2019-02-12,55.516193,58.349301,55.241157,58.318698,57.882844,203491642
2019-02-13,58.583519,59.054045,57.916298,58.316162,57.880487,122615643
2019-02-14,58.743742,61.062288,57.905854,60.464788,60.013224,202997389
2019-02-15,60.970136,62.648289,60.823094,62.249117,61.784397,86377496
2019-02-19,62.051012,64.72661,61.476576,64.416232,63.936034,162851795
2019-02-20,63.737862,64.477844,60.26811,60.925224,60.471215,178010938
2019-02-21,61.140002,61.391313,59.749581,60.087134,59.639534,176541073
2019-02-22,60.319241,61.442998,59.036796,60.42029,59.970372,95826597
2019-02-25,60.03524,61.10287,59.889097,60.421365,59.971932,77839327
2019-02-26,60.912463,61.509355,57.045974,58.125968,57.693766,114155151
2019-02-27,57.97983,58.852519,57.824623,58.7258,58.289298,124116759
2019-02-28,59.050902,60.138809,58.925638,59.095035,58.65595,130071672
2019-03-01,59.014743,62.222028,58.257638,62.044879,61.584044,144539703
2019-03-04,63.351689,63.476134,59.702445,60.04974,59.604213,92181259
2019-03-05,59.661405,61.9919,59.159817,61.533063,61.076698,167122375
2019-03-06,61.712874,62.400263,60.949519,62.102078,61.641662,125470732
2019-03-07,62.92822,63.55048,61.521328,61.749015,61.291384,113419421
2019-03-08,61.330178,62.667459,61.219646,61.862257,61.403955,99828920
2019-03-11,61.774899,62.57131,61.286124,61.399863,60.945488,97266023
2019-03-12,62.328482,62.771617,58.755974,59.129985,58.692567,110668512
2019-03-13,59.248762,59.550544,58.893738,59.521408,59.081256,90225852
2019-03-14,59.864915,64.214751,59.552428,63.537874,63.068195,141632354
2019-03-15,63.622112,64.515331,62.946152,63.220697,62.753534,99871985
2019-03-18,62.815541,62.97877,60.490309,61.27795,60.825643,109124946
2019-03-19,60.856865,61.365344,59.002282,59.881802,59.439962,127447627
2019-03-20,59.584843,64.075941,59.467482,63.995352,63.523335,89818230
2019-03-21,63.729285,63.957676,60.328843,62.11064,61.652692,102513050
2019-03-22,62.537709,64.621214,60.875645,63.44513,62.977516,55021211
2019-03-25,62.852135,64.968753,62.629645,63.256616,62.790906,59353628
2019-03-26,62.592377,64.426195,62.155138,64.31159,63.838289,192461452
2019-03-27,64.425785,67.775409,63.539112,67.149736,66.655729,106738839
2019-03-28,66.378012,66.595426,63.28464,64.531541,64.056972,81572232
2019-03-29,64.650168,65.061527,63.386846,63.861151,63.391685,232917547
2019-04-01,64.869527,65.97232,62.749579,63.144131,62.680451,130543924
2019-04-02,62.551693,65.954702,61.949697,65.918211,65.434339,210067631
2019-04-03,66.820293,68.107956,63.319176,64.602205,64.128169,133982154
2019-04-04,64.892559,69.824742,64.349224,69.069919,68.563288,138513349
2019-04-05,68.721623,68.997736,66.728637,67.692338,67.195996,140576266
2019-04-08,67.743169,69.857887,67.543409,69.074189,68.568278,70866430
2019-04-09,69.675134,71.297496,66.643635,66.933214,66.443165,144237884
2019-04-10,67.8339,70.964742,67.063503,70.692922,70.175539,128829039
2019-04-11,71.061735,75.354708,70.607218,74.998275,74.449586,142194502
2019-04-12,74.110043,75.179313,73.621004,73.714775,73.175677,192198855
2019-04-15,74.21262,75.114664,72.472217,74.763809,74.217648,87415285
2019-04-16,75.836696,76.397644,72.758577,72.873847,72.341691,169576950
2019-04-17,71.891475,71.987434,70.596911,70.989048,70.470848,93116653
2019-04-18,71.142729,71.88549,71.096878,71.765746,71.242071,104876680
2019-04-22,71.803421,76.050638,71.736075,74.093925,73.554068,169051626
2019-04-23,73.718587,74.260639,70.229812,70.928921,70.412316,188766825
2019-04-24,71.156778,71.898816,70.361837,70.419557,69.906854,135737771
2019-04-25,71.346108,72.19593,66.671541,67.103405,66.615029,150761154
2019-04-26,66.79212,67.011051,65.427904,66.235933,65.75405,134953726
2019-04-29,66.364679,66.864486,64.249093,64.914876,64.443133,144306073
2019-04-30,65.348839,65.824207,60.439052,61.792266,61.343383,131005287
2019-05-01,61.800606,64.018552,60.411937,63.874496,63.410661,115071135
2019-05-02,63.412446,64.157337,63.32138,63.784305,63.321298,92317710
2019-05-03,64.504972,65.308997,62.674739,63.439912,62.979578,135818147
2019-05-06,64.543382,65.029791,64.047597,64.553019,64.085133,95010909
2019-05-07,65.510079,66.499909,64.978086,66.217881,65.738109,104597286
2019-05-08,66.393249,67.660297,66.023698,66.935193,66.450405,83887794
2019-05-09,66.895425,67.940913,64.263377,65.513513,65.039201,81926754
2019-05-10,65.136707,65.737856,62.776939,63.824231,63.362322,144306897
2019-05-13,63.632569,64.21012,61.616313,62.262385,61.812288,178673843
2019-05-14,62.614457,64.236208,61.303276,63.44452,62.986049,96765854
2019-05-15,63.895768,64.346105,63.751513,63.816326,63.355342,115289323
2019-05-16,63.209261,65.237912,61.86993,64.991872,64.522572,101648661
2019-05-17,65.133481,65.838073,63.709339,64.12213,63.659285,110120106
2019-05-20,65.30167,65.775027,63.722371,64.381311,63.91712,77539330
2019-05-21,63.144109,64.370415,62.256815,63.725563,63.266274,124760382
2019-05-22,63.262733,64.486261,61.868876,64.052308,63.590838,140348348
2019-05-23,63.213402,64.324807,62.584258,63.854606,63.394734,118362854
2019-05-24,63.433431,63.731372,61.372477,61.750357,61.305807,129215721
2019-05-28,61.21353,62.13657,60.988569,61.716479,61.272844,87050099
2019-05-29,62.299721,62.64998,60.430491,60.464085,60.029617,135015503
2019-05-30,61.078671,62.191219,60.008753,61.341286,60.900681,132478381
2019-05-31,61.364637,63.275939,60.7166,63.145283,62.691892,140226812
2019-06-03,62.960335,65.328046,62.770211,64.686259,64.222331,254369964
2019-06-04,64.669684,65.896368,64.299561,65.392034,64.923222,106292775
2019-06-05,65.158983,68.116114,64.393281,67.233008,66.75118,138742640
2019-06-06,67.604878,69.005571,65.608072,66.495924,66.019559,106992120
2019-06-07,66.444403,67.308643,65.332531,65.766412,65.295453,129871731
2019-06-10,65.414301,69.285196,65.122612,69.024509,68.530781,94584929
2019-06-11,67.897665,69.942849,67.73497,69.053609,68.55986,117859007
2019-06-12,69.402967,70.583485,68.79057,70.115329,69.61418,94903996
2019-06-13,69.818936,70.661989,69.102824,69.140656,68.646661,116106154
2019-06-14,69.429829,71.419662,69.262496,70.680948,70.17614,144094516
2019-06-17,71.883815,72.78544,69.461394,69.818723,69.320642,59592645
2019-06-18,69.769952,70.169208,69.172137,69.651451,69.154753,94748034
2019-06-19,70.127475,71.785945,69.667714,70.213322,69.712808,91957021
2019-06-20,70.829684,71.412122,68.673589,69.1355,68.642858,136277245
2019-06-21,68.365871,69.352643,67.503442,69.304876,68.811214,138946335
2019-06-24,69.220075,69.744015,67.307046,68.165061,67.680075,90731698
2019-06-25,67.884991,70.892274,66.994357,69.990838,69.493052,138913404
2019-06-26,70.21092,70.827938,68.60535,68.885822,68.396082,252985756
2019-06-27,70.061365,70.121426,68.833463,69.866182,69.369662,96930404
2019-06-28,69.130863,70.626722,68.819083,69.585733,69.091395,106099625
2019-07-01,69.908387,70.221109,67.442676,67.868937,67.387349,133173301
2019-07-02,67.396339,67.56452,66.222739,67.526024,67.047052,97886582
2019-07-03,68.002667,69.814009,67.433176,69.545296,69.052191,172804211
2019-07-05,69.859968,70.227182,68.839011,69.842503,69.347671,248697638
2019-07-08,69.44222,71.199739,68.891762,70.65627,70.156248,95906025
2019-07-09,69.95785,72.911308,69.695413,71.547381,71.041247,88728368
2019-07-10,70.46203,70.634253,68.648647,68.725679,68.239693,128067072
2019-07-11,68.630454,71.874642,68.351993,71.119688,70.616967,135891309
2019-07-12,71.538366,72.054435,69.787541,70.835094,70.334577,80193293
2019-07-15,71.368813,71.674115,71.219207,71.397723,70.893813,83792730
2019-07-16,70.872222,72.434777,70.734775,72.206189,71.696768,178885708
2019-07-17,71.984991,73.918065,71.639981,73.688105,73.16843,119133504
2019-07-18,72.993879,74.094055,72.647974,73.280066,72.763468,80032870
2019-07-19,73.077133,75.160899,72.805482,74.51047,73.985401,163229434
2019-07-22,74.929504,76.113055,73.504226,73.541504,73.023862,104417369
2019-07-23,73.082386,76.98896,72.557158,75.208971,74.679797,162182431
2019-07-24,75.144322,76.601815,74.894428,75.528323,74.997107,107092344
2019-07-25,75.291651,75.693967,72.833622,73.874235,73.354854,170019994
2019-07-26,73.700007,75.460064,73.531344,74.587197,74.063006,98624827
2019-07-29,74.9163,75.439036,72.769738,72.822503,72.311308,112144094
2019-07-30,73.082802,73.49236,72.365804,72.474708,71.966151,171064499
2019-07-31,72.088016,72.258046,70.079762,70.470091,69.975792,166941094
2019-08-01,70.154248,71.520462,67.185688,67.590118,67.116205,186821325
2019-08-02,67.21374,73.426194,66.68942,72.533342,72.024966,288208007
2019-08-05,73.620718,73.852251,71.153349,72.122692,71.617783,93842854
2019-08-06,73.10057,73.737254,70.523267,70.835456,70.33975,145337802
2019-08-07,70.342217,72.579885,68.026579,71.477997,70.97799,97748723
2019-08-08,70.985725,71.112206,69.742956,71.024031,70.527392,77227275
2019-08-09,70.220527,73.896506,69.261223,73.431932,72.918656,112263295
2019-08-12,74.300027,76.590598,74.25507,75.987134,75.456617,107533441
2019-08-13,76.406797,76.746968,72.960933,73.320404,72.808704,138277271
2019-08-14,72.951619,79.21768,72.221094,77.799381,77.256634,114388318
2019-08-15,77.370617,79.528928,76.857532,77.915512,77.372167,121472870
2019-08-16,77.682313,81.638874,77.01378,81.053911,80.4889,85107853
2019-08-19,81.524247,82.152829,76.408138,78.504717,77.958116,169219599
2019-08-20,78.959094,79.019317,76.399647,76.799495,76.264976,102859102
2019-08-21,77.476966,78.243863,75.036769,75.168092,74.645132,110597195
2019-08-22,75.094071,80.144434,73.481363,79.242912,78.691818,103076237
2019-08-23,79.821859,82.510046,79.372396,80.800229,80.238525,154631323
2019-08-26,81.824632,82.309216,80.217752,80.789795,80.228822,87795002
2019-08-27,80.362682,83.869288,79.637067,83.729882,83.148722,196165585
2019-08-28,83.133092,83.643345,81.045673,81.765862,81.198556,145295738
2019-08-29,81.482643,84.20039,80.965083,82.005667,81.43692,67601776
2019-08-30,81.518487,82.467668,78.158919,78.758523,78.212511,170402630
2019-09-03,78.965602,83.238406,78.294373,81.704261,81.138715,161342280
2019-09-04,82.579675,83.129236,81.093746,81.578248,81.013796,92314822
2019-09-05,80.687097,85.052432,78.693431,84.709583,84.123695,131456111
2019-09-06,84.66255,87.342204,82.486704,86.759778,86.159946,132229604
2019-09-09,87.815854,89.007485,84.570393,86.43299,85.836122,115060821
2019-09-10,85.924162,87.359269,85.246151,87.278696,86.676227,189694944
2019-09-11,85.809076,92.419038,85.735856,91.759945,91.126791,134588908
2019-09-12,90.69196,91.268115,88.576542,89.527062,88.909559,136085026
2019-09-13,89.991231,90.617061,86.69828,86.7926,86.194193,140106456
2019-09-16,85.848749,87.347694,84.574967,87.197607,86.597119,98209546
2019-09-17,87.44993,89.403589,87.399232,87.856189,87.251405,124578753
2019-09-18,88.338011,90.315156,87.135683,87.857454,87.2529,139522127
2019-09-19,87.187291,88.128253,82.919649,83.615137,83.040002,230281801
2019-09-20,83.095515,87.123206,81.796747,85.944457,85.353534,67835853
2019-09-23,86.267121,88.756932,85.672116,88.702855,88.09369,173614120
2019-09-24,88.775578,93.041833,86.856937,92.910349,92.272541,149721219
2019-09-25,92.303783,97.423404,91.753362,96.808172,96.14387,246171589
2019-09-26,96.274438,98.969698,95.521238,98.593193,97.91691,77125891
2019-09-27,98.025166,99.853837,97.588262,98.832351,98.154697,75544425
2019-09-30,100.228481,101.833507,99.9801,101.523911,100.828629,189636580
2019-10-01,101.949902,105.845532,101.859914,105.63997,104.916787,106011019
2019-10-02,104.877516,106.068335,100.133294,101.952121,101.254462,131020896
2019-10-03,103.390319,104.217068,103.137316,103.819364,103.10921,226384997
2019-10-04,103.284967,107.243036,102.885651,106.003777,105.278968,110524315
2019-10-07,106.108057,107.891134,103.505812,103.636756,102.928978,150444281
2019-10-08,104.389345,105.166601,100.399812,100.61999,99.933088,136536642
2019-10-09,98.663531,102.645256,97.842945,102.393558,101.694827,102805740
2019-10-10,102.991191,106.048659,101.90586,104.99015,104.273985,159801913
2019-10-11,104.947432,107.620006,104.466215,106.730099,106.002356,134799476
2019-10-14,108.169958,109.855285,107.697466,109.198202,108.454521,109528654
2019-10-15,109.550891,113.061424,108.71283,111.075593,110.319428,114927389
2019-10-16,112.006153,112.136266,106.101419,107.588156,106.856025,86206819
2019-10-17,107.612659,109.317979,103.910339,104.526668,103.815654,119651164
2019-10-18,104.354079,104.810143,98.415535,100.007697,99.327694,102589056
2019-10-21,100.269753,101.03048,99.220723,100.271129,99.590153,110738756
2019-10-22,100.370284,100.690373,98.75044,99.819234,99.141599,106379798
2019-10-23,100.020136,102.28032,99.0917,100.21549,99.535438,89019255
2019-10-24,99.993189,100.662073,98.797381,99.843757,99.166498,140416414
2019-10-25,100.909113,100.986804,99.251981,99.948276,99.27058,134837502
2019-10-28,100.905581,108.924,100.089083,106.166482,105.447489,93714073
2019-10-29,105.408187,115.431396,104.887145,113.324588,112.557427,148370584
2019-10-30,113.390828,116.447805,112.5207,112.768822,112.00573,156521534
2019-10-31,113.81095,119.038649,112.445196,113.489836,112.722173,66850042
2019-11-01,114.602288,115.063267,106.298175,108.6706,107.935832,152004624
2019-11-04,107.272519,113.702428,106.084265,111.646766,110.892785,88509762
2019-11-05,113.63548,114.47136,109.757033,109.929527,109.187442,78925765
2019-11-06,110.563211,111.936934,108.467869,110.098828,109.355899,147816557
2019-11-07,109.502636,115.945095,109.086373,113.25801,112.494072,123823240
2019-11-08,113.324307,113.820375,112.387918,113.400996,112.636402,75655906
2019-11-11,112.675537,113.013287,111.363914,112.499344,111.741746,81734615
2019-11-12,113.599547,114.89895,111.462861,112.2975,111.541568,87376520
2019-11-13,111.705413,118.67275,111.596747,116.173256,115.391549,159703927
2019-11-14,115.171466,115.278888,109.968427,111.189693,110.441822,224918787
2019-11-15,112.413341,113.037557,108.894821,110.349051,109.607134,89695942
2019-11-18,109.256932,111.632893,107.830154,110.490335,109.74837,100521910
2019-11-19,108.395757,112.383156,108.041636,111.035502,110.290178,127674471
2019-11-20,111.980571,113.575397,108.107759,108.633884,107.904977,89810288
2019-11-21,108.067093,109.232331,106.119087,106.434394,105.720534,155688046
2019-11-22,106.479938,107.894277,106.093243,106.320226,105.607421,104963577
2019-11-25,106.671405,106.886227,103.365185,103.472118,102.779251,112952901
2019-11-26,102.456698,107.816549,101.905387,107.432792,106.713697,124477435
2019-11-27,106.651448,106.788018,104.066962,104.627157,103.927125,132690825
2019-11-29,103.926777,106.66291,102.48618,106.380835,105.669649,126077903
2019-12-02,106.941632,107.268191,105.634281,106.815849,106.102626,115739452
2019-12-03,107.610262,109.103101,106.629434,107.965426,107.24482,69445769
2019-12-04,109.012981,110.567221,108.337584,110.009525,109.275575,111518238
2019-12-05,110.22893,111.361388,108.723663,109.42368,108.693937,117595342
2019-12-06,110.71655,115.499095,109.589634,115.129944,114.362459,121586297
2019-12-09,115.359035,119.615126,113.086604,118.84426,118.052984,135908063
2019-12-10,118.632915,119.576295,114.60312,114.855849,114.091441,166144232
2019-12-11,114.238792,117.457655,113.432225,116.57927,115.803709,84791013
2019-12-12,117.382407,118.066177,115.407523,116.500949,115.726225,121530518
2019-12-13,117.927484,123.812008,116.516261,123.667183,122.845141,127426257
2019-12-16,120.993291,129.63895,120.478508,129.182808,128.325156,94291611
2019-12-17,127.875086,135.717766,127.033303,132.826328,131.944848,142748359
2019-12-18,133.009223,136.596682,132.950504,136.359564,135.455007,124211855
2019-12-19,137.993407,140.458311,135.678329,136.55216,135.646697,88401037
2019-12-20,137.850297,140.304538,134.199742,136.128699,135.226414,153971367
2019-12-23,135.341706,136.280299,132.838598,133.779695,132.894071,184466983
2019-12-24,133.681691,137.662578,131.80722,135.982017,135.082183,108912763
2019-12-26,135.956039,141.371416,134.025031,139.585545,138.662626,232515019
2019-12-27,138.864742,142.921271,138.38204,141.802116,140.864926,139521733
2019-12-30,140.725673,146.109582,137.432231,146.050055,145.085982,97939954
2019-12-31,145.970946,152.205002,145.611433,146.555354,145.588344,96632934
2020-01-02,146.610001,146.908196,140.584533,140.651776,139.724484,72054318
2020-01-03,138.173487,141.359559,137.621667,140.077592,139.154467,115945586
2020-01-06,139.204384,139.62824,136.507918,138.819832,137.906128,80673035
2020-01-07,138.444993,142.967739,138.102967,139.573018,138.654736,142826271
2020-01-08,140.478162,141.189185,131.290109,133.078322,132.203133,126736607
2020-01-09,134.763203,140.423251,134.231386,137.249511,136.347263,123481789
2020-01-10,137.112236,137.884158,135.879366,136.777823,135.879048,87635560
2020-01-13,137.355781,141.652716,132.756976,138.210927,137.303863,110894382
2020-01-14,140.483847,143.16874,139.945565,141.673257,140.743855,94445306
2020-01-15,143.439644,146.191095,140.551653,145.075912,144.124582,151180277
2020-01-16,146.764102,148.076159,145.033699,147.192368,146.22756,77926448
2020-01-17,144.909252,153.624765,144.73566,153.44084,152.435493,122764834
2020-01-21,155.338021,158.434774,151.526403,152.69851,151.699688,77899576
2020-01-22,150.816855,155.953087,149.711704,152.920567,151.920708,145808296
2020-01-23,149.660093,153.91549,148.811169,152.450582,151.45421,82805194
2020-01-24,151.711718,154.806915,151.560523,153.132324,152.131914,180543131
2020-01-27,154.140766,158.836403,151.546253,156.455528,155.434684,124132270
2020-01-28,155.278808,158.930266,155.207823,158.190484,157.158749,89207440
2020-01-29,159.314218,163.202147,157.731357,160.332929,159.287658,83940764
2020-01-30,159.8335,163.992315,158.107811,163.622641,162.556367,125187381
2020-01-31,165.936502,170.607822,165.865132,169.857303,168.750862,156951669
2020-02-03,170.737728,172.472008,170.254685,171.486982,170.371325,120669538
2020-02-04,173.133993,174.19326,164.78179,165.480566,164.404436,81507527
2020-02-05,164.554683,166.360018,161.171555,162.173818,161.119633,116236091
2020-02-06,163.547032,165.304247,160.024789,160.831689,159.786665,112890367
2020-02-07,160.826241,163.630966,158.133789,160.037547,158.998119,167911686
2020-02-10,159.606634,160.29955,157.818074,158.715061,157.685518,113273090
2020-02-11,159.132027,161.537658,158.683593,159.918387,158.881472,67528293
2020-02-12,157.997124,163.870251,157.418283,161.156934,160.112427,79488522
2020-02-13,161.333288,163.919473,159.094315,159.489115,158.455852,128016772
2020-02-14,159.836718,161.374757,152.940534,155.226068,154.220846,139602023
2020-02-18,155.21872,155.828816,154.532258,155.227281,154.223739,142221114
2020-02-19,155.481157,157.668971,153.581964,157.567768,156.549524,74322240
2020-02-20,157.941067,160.117405,155.484345,155.805429,154.798998,208696302
2020-02-21,156.44261,159.638688,155.631753,158.681992,157.657411,267279042
2020-02-24,157.967744,159.045863,156.174405,156.76309,155.752178,99541957
2020-02-25,159.371831,161.008907,158.22811,159.192041,158.165899,194616870
2020-02-26,159.527902,162.036043,157.277867,157.769287,156.752745,100756164
2020-02-27,159.396067,159.920851,154.94449,156.903809,155.89327,185859912
2020-02-28,158.503443,160.11148,153.343853,155.831184,154.827977,70232846
2020-03-02,155.846437,159.434526,155.332222,159.109039,158.086028,64399973
2020-03-03,160.941505,162.334476,159.922036,161.222749,160.186587,111173035
2020-03-04,160.300032,164.258529,157.521742,163.711303,162.659592,143945739
2020-03-05,161.859858,166.351538,160.115556,164.598917,163.541952,109351730
2020-03-06,166.23854,166.507744,163.114214,164.192517,163.138609,81112133
2020-03-09,164.003079,165.648009,162.981267,164.793921,163.737497,145734610
2020-03-10,163.139095,169.006366,162.66337,168.91186,167.829497,127365851
2020-03-11,170.312005,171.064068,168.931288,169.894332,168.806136,107156936
2020-03-12,170.020311,172.458116,169.671949,171.073314,169.978031,57878882
2020-03-13,170.52428,170.944082,168.547251,169.734817,168.648566,70810066
2020-03-16,169.684901,170.874416,168.455695,170.787241,169.695649,138943994
2020-03-17,172.435871,173.104136,170.678519,171.358906,170.264126,66998177
2020-03-18,171.811038,172.431533,170.687018,170.985642,169.893712,111890473
2020-03-19,171.242231,171.440351,169.356097,171.195435,170.102631,150046527
2020-03-20,172.551335,173.282464,171.741961,172.903067,171.799833,119277409
2020-03-23,172.542142,177.223322,169.355265,176.797332,175.670693,106157478
2020-03-24,176.858017,178.72569,174.502921,178.404557,177.268161,153284078
2020-03-25,177.424295,177.973753,172.28141,173.618913,172.513473,102464100
2020-03-26,173.229311,174.846737,172.508022,172.878022,171.77777,143697138
2020-03-27,172.821028,173.300993,168.479214,169.282571,168.205661,102487830
2020-03-30,169.163933,169.570782,162.263424,165.00074,163.952417,92451654
2020-03-31,163.447804,167.169911,161.997614,162.55771,161.525351,64163353
2020-04-01,161.877013,165.660369,159.214116,165.544117,164.493242,131854737
2020-04-02,165.404985,169.782664,164.829782,169.126728,168.053571,143502164
2020-04-03,168.119122,168.662262,164.610833,168.4862,167.417566,79076807
2020-04-06,168.360441,169.103943,164.959715,166.651957,165.596316,150363416
2020-04-07,166.101704,169.305767,163.882516,167.613492,166.552217,97084673
2020-04-08,166.228738,170.273633,164.544283,168.548631,167.481893,254726819
2020-04-09,167.277899,177.511057,166.466527,175.898663,174.785885,95831233
2020-04-13,173.782997,180.685459,173.215861,179.540283,178.406421,100435497
2020-04-14,180.241603,180.953565,179.706843,179.793516,178.658545,159683616
2020-04-15,180.240099,188.022098,179.934762,186.080128,184.905978,161882041
2020-04-16,187.218453,188.636574,185.198801,187.157964,185.977522,122767867
2020-04-17,184.663592,187.498171,184.309938,186.067501,184.894443,88017159
2020-04-20,186.388726,188.177533,180.332405,180.7979,179.659539,166174578
2020-04-21,180.922404,186.434528,180.3918,185.407519,184.240639,92769953
2020-04-22,182.120762,195.986004,181.503528,192.698879,191.486635,139906760
2020-04-23,195.31415,202.244055,190.029552,198.179546,196.933362,81818038
2020-04-24,191.163278,201.009361,187.909143,197.78566,196.542491,116284998
2020-04-27,195.353275,198.233816,189.080167,193.997376,192.779602,112628114
2020-04-28,194.237247,194.908188,184.322546,188.408415,187.226236,195775096
2020-04-29,179.837756,203.449715,177.853421,201.497652,200.233893,156370774
2020-04-30,207.044454,210.117017,185.185472,192.640229,191.432547,146118955
2020-05-01,191.620465,211.946548,184.84488,202.569719,201.300339,74013512
2020-05-04,204.886876,208.949957,189.326723,190.221627,189.031177,117675653
2020-05-05,191.744332,196.544084,185.472184,188.537025,187.35763,114353248
2020-05-06,189.752941,191.372426,185.58918,190.376384,189.186001,68344862
2020-05-07,190.263533,193.838167,185.559198,193.355164,192.146681,105334816
2020-05-08,192.250435,203.308845,189.003035,199.288219,198.043197,99760732
2020-05-11,195.458994,200.235462,192.823834,199.336105,198.09241,70541020
2020-05-12,199.927671,229.350522,198.534628,229.220394,227.79087,175194377
2020-05-13,223.788404,236.679918,217.763624,233.623169,232.166823,96323403
2020-05-14,234.357795,236.343062,230.532221,231.790601,230.34631,185818436
2020-05-15,231.089358,246.324325,227.556353,244.863474,243.338391,122298812
2020-05-18,248.45095,248.730988,243.19374,243.419156,241.905055,96852599
2020-05-19,251.620855,268.754916,233.565038,248.440457,246.8958,72928203
2020-05-20,240.473767,270.79922,228.828783,256.315568,254.722645,105108094
2020-05-21,256.599734,258.114452,233.701494,244.850245,243.329242,102427110
2020-05-22,248.36121,256.079479,227.307411,235.472991,234.010879,149784078
2020-05-26,237.291495,238.056561,191.830415,195.307719,194.097129,249018941
2020-05-27,191.768073,199.741675,164.761669,168.886091,167.839732,210173650
2020-05-28,160.548125,176.18113,158.786613,175.889272,174.800002,111131911
2020-05-29,175.282478,189.833986,168.583831,188.569615,187.40233,127364902
2020-06-01,183.121701,192.550251,169.97119,175.105908,174.023395,144904706
2020-06-02,170.448361,177.319866,159.290905,164.256017,163.241026,150254677
2020-06-03,162.37018,162.832673,150.188915,154.86341,153.906881,84007252
2020-06-04,147.519058,178.000499,145.507584,175.357182,174.274547,103349033
2020-06-05,176.361228,178.85363,171.447724,172.862079,171.795319,108423578
2020-06-08,171.505233,184.361443,149.448575,163.776002,162.766651,85570963
2020-06-09,161.113629,185.387161,157.565437,177.176287,176.084832,100694615
2020-06-10,185.751393,194.366387,163.627208,176.918802,175.829415,83049771
2020-06-11,168.564683,176.861169,144.737334,148.317364,147.404495,103965813
2020-06-12,154.733163,157.583507,128.966279,133.346348,132.525986,120377583
2020-06-15,133.458269,136.52047,119.239396,120.491602,119.751308,124832926
2020-06-16,120.382084,125.159899,111.954998,117.758044,117.034865,85787212
2020-06-17,120.647833,122.287048,116.503235,121.500827,120.754993,99346732
2020-06-18,122.636182,128.34912,114.604506,119.688672,118.954287,96178618
2020-06-19,119.855187,126.743333,119.002926,124.315064,123.552632,104206221
2020-06-22,120.48101,131.087149,118.690699,130.427114,129.628261,213929630
2020-06-23,126.109723,147.646207,124.0476,142.56623,141.693414,131802520
2020-06-24,143.699309,145.477461,131.701851,134.821281,133.996247,167557033
2020-06-25,139.794618,140.300486,117.496293,119.921868,119.188337,230822135
2020-06-26,119.52595,120.779825,118.377664,120.472607,119.736035,116080804
2020-06-29,125.055861,129.645413,122.664369,124.74402,123.982352,200679017
2020-06-30,119.139727,131.365188,117.364519,125.425555,124.660066,145962759
2020-07-01,124.568507,130.931424,123.431453,127.885751,127.105595,111090521
2020-07-02,127.89969,136.146456,126.940783,130.936096,130.137688,105802863
2020-07-06,122.634004,136.108955,120.729256,131.041836,130.24421,86788455
2020-07-07,127.675278,140.097144,123.114613,133.359608,132.548236,70043093
2020-07-08,131.199266,133.991022,117.280178,119.73155,119.003419,106515133
2020-07-09,122.451791,124.568091,119.311125,121.093454,120.35737,120825867
2020-07-10,119.74401,134.12348,117.890441,128.445358,127.664934,95843364
2020-07-13,128.588337,132.217258,118.377652,127.128681,126.357294,147192998
2020-07-14,123.24283,126.533263,119.638573,120.127153,119.398578,183045139
2020-07-15,116.91984,130.795345,113.618027,129.723869,128.937442,71022127
2020-07-16,133.460998,134.880925,126.305294,127.861069,127.086283,107474448
2020-07-17,131.762242,133.433771,127.110842,130.712762,129.921052,103961092
2020-07-20,127.408654,135.922739,112.833129,114.285999,113.594717,183702156
2020-07-21,116.293636,117.877637,99.251141,100.493185,99.885604,169625580
2020-07-22,99.154276,105.703503,97.582984,102.776652,102.155546,110381838
2020-07-23,102.981878,117.155116,100.292022,113.051372,112.36848,123086921
2020-07-24,111.11142,119.910283,110.996523,115.543172,114.845542,136949803
2020-07-27,111.415355,128.453368,110.908994,124.432763,123.682476,116201214
2020-07-28,123.566994,126.336149,120.821155,123.05215,122.310522,129921283
2020-07-29,120.79404,122.184164,118.101701,120.065424,119.342124,95137214
2020-07-30,118.236259,119.014055,113.557159,114.627531,113.937302,234386570
2020-07-31,115.454654,116.206279,109.91487,111.395472,110.725008,125814718
2020-08-03,112.064305,112.324133,105.691699,106.879278,106.236868,165546794
2020-08-04,105.366994,107.780687,104.062905,107.634738,106.988081,90561538
2020-08-05,106.680409,110.227008,106.319812,109.095914,108.440774,88541656
2020-08-06,109.537645,112.678692,101.619623,102.112839,101.499912,163584067
2020-08-07,101.423273,103.926032,97.252265,97.375199,96.790974,158159652
2020-08-10,96.536349,97.312556,92.558118,94.053411,93.489884,88837441
2020-08-11,95.997277,99.069468,85.762299,86.121319,85.605552,154802626
2020-08-12,87.157417,89.094601,85.128987,85.492381,84.980613,140079131
2020-08-13,85.890562,87.750756,84.319163,87.375893,86.853088,81579886
2020-08-14,89.292229,92.469196,86.073194,86.83344,86.314117,102915562
2020-08-17,87.13587,88.916714,80.60917,84.590041,84.084826,116534878
2020-08-18,84.726932,95.116978,84.098205,92.206909,91.656453,149408537
2020-08-19,92.868897,95.71835,90.059593,90.956188,90.413446,84549150
2020-08-20,90.140045,94.923243,86.509139,89.346969,88.814073,138495625
2020-08-21,89.037574,90.54157,82.753259,83.981718,83.48105,84021931
2020-08-24,85.509773,86.346744,82.55229,83.933132,83.43344,113977442
2020-08-25,86.338833,87.426305,79.83723,80.092104,79.615496,144694988
2020-08-26,79.150964,85.308637,77.838777,84.923336,84.41821,103921059
2020-08-27,83.578714,85.622283,78.629802,79.584126,79.110974,100468097
2020-08-28,79.121148,80.559948,77.237639,79.635166,79.161928,74878591
2020-08-31,79.681487,80.052714,69.773556,70.800456,70.380297,140411748
2020-09-01,71.092402,71.252985,66.08014,67.793533,67.391403,84352466
2020-09-02,66.978077,68.290145,60.270738,63.852536,63.473956,86105085
2020-09-03,61.629962,63.009012,54.995358,56.049412,55.71725,158702425
2020-09-04,59.175762,60.214612,57.922012,59.389277,59.037483,166439228
2020-09-08,63.175794,64.583761,60.95745,61.745108,61.380032,118311741
2020-09-09,64.678364,69.890014,61.540018,67.913114,67.511753,116789132
2020-09-10,65.508741,69.620766,62.631983,68.076932,67.674789,116805246
2020-09-11,68.686345,70.142339,67.474148,69.696814,69.285291,97090517
2020-09-14,68.457682,70.371545,65.992896,67.601391,67.202792,169503161
2020-09-15,67.9932,75.703428,67.103382,70.709248,70.292517,164051597
2020-09-16,69.155179,71.210981,68.559388,71.002411,70.584145,129795728
2020-09-17,71.541953,73.785576,69.541928,71.123507,70.704722,97333285
2020-09-18,72.631323,75.16523,68.339379,69.949897,69.538212,116129161
2020-09-21,67.623292,72.993133,66.297644,72.645078,72.218124,115401804
2020-09-22,71.802483,72.778186,67.739918,71.158521,70.740498,172488676
2020-09-23,72.966225,73.29983,69.801845,71.758563,71.33721,134323807
2020-09-24,71.793871,74.419581,70.290727,70.563973,70.149827,91880470
2020-09-25,71.131536,71.423025,68.979079,70.938153,70.522004,70037030
2020-09-28,70.690268,70.830695,64.254579,65.666912,65.282222,231506842
2020-09-29,67.030888,69.692596,65.292605,65.747622,65.362638,140550544
2020-09-30,62.115825,64.584161,61.413792,64.420921,64.043881,181325707
2020-10-01,63.417541,64.937675,60.668899,62.801049,62.433661,73786532
2020-10-02,62.861384,69.267536,60.816825,68.303458,67.904066,131205568
2020-10-05,67.781133,69.27072,64.28888,66.765148,66.375296,184705191
2020-10-06,68.684619,71.668006,66.498927,67.384152,66.990869,56978761
2020-10-07,66.718806,68.337526,63.423789,64.763547,64.385736,107252748
2020-10-08,64.542839,65.972864,58.030114,60.288371,59.936831,146921657
2020-10-09,60.750875,62.968522,55.365752,57.441752,57.106966,207395394
2020-10-12,55.18045,62.463055,54.515244,62.183248,61.821336,127282629
2020-10-13,61.988854,64.695252,60.44387,60.91136,60.557016,126341672
2020-10-14,61.153239,64.250155,60.646791,63.117173,62.750169,76797509
2020-10-15,63.190399,63.909727,57.304688,57.700856,57.365503,134991024
2020-10-16,58.855779,64.46535,57.443343,62.768886,62.404248,162403245
2020-10-19,61.88381,66.080286,61.033938,64.875932,64.499584,141364057
2020-10-20,63.894412,65.790789,58.5531,59.424528,59.079966,184898665
2020-10-21,60.604426,62.231352,59.278374,60.725127,60.373188,164045782
2020-10-22,63.055321,63.574271,61.041125,61.288114,60.933079,63405241
2020-10-23,62.021002,63.467723,56.915819,56.997879,56.667853,90330967
2020-10-26,57.512415,60.568101,55.317058,59.882078,59.535841,244683718
2020-10-27,60.765871,61.588322,59.315728,60.343759,59.995016,107269609
2020-10-28,60.722105,61.78887,58.014849,58.056783,57.721416,129677626
2020-10-29,57.600404,58.08583,55.807945,57.727842,57.394532,136819784
2020-10-30,58.080718,60.623483,55.367851,60.458409,60.109497,98015565
2020-11-02,62.222128,64.202593,58.909016,59.425907,59.083439,130924796
2020-11-03,58.740838,66.551333,58.358021,62.408516,62.04903,101585443
2020-11-04,62.187605,63.285676,59.766983,60.577216,60.228443,106424049
2020-11-05,60.571831,61.506391,59.264169,60.709525,60.360156,125670005
2020-11-06,59.881612,60.020322,59.098403,59.154059,58.813802,71331565
2020-11-09,58.456574,61.450251,57.712672,61.027116,60.676583,152184616
2020-11-10,61.122545,62.581723,59.148131,60.407241,60.060434,102278552
2020-11-11,60.049517,64.470386,59.909938,62.673075,62.31343,73778667
2020-11-12,62.958008,64.750735,62.442809,64.399553,64.030176,119754287
2020-11-13,64.158779,66.653468,63.514532,65.638577,65.262272,140116728
2020-11-16,65.58954,66.809854,65.349192,66.550187,66.169199,114413072
2020-11-17,65.739805,65.940234,65.39228,65.872473,65.495544,184970494
2020-11-18,66.845364,66.990668,63.107124,64.36926,64.001108,115712046
2020-11-19,64.28108,64.765578,62.473337,63.674142,63.310139,128105011
2020-11-20,62.779157,65.236271,62.420209,65.135516,64.763336,104230538
2020-11-23,64.367302,66.322546,63.498563,65.189694,64.817737,151947440
2020-11-24,65.606189,67.307032,64.332533,64.747285,64.378029,97153262
2020-11-25,64.564094,65.894687,63.893378,65.100964,64.729868,77653900
2020-11-27,64.832835,65.002808,62.974936,63.556128,63.194184,84934190
2020-11-30,63.173918,64.048118,63.146349,63.793678,63.430902,92357129
2020-12-01,64.03473,65.647482,63.906617,65.118567,64.748434,162162532
2020-12-02,65.162781,65.448855,63.152569,63.370291,63.010267,240531644
2020-12-03,62.869795,66.091461,62.496519,64.994042,64.624971,151295103
2020-12-04,65.23145,65.607021,64.555885,64.863405,64.495252,191885552
2020-12-07,64.756379,65.056769,62.425843,63.062887,62.705468,103120326
2020-12-08,63.316036,64.143001,60.557183,61.231998,60.885123,74653798
2020-12-09,60.513105,61.023909,59.522066,60.718483,60.374682,136854549
2020-12-10,61.620479,63.361858,61.048484,62.084298,61.732932,126113010
2020-12-11,61.6615,63.163647,61.574783,62.553341,62.199491,103807782
2020-12-14,62.348252,62.852151,62.146034,62.808249,62.453471,97281322
2020-12-15,62.99557,63.222866,62.556694,62.793865,62.439339,67557082
2020-12-16,62.090348,63.599451,61.305044,62.985716,62.630278,165894872
2020-12-17,63.131799,64.205559,62.804095,63.756331,63.396718,100952547
2020-12-18,64.02237,64.682448,63.945416,64.136082,63.774501,115809352
2020-12-21,64.375452,64.506912,63.069383,63.604158,63.246096,325312767
2020-12-22,62.958656,64.245818,62.463729,63.811701,63.452644,122737062
2020-12-23,63.834546,67.095409,62.965412,65.682825,65.313418,117008325
2020-12-24,66.275477,66.683591,63.790528,64.980811,64.615529,63274406
2020-12-28,64.678502,65.387792,63.584576,63.707441,63.350011,156356284
2020-12-29,63.645156,64.250588,63.265737,64.081186,63.721834,132780096
2020-12-30,63.678717,64.176262,62.47814,63.948405,63.589972,119444430
2020-12-31,65.198969,65.312504,64.743903,64.892269,64.528722,98524977
2021-01-04,64.691906,65.126643,60.710408,62.153025,61.805501,103734440
2021-01-05,62.007921,64.112764,61.546932,63.605143,63.249672,142758108
2021-01-06,63.919725,63.957215,63.007982,63.607715,63.252404,113013565
2021-01-07,63.920602,65.261973,63.691907,64.207764,63.849275,123860822
2021-01-08,64.246569,64.512983,60.19378,61.373753,61.031254,130083732
2021-01-11,61.622343,62.467256,60.994389,61.328379,60.986634,76394017
2021-01-12,60.913156,61.358527,60.15326,60.669287,60.33138,187340516
2021-01-13,60.231371,62.475534,59.375512,61.68373,61.340341,93793861
2021-01-14,61.512344,61.909896,59.86609,60.654266,60.316774,151943318
2021-01-15,60.805895,61.834135,60.052194,61.664968,61.322019,116455562
2021-01-19,61.605272,62.517744,59.021882,59.634732,59.303724,111463945
2021-01-20,59.123804,59.18112,58.423513,58.652539,58.327142,101220973
2021-01-21,58.319752,58.767506,57.858325,58.12983,57.807491,76302634
2021-01-22,58.329921,58.413252,57.638678,58.29245,57.969369,97110358
2021-01-25,58.673371,58.906353,56.184832,56.575635,56.262531,154398154
2021-01-26,56.771606,58.13963,56.396028,57.92185,57.601454,126665948
2021-01-27,57.635704,58.163748,56.922471,58.127523,57.806147,150358592
2021-01-28,58.684383,59.014291,56.904388,57.538497,57.220535,155526622
2021-01-29,57.539272,57.856426,55.762518,56.230863,55.920279,164770238
2021-02-01,57.19951,57.893978,54.225191,55.111257,54.807307,141664459
2021-02-02,55.210384,55.801245,54.674541,55.532076,55.225957,112194179
2021-02-03,55.111732,56.183666,54.999523,55.56366,55.257518,102700200
2021-02-04,55.750627,56.368476,53.594272,54.487215,54.187153,91068612
2021-02-05,54.145842,55.531486,52.907564,55.314371,55.009904,159829015
2021-02-08,55.132293,55.155628,53.248063,53.472118,53.178228,101225111
2021-02-09,52.160814,53.100718,50.394163,50.992665,50.712542,153438870
2021-02-10,51.731237,52.269852,49.913351,50.70206,50.423671,82168491
2021-02-11,50.593765,51.332945,50.011808,50.569308,50.291785,145844041
2021-02-12,50.358388,51.86967,49.715742,51.785632,51.501575,141971912
2021-02-16,52.150925,52.85731,48.660285,49.940697,49.667304,114971521
2021-02-17,50.033226,51.309742,49.236138,51.037749,50.758489,107687286
2021-02-18,51.1706,51.206837,50.508219,50.662675,50.385605,78484481
2021-02-19,50.18612,50.636298,49.386129,50.055284,49.781672,143682870
2021-02-22,49.190886,51.762524,48.436131,51.188018,50.908633,110951956
2021-02-23,50.647742,51.208424,49.312964,49.853321,49.581356,193254474
2021-02-24,49.413474,50.816767,48.579214,50.07125,49.798233,107557504
2021-02-25,49.581466,49.903768,49.197257,49.41224,49.142951,154611828
2021-02-26,49.147045,49.899001,48.667959,48.995523,48.728638,147057764
2021-03-01,48.583894,50.604545,48.328821,50.06129,49.789009,87186756
2021-03-02,49.910263,50.131299,49.871219,49.995169,49.723384,64442721
2021-03-03,49.49381,50.077792,48.610506,49.65905,49.389227,139503610
2021-03-04,50.106711,50.737904,48.150467,48.655088,48.390852,157503708
2021-03-05,48.732218,49.799667,48.670397,49.336169,49.06837,133044830
2021-03-08,49.524158,50.279459,47.205735,47.76271,47.503842,87695461
2021-03-09,46.860205,49.246221,46.069161,49.134769,48.868597,138609834
2021-03-10,48.732344,49.222034,47.617383,48.235013,47.973848,123245152
2021-03-11,47.742399,47.968182,45.562895,45.601152,45.354372,117054520
2021-03-12,45.152529,46.217663,44.774809,45.328767,45.083584,128996025
2021-03-15,45.347062,47.177532,45.192849,46.307551,46.057451,155257531
2021-03-16,46.471916,46.989597,45.248229,45.531235,45.285453,104142575
2021-03-17,44.97765,48.098079,44.573085,46.531714,46.280658,186799038
2021-03-18,46.852772,46.944093,45.681621,46.003845,45.755762,71957691
2021-03-19,46.227497,47.153367,45.148275,46.738355,46.486438,130233365
2021-03-22,46.922634,48.790307,46.533269,48.521218,48.260088,121015582
2021-03-23,48.602457,48.872566,44.973719,46.919293,46.666912,156501796
2021-03-24,47.477199,48.727304,46.932926,47.564613,47.30889,70188045
2021-03-25,47.291174,49.592954,47.264124,49.515736,49.249659,160391879
2021-03-26,49.970848,51.137756,49.204648,50.493726,50.22253,133960556
2021-03-29,50.965181,54.117041,50.055088,53.625463,53.337885,119897871
2021-03-30,54.03521,55.809032,52.014982,53.175994,52.890971,144833679
2021-03-31,52.490793,54.356674,51.638917,53.868988,53.580398,104041041
2021-04-01,54.861382,55.010689,51.813543,52.034693,51.756071,124464174
2021-04-05,51.801523,52.015136,50.424996,50.599966,50.329577,97129942
2021-04-06,51.217707,51.673384,49.868613,50.473255,50.203681,84376704
2021-04-07,50.147021,51.334913,49.931708,50.894082,50.622399,106857402
2021-04-08,51.341046,51.533583,49.791609,50.655147,50.384878,111381746
2021-04-09,49.692454,53.612681,49.209137,52.697198,52.416177,107354744
2021-04-12,52.715308,54.478609,51.944047,53.48772,53.202921,147087732
2021-04-13,53.434481,54.748677,53.075717,54.642687,54.351886,107400621
2021-04-14,55.116528,55.48122,55.010501,55.450608,55.155659,128524762
2021-04-15,55.060275,56.161316,54.583441,56.108849,55.810551,121256129
2021-04-16,56.406554,56.999688,55.559053,55.77107,55.47472,124915033
2021-04-19,55.936175,56.898495,55.820055,56.438588,56.139152,184148611
2021-04-20,56.403306,56.885279,54.462985,54.519651,54.230545,122646229
2021-04-21,54.115763,57.393817,53.815945,57.226901,56.923595,121783069
2021-04-22,57.572177,58.112049,56.217132,56.453715,56.15466,122933307
2021-04-23,56.426999,56.738539,56.017362,56.090112,55.793136,97815994
2021-04-26,56.03191,56.403511,52.615739,54.439383,54.151591,91620875
2021-04-27,54.509631,54.704448,53.725584,54.554539,54.266287,121447373
2021-04-28,54.400613,54.699838,53.657671,53.901752,53.617097,132241606
2021-04-29,54.507799,55.235372,51.919217,52.674538,52.396507,152419710
2021-04-30,52.770924,54.388816,52.603808,53.006715,52.727074,204442254
2021-05-03,52.716499,53.101646,49.392159,50.209919,49.945444,96145799
2021-05-04,49.668462,51.120045,49.054058,50.973201,50.704844,72088424
2021-05-05,50.738058,50.920996,49.130273,49.309355,49.049891,133709771
2021-05-06,49.093292,50.182318,48.629328,49.810018,49.548056,126470408
2021-05-07,50.022471,50.112545,49.348068,49.438569,49.178696,64989072
2021-05-10,48.836623,49.717825,48.234336,49.473766,49.214111,155303010
2021-05-11,49.77009,50.033556,49.251367,49.347989,49.089129,135767295
2021-05-12,49.804125,49.872235,49.605068,49.67669,49.416241,100923649
2021-05-13,49.366381,49.724235,49.193993,49.429066,49.17005,110771313
2021-05-14,49.578727,50.600445,49.092778,50.222358,49.959322,113676902
2021-05-17,50.348381,50.878054,50.023002,50.434614,50.170878,87847751
2021-05-18,50.464817,53.758061,50.127422,53.677641,53.397093,171159347
2021-05-19,53.036926,54.057529,52.974718,53.838923,53.557678,224802378
2021-05-20,53.943505,54.158094,52.810834,53.065348,52.788289,246253027
2021-05-21,52.955596,53.175885,51.397626,52.125578,51.853568,199490376
2021-05-24,51.817403,53.05642,51.474329,52.90788,52.632219,94796858
2021-05-25,53.512253,54.664355,53.233807,54.351077,54.068045,158578510
2021-05-26,55.154586,56.823883,54.866329,56.339602,56.046369,126632884
2021-05-27,57.008532,57.511868,54.287683,54.922116,54.636409,178513256
2021-05-28,54.415335,55.557193,53.786567,54.968012,54.682216,108962138
2021-06-01,54.872831,54.911423,53.768101,53.800954,53.521812,163880335
2021-06-02,53.428469,54.202173,52.490466,53.408146,53.131188,101309625
2021-06-03,54.178191,54.228599,51.263612,51.817694,51.549124,163356785
2021-06-04,52.44589,52.84185,51.520005,52.447708,52.176016,110580366
2021-06-07,52.405109,53.654541,51.95094,52.779101,52.506124,121704385
2021-06-08,52.87174,53.680585,51.018386,51.203315,50.938627,153090538
2021-06-09,51.013777,52.380689,50.849632,51.583158,51.316647,117258555
2021-06-10,51.722246,52.794832,51.605363,52.337266,52.067002,172318112
2021-06-11,53.193877,53.633509,51.122971,52.930168,52.656986,168512228
2021-06-14,52.903688,55.680075,52.839377,53.905215,53.627441,126066945
2021-06-15,53.792598,56.346546,53.676746,56.075106,55.786303,131730004
2021-06-16,55.437075,56.221051,54.255295,55.737149,55.450239,143348233
2021-06-17,54.775919,57.407278,54.274467,56.846828,56.55436,127708133
2021-06-18,57.004585,58.168255,56.019289,57.253793,56.959387,80324767
2021-06-21,57.34384,58.229858,56.937788,58.071324,57.773189,157379560
2021-06-22,57.507935,59.657845,57.387774,59.075363,58.772235,95986658
2021-06-23,58.709148,59.936559,58.161083,59.881408,59.574307,171132068
2021-06-24,59.370606,65.588794,58.478516,63.070509,62.747225,145423621
2021-06-25,62.407765,63.856979,61.211199,62.864053,62.541998,167858969
2021-06-28,63.735281,63.990956,57.805557,58.821448,58.520584,125478554
2021-06-29,58.933162,61.757699,58.528065,60.411586,60.102753,83060629
2021-06-30,61.439571,61.866722,57.076237,57.725648,57.430704,153988713
2021-07-01,57.919582,59.207106,57.146352,57.555787,57.261867,172455061
2021-07-02,57.957093,59.415198,56.978401,58.456184,58.157826,126475823
2021-07-06,57.788157,61.041397,57.254704,60.355386,60.047991,94692535
2021-07-07,60.653244,61.416241,58.676099,59.707406,59.403474,82894291
2021-07-08,58.18383,61.466364,57.983248,61.127228,60.816235,147192885
2021-07-09,60.778972,61.643522,60.109259,60.917044,60.607287,75057104
2021-07-12,61.201116,61.694729,60.608788,60.973919,60.66437,102506461
2021-07-13,61.335421,62.0869,60.679774,61.782514,61.469028,125766751
2021-07-14,61.73614,61.906593,60.590283,61.442378,61.130786,152745829
2021-07-15,61.508889,62.093119,60.723479,60.860666,60.552189,152277758
2021-07-16,60.792986,61.095524,59.813922,59.846315,59.543143,115508127
2021-07-19,59.501338,59.777969,59.281551,59.666593,59.36482,126081264
2021-07-20,59.27049,62.777002,58.698208,62.53659,62.220471,138354091
2021-07-21,63.480289,63.937124,62.312463,62.431675,62.116256,111209543
2021-07-22,62.044298,63.31674,61.949208,62.517581,62.201899,159232801
2021-07-23,62.193824,63.905031,61.658143,63.063785,62.745516,126602315
2021-07-26,63.025956,63.499453,61.792836,62.317697,62.003703,90212489
2021-07-27,62.506598,63.281284,60.163829,61.052563,60.74511,83884010
2021-07-28,61.316784,63.246398,60.715461,62.205758,61.892667,98459103
2021-07-29,62.462439,64.632254,62.079081,64.174165,63.851341,84573727
2021-07-30,64.634624,64.933477,63.902904,64.094515,63.772267,220235316
2021-08-02,64.14576,65.044132,63.246188,64.897318,64.571564,90601925
2021-08-03,64.341071,67.312766,63.796109,67.269422,66.931944,216296051
2021-08-04,67.665444,68.916361,67.25984,68.335502,67.992862,104307092
2021-08-05,67.995853,68.237518,65.43116,66.351221,66.018711,107210477
2021-08-06,67.742746,70.81301,67.019325,69.942914,69.592595,183702030
2021-08-09,70.897876,73.267916,70.198885,73.184498,72.818542,95245303
2021-08-10,73.416556,74.136165,71.12735,71.418002,71.061073,127971493
2021-08-11,72.08208,72.182134,71.480213,72.138148,71.777818,94579306
2021-08-12,71.733847,74.223895,70.356336,72.968292,72.604013,56175959
2021-08-13,72.675216,74.903989,72.188408,74.791564,74.418387,85556364
2021-08-16,74.290011,78.640301,74.159038,78.039393,77.650648,135736561
2021-08-17,78.43688,78.915488,75.28177,76.771958,76.389736,151489164
2021-08-18,76.160997,77.259423,75.14245,76.738824,76.356976,74992689
2021-08-19,76.384963,76.452781,75.341211,75.586068,75.210162,69441967
2021-08-20,75.232336,76.238661,71.706495,72.062564,71.704377,137701500
2021-08-23,71.534539,72.203736,70.673182,71.633645,71.278176,126578577
2021-08-24,72.144432,74.275019,70.983589,73.871185,73.504814,173574663
2021-08-25,73.991383,74.983497,73.416952,74.706497,74.336186,88312709
2021-08-26,75.167162,78.596156,74.223749,77.485601,77.101725,116299450
2021-08-27,77.863448,79.687088,76.475814,78.156944,77.769956,94963516
2021-08-30,78.910072,80.00438,77.08922,77.498272,77.115179,120180662
2021-08-31,77.737318,79.898433,76.35783,79.530602,79.137679,159424452
2021-09-01,78.892585,79.684196,76.928861,77.296842,76.915165,103358015
2021-09-02,76.974878,79.537223,75.933369,76.79185,76.412876,78809582
2021-09-03,77.347208,77.415565,72.382055,72.815618,72.456465,119876184
2021-09-07,72.622944,76.287857,71.313709,75.659159,75.286805,96561234
2021-09-08,74.905771,75.432974,70.546045,72.178969,71.82394,193296555
2021-09-09,72.37604,76.586852,70.978947,76.361269,75.985876,129960976
2021-09-10,77.424159,78.344468,76.622079,76.900755,76.52292,82786233
2021-09-13,76.532091,79.978344,75.141616,79.678969,79.288134,111968325
2021-09-14,80.769027,83.206704,80.364247,82.939001,82.532402,189872028
2021-09-15,83.604003,84.656218,82.75721,83.251742,82.843837,142664037
2021-09-16,84.268398,84.694916,80.939003,82.348275,81.945021,135001220
2021-09-17,82.981073,83.358816,81.232026,82.451249,82.047715,91688348
2021-09-20,80.93965,85.274601,80.760418,84.112056,83.701081,111767151
2021-09-21,84.284689,85.060892,83.699319,83.867827,83.458274,101916606
2021-09-22,83.923493,85.660394,82.706732,84.921659,84.507191,122435082
2021-09-23,84.006589,85.0059,81.993675,83.715011,83.30666,93949579
2021-09-24,83.467805,83.652625,80.660751,80.733631,80.340043,104603590
2021-09-27,81.0688,83.033725,80.623894,82.776805,82.373933,88256792
2021-09-28,82.841851,85.100753,81.98142,83.404636,82.998935,103946901
2021-09-29,83.015472,83.214054,80.950371,81.976475,81.577945,98615242
2021-09-30,82.106536,85.795689,80.866803,85.536556,85.120952,102144256
2021-10-01,85.599867,88.026991,84.53707,86.209762,85.791122,168425160
2021-10-04,86.975539,93.295657,86.001491,92.973787,92.52306,94057197
2021-10-05,92.376426,96.709901,91.914346,95.996918,95.531796,141034206
2021-10-06,95.823245,99.133611,94.188917,97.881031,97.407047,107149481
2021-10-07,97.576498,103.118613,97.302181,101.734393,101.242027,153364538
2021-10-08,101.125896,103.865097,99.337584,102.47997,101.984275,137725830
2021-10-11,99.789444,102.31502,97.474206,101.670453,101.179504,136741611
2021-10-12,102.693748,105.445956,101.377631,104.346223,103.842637,122367581
2021-10-13,103.355965,106.675981,102.953129,106.552526,106.038583,113634105
2021-10-14,105.770296,112.343566,105.227861,111.646535,111.108327,95202623
2021-10-15,112.382713,115.198311,109.273687,110.74195,110.208404,128204413
2021-10-18,111.748623,111.822371,110.681171,111.025131,110.491127,67471598
2021-10-19,110.802278,111.304899,105.652276,107.914487,107.39574,85792180
2021-10-20,107.519689,110.458888,106.665435,108.727058,108.2047,161471271
2021-10-21,108.954467,109.071734,106.979727,107.5145,106.99826,103927241
2021-10-22,108.316323,111.609306,108.030341,110.757638,110.226129,128825729
2021-10-25,111.625,112.873588,110.1167,111.44696,110.913053,132138339
2021-10-26,110.698173,111.761718,108.096266,108.805616,108.28466,83978178
2021-10-27,108.645067,114.441276,107.721589,113.104177,112.562947,105148511
2021-10-28,112.94301,115.157408,110.841987,114.249765,113.703365,115497120
2021-10-29,113.836327,114.032151,112.237082,112.418057,111.880724,108855088
2021-11-01,113.018162,113.711994,110.232478,110.309453,109.7831,106389567
2021-11-02,110.690948,114.413436,108.290091,114.005624,113.461945,131706931
2021-11-03,113.088103,116.722805,112.362452,115.981984,115.429196,100916762
2021-11-04,116.432918,116.641385,111.757929,112.440661,111.905058,95722701
2021-11-05,112.95465,115.141808,111.016294,114.266522,113.722533,129447986
2021-11-08,114.769222,115.085803,111.018215,112.093434,111.560706,147336642
2021-11-09,111.444948,113.065699,109.205851,109.613164,109.092522,168116631
2021-11-10,109.830144,110.488926,109.164066,109.51587,108.995989,96604743
2021-11-11,109.742565,110.630226,107.732476,109.312091,108.793476,76508644
2021-11-12,110.775937,110.909623,104.341751,106.126057,105.622846,71702431
2021-11-15,105.777792,106.271924,104.997767,105.218232,104.720186,99090596
2021-11-16,105.005332,107.152191,102.045741,105.756325,105.25602,165931586
2021-11-17,104.298408,105.462715,103.475686,103.791951,103.301222,108832590
2021-11-18,102.774756,105.047502,102.055956,102.550689,102.066109,108965009
2021-11-19,103.132963,109.735458,103.031537,107.520489,107.012717,85602705
2021-11-22,107.245072,107.742049,106.54284,106.925794,106.421705,97877334
2021-11-23,107.255887,109.024072,106.673072,106.880232,106.376648,106128597
2021-11-24,107.364299,108.187106,105.532653,107.346898,106.841409,163508975
2021-11-26,106.874596,108.407739,104.346363,106.074158,105.57524,157189025
2021-11-29,106.721949,107.932084,101.563215,103.085657,102.601638,63568828
2021-11-30,102.46115,102.86472,100.700544,100.850389,100.37714,171287924
2021-12-01,100.238121,107.87112,99.813211,107.004298,106.502463,217988111
2021-12-02,106.2198,107.680593,103.628041,105.456843,104.962553,94743778
2021-12-03,106.827525,107.810551,104.588916,104.968249,104.476535,88320513
2021-12-06,104.636855,108.130398,102.506123,107.443333,106.940903,117354348
2021-12-07,107.871979,111.197957,107.379138,109.341846,108.830836,87378366
2021-12-08,109.078191,111.405283,108.604919,108.66381,108.156265,118930679
2021-12-09,108.021015,109.531012,107.774135,109.419568,108.908791,98218701
2021-12-10,108.972785,109.617527,107.827013,108.643579,108.136721,200916852
2021-12-13,108.762849,112.994426,108.473596,111.708551,111.188307,158334707
2021-12-14,111.729717,114.971355,109.274885,112.768905,112.244029,132792066
2021-12-15,114.128806,116.46357,113.21303,115.024558,114.489498,112374410
2021-12-16,114.636332,119.016651,113.357172,118.887404,118.334699,137425200
2021-12-17,118.495628,120.110777,112.208753,113.993211,113.46357,160489898
2021-12-20,114.211845,119.74778,113.887004,117.106611,116.563461,141809454
2021-12-21,118.315353,118.580513,117.899356,118.264184,117.715988,98487707
2021-12-22,117.655482,123.403244,115.745302,122.596693,122.028748,157851312
2021-12-23,122.657416,124.101789,121.925181,122.424076,121.857264,99533407
2021-12-27,120.325661,123.52405,118.286292,120.169721,119.614656,181681141
2021-12-28,119.855752,120.546133,119.654401,120.449139,119.893112,131813566
2021-12-29,122.298898,122.415976,115.895955,118.11091,117.565999,65619172
2021-12-30,117.935213,122.190365,117.530228,120.396128,119.841002,141512120
2021-12-31,120.516035,120.930709,118.156757,118.250083,117.705175,126184004
2022-01-03,119.25637,119.528748,115.261442,116.115729,115.581605,125443353
2022-01-04,115.891067,120.369669,115.62574,118.862218,118.315784,150532430
2022-01-05,118.565875,123.479234,118.396647,123.412497,122.845481,71192686
2022-01-06,124.36327,125.869509,123.88358,125.755009,125.177573,144970359
2022-01-07,126.024796,127.570661,123.051323,124.119678,123.550089,89741982
2022-01-10,122.820799,126.197015,121.61588,125.581132,125.005863,137933084
2022-01-11,125.777222,126.303718,125.21424,125.397939,124.823852,73713686
2022-01-12,124.830181,126.212148,124.666357,125.85361,125.277779,75468666
2022-01-13,125.319234,129.000715,124.86351,128.426025,127.838775,65624256
2022-01-14,128.899926,130.143463,125.095118,126.099012,125.522746,105419020
2022-01-18,125.44146,126.874588,124.383557,125.38192,124.810297,144409021
2022-01-19,125.277346,126.953828,123.682926,125.833963,125.260623,81747806
2022-01-20,127.272467,128.086287,125.383592,125.841769,125.268736,86147285
2022-01-21,126.271823,126.636171,125.743386,125.882991,125.310113,70364794
2022-01-24,125.796457,126.839975,124.796286,124.910385,124.342955,90285170
2022-01-25,124.835104,126.845919,121.66429,122.679987,122.123024,134699411
2022-01-26,122.857831,124.858488,118.820229,120.452353,119.905831,74173174
2022-01-27,120.060063,121.666785,118.716472,120.236212,119.690998,165984981
2022-01-28,121.454499,121.973644,118.707733,120.465525,119.9196,111239546
2022-01-31,120.838788,122.76465,119.985167,121.191063,120.642841,183308711
2022-02-01,122.660543,123.043366,118.857224,119.279106,118.739858,131493610
2022-02-02,118.258934,121.209144,115.082982,119.858152,119.316613,124991617
2022-02-03,119.26169,119.506008,118.515247,119.017539,118.480122,176911677
2022-02-04,117.955114,119.558399,117.455082,117.591536,117.060879,188036615
2022-02-07,117.276428,118.528638,115.54113,118.138758,117.606597,118099149
2022-02-08,117.093113,117.741184,116.99372,117.683379,117.15359,102644724
2022-02-09,117.864242,120.937326,117.784228,120.434954,119.893106,162625061
2022-02-10,120.589782,124.647531,120.538082,123.460398,122.905275,189985483
2022-02-11,123.546832,123.612401,120.980353,122.445277,121.895053,85004747
2022-02-14,122.991322,124.119316,121.374083,121.817436,121.271028,111157120
2022-02-15,122.390956,124.524275,120.301477,121.272996,120.729361,73365350
2022-02-16,120.714879,121.988003,120.182593,121.767747,121.222226,122467672
2022-02-17,121.757333,123.06977,117.673235,118.746139,118.214478,153882340
2022-02-18,118.272574,121.090119,117.914997,120.231769,119.693785,132534809
2022-02-22,118.02948,123.027176,116.729143,120.315123,119.778078,89094416
2022-02-23,119.93245,121.829652,118.963175,120.709983,120.171504,90857029
2022-02-24,121.299929,121.409027,119.967575,121.261057,120.72045,103081559
2022-02-25,121.099345,121.650357,120.937447,121.517451,120.976032,132462993
2022-02-28,120.604473,122.608273,120.147014,122.502413,121.957608,116513889
2022-03-01,121.886089,125.245968,119.574139,124.502945,123.949582,113831722
2022-03-02,125.097565,126.680007,124.727013,125.944908,125.38548,124498688
2022-03-03,127.841903,128.200467,126.828937,126.98921,126.425489,100130505
2022-03-04,126.965464,129.698623,124.638343,125.484989,124.928288,109022225
2022-03-07,125.202174,126.190164,121.511459,122.252476,121.711115,116954131
2022-03-08,121.467341,121.94632,117.029938,119.922745,119.392027,79767809
2022-03-09,121.696147,123.135462,120.014742,122.313758,121.772792,176623174
2022-03-10,121.347688,123.767742,120.151795,122.433023,121.891864,52804589
2022-03-11,123.602684,124.895499,120.672696,122.350423,121.809962,113175476
2022-03-14,123.331862,123.734707,120.774953,122.209088,121.670251,86554981
2022-03-15,120.917063,121.903563,120.208698,121.014605,120.481364,81172989
2022-03-16,121.460657,121.731281,119.871452,120.863814,120.331567,110768736
2022-03-17,121.500075,123.568416,119.9617,121.177623,120.644325,119865524
2022-03-18,121.773282,121.823559,118.93729,119.397835,118.872695,112106729
2022-03-21,118.431195,119.33716,117.619105,118.031617,117.513451,130064969
2022-03-22,117.792682,122.711369,116.422561,121.534869,121.001655,151498764
2022-03-23,120.920557,120.983338,119.072735,120.345543,119.817875,152027581
2022-03-24,120.458998,121.368512,118.066975,119.020227,118.498694,119590194
2022-03-25,119.100709,120.699616,118.348423,119.574533,119.050898,101661746
2022-03-28,120.598777,120.837027,118.057502,119.039407,118.519088,68086568
2022-03-29,119.737456,120.772353,119.432478,120.159836,119.634947,204850799
2022-03-30,120.576461,121.267561,118.848245,119.18137,118.66108,137918408
2022-03-31,119.467538,119.946321,116.572815,117.900573,117.386196,198194607
2022-04-01,117.04976,118.262342,115.554621,118.020878,117.506298,65748324
2022-04-04,117.265192,120.963221,116.075866,120.256406,119.733063,139821371
2022-04-05,120.826958,125.715263,119.812042,124.839466,124.296518,185981958
2022-04-06,125.396067,126.947372,124.43158,124.852891,124.310225,70863319
2022-04-07,123.15603,125.652242,122.930778,125.099911,124.556512,96986899
2022-04-08,124.774861,125.373342,121.835814,124.172359,123.633327,83155912
2022-04-11,125.635114,127.763977,121.688611,123.046023,122.512887,63183456
2022-04-12,122.610661,123.268624,118.884295,119.235078,118.718779,141906976
2022-04-13,118.7701,121.135647,117.506193,120.298243,119.777669,202145842
2022-04-14,120.967459,121.576746,120.037639,120.716864,120.194807,133037296
2022-04-18,120.744769,121.317595,119.38956,120.56262,120.042545,188969084
2022-04-19,120.44279,122.100242,116.596355,117.295447,116.789786,171569267
2022-04-20,117.716356,118.354414,115.691146,116.227448,115.726707,147056146
2022-04-21,115.99053,120.490492,114.2695,118.501459,117.991244,153653027
2022-04-22,119.312329,120.234655,116.341456,117.611242,117.105181,82645617
2022-04-25,118.176386,119.434723,113.723437,114.456191,113.964641,122498986
2022-04-26,114.709295,115.706432,114.663269,114.971406,114.477957,124086754
2022-04-27,115.310759,117.890449,114.455718,117.780306,117.275122,128877876
2022-04-28,116.426377,118.294764,114.751529,118.099011,117.592783,146789391
2022-04-29,117.699213,118.007705,116.352071,117.239132,116.736909,108943636
2022-05-02,117.595937,118.118815,110.239307,111.283749,110.807948,128714080
2022-05-03,111.258433,111.396311,108.73494,109.212833,108.746183,134334501
2022-05-04,108.744048,109.836503,107.715876,109.033943,108.568355,87111029
2022-05-05,108.158108,108.878114,103.803666,105.007823,104.559713,126320790
2022-05-06,105.511971,105.872224,104.820932,105.111568,104.663303,135927490
2022-05-09,105.033034,105.491836,102.937037,104.620483,104.175167,188093498
2022-05-10,103.440283,105.266553,102.918598,105.120468,104.673311,132455710
2022-05-11,104.425286,106.939525,98.231333,100.385337,99.958595,78368725
2022-05-12,100.933495,103.017233,99.587446,102.458679,102.023403,108389529
2022-05-13,102.489815,104.466828,99.921945,103.900819,103.459699,84568315
2022-05-16,104.399163,105.441549,100.47569,100.852004,100.424653,135807566
2022-05-17,101.135986,104.885347,100.14863,104.506608,104.064056,144242299
2022-05-18,104.823578,107.602338,103.114463,105.503552,105.057066,100091576
2022-05-19,104.531283,107.193328,104.076855,106.467318,106.017044,101532967
2022-05-20,107.035714,107.439345,104.675635,105.45306,105.007363,62539962
2022-05-23,105.877795,107.441362,102.479145,102.58894,102.156187,131895341
2022-05-24,102.879059,103.804371,100.298918,100.671395,100.247005,99757532
2022-05-25,100.005185,101.544581,99.708631,100.966786,100.541427,112394948
2022-05-26,100.805951,103.138195,99.878052,102.299385,101.86869,139777472
2022-05-27,101.822322,106.919944,100.118382,106.738294,106.289202,125253462
2022-05-31,105.942515,107.433543,103.881253,105.893357,105.448974,114359341
2022-06-01,104.998403,108.540491,104.823815,106.41767,105.971378,128342977
2022-06-02,105.460485,107.077862,104.979046,105.551811,105.109438,205871997
2022-06-03,104.133032,112.217467,103.245745,109.853059,109.392958,145046284
2022-06-06,109.880453,113.992542,109.624947,113.263072,112.789616,113903347
2022-06-07,112.939441,116.055571,112.412074,115.208006,114.726733,105358391
2022-06-08,116.797001,117.836111,111.880554,114.698011,114.219181,107837935
2022-06-09,115.983303,117.245553,110.508564,111.322565,110.858131,109950720
2022-06-10,111.756555,112.886489,111.464583,112.020879,111.553837,188968877
2022-06-13,113.028184,115.398073,109.36316,109.487712,109.032127,72004347
2022-06-14,109.175571,111.068564,106.837204,108.490696,108.039555,157658877
2022-06-15,107.260363,108.044849,106.50071,106.845031,106.401024,200972400
2022-06-16,105.882373,110.379131,105.489154,110.025815,109.56889,87017757
2022-06-17,109.762851,109.939597,109.590674,109.740038,109.2846,129106463
2022-06-21,109.660932,111.146774,109.392204,110.059102,109.60354,51867054
2022-06-22,110.563758,111.110295,108.188175,109.139754,108.688295,100566823
2022-06-23,109.271948,110.238656,107.004447,108.238907,107.791469,111766694
2022-06-24,108.935421,109.834147,105.696572,105.973068,105.535285,101233744
2022-06-27,106.099735,108.380498,104.989798,107.919495,107.474554,169896279
2022-06-28,106.044562,113.027875,105.248865,110.979625,110.522371,89779579
2022-06-29,110.654767,111.48593,109.600016,109.773434,109.321448,108445728
2022-06-30,111.516342,111.975566,107.323113,108.369614,107.923704,77062058
2022-07-01,107.801885,108.218054,106.053274,106.964958,106.525119,68980120
2022-07-05,107.649826,108.590671,106.925568,107.892574,107.450098,86664408
2022-07-06,107.45739,108.467388,103.148976,104.184221,103.757237,118986561
2022-07-07,103.028915,107.225934,101.982125,106.313281,105.877861,106258665
2022-07-08,105.485908,106.378437,103.82469,104.837798,104.408707,140881925
2022-07-11,104.012029,104.516924,101.682831,103.643705,103.220349,95594727
2022-07-12,104.089421,106.556982,103.32244,103.626702,103.203698,82389600
2022-07-13,103.815791,109.7042,103.364648,107.785926,107.346239,161901439
2022-07-14,107.733278,108.216214,105.125746,105.796505,105.365221,142645750
2022-07-15,107.277104,111.291731,106.930834,109.948865,109.500954,237709138
2022-07-18,109.432828,110.125906,109.057697,109.817659,109.37118,98561161
2022-07-19,108.833891,112.627326,108.353965,111.957685,111.502811,90723228
2022-07-20,111.920223,113.326931,110.057877,110.365175,109.917072,226051213
2022-07-21,108.321816,113.455427,107.28409,112.873728,112.415748,197723626
2022-07-22,112.9754,114.660418,111.333632,111.523588,111.071391,97250662
2022-07-25,110.913407,112.409475,109.235834,112.093261,111.639671,65548089
2022-07-26,112.396777,112.936719,109.673068,111.245418,110.795561,91271515
2022-07-27,110.366924,112.418893,109.166668,110.877754,110.429687,170791577
2022-07-28,110.804936,112.372227,109.132063,109.564479,109.122018,193115448
2022-07-29,110.103534,111.197407,108.210597,109.016706,108.576753,134378738
2022-08-01,108.033658,109.609939,107.578094,108.363022,107.926594,129523266
2022-08-02,108.712743,111.179924,108.61594,109.945882,109.50338,171089705
2022-08-03,110.667257,111.992169,109.595605,111.869574,111.419633,148288543
2022-08-04,112.283392,114.827148,112.108368,114.651217,114.190402,98343709
2022-08-05,114.705367,119.077166,114.529324,118.296077,117.820935,86628471
2022-08-08,118.291026,120.307426,118.148101,119.736372,119.256424,77195881
2022-08-09,119.368131,121.715079,119.10326,121.214086,120.728545,150725069
2022-08-10,122.219255,123.533742,118.06603,118.37378,117.899939,102603560
2022-08-11,118.089408,118.783379,115.523079,115.811561,115.348292,123892184
2022-08-12,116.45419,118.915829,116.10766,118.5229,118.049109,65924445
2022-08-15,119.558933,120.387705,115.533123,117.232341,116.764668,105665435
2022-08-16,117.246641,117.298427,115.779481,116.692991,116.227788,128992347
2022-08-17,116.361622,117.93213,113.473666,115.194886,114.73597,145602524
2022-08-18,115.234326,118.382043,114.824445,117.535862,117.06794,169607433
2022-08-19,116.891444,118.316351,116.83931,117.7609,117.292403,110965110
2022-08-22,117.074143,118.985877,115.30416,116.716103,116.252718,148166303
2022-08-23,117.410106,118.548337,114.111611,115.139388,114.682576,114288368
2022-08-24,115.009676,116.858919,114.12994,115.98583,115.525977,90593078
2022-08-25,116.306009,117.045447,115.113457,116.987742,116.524235,153836278
2022-08-26,116.822772,118.658488,116.002179,116.418033,115.957101,128092424
2022-08-29,117.497811,118.718418,116.316533,118.579425,118.110905,117776105
2022-08-30,117.265157,119.689255,115.700836,117.275766,116.812716,108397573
2022-08-31,117.605401,118.460032,115.950313,116.587197,116.127185,76393771
2022-09-01,115.194309,121.761617,114.926563,120.245857,119.771736,299111091
2022-09-02,119.265873,131.848416,117.370473,130.254101,129.740874,161543375
2022-09-06,129.337683,129.844867,127.741545,129.582386,129.073219,137367345
2022-09-07,129.728355,131.067133,129.16885,130.320735,129.809023,102044588
2022-09-08,129.833428,129.988633,127.226452,128.363639,127.859961,109931179
2022-09-09,129.314212,130.731288,125.458581,125.599076,125.106589,109295141
2022-09-12,126.837422,130.184403,125.120366,129.462183,128.955607,137402607
2022-09-13,130.14515,135.963673,127.722539,135.404361,134.874903,113495271
2022-09-14,133.811312,138.384803,132.99144,137.171356,136.635363,126344935
2022-09-15,136.168167,140.427316,134.57112,138.996746,138.453999,88091994
2022-09-16,136.994769,138.328887,130.498227,132.194484,131.678658,123139383
2022-09-19,132.446152,132.671793,129.462083,130.596366,130.087845,139620606
2022-09-20,129.989538,135.034465,127.386731,133.495761,132.976315,213850559
2022-09-21,132.915746,134.648558,131.612528,133.510644,132.991503,145016717
2022-09-22,131.873652,145.380178,130.397689,141.225671,140.676917,136362816
2022-09-23,141.274071,146.918967,140.866259,146.208674,145.640956,157350219
2022-09-26,146.550501,147.200034,140.532827,141.118507,140.571708,129889130
2022-09-27,141.174529,141.290375,139.999321,140.453577,139.909738,144242021
2022-09-28,140.536791,144.955246,139.50959,142.899744,142.346823,132031646
2022-09-29,143.810079,147.739193,142.931487,144.890294,144.330066,141821236
2022-09-30,146.205513,146.318733,143.961018,145.06588,144.505369,124220243
2022-10-03,144.820455,146.306673,139.43037,139.690571,139.151973,165925593
2022-10-04,139.30594,150.112505,135.700682,147.350163,146.782433,213300306
2022-10-05,147.397031,149.315127,142.430865,143.824413,143.27066,143780368
2022-10-06,142.676939,142.963075,137.996054,139.904208,139.36593,138780604
2022-10-07,139.148045,140.145913,135.820256,137.054373,136.527434,122648594
2022-10-10,138.733692,140.137538,135.747949,136.502812,135.97911,120491338
2022-10-11,136.565732,139.249271,134.896366,138.664198,138.132582,185752039
2022-10-12,139.69205,139.984722,137.995403,138.602922,138.071919,117407333
2022-10-13,138.071468,139.445138,135.222747,135.625422,135.106196,149025671
2022-10-14,136.013024,137.665708,134.383965,136.772323,136.249079,154462410
2022-10-17,137.310738,138.35188,132.175549,132.261111,131.756208,106344573
2022-10-18,134.669106,137.364313,125.688957,127.746238,127.258918,122584977
2022-10-19,126.491333,127.958864,125.551109,125.666917,125.187872,157763012
2022-10-20,126.015272,126.200256,125.306479,125.648507,125.169876,82290629
2022-10-21,126.177242,126.94656,125.673346,126.702157,126.219858,84006327
2022-10-24,127.682502,128.251051,120.531782,121.949575,121.486364,78048580
2022-10-25,120.468458,126.67506,118.38347,126.195698,125.716703,80218317
2022-10-26,125.665454,130.067782,125.54621,127.042217,126.560355,118209114
2022-10-27,126.556017,134.219739,124.610715,133.826646,133.319416,192853205
2022-10-28,134.941024,136.078724,127.713424,128.817524,128.329632,176893958
2022-10-31,128.612442,133.537348,126.965268,132.271881,131.771988,104359078
2022-11-01,131.933223,133.399563,130.028524,132.309323,131.809649,63731957
2022-11-02,132.599069,134.229653,131.351025,131.455305,130.959214,147930169
2022-11-03,130.14381,135.716545,127.882979,135.200652,134.690796,105599555
2022-11-04,135.157583,136.53597,130.404632,132.243677,131.745333,74084620
2022-11-07,131.709126,134.470949,130.809224,133.533278,133.031167,111105532
2022-11-08,134.783478,139.824381,131.639705,135.987592,135.476623,84949526
2022-11-09,136.010045,137.288477,133.716435,136.620014,136.107042,88580290
2022-11-10,136.697426,143.123157,135.050312,142.872654,142.336594,136666120
2022-11-11,144.571925,151.672223,143.445623,149.940482,149.378312,133458341
2022-11-14,149.551268,149.742104,145.97699,147.565512,147.013455,80428534
2022-11-15,149.264644,151.701021,139.447438,140.630108,140.10438,103635085
2022-11-16,139.667763,153.047034,138.859489,149.949627,149.389468,59663431
2022-11-17,150.087476,150.804702,149.1558,149.307731,148.750377,46820415
2022-11-18,149.299015,149.684314,144.935721,147.138565,146.58971,143226871
2022-11-21,147.663569,150.788414,147.479323,150.058851,149.50033,108061412
2022-11-22,149.955919,151.289951,143.154482,145.05102,144.511534,97518736
2022-11-23,143.281886,153.308189,140.997518,152.008592,151.443644,112273441
2022-11-25,152.015112,159.091968,149.295424,159.014336,158.424218,133915027
2022-11-28,159.895551,162.504644,155.092131,155.230884,154.656077,117326403
2022-11-29,156.412936,158.074803,155.048335,155.413672,154.838612,124644484
2022-11-30,155.105729,156.414403,146.349261,147.03407,146.490418,88130707
2022-12-01,146.999595,149.736802,145.382727,148.657801,148.108551,147556961
2022-12-02,148.107237,149.49033,145.097108,147.815233,147.269499,97130139
2022-12-05,147.759383,149.730305,144.731941,145.747174,145.210267,170148799
2022-12-06,144.970144,145.233976,139.473379,142.710502,142.185171,196033225
2022-12-07,143.865744,144.746361,134.112565,135.877084,135.377278,140885376
2022-12-08,136.246076,141.224452,134.575549,140.317564,139.801807,118904208
2022-12-09,140.302497,143.849567,133.175569,134.706116,134.211353,112565789
2022-12-12,134.975935,138.777708,134.643854,137.133793,136.631235,181578258
2022-12-13,135.766186,138.221651,125.702986,129.475142,129.001004,114580243
2022-12-14,129.868405,130.148851,122.452245,123.602231,123.149937,155408502
2022-12-15,123.47061,128.608275,122.839158,127.244032,126.778759,155851754
2022-12-16,128.863006,130.409318,126.515024,128.337277,127.868357,79220274
2022-12-19,127.045667,132.081752,124.356082,127.613004,127.147774,138841046
2022-12-20,129.910043,132.515867,119.314199,119.848332,119.411736,104888021
2022-12-21,119.286247,124.732181,119.01855,122.792991,122.346003,71122814
2022-12-22,124.746567,125.654294,123.952518,124.873827,124.419605,173472052
2022-12-23,127.369198,128.29339,118.746731,120.034574,119.598282,166026575
2022-12-27,121.494029,126.101101,118.665579,125.962952,125.506486,151637500
2022-12-28,124.913509,134.737859,123.537231,131.402918,130.927098,139363842
2022-12-29,130.911187,133.687804,130.587745,132.797785,132.317275,134391809
2022-12-30,132.478213,132.992775,127.85696,129.313172,128.845624,90904194
2023-01-03,128.282876,137.666719,125.342508,137.550997,137.055166,137607908
2023-01-04,136.973728,139.182663,136.562894,138.071219,137.573889,130419636
2023-01-05,137.852854,139.997792,133.423338,135.858557,135.369567,146776807
2023-01-06,138.058172,139.174351,135.222673,136.964654,136.472057,125591106
2023-01-09,135.713576,138.283021,135.627387,136.987931,136.496371,77107314
2023-01-10,134.415768,135.360439,134.292509,134.5041,134.02182,102192227
2023-01-11,135.802826,136.770303,133.703956,133.944901,133.464991,195474391
2023-01-12,133.78786,135.617621,131.531525,132.73238,132.257177,119474268
2023-01-13,131.757479,132.764321,127.535676,129.542551,129.079122,184483408
2023-01-17,128.860236,131.074607,128.780251,128.851835,128.392282,108899699
2023-01-18,127.789086,133.291681,126.266715,129.708903,129.246647,83631965
2023-01-19,130.458176,130.707794,130.130804,130.290852,129.826878,111669677
2023-01-20,130.925057,132.163994,126.224412,126.309438,125.859987,113683512
2023-01-23,126.39662,129.717444,125.555536,129.529588,129.069738,70778327
2023-01-24,130.279701,132.624853,128.130648,128.774254,128.317437,110500692
2023-01-25,127.413244,134.09457,127.217687,132.95456,132.483277,110802035
2023-01-26,133.652692,134.647793,128.678736,128.848292,128.391916,91706188
2023-01-27,129.345834,129.907338,128.690602,129.639764,129.180938,98719480
2023-01-30,130.132346,132.868141,127.154306,127.387746,126.937933,95692350
2023-01-31,127.300819,133.405107,126.47524,132.235851,131.76928,131610014
2023-02-01,132.379908,133.74139,127.548725,128.380161,127.927545,129124382
2023-02-02,128.81932,130.443428,125.28611,126.8704,126.423452,85805370
2023-02-03,126.679129,127.402366,123.809658,125.237838,124.796983,117407050
2023-02-06,124.822462,126.133861,122.45342,122.727067,122.296055,83900994
2023-02-07,122.616258,127.013152,121.485923,125.587537,125.146822,104751186
2023-02-08,126.712521,130.387824,125.279591,128.962011,128.509805,139125075
2023-02-09,128.793952,132.668918,127.4619,132.353128,131.889393,100957321
2023-02-10,133.764641,134.495685,129.854511,130.675553,130.218053,98319240
2023-02-13,130.07119,130.821943,129.712863,129.861612,129.408023,210846329
2023-02-14,129.949739,130.902111,128.924084,129.366298,128.914793,110466621
2023-02-15,130.094273,133.175398,128.50203,130.851413,130.395081,116512802
2023-02-16,129.540867,131.126059,126.784845,128.676034,128.22764,139576859
2023-02-17,126.48972,128.624564,126.078687,127.350126,126.9067,52135052
2023-02-21,126.226153,128.368836,119.701198,121.172453,120.751859,93514778
2023-02-22,119.966305,125.185137,117.762675,124.227745,123.796885,138361917
2023-02-23,126.63327,127.939783,125.227664,125.961157,125.524629,152780413
2023-02-24,125.970784,127.555858,124.061295,124.683728,124.251968,69790223
2023-02-27,120.379226,133.023216,120.248861,131.467656,131.01348,72794006
2023-02-28,132.256584,135.604716,129.092078,131.808403,131.353409,144446764
2023-03-01,132.213087,134.563309,127.519057,134.497259,134.03335,118195484
2023-03-02,134.269196,134.762143,128.535245,128.679921,128.236429,176772987
2023-03-03,124.876998,130.867159,122.284455,129.96874,129.52116,104968856
2023-03-06,131.048568,132.004861,130.604546,130.9836,130.533597,179890834
2023-03-07,133.269973,137.374114,132.881209,135.965637,135.49889,159369399
2023-03-08,138.195033,138.760789,129.014024,129.508283,129.064056,79901367
2023-03-09,129.197435,139.606029,125.68716,137.032263,136.562601,113942056
2023-03-10,137.432795,145.842952,135.621166,140.703526,140.221666,198438520
2023-03-13,142.698807,142.932262,138.615076,142.01444,141.529253,89596622
2023-03-14,141.710918,146.941335,132.682637,133.693251,133.236858,100219325
2023-03-15,131.638195,132.182042,129.421802,129.476675,129.035029,90321810
2023-03-16,129.571084,130.365542,121.617923,124.847491,124.421976,118662392
2023-03-17,125.71397,127.188423,117.680465,123.000825,122.581939,191004817
2023-03-20,124.529309,125.515799,117.848548,118.220934,117.819294,130031037
2023-03-21,118.156872,121.836366,116.815367,120.946397,120.535828,93135106
2023-03-22,124.319866,128.824488,120.581024,122.323358,121.908449,103146822
2023-03-23,123.727074,128.366423,123.612094,127.603614,127.171143,150134120
2023-03-24,127.491246,130.488209,125.100179,129.279135,128.841338,155475806
2023-03-27,130.409555,133.585638,123.237199,125.034004,124.611606,78127848
2023-03-28,126.850972,126.998518,124.489766,125.212456,124.789797,124203015
2023-03-29,125.120092,127.941514,121.671151,127.10721,126.678502,138914311
2023-03-30,125.83156,126.342459,122.023758,122.12606,121.714486,132943447
2023-03-31,121.363197,126.436629,119.824584,123.837706,123.420702,147915506
2023-04-03,125.287117,126.169609,118.390253,120.313287,119.909135,126146251
2023-04-04,119.730109,127.705737,119.347532,125.449032,125.027971,160525558
2023-04-05,125.734522,126.308273,119.968225,120.51632,120.112144,111868045
2023-04-06,118.760569,121.258931,118.100248,120.086334,119.683927,107586242
2023-04-10,119.439851,124.095672,117.557937,118.928052,118.530825,133624259
2023-04-11,119.309257,121.473219,118.575014,118.635693,118.239766,141635807
2023-04-12,117.801924,117.878675,116.539457,117.081429,116.691008,114935926
2023-04-13,115.690536,117.847816,115.128549,117.407528,117.016341,86072371
2023-04-14,118.27802,118.842249,106.951495,107.576597,107.218459,112090791
2023-04-17,108.611664,110.398954,105.981902,106.296155,105.94315,87855466
2023-04-18,106.730433,108.446731,106.405556,108.380832,108.021199,116338144
2023-04-19,109.392019,112.818847,109.126978,109.386078,109.023408,108624183
2023-04-20,109.416397,112.993263,108.883622,111.941535,111.570698,161911803
2023-04-21,114.151809,114.247425,112.448112,113.876869,113.499931,112215881
2023-04-24,113.226947,116.275144,113.031603,114.88648,114.507141,102449451
2023-04-25,116.092094,117.448716,113.503746,113.617249,113.242411,199637726
2023-04-26,114.260006,116.333257,112.828545,114.640356,114.262455,83283589
2023-04-27,116.200814,118.314944,112.951206,113.674916,113.300508,134677007
2023-04-28,113.078887,115.183922,111.20724,111.566073,111.198915,141682845
2023-05-01,112.335337,114.167888,107.555227,108.706093,108.349237,165956839
2023-05-02,110.205584,114.144187,109.889788,111.529102,111.163283,265522848
2023-05-03,111.942995,115.868236,109.812941,113.552225,113.18008,127428627
2023-05-04,113.536131,114.7445,112.463254,114.648097,114.272674,125928219
2023-05-05,115.352083,115.870656,111.40321,112.480225,112.112207,197738784
2023-05-08,113.124536,114.075777,110.572275,112.08024,111.714448,103047018
2023-05-09,112.50397,113.834068,109.355707,109.97833,109.619699,106348463
2023-05-10,108.679688,112.802612,107.928314,112.668044,112.300949,102248199
2023-05-11,112.84051,114.915482,111.926741,112.514913,112.148624,85681347
2023-05-12,112.108307,114.254497,111.70027,114.129115,113.757882,71425456
2023-05-15,113.473933,113.620983,112.793851,113.226453,112.859084,181988021
2023-05-16,111.896904,112.233426,111.353106,111.582639,111.220908,132166298
2023-05-17,110.40711,113.092213,108.775564,111.352618,110.991936,97187890
2023-05-18,110.979865,113.096133,110.237367,111.910235,111.548053,154909564
2023-05-19,111.396695,114.663733,108.957369,113.972539,113.603993,153142573
2023-05-22,113.809045,116.083879,111.405629,112.474656,112.111875,115458817
2023-05-23,111.815284,112.949353,111.657292,112.638395,112.275393,152468089
2023-05-24,112.784565,113.943432,111.670327,113.446501,113.081204,97150663
2023-05-25,113.734831,113.965137,110.967641,111.214136,110.85633,175709739
2023-05-26,110.97711,111.47153,108.243256,109.69295,109.340338,137930113
2023-05-30,109.482169,110.182728,108.740988,108.933663,108.584681,95034470
2023-05-31,110.447254,112.115186,108.258868,109.208374,108.85881,69660410
2023-06-01,108.391568,112.167825,107.102517,111.217412,110.861721,150861736
2023-06-02,111.19277,114.129461,110.111674,112.814153,112.453663,136365621
2023-06-05,113.685964,114.905999,109.621407,110.13711,109.786076,144951184
2023-06-06,109.926889,110.658363,108.359714,108.52734,108.181733,108031993
2023-06-07,109.278512,109.9515,105.435207,106.162958,105.82517,182625216
2023-06-08,106.049847,109.725611,105.08885,108.828204,108.482233,276397802
2023-06-09,109.419815,111.656093,109.291628,110.881475,110.529279,142478992
2023-06-12,111.268713,113.025847,105.436508,106.329808,105.99294,120677072
2023-06-13,105.236912,105.811831,105.146015,105.231292,104.898191,231262687
2023-06-14,106.608781,107.395168,103.284561,104.550495,104.219835,199689701
2023-06-15,103.315177,106.342161,102.746542,105.614117,105.280381,103647159
2023-06-16,104.867484,109.751207,104.207146,106.501506,106.165257,104599379
2023-06-20,106.627799,107.411139,102.887526,104.486914,104.158166,154946439
2023-06-21,104.735043,106.296617,103.147728,106.247831,105.913833,149118050
2023-06-22,106.685719,108.290402,105.804652,107.909651,107.570723,112566031
2023-06-23,107.775547,110.977307,107.331489,109.554724,109.210928,173407548
2023-06-26,110.13743,111.07768,109.788604,110.376119,110.030649,117239897
2023-06-27,110.119657,113.393981,109.865887,112.35425,112.002896,97531480
2023-06-28,112.674448,113.927558,109.037129,109.530311,109.188087,144543000
2023-06-29,108.393757,111.368858,107.679533,109.180313,108.83948,101153617
2023-06-30,108.352344,115.037253,107.31464,113.20385,112.850766,207428928
2023-07-03,113.369355,114.40041,112.371245,113.221562,112.869349,99370860
2023-07-05,112.208333,113.340456,106.867235,108.945292,108.606977,87254574
2023-07-06,107.583837,108.748658,103.868196,104.54167,104.217315,123112485
2023-07-07,104.082937,104.961082,100.312076,101.617444,101.30244,91462949
2023-07-10,101.280926,101.780796,100.431378,101.23544,100.922448,166170612
2023-07-11,98.744624,101.225625,98.165951,100.389019,100.078918,119679047
2023-07-12,100.891636,102.4536,97.694889,98.020662,97.718145,107418396
2023-07-13,98.291948,103.51981,97.427063,101.009535,100.698069,71527858
2023-07-14,102.675176,104.561481,102.361294,103.255446,102.937336,129817448
2023-07-17,102.965441,107.611891,102.235092,106.675007,106.347236,136151819
2023-07-18,106.723376,112.11773,105.508758,111.873373,111.529935,136219491
2023-07-19,112.079058,114.994083,102.913707,104.254742,103.934976,152069251
2023-07-20,105.730045,111.687809,102.362722,110.953344,110.613336,156585429
2023-07-21,109.958203,110.59336,109.454857,109.894543,109.558079,128135680
2023-07-24,110.784382,111.619151,106.105113,108.577383,108.245841,144956538
2023-07-25,108.299513,110.415831,108.033595,109.57462,109.240332,176234260
2023-07-26,110.214274,113.75257,108.317062,110.482712,110.145955,121932729
2023-07-27,110.513616,110.885895,108.379654,108.680248,108.349282,188200518
2023-07-28,107.839786,109.39508,105.703489,105.836356,105.51434,169341656
2023-07-31,106.991445,113.991794,104.899712,113.466129,113.121827,143172863
2023-08-01,114.574287,118.006633,113.454303,116.805529,116.451413,104268712
2023-08-02,114.623354,115.275924,111.595802,112.724574,112.383138,111698665
2023-08-03,113.77828,114.23547,111.13717,112.267997,111.92825,70767273
2023-08-04,114.531765,116.649693,112.939888,115.760675,115.410674,77462082
2023-08-07,114.950716,116.46672,114.347535,115.603665,115.255086,97579593
2023-08-08,116.609274,118.504778,115.830261,118.095359,117.739589,161113687
2023-08-09,118.813037,127.656714,117.830314,125.483231,125.105547,183060908
2023-08-10,125.265305,128.263903,119.850628,122.238092,121.870509,125649947
2023-08-11,122.328357,124.714183,118.792325,120.524951,120.162848,154936272
2023-08-14,120.685442,127.167829,120.178771,125.856942,125.479851,113827012
2023-08-15,126.156438,128.286762,125.950173,126.358489,125.980241,138076196
2023-08-16,126.971028,130.247741,117.807472,123.059473,122.691436,106953502
2023-08-17,122.74025,125.813212,122.523385,125.142184,124.768259,77133559
2023-08-18,123.056478,123.400186,122.841808,123.084219,122.71678,140716230
2023-08-21,122.387128,131.223165,121.503639,128.925564,128.541742,170481210
2023-08-22,124.784755,134.869928,123.63096,133.260792,132.864428,101603141
2023-08-23,132.722042,137.495483,131.242413,134.319246,133.9201,93860662
2023-08-24,134.326997,135.464968,131.289762,133.706166,133.309207,110476163
2023-08-25,133.441382,135.532922,129.719546,131.470792,131.080828,97453088
2023-08-28,129.596758,132.195508,129.110457,130.753504,130.366739,139261956
2023-08-29,129.398012,140.71635,126.87332,139.160892,138.749638,152138904
2023-08-30,137.613832,142.924535,134.569244,141.165074,140.748282,115392997
2023-08-31,141.954769,143.815086,140.341854,141.089385,140.673202,87539267
2023-09-01,143.018195,143.141767,136.03024,136.750515,136.347504,116337556
2023-09-05,136.180347,138.950905,133.063779,134.997906,134.601534,195841330
2023-09-06,135.476452,136.424067,134.682197,134.793444,134.398041,79166199
2023-09-07,135.119607,140.250222,132.604369,139.955686,139.545522,178597257
2023-09-08,138.476706,140.741604,137.982064,138.119151,137.714746,115019961
2023-09-11,140.37465,142.592433,132.758538,135.820659,135.424096,86158601
2023-09-12,136.495916,138.220946,135.621797,136.549584,136.151266,116672796
2023-09-13,135.879214,139.48769,135.578398,137.786078,137.384528,58634359
2023-09-14,137.980603,138.234008,133.427475,136.308307,135.911436,83901065
2023-09-15,136.110385,143.620495,135.922068,140.864155,140.454404,55406104
2023-09-18,140.181295,141.421403,138.23169,140.824469,140.415987,185027380
2023-09-19,139.607598,147.600818,137.664101,146.265294,145.84143,114226100
2023-09-20,146.342145,149.012404,141.459052,141.567939,141.158074,112872778
2023-09-21,142.799559,143.709682,139.076059,141.004243,140.596395,126801638
2023-09-22,141.061288,141.5277,139.25488,141.050497,140.6429,86680727
2023-09-25,140.778224,142.652717,139.919376,141.911214,141.502292,107370597
2023-09-26,140.842642,148.479378,138.456996,146.711574,146.28922,145645725
2023-09-27,144.235883,148.340522,144.022608,146.554273,146.132772,160874528
2023-09-28,147.491293,155.490873,145.485233,153.424464,152.983623,132467209
2023-09-29,152.893657,153.169364,147.001978,148.426948,148.000871,67343472
2023-10-02,148.682411,155.459143,147.039526,155.388589,154.943801,138659603
2023-10-03,157.76372,160.04923,147.477354,148.538253,148.113479,167888564
2023-10-04,148.118919,148.213439,141.692807,142.832302,142.424235,174764366
2023-10-05,144.388891,147.552587,143.255274,146.343583,145.925884,130658205
2023-10-06,145.629727,146.280115,136.96666,140.099937,139.700442,66200524
2023-10-09,138.474735,143.556964,137.408881,143.370767,142.963119,103401390
2023-10-10,143.87847,147.070825,133.723627,134.502469,134.120403,124409271
2023-10-11,133.510443,135.329199,126.747286,131.242476,130.870029,78516217
2023-10-12,131.646557,132.369375,126.84127,127.707475,127.345408,182141854
2023-10-13,127.908417,134.951885,127.61788,133.142824,132.765711,113155255
2023-10-16,132.224327,135.863028,130.799173,134.609926,134.22976,85890517
2023-10-17,134.436827,139.590255,131.74129,138.100405,137.710758,127125412
2023-10-18,139.765128,140.412239,137.937266,139.702405,139.30862,106815370
2023-10-19,138.599766,145.293509,138.164411,142.282438,141.881769,59428258
2023-10-20,142.199511,149.235471,139.931236,148.761299,148.342791,116520612
2023-10-23,150.423708,152.875099,142.734241,144.233078,143.828491,75501584
2023-10-24,145.341171,145.987436,143.086723,145.875837,145.46704,124797879
2023-10-25,142.977159,145.311923,140.450508,145.071435,144.665288,140531533
2023-10-26,144.379301,147.384758,141.690692,146.947723,146.536724,105453276
2023-10-27,148.234415,149.276271,144.731998,147.205689,146.794371,106985610
2023-10-30,147.364831,149.947914,145.860928,149.822075,149.404673,101530470
2023-10-31,149.47126,149.931578,147.433891,148.114945,147.702703,212923670
2023-11-01,148.101338,154.251443,144.819942,153.377008,152.95054,146358704
2023-11-02,155.666031,156.073448,155.488458,155.86382,155.430863,109910202
2023-11-03,156.161275,159.516364,155.640001,158.852843,158.412017,98812177
2023-11-06,158.782644,162.104224,158.004672,159.958993,159.516407,106175934
2023-11-07,157.796703,162.463809,157.591069,159.825143,159.383364,108395825
2023-11-08,158.361582,166.438079,154.975982,165.190889,164.734729,119064834
2023-11-09,166.280696,168.950287,165.367833,165.665417,165.208399,107961771
2023-11-10,166.546027,168.049376,162.422144,166.828495,166.368724,145569194
2023-11-13,167.340546,171.315588,166.41038,169.830802,169.364148,99150101
2023-11-14,168.279691,169.959387,165.098799,166.759658,166.301898,175080097
2023-11-15,163.429654,164.555915,162.001771,162.7397,162.29342,146397010
2023-11-16,161.138349,169.801035,158.032101,169.583242,169.118657,63349237
2023-11-17,170.587809,173.293953,166.573897,169.195812,168.73275,111686297
2023-11-20,169.526184,171.96004,167.413169,168.603352,168.143294,64434812
2023-11-21,167.192307,167.411849,162.705872,165.887817,165.435621,71011077
2023-11-22,164.830264,169.710901,164.429709,169.348351,168.887184,158652245
2023-11-24,172.352451,175.263861,169.42797,170.36093,169.897936,131829086
2023-11-27,169.773883,171.057255,169.354706,169.900161,169.439811,53240160
2023-11-28,171.421344,175.808941,169.019863,174.227888,173.756287,143713457
2023-11-29,174.846894,175.597515,171.814652,173.172365,172.704094,129727622
2023-11-30,173.795294,175.394925,169.382131,170.029904,169.570595,109517556
2023-12-01,169.5569,171.311329,168.66291,171.147894,170.686032,80621094
2023-12-04,171.476514,172.528703,168.469734,171.740491,171.278437,138235817
2023-12-05,169.539282,170.860789,163.813561,165.903133,165.457237,152636466
2023-12-06,167.61779,169.817173,166.920769,168.32334,167.871398,171203517
2023-12-07,167.306589,178.852918,167.16416,175.047187,174.577671,130340110
2023-12-08,175.370774,179.236138,169.49151,170.90406,170.446123,96828564
2023-12-11,167.146052,175.257376,166.320986,174.726768,174.26002,50472817
2023-12-12,171.629338,173.42614,170.148528,172.650523,172.189792,99818991
2023-12-13,172.17274,177.94669,169.48696,176.364312,175.894152,161655248
2023-12-14,174.528745,177.817639,173.164752,174.317327,173.8531,188550736
2023-12-15,172.833495,175.741788,165.981504,167.791628,167.345238,124932881
2023-12-18,169.035825,169.5585,163.108791,165.146108,164.708108,150711069
2023-12-19,163.475229,166.753382,161.26081,165.980005,165.540248,167245435
2023-12-20,165.963214,169.905725,160.97506,163.117857,162.686128,112756396
2023-12-21,165.047393,169.102618,162.563169,162.659491,162.229419,90761962
2023-12-22,161.276725,165.872005,158.026231,162.851428,162.421293,139924292
2023-12-26,164.918904,166.095332,162.310196,163.382917,162.953164,69360421
2023-12-27,164.119095,165.050631,155.60637,156.030052,155.620065,102276390
2023-12-28,157.017486,159.315534,148.482578,150.248406,149.854021,94343247
2023-12-29,150.318414,150.683802,145.951489,147.430303,147.043718,127192128
2024-01-02,146.51029,147.801688,144.904232,146.587966,146.205191,99162220
2024-01-03,147.260858,147.858405,144.908746,145.57894,145.199198,129245529
2024-01-04,146.559361,147.693152,146.114966,147.593478,147.208884,71191187
2024-01-05,148.034933,151.551391,146.603889,150.994319,150.601275,140778935
2024-01-08,150.185543,151.360941,149.403187,150.335067,149.94497,80982685
2024-01-09,150.059695,151.420813,143.018447,144.214729,143.840907,160300765
2024-01-10,145.210642,147.040379,138.858073,141.878774,141.511395,124572050
2024-01-11,140.106615,151.485734,135.975816,147.986508,147.603718,96841195
2024-01-12,146.405561,147.536251,145.737265,147.145542,146.765329,83511829
2024-01-16,149.298271,149.810322,142.920906,145.49349,145.119135,100463844
2024-01-17,145.356995,148.880738,144.430866,147.311286,146.932656,151935504
2024-01-18,148.290958,149.340734,143.955782,149.031851,148.649206,105299110
2024-01-19,148.240366,149.572037,144.372847,147.282379,146.904628,92337516
2024-01-22,147.203701,148.206837,141.528178,144.179017,143.810407,148857360
2024-01-23,143.817505,151.229779,143.015639,149.324057,148.9427,183945666
2024-01-24,149.864455,151.844304,146.003525,147.455449,147.079267,261602820
2024-01-25,147.638145,148.869361,147.222604,147.854444,147.477649,74727101
2024-01-26,146.057939,147.026292,145.961263,146.770444,146.396812,126600452
2024-01-29,146.534636,150.049823,144.755983,149.113313,148.734937,168771748
2024-01-30,148.850384,157.597388,148.155452,156.836325,156.438781,113961283
2024-01-31,159.252239,169.959163,158.179225,167.968363,167.543061,134393461
2024-02-01,166.180609,166.64466,163.26784,164.239379,163.823967,179641044
2024-02-02,162.406632,163.294506,157.854707,159.943187,159.539079,131440429
2024-02-05,159.314354,161.954005,154.780097,154.917009,154.526868,108310086
2024-02-06,155.121053,156.547277,150.105597,152.69589,152.31176,72228663
2024-02-07,154.140599,155.677382,149.764507,152.633596,152.250039,171176159
2024-02-08,154.610998,158.355417,150.945012,155.58731,155.196756,45604047
2024-02-09,154.484038,156.824621,152.373034,154.939097,154.550593,147613721
2024-02-12,154.812064,156.454095,153.459496,154.048157,153.66315,174280185
2024-02-13,154.164724,158.468586,151.272399,157.575491,157.182098,125318518
2024-02-14,158.885401,160.018954,158.533528,159.845857,159.447233,93638922
2024-02-15,158.811244,164.890466,158.143322,162.433363,162.02873,71446238
2024-02-16,163.433065,170.796503,162.797152,169.636365,169.214251,103425938
2024-02-20,170.949123,172.441206,167.85674,168.452608,168.03528,135723654
2024-02-21,170.17342,170.991467,169.933666,170.13846,169.717421,77489201
2024-02-22,169.131612,175.028393,167.506857,174.153989,173.723488,158438536
2024-02-23,173.559837,177.867921,169.953574,175.183997,174.751428,83597115
2024-02-26,175.619991,181.463193,174.006848,181.063198,180.617595,146846203
2024-02-27,181.083819,182.03916,177.579933,180.23887,179.795789,114989636
2024-02-28,181.028677,182.865472,175.656574,177.684618,177.248301,138289147
2024-02-29,178.308933,186.678173,177.626599,186.10149,185.645013,151782498
2024-03-01,187.790458,187.973489,178.700686,179.370681,178.931203,177020313
2024-03-04,180.046651,181.089691,179.903399,180.371308,179.930856,168082674
2024-03-05,181.794768,185.391514,181.256551,184.227863,183.778497,109704323
2024-03-06,185.54218,186.602925,184.938214,186.090005,185.636605,140413917
2024-03-07,184.765817,188.388058,181.817471,182.750961,182.306196,104239644
2024-03-08,182.647303,184.83055,174.648565,176.608375,176.179042,176254470
2024-03-11,172.865929,173.386689,172.059768,172.519957,172.101976,147302439
2024-03-12,172.095004,173.499695,168.149333,170.343654,169.931412,161996513
2024-03-13,169.975573,172.715354,166.223303,166.480419,166.07798,94844288
2024-03-14,166.62506,167.633295,156.181219,157.17598,156.796463,132672282
2024-03-15,156.78585,162.692377,156.379437,160.598675,160.211332,71776289
2024-03-18,160.594125,162.641395,158.574595,161.752661,161.363859,150904662
2024-03-19,159.8821,162.15787,159.671571,161.516214,161.128422,143057837
2024-03-20,161.812729,168.780193,157.08289,167.83522,167.432715,101994308
2024-03-21,167.972074,173.433388,166.418909,172.247226,171.834611,100175447
2024-03-22,170.256553,178.042815,166.296743,175.624579,175.204353,110342542
2024-03-25,177.647611,180.093257,171.923228,172.057091,171.64681,131815104
2024-03-26,171.814362,173.274054,161.904903,165.003949,164.610938,72834607
2024-03-27,165.784051,168.559477,161.210605,163.504333,163.11534,152765330
2024-03-28,163.53745,165.768988,158.603699,160.977125,160.594585,147347185
2024-04-01,159.905724,161.597219,158.187725,161.499314,161.117297,106945726
2024-04-02,162.013505,167.190423,161.428627,164.217904,163.829905,112809280
2024-04-03,164.839571,166.204699,163.925919,164.840982,164.451962,106019322
2024-04-04,165.20605,165.47868,161.009311,161.314134,160.933877,73874871
2024-04-05,159.763644,168.000709,159.267138,165.741339,165.351099,134416105
2024-04-08,164.313558,170.59511,163.666794,169.361753,168.964377,146906713
2024-04-09,169.517217,173.762856,169.100846,172.427372,172.023274,117709557
2024-04-10,171.392378,173.158161,170.487368,172.374811,171.971306,85304822
2024-04-11,171.2294,176.41686,170.10014,175.332134,174.922186,86983391
2024-04-12,174.442763,182.003722,171.372093,179.541674,179.122374,84314626
2024-04-15,178.32159,180.939214,174.313469,175.5648,175.156226,87630177
2024-04-16,175.242606,175.674935,167.998838,169.567295,169.173142,147133932
2024-04-17,170.179077,172.898691,168.103644,171.265232,170.867599,190792673
2024-04-18,170.053284,171.603115,167.354231,168.564473,168.173571,84954871
2024-04-19,169.327401,170.345811,164.04814,164.869596,164.487713,112849239
2024-04-22,164.601887,166.982717,164.085853,164.474454,164.094834,146505618
2024-04-23,167.677095,168.28494,161.504109,162.144156,161.770357,122933591
2024-04-24,161.748999,162.411725,158.35612,161.163448,160.792351,126557866
2024-04-25,161.782525,162.1227,155.561554,158.830955,158.465662,140995506
2024-04-26,159.331163,170.249595,157.511855,169.179796,168.791164,319663392
2024-04-29,167.522736,168.643862,166.375542,168.183425,167.79846,195378789
2024-04-30,167.174814,170.121126,162.4272,164.040836,163.665801,119327692
2024-05-01,165.148025,166.443897,158.161547,160.357191,159.991016,139844488
2024-05-02,160.848594,161.720696,151.728397,152.203402,151.856262,141810335
2024-05-03,151.574403,153.191632,148.940439,150.360027,150.017502,123000639
2024-05-06,149.543844,158.751914,149.386359,156.70582,156.350124,97557974
2024-05-07,157.55832,158.501195,155.960958,156.064834,155.711018,96948811
2024-05-08,154.681816,160.257638,153.4378,159.214891,158.854369,113748658
2024-05-09,156.537391,164.045647,155.302203,161.720679,161.354925,110624048
2024-05-10,161.945787,163.44617,159.509431,162.704736,162.3372,145513011
2024-05-13,163.52533,165.399979,159.161161,160.141631,159.781197,102601608
2024-05-14,161.430388,164.114049,154.043492,154.758195,154.410301,192085355
2024-05-15,154.896734,155.891328,152.686676,154.394849,154.048194,128146453
2024-05-16,152.026849,156.590253,150.866158,154.746215,154.399194,132713386
2024-05-17,157.030101,157.110425,152.578277,154.258426,153.91292,79741676
2024-05-20,154.12849,156.908385,152.361559,154.175016,153.83096,73811950
2024-05-21,154.660807,159.295931,154.407846,159.161909,158.807159,108633433
2024-05-22,158.656987,160.770644,150.696752,151.46419,151.127011,154944787
2024-05-23,152.848858,155.547248,148.678901,149.316895,148.984904,112111112
2024-05-24,148.066562,148.52027,144.667491,145.292071,144.969426,129005391
2024-05-28,146.450456,147.371456,141.534022,141.685205,141.372118,59325411
2024-05-29,141.803287,144.352696,140.162089,140.378325,140.068509,114516711
2024-05-30,141.036657,142.524783,139.465082,141.547851,141.23584,102925554
2024-05-31,143.660088,144.506895,142.216104,142.478368,142.164696,100544883
2024-06-03,141.694109,146.491868,140.68809,145.352075,145.033268,195842472
2024-06-04,145.246706,145.34551,142.393894,142.827187,142.514307,163746744
2024-06-05,142.244847,143.650873,141.472068,142.711256,142.399021,92998859
2024-06-06,145.02345,145.372793,137.641703,141.258557,140.949886,186271222
2024-06-07,141.19952,144.094172,138.8072,143.764988,143.451232,117900552
2024-06-10,142.733403,143.349035,141.310521,143.262309,142.950824,156135186
2024-06-11,143.034858,144.818753,140.627154,142.074225,141.765712,76051168
2024-06-12,142.403395,145.698993,141.771298,145.197437,144.882539,53591983
2024-06-13,145.546271,146.592954,144.209909,144.311193,143.998611,87873363
2024-06-14,145.363768,147.102752,140.209507,140.697966,140.393594,124877790
2024-06-17,141.597832,142.448708,139.419877,140.080119,139.778232,135849290
2024-06-18,140.650825,144.52318,139.062168,144.333382,144.022723,121384633
2024-06-20,144.681948,147.920662,144.040079,147.698956,147.38186,83520883
2024-06-21,147.23995,149.549601,146.57363,148.361657,148.043544,150399468
2024-06-24,148.46842,148.992963,145.500161,148.218116,147.901526,84447634
2024-06-25,147.577911,149.127487,146.035,146.86106,146.547769,116758119
2024-06-26,146.479656,147.169867,144.960846,147.085966,146.772598,136540477
2024-06-27,148.264228,155.531617,147.949792,153.184566,152.858623,117082174
2024-06-28,152.259428,158.100168,149.910802,157.595312,157.260414,208935718
2024-07-01,157.599903,160.54097,154.13401,158.554202,158.218566,118410347
2024-07-02,159.424857,164.130517,158.524856,163.548729,163.202967,89012864
2024-07-03,163.164383,165.117804,161.94845,164.109793,163.763293,111659729
2024-07-05,162.457165,163.209839,160.144597,162.294792,161.953012,117887118
2024-07-08,163.072755,164.011097,156.765741,157.074132,156.744633,171680876
2024-07-09,156.083807,159.473754,155.312388,155.750762,155.424464,162639079
2024-07-10,161.00107,163.620874,156.304111,158.170353,157.839419,100923176
2024-07-11,157.89358,160.188987,155.639535,156.820822,156.49314,159662283
2024-07-12,155.65525,158.565516,155.277378,157.18276,156.854751,93614511
2024-07-15,160.171534,160.905435,158.50729,159.810172,159.47799,74536339
2024-07-16,158.123106,159.994912,158.027635,159.107915,158.777627,159087657
2024-07-17,158.318675,160.489543,157.74236,160.03328,159.701509,82689981
2024-07-18,159.81632,162.363401,153.330189,154.53928,154.219321,127572103
2024-07-19,157.184451,157.358793,149.388892,149.648113,149.338689,82318033
2024-07-22,149.673913,149.847453,144.837264,145.14688,144.847953,67935255
2024-07-23,145.663019,148.701688,144.84189,145.109088,144.810635,121442528
2024-07-24,144.060027,147.190685,142.183641,146.47296,146.172103,111733584
2024-07-25,145.339571,145.792351,143.243299,143.591641,143.297094,81087069
2024-07-26,145.135406,145.200004,142.50232,142.871343,142.578664,97405901
2024-07-29,143.808485,144.824524,140.97266,142.509936,142.219165,119270412
2024-07-30,144.044914,147.647994,143.649446,146.372495,146.074243,162024406
2024-07-31,145.152462,146.89016,143.785252,144.165743,143.872382,111224396
2024-08-01,143.895054,147.150959,142.837225,146.056785,145.759974,88013224
2024-08-02,146.755451,147.789903,145.241533,146.770174,146.472315,99397244
2024-08-05,145.682423,147.315637,142.111274,143.043439,142.754316,121748933
2024-08-06,142.687811,143.199363,142.068157,142.771612,142.483428,73818456
2024-08-07,145.067414,145.956394,137.682512,139.041577,138.761302,190840880
2024-08-08,137.302752,139.3237,133.755553,137.289112,137.012745,70305183
2024-08-09,137.443283,138.005248,136.674595,137.459188,137.182854,100216636
2024-08-12,137.272259,143.264942,135.410241,142.96189,142.675666,113809504
2024-08-13,143.397588,148.25168,142.482019,147.557002,147.261981,172057470
2024-08-14,146.379741,148.757426,146.254014,148.391006,148.094723,146291691
2024-08-15,147.106239,150.925534,145.521649,148.640002,148.343628,104489199
2024-08-16,147.491327,148.380067,143.533825,145.846512,145.556107,68954559
2024-08-19,145.542756,153.622081,142.556511,153.37474,153.070602,93799671
2024-08-20,153.052342,155.705436,151.027863,155.535915,155.227916,221826492
2024-08-21,155.023274,157.310454,153.746509,156.317377,156.008258,142467370
2024-08-22,156.094122,161.201836,155.051523,159.784962,159.469422,161335695
2024-08-23,159.286106,162.776336,150.275535,153.004064,152.702333,116081187
2024-08-26,154.372702,157.558993,153.734089,157.064827,156.756376,109075341
2024-08-27,156.69678,158.99326,155.719957,157.12687,156.818727,90520063
2024-08-28,156.720828,158.902885,154.535111,155.176041,154.872147,148099867
2024-08-29,157.646902,157.771634,154.539917,156.941107,156.634185,163220539
2024-08-30,154.929846,161.552607,152.227162,160.623317,160.309633,116879158
2024-09-03,159.768427,170.187671,158.487386,168.375019,168.048037,113306878
2024-09-04,168.336827,168.851565,165.421345,165.99568,165.673773,148471514
2024-09-05,167.259028,172.464554,166.317737,170.957923,170.626859,94358335
2024-09-06,172.679984,173.257651,168.671485,169.442708,169.115041,104132669
2024-09-09,168.572351,171.093718,167.721454,170.630137,170.301573,79823567
2024-09-10,170.804418,173.789745,170.678097,172.863423,172.531031,93705387
2024-09-11,173.945294,177.334302,173.165806,175.467788,175.130868,93690203
2024-09-12,174.274339,174.689404,172.608306,172.83445,172.503058,137878728
2024-09-13,173.327255,174.444215,165.497745,169.069572,168.745861,138933935
2024-09-16,170.621003,173.16323,161.38711,164.07584,163.763036,97308390
2024-09-17,162.613049,170.974883,161.013362,169.907355,169.583897,106739448
2024-09-18,169.036942,171.972257,165.166609,166.651906,166.335101,96499753
2024-09-19,165.996736,166.752486,164.865038,165.84027,165.525462,146119991
2024-09-20,165.185174,175.583834,165.118163,175.491061,175.158412,110479149
2024-09-23,176.318563,177.120115,169.880557,170.17464,169.853464,155276372
2024-09-24,168.839818,170.910079,168.017507,169.831412,169.511347,99814380
2024-09-25,169.986003,171.838465,168.124599,168.355882,168.039058,119197960
2024-09-26,167.44263,168.121419,162.319443,163.3024,162.995533,140143438
2024-09-27,162.742201,166.824214,157.969349,165.545744,165.235114,159553199
2024-09-30,166.687408,168.21777,162.034837,163.085949,162.781271,126177433
2024-10-01,161.509972,165.458708,160.637233,164.338461,164.031892,146135541
2024-10-02,165.863968,168.090013,162.153745,162.70645,162.403371,83551968
2024-10-03,163.757166,163.866184,157.025246,157.325676,157.03305,100838634
2024-10-04,157.79467,158.543093,156.708293,157.471959,157.179491,158448053
2024-10-07,157.367924,160.985718,154.663214,155.432623,155.145216,159543789
2024-10-08,155.826607,156.731694,153.148733,153.563254,153.279724,178407021
2024-10-09,154.475679,155.767503,154.248335,155.315752,155.029411,142206628
2024-10-10,154.837059,155.307167,152.547545,153.283477,153.001301,70736743
2024-10-11,151.996676,156.167626,151.882076,155.035803,154.750825,98042106
2024-10-14,153.384971,154.32423,147.053924,148.902879,148.630395,233881954
2024-10-15,148.807518,150.823771,147.614481,150.205397,149.93094,115465150
2024-10-16,150.483047,151.520123,147.889905,148.349317,148.078657,177895867
2024-10-17,148.840326,155.229123,147.425214,154.768663,154.486713,128742145
2024-10-18,154.790568,161.621073,153.452995,158.375678,158.087591,88759080
2024-10-21,159.32439,159.574564,154.971632,156.99141,156.707128,97841636
2024-10-22,157.307095,159.401551,156.852026,157.449687,157.165005,106984405
2024-10-23,156.177771,157.271683,153.853995,156.511145,156.228587,97326343
2024-10-24,155.937849,157.056427,154.504774,154.964828,154.685486,104208188
2024-10-25,155.242909,156.829859,152.888605,156.718527,156.436452,115165178
2024-10-28,157.040197,160.803303,156.660891,160.052793,159.766029,148744571
2024-10-29,161.110784,162.192445,156.866961,158.150551,157.867627,70673804
2024-10-30,156.813047,159.845549,155.696487,159.111738,158.827529,120617800
2024-10-31,159.228044,159.950425,155.486414,157.15619,156.875904,159398741
2024-11-01,158.571509,159.492802,158.021253,158.486674,158.204448,109865841
2024-11-04,157.964119,165.074773,156.01249,163.864949,163.57449,179744059
2024-11-05,164.203891,170.970291,162.64109,167.58905,167.292448,105909341
2024-11-06,167.932767,170.703753,165.874274,169.922594,169.622326,134546674
2024-11-07,170.4482,173.720446,169.421946,173.568781,173.262544,190886152
2024-11-08,172.932208,173.96488,172.194978,172.566178,172.262181,93585162
2024-11-11,171.198135,174.502592,169.836041,172.04329,171.741626,95071853
2024-11-12,173.470584,175.012259,171.213198,172.466539,172.164604,142210175
2024-11-13,173.284079,173.934307,172.601499,173.255341,172.952498,102736328
2024-11-14,170.396089,178.151168,169.278853,176.354133,176.046355,108159032
2024-11-15,175.221188,182.92086,173.065059,179.786663,179.473386,79052806
2024-11-18,178.135498,183.122379,177.185755,181.915398,181.599904,94459873
2024-11-19,183.565046,183.746229,176.994121,179.546822,179.235926,124803994
2024-11-20,177.703396,179.842016,173.731255,175.026451,174.723861,87367659
2024-11-21,175.500343,179.851765,173.050086,173.487612,173.188156,113950111
2024-11-22,174.732522,176.159728,172.407205,175.468648,175.166252,114477748
2024-11-25,175.853631,178.15278,167.985789,169.927978,169.636524,100147112
2024-11-26,169.457235,171.469586,169.124083,170.545861,170.253813,66023500
2024-11-27,170.586558,177.688495,169.080648,175.849704,175.549055,112748071
2024-11-29,173.82055,178.346783,172.452719,177.779045,177.476069,240936547
2024-12-02,174.369963,179.999246,173.592542,178.733618,178.43048,109294880
2024-12-03,179.148708,180.421735,176.973854,177.4189,177.118477,108598950
2024-12-04,174.740453,179.640121,174.135538,176.63062,176.332015,111384135
2024-12-05,174.59704,174.823531,172.607316,174.662858,174.368057,121578745
2024-12-06,173.620973,183.303807,172.509488,182.188103,181.881099,184084157
2024-12-09,184.351369,185.387233,178.837325,179.562643,179.261535,107963200
2024-12-10,179.604682,179.692225,173.1118,173.899543,173.608407,162092752
2024-12-11,172.927832,175.313014,170.793114,173.383062,173.093265,63046839
2024-12-12,171.427606,173.252721,168.132688,171.00224,170.716889,161488953
2024-12-13,173.796089,175.460824,171.493611,171.616398,171.330492,130638649
2024-12-16,170.711463,176.77945,169.917467,174.155349,173.866641,198855677
2024-12-17,172.875334,173.72401,170.264409,170.759927,170.477315,176376002
2024-12-18,169.12572,170.432717,163.93322,165.623296,165.349638,162966264
2024-12-19,164.915586,165.768604,160.384941,160.525689,160.260892,134110825
2024-12-20,162.200429,163.787883,160.858271,162.613367,162.34557,194705891
2024-12-23,162.242274,165.988448,158.999872,163.834913,163.566448,185313456
2024-12-24,163.929571,164.072559,159.637088,160.773362,160.510353,154539776
2024-12-26,161.189833,161.626528,154.447411,155.274862,155.021698,80669539
2024-12-27,154.784544,155.620332,152.339947,152.872008,152.623179,98668645
2024-12-30,151.866734,156.46994,150.761824,155.774727,155.522451,66531791
2024-12-31,155.357086,156.858671,152.347085,152.825409,152.578326,72724352
2025-01-02,151.382787,154.667562,150.07469,153.081771,152.835111,159710818
2025-01-03,151.854858,158.006634,149.047239,157.356676,157.103558,47739089
2025-01-06,156.477398,159.277837,153.95644,158.314802,158.061441,123023455
2025-01-07,159.273603,162.848693,157.194189,161.79901,161.540515,155481385
2025-01-08,161.635535,171.029374,161.540557,169.192056,168.922213,120902146
2025-01-09,169.818677,170.466925,161.981099,166.959523,166.693697,131237044
2025-01-10,167.250809,172.445375,166.835933,169.698619,169.428895,141889336
2025-01-13,167.751735,170.31121,167.296664,168.766945,168.500086,148930912
2025-01-14,167.051953,168.039899,164.009333,165.590268,165.328885,109816295
2025-01-15,165.077627,177.213633,163.824394,175.143947,174.867963,94148803
2025-01-16,175.413794,176.589353,170.092278,170.527426,170.259182,123992629
2025-01-17,172.422572,172.769863,164.522355,167.732222,167.468834,132686432
2025-01-21,168.329394,168.511483,159.752988,162.986961,162.732806,144374506
2025-01-22,162.589329,166.036953,161.554192,164.298921,164.043169,179219715
2025-01-23,163.011174,164.981799,161.33551,163.648473,163.394181,72857479
2025-01-24,163.842013,166.096549,161.194352,164.673627,164.418192,99045166
2025-01-27,163.70221,167.713944,162.565553,167.208217,166.950222,150630707
2025-01-28,166.858014,168.101361,158.108332,162.195465,161.945648,109573887
2025-01-29,161.41478,167.167403,160.22564,165.23834,164.984288,120910245
2025-01-30,168.063909,168.240279,165.012402,167.407836,167.150906,121329949
2025-01-31,169.357923,170.57315,165.663449,167.006099,166.750242,86164905
2025-02-03,164.388943,168.877538,162.955852,164.86944,164.618209,172705495
2025-02-04,164.134495,171.044513,162.32683,170.380841,170.121677,116860184
2025-02-05,169.463553,176.58805,168.252272,175.019137,174.753396,126136716
2025-02-06,175.278343,177.582084,173.052622,173.472697,173.209778,93564646
2025-02-07,173.760604,175.147861,164.946572,167.472458,167.219091,168035821
2025-02-10,167.434342,167.684467,163.927813,164.503202,164.255676,102759254
2025-02-11,163.771302,169.241719,163.181616,167.815607,167.563556,84205278
2025-02-12,168.217705,170.065758,166.958686,167.703297,167.451873,120718568
2025-02-13,165.93604,170.785756,165.536193,169.829948,169.5758,184452147
2025-02-14,171.665433,173.20335,170.554241,172.244722,171.987432,118597064
2025-02-18,171.754149,175.845951,169.822929,175.62855,175.368126,124497837
2025-02-19,176.311988,176.443575,172.134728,172.63759,172.382073,130537102
2025-02-20,172.216449,180.421581,171.239691,179.059819,178.795285,84609751
2025-02-21,178.324389,190.319128,177.324528,187.575173,187.298572,107634148
2025-02-24,189.237121,191.370036,185.995249,190.766742,190.486999,100056230
2025-02-25,190.487909,198.148065,189.47535,195.705308,195.418858,80553229
2025-02-26,197.074731,199.646924,193.538499,195.637082,195.351267,181798834
2025-02-27,195.457938,201.195805,193.83574,199.357451,199.066746,109731422
2025-02-28,197.003365,204.484164,196.788547,202.701874,202.406847,94323557
2025-03-03,203.218277,208.004837,202.94345,206.950918,206.651403,126391069
2025-03-04,207.205793,209.420493,206.649516,208.625736,208.324368,160800144
2025-03-05,209.26293,210.170542,203.751913,206.130819,205.833618,116957724
2025-03-06,206.640043,209.856467,201.885252,204.266281,203.972326,171037864
2025-03-07,204.177768,206.848899,202.087102,202.722611,202.431433,164928235
2025-03-10,202.917373,205.188201,201.982015,204.585039,204.292863,149365212
2025-03-11,207.371861,211.234353,203.757895,204.23064,203.939529,170280602
2025-03-12,204.413105,208.678983,201.049216,208.430561,208.134033,134567931
2025-03-13,209.003383,220.26565,208.037984,218.661524,218.351038,155915565
2025-03-14,218.273494,222.045992,216.783217,220.482806,220.170338,144832305
2025-03-17,220.563953,225.743146,217.352839,223.008753,222.694533,108520573
2025-03-18,225.232296,227.265915,223.298376,223.997043,223.682043,146367620
2025-03-19,225.091991,227.080796,220.779266,221.298789,220.988189,145016693
2025-03-20,220.183447,225.133611,219.498352,222.832444,222.520301,56254390
2025-03-21,224.34324,235.585367,223.583526,232.197568,231.872941,175159702
2025-03-24,230.077521,235.748961,226.915309,232.726198,232.40274,156786823
2025-03-25,230.65399,239.124944,229.442516,238.435473,238.104732,119906006
2025-03-26,238.476752,246.243547,235.937128,243.524978,243.187843,98992597
2025-03-27,241.383939,254.282597,237.947364,251.555599,251.208035,90846956
2025-03-28,252.684433,259.625647,252.029154,257.354379,256.999507,122091890
2025-03-31,258.317415,267.218998,256.512408,263.611064,263.249726,148233844
2025-04-01,266.223001,269.360077,265.253743,268.32782,267.960751,139926595
2025-04-02,268.518685,270.084442,265.316848,266.081449,265.71818,157790188
2025-04-03,264.985074,265.414629,262.306833,263.093082,262.734613,103909199
2025-04-04,258.521118,274.75237,258.405193,270.170479,269.803105,162877971
2025-04-07,267.278837,275.309986,265.698283,274.489139,274.118144,106809555
2025-04-08,272.51931,286.244463,267.946841,284.607024,284.223131,150258550
2025-04-09,285.388854,307.435951,285.031511,302.611072,302.203723,145293401
2025-04-10,306.527823,310.17483,295.104175,300.463407,300.05977,134424133
2025-04-11,302.200562,303.314911,297.300794,298.217483,297.817679,104515778
2025-04-14,297.403771,299.832538,295.408149,299.212768,298.814084,102416839
2025-04-15,301.043991,304.909205,292.82636,297.706992,297.311127,86547414
2025-04-16,297.799904,301.950803,294.914752,295.344505,294.952589,144494224
2025-04-17,300.598346,306.418238,295.873964,300.854194,300.45579,120297316
2025-04-21,293.387538,295.786977,283.873779,290.313181,289.931911,79523122
2025-04-22,291.975288,294.558145,285.421223,289.130816,288.751889,333752906
2025-04-23,288.535185,291.550728,284.785046,284.930753,284.55811,191895920
2025-04-24,280.36378,283.833184,279.994621,283.437918,283.068003,158345539
2025-04-25,283.105065,290.014397,282.930196,287.582716,287.208177,62791805
2025-04-28,291.623668,292.834103,280.384237,281.987191,281.622253,217952578
2025-04-29,279.002537,299.024707,278.212855,296.669621,296.286492,96480162
2025-04-30,295.434732,307.00541,290.159019,304.418669,304.026366,134332794
2025-05-01,310.047845,312.086768,279.399722,290.93212,290.557992,110891935
2025-05-02,287.556556,293.332442,282.204749,287.469526,287.100637,105536247
2025-05-05,286.367326,292.372413,284.400258,291.581938,291.210164,129396847
2025-05-06,292.538073,300.952261,288.900082,300.497097,300.114778,121618254
2025-05-07,301.083899,307.147377,295.515165,303.096209,302.711411,74261279
2025-05-08,304.050071,314.912015,298.845692,307.709816,307.320003,94072572
2025-05-09,309.373464,310.578637,292.945747,297.570134,297.193979,139876953
2025-05-12,302.168694,303.2109,283.01159,289.210444,288.847229,78504300
2025-05-13,287.332266,291.719522,277.389515,281.286735,280.934241,78432868
2025-05-14,281.996212,292.76315,281.795533,284.592455,284.236596,92846370
2025-05-15,285.581057,288.597638,275.086445,278.343144,277.995861,99517283
2025-05-16,281.27083,281.505679,260.279552,264.890868,264.561093,169793562
2025-05-19,261.32346,265.730818,256.497298,257.085245,256.767297,125771833
2025-05-20,255.177521,258.915304,248.661427,258.578999,258.25991,98771300
2025-05-21,263.59549,267.226215,250.963141,252.017657,251.707354,131594078
2025-05-22,248.115708,249.100331,239.522297,248.238427,247.933456,111922303
2025-05-23,248.067963,255.321358,244.365097,252.503019,252.1935,76320298
2025-05-27,256.524793,267.532976,254.845244,260.877665,260.560733,127574792
2025-05-28,262.990585,273.324836,256.943053,269.34704,269.020555,71092015
2025-05-29,268.737219,269.850285,258.807997,264.567402,264.247435,73682003
2025-05-30,267.050373,273.953164,250.046248,253.451676,253.145845,225418722
2025-06-02,252.210525,258.298045,237.40102,238.123834,237.838452,134101666
2025-06-03,234.010371,250.754065,228.255765,247.590541,247.294491,92899598
2025-06-04,249.545621,253.354697,249.3453,252.228739,251.927833,115882696
2025-06-05,252.671587,261.947531,250.989239,260.903946,260.593403,209561381
2025-06-06,260.120049,262.482915,256.763976,257.178241,256.872837,110728157
2025-06-09,254.583089,255.321376,250.536349,254.812227,254.511723,115060664
2025-06-10,256.654938,261.268167,254.162003,260.876796,260.569853,163491927
2025-06-11,262.17255,263.837414,251.954405,257.250615,256.948642,112971842
2025-06-12,250.800783,271.469227,248.601974,261.730539,261.424022,169506835
2025-06-13,258.674105,267.258334,255.414904,264.182093,263.873428,138571033
2025-06-16,263.14869,271.542017,263.018943,267.47968,267.169357,127511205
2025-06-17,265.713542,266.288676,258.040484,264.257019,263.951158,117089301
2025-06-18,266.349591,268.493623,258.234627,260.851644,260.550437,150331864
2025-06-20,260.092495,260.653907,252.519904,257.078081,256.782638,90212913
2025-06-23,255.950231,260.866669,251.947342,255.867063,255.57511,91533194
2025-06-24,254.747835,265.90688,252.293206,262.883096,262.583856,203922449
2025-06-25,264.186846,264.643011,261.239054,262.637697,262.339455,136138299
2025-06-26,265.475428,269.235203,246.784422,254.151544,253.863634,144385296
2025-06-27,253.919964,256.603489,239.066204,241.93616,241.66275,198437260
2025-06-30,239.132769,241.772012,222.064878,222.248418,221.99908,157824238
2025-07-01,218.119342,223.995019,211.60871,220.743053,220.496008,132930532
2025-07-02,222.882126,244.55753,220.914126,241.863054,241.593033,181418363
2025-07-03,242.418438,243.278948,239.082147,242.48969,242.219633,171021608
2025-07-07,240.856994,243.929182,236.137255,239.1226,238.858908,122126538
2025-07-08,238.21292,243.077691,232.060482,232.627127,232.371235,151017609
2025-07-09,230.903139,235.645098,227.085406,235.189721,234.931653,89290351
2025-07-10,236.830963,245.621322,225.991974,229.722794,229.471353,98333371
2025-07-11,228.194546,232.159265,210.668491,211.742011,211.51083,132141215
2025-07-14,215.880614,225.885221,215.158855,222.620039,222.378808,214790985
2025-07-15,223.905137,233.036653,217.848727,229.149722,228.902042,122774371
2025-07-16,233.066634,236.228718,222.78467,230.286748,230.038468,153236705
2025-07-17,228.503037,228.597582,209.708192,213.268356,213.039008,58639010
2025-07-18,210.713893,219.834946,210.59365,218.355054,218.120832,102755797
2025-07-21,220.154151,220.797244,215.815821,216.575263,216.344728,87133130
2025-07-22,212.010098,218.204887,211.771355,212.272832,212.047457,144265128
2025-07-23,211.289115,211.546104,205.127928,208.499278,208.27848,140873064
2025-07-24,207.566995,213.395017,204.603862,212.530483,212.305997,72411344
2025-07-25,213.287441,217.301431,212.355045,216.693064,216.464774,75975445
2025-07-28,216.337499,220.352142,212.36451,217.08712,216.860196,117473869
2025-07-29,215.885328,217.497828,212.883273,216.242102,216.016653,106700275
2025-07-30,216.254965,220.332622,213.994518,219.297254,219.069219,116374438
2025-07-31,219.120743,221.049874,212.056381,213.77331,213.551605,108129266
2025-08-01,213.089824,220.597565,212.46947,219.216496,218.989744,125765493
2025-08-04,219.93215,224.635913,217.193217,223.111684,222.882734,138390021
2025-08-05,225.318912,227.657704,218.084051,220.770407,220.544464,81443822
2025-08-06,219.633508,227.30526,217.51017,226.767409,226.535949,120826892
2025-08-07,226.22401,238.356559,225.661342,233.429159,233.191536,82224919
2025-08-08,228.660493,243.104373,227.996903,242.260241,242.014291,156997930
2025-08-11,240.689104,243.698174,233.710915,235.623517,235.386239,78895822
2025-08-12,236.292571,248.188833,232.799835,245.472208,245.225684,51060893
2025-08-13,247.345995,251.002403,242.051855,244.077486,243.83303,83978644
2025-08-14,243.575278,247.150844,241.651971,246.284419,246.038426,77209440
2025-08-15,240.643337,241.275947,235.836906,240.394976,240.155523,155176942
2025-08-18,241.93359,246.409406,233.996016,236.319139,236.085685,123768512
2025-08-19,238.003753,240.746657,231.962079,233.0345,232.804928,110593255
2025-08-20,231.722052,235.677886,224.906204,225.53998,225.318408,109487000
2025-08-21,225.188997,232.89056,225.06846,230.537537,230.311686,113174237
2025-08-22,229.233687,230.727572,227.261368,228.194552,227.97162,109826968
2025-08-25,228.21999,232.352415,227.782751,230.072522,229.849644,149582246
2025-08-26,230.674425,235.614825,230.292561,231.923481,231.699444,144523898
2025-08-27,231.953843,232.81368,230.816525,231.59434,231.371254,134421617
2025-08-28,230.511024,236.299148,229.372742,235.683172,235.456793,148772780
2025-08-29,235.382343,236.338924,230.723726,231.149528,230.928135,136491091
2025-09-02,230.357026,241.852131,228.907606,237.375047,237.150289,103948936
2025-09-03,237.523821,241.921217,228.814629,229.359812,229.14327,126572539
2025-09-04,229.434455,230.405484,222.785079,223.826266,223.615561,123300766
2025-09-05,225.819297,226.224945,217.072396,218.550913,218.345772,113212428
2025-09-08,221.719001,223.252635,210.423394,210.976677,210.780376,164476362
2025-09-09,209.626026,210.254646,206.518935,209.516792,209.322423,77877772
2025-09-10,205.867773,216.465621,205.109076,211.288838,211.093403,152341503
2025-09-11,211.868635,219.616397,211.379579,219.151764,218.949656,121561495
2025-09-12,215.487471,222.515591,214.60961,219.773019,219.570939,115489650
2025-09-15,218.008492,226.536643,214.789709,225.59192,225.386341,103193824
2025-09-16,224.063024,225.118669,219.293037,220.479478,220.279161,120202797
2025-09-17,218.56316,221.45598,217.554588,220.831929,220.631896,118532584
2025-09-18,222.52235,225.819885,219.873157,220.451802,220.252715,102959275
2025-09-19,216.861146,228.884778,213.764617,225.272821,225.069997,90493980
2025-09-22,224.536761,228.667812,216.618683,216.758698,216.565319,140696988
2025-09-23,216.396682,226.531164,215.82891,223.580488,223.381634,160561347
2025-09-24,227.7822,231.799468,225.266342,230.530235,230.32583,191487500
2025-09-25,231.858749,234.958358,220.919831,225.125463,224.926467,166889516
2025-09-26,227.114795,227.549303,222.246463,227.083286,226.88318,141274029
2025-09-29,224.726698,233.053508,220.545283,231.851625,231.649221,77916984
2025-09-30,230.047013,233.322759,226.072443,232.478865,232.276549,132725501
2025-10-01,229.994122,236.491019,228.845211,234.125411,233.922302,170378946
2025-10-02,232.263888,236.947954,230.832826,234.021262,233.818883,176561387
2025-10-03,234.946171,237.178142,233.586578,233.799023,233.597476,84323003
2025-10-06,231.935487,238.168684,229.868197,237.908316,237.705179,110541486
2025-10-07,237.901932,244.228412,237.686682,243.680432,243.473033,169811923
2025-10-08,243.605878,256.458339,242.418746,255.862372,255.645305,154827671
2025-10-09,257.510822,259.791129,252.443216,259.284921,259.065659,103035759
2025-10-10,258.102413,263.227885,255.777394,260.929535,260.709597,97504102
2025-10-13,260.859385,263.00431,255.573574,258.697786,258.481852,76689831
2025-10-14,258.085544,259.653878,252.051708,254.668984,254.457109,174843573
2025-10-15,255.660368,261.638358,241.486647,244.843261,244.640231,117556737
2025-10-16,246.856443,248.465174,240.972853,241.885815,241.685899,111993183
2025-10-17,246.757426,251.256867,246.31365,249.918184,249.712313,154405065
2025-10-20,247.94753,250.075954,245.563555,247.362682,247.160946,96879884
2025-10-21,248.837955,255.630575,248.108495,253.055437,252.849751,106051161
2025-10-22,247.197155,258.805679,241.998246,252.505165,252.300616,128667719
2025-10-23,250.659126,261.923555,249.642192,261.19091,260.980041,127206686
2025-10-24,257.251486,260.463046,240.315976,248.821505,248.621303,238653120
2025-10-27,245.904294,256.15113,241.436566,250.39415,250.194737,94895113
2025-10-28,251.544917,252.170488,245.642232,245.794457,245.599379,132100088
2025-10-29,242.802547,247.885907,241.693327,246.101972,245.907324,170305215
2025-10-30,252.289837,253.627179,245.068215,250.090086,249.892967,107808052
2025-10-31,248.146861,249.327344,245.351103,248.610911,248.415638,90705475
2025-11-03,250.141331,255.334566,238.406572,243.177319,242.98831,155234664
2025-11-04,244.115315,251.331972,242.069952,250.585326,250.391245,147846142
2025-11-05,247.05096,255.728016,246.786931,255.281681,255.084661,112505195
2025-11-06,256.37842,257.908427,251.034169,252.422053,252.22793,121902179
2025-11-07,253.126067,267.836201,247.999313,262.893118,262.691661,164371256
2025-11-10,263.066058,282.684184,259.660789,275.304627,275.095919,152181097
2025-11-11,274.105729,276.301763,260.108572,261.454373,261.25688,116722085
2025-11-12,261.313532,277.064539,249.33947,276.179705,275.971845,141197870
2025-11-13,276.806424,284.526061,259.95452,261.454405,261.258343,103432644
2025-11-14,263.594347,264.170053,235.418156,239.180773,239.002068,108889696
2025-11-17,235.548148,241.033811,233.817537,240.589257,240.411474,124012376
2025-11-18,244.824515,250.609878,234.520596,241.933167,241.755054,85718491
2025-11-19,237.55685,242.583239,228.548614,230.352933,230.183975,113000616
2025-11-20,232.409467,240.690271,219.413247,220.263273,220.102318,110156651
2025-11-21,220.543786,221.414077,204.790656,211.035285,210.88165,126360151
2025-11-24,212.17089,215.601257,204.711818,213.825528,213.671617,209036095
2025-11-25,212.818949,213.214099,211.108991,212.172236,212.020096,95627328
2025-11-26,215.567896,217.297034,206.890308,208.369816,208.220973,84861752
2025-11-28,207.439859,220.310612,205.275414,209.863853,209.71509,90131501
2025-12-01,212.516145,217.651255,204.272343,208.580008,208.433867,44686133
2025-12-02,207.918817,214.398234,206.58393,213.914472,213.765179,94818609
2025-12-03,214.281421,215.803803,208.657731,212.080043,211.932611,103728528
2025-12-04,211.177956,222.575239,210.698273,219.138225,218.986486,211651165
2025-12-05,223.91493,228.08691,214.958445,220.352747,220.20077,92232031
2025-12-08,216.551196,218.032121,204.394351,207.631689,207.49019,131571190
2025-12-09,206.836442,217.504995,201.887677,215.851387,215.704877,170132561
2025-12-10,216.027374,220.364882,215.740961,219.522788,219.374386,127751960
2025-12-11,222.437343,227.64154,209.227354,209.372059,209.231092,129864697
2025-12-12,205.297993,209.076405,201.963348,204.985754,204.848301,121454357
2025-12-15,206.582357,211.097606,202.41266,207.261819,207.124541,88764080
2025-12-16,207.775749,211.01563,205.466133,208.962502,208.824669,89570767
2025-12-17,207.695844,210.909318,205.334537,209.637875,209.500171,87728316
2025-12-18,212.933074,222.652014,210.978917,216.311388,216.169891,99497700
2025-12-19,216.755452,221.948296,214.856841,218.853124,218.710563,92381845
2025-12-22,219.041981,228.104231,217.123322,225.983285,225.837936,101695045
2025-12-23,222.499884,224.863522,217.485553,222.675682,222.533069,102850353
2025-12-24,221.477949,224.974341,218.131427,219.65891,219.51883,100385844
2025-12-26,223.242617,225.052123,221.553668,222.157998,222.01754,96564580
2025-12-29,224.386574,225.764039,220.927206,222.298896,222.160173,106494188
2025-12-30,218.772229,221.732288,217.536231,221.007533,220.870221,183189697
2025-12-31,217.974058,230.5334,216.51889,225.375353,225.235944,97334131
2026-01-02,224.3873,224.693768,221.778501,222.117154,221.980976,98431800
2026-01-05,222.492302,223.162971,220.770361,220.94519,220.811545,124814537
2026-01-06,220.322956,240.167053,215.333995,233.920807,233.779952,95181793
2026-01-07,233.788801,243.9003,231.369523,241.341355,241.196692,179703896
2026-01-08,246.857634,248.035718,227.719219,230.60306,230.465466,151840863
2026-01-09,228.62418,232.462658,224.988915,230.51729,230.380377,96222549
2026-01-12,233.564003,236.473296,230.781122,232.010696,231.874801,79057747
2026-01-13,233.362679,234.49239,229.347795,231.346697,231.211824,106093194
2026-01-14,233.157797,233.597697,224.177427,225.410813,225.280017,161000097
2026-01-15,224.675057,226.116527,223.762615,224.775088,224.645276,92749421
2026-01-16,224.36349,227.900947,214.254643,215.961242,215.837111,89293361
2026-01-20,215.006763,216.70262,210.693705,215.065826,214.944564,115160337
2026-01-21,217.007976,220.172234,212.482153,219.581162,219.457955,84488004
2026-01-22,219.611283,220.267529,213.513609,214.391201,214.271492,94862346
2026-01-23,215.92777,218.701916,212.065925,216.454398,216.334129,162940535
2026-01-26,219.679004,222.297609,201.349227,208.259337,208.145331,144264144
2026-01-27,208.759894,215.885553,206.409126,212.725697,212.609829,132982670
2026-01-28,212.038257,218.314696,211.034404,216.794306,216.676815,173616794
2026-01-29,216.069071,216.157878,211.126182,211.533249,211.419187,115373675
2026-01-30,211.094946,211.433599,201.695475,202.344435,202.235882,139301004
2026-02-02,202.224574,204.717376,197.906024,202.617954,202.510918,100015912
2026-02-03,201.710494,209.07387,201.585755,206.97539,206.866618,120323966
2026-02-04,204.770149,212.833046,203.897498,211.75228,211.641578,156344759
2026-02-05,209.158494,211.008752,205.724094,207.778743,207.670686,60505109
2026-02-06,211.178559,216.886074,208.032861,216.511826,216.39982,113386643
2026-02-09,217.512206,227.711113,212.042695,225.97656,225.861513,155558222
2026-02-10,227.154416,239.608586,224.634635,233.748142,233.629778,127020046
2026-02-11,236.368023,249.039011,236.254516,246.858348,246.73402,99819129
2026-02-12,246.427239,249.464057,243.008492,244.360916,244.238515,111360415
2026-02-13,243.774472,248.754117,240.088949,247.448802,247.325532,79469894
2026-02-17,248.084281,256.667054,247.843349,254.373182,254.249246,80643872
2026-02-18,253.525593,254.840509,244.862907,245.471008,245.352081,124977292
2026-02-19,244.494188,246.683734,235.433882,239.202967,239.087732,116752337
2026-02-20,240.807013,243.963295,225.138057,228.528328,228.41886,70339101
2026-02-23,225.284208,233.386557,223.293592,231.716253,231.607161,146100139
2026-02-24,232.01799,234.107354,226.45954,228.255423,228.148585,109980168
2026-02-25,227.429881,230.390163,212.229864,214.337914,214.238177,152427313
2026-02-26,212.989547,213.296755,212.096958,212.985431,212.886906,103503360
2026-02-27,213.252883,214.467597,204.287737,206.532958,206.437984,96860608
2026-03-02,206.742736,209.577198,204.849282,206.361317,206.268115,85191375
2026-03-03,208.279441,211.84951,195.970351,198.395342,198.306281,173439173
2026-03-04,199.342305,203.93441,185.664512,186.492008,186.408801,150387030
2026-03-05,185.532808,185.808472,177.03224,179.457164,179.377587,124228314
2026-03-06,180.730514,193.703422,180.392633,187.127699,187.045232,165369805
2026-03-09,189.498271,190.617273,178.241094,182.338626,182.259766,84718948
2026-03-10,181.726894,181.862952,162.369275,165.907857,165.836558,129057518
2026-03-11,170.784238,173.221585,161.752909,162.762712,162.69321,139655266
2026-03-12,159.811804,163.360905,154.8424,157.784114,157.71717,160442274
2026-03-13,158.845413,167.090141,157.190279,161.726502,161.658328,87175817
2026-03-16,155.968461,170.551149,152.883496,168.348045,168.278462,185421156
2026-03-17,167.509143,173.338041,163.595223,170.005861,169.936057,187513659
2026-03-18,172.051508,173.422601,167.975193,169.649985,169.580792,99728906
2026-03-19,172.08321,174.852051,158.590519,159.530175,159.465546,116554196
2026-03-20,160.678226,163.187282,160.126528,160.302567,160.238064,100010016
2026-03-23,162.0152,162.59029,160.657551,161.246847,161.183288,115557639
2026-03-24,161.335293,162.841635,157.688885,162.538682,162.475059,189249601
2026-03-25,161.846346,165.117346,160.929024,164.09024,164.026458,130638670
2026-03-26,160.733586,164.100902,158.565891,162.060011,161.997462,119721870
2026-03-27,163.211849,164.940557,153.838176,159.454752,159.393645,109314816
2026-03-30,159.959371,164.526983,157.990715,164.200509,164.138931,120714441
2026-03-31,161.484972,164.142807,156.23669,157.160255,157.101748,174186993
2026-04-01,156.771525,158.436234,151.289654,151.72109,151.665023,153648327
2026-04-02,150.998231,155.575529,149.981377,154.987416,154.930566,134275627
2026-04-06,154.811198,156.035777,154.12661,154.892478,154.837359,97019355
2026-04-07,154.814916,154.979656,150.767396,152.871646,152.817664,154781663
2026-04-08,151.980127,155.115952,148.801423,150.165872,150.113256,159028574
2026-04-09,150.58816,153.789875,147.359452,152.403569,152.350586,84155533
2026-04-10,149.172658,154.878669,148.43752,154.54587,154.492565,56256283
2026-04-13,153.238179,158.793106,149.456139,158.230024,158.176749,170689722
2026-04-14,156.841365,158.981666,151.537034,153.249621,153.198442,182587811
2026-04-15,153.859851,155.120158,148.803537,151.412766,151.362614,120002334
2026-04-16,149.922575,155.291965,148.896681,153.973927,153.923348,117518742
2026-04-17,151.563736,152.853665,148.313388,148.799389,148.750918,98601977
2026-04-20,150.348469,156.212488,147.657978,153.232694,153.184037,84961114
2026-04-21,152.765823,159.583824,149.187975,159.409902,159.35972,157849872
2026-04-22,161.059516,162.986642,156.040319,157.674029,157.624824,79540149
2026-04-23,154.829814,155.489098,147.561501,153.606086,153.558571,133802249
2026-04-24,151.144399,162.605714,149.575416,162.143046,162.093334,198343135
2026-04-27,162.756247,163.792827,162.645646,163.427375,163.378611,55017576
2026-04-28,163.675502,169.926325,161.19626,168.772785,168.722888,149120522
2026-04-29,169.912228,175.605453,165.383007,165.498125,165.449649,122859764
2026-04-30,165.555807,168.160321,162.876943,163.774904,163.727381,99050320
2026-05-01,160.185292,169.567374,156.048735,169.416238,169.367542,122987327
2026-05-04,169.042902,176.975212,163.469509,173.751687,173.703172,99597812
2026-05-05,171.728848,178.936282,170.350553,177.654726,177.605607,137236161
2026-05-06,176.990297,178.644384,174.706183,175.643659,175.595577,151574877
2026-05-07,173.312962,178.765815,170.131233,177.860538,177.812336,113894905
2026-05-08,177.237204,180.4214,176.623394,179.267842,179.219749,93304113
2026-05-11,178.143169,181.099005,175.745948,177.774055,177.727823,68246315
2026-05-12,177.404387,179.433873,173.222468,174.723535,174.678574,178847704
2026-05-13,178.185504,178.53851,168.610256,169.336861,169.29375,144882027
2026-05-14,167.218961,172.279004,166.429848,171.620911,171.577688,91403545
2026-05-15,173.762639,174.320735,170.67481,171.179231,171.136587,105337921
2026-05-18,170.435544,177.100828,169.109077,175.056709,175.014537,121655719
2026-05-19,175.528745,177.209285,174.5101,174.732844,174.691229,96188317
2026-05-20,172.745429,173.41545,172.611204,172.737211,172.696544,99349163
2026-05-21,173.877966,175.501427,169.685816,169.866459,169.826933,120448371
2026-05-22,166.446638,176.088106,164.564883,174.527929,174.487795,109845687
2026-05-26,175.658967,176.354098,174.323119,175.499576,175.461141,101826061
2026-05-27,177.105178,178.893687,174.062915,178.059107,178.020599,107694386
2026-05-28,178.409074,181.31497,176.204545,178.236136,178.198078,111727313
2026-05-29,176.045449,176.874466,168.375131,172.436313,172.399965,175277809
2026-06-01,173.961774,175.108561,165.29489,167.559082,167.525138,131894640
2026-06-02,167.786271,172.658515,167.563345,171.233179,171.19896,92601597
2026-06-03,168.860166,177.867502,165.525337,172.547452,172.513441,126744689
2026-06-04,171.73095,174.186821,162.671374,165.081767,165.04968,156356864
2026-06-05,167.289087,168.934788,165.867454,167.855702,167.823535,91174798
2026-06-08,166.092233,168.509764,164.827681,165.140593,165.110303,73786900
2026-06-09,165.92027,168.959432,164.871709,166.218487,166.188455,79554739
2026-06-10,163.050663,164.032698,155.78607,156.879074,156.851158,124311999
2026-06-11,156.948916,168.171338,155.696929,166.397311,166.368157,87584134
2026-06-12,166.145837,171.92016,162.045255,170.855202,170.825735,78879551
2026-06-15,174.795204,175.026291,162.039342,163.54167,163.514807,185369838
2026-06-16,161.044932,173.502735,158.922396,168.890761,168.863482,126067616
2026-06-17,171.254516,173.484087,169.169784,172.720622,172.693197,65081257
2026-06-18,170.276361,171.320661,168.118619,168.368982,168.342709,156854800
2026-06-22,168.867549,174.176142,166.942804,169.046692,169.022164,125820389
2026-06-23,170.626439,178.283562,170.146415,174.25871,174.233903,112203909
2026-06-24,175.373253,177.113621,166.446299,168.483867,168.460343,182483540
2026-06-25,164.924215,178.763498,164.668253,176.310244,176.28611,153186523
2026-06-26,175.670337,176.484154,170.401896,173.00979,172.986582,172987857
2026-06-29,171.468281,175.297377,168.890591,174.191934,174.169997,119166413
2026-06-30,174.968195,177.742708,167.739996,169.459825,169.438948,117197194
