date,open,high,low,close,adj_close,volume
2006-01-03,44.942836,45.146954,44.666025,45.068435,39.825957,23814340
2006-01-04,44.987917,45.742668,44.838647,45.448405,40.162387,69995515
2006-01-05,45.33292,45.943153,45.138664,45.477891,40.189104,34800154
2006-01-06,45.42626,45.632497,44.501422,44.703841,39.50572,36116548
2006-01-09,44.712192,44.881322,44.492593,44.591766,39.408618,41651592
2006-01-10,44.555582,44.900909,44.36478,44.68801,39.494324,24399849
2006-01-11,44.64216,44.864658,43.844142,43.970767,38.861079,50012746
2006-01-12,43.880325,44.06517,43.531288,43.665768,38.592156,45458118
2006-01-13,43.882021,44.678629,43.501031,44.515443,39.343753,37344092
2006-01-17,44.392625,44.563269,44.189466,44.278758,39.137136,33709590
2006-01-18,44.16258,44.707858,43.93841,44.556171,39.382983,43392697
2006-01-19,44.5352,44.875339,44.176362,44.333799,39.187073,46240538
2006-01-20,44.235709,44.436172,43.86733,43.897326,38.801908,31612514
2006-01-23,43.575911,44.299579,43.296703,44.010125,38.903531,64121436
2006-01-24,44.11979,44.982753,43.986689,44.657887,39.476781,42674928
2006-01-25,44.728236,44.755571,44.245912,44.394469,39.244568,51379062
2006-01-26,44.292661,44.468725,43.826879,44.220103,39.091072,48915336
2006-01-27,44.078679,44.269673,43.983393,44.115973,38.99966,26356541
2006-01-30,44.302106,44.583698,44.222204,44.393167,39.246641,59194429
2006-01-31,44.220326,44.27096,44.016402,44.110552,38.99743,45492715
2006-02-01,43.909899,44.20918,43.712977,43.98902,38.890625,37504549
2006-02-02,43.973539,44.932258,43.938626,44.796125,39.604835,51941931
2006-02-03,44.67783,45.639981,44.654609,45.454796,40.187835,72973089
2006-02-06,45.229301,46.11221,45.132258,45.867841,40.555018,44336692
2006-02-07,45.783253,46.880638,45.731872,46.756816,41.341703,93104292
2006-02-08,46.623939,47.838912,46.30935,47.50945,42.007861,50293839
2006-02-09,47.528209,48.461707,47.043628,48.432869,42.825052,30836882
2006-02-10,47.97111,48.877463,47.864538,48.540933,42.921309,53433347
2006-02-13,48.60132,48.908647,47.605177,47.939561,42.391647,55468618
2006-02-14,48.122087,48.469222,48.063992,48.262932,42.678296,85015480
2006-02-15,48.147075,48.683771,47.971747,48.470392,42.862455,37404279
2006-02-16,48.33736,48.79647,48.140046,48.472848,42.86533,37384281
2006-02-17,48.640619,48.931518,48.135774,48.404145,42.805278,40586672
2006-02-21,48.126111,49.153795,48.016699,49.102931,43.42609,47830524
2006-02-22,49.184366,49.464706,49.004489,49.054031,43.383556,36539676
2006-02-23,49.232083,49.579611,48.543429,48.859289,43.212035,30683942
2006-02-24,49.152357,49.263001,48.864839,49.021762,43.356442,31358533
2006-02-27,48.84027,49.055275,48.669603,48.81102,43.172182,71246741
2006-02-28,48.918014,49.811335,48.496159,49.330332,43.632218,42591174
2006-03-01,49.167528,49.91364,48.882336,49.778408,44.02926,30319868
2006-03-02,49.593261,49.75951,49.357818,49.672664,43.93645,51069677
2006-03-03,49.570555,50.042517,49.434809,49.577068,43.852615,58154390
2006-03-06,49.229636,49.345666,48.953602,49.179748,43.503315,40012265
2006-03-07,49.172901,50.172361,49.11886,50.100289,44.318334,32088723
2006-03-08,50.112282,50.2218,49.957728,50.194052,44.402005,51484409
2006-03-09,50.29306,50.610417,50.116111,50.521397,44.692311,30306080
2006-03-10,50.426234,50.631568,49.369764,49.614637,43.890893,85496691
2006-03-13,49.197677,49.972044,49.04501,49.560615,43.845264,47590719
2006-03-14,49.369557,49.490038,49.228661,49.301227,43.616504,46417747
2006-03-15,49.181514,49.819107,49.141655,49.519503,43.810331,38646565
2006-03-16,49.410869,50.037554,48.832236,49.904726,44.151867,59871066
2006-03-17,49.979339,50.213399,49.539713,49.61425,43.895597,44782420
2006-03-20,49.847906,50.184227,49.821167,49.949028,44.193966,44462555
2006-03-21,49.863127,50.523881,49.665346,50.431468,44.621553,39554022
2006-03-22,50.728318,51.262872,50.629566,50.992808,45.118965,63793078
2006-03-23,50.814065,51.094764,50.768391,51.014834,45.139196,42323843
2006-03-24,50.838744,51.540549,50.607428,51.50863,45.576867,43977394
2006-03-27,51.679368,52.008769,51.223727,51.398628,45.481774,30334733
2006-03-28,51.513662,51.941773,51.218271,51.637016,45.693471,56279722
2006-03-29,51.655125,52.043943,51.528519,51.994689,46.01073,42739201
2006-03-30,51.738837,51.901233,51.329988,51.638294,45.696103,49270904
2006-03-31,51.769075,51.845049,50.715965,50.742365,44.904009,51144951
2006-04-03,50.638203,51.352308,50.617837,50.980386,45.116867,31170595
2006-04-04,51.008103,51.287137,50.814985,51.226762,45.335651,57438818
2006-04-05,51.19658,51.295571,51.09369,51.257886,45.36394,57366359
2006-04-06,51.162264,51.890064,51.093914,51.666306,45.726149,36660667
2006-04-07,52.095078,52.402642,51.665988,51.857129,45.895787,69897005
2006-04-10,51.688573,52.048195,51.43579,51.81476,45.860548,56885220
2006-04-11,51.761451,52.213255,51.601813,51.967592,45.996574,50085945
2006-04-12,52.091273,52.13515,51.007851,51.408236,45.502234,43037215
2006-04-13,51.385417,51.657938,51.201934,51.223232,45.339229,54889426
2006-04-17,51.333515,51.379967,50.380937,50.609528,44.798965,25877690
2006-04-18,50.307237,50.59923,49.920371,50.378342,44.595054,60730448
2006-04-19,50.453557,51.255217,50.196563,50.572309,44.76749,39267687
2006-04-20,50.379119,50.448261,49.755536,50.386618,44.603845,58317483
2006-04-21,50.437894,50.530224,50.29853,50.354802,44.576413,55537916
2006-04-24,50.450077,51.242027,50.104773,51.0196,45.167149,31847434
2006-04-25,51.049801,51.181645,50.926056,51.11814,45.255129,47367495
2006-04-26,51.347154,51.384528,50.78624,50.91037,45.07193,48508761
2006-04-27,51.084859,51.998994,50.979447,51.816159,45.874596,40013847
2006-04-28,51.709134,52.379919,51.65296,52.099233,46.125968,56735941
2006-05-01,52.436543,53.009847,52.078327,52.11346,46.140838,33154579
2006-05-02,51.97623,52.418747,51.818512,52.280335,46.289349,38131016
2006-05-03,52.338142,52.542662,51.692291,51.75825,45.827843,57729700
2006-05-04,51.675222,52.55137,51.592007,52.287988,46.297645,49522195
2006-05-05,52.253292,53.225413,51.97789,53.154498,47.065658,34086270
2006-05-08,53.104304,54.156504,52.94921,53.861384,47.69392,53171154
2006-05-09,53.929415,54.873886,53.717508,54.655422,48.39783,63957803
2006-05-10,54.489942,54.637198,54.376471,54.597487,48.347323,37770383
2006-05-11,54.748287,55.148034,54.638982,55.066159,48.763144,45034721
2006-05-12,54.511222,54.613647,54.102594,54.570873,48.325343,50434900
2006-05-15,54.472586,54.82568,54.299699,54.745835,48.48267,41560038
2006-05-16,55.222703,55.474103,54.194146,54.226015,48.023109,55488522
2006-05-17,53.933413,54.621761,53.701669,54.498588,48.265295,39256341
2006-05-18,54.15794,54.183221,53.760098,54.099758,47.912869,57990835
2006-05-19,54.315108,54.341788,53.973601,54.12912,47.93966,39953785
2006-05-22,54.191785,54.530828,53.182255,53.252042,47.165197,46536647
2006-05-23,53.310383,53.596666,53.096546,53.539561,47.420631,22204748
2006-05-24,53.50369,53.719418,52.948476,53.340936,47.245483,50792201
2006-05-25,53.27827,53.444323,52.29779,52.688899,46.668723,32430799
2006-05-26,52.755373,54.08121,52.570138,53.807019,47.659871,54092736
2006-05-30,53.615138,54.857405,53.34475,54.720266,48.471969,54446923
2006-05-31,54.820467,54.87786,54.381016,54.634043,48.396387,40613785
2006-06-01,54.79335,56.473403,54.767107,56.239823,49.819651,52100452
2006-06-02,56.56584,57.108628,56.319351,56.977262,50.473735,50905078
2006-06-05,56.620812,57.572406,56.458601,57.305004,50.76657,64394982
2006-06-06,57.205583,57.305259,56.015938,56.299836,49.876909,37016562
2006-06-07,56.210153,56.287637,55.473721,55.508757,49.176887,41701445
2006-06-08,55.687407,56.26377,55.009561,55.165671,48.87374,38670890
2006-06-09,55.269279,55.572389,53.755251,54.404517,48.200192,30547737
2006-06-12,54.242478,55.086352,53.763782,54.901057,48.642503,44621887
2006-06-13,54.707078,55.664009,54.18001,55.440413,49.121181,45616291
2006-06-14,55.513912,55.729517,54.583632,54.678733,48.447115,45677309
2006-06-15,54.412103,55.546425,54.085115,54.846315,48.596396,46714335
2006-06-16,54.895006,55.025282,53.285958,53.485103,47.391077,63870268
2006-06-19,53.781421,53.847182,53.520092,53.728342,47.608948,75155226
2006-06-20,53.500652,53.548373,53.128183,53.413254,47.330525,39333004
2006-06-21,53.686545,53.868114,53.269908,53.508333,47.415554,34244422
2006-06-22,53.679221,53.929684,53.521844,53.703134,47.588956,34676173
2006-06-23,53.56823,54.460238,53.370529,54.406699,48.213211,88288682
2006-06-26,54.345496,54.756472,54.314667,54.492108,48.291277,44244788
2006-06-27,54.394705,54.447015,53.999303,54.289918,48.112886,49732501
2006-06-28,54.437813,54.639598,54.006284,54.036313,47.888923,31584754
2006-06-29,54.156583,54.740367,54.06205,54.586626,48.377424,37999152
2006-06-30,54.489035,55.552495,54.353953,55.38778,49.088254,67846101
2006-07-03,55.180434,55.45592,54.607515,54.709591,48.489588,59661771
2006-07-05,54.578338,54.931813,53.957316,54.080419,47.933522,52059409
2006-07-06,53.955357,54.060194,52.618517,52.878592,46.869067,70337592
2006-07-07,53.173072,53.815227,52.547128,52.616365,46.637408,57036125
2006-07-10,52.672035,52.806988,52.145719,52.303274,46.362179,46897460
2006-07-11,52.234505,52.866591,51.987143,52.755277,46.763608,39418395
2006-07-12,53.181113,53.386019,53.104606,53.31158,47.257505,39410958
2006-07-13,53.213442,53.703289,53.152124,53.549302,47.469011,49523291
2006-07-14,53.607127,54.086139,53.573379,53.665358,47.572671,44133848
2006-07-17,53.83361,55.297418,53.313989,55.161215,48.901111,29686026
2006-07-18,54.961712,55.557065,54.091791,55.451563,49.159316,41608612
2006-07-19,55.294914,55.881367,54.102875,54.150302,48.006501,59660243
2006-07-20,53.9811,54.292594,53.596189,54.10492,47.967056,29902214
2006-07-21,54.236777,54.725023,53.567682,54.486837,48.30644,40218163
2006-07-24,54.748369,55.443069,54.397834,54.996616,48.760799,77981254
2006-07-25,55.266053,55.70263,54.407334,54.585146,48.396779,63322409
2006-07-26,54.298858,55.01112,53.976377,54.043904,47.917685,37951073
2006-07-27,54.16305,54.209328,53.311645,53.645326,47.565069,57437287
2006-07-28,53.424321,53.612102,52.781079,53.007683,47.00047,33615383
2006-07-31,53.155741,53.480134,52.542733,53.389289,47.341163,21859045
2006-08-01,53.531981,53.685827,52.924716,53.183103,47.159109,42907821
2006-08-02,52.911918,54.207086,52.732554,54.146439,48.014118,40873047
2006-08-03,53.883981,54.968848,53.727039,54.6335,48.446812,53911906
2006-08-04,54.900704,55.09326,54.121192,54.746672,48.547967,42856913
2006-08-07,54.825877,56.359558,54.722122,55.922269,49.5929,59772739
2006-08-08,56.265178,56.848759,55.981111,56.444885,50.057188,29311415
2006-08-09,56.275633,56.747258,55.000927,55.319343,49.059827,53908521
2006-08-10,55.193827,55.705456,55.166687,55.632881,49.338697,89867960
2006-08-11,55.728215,56.252517,55.074946,55.613878,49.322654,65118178
2006-08-14,55.737187,55.894493,54.79935,54.869813,48.665158,53571006
2006-08-15,54.880712,55.706129,54.397359,54.7259,48.538316,59411012
2006-08-16,54.921306,55.236493,53.485936,53.97327,47.871569,23960774
2006-08-17,54.004547,54.642059,53.903049,54.482428,48.323961,24988076
2006-08-18,54.44839,55.87576,54.352894,55.498607,49.226083,70605489
2006-08-21,55.179665,56.507883,54.864847,56.427088,50.052093,36071423
2006-08-22,56.10756,56.467243,54.762419,55.368379,49.113801,27633812
2006-08-23,55.620282,55.644079,55.061839,55.549081,49.274899,45416964
2006-08-24,55.509224,56.846866,55.01116,56.14704,49.806138,33752363
2006-08-25,55.781597,56.846719,55.261782,56.776452,50.365296,24763226
2006-08-28,56.659878,58.165912,56.311572,57.634809,51.129247,53561096
2006-08-29,57.510216,57.802817,56.470974,56.907033,50.484449,41765536
2006-08-30,56.470609,57.447259,56.332209,57.317537,50.849458,58190707
2006-08-31,57.118678,57.959537,56.413695,57.701389,51.190835,41183442
2006-09-01,58.082308,58.180638,57.652894,58.079063,51.526742,67198551
2006-09-05,58.066267,58.138356,57.678398,57.766482,51.252793,41206071
2006-09-06,58.156097,58.842752,58.093002,58.457484,51.86673,31767631
2006-09-07,58.112606,58.219221,57.918327,57.99364,51.456027,33272106
2006-09-08,58.306488,58.565302,56.662015,56.748974,50.352499,82839010
2006-09-11,56.615986,56.839216,55.508984,55.765103,49.481964,24388327
2006-09-12,56.123646,56.406353,55.145464,55.418049,49.174821,33084903
2006-09-13,55.492887,55.824299,55.317383,55.480291,49.230859,29353753
2006-09-14,55.671852,56.980775,55.61318,56.879632,50.473404,51140729
2006-09-15,56.898471,57.332954,55.789067,55.820731,49.534579,21907142
2006-09-18,55.67766,56.008341,55.596364,55.945073,49.647365,38226834
2006-09-19,55.667531,55.810724,54.05117,54.446699,48.318456,50411300
2006-09-20,54.517849,54.588548,53.386226,54.113606,48.023643,60858773
2006-09-21,53.880301,55.565907,53.593624,55.050482,48.855885,36026014
2006-09-22,54.729965,54.916233,53.688134,53.892487,47.82898,41097301
2006-09-25,54.154253,54.259555,53.347657,53.727159,47.684603,42014652
2006-09-26,53.703416,54.300455,53.539977,54.06001,47.980808,32944120
2006-09-27,53.636961,54.140188,53.596004,54.095983,48.013524,40685759
2006-09-28,54.318416,54.646321,53.685004,54.066922,47.988519,28100854
2006-09-29,53.977551,54.151203,53.066012,53.626723,47.598591,33775587
2006-10-02,53.886939,54.116174,53.604921,53.810583,47.764137,40101396
2006-10-03,53.92516,54.256625,53.695076,53.979889,47.915206,30237299
2006-10-04,53.812888,54.240678,53.444498,54.162662,48.078234,42396889
2006-10-05,54.012732,54.63156,53.892963,54.606222,48.472763,38482875
2006-10-06,54.600442,55.513377,54.338698,55.329487,49.115596,38313533
2006-10-09,55.122904,55.660924,54.569443,54.701721,48.560726,48514295
2006-10-10,54.53183,56.441556,54.407749,56.077082,49.782502,32530775
2006-10-11,55.73552,56.609348,55.473996,56.519415,50.176007,37004801
2006-10-12,56.861862,57.059846,55.855201,55.896415,49.623745,61303482
2006-10-13,55.754268,55.877138,55.061258,55.321853,49.114467,38223673
2006-10-16,55.449471,55.497431,53.843676,54.052848,47.990215,51391510
2006-10-17,53.794716,54.425236,53.690993,53.992363,47.937302,38825538
2006-10-18,54.035766,54.405309,53.78445,54.08163,48.017347,36960001
2006-10-19,54.39824,54.448436,52.448284,52.934165,46.999322,46187970
2006-10-20,52.832679,55.149847,52.559198,54.664211,48.536196,85018613
2006-10-23,54.535912,55.675741,54.240955,54.731302,48.598161,45951819
2006-10-24,54.751848,55.134304,53.166597,54.165846,48.09686,42062465
2006-10-25,54.356473,54.677083,52.679497,52.991541,47.054902,28310640
2006-10-26,52.882145,53.534172,52.755512,53.242923,47.278898,34383482
2006-10-27,53.256303,53.374943,51.71678,52.23094,46.381035,51781864
2006-10-30,52.309429,52.405793,51.277754,51.582491,45.80747,83141306
2006-10-31,51.484949,51.741128,50.604349,51.188586,45.458412,65164771
2006-11-01,51.252031,51.570962,50.978193,51.549489,45.779666,28670856
2006-11-02,51.449203,52.390773,51.287278,52.369538,46.508693,29155138
2006-11-03,52.15444,53.424704,51.7713,53.072507,47.133765,32083054
2006-11-06,53.25547,53.75023,52.268897,53.032363,47.100434,85966634
2006-11-07,53.135084,53.265778,51.653235,51.913449,46.107434,47372249
2006-11-08,51.712848,53.497039,51.678644,53.048426,47.116249,43303421
2006-11-09,52.893479,55.023967,52.707849,54.789563,48.663481,50287987
2006-11-10,54.647671,56.880483,54.543146,56.728767,50.386688,59416020
2006-11-13,57.133248,58.97754,56.821392,58.682699,52.124746,49151129
2006-11-14,58.564989,59.200638,58.361508,59.051745,52.453412,78812066
2006-11-15,58.053638,59.394098,57.319596,59.125623,52.519897,55240674
2006-11-16,58.99776,59.386735,57.195799,57.574806,51.143183,28329545
2006-11-17,57.550108,60.894837,57.259645,59.965494,53.267686,66510077
2006-11-20,60.990055,61.517552,59.707488,60.030299,53.32788,28216810
2006-11-21,60.363231,60.714832,59.96824,60.601349,53.836056,34204212
2006-11-22,60.467771,62.061882,60.177385,61.567066,54.694863,40815914
2006-11-24,61.347736,61.649585,60.604795,61.068531,54.253758,41565670
2006-11-27,61.386708,62.186942,61.020349,61.723662,54.838483,63054675
2006-11-28,61.90923,62.818247,61.314456,62.277665,55.331597,23027073
2006-11-29,62.358913,62.64252,61.326307,61.569678,54.703474,67631839
2006-11-30,61.57387,62.169853,61.424882,61.864822,54.966606,48801701
2006-12-01,61.99752,62.419072,61.037303,61.244593,54.41643,58998106
2006-12-04,62.024373,62.490957,60.404963,60.740391,53.9711,73093964
2006-12-05,60.929729,61.321278,60.476125,60.540941,53.794762,42933261
2006-12-06,60.347007,60.724266,59.97216,60.590844,53.839989,32088867
2006-12-07,60.709053,60.881796,60.575625,60.803146,54.029524,34202775
2006-12-08,60.596919,61.250992,60.395043,61.035764,54.237119,48133151
2006-12-11,60.85325,61.920191,60.270748,61.781902,54.902852,55009134
2006-12-12,61.473629,61.683379,61.043987,61.379463,54.546119,52067167
2006-12-13,62.037016,62.559173,61.509936,62.319565,55.382469,47078208
2006-12-14,62.093285,62.174511,61.459529,62.144194,55.227527,46261836
2006-12-15,62.415987,62.752402,61.492121,61.849068,54.966152,39825800
2006-12-18,61.759587,61.973927,61.664449,61.887158,55.002713,43150422
2006-12-19,61.799374,61.833747,61.020077,61.156688,54.354395,23963132
2006-12-20,61.196029,62.018299,60.783233,61.727509,54.862626,60972635
2006-12-21,61.730677,62.022164,61.285181,61.425629,54.595215,32892810
2006-12-22,61.404642,61.677502,61.23143,61.502951,54.664838,41712978
2006-12-26,61.394584,61.833637,60.739875,61.808787,54.94028,32558735
2006-12-27,61.411381,62.237674,61.112899,61.926162,55.045515,33813352
2006-12-28,61.573588,61.778618,61.433162,61.719008,54.86228,51817430
2006-12-29,61.74588,62.833136,61.521673,62.608966,55.654281,80646512
2007-01-02,62.736581,62.931797,61.966868,62.131858,55.2338,33283974
2007-01-03,62.04929,62.197007,61.715261,61.952252,55.07504,53159804
2007-01-04,62.344539,62.48109,61.255701,61.94891,55.072973,69126937
2007-01-05,62.251139,62.349397,61.732285,62.070281,55.181779,38879485
2007-01-08,62.292531,62.708648,61.94286,62.567508,55.626566,36336930
2007-01-09,62.664141,63.973966,62.44041,63.473857,56.433296,39810427
2007-01-10,63.12896,63.985183,62.949176,63.86673,56.783524,44637004
2007-01-11,63.578843,64.293656,63.26785,64.114993,57.005189,41390922
2007-01-12,64.054234,64.238821,63.733922,63.91086,56.824626,51586390
2007-01-16,63.820067,64.535512,63.676355,64.385997,57.250844,32638258
2007-01-17,64.508978,65.0151,64.294091,64.776862,57.599339,36403112
2007-01-18,64.648539,64.842637,64.334613,64.6543,57.491302,47159251
2007-01-19,64.150921,64.969967,64.100151,64.70712,57.539215,22654983
2007-01-22,64.981828,65.054753,64.050987,64.34253,57.217832,34535612
2007-01-23,64.378377,64.439881,63.780305,63.914234,56.837895,24316635
2007-01-24,64.049916,64.266372,63.190898,63.45311,56.428752,39520946
2007-01-25,63.699695,64.486418,63.659757,63.992069,56.908983,51573889
2007-01-26,64.203532,64.616191,64.017935,64.544292,57.401025,28911679
2007-01-29,64.557426,65.5551,64.411469,65.272623,58.051611,94779585
2007-01-30,65.291347,65.40494,64.950372,65.032903,57.839361,62664718
2007-01-31,64.829934,65.15066,64.449359,65.107695,57.90683,41766129
2007-02-01,65.116734,66.304243,64.967041,66.1184,58.806719,47844153
2007-02-02,65.715684,65.879617,65.408141,65.548849,58.301108,69598635
2007-02-05,65.136852,65.212817,64.592762,64.735247,57.580304,53061099
2007-02-06,64.719562,65.391211,64.48631,65.320274,58.101625,74054276
2007-02-07,65.383076,65.525305,65.2386,65.338495,58.118787,34759316
2007-02-08,65.611845,65.677847,65.313604,65.466053,58.233207,33006881
2007-02-09,65.395644,65.493636,64.329569,64.410996,57.295656,48665426
2007-02-12,64.333447,64.481975,63.507204,63.913862,56.856241,37605703
2007-02-13,64.1007,64.658087,63.859075,64.294606,57.195882,39526306
2007-02-14,64.164852,64.406601,63.37571,63.731629,56.695994,29213407
2007-02-15,63.677657,63.994096,62.641828,62.864072,55.925129,54759614
2007-02-16,62.781088,62.894974,62.490563,62.613795,55.703393,63936479
2007-02-20,62.450341,63.557158,62.099491,63.283987,56.303319,24848002
2007-02-21,62.945128,64.538127,62.912472,64.30618,57.213697,30635225
2007-02-22,64.366455,64.404867,64.190713,64.298705,57.207986,63832821
2007-02-23,64.494197,65.144507,63.635225,64.794476,57.650031,43980186
2007-02-26,64.622036,64.933101,64.42279,64.468494,57.36282,40265113
2007-02-27,64.031086,65.444779,63.985437,65.339081,58.138406,32947837
2007-02-28,65.22385,65.43766,64.593508,65.060887,57.891821,57319717
2007-03-01,64.678978,65.87747,64.121783,65.596009,58.368937,66158047
2007-03-02,65.535482,66.815222,65.241964,66.26881,58.968581,64738322
2007-03-05,66.225392,66.51928,65.11801,65.701932,58.467032,58006473
2007-03-06,65.349535,65.63684,65.006282,65.578958,58.358558,30340223
2007-03-07,65.485628,66.350674,65.436157,66.112479,58.834304,35306213
2007-03-08,66.160521,66.546348,65.953763,66.330962,59.029704,28514527
2007-03-09,66.145154,67.275727,65.956665,66.731163,59.386829,36182927
2007-03-12,66.90329,67.167249,66.521798,66.715497,59.375813,36173640
2007-03-13,66.972071,67.308966,66.785031,67.243045,59.846306,60048526
2007-03-14,67.229438,68.41649,67.070577,68.158823,60.662345,41466201
2007-03-15,67.661779,68.330487,67.595197,68.186491,60.687967,44327098
2007-03-16,67.633828,70.165615,67.573651,69.663625,62.003678,55911710
2007-03-19,69.277894,69.354009,68.199319,68.85757,61.289274,88406793
2007-03-20,68.554276,70.14986,68.460111,70.016199,62.321579,61725877
2007-03-21,70.035758,70.123894,69.622496,69.716632,62.055954,44590074
2007-03-22,70.014902,70.460254,69.026021,69.55604,61.914024,40601847
2007-03-23,69.416771,70.362567,69.270549,70.310518,62.586637,36112479
2007-03-26,70.26521,70.941079,70.029885,70.708043,62.943595,57693018
2007-03-27,70.59698,70.94923,69.138398,69.424592,61.802094,39574550
2007-03-28,69.36939,70.855052,68.861367,70.652921,62.896592,39841462
2007-03-29,70.945828,71.271478,69.935594,70.517166,62.776772,30384580
2007-03-30,70.580262,70.942663,69.827319,70.046124,62.358458,50212276
2007-04-02,70.220338,70.67191,69.28304,69.840264,62.178255,25426200
2007-04-03,70.018914,70.457834,69.510696,69.799606,62.143079,53315701
2007-04-04,69.957058,70.31315,69.796712,70.061831,62.377564,24949214
2007-04-05,70.321072,71.627501,69.988675,71.257442,63.443085,37707597
2007-04-09,71.29597,71.865727,71.189159,71.35928,63.53793,44997450
2007-04-10,71.181362,71.259131,70.883724,71.134934,63.339214,23558916
2007-04-11,71.210047,71.365372,70.515879,71.136585,63.341725,42302846
2007-04-12,71.298459,71.456287,70.4654,70.663634,62.921631,44483735
2007-04-13,70.873154,71.697299,69.675156,70.006597,62.337604,68303021
2007-04-16,70.04388,70.761175,69.913422,70.446177,62.732121,43256516
2007-04-17,70.504875,70.939736,70.114534,70.753062,63.006436,60595337
2007-04-18,71.105283,71.345504,70.753844,70.817253,63.064635,32506464
2007-04-19,70.98216,71.39884,70.532815,71.085027,63.304134,35659136
2007-04-20,70.720539,70.913246,70.470781,70.562219,62.839585,43895274
2007-04-23,70.63167,70.793318,68.934103,69.135256,61.571829,40212665
2007-04-24,68.904745,69.899604,68.78598,69.635922,62.018741,55846170
2007-04-25,69.505317,69.688112,68.551252,68.776085,61.253964,40225004
2007-04-26,68.818599,70.321547,68.674608,70.154412,62.482568,57084272
2007-04-27,70.03962,72.484629,69.702355,72.188076,64.294894,43287006
2007-04-30,72.546631,72.704523,70.337494,70.576344,62.86249,49350652
2007-05-01,70.659136,70.784666,70.161227,70.417902,62.722395,100291351
2007-05-02,70.104237,70.717488,69.625274,70.566214,62.855532,34052944
2007-05-03,70.589282,71.278174,68.53854,69.041214,61.498177,39588750
2007-05-04,68.831148,69.099681,68.273459,68.621353,61.125192,35399376
2007-05-07,68.857064,68.966143,67.750755,68.131283,60.691647,30521810
2007-05-08,68.693759,69.202551,67.229524,68.006576,60.581553,27130853
2007-05-09,68.166849,68.547495,67.487116,67.867225,60.45841,47721511
2007-05-10,68.326984,69.11527,68.017062,68.603215,61.115058,68659665
2007-05-11,68.609242,68.968684,67.965836,68.071306,60.642205,39910626
2007-05-14,68.018447,68.421738,67.963567,68.136324,60.703118,62214955
2007-05-15,68.008905,68.166853,67.24772,68.054048,60.630814,37455956
2007-05-16,68.021699,68.057667,67.792898,67.941087,60.531168,34804896
2007-05-17,67.931803,68.450969,67.660151,68.251118,60.808386,59592175
2007-05-18,68.350606,68.516699,67.161005,67.201224,59.873965,33921847
2007-05-21,67.156971,67.23874,65.641252,66.158631,58.947956,57023782
2007-05-22,66.105313,66.793211,65.338763,66.378836,59.145132,59748692
2007-05-23,66.396137,66.636412,65.640398,65.901511,58.720789,64312610
2007-05-24,66.036938,66.068324,64.617502,64.800363,57.740572,64264254
2007-05-25,65.085951,65.270754,64.386506,64.95301,57.877539,47477985
2007-05-29,64.89075,65.379199,64.687246,64.870283,57.807622,58053089
2007-05-30,65.001449,65.330249,63.951357,64.464768,57.4472,52506377
2007-05-31,64.486572,64.574722,64.203262,64.277918,57.281632,33567413
2007-06-01,64.186767,64.995725,63.770243,64.925209,57.85942,30161214
2007-06-04,64.484292,64.520027,62.801479,63.234883,56.355828,47877353
2007-06-05,63.640202,63.862526,63.613747,63.715244,56.784865,45385165
2007-06-06,63.714432,65.431387,63.540484,64.906478,57.847478,43810818
2007-06-07,64.51307,65.543217,64.2891,65.285308,58.186064,39448582
2007-06-08,65.266552,65.352476,64.299515,64.471963,57.462107,61400014
2007-06-11,64.909688,65.37897,63.589955,63.666238,56.746783,32202542
2007-06-12,63.680536,64.415231,63.318189,63.754186,56.826106,58093314
2007-06-13,63.699585,64.314963,63.664196,64.15256,57.182129,85555935
2007-06-14,63.777136,64.035583,62.128776,62.447956,55.66365,47584759
2007-06-15,62.626863,62.715454,62.390152,62.543522,55.74975,29100817
2007-06-18,62.49151,62.79751,61.042849,61.206722,54.560848,22585257
2007-06-19,61.353972,61.927361,61.131056,61.404066,54.737664,43645200
2007-06-20,61.536123,62.465408,61.26035,62.26218,55.503527,33363874
2007-06-21,62.380287,64.304351,61.877295,64.24465,57.271738,47670250
2007-06-22,63.906832,65.25238,63.608695,65.211248,58.13438,30124681
2007-06-25,65.244986,65.839911,64.873464,65.082374,58.022351,36877869
2007-06-26,65.198632,68.444384,65.081802,68.073687,60.690169,29201706
2007-06-27,68.561477,68.604312,66.090704,66.179148,59.002087,55161585
2007-06-28,66.485379,68.05938,66.284605,66.904411,59.649676,35767963
2007-06-29,67.372401,70.993017,67.180887,70.612647,62.956846,87264041
2007-07-02,70.716392,71.19917,66.20707,66.565851,59.351728,33546935
2007-07-03,66.067481,67.309598,65.644419,66.585386,59.37012,27899067
2007-07-05,66.439039,73.062175,66.371708,71.746161,63.973771,90600198
2007-07-06,71.322183,73.437493,69.978959,71.576981,63.823966,47516642
2007-07-09,71.426416,74.379065,70.178473,71.833869,64.056185,36293880
2007-07-10,72.308088,74.673365,71.349793,74.262278,66.222751,56179406
2007-07-11,74.489823,75.904793,74.099609,75.842046,67.632606,75543203
2007-07-12,75.396379,80.137378,73.175385,79.893122,71.246349,47098172
2007-07-13,78.810175,82.619296,77.775419,82.226018,73.327961,46779369
2007-07-16,81.636077,83.399789,79.29429,81.39699,72.592224,33813622
2007-07-17,81.680134,85.373454,79.918094,85.088886,75.886011,64043350
2007-07-18,84.18182,88.795144,82.909763,88.563068,78.985737,44892571
2007-07-19,88.649297,89.456308,87.417508,88.315249,78.766011,71340425
2007-07-20,88.917105,92.037986,86.831399,87.984541,78.472351,27034063
2007-07-23,87.067223,93.589828,83.263775,91.560891,81.666079,27072567
2007-07-24,92.478334,94.181529,81.762467,83.658483,74.618895,39975268
2007-07-25,83.277824,91.125847,83.22242,88.92218,79.315134,35646903
2007-07-26,92.11739,94.603538,89.879977,90.567378,80.783914,24014138
2007-07-27,90.149644,101.664778,86.891533,96.408295,85.995284,37471653
2007-07-30,95.494974,98.193814,93.881475,96.411161,86.002078,59206645
2007-07-31,94.009174,94.794933,86.907503,89.892593,80.188608,47584122
2007-08-01,90.305506,93.2462,88.471718,91.201531,81.357581,29872089
2007-08-02,88.347534,98.427871,84.171317,97.80843,87.25279,47499644
2007-08-03,101.389908,103.262732,95.689528,99.307781,88.591784,46949864
2007-08-06,97.467297,98.142452,94.445799,97.402961,86.89679,80188965
2007-08-07,99.197426,102.225189,95.058985,95.754249,85.427316,43008947
2007-08-08,95.647645,101.725179,95.495401,100.515385,89.676445,51416031
2007-08-09,99.9376,114.143097,99.362746,108.240749,96.570341,51273528
2007-08-10,109.689068,113.290495,98.381978,98.545553,87.921915,78771440
2007-08-13,97.459075,100.667851,97.1461,100.442091,89.618415,32113149
2007-08-14,100.770014,102.757101,99.072221,101.436991,90.50759,36097743
2007-08-15,103.063055,103.125778,89.973925,90.861681,81.073056,38616186
2007-08-16,89.889616,94.606894,88.054617,90.618024,80.856977,33339342
2007-08-17,90.827248,92.047643,88.220547,90.294626,80.569738,44877655
2007-08-20,91.804437,93.954891,82.257532,83.270568,74.305845,111611442
2007-08-21,84.791427,87.173327,74.041043,75.776079,67.619307,112147975
2007-08-22,77.021408,78.300192,67.416372,68.03632,60.713677,62409783
2007-08-23,67.743062,70.14031,66.322451,67.621132,60.344166,31259162
2007-08-24,69.395316,70.083867,64.983735,65.996145,58.895017,34715587
2007-08-27,66.660778,68.935482,61.300834,61.397394,54.793788,42858902
2007-08-28,59.387385,60.65605,58.43524,60.091981,53.629661,46918323
2007-08-29,59.321788,60.991603,57.621559,60.905353,54.356454,57550290
2007-08-30,62.292464,65.943704,61.458293,64.459422,57.529315,42596904
2007-08-31,64.392563,64.663639,62.720697,62.886009,56.125983,43200152
2007-09-04,63.37407,66.093243,60.415151,63.730913,56.8838,31899201
2007-09-05,63.855113,64.599346,59.49414,60.477209,53.980554,29082031
2007-09-06,60.835736,62.797663,56.83063,57.682699,51.487086,56764754
2007-09-07,55.450938,56.863652,54.435227,55.96095,49.951087,41696571
2007-09-10,56.729845,58.736928,55.715365,57.682284,51.490098,25771267
2007-09-11,59.279958,60.583353,57.195205,57.379795,51.220922,35375516
2007-09-12,58.041484,59.083842,55.019765,57.086228,50.959703,57838765
2007-09-13,57.022592,58.683889,56.21409,57.541218,51.366707,35463648
2007-09-14,56.652777,57.026922,54.687845,56.093205,50.074897,36442082
2007-09-17,56.098911,57.353819,54.758277,55.902214,49.906857,39779379
2007-09-18,55.305172,55.700725,54.906164,55.027057,49.126365,28843877
2007-09-19,55.523901,58.02301,54.349529,55.952586,49.953468,33725668
2007-09-20,56.011971,57.45958,55.184173,55.832068,49.84669,28288000
2007-09-21,55.691157,56.9568,52.224376,52.874613,47.20706,29031043
2007-09-24,54.467126,55.013095,50.154775,51.486029,45.969581,59707888
2007-09-25,51.450199,52.711071,47.673697,48.818226,43.588335,50844781
2007-09-26,48.996745,49.254103,47.031541,47.190765,42.135916,54792200
2007-09-27,47.239808,49.294082,46.628745,48.267672,43.098177,38628236
2007-09-28,49.112062,50.21996,45.205757,45.837708,40.929136,38438037
2007-10-01,45.491675,46.83439,45.043585,45.528216,40.65479,38734932
2007-10-02,45.925273,47.304993,42.442079,43.511672,38.854739,36917942
2007-10-03,44.039237,44.400385,43.503186,44.341009,39.595965,56450052
2007-10-04,43.627183,46.406436,43.187868,45.419899,40.560066,45764184
2007-10-05,45.601097,46.555836,43.325319,43.844237,39.15364,47803709
2007-10-08,44.366743,46.470582,44.315683,45.857049,40.953133,41995641
2007-10-09,45.763584,46.029691,44.016996,44.201213,39.475019,47055543
2007-10-10,44.103873,44.301105,43.858933,44.099431,39.384767,42840632
2007-10-11,45.048971,46.085659,44.250287,45.983762,41.068319,41768095
2007-10-12,45.792706,46.74299,44.341969,44.436241,39.686873,27812074
2007-10-15,44.901293,46.977608,43.487827,46.805964,41.805378,46132407
2007-10-16,45.903836,46.2129,40.584436,41.534919,37.098083,52119459
2007-10-17,42.066625,44.257281,41.585001,43.390223,38.755836,40844036
2007-10-18,43.290579,44.739226,43.260663,44.351929,39.615477,36917169
2007-10-19,44.767452,44.802527,41.249032,41.566453,37.128078,31730515
2007-10-22,41.346932,42.886084,37.967525,38.531852,34.419202,49098734
2007-10-23,39.415397,40.844836,38.658918,40.289832,35.990137,74366628
2007-10-24,40.052667,44.714038,39.083683,43.748136,39.080016,50894287
2007-10-25,43.923999,45.647532,42.867323,44.722853,39.951382,83983747
2007-10-26,43.290366,44.381595,41.878406,42.332126,37.816343,39253026
2007-10-29,42.071827,42.40149,40.157314,40.688102,36.349486,54771224
2007-10-30,40.759421,42.402525,40.403178,41.745923,37.295123,59814170
2007-10-31,42.805114,44.477463,41.128457,43.249191,38.638753,51725991
2007-11-01,43.536747,44.542307,43.375235,43.706419,39.047881,19257697
2007-11-02,42.958055,47.671764,41.694664,46.999401,41.990563,80147502
2007-11-05,48.045421,49.477503,44.334421,44.940651,40.153198,41575546
2007-11-06,44.431291,46.333892,43.147387,45.962734,41.067075,30424117
2007-11-07,47.871739,48.038339,44.47784,45.43859,40.599426,29698965
2007-11-08,45.242639,46.847618,44.462353,45.894805,41.007728,31523178
2007-11-09,46.115642,49.184767,45.43164,48.26089,43.122571,46348948
2007-11-12,48.745916,49.679478,46.969808,47.449289,42.39947,32841132
2007-11-13,47.341025,49.438641,47.106545,47.530777,42.472984,26102224
2007-11-14,47.226401,47.963508,45.954818,46.122247,41.215014,43612769
2007-11-15,45.479853,47.352832,44.61506,47.323618,42.289259,60659878
2007-11-16,47.431235,47.574047,43.641372,44.26555,39.557162,48912149
2007-11-19,44.919049,45.065125,42.124328,42.175472,37.691256,38540679
2007-11-20,41.612387,41.990556,39.995641,40.532579,36.223635,28907663
2007-11-21,40.83475,41.716243,39.845017,41.618087,37.194356,59252950
2007-11-23,41.803917,42.555037,41.157546,42.139344,37.661445,43881062
2007-11-26,42.331039,42.56631,40.655843,41.023248,36.665756,51083819
2007-11-27,40.738805,42.059146,40.537463,41.68484,37.257685,59217261
2007-11-28,41.6628,42.209857,41.614165,41.89482,37.44598,62627645
2007-11-29,41.7599,41.946123,41.451438,41.672126,37.247546,28402760
2007-11-30,41.747522,41.777431,41.230944,41.541649,37.131532,64955499
2007-12-03,41.710644,42.056692,40.781047,40.80193,36.47214,30726304
2007-12-04,40.760653,41.041461,40.431245,40.627739,36.31703,36688598
2007-12-05,40.678943,42.056235,40.571023,42.013938,37.556767,52992214
2007-12-06,41.662027,42.066702,41.449469,41.923299,37.476359,33719891
2007-12-07,41.94754,43.039454,41.849463,42.693153,38.16518,41383194
2007-12-10,42.387559,43.304763,41.95738,42.788018,38.251868,51255805
2007-12-11,42.820607,44.737307,42.54455,44.216489,39.52955,57854154
2007-12-12,44.380956,46.088315,44.000543,45.927106,41.059516,50103717
2007-12-13,45.577832,46.292119,45.165923,45.244502,40.449922,92468222
2007-12-14,44.784988,45.350998,44.31726,45.298309,40.498693,42759315
2007-12-17,45.15968,45.455723,44.32625,44.489007,39.777101,28565756
2007-12-18,44.487851,44.969694,44.239179,44.777418,40.035624,36156516
2007-12-19,44.427749,45.217405,44.363468,44.841115,40.093234,30859656
2007-12-20,44.602984,45.742557,44.547344,45.72376,40.883094,39803439
2007-12-21,46.113519,47.072882,45.439461,46.78636,41.833886,23902535
2007-12-24,46.826119,47.172723,45.026091,45.448695,40.63982,43358262
2007-12-26,45.635639,46.126026,45.607141,45.9542,41.093188,57693399
2007-12-27,45.828732,46.088859,45.013317,45.060779,40.294935,51522850
2007-12-28,45.216046,45.697746,41.921403,42.892317,38.35645,44063525
2007-12-31,43.271777,43.356797,43.021935,43.087069,38.532505,43398380
2008-01-02,43.309838,43.335012,42.748321,42.803666,38.280318,31102361
2008-01-03,42.987363,44.139601,42.434491,43.572533,38.968574,32912310
2008-01-04,43.559184,44.298308,43.408556,44.183202,39.515368,50253688
2008-01-07,44.335317,44.733704,44.084166,44.422984,39.731775,31810565
2008-01-08,44.519972,45.24796,44.232289,45.046064,40.289718,36761950
2008-01-09,44.786878,46.806666,44.64351,46.697908,41.767832,70694275
2008-01-10,46.890395,48.862474,46.603785,48.640425,43.505985,37244196
2008-01-11,48.471235,49.297312,48.184676,48.688674,43.549856,46065692
2008-01-14,49.164586,49.550406,48.895583,49.116249,43.934468,49337404
2008-01-15,49.503503,50.076959,48.517435,50.054923,44.774847,42853514
2008-01-16,50.049897,50.543614,48.684161,48.847522,43.695527,39154889
2008-01-17,48.531079,50.792759,48.318327,50.264457,44.963755,34306271
2008-01-18,50.245643,51.008123,50.147997,50.943806,45.572212,71144991
2008-01-22,50.997172,51.925899,50.651499,51.869905,46.40371,52652018
2008-01-23,52.85846,53.276825,51.652027,51.860817,46.396342,36599954
2008-01-24,51.883994,52.769934,51.32029,52.677956,47.128155,26829933
2008-01-25,53.168559,53.723172,52.523062,53.015604,47.43101,60863943
2008-01-28,52.855568,53.952229,52.293485,53.802363,48.137265,49719388
2008-01-29,53.783381,54.061784,51.5163,52.114326,46.627735,94634723
2008-01-30,52.385302,53.148591,52.229118,52.703603,47.155747,16893889
2008-01-31,52.267739,53.486503,51.268716,53.070578,47.484873,24592133
2008-02-01,52.496691,52.654065,51.81663,52.309547,46.80471,42940690
2008-02-04,52.179516,52.612205,51.583834,51.655351,46.221636,49848007
2008-02-05,52.050264,52.280405,51.096249,51.914055,46.453889,22741522
2008-02-06,52.145556,52.38417,50.717449,50.989857,45.627645,54451866
2008-02-07,50.858631,51.194493,50.173175,50.545168,45.230464,75863124
2008-02-08,50.973128,52.140195,50.547142,51.73118,46.29253,34059826
2008-02-11,51.420155,52.507262,51.292035,51.909395,46.454298,36252282
2008-02-12,51.54266,54.191408,51.063733,53.530527,47.905855,28635137
2008-02-13,53.337584,55.486437,53.222866,55.304823,49.494531,34258465
2008-02-14,55.113348,55.737414,53.233906,53.425494,47.813429,36501071
2008-02-15,53.425668,55.238678,53.240521,54.590415,48.856783,53978522
2008-02-19,54.444788,54.516817,53.993948,54.202814,48.51308,46559933
2008-02-20,54.595815,55.034072,52.428861,53.246442,47.657882,24918826
2008-02-21,53.120739,53.462089,51.07903,51.219451,45.84439,29722897
2008-02-22,50.876526,51.150723,50.800628,51.070973,45.712244,76623604
2008-02-25,51.338124,51.568051,50.970451,51.04423,45.690559,57297741
2008-02-26,50.400955,51.516273,50.352199,50.939649,45.597696,61286912
2008-02-27,50.507547,50.615927,50.011631,50.328701,45.051557,74175840
2008-02-28,50.521963,50.644977,49.483591,49.718135,44.505742,42755957
2008-02-29,50.106286,50.497628,49.921065,49.99061,44.750386,63524399
2008-03-03,49.875258,50.144964,49.323077,49.369104,44.196207,28622118
2008-03-04,49.584755,49.683338,48.744498,49.611465,44.413903,62657582
2008-03-05,49.437622,50.61929,48.947918,50.091157,44.844077,33135168
2008-03-06,50.622211,50.824678,49.790092,50.100023,44.852751,60739720
2008-03-07,50.597763,50.861416,49.965207,50.043531,44.802912,46153731
2008-03-10,50.19774,50.565763,50.151774,50.413012,45.135924,47796762
2008-03-11,50.394095,51.282165,50.16278,50.91349,45.584762,41223971
2008-03-12,50.822864,51.597564,50.731676,51.143851,45.791765,55655548
2008-03-13,51.150165,51.376292,51.068048,51.239648,45.878291,19114463
2008-03-14,51.171859,52.04819,51.072972,51.914326,46.483139,48533013
2008-03-17,52.26268,52.455683,51.826866,52.026781,46.586125,43724405
2008-03-18,51.601137,53.127585,51.26909,52.674042,47.166474,92341365
2008-03-19,52.436789,53.446637,52.194822,53.238884,47.673039,45729730
2008-03-20,53.163073,53.208815,52.751182,53.087808,47.538539,30162753
2008-03-24,53.203014,53.766135,52.702496,53.568805,47.97241,28083126
2008-03-25,53.453222,53.816451,53.222536,53.785755,48.167485,57131282
2008-03-26,53.507072,53.765595,53.145784,53.671015,48.065521,45911128
2008-03-27,53.451617,54.618072,53.17575,54.582678,48.882771,40481434
2008-03-28,54.673832,54.994134,53.551586,54.095082,48.446889,52144923
2008-03-31,54.095687,55.041615,53.937924,54.897249,49.167723,42296995
2008-04-01,54.709508,55.512471,54.351224,55.073944,49.326786,45864597
2008-04-02,55.339819,55.758295,55.062315,55.710338,49.89759,43133195
2008-04-03,55.816526,56.344636,54.996501,55.41614,49.634904,47269482
2008-04-04,55.222376,55.271798,54.504647,54.978997,49.244175,40542200
2008-04-07,54.947393,56.487552,54.807778,56.265434,50.398908,49003169
2008-04-08,56.697992,56.747753,56.100548,56.227441,50.365703,25112068
2008-04-09,56.480071,57.224313,56.213203,56.953513,51.01692,42394127
2008-04-10,57.325152,57.478439,56.351541,56.611399,50.7113,71353787
2008-04-11,56.802929,56.997338,56.012386,56.206065,50.349037,84064935
2008-04-14,56.137442,56.543385,55.759018,56.030567,50.194301,52881323
2008-04-15,55.755511,56.035075,55.525228,55.623141,49.830131,98645958
2008-04-16,55.576431,56.382373,55.19277,56.310859,50.447054,44262481
2008-04-17,56.647123,56.764319,56.329292,56.496556,50.614246,64258668
2008-04-18,56.645706,57.090605,56.269193,56.592311,50.700863,55600485
2008-04-21,56.473334,57.067536,55.755815,56.095162,50.257946,60480453
2008-04-22,56.02449,56.231249,55.553752,55.808682,50.002099,72110337
2008-04-23,55.550368,56.628653,55.379637,56.592997,50.705642,38971911
2008-04-24,56.924983,56.959203,55.533842,55.591949,49.809551,37414837
2008-04-25,56.083662,57.399328,55.983362,57.251412,51.297248,72107641
2008-04-28,57.692233,57.775203,56.759788,56.792536,50.888604,41666932
2008-04-29,56.415246,56.811944,55.855704,56.076181,50.247543,47967893
2008-04-30,56.534934,56.911001,56.19354,56.35572,50.498856,52899403
2008-05-01,56.457984,57.050899,54.809099,55.035511,49.316662,36543549
2008-05-02,55.017389,55.888311,54.96103,55.608479,49.830911,42182643
2008-05-05,55.349912,55.94571,55.235439,55.789966,49.996005,24466247
2008-05-06,56.222102,56.850714,55.973562,56.735561,50.844232,67711359
2008-05-07,56.854611,57.268965,56.115114,56.411214,50.554395,32279816
2008-05-08,56.07146,56.39795,55.491682,55.68684,49.906049,44078937
2008-05-09,55.773786,56.469821,55.531131,55.873398,50.074063,27089737
2008-05-12,55.983838,56.299268,55.506401,55.553302,49.789644,45719492
2008-05-13,55.838595,55.959564,54.991318,55.113057,49.395887,86126224
2008-05-14,55.161023,55.697154,54.963609,55.124957,49.407363,47847215
2008-05-15,54.910069,55.818352,54.830089,55.399427,49.654181,35107344
2008-05-16,55.383815,55.516109,55.091687,55.486107,49.732689,51042293
2008-05-19,55.559254,56.201061,55.139219,56.020158,50.213838,44676391
2008-05-20,56.105904,56.514565,55.869732,55.993923,50.191147,58738829
2008-05-21,55.974454,56.298023,55.332309,55.557435,49.800711,34672031
2008-05-22,55.527892,56.530276,55.02542,56.32802,50.492279,45142037
2008-05-23,56.46928,56.513079,56.049449,56.353681,50.516111,21376234
2008-05-27,56.432672,56.655946,56.400985,56.59173,50.732835,40800065
2008-05-28,56.67198,56.796158,56.084425,56.376786,50.540975,38755339
2008-05-29,56.293555,56.865508,56.207616,56.456445,50.613219,34945864
2008-05-30,56.552973,57.862341,56.411419,57.765053,51.787237,59495738
2008-06-02,57.949689,58.264221,57.48383,57.684012,51.717131,34234460
2008-06-03,57.826336,58.832984,57.801052,58.550048,52.494446,38903846
2008-06-04,58.534775,58.665061,57.993064,58.59844,52.538696,34672172
2008-06-05,58.73665,58.815272,58.04367,58.676637,52.609671,48169463
2008-06-06,58.681601,58.872286,57.653889,57.681281,51.718081,24552894
2008-06-09,57.733008,58.571953,57.113713,57.718077,51.753623,45378720
2008-06-10,57.72638,58.344962,57.39329,58.199036,52.185738,53382199
2008-06-11,58.344192,58.792672,56.888724,57.060256,51.165461,61828595
2008-06-12,56.76342,58.64471,56.70145,58.524859,52.47962,32382145
2008-06-13,58.178224,58.887931,58.058338,58.760867,52.692116,37757562
2008-06-16,59.154311,59.429249,58.333179,58.470242,52.43409,37499975
2008-06-17,58.305546,59.3443,58.261185,59.000458,52.910439,35013190
2008-06-18,59.171247,59.444958,58.752809,58.805688,52.73664,33161843
2008-06-19,58.889982,59.118807,58.539737,58.776528,52.711354,52153208
2008-06-20,59.091652,59.372607,58.876084,59.175944,53.070427,57635408
2008-06-23,59.242354,59.611765,58.844948,59.209604,53.10323,39554998
2008-06-24,58.837904,59.693281,58.72683,59.497187,53.362031,75379432
2008-06-25,59.354542,59.558819,58.328953,58.610224,52.567392,37853704
2008-06-26,58.762102,59.144076,58.639039,59.078163,52.987957,51405716
2008-06-27,58.937877,59.058006,58.02154,58.481371,52.453548,90214312
2008-06-30,58.468037,59.403114,58.032429,59.19536,53.096561,37211993
2008-07-01,59.168172,59.353917,58.802579,58.939797,52.868196,46359322
2008-07-02,59.170209,59.316056,57.659467,57.779872,51.828611,40108412
2008-07-03,57.620893,59.711159,57.433373,59.661298,53.517132,73755531
2008-07-07,59.844321,60.32557,59.781983,60.112129,53.925077,42212570
2008-07-08,59.838985,60.453516,59.623868,60.419197,54.20143,59447245
2008-07-09,61.030336,61.294276,60.890912,61.016017,54.737731,30986656
2008-07-10,60.937913,61.89936,60.735267,61.527442,55.197439,50204503
2008-07-11,62.104075,62.18056,61.335014,61.51565,55.187767,23276938
2008-07-14,61.168967,61.360959,60.568471,60.657546,54.420614,31733575
2008-07-15,60.967423,61.312527,59.847345,60.105218,53.925963,38408222
2008-07-16,60.185205,60.954116,59.828823,60.339731,54.137256,44059251
2008-07-17,60.692316,61.282508,60.396119,60.8257,54.574168,34351169
2008-07-18,60.5799,60.86067,60.119382,60.373028,54.16891,50761320
2008-07-21,60.536682,61.084099,60.43487,60.989213,54.724471,47153392
2008-07-22,60.716353,60.820526,59.722723,59.857888,53.710236,61249208
2008-07-23,59.86146,59.973895,59.530046,59.729686,53.596082,42011066
2008-07-24,59.521374,60.386921,59.202345,60.345423,54.149479,49202100
2008-07-25,60.512456,60.895787,59.659262,59.852285,53.707856,34328846
2008-07-28,60.135551,60.341142,60.026854,60.129026,53.958846,54106500
2008-07-29,60.17998,60.730712,59.76908,60.66479,54.440526,41059810
2008-07-30,60.338746,60.804387,60.037952,60.777572,54.542632,38515765
2008-07-31,61.071105,61.449864,59.976203,60.26336,54.08206,36482302
2008-08-01,60.159399,60.730362,60.093287,60.135546,53.968242,43098176
2008-08-04,60.176462,60.44391,59.699164,60.165213,53.997528,40891834
2008-08-05,59.947,60.195564,59.850158,60.063121,53.906787,23681458
2008-08-06,59.978803,60.194894,59.865123,60.137562,53.974485,24363155
2008-08-07,59.937318,60.66067,59.371309,60.159774,53.995307,35340429
2008-08-08,60.391409,60.589961,58.857395,59.19329,53.128731,31082522
2008-08-11,59.436327,59.650312,58.233784,58.373394,52.395417,93777301
2008-08-12,58.365692,58.829391,58.174813,58.28409,52.316118,57484154
2008-08-13,58.112052,59.131711,57.86651,58.504741,52.515039,45089455
2008-08-14,58.241932,58.427932,57.736227,57.953937,52.021481,56534497
2008-08-15,57.882882,58.216743,57.38894,58.150852,52.199095,38473460
2008-08-18,58.028393,58.542271,57.991896,58.385931,52.412697,36949614
2008-08-19,58.744281,59.230039,58.62384,59.024017,52.986373,32966245
2008-08-20,58.936858,59.188925,58.090094,58.237333,52.281019,38902579
2008-08-21,58.136839,58.253655,57.855396,58.08107,52.141594,66167795
2008-08-22,57.744572,58.670854,57.592335,58.316901,52.354169,37889219
2008-08-25,58.472497,59.328546,57.832143,58.985831,52.957313,25055442
2008-08-26,58.904315,59.378173,57.796056,58.039286,52.108363,57689915
2008-08-27,58.38675,58.45102,58.066901,58.275906,52.321663,45130610
2008-08-28,57.710012,58.754147,57.350613,58.638162,52.647771,71221932
2008-08-29,58.441674,59.050258,58.257168,58.374847,52.412217,62726655
2008-09-02,58.460433,58.512928,57.541965,57.672702,51.785195,54166029
2008-09-03,57.732967,57.837972,56.615225,56.842127,51.040247,51965250
2008-09-04,57.409342,58.120723,57.076568,57.951781,52.037493,45549090
2008-09-05,57.85201,58.686231,57.604567,58.113181,52.183279,42054933
2008-09-08,58.091594,58.719077,57.817968,58.367706,52.414415,47046117
2008-09-09,58.073352,59.918209,57.8659,59.442729,53.380666,64712171
2008-09-10,60.226703,60.64475,59.131877,59.186106,53.151087,40419383
2008-09-11,59.064943,60.14293,58.771636,59.827825,53.728255,34212320
2008-09-12,60.018266,60.368392,59.262636,59.330973,53.282933,55298466
2008-09-15,59.179549,59.547867,58.817526,59.391629,53.340035,27016935
2008-09-16,59.393931,59.876676,58.920486,59.456101,53.398815,48692691
2008-09-17,59.743009,60.256948,58.915754,59.152666,53.127166,26002738
2008-09-18,59.37223,60.354955,59.304348,59.96412,53.856847,62169246
2008-09-19,60.104412,60.48566,59.840097,60.309088,54.167571,25275324
2008-09-22,60.428417,60.885994,60.156467,60.723349,54.542333,47945527
2008-09-23,61.020426,61.429315,60.484682,60.818451,54.628652,36438216
2008-09-24,61.031681,61.231788,60.034739,60.071604,53.958702,78073689
2008-09-25,59.835577,60.236073,59.782133,59.94449,53.845407,23952911
2008-09-26,60.179824,60.702055,60.035253,60.223422,54.096848,46642719
2008-09-29,59.967206,61.101842,59.897949,60.699514,54.527194,71432298
2008-09-30,60.688896,60.713434,60.051997,60.545613,54.389836,25022433
2008-10-01,59.998424,60.17136,59.486603,60.034075,53.931193,82311836
2008-10-02,60.214782,60.245373,59.977369,60.193988,54.075738,33185011
2008-10-03,59.995655,60.342978,59.125291,59.491142,53.445209,44902411
2008-10-06,59.400269,61.179346,59.149689,60.822556,54.644007,46686533
2008-10-07,60.437254,60.509881,59.6224,59.99963,53.905562,42800987
2008-10-08,59.835248,60.445384,58.965791,59.329944,53.304771,30939663
2008-10-09,59.225364,59.612467,58.108117,58.199835,52.290288,32653340
2008-10-10,57.937889,58.167087,57.341729,57.555715,51.712421,49679655
2008-10-13,57.561556,58.35498,57.295366,57.950263,52.069478,72685140
2008-10-14,58.124897,58.173998,57.817162,57.856532,51.986113,51046631
2008-10-15,57.861281,59.791934,57.744509,59.332013,53.31276,58115044
2008-10-16,59.103087,59.660799,58.545072,59.610114,53.563528,21834521
2008-10-17,59.22619,59.324885,58.320513,58.951233,52.972351,53548248
2008-10-20,58.906745,59.017635,57.511095,57.828876,51.966385,47048122
2008-10-21,57.146187,57.576766,56.909198,57.507382,51.678332,40910883
2008-10-22,57.120004,57.617018,57.012067,57.47397,51.649155,40762850
2008-10-23,57.473948,57.813273,57.193516,57.252305,51.4508,52507831
2008-10-24,57.795549,58.496919,57.378188,58.074111,52.190188,47312927
2008-10-27,58.20976,58.50616,58.107551,58.168898,52.277947,49478096
2008-10-28,58.029959,58.196401,57.722809,58.052193,52.173919,55354546
2008-10-29,58.174767,58.35107,57.721979,58.305392,52.40234,32159750
2008-10-30,58.145632,59.141318,57.767218,58.842735,52.886149,77236174
2008-10-31,59.068409,59.606995,58.889477,59.298803,53.296926,77846505
2008-11-03,59.121209,59.273778,58.366419,58.942021,52.978866,34866376
2008-11-04,59.073747,60.012841,58.828547,59.91946,53.858302,40615501
2008-11-05,60.169486,60.701586,59.754075,60.344583,54.241313,24274736
2008-11-06,60.520092,61.687176,60.246261,61.293244,55.094931,37104254
2008-11-07,61.104428,61.975493,60.777012,61.535015,55.313162,52731630
2008-11-10,61.419323,61.51492,61.290561,61.445551,55.235465,45839673
2008-11-11,61.460572,61.595741,60.979806,61.459854,55.24923,31124938
2008-11-12,61.686366,61.826727,59.910154,60.169602,54.090249,45490643
2008-11-13,60.2607,60.764243,60.105468,60.412394,54.309402,63792290
2008-11-14,60.248166,61.959947,59.955875,61.622884,55.398516,37658973
2008-11-17,61.871399,61.9503,60.998571,61.200721,55.021706,72607969
2008-11-18,61.448118,61.716121,60.905053,61.262398,55.078061,45872283
2008-11-19,61.315316,61.463487,60.741373,60.856872,54.71437,55639903
2008-11-20,60.889989,60.985031,60.081931,60.175301,54.102481,44201496
2008-11-21,60.246636,60.847009,60.052334,60.654369,54.534098,54317513
2008-11-24,60.947506,61.237376,60.776148,60.980757,54.830254,65570236
2008-11-25,61.054308,61.609055,60.693136,61.390339,55.199433,36537075
2008-11-26,60.984636,61.501384,60.808958,61.144917,54.979664,50987248
2008-11-28,61.077914,62.157311,60.959381,62.002104,55.752252,62991710
2008-12-01,62.483525,62.539342,62.114734,62.209227,55.941254,38543103
2008-12-02,62.266835,62.71727,61.981426,62.484106,56.18936,47208323
2008-12-03,62.250504,62.512131,60.910171,61.291784,55.11806,25592773
2008-12-04,61.446919,62.360572,61.234,62.095404,55.841651,83531937
2008-12-05,62.365319,62.843616,61.711509,62.179518,55.918212,49470926
2008-12-08,62.144994,62.349535,61.081871,61.133947,54.980637,29596271
2008-12-09,60.769006,61.377533,60.679518,61.137769,54.984977,30308911
2008-12-10,61.42608,61.804083,61.337452,61.612697,55.41302,47755456
2008-12-11,61.773374,62.006111,61.168895,61.439929,55.258544,59307414
2008-12-12,61.792606,61.923307,61.290684,61.435326,55.255312,35735229
2008-12-15,61.660698,62.169842,61.099218,62.12166,55.875358,68373109
2008-12-16,61.968353,62.157466,61.266435,61.317331,55.15281,59599474
2008-12-17,61.429451,61.516418,60.757664,61.355852,55.188365,25468925
2008-12-18,61.257588,62.302182,61.107334,62.188853,55.938552,45289504
2008-12-19,61.83843,62.292849,61.749362,62.182907,55.934122,82305308
2008-12-22,62.286551,63.009433,61.937458,62.59896,56.311141,35783299
2008-12-23,62.610292,62.95921,62.42542,62.599673,56.312708,44525324
2008-12-24,62.714073,62.799343,62.316196,62.374067,56.110681,60080376
2008-12-26,61.965359,62.635526,61.674853,62.36322,56.102767,35086197
2008-12-29,62.052312,62.765714,61.631049,62.397166,56.136071,36800286
2008-12-30,62.476328,63.345261,62.305375,63.287359,56.937875,45826011
2008-12-31,63.056666,64.038294,62.948299,63.898604,57.48874,38904439
2009-01-02,63.90843,64.435633,63.747848,64.17574,57.739972,40204063
2009-01-05,63.954317,64.014827,63.13394,63.471585,57.109246,58185607
2009-01-06,63.434142,63.639443,62.636867,63.034053,56.716504,39076848
2009-01-07,63.248236,63.91134,63.115325,63.455682,57.096813,39819690
2009-01-08,63.58919,64.349251,63.395457,63.93388,57.528036,30801938
2009-01-09,63.99869,64.119349,63.659411,64.082431,57.662651,40401810
2009-01-12,63.773857,64.401589,63.286106,64.275997,57.839676,36652748
2009-01-13,64.322924,65.121478,63.946358,64.638532,58.166864,53369720
2009-01-14,64.771924,65.458979,64.684953,65.232686,58.702494,50482284
2009-01-15,65.458427,65.489968,64.707111,64.750311,58.269366,44236790
2009-01-16,64.595008,64.86047,63.698642,63.944998,57.545602,43474895
2009-01-20,63.698145,64.935485,63.497747,64.467804,58.019901,51994010
2009-01-21,63.897185,65.11367,63.833118,64.76216,58.285773,57391376
2009-01-22,64.609635,65.135894,64.541949,64.875372,58.388623,93804522
2009-01-23,64.457216,65.330649,64.244896,65.253147,58.729589,37552195
2009-01-26,65.652593,65.827845,65.431146,65.651947,59.091432,59347259
2009-01-27,65.482751,66.337654,65.229815,66.048626,59.449448,63807227
2009-01-28,66.122756,66.225914,65.244701,65.581982,59.030398,47761237
2009-01-29,65.737384,65.819202,64.796001,65.304071,58.781216,62251752
2009-01-30,65.660363,66.125535,65.498846,65.958104,59.370896,42589651
2009-02-02,66.204435,67.411393,66.02399,66.722188,60.061632,57101414
2009-02-03,67.021494,67.433288,66.781321,67.24647,60.534571,52771213
2009-02-04,66.885483,67.114423,65.966027,67.049799,60.358521,48886828
2009-02-05,66.737789,69.035064,66.338834,68.528802,61.69094,41023253
2009-02-06,68.731648,68.842079,68.155875,68.402558,61.578304,51087966
2009-02-09,68.11293,69.496313,67.905405,69.404158,62.483057,49423622
2009-02-10,69.306497,70.89152,69.149231,70.823811,63.762188,47889987
2009-02-11,70.043332,71.975843,69.606874,71.243802,64.141357,43245600
2009-02-12,71.084482,71.211315,70.476851,70.896365,63.829605,34116221
2009-02-13,71.079798,71.148306,70.34224,70.422098,63.403653,51768148
2009-02-17,70.828967,71.411162,70.782297,70.926402,63.861893,56445568
2009-02-18,70.926797,71.865511,70.602509,71.56204,64.435278,52700344
2009-02-19,71.63547,73.569673,71.349712,73.312652,66.012633,28841042
2009-02-20,73.006108,74.72803,72.8327,73.618289,66.288926,27829702
2009-02-23,73.565769,74.457361,73.386052,73.992021,66.628733,61795367
2009-02-24,73.688607,73.825974,72.984892,73.339344,66.042092,45589135
2009-02-25,73.119528,73.334279,72.893649,72.97364,65.713855,44399704
2009-02-26,73.351871,73.58674,72.934445,73.539291,66.22432,76651235
2009-02-27,73.77845,73.833517,73.534946,73.729006,66.396255,47392778
2009-03-02,73.614014,74.736975,73.292,74.486998,67.082165,59375355
2009-03-03,74.258727,74.549584,74.044237,74.318499,66.931517,41994182
2009-03-04,74.407853,74.497678,72.518902,72.975828,65.723382,64724993
2009-03-05,73.50601,73.973401,72.722282,72.925074,65.678751,53747961
2009-03-06,73.039239,73.926438,72.764071,73.486494,66.185472,34865815
2009-03-09,73.386174,73.785376,71.64188,71.743606,64.618927,58322214
2009-03-10,71.79951,72.685043,70.718218,72.191561,65.023465,37213433
2009-03-11,72.151654,72.402744,71.115809,71.532037,64.430486,49200500
2009-03-12,71.457393,71.834074,71.311412,71.733023,64.612579,28391195
2009-03-13,71.882401,72.128572,71.002237,71.227869,64.158622,53564368
2009-03-16,70.930119,71.232206,70.46085,70.4906,63.497655,48714919
2009-03-17,70.786939,71.087506,70.175331,70.718316,63.703827,52396265
2009-03-18,70.565397,70.976502,70.337715,70.948091,63.911861,26861327
2009-03-19,71.013525,71.089481,69.887502,69.92513,62.991387,72681331
2009-03-20,69.477823,69.754531,68.027403,68.546783,61.75073,43067121
2009-03-23,68.236127,70.068867,67.975372,69.643045,62.741395,48778719
2009-03-24,69.754453,70.839155,69.566375,70.695978,63.691029,44263498
2009-03-25,70.317186,71.709204,69.791168,71.655473,64.556512,46110579
2009-03-26,71.735158,71.833663,70.885691,71.202441,64.149416,45312367
2009-03-27,71.258127,71.561971,70.74236,71.024605,63.990247,59478299
2009-03-30,70.555227,72.185194,70.163991,72.011929,64.882982,73052696
2009-03-31,71.689166,72.122086,71.655967,71.865759,64.752347,27201397
2009-04-01,71.892863,72.676991,69.819345,69.97534,63.050081,25355175
2009-04-02,69.868837,70.26735,69.744398,69.932261,63.0123,24905350
2009-04-03,69.787224,70.806361,69.504511,70.641233,63.652163,44310878
2009-04-06,69.965954,71.08042,69.711955,70.361621,63.40334,51212830
2009-04-07,70.219808,70.606492,69.973842,70.179372,63.240153,56159408
2009-04-08,70.12353,71.348108,70.030582,70.767709,63.771364,29791112
2009-04-09,70.549303,70.996721,70.142539,70.851477,63.847899,49140566
2009-04-13,71.19067,71.881787,70.077545,70.458572,63.498004,54457041
2009-04-14,70.269044,71.877667,69.938737,71.494918,64.433028,32477108
2009-04-15,71.508668,71.759762,70.924834,71.257861,64.220442,33580189
2009-04-16,71.347068,72.200036,71.124844,71.61839,64.546425,72361125
2009-04-17,71.791215,72.437814,70.738504,70.958594,63.952831,59966240
2009-04-20,70.747706,71.019691,70.376637,70.807949,63.820205,41686338
2009-04-21,70.504848,70.759057,69.724655,69.902091,63.004777,51925934
2009-04-22,70.050924,71.340945,69.871867,70.953737,63.953707,54527281
2009-04-23,71.171017,71.308116,70.710515,70.800669,63.816788,47254734
2009-04-24,70.867617,71.768198,70.59893,71.421377,64.377326,36455255
2009-04-27,71.191419,71.580761,70.952969,71.464232,64.419129,50107926
2009-04-28,71.184606,71.326651,70.65393,70.919304,63.928971,41695456
2009-04-29,71.116146,71.362279,69.133083,69.433219,62.590394,35207341
2009-04-30,69.272703,71.152999,69.100987,70.782099,63.807387,29793157
2009-05-01,70.9819,71.657905,69.205412,69.704063,62.836611,57753625
2009-05-04,69.89067,70.272281,68.733877,69.294832,62.470776,73749664
2009-05-05,69.320851,69.508584,68.385916,68.454785,61.71447,47404696
2009-05-06,68.801598,70.913919,68.748729,70.354436,63.428116,52832007
2009-05-07,70.124024,70.737984,69.080307,69.118059,62.314483,41537348
2009-05-08,69.193334,70.600179,68.629542,69.99292,63.104264,27308722
2009-05-11,69.990978,70.9792,69.944859,70.932665,63.954671,52949448
2009-05-12,70.521973,71.362526,69.955596,70.924538,63.948395,35459866
2009-05-13,70.353351,71.506988,70.183473,71.471112,64.442266,40895031
2009-05-14,71.489646,71.862622,69.438068,69.541372,62.703337,29115824
2009-05-15,69.36368,70.181811,67.17509,67.347607,60.726284,44217747
2009-05-18,67.378841,68.435025,67.193092,68.033893,61.34812,65297161
2009-05-19,68.061365,68.268625,67.289031,67.935631,61.26052,29234403
2009-05-20,68.163958,68.435385,67.347999,68.258069,61.552288,69654662
2009-05-21,67.876881,68.582938,67.581761,67.64467,61.000153,29584221
2009-05-22,67.296188,67.511579,65.682936,65.731631,59.275999,64639337
2009-05-26,65.875609,66.3778,64.79035,65.500538,59.071483,41166094
2009-05-27,65.541537,65.832353,62.671379,63.01952,56.834918,51249142
2009-05-28,63.082203,63.222623,62.12197,62.578046,56.437696,39023249
2009-05-29,62.500294,63.214208,61.644357,62.590754,56.450084,34990181
2009-06-01,62.244371,63.16496,61.761222,62.70367,56.55471,39352860
2009-06-02,62.543695,62.979993,61.952789,62.940618,56.769354,37687807
2009-06-03,63.041781,63.09588,62.324003,62.366819,56.252739,46235275
2009-06-04,62.347622,62.975231,61.939838,62.459179,56.33697,49658754
2009-06-05,62.212433,62.415281,60.807263,61.704688,55.657349,31426790
2009-06-08,62.159761,62.186439,61.166539,61.443992,55.424933,61556857
2009-06-09,61.170849,61.683176,60.380116,61.09296,55.109194,35865320
2009-06-10,60.933078,62.53879,60.411778,62.159103,56.071834,60502261
2009-06-11,62.234948,63.152919,62.101364,63.111657,56.932039,37714762
2009-06-12,63.381137,63.526026,63.278826,63.452311,57.240278,61489000
2009-06-15,63.378602,63.549455,62.884382,63.333454,57.135873,36652378
2009-06-16,63.581756,63.727727,63.54738,63.619835,57.395173,61506917
2009-06-17,63.179166,63.869108,62.525224,62.913239,56.758644,55128181
2009-06-18,62.874838,62.965206,62.614963,62.780597,56.639908,30644623
2009-06-19,63.020622,63.242921,61.397255,61.55296,55.533261,43643528
2009-06-22,61.129791,62.126141,60.784671,61.843078,55.797755,73444461
2009-06-23,61.549384,62.350057,61.354256,61.878052,55.830228,56070449
2009-06-24,62.249904,62.360463,61.4299,61.986722,55.929196,48507632
2009-06-25,61.600968,61.85855,61.350701,61.771585,55.735998,46426460
2009-06-26,61.708918,62.514697,61.535537,62.066607,56.003114,35287792
2009-06-29,62.145824,62.756737,61.881068,62.612508,56.498468,43367189
2009-06-30,62.781658,62.835006,62.255956,62.552423,56.445178,23461446
2009-07-01,62.540493,62.681747,61.518625,61.567399,55.557238,85352234
2009-07-02,61.603603,61.717384,60.79141,61.539977,55.533405,28724110
2009-07-06,61.854846,61.911397,61.13898,61.441109,55.447831,41532126
2009-07-07,61.933389,62.569703,61.513983,61.973445,55.929158,26967685
2009-07-08,62.123478,62.974591,62.062921,62.597157,56.492968,55819529
2009-07-09,62.704499,62.783344,62.432813,62.699334,56.58611,32724246
2009-07-10,62.550743,62.682918,61.931672,62.183735,56.121705,49793328
2009-07-13,62.29393,62.377152,61.290794,61.708117,55.695198,71068818
2009-07-14,62.168772,62.533782,61.89264,62.356687,56.281494,24658391
2009-07-15,62.365246,62.538672,61.41398,61.783142,55.764744,43889337
2009-07-16,61.715611,61.826499,61.413797,61.448854,55.46393,34842938
2009-07-17,61.523915,62.053263,61.168805,61.785598,55.768793,52347469
2009-07-20,61.748128,61.934294,61.420368,61.561988,55.569697,52163558
2009-07-21,61.490394,61.71097,61.208856,61.40649,55.430245,44438538
2009-07-22,61.474446,61.758119,61.372307,61.465178,55.484133,57534366
2009-07-23,61.405154,62.365891,61.226042,62.291775,56.23122,57181966
2009-07-24,62.532222,62.57933,62.088972,62.524278,56.442029,51919659
2009-07-27,62.493059,62.981729,62.10007,62.900596,56.784537,86066744
2009-07-28,63.244461,63.499116,63.019187,63.23241,57.085025,27965673
2009-07-29,63.342347,63.663257,62.867795,63.074437,56.943346,27709238
2009-07-30,62.748235,62.826355,62.174775,62.419054,56.352594,42391949
2009-07-31,62.260622,62.426519,62.014871,62.397024,56.333631,68050534
2009-08-03,62.596053,62.928282,62.112192,62.291474,56.241109,50722768
2009-08-04,62.179514,62.780455,61.64005,62.46177,56.39579,42717207
2009-08-05,62.458821,63.691618,62.354819,63.553168,57.38214,45751274
2009-08-06,63.3309,64.692475,63.226042,64.223473,57.988311,53816830
2009-08-07,64.069247,64.134515,63.901443,64.014895,57.800932,70552319
2009-08-10,63.914897,63.975465,62.614569,63.44698,57.290968,59462005
2009-08-11,63.291674,63.788885,63.035037,63.405953,57.254863,42186014
2009-08-12,63.254008,63.49568,62.549896,62.774313,56.68543,36862714
2009-08-13,62.881914,63.62612,62.671922,63.265865,57.130242,22570071
2009-08-14,63.16654,63.351157,62.487296,63.075004,56.958826,34341042
2009-08-17,63.039649,63.747606,62.778157,63.383555,57.240279,62226921
2009-08-18,63.48919,64.325831,63.27708,63.850944,57.663315,25487044
2009-08-19,63.377282,63.806269,62.83502,63.197477,57.074111,27527164
2009-08-20,63.494542,63.739684,62.246759,62.819252,56.733465,25969941
2009-08-21,62.713993,63.337184,62.46783,63.084228,56.973707,30199930
2009-08-24,62.89413,62.994846,61.482344,61.781335,55.799766,60380154
2009-08-25,61.669178,63.211935,61.644147,62.835371,56.752684,42370887
2009-08-26,63.20873,63.721819,62.526415,62.95982,56.866021,39163241
2009-08-27,62.946298,63.295871,62.587785,62.703579,56.63551,39084572
2009-08-28,62.878177,63.466208,62.816048,63.353977,57.223907,45707655
2009-08-31,63.177329,63.622215,63.122329,63.418933,57.285401,76529437
2009-09-01,63.592129,64.031837,63.346517,63.904422,57.724885,60185213
2009-09-02,64.477439,64.5434,63.381288,63.491558,57.352887,62681251
2009-09-03,63.420417,65.008069,63.202434,64.720541,58.464006,37445726
2009-09-04,64.878614,65.058051,64.071052,64.216787,58.009903,38314493
2009-09-08,64.522584,65.182659,64.371406,64.916751,58.646065,54145964
2009-09-09,64.898472,65.0862,64.711078,64.923961,58.653542,35019398
2009-09-10,64.958703,66.002175,64.921547,65.826179,59.4696,53808077
2009-09-11,65.829328,66.642474,65.509048,66.466666,60.049224,47892061
2009-09-14,66.482416,66.775287,65.813652,65.899025,59.539324,44227270
2009-09-15,65.76132,66.070439,65.173297,65.593453,59.264215,41440308
2009-09-16,65.897446,66.36281,64.765635,65.095738,58.815492,43703541
2009-09-17,64.985511,65.969031,64.588211,65.633879,59.302688,64412210
2009-09-18,65.848541,66.059365,64.973888,65.492236,59.17568,63235375
2009-09-21,65.367989,65.633645,64.789598,64.855816,58.603529,49272133
2009-09-22,64.609284,65.010321,64.437715,64.640726,58.410134,26631905
2009-09-23,64.819173,65.244618,64.124246,64.184984,57.999273,29435718
2009-09-24,64.659252,65.289647,63.726489,63.818406,57.668971,46432107
2009-09-25,63.983816,64.921391,63.706237,64.739173,58.501976,48744633
2009-09-28,64.835774,65.14994,63.612189,63.870316,57.719671,22411205
2009-09-29,63.72137,64.717437,63.425247,64.505763,58.294883,47974792
2009-09-30,64.446121,65.101153,64.136575,64.22644,58.043408,45881743
2009-10-01,64.190491,64.525628,63.414191,64.082863,57.914605,38142665
2009-10-02,63.941517,65.125742,63.746703,65.0952,58.830466,43169580
2009-10-05,65.174746,66.054751,65.025638,65.435153,59.140616,36224773
2009-10-06,65.656135,66.312982,65.357183,65.80228,59.473405,27777576
2009-10-07,65.620805,65.680639,65.145906,65.29316,59.014221,45801796
2009-10-08,64.97514,65.455881,64.86666,65.39753,59.109525,52809944
2009-10-09,65.4827,65.686127,64.263038,64.454214,58.257867,57818675
2009-10-12,64.430157,65.668825,64.220297,65.208224,58.942294,26942233
2009-10-13,64.854599,64.973668,64.415908,64.597811,58.391495,47890123
2009-10-14,64.676321,64.81848,63.965608,64.110508,57.951963,33836282
2009-10-15,63.963725,65.628225,63.793938,65.185632,58.924777,86193950
2009-10-16,65.472214,65.544046,64.56744,64.824423,58.599223,39209293
2009-10-19,64.686849,66.174041,64.631723,66.139421,59.790886,41807966
2009-10-20,66.294724,68.689438,65.89031,68.301272,61.746242,48378056
2009-10-21,67.677028,68.943611,67.373768,68.345824,61.787533,24088553
2009-10-22,68.520605,68.630344,67.22851,67.86305,61.352093,50670802
2009-10-23,67.830947,68.94569,67.698212,68.782291,62.18416,34820434
2009-10-26,68.592186,68.968067,67.602067,67.682358,61.192757,29045603
2009-10-27,67.495632,68.48895,67.080159,67.383119,60.923211,33733098
2009-10-28,68.026463,68.765513,67.985635,68.436257,61.876403,24562713
2009-10-29,67.988657,69.793932,67.73126,69.58477,62.915861,23296357
2009-10-30,69.891014,69.922931,69.2913,69.365522,62.718655,50250623
2009-11-02,69.729683,69.919431,68.75797,69.37099,62.726691,33279634
2009-11-03,69.568883,69.60905,69.426983,69.521244,62.863586,63092859
2009-11-04,69.510023,69.551035,68.946276,68.983521,62.378382,33373642
2009-11-05,69.024676,69.881051,68.615718,69.432762,62.78564,46906994
2009-11-06,69.265905,70.567935,68.954914,69.759606,63.08223,33361904
2009-11-09,69.618198,69.91362,69.295914,69.483886,62.835998,48934351
2009-11-10,69.800193,70.270919,69.703509,70.184015,63.470185,42852195
2009-11-11,70.707838,71.631581,70.318056,71.380575,64.553342,40538671
2009-11-12,71.611873,71.717573,71.278253,71.488874,64.652345,28128215
2009-11-13,71.577599,72.189533,71.347093,71.969569,65.08814,61223946
2009-11-16,72.054436,72.933069,71.639611,72.418125,65.497034,32059153
2009-11-17,72.316643,72.568442,71.732798,71.954293,65.078601,60978667
2009-11-18,72.037991,72.103353,71.784385,72.042425,65.159381,35818958
2009-11-19,72.330883,72.394465,71.015999,71.149362,64.3527,41640451
2009-11-20,71.201257,72.771651,70.779014,71.894123,65.027385,38932438
2009-11-23,72.051168,72.381703,71.518652,71.692258,64.847996,36325900
2009-11-24,71.400724,71.598431,70.842036,71.279595,64.475788,41977680
2009-11-25,71.107678,71.374276,70.997241,71.332154,64.52439,21570527
2009-11-27,71.686044,71.873172,70.974393,71.152524,64.364018,54479559
2009-11-30,71.238171,71.415764,70.739291,71.139814,64.355692,52107703
2009-12-01,71.102929,72.14633,70.90544,71.633377,64.803252,52090074
2009-12-02,71.592826,72.213045,71.14732,71.745743,64.90597,29017425
2009-12-03,71.712454,71.976904,71.361608,71.677451,64.845254,41320278
2009-12-04,71.800506,71.967356,71.422287,71.452007,64.642361,74530153
2009-12-07,71.533988,71.79091,71.004829,71.177826,64.397484,62686685
2009-12-08,70.953955,71.781339,70.703775,71.470839,64.663647,45339883
2009-12-09,71.584238,71.831512,71.384512,71.512726,64.702608,53856882
2009-12-10,71.61951,72.149665,71.021694,71.855256,65.013586,22223728
2009-12-11,71.648123,72.827988,71.511887,72.418948,65.524683,38101293
2009-12-14,72.321878,73.037985,72.020992,72.597054,65.689071,63858063
2009-12-15,72.674503,73.536401,72.634339,73.350938,66.372309,36553622
2009-12-16,73.912216,74.164739,72.424411,72.575398,65.671633,48087481
2009-12-17,72.740682,72.897239,72.333053,72.501788,65.606102,59747668
2009-12-18,72.242881,72.54513,72.075173,72.16405,65.30156,32197490
2009-12-21,72.154773,72.57648,71.732338,71.963285,65.123096,61456653
2009-12-22,72.216503,72.600355,72.027467,72.458206,65.572052,64622712
2009-12-23,72.426939,72.786916,72.065459,72.618682,65.718355,36779342
2009-12-24,72.8151,73.164787,72.340858,72.825466,65.906574,54977300
2009-12-28,73.026457,73.67133,72.298877,72.390226,65.516989,31126418
2009-12-29,72.421563,72.823337,71.913132,72.014118,65.177662,68781661
2009-12-30,71.896276,72.789818,71.69223,72.349939,65.482678,42374036
2009-12-31,72.482179,72.89017,72.083127,72.596791,65.70718,36181255
2010-01-04,72.826894,74.222406,72.726694,73.889432,66.88154,54831456
2010-01-05,73.796847,74.964257,73.398169,74.453686,67.393385,30176893
2010-01-06,74.06101,74.711877,73.393798,74.542707,67.475073,55127867
2010-01-07,74.562205,75.25438,74.103279,74.278798,67.237291,49578997
2010-01-08,74.040209,74.397746,73.389373,73.921823,66.915256,51201106
2010-01-11,74.162048,74.445404,73.816255,73.912453,66.910071,67067798
2010-01-12,74.090737,74.654839,73.359982,73.465866,66.506886,87853082
2010-01-13,73.400301,74.80716,73.131286,74.736761,67.658508,53785484
2010-01-14,74.487774,76.01479,74.444183,75.968752,68.774948,50352782
2010-01-15,75.678841,76.915153,75.472726,76.379453,69.147894,75031732
2010-01-19,76.508173,77.769622,76.147551,77.717446,70.36383,51120859
2010-01-20,77.41826,79.230794,76.911378,79.176007,71.685559,47788404
2010-01-21,79.35305,80.071394,78.618343,78.761176,71.311145,44809555
2010-01-22,78.35295,79.72841,77.813393,79.476834,71.960291,41082325
2010-01-25,79.00261,81.326812,78.577008,81.08028,73.415708,75782109
2010-01-26,80.979928,81.95621,80.801459,81.541519,73.834559,53611428
2010-01-27,81.905323,81.989587,81.170072,81.602549,73.891035,35563459
2010-01-28,81.084052,81.66026,80.969758,81.380679,73.691342,43108095
2010-01-29,81.176455,82.144196,81.101687,82.046064,74.295078,26253944
2010-02-01,82.022986,83.089392,81.44801,82.059126,74.310568,29129466
2010-02-02,81.378016,84.296507,81.106486,83.947851,76.022196,53212569
2010-02-03,84.179642,85.827757,83.634107,85.364206,77.306101,55618145
2010-02-04,85.524316,85.782449,84.374765,84.833284,76.826558,38689363
2010-02-05,84.984648,85.824518,84.86639,85.547251,77.474412,34848304
2010-02-08,86.294522,86.717646,85.612579,86.19177,78.061957,33360480
2010-02-09,86.504739,86.987148,86.207898,86.306935,78.167543,58182528
2010-02-10,86.324684,87.636971,86.184927,87.100957,78.887979,46981766
2010-02-11,86.899377,87.278252,86.351694,86.635195,78.467424,36395604
2010-02-12,86.398174,87.290407,86.119843,87.252214,79.02757,25537633
2010-02-16,87.456137,88.377173,85.973958,88.27911,79.962922,38727220
2010-02-17,88.341992,88.625007,87.648807,88.092177,79.794909,90685510
2010-02-18,88.077525,89.809113,88.019189,89.357851,80.942701,76899759
2010-02-19,89.784011,90.041865,88.248897,88.60051,80.258,47486171
2010-02-22,88.709643,89.150295,86.871151,87.596652,79.352574,30024493
2010-02-23,87.506321,87.675802,87.130557,87.610732,79.366632,47806305
2010-02-24,87.210826,87.783486,87.020927,87.594243,79.352999,37097903
2010-02-25,88.177462,88.258672,87.705682,88.182943,79.887624,61560219
2010-02-26,88.178614,89.07955,87.801101,88.989911,80.620005,43767388
2010-03-01,88.859469,88.957955,88.403954,88.449905,80.134738,49424311
2010-03-02,88.492273,88.893986,88.067801,88.309654,80.008986,40306292
2010-03-03,88.151527,89.254692,88.109393,89.054765,80.685386,47968061
2010-03-04,88.947853,89.670405,88.238182,89.131676,80.756396,54158101
2010-03-05,89.184728,89.340157,88.529068,88.779985,80.439073,64693833
2010-03-08,88.530341,88.909188,88.1439,88.340457,80.044783,50234646
2010-03-09,88.383108,88.770431,87.318192,87.979606,79.719128,60494535
2010-03-10,88.467223,89.05093,86.629196,87.117598,78.939351,37210255
2010-03-11,87.039923,88.838522,86.215287,88.159212,79.884495,43396042
2010-03-12,87.843566,88.088461,86.464462,86.977462,78.81496,39852984
2010-03-15,87.051177,87.763572,86.995716,87.090922,78.921662,52183045
2010-03-16,87.158796,87.747032,87.006744,87.66273,79.441138,49022344
2010-03-17,87.849002,88.506054,86.594404,86.629049,78.505692,74762404
2010-03-18,86.513905,86.61511,84.526708,85.162313,77.177762,62058054
2010-03-19,85.115026,85.750338,84.943636,85.371114,77.368257,42869761
2010-03-22,85.248439,85.518236,84.768281,85.407685,77.405215,64751450
2010-03-23,85.869577,86.225555,85.555781,86.052199,77.990621,84202105
2010-03-24,85.810013,86.625184,85.673875,86.378263,78.287425,45279419
2010-03-25,86.115365,86.845327,85.741933,86.656566,78.540949,52934061
2010-03-26,86.058794,87.756894,85.891213,87.024115,78.875372,49103193
2010-03-29,87.561483,87.945532,86.933252,87.05349,78.905885,42663547
2010-03-30,87.749225,87.969053,87.106158,87.519759,79.329818,54666866
2010-03-31,86.959156,87.67029,86.860139,87.506708,79.319291,50536124
2010-04-01,87.720061,87.994751,87.549022,87.924127,79.698964,45788547
2010-04-05,87.800176,88.130717,86.658685,86.804308,78.689073,38770831
2010-04-06,87.271408,87.944122,85.418458,85.581478,77.581839,37216738
2010-04-07,85.31723,85.393865,84.311901,84.368821,76.48379,44842159
2010-04-08,84.446859,85.942405,84.307614,85.595523,77.59712,47160521
2010-04-09,86.262638,86.790776,84.464865,85.069266,77.121305,58435240
2010-04-12,84.834012,87.097993,84.273225,86.438483,78.366459,52730681
2010-04-13,86.333112,86.403885,86.034249,86.32808,78.267652,33496535
2010-04-14,86.379593,87.122668,86.063944,86.901259,78.788608,39352766
2010-04-15,86.6115,88.224837,86.432221,87.747088,79.556781,30848572
2010-04-16,87.583994,87.954327,85.714629,86.522617,78.447891,47465361
2010-04-19,86.167843,86.514938,85.54293,86.276426,78.228531,30824720
2010-04-20,85.944453,86.474892,84.208331,85.359259,77.398189,43385151
2010-04-21,84.786924,86.304271,84.705906,85.788697,77.788853,60590780
2010-04-22,85.741042,86.221261,85.465588,86.143759,78.112089,37222217
2010-04-23,85.553259,86.531656,85.387245,86.45139,78.392325,51837922
2010-04-26,86.018756,87.239519,85.730704,87.076497,78.963051,69503267
2010-04-27,87.109267,87.256153,86.673469,86.884775,78.790487,32314803
2010-04-28,86.834705,87.180078,85.988705,86.171245,78.144714,49369616
2010-04-29,86.058579,86.473153,84.872783,85.191114,77.257147,50771528
2010-04-30,85.048055,85.487629,84.381761,84.526644,76.65582,53091029
2010-05-03,84.280461,85.24982,83.93767,85.163898,77.237541,49438781
2010-05-04,84.912083,86.492402,84.75094,86.260592,78.233449,47988193
2010-05-05,85.785868,86.840483,85.196465,86.130033,78.116322,52968674
2010-05-06,85.94955,86.392046,85.057118,85.32337,77.385984,43281616
2010-05-07,85.191902,85.34257,84.621285,85.138285,77.219385,27457365
2010-05-10,85.128052,85.3639,84.011461,84.065087,76.249766,76110853
2010-05-11,84.253536,85.616627,83.984252,85.135144,77.22161,45706575
2010-05-12,85.26745,85.678424,84.740424,85.146144,77.232857,47041035
2010-05-13,85.11761,86.503679,84.974071,86.104549,78.103473,46915123
2010-05-14,86.442861,86.5098,86.163108,86.260763,78.246457,25011005
2010-05-17,86.148224,86.929704,85.948668,86.500648,78.467921,31348105
2010-05-18,86.464614,86.808673,85.686416,86.264437,78.254931,41966632
2010-05-19,85.826561,86.764966,85.664613,86.661737,78.616633,53946188
2010-05-20,86.88894,87.171941,86.29547,86.503318,78.474211,52666366
2010-05-21,86.616765,88.394824,86.541438,87.823692,79.673338,64597363
2010-05-24,87.744856,87.910082,87.521902,87.690086,79.556052,59759881
2010-05-25,87.66333,87.736318,86.88384,87.37967,79.275731,68758831
2010-05-26,87.801454,88.172228,87.267273,87.488171,79.375474,37444987
2010-05-27,87.721265,89.167156,87.190081,88.796499,80.563805,42221818
2010-05-28,88.899098,88.987674,88.101152,88.327465,80.139574,86637639
2010-06-01,88.424562,88.818467,88.06487,88.600771,80.392827,54111245
2010-06-02,88.824738,89.041966,88.621742,88.869914,80.638362,53533348
2010-06-03,88.844923,89.614527,88.547603,88.964442,80.725459,43816918
2010-06-04,89.059896,90.020913,88.863271,89.841692,81.522807,31381036
2010-06-07,89.816537,90.866555,89.020156,90.480599,82.1066,46133500
2010-06-08,90.629343,92.288778,90.213371,91.667129,83.184684,48293338
2010-06-09,92.272306,92.494647,92.063077,92.262701,83.726519,42839105
2010-06-10,92.410842,92.797762,91.938483,92.735953,84.157368,35348765
2010-06-11,93.100643,93.864125,92.445033,92.929754,84.334627,42736225
2010-06-14,93.158452,93.402305,92.208895,92.416573,83.873043,29069326
2010-06-15,92.466291,92.77198,91.902206,92.179304,83.659083,44909919
2010-06-16,92.363076,92.677813,92.110946,92.37825,83.841018,26188248
2010-06-17,92.306175,93.419194,92.10667,93.311052,84.689005,75767265
2010-06-18,92.80172,92.938765,92.454118,92.86202,84.282849,69805532
2010-06-21,92.887485,93.893804,92.826814,93.646012,84.998599,52280123
2010-06-22,93.764453,93.895975,93.25574,93.517069,84.882957,23017624
2010-06-23,93.711259,94.503586,93.365234,94.234623,85.535667,60842612
2010-06-24,93.873063,94.944839,93.510816,94.864007,86.108366,139924130
2010-06-25,95.001388,95.391716,92.72635,93.807274,85.150566,60818436
2010-06-28,93.935362,94.468782,93.548066,94.042925,85.368677,39018533
2010-06-29,94.094752,94.353181,92.935442,93.452415,84.834027,44735288
2010-06-30,93.436134,94.407523,92.917326,94.367313,85.665959,55298332
2010-07-01,94.632142,94.749123,94.073629,94.333829,85.636969,27232866
2010-07-02,94.195088,94.621017,93.27229,94.058911,85.388799,65132703
2010-07-06,93.972369,94.506843,93.900665,94.17355,85.498489,41377160
2010-07-07,93.896575,95.122295,93.723678,94.691721,85.970339,58005446
2010-07-08,94.221609,94.406523,93.121665,93.468575,84.861242,41656545
2010-07-09,93.837496,94.942105,91.162538,92.628599,84.1,27872313
2010-07-12,92.630601,92.700035,90.829575,91.949497,83.487539,38972674
2010-07-13,92.371159,93.598612,91.579777,93.236859,84.657817,29351667
2010-07-14,93.42484,93.700222,93.033982,93.608602,84.996752,40491301
2010-07-15,93.426686,93.806927,92.722706,92.811432,84.274305,55831078
2010-07-16,92.755513,93.016927,92.54173,92.677294,84.153887,45109019
2010-07-19,92.95739,93.848002,92.361659,93.271605,84.697714,43740399
2010-07-20,93.272614,93.337806,92.151502,92.324024,83.838616,39562181
2010-07-21,92.705017,92.98784,92.155297,92.595022,84.086088,39809635
2010-07-22,92.489986,94.46776,92.436085,94.291995,85.628526,64925784
2010-07-23,94.891535,94.995397,92.425981,93.121863,84.567294,81619725
2010-07-26,93.237809,93.276647,91.424275,91.800532,83.371455,30204380
2010-07-27,91.551942,92.394478,91.41338,92.356976,83.878184,43103912
2010-07-28,92.045878,92.711535,91.505793,92.529614,84.036353,43742211
2010-07-29,92.482783,92.696614,91.848779,92.617899,84.117917,37852728
2010-07-30,91.906295,92.449973,91.175956,91.236098,82.864291,38725413
2010-08-02,90.9803,93.361373,90.768047,93.201843,84.653832,41162231
2010-08-03,92.471554,93.868914,92.027675,93.63876,85.052074,53555880
2010-08-04,93.418056,94.081093,93.04694,93.564789,84.986282,51814912
2010-08-05,93.901136,94.417745,91.175031,91.784125,83.370248,50575796
2010-08-06,92.197298,92.447972,91.605963,91.845618,83.427474,31187681
2010-08-09,92.023471,92.937219,91.630937,92.25244,83.801139,48415897
2010-08-10,92.126408,93.748358,91.531837,93.588799,85.01647,32413961
2010-08-11,93.90357,94.219463,91.551388,92.322091,83.867164,36371477
2010-08-12,92.908731,93.141987,92.377197,93.035217,84.51637,51412362
2010-08-13,93.065101,94.221745,92.798357,93.879237,85.284508,50361155
2010-08-16,93.825594,94.399464,93.66941,94.056821,85.450044,78515887
2010-08-17,94.290971,94.734151,93.77729,93.97501,85.377123,55121189
2010-08-18,94.007309,94.201618,93.293305,93.472409,84.9219,31600263
2010-08-19,93.681415,94.041519,93.538581,93.576736,85.01808,60616377
2010-08-20,93.126963,94.3348,92.368854,94.050936,85.450313,37583469
2010-08-23,94.192627,94.731907,93.810935,94.317581,85.696798,77597032
2010-08-24,94.009128,94.8109,93.771643,94.664486,86.013407,31267517
2010-08-25,94.505881,96.674236,94.1745,96.206728,87.416145,40834768
2010-08-26,96.494792,96.896581,96.186095,96.308529,87.510081,43664054
2010-08-27,96.030522,98.395816,95.876946,97.880976,88.940336,43998976
2010-08-30,97.788159,99.768889,97.165886,99.457765,90.377552,40664792
2010-08-31,99.591889,99.845603,98.578443,98.853754,89.830161,41915867
2010-09-01,98.638733,100.627363,98.276508,100.008558,90.881045,41904223
2010-09-02,99.733579,100.163582,99.55529,99.963213,90.84133,56121267
2010-09-03,99.05746,101.060299,98.753334,100.42275,91.260433,28310357
2010-09-07,100.376933,100.506054,97.792713,98.873035,89.858014,56289059
2010-09-08,98.622956,99.524354,98.434725,99.210081,90.16581,69433366
2010-09-09,98.923763,100.191409,98.828636,99.660272,90.576448,49742758
2010-09-10,100.093593,100.366244,97.946191,98.530097,89.550757,41606054
2010-09-13,98.380312,98.715351,97.14786,97.388139,88.517232,54983909
2010-09-14,97.445068,99.824967,96.765975,99.334671,90.287941,44545550
2010-09-15,99.088866,101.401858,98.955534,100.677479,91.509958,49882615
2010-09-16,101.018234,102.661825,100.681803,102.282009,92.969909,38417772
2010-09-17,102.06286,103.170185,101.019721,102.997558,93.621851,34392241
2010-09-20,102.999499,103.53641,102.709491,102.92194,93.557726,45825905
2010-09-21,102.476329,103.577371,101.974922,103.449402,94.038743,36106929
2010-09-22,103.387316,103.610114,102.687425,102.862294,93.506579,48537544
2010-09-23,102.798093,103.211751,102.306255,102.94535,93.583618,67164492
2010-09-24,102.590911,104.035437,102.202232,103.654445,94.229777,55497436
2010-09-27,103.777529,104.018356,101.481552,101.962359,92.69611,67267835
2010-09-28,101.392894,104.27879,100.899105,103.676021,94.255584,24188270
2010-09-29,103.914331,106.671623,103.512162,106.133303,96.491172,52922251
2010-09-30,106.128756,107.884342,105.746747,107.121266,97.390979,37474923
2010-10-01,107.176974,107.271782,105.497655,106.015809,96.387519,39734885
2010-10-04,106.27949,108.689633,105.606101,108.294571,98.464177,45605476
2010-10-05,108.307238,108.460987,106.288568,106.913974,97.210501,60633062
2010-10-06,106.659131,108.455463,106.409623,108.377553,98.542865,55104966
2010-10-07,108.002352,109.04125,106.686433,107.232811,97.503603,41586188
2010-10-08,106.586104,107.399205,104.59338,105.642995,96.059609,36982237
2010-10-11,105.753073,106.197264,103.753142,104.826056,95.321476,46373025
2010-10-12,104.869171,105.170827,103.324004,103.537467,94.151271,82683265
2010-10-13,103.344487,103.907843,102.765833,103.316052,93.951471,26718097
2010-10-14,102.667277,103.138907,100.995335,101.229808,92.055837,41771696
2010-10-15,101.771201,101.84639,98.958039,99.956784,90.899674,39311028
2010-10-18,98.811935,99.719469,98.662633,99.258504,90.269114,67401109
2010-10-19,98.486926,98.923733,98.263666,98.494581,89.575847,60242095
2010-10-20,98.558514,99.325488,97.832058,99.098944,90.126965,47213271
2010-10-21,98.69982,99.851269,97.974434,98.838133,89.891244,28335880
2010-10-22,99.159674,100.785957,98.925908,100.276276,91.200703,40111849
2010-10-25,100.326424,100.570692,97.758496,98.186704,89.30465,57694934
2010-10-26,98.440046,98.969389,97.316435,97.451373,88.637294,33926359
2010-10-27,97.109571,97.54748,96.22335,97.205893,88.415469,32191997
2010-10-28,97.525502,99.283109,97.28614,98.375121,89.480433,34698797
2010-10-29,98.004596,100.125404,97.816615,99.892458,90.86207,65529794
2010-11-01,100.132613,100.647541,98.620927,99.00072,90.055385,45021485
2010-11-02,99.281189,99.373374,98.793949,98.917165,89.980857,25705984
2010-11-03,98.29841,98.529302,97.587122,98.443918,89.551835,35973145
2010-11-04,98.315631,99.392185,97.345767,98.535775,89.636868,59681373
2010-11-05,98.524101,98.661985,98.296365,98.370292,89.4878,103228492
2010-11-08,98.353099,98.633182,97.65575,97.78962,88.963944,35972152
2010-11-09,97.410882,98.598744,96.665662,98.495512,89.6076,39442640
2010-11-10,98.791725,99.44069,98.549999,99.336701,90.374368,45386045
2010-11-11,99.066642,99.348688,98.843377,99.210461,90.261,62172980
2010-11-12,99.196325,99.790492,99.100328,99.349344,90.38884,47207562
2010-11-15,99.574858,101.090749,99.292762,100.689294,91.612452,57506119
2010-11-16,100.759148,100.991953,100.69472,100.797082,91.712029,58667243
2010-11-17,100.394992,101.790314,100.162014,101.170604,92.053397,36076422
2010-11-18,100.68468,101.131939,99.99534,100.425343,91.376798,64614617
2010-11-19,100.683522,101.272304,99.514872,100.251256,91.219895,54331148
2010-11-22,100.233422,100.525037,100.104672,100.471547,91.424846,52973549
2010-11-23,100.842068,101.086473,99.957676,100.034435,91.028588,26372395
2010-11-24,99.694556,100.104165,97.356815,97.538384,88.758709,53504619
2010-11-26,97.258214,99.062228,97.07285,98.645667,89.769271,32069512
2010-11-29,98.973622,99.442163,98.132287,99.037133,90.129953,38219618
2010-11-30,99.183639,100.979608,98.197199,100.621156,91.573018,54988153
2010-12-01,100.738839,101.145054,100.503162,101.04365,91.95903,53934783
2010-12-02,101.294303,101.372377,100.352973,100.512329,91.476982,45438215
2010-12-03,100.621749,100.672972,100.200694,100.506419,91.473105,23988119
2010-12-06,100.715593,101.379916,100.61508,101.217273,92.12461,49766958
2010-12-07,101.042025,102.246181,99.889711,101.808579,92.664319,17394796
2010-12-08,101.713848,102.059529,100.746273,101.203004,92.114649,45916301
2010-12-09,101.49557,101.683557,100.787889,101.293748,92.198758,32450897
2010-12-10,101.207782,103.639787,100.668983,103.328192,94.052078,71401133
2010-12-13,103.285163,104.768843,103.054733,103.669922,94.367781,38116352
2010-12-14,103.408824,107.213127,103.050841,106.662583,97.093509,42604300
2010-12-15,106.392639,108.646477,106.107732,107.209734,97.593177,40631809
2010-12-16,107.964146,108.457302,106.581109,106.834496,97.253195,45856669
2010-12-17,107.071451,107.275779,104.327454,105.065232,95.644176,40469711
2010-12-20,106.106713,106.696166,105.516977,105.988101,96.489047,40395465
2010-12-21,105.913128,106.588119,104.62163,104.94536,95.54133,53083303
2010-12-22,105.090124,105.308382,104.516923,104.568719,95.200004,50828913
2010-12-23,104.501224,104.958113,102.379258,102.866691,93.652005,99747939
2010-12-27,102.8668,103.530411,102.426254,103.462946,94.201038,43542121
2010-12-28,103.376991,104.197669,102.492533,102.672253,93.482663,52795335
2010-12-29,102.686554,102.898969,101.366327,101.500288,92.417111,75058285
2010-12-30,100.851633,101.201733,99.314047,99.884599,90.947503,70584289
2010-12-31,99.505648,99.898994,98.531844,99.732766,90.810747,38833786
2011-01-03,100.289442,100.594962,97.638279,97.812847,89.066972,55690419
2011-01-04,97.78256,98.509424,97.203299,98.143764,89.369768,32361634
2011-01-05,98.137784,98.518439,95.738699,96.571411,87.939427,69587692
2011-01-06,97.232559,97.645287,96.986785,97.604917,88.882014,31433177
2011-01-07,97.212415,97.887087,96.607553,97.579447,88.86028,60916376
2011-01-10,97.308158,98.318988,96.039741,98.13885,89.374102,45503901
2011-01-11,97.715166,99.5735,96.950528,99.126977,90.275463,31795339
2011-01-12,98.808141,99.247386,98.247533,99.168413,90.314682,29843299
2011-01-13,98.587319,98.665084,97.395639,97.918972,89.178256,70117499
2011-01-14,98.661223,99.084962,96.099587,96.78496,88.146919,45672780
2011-01-18,96.941029,97.514511,96.817907,97.122535,88.460178,65829551
2011-01-19,97.888371,98.336649,97.358365,97.760689,89.042878,57558494
2011-01-20,97.939448,98.227447,97.192391,97.899217,89.170517,56713267
2011-01-21,97.767001,97.962295,97.578818,97.859168,89.135503,38825553
2011-01-24,98.222551,98.863778,96.939528,97.441759,88.759678,53519097
2011-01-25,96.836285,97.203127,96.518646,96.740243,88.122115,45167416
2011-01-26,96.52133,98.216314,96.408875,97.190336,88.533566,72497741
2011-01-27,97.024112,97.655264,96.939452,97.261582,88.599922,32073779
2011-01-28,96.550268,96.78837,95.838557,96.307854,87.732569,52937146
2011-01-31,96.30031,97.068208,95.956124,96.699766,88.093927,55364208
2011-02-01,97.273688,97.636414,97.202496,97.399169,88.732543,82907513
2011-02-02,96.735072,97.325098,96.209526,96.957799,88.331898,46708385
2011-02-03,97.043324,98.5379,96.894942,97.99864,89.281606,41146331
2011-02-04,97.703556,98.87977,97.462416,98.725675,89.945449,76735010
2011-02-07,98.505315,98.80336,98.324514,98.397879,89.651224,60374989
2011-02-08,98.719569,100.280187,98.20207,99.75164,90.886141,30017252
2011-02-09,100.203439,101.150538,99.496799,100.639311,91.696425,39130317
2011-02-10,100.384665,100.946245,100.333281,100.777961,91.824264,51370688
2011-02-11,100.698126,102.761734,100.352111,102.431022,93.33199,24326955
2011-02-14,102.145801,104.247061,101.778152,103.815757,94.59838,67257946
2011-02-15,103.946357,104.154261,102.099962,102.394797,93.305113,50530621
2011-02-16,101.679343,102.357663,101.535797,101.695016,92.668975,62823755
2011-02-17,101.673549,102.316609,101.454456,102.259119,93.184542,33592919
2011-02-18,102.456599,104.547479,102.397589,103.936194,94.714347,95125468
2011-02-22,104.44501,104.990698,102.799327,102.860236,93.740014,58856438
2011-02-23,103.35059,103.80431,102.571664,103.131852,93.989091,22547526
2011-02-24,102.580323,104.136071,102.156173,103.992736,94.775213,45168280
2011-02-25,104.061728,105.644187,103.361843,104.967382,95.665042,50247289
2011-02-28,105.309286,105.854524,104.120624,104.876397,95.586831,35410282
2011-03-01,104.485545,104.867289,102.482415,103.92106,94.717669,55417967
2011-03-02,103.616411,105.229464,102.853407,105.077269,95.773056,39998387
2011-03-03,105.579073,105.939141,103.250383,103.766826,94.580202,41469597
2011-03-04,103.705496,104.41974,103.586977,104.260401,95.031641,46001706
2011-03-07,104.88101,105.557261,103.729172,104.11817,94.906677,42762834
2011-03-08,103.876284,105.499239,103.672656,104.862308,95.58655,37256244
2011-03-09,105.150795,105.548565,105.086439,105.280112,95.968973,33632051
2011-03-10,105.455266,106.041247,105.315617,105.974326,96.603376,76294032
2011-03-11,106.121727,106.838689,105.509796,106.58452,97.16121,54917420
2011-03-14,106.200352,107.0262,106.11618,106.88807,97.442724,51432596
2011-03-15,107.530104,107.822605,106.584308,106.93052,97.483024,110708493
2011-03-16,106.717988,108.344156,105.856744,107.234716,97.761949,42230613
2011-03-17,107.647301,107.746148,105.901151,106.266614,96.880958,42916122
2011-03-18,106.075301,106.377312,105.56512,105.871404,96.522239,57873131
2011-03-21,106.268493,106.583988,104.783084,105.568223,96.250574,31491871
2011-03-22,105.845271,106.737092,105.700664,106.213227,96.84024,55225011
2011-03-23,105.594603,106.70361,105.44208,105.940161,96.592858,48899142
2011-03-24,105.781996,107.616812,105.527301,107.372568,97.900489,40179833
2011-03-25,107.58187,107.734103,106.363952,106.653158,97.246141,57092905
2011-03-28,106.490703,107.135955,105.545347,106.871153,97.449711,59272068
2011-03-29,107.106249,109.025165,106.938164,108.285447,98.740947,42508664
2011-03-30,108.281153,108.378359,105.684406,106.099739,96.749481,44396556
2011-03-31,105.994336,106.431494,105.185648,105.682092,96.370223,32085722
2011-04-01,104.921348,107.601805,104.596121,107.027135,97.598354,53591061
2011-04-04,106.865934,107.62158,106.51506,107.204648,97.765047,54124885
2011-04-05,106.413654,108.481986,105.937754,107.967579,98.462417,81553672
2011-04-06,108.051763,110.171568,107.521122,109.770229,100.108012,41716448
2011-04-07,109.496778,110.015442,108.183516,108.907127,99.322514,36636040
2011-04-08,109.21136,109.629795,108.810376,108.873101,99.293113,69812708
2011-04-11,109.021883,109.219567,108.108752,108.503607,98.961009,31480439
2011-04-12,108.482213,109.262403,108.413738,108.900532,99.324657,29797242
2011-04-13,108.933839,109.5723,108.796257,109.129984,99.535567,54318432
2011-04-14,109.636419,109.825678,109.393741,109.666591,100.026641,46818569
2011-04-15,109.370684,111.299221,109.126898,110.46731,100.75863,35086707
2011-04-18,110.661952,111.960721,110.613602,111.326274,101.547106,38635599
2011-04-19,111.518078,113.425563,111.463337,113.319794,103.367209,54140734
2011-04-20,114.075425,114.648658,112.172311,112.546174,102.66322,42161908
2011-04-21,112.440284,114.196057,112.316331,113.049924,103.124428,49310929
2011-04-25,113.495715,113.950363,111.772906,111.983968,102.158773,70761429
2011-04-26,112.178057,112.951657,112.121375,112.270515,102.421862,36635291
2011-04-27,112.208635,113.738658,111.575808,113.644577,103.67709,38477270
2011-04-28,114.249916,114.740727,113.04475,113.92271,103.932536,76997200
2011-04-29,113.614189,113.89554,112.68594,113.092011,103.176379,50438837
2011-05-02,113.875757,115.050956,113.199169,113.972294,103.984605,43636452
2011-05-03,113.65368,114.377835,112.835877,113.797798,103.827106,48834913
2011-05-04,114.380602,115.31602,113.530465,113.634819,103.68011,35588413
2011-05-05,113.256488,113.646591,111.834896,112.05267,102.238241,39837199
2011-05-06,112.192905,113.218452,112.088654,112.768263,102.892847,30409959
2011-05-09,112.676707,113.300727,112.309186,113.126373,103.224683,39922711
2011-05-10,113.103833,114.827142,113.02991,114.724095,104.68428,34495822
2011-05-11,115.334795,116.226709,114.813368,115.968242,105.821287,54662476
2011-05-12,116.000652,116.581615,114.827026,116.157009,105.995278,61129731
2011-05-13,116.032684,117.321287,115.152872,115.485958,105.384664,76784318
2011-05-16,115.42427,117.41241,114.999183,116.53492,106.347116,50762570
2011-05-17,116.211482,118.553355,115.101019,118.454627,108.100773,50542673
2011-05-18,119.128533,119.775022,117.650667,118.066864,107.748673,43939664
2011-05-19,117.459584,118.080022,117.178422,117.695732,107.41174,22061027
2011-05-20,117.511369,118.526905,116.920473,118.322844,107.98583,64428109
2011-05-23,118.187101,119.263054,117.637897,118.652251,108.291796,34938180
2011-05-24,118.784571,118.872808,117.413141,117.472294,107.216631,62713286
2011-05-25,117.48308,117.570775,115.077891,115.541984,105.456575,36801377
2011-05-26,115.56733,115.963221,115.490218,115.672575,105.577502,49367515
2011-05-27,115.077389,116.39024,114.626736,116.101814,105.97102,42010493
2011-05-31,116.462138,117.107541,116.048847,116.607729,106.439784,42994135
2011-06-01,117.038719,117.505871,115.81121,116.468843,106.314755,28915226
2011-06-02,116.335573,118.577867,116.200201,118.506769,108.176786,53149221
2011-06-03,118.979011,119.25986,117.643319,118.106523,107.8132,40923566
2011-06-06,117.630623,119.417631,117.309959,118.674237,108.336774,45672760
2011-06-07,119.126625,120.163518,117.668216,118.093857,107.808721,34747857
2011-06-08,117.644417,118.469267,116.968832,118.129863,107.843363,38019986
2011-06-09,118.156639,118.512696,117.249432,117.381341,107.161781,27625803
2011-06-10,117.293119,117.728618,115.847054,116.553924,106.408149,47360323
2011-06-13,116.380332,117.104463,115.217155,115.306623,105.274611,54821934
2011-06-14,115.488806,116.005437,114.999994,115.897738,105.816036,44926052
2011-06-15,116.036108,116.190859,114.546396,115.217424,105.196629,39229989
2011-06-16,115.235105,115.293259,115.061415,115.228191,105.208188,39230116
2011-06-17,115.982607,116.864314,115.873828,116.513579,106.383549,51946249
2011-06-20,116.529489,116.772825,116.093432,116.231135,106.130891,45188864
2011-06-21,116.785473,116.85942,114.739773,115.006202,105.014127,69515274
2011-06-22,115.279862,115.328922,114.509391,114.947075,104.961862,88741647
2011-06-23,115.298631,116.242156,114.723967,115.080141,105.085094,29452443
2011-06-24,114.873507,116.182073,114.471697,116.124246,106.040258,70557250
2011-06-27,116.133469,117.759277,115.828805,117.263955,107.086274,57463909
2011-06-28,116.633912,118.97434,116.471477,118.297697,108.03207,38928240
2011-06-29,118.655086,119.350863,118.259293,119.037475,108.709437,49358294
2011-06-30,118.751232,119.533346,118.633307,119.309761,108.959889,28434024
2011-07-01,119.27661,119.549992,117.933575,118.245491,107.989715,40746422
2011-07-05,117.433332,119.136723,117.090011,118.594882,108.31592,63594072
2011-07-06,118.33182,119.205937,117.527594,118.501966,108.232835,45290345
2011-07-07,119.148909,119.413554,117.873496,118.4424,108.180208,30947921
2011-07-08,118.119968,118.810991,118.071887,118.653085,108.374419,47342700
2011-07-11,118.525209,118.942474,117.847887,118.71418,108.435565,34636485
2011-07-12,118.483504,119.451698,117.956448,119.293742,108.966737,41300409
2011-07-13,119.337631,122.434787,118.783206,122.186596,111.610996,88697899
2011-07-14,122.872726,124.630864,122.268114,123.979615,113.250685,45474642
2011-07-15,123.873459,125.818978,123.32755,125.570967,114.706209,28918129
2011-07-18,125.351117,126.075933,124.895149,125.206699,114.379095,40895648
2011-07-19,125.079628,125.618036,124.625425,125.311323,114.476552,40348681
2011-07-20,125.517941,126.449496,125.345123,126.256748,115.342127,57590018
2011-07-21,126.919301,128.517993,126.12264,128.033078,116.966819,41206070
2011-07-22,128.212425,128.875386,125.295834,126.360236,115.440461,38588926
2011-07-25,126.611746,127.46304,126.548618,127.369099,116.367876,47059630
2011-07-26,127.169705,127.639775,127.053335,127.126004,116.147685,39824145
2011-07-27,126.774163,127.15454,125.568974,125.621164,114.774685,51029042
2011-07-28,125.823912,126.891699,124.867588,125.251492,114.438812,40181755
2011-07-29,125.550128,125.726231,125.244768,125.524508,114.690143,64258077
2011-08-01,125.568713,126.104881,124.493759,124.846646,114.076411,41225084
2011-08-02,125.045011,125.442189,123.467299,124.861877,114.092202,60914078
2011-08-03,124.962337,125.36651,123.72199,124.104635,113.402137,56295360
2011-08-04,123.413187,125.761261,122.494144,125.173755,114.380937,38684079
2011-08-05,125.01609,125.773021,124.821702,125.674914,114.840772,89947991
2011-08-08,126.046019,126.755284,123.675656,124.243994,113.538803,42444318
2011-08-09,124.579421,124.826187,123.736182,124.357952,113.644809,53106483
2011-08-10,124.897024,125.430406,124.238693,124.606785,113.874076,32414072
2011-08-11,124.831109,126.421984,124.42971,125.973443,115.124912,29908120
2011-08-12,126.198898,127.354916,125.531143,126.584292,115.685056,45726040
2011-08-15,126.558907,127.409294,126.220477,127.293528,116.338958,44515720
2011-08-16,127.387509,128.428721,127.20406,127.29613,116.343247,44078014
2011-08-17,127.630354,127.943979,126.662856,127.244064,116.297572,36863758
2011-08-18,127.637308,127.832815,126.249762,127.298886,116.349589,63456693
2011-08-19,127.477909,129.364533,127.228034,129.128538,118.023807,44187100
2011-08-22,128.589267,130.876919,128.369405,130.33251,119.130111,44466927
2011-08-23,129.732532,130.423723,127.258975,127.863527,116.875263,58881635
2011-08-24,127.648362,129.775067,126.895235,129.441258,118.319352,30697394
2011-08-25,129.754587,130.831196,128.438177,128.7959,117.731378,74134747
2011-08-26,128.162035,132.724864,127.638705,131.29901,120.021424,55644297
2011-08-29,132.053737,134.023254,131.871744,133.788457,122.303073,55604545
2011-08-30,132.801262,133.291064,132.298453,132.964416,121.551771,43840066
2011-08-31,132.843755,133.501245,131.670189,132.352883,120.994715,50002221
2011-09-01,132.168107,132.807548,130.594026,130.877922,119.648296,57579795
2011-09-02,130.631378,131.367974,130.268347,130.696884,119.484755,29889313
2011-09-06,129.79124,130.102358,128.77362,128.86202,117.81504,31009323
2011-09-07,128.020406,129.25941,127.842086,129.190118,118.116951,33623623
2011-09-08,128.296138,130.902134,128.004473,130.440662,119.262268,35742652
2011-09-09,130.560064,131.52981,128.289993,128.465951,117.458713,86892299
2011-09-12,127.80412,129.07491,127.642126,128.853201,117.818589,55524723
2011-09-13,128.425261,128.533652,126.664288,127.195967,116.305186,56128595
2011-09-14,127.755124,127.945761,125.294667,125.94215,115.160616,30317388
2011-09-15,125.31178,125.681028,124.645687,125.60948,114.858311,43558226
2011-09-16,125.578698,126.257951,124.779914,125.744523,114.983684,52099953
2011-09-19,125.646261,125.8202,124.38732,124.970687,114.281702,48152364
2011-09-20,125.043502,125.243659,124.203932,124.310597,113.679939,45799449
2011-09-21,123.814567,123.915611,122.537804,122.971832,112.457508,47354398
2011-09-22,123.142456,123.217498,121.586787,121.857897,111.440647,38159089
2011-09-23,121.417652,122.881392,120.714176,122.390376,111.929445,50327696
2011-09-26,122.5845,123.304242,120.464077,121.36843,111.000317,35829945
2011-09-27,121.775973,122.686167,121.650303,122.206974,111.769063,62659259
2011-09-28,121.91229,122.57487,121.548922,122.194626,111.759606,41170810
2011-09-29,121.781272,122.047207,121.338969,121.626696,111.242001,40605283
2011-09-30,122.179324,122.306312,121.635974,121.831499,111.431149,49472211
2011-10-03,121.857324,121.921991,120.696945,121.419416,111.059717,42412813
2011-10-04,121.548295,121.683902,120.932604,121.079039,110.750201,37228540
2011-10-05,121.120181,121.490049,117.816168,118.130525,108.054989,74093758
2011-10-06,118.056839,119.076864,117.199593,119.004687,108.856381,61827342
2011-10-07,119.365535,120.353552,118.79969,119.807428,109.592467,29560031
2011-10-10,120.309999,120.543277,119.136341,119.276108,109.111825,38834989
2011-10-11,119.725819,119.962163,117.411622,117.942304,107.893456,38614801
2011-10-12,118.03837,118.672301,116.156354,117.13464,107.156367,65419584
2011-10-13,117.266245,119.366541,116.978046,118.291284,108.216258,79877615
2011-10-14,118.758532,119.73019,116.050687,116.545019,106.620476,45148439
2011-10-17,116.302351,117.430803,113.480166,113.836886,104.14809,46287910
2011-10-18,113.493136,114.171346,112.221387,112.305189,102.748445,40589768
2011-10-19,112.358591,113.218938,110.297204,111.284155,101.81597,62841852
2011-10-20,111.055865,111.699832,109.967138,110.510909,101.110173,41398659
2011-10-21,110.353067,111.360312,109.974887,111.192772,101.735705,39844615
2011-10-24,111.411886,112.307321,108.680567,109.065539,99.794313,38107922
2011-10-25,108.902862,109.784907,108.682478,109.626489,100.309226,27095411
2011-10-26,108.835857,110.181965,108.371254,109.941082,100.598734,39138862
2011-10-27,109.780417,110.740925,109.286875,110.443369,101.059999,44961895
2011-10-28,110.442299,110.78631,109.209162,109.916158,100.579232,53473760
2011-10-31,110.01254,110.194596,108.669255,109.577352,100.274149,31585823
2011-11-01,110.196015,110.448312,109.298233,109.857386,100.532058,67492935
2011-11-02,109.55874,110.634238,108.469359,109.008946,99.757278,26175457
2011-11-03,108.817988,110.305975,108.462163,109.851812,100.53026,62222418
2011-11-04,109.971323,111.14568,109.64338,109.828774,100.510829,42768508
2011-11-07,110.109246,110.355292,108.567722,108.693378,99.476662,33388950
2011-11-08,108.818825,109.069456,108.158428,108.269979,99.090793,32244574
2011-11-09,108.643689,109.273021,108.269277,108.756233,99.537458,42934882
2011-11-10,108.658852,109.270673,107.352657,108.23019,99.057632,56048697
2011-11-11,107.462032,110.476708,106.968378,109.511332,100.231844,48157412
2011-11-14,109.624468,110.103822,109.254537,110.013586,100.696501,44671502
2011-11-15,109.234693,110.586682,108.810751,110.216379,100.883777,33709244
2011-11-16,110.022396,111.0111,109.552427,110.082461,100.762854,35485657
2011-11-17,110.795227,111.172332,109.773658,109.962482,100.654685,30268202
2011-11-18,109.966882,111.994668,109.528174,110.993539,101.600137,69336662
2011-11-21,111.618925,111.919324,111.247435,111.427757,102.002634,59171437
2011-11-22,111.986783,112.490498,110.993687,111.39596,101.975202,57613512
2011-11-23,111.533568,112.907618,111.125401,112.233338,102.74345,86800636
2011-11-25,113.033594,113.178956,112.233226,112.333284,102.838324,43660320
2011-11-28,112.939884,113.294301,112.606972,112.687687,103.167855,43311337
2011-11-29,112.495755,114.21154,112.329901,113.39874,103.820544,33412008
2011-11-30,113.205398,114.296952,111.74477,114.13,104.491755,66728829
2011-12-01,114.202187,114.500362,113.866826,113.988452,104.363875,37820917
2011-12-02,113.762359,114.688425,112.685696,114.376503,104.720882,38377889
2011-12-05,114.478345,115.492837,114.206517,114.898521,105.204015,68053944
2011-12-06,114.551207,115.469726,113.594963,113.702898,104.110983,43748673
2011-12-07,113.18265,114.368421,113.059078,114.012225,104.39593,61406909
2011-12-08,114.334751,114.846276,113.755211,114.408423,104.760432,57957735
2011-12-09,114.576208,115.084032,112.950114,113.653108,104.070522,30415503
2011-12-12,113.356299,113.616245,112.694844,113.114777,103.582685,52836162
2011-12-13,112.782744,112.9909,111.782995,111.896635,102.468877,56620737
2011-12-14,111.805172,112.173514,110.787836,111.04051,101.686554,69907079
2011-12-15,111.348652,112.266519,110.650137,110.782304,101.451766,35405204
2011-12-16,110.736614,111.264886,110.12909,110.515409,101.209013,53804584
2011-12-19,110.426399,111.452909,110.380024,111.172032,101.81536,37953096
2011-12-20,111.041124,112.381033,110.718936,111.863089,102.449938,59247734
2011-12-21,111.067069,112.469959,109.990739,112.27456,102.828473,54232702
2011-12-22,112.208526,113.997371,112.100143,113.658105,104.097325,52397860
2011-12-23,113.854943,114.075607,113.423693,113.743543,104.177287,47609861
2011-12-27,113.43823,114.201805,113.205382,113.92316,104.348654,52631805
2011-12-28,113.770822,114.741,113.093652,113.758216,104.199284,31317639
2011-12-29,113.777365,114.619316,113.705738,114.547401,104.923879,33145980
2011-12-30,114.54538,114.991525,114.36293,114.70297,105.068104,76372998
2012-01-03,114.584793,114.861377,113.195006,113.586662,104.052401,42961042
2012-01-04,113.466807,114.318848,112.871375,113.594485,104.061277,54321570
2012-01-05,113.50072,114.640588,112.532095,114.529156,104.919231,41790199
2012-01-06,114.40755,114.531902,113.407782,113.623698,104.091458,35184914
2012-01-09,113.897458,115.381494,112.996234,113.164888,103.676248,72151499
2012-01-10,113.562074,115.509675,113.225338,115.183181,105.527045,49009346
2012-01-11,115.55131,115.686775,114.237438,114.871761,105.243461,47294363
2012-01-12,114.710118,116.080708,114.559512,115.698523,106.002667,41334718
2012-01-13,115.734321,115.819696,114.616459,114.676854,105.068343,47285666
2012-01-17,114.83326,115.07921,114.475571,114.582897,104.989156,45564599
2012-01-18,113.911795,114.444072,113.848857,114.099658,104.548095,50829680
2012-01-19,113.646695,114.544584,113.351864,114.403733,104.828438,43290402
2012-01-20,114.627034,114.944532,114.303804,114.872179,105.259405,40804763
2012-01-23,115.438746,115.653861,114.633567,114.955545,105.340986,36425391
2012-01-24,114.514592,115.640985,114.318715,115.513422,105.853942,58119688
2012-01-25,115.711226,116.272237,114.105827,114.732811,105.140335,47840764
2012-01-26,115.482338,115.945983,112.641869,113.27379,103.805004,32435235
2012-01-27,113.185736,114.710055,113.068864,114.375443,104.816289,34473114
2012-01-30,113.918573,114.869425,113.567733,114.348753,104.796994,35991741
2012-01-31,113.766886,115.669427,113.138365,115.26585,105.63922,47996843
2012-02-01,115.478563,116.048974,114.569357,114.680076,105.104094,34531791
2012-02-02,114.843784,115.154772,113.404092,113.879545,104.372123,24450596
2012-02-03,113.929756,114.484118,112.279317,113.859868,104.355804,41485748
2012-02-06,113.88239,114.552921,113.764187,113.997877,104.487441,43473009
2012-02-07,114.050942,114.119475,113.104335,113.286735,103.837333,62510583
2012-02-08,112.521211,112.952816,112.068975,112.542639,103.156998,34779730
2012-02-09,112.402517,113.326639,111.9692,113.221956,103.781367,58156782
2012-02-10,113.209791,113.694877,111.954099,112.723675,103.326331,46543077
2012-02-13,112.243916,112.732435,110.900713,111.522261,102.230112,21774900
2012-02-14,112.394397,112.652314,109.870812,110.473212,101.270135,50383197
2012-02-15,110.326708,111.318648,109.807717,110.862058,101.628257,45060645
2012-02-16,110.683233,111.895269,110.35252,111.398489,102.121686,47545642
2012-02-17,111.883263,112.795261,110.554471,110.940551,101.703553,45871187
2012-02-21,110.820187,111.30462,110.604927,111.205164,101.952833,31901630
2012-02-22,110.840851,111.424811,109.173798,109.38776,100.288286,35758068
2012-02-23,109.826185,110.179707,109.657864,110.072531,100.917752,64575234
2012-02-24,110.433906,110.984442,109.841175,110.86579,101.646705,53230448
2012-02-27,110.819825,111.351738,109.275964,109.773741,100.650426,72781889
2012-02-28,109.795144,109.847831,109.198582,109.473292,100.376596,56216532
2012-02-29,109.203443,109.72284,108.55715,109.4776,100.382195,56842997
2012-03-01,109.022171,110.42033,108.483062,110.091189,100.946465,44608595
2012-03-02,109.93926,110.907589,109.349094,110.652521,101.462837,29913404
2012-03-05,110.379466,110.965041,110.069249,110.249527,101.098294,89209036
2012-03-06,110.276779,110.321499,108.354017,108.681593,99.662143,52833151
2012-03-07,108.846099,109.460371,108.107116,108.18277,99.206347,41310563
2012-03-08,107.954211,109.755783,107.394889,108.854672,99.824137,33299128
2012-03-09,108.900556,109.136522,108.177022,108.776875,99.754433,94564029
2012-03-12,108.625425,109.350798,107.827058,109.16499,100.115289,68408616
2012-03-13,108.867763,111.108908,108.410497,110.605506,101.438054,49083241
2012-03-14,110.500605,112.088986,110.284536,111.7373,102.477724,62688253
2012-03-15,111.291085,112.945978,110.745679,112.545491,103.220637,57167358
2012-03-16,112.652988,112.863652,112.176784,112.600336,103.272634,33192384
2012-03-19,112.473273,112.903155,111.872516,112.057039,102.779408,34738983
2012-03-20,112.254511,112.515049,111.533495,112.327487,103.029157,18619831
2012-03-21,112.387292,113.006556,112.126648,112.908367,103.563654,41916984
2012-03-22,112.331334,114.098839,111.67314,113.72167,104.311358,49196495
2012-03-23,113.878238,114.179976,113.630624,113.873123,104.451995,39319386
2012-03-26,113.608025,115.466915,113.387988,114.506472,105.038121,41478657
2012-03-27,114.175701,115.173667,114.014766,114.885116,105.387186,70635765
2012-03-28,114.783422,117.273611,114.266279,117.107222,107.427348,42740616
2012-03-29,117.363376,118.619083,117.042277,118.260821,108.487375,36226550
2012-03-30,117.798583,119.94473,117.466796,119.215006,109.364499,59517465
2012-04-02,119.489118,120.908867,118.923933,120.641389,110.678478,46655544
2012-04-03,120.777398,122.262589,119.594017,121.859718,111.79803,63625643
2012-04-04,121.922136,122.418686,120.65153,121.590338,111.552725,47671197
2012-04-05,121.396592,122.410741,120.835682,122.240485,112.151043,40273389
2012-04-09,121.890691,124.098596,121.288769,123.881388,113.663978,22450973
2012-04-10,123.373776,124.143144,122.072918,124.055195,113.825319,36769956
2012-04-11,124.154331,124.876324,122.85193,122.937578,112.801717,34957559
2012-04-12,122.084015,124.861593,121.941949,124.64023,114.365868,66240103
2012-04-13,124.960816,126.896443,124.367919,126.25808,115.852259,37494033
2012-04-16,125.475117,126.905957,125.132015,126.761613,116.320024,29932767
2012-04-17,126.05107,128.408725,125.269686,127.850622,117.321256,24145853
2012-04-18,128.151745,128.343436,126.975323,127.031263,116.571292,52401640
2012-04-19,126.993878,128.618897,126.592608,127.505293,117.008212,50587402
2012-04-20,127.354816,128.312572,126.645169,127.195602,116.725934,41094707
2012-04-23,127.107769,128.952084,126.454841,126.621441,116.20476,42526398
2012-04-24,127.319733,127.905754,126.071029,126.699228,116.278058,58825442
2012-04-25,127.30545,127.357752,125.826088,125.988804,115.627966,74447346
2012-04-26,125.927079,126.184133,124.470351,125.151733,114.86162,39834962
2012-04-27,124.529966,126.035282,124.335257,125.293878,114.993967,35884174
2012-04-30,125.798134,126.286242,125.344266,125.650593,115.32704,42807757
2012-05-01,125.265827,125.367927,124.594109,124.975305,114.709119,37138104
2012-05-02,125.164948,126.005982,123.74034,124.040113,113.852619,49122834
2012-05-03,123.609387,123.740583,123.549241,123.680656,113.52455,51422952
2012-05-04,123.202059,125.012131,123.116718,124.658347,114.423837,45524029
2012-05-07,124.819228,125.553187,124.493249,125.1531,114.883632,44356072
2012-05-08,124.903656,126.166042,124.198884,125.938404,115.606396,29621496
2012-05-09,125.70673,126.638674,125.647061,125.91409,115.585975,42911876
2012-05-10,126.537324,126.890788,124.150859,124.545417,114.331447,40503753
2012-05-11,124.237866,124.769713,124.065258,124.450281,114.24599,61499817
2012-05-14,124.260281,125.702655,124.151631,124.854102,114.622347,37542940
2012-05-15,124.681431,126.477771,123.95065,125.473747,115.193105,53902673
2012-05-16,125.266405,127.360949,123.826267,127.163757,116.746563,41713751
2012-05-17,126.827935,128.63594,126.237827,127.938589,117.45985,39777018
2012-05-18,128.225847,129.094224,128.15164,128.596385,118.065709,42009218
2012-05-21,128.493185,130.300124,128.391757,130.127204,119.477059,46505112
2012-05-22,130.65638,130.761632,130.584748,130.661272,119.969387,31143368
2012-05-23,130.759065,131.425515,130.12209,130.637247,119.949298,62206099
2012-05-24,130.105664,133.151557,129.838056,131.900249,121.110959,48132619
2012-05-25,132.573077,132.746195,132.223176,132.467945,121.634216,39142742
2012-05-29,132.755142,132.840668,132.116296,132.731591,121.884308,37616404
2012-05-30,132.921829,134.289319,131.862389,134.048183,123.095326,36715404
2012-05-31,134.258809,135.202167,133.75433,134.699367,123.695334,41758956
2012-06-01,134.406918,135.39221,133.369095,135.250501,124.203485,38796399
2012-06-04,134.81112,136.918902,134.279052,136.673837,125.516751,42852626
2012-06-05,137.032969,137.691307,136.634224,137.117273,125.926057,47843101
2012-06-06,137.824129,138.041558,134.654166,135.41944,124.36884,37973258
2012-06-07,135.497389,136.245267,134.265732,135.903956,124.815869,50784380
2012-06-08,136.021959,136.345803,135.071235,135.760259,124.685944,40996392
2012-06-11,135.919285,136.332733,135.024233,135.939152,124.856397,37954707
2012-06-12,135.802432,136.048109,133.858702,134.538711,123.57216,47048140
2012-06-13,134.263017,136.030709,133.878313,135.318562,124.290486,53702373
2012-06-14,135.982786,136.376673,132.929894,133.299836,122.438291,25945576
2012-06-15,132.686516,133.423896,131.806087,132.338644,121.557416,35078265
2012-06-18,132.508874,132.77244,130.917368,131.361017,120.66538,50443222
2012-06-19,131.979488,132.273666,130.754726,130.826556,120.17641,48180676
2012-06-20,130.941462,131.379545,130.013679,130.819877,120.172248,45496814
2012-06-21,130.634011,132.466803,130.060826,132.384085,121.61114,53105223
2012-06-22,132.760967,134.870946,132.525058,134.066088,123.158291,85428275
2012-06-25,133.879834,134.4903,133.630186,134.081856,123.178847,58160906
2012-06-26,134.436165,136.261989,133.805582,135.326621,124.324435,40040104
2012-06-27,135.617925,137.245473,135.044026,136.958015,125.825262,84899965
2012-06-28,136.864204,137.589384,136.06246,136.603386,125.501521,44803011
2012-06-29,137.455559,138.553578,137.347391,137.560622,126.383038,38269761
2012-07-02,138.604317,141.927287,138.142696,140.919681,129.475534,47050269
2012-07-03,141.628733,142.198037,140.623629,140.930157,129.487287,34442970
2012-07-05,140.757109,142.565321,140.03351,142.104188,130.570281,53228559
2012-07-06,142.918192,144.367078,142.844436,144.169069,132.469742,55895499
2012-07-09,145.262015,146.603194,141.942318,142.468282,130.913426,34881932
2012-07-10,141.655615,146.199606,140.370559,144.930105,133.177771,26635275
2012-07-11,145.959904,146.228599,144.558088,144.841753,133.098769,43215046
2012-07-12,144.153968,147.697098,143.783481,147.106391,135.182024,43977145
2012-07-13,146.819491,148.201274,141.198046,142.935362,131.351254,58445193
2012-07-16,142.633406,144.589737,139.084293,139.846886,128.519415,41619653
2012-07-17,140.571756,141.391584,140.013958,140.280201,128.919749,79139777
2012-07-18,140.769514,142.343686,137.360243,138.323628,127.123715,93535489
2012-07-19,138.844054,139.858135,137.003092,137.342215,126.22384,18867955
2012-07-20,137.271058,137.599721,133.927902,134.12429,123.268444,39205562
2012-07-23,135.411655,136.066629,131.085483,131.241224,120.624673,69374467
2012-07-24,131.591126,132.278313,129.011553,130.769819,120.193376,46515171
2012-07-25,130.30133,132.21687,129.779709,132.032013,121.35548,42790387
2012-07-26,131.680343,132.506958,130.223447,132.143241,121.459709,45655014
2012-07-27,132.216303,133.543792,130.374356,130.596318,120.039824,50272968
2012-07-30,130.281617,131.091706,127.393579,128.731719,118.331777,54081598
2012-07-31,129.143973,130.243006,128.235555,129.794023,119.31022,44757339
2012-08-01,129.709427,133.031288,129.116024,132.96835,122.230156,60746004
2012-08-02,133.402171,136.033818,132.125133,135.361037,124.431659,54949922
2012-08-03,135.980172,136.289749,134.023231,134.714752,123.839592,37185530
2012-08-06,134.365346,135.493254,133.923844,135.044239,124.148598,43903211
2012-08-07,135.356845,135.805802,131.788524,133.52606,122.754925,49982547
2012-08-08,132.85544,134.271104,131.9221,132.838433,122.124773,68542440
2012-08-09,132.847888,135.17435,132.326345,134.073548,123.262299,47418401
2012-08-10,135.426738,136.015618,133.001113,133.30825,122.560725,52561146
2012-08-13,133.916104,134.050577,128.553572,128.82809,118.4476,65517904
2012-08-14,129.210915,129.861773,129.117493,129.395376,118.97113,29990017
2012-08-15,129.465952,130.257398,129.038024,129.106495,118.707471,39820361
2012-08-16,128.356674,129.392612,128.155229,128.829083,118.454351,35600208
2012-08-17,129.10758,129.870256,128.439956,129.078142,118.685302,31212572
2012-08-20,128.93387,130.184084,127.128017,127.62105,117.351312,34876501
2012-08-21,127.868195,128.491219,125.392885,125.480503,115.384912,48013485
2012-08-22,125.455474,126.20633,124.44577,125.768005,115.651182,35888783
2012-08-23,125.912838,127.328271,125.317614,126.835837,116.635034,31122649
2012-08-24,127.335176,127.696799,124.439002,124.815942,114.779474,59393564
2012-08-27,125.340269,125.453218,124.019557,124.942272,114.901308,41656366
2012-08-28,125.692574,126.496278,122.130636,123.733631,113.791669,65323032
2012-08-29,123.798833,123.861741,122.327324,123.339718,113.43127,55402429
2012-08-30,123.992478,126.69023,123.622026,126.438327,116.282863,38585098
2012-08-31,125.933762,126.351086,125.765804,125.965644,115.850049,52130982
2012-09-04,126.142753,126.334579,124.637114,125.125353,115.084799,43343710
2012-09-05,124.829498,126.083829,124.423402,125.375527,115.316793,38070030
2012-09-06,125.625842,127.043159,125.345464,126.219341,116.094816,63337889
2012-09-07,126.088398,128.603332,126.027463,127.94301,117.682156,42967709
2012-09-10,127.62076,130.407544,127.367759,129.475575,119.097681,55796395
2012-09-11,129.676926,131.128758,128.594494,130.251104,119.813016,35294567
2012-09-12,130.053767,132.691561,129.583562,131.756336,121.199613,44377381
2012-09-13,132.263949,134.319622,131.406293,131.810934,121.251828,38786045
2012-09-14,132.077896,132.911505,131.631701,132.773329,122.139134,66174658
2012-09-17,132.486133,134.305091,132.040699,134.041602,123.311904,87512656
2012-09-18,134.554251,135.069185,131.672165,131.977828,121.415324,23766357
2012-09-19,132.349687,132.406504,129.485739,130.363959,119.932588,34977827
2012-09-20,129.943951,130.230792,128.187305,129.145412,118.813497,43382188
2012-09-21,128.937857,130.527059,128.839131,130.24514,119.827212,46686195
2012-09-24,129.826418,133.186735,129.346235,133.068354,122.430639,36288796
2012-09-25,132.405661,136.133389,132.161905,134.602466,123.844146,47412745
2012-09-26,134.73781,135.983106,131.873833,132.268813,121.699013,43523489
2012-09-27,131.815741,134.305829,131.123437,133.727121,123.042807,59986266
2012-09-28,132.876868,137.851906,131.850122,137.499666,126.516017,40545052
2012-10-01,138.538617,139.106488,138.068185,138.970681,127.875828,44965837
2012-10-02,139.21465,139.72358,138.125263,138.800908,127.721707,61220348
2012-10-03,137.941365,141.166683,137.657411,139.281137,128.165709,39565683
2012-10-04,138.629412,141.961499,137.97665,141.713385,130.405992,51206428
2012-10-05,142.104991,142.547811,141.611198,142.305838,130.953324,53691360
2012-10-08,142.505027,142.655088,141.583235,141.644376,130.351054,44115875
2012-10-09,142.567321,142.724785,140.039799,140.20211,129.025899,39569098
2012-10-10,139.891647,140.555204,138.980747,139.395407,128.28561,34178119
2012-10-11,140.273387,140.810945,139.701225,140.183981,129.013455,32435375
2012-10-12,140.232914,140.701256,138.287323,138.491092,127.457556,60204745
2012-10-15,138.221265,139.850127,138.157852,139.083344,128.008932,20785544
2012-10-16,139.320519,140.284282,137.245815,138.227704,127.223512,38675034
2012-10-17,138.056854,138.265377,135.452748,135.66192,124.864039,43659714
2012-10-18,135.87858,136.510154,134.770957,134.956504,124.21681,76253990
2012-10-19,134.481191,135.911114,131.424915,132.80795,122.241244,68567906
2012-10-22,132.634524,135.932462,132.117752,134.41124,123.723067,40692640
2012-10-23,133.91118,136.186627,133.090838,135.668772,124.882654,55308412
2012-10-24,135.94175,136.289578,134.062603,134.623202,123.922246,28991024
2012-10-25,134.13795,135.191566,133.926792,134.817404,124.103049,71904892
2012-10-26,134.936139,135.455052,133.759082,134.086798,123.432535,51769972
2012-10-29,134.416768,135.440905,132.413821,133.475583,122.875941,26918437
2012-10-30,133.549315,134.484627,132.408162,132.463198,121.945955,40048722
2012-10-31,132.713326,132.811884,131.138621,131.785475,121.324035,44151280
2012-11-01,131.851988,132.053454,130.381965,131.693714,121.241549,53247801
2012-11-02,131.870315,131.967311,130.593004,131.501964,121.067007,31278005
2012-11-05,130.803272,131.786779,128.164653,128.259494,118.087653,36820778
2012-11-06,127.69631,128.233411,127.200996,127.821493,117.686322,44578835
2012-11-07,128.016256,129.028013,127.223112,128.163063,118.002747,59136645
2012-11-08,129.013861,129.402126,126.484934,127.035661,116.966642,49324441
2012-11-09,127.370658,127.797542,124.466983,124.767864,114.880481,43952246
2012-11-12,124.984845,125.104544,122.285714,123.389129,113.616605,44870248
2012-11-13,123.181676,123.670188,123.025756,123.25272,113.492864,31099517
2012-11-14,123.439465,123.897517,122.086582,122.575396,112.871028,42147060
2012-11-15,122.56682,124.08408,122.057315,123.930228,114.120473,39649942
2012-11-16,124.207351,127.223749,124.12955,126.553494,116.538007,33350874
2012-11-19,126.591328,126.721084,124.991165,125.721731,115.777776,29964655
2012-11-20,125.664271,127.552832,124.333888,126.76339,116.738962,43057950
2012-11-21,127.194137,128.1639,126.633159,127.579367,117.492341,22949070
2012-11-23,127.416265,129.939777,127.354801,129.304696,119.08517,43690803
2012-11-26,129.239605,129.354397,128.456018,128.724057,118.556264,56953310
2012-11-27,128.52359,128.664752,126.511438,127.197493,117.152207,37687128
2012-11-28,126.987225,130.32195,125.923448,129.983151,119.719837,31792980
2012-11-29,130.084226,132.713433,129.144439,132.65139,122.179402,35228519
2012-11-30,132.733415,133.793545,132.344554,132.678691,122.206556,33807160
2012-12-03,132.478653,132.803959,130.161423,130.954225,120.624143,41288056
2012-12-04,130.604748,132.937608,129.750723,132.723194,122.255579,42424850
2012-12-05,131.869451,136.550268,130.703759,136.305075,125.557026,63710485
2012-12-06,136.481637,136.984501,136.231593,136.848813,126.059959,41223932
2012-12-07,136.394922,138.221738,136.29718,137.933203,127.060946,43444534
2012-12-10,138.433462,139.514084,137.795735,138.729786,127.801038,40755118
2012-12-11,138.86257,140.7532,137.736565,140.011438,128.983845,36759705
2012-12-12,139.730143,140.75855,139.4447,140.113945,129.080398,30562116
2012-12-13,140.017957,142.916721,139.735922,142.484945,131.266845,59980726
2012-12-14,141.997347,143.166585,141.452397,142.484663,131.268742,59323625
2012-12-17,142.794906,144.235806,140.758417,143.125824,131.865931,53526633
2012-12-18,143.213796,143.864709,139.163407,139.748732,128.756635,44388686
2012-12-19,140.472989,141.950427,139.884313,140.874163,129.795675,37668474
2012-12-20,140.672742,142.594289,140.315227,142.092161,130.92004,22455741
2012-12-21,141.959168,142.78268,139.576219,141.215221,130.114187,48752689
2012-12-24,141.277611,141.951225,138.323623,138.382459,127.510394,40271163
2012-12-26,138.447209,138.581642,136.219712,136.989071,126.230625,49450843
2012-12-27,137.328393,139.159285,133.071681,134.215997,123.677367,34134071
2012-12-28,134.267887,134.597036,131.431961,131.803154,121.455975,50459285
2012-12-31,132.59759,133.258873,130.140444,130.327379,120.101974,57849389
2013-01-02,131.255506,134.133438,129.980419,133.171721,122.727183,58402810
2013-01-03,132.429451,133.436095,130.391558,131.073686,120.795679,32648219
2013-01-04,130.240037,135.121289,129.679371,134.364373,123.830365,40082711
2013-01-07,134.568537,137.627807,134.150163,136.202291,125.530378,41891463
2013-01-08,136.590084,137.682594,134.980762,135.240716,124.646193,58099302
2013-01-09,136.797497,137.029458,134.172313,134.518307,123.982413,37204511
2013-01-10,134.321296,134.862209,133.43216,133.996126,123.50316,36887497
2013-01-11,133.812272,136.249005,132.685333,132.82849,122.42897,55912336
2013-01-14,132.103801,133.020413,131.796395,132.029557,121.698586,27862050
2013-01-15,132.098101,136.110357,132.020263,135.930945,125.296758,34610499
2013-01-16,136.493083,136.573927,132.171718,133.193064,122.775084,62373347
2013-01-17,133.030303,138.206421,132.652761,137.960836,127.172024,41104577
2013-01-18,138.798975,140.574176,137.370579,139.922699,128.982584,40909031
2013-01-22,140.807291,141.656379,139.56853,141.217592,130.184787,77566976
2013-01-23,141.382993,142.934118,139.912017,142.447732,131.320978,29489514
2013-01-24,140.854312,141.985129,137.818693,140.062951,129.124596,49670016
2013-01-25,138.885314,141.512338,138.411275,139.994359,129.063481,33433472
2013-01-28,139.74722,139.880039,136.296012,136.741076,126.07043,47772801
2013-01-29,135.971392,137.981561,135.16517,137.118742,126.420701,33371187
2013-01-30,135.553302,137.098268,134.704143,135.979836,125.372713,61490709
2013-01-31,136.620844,136.741581,135.654163,136.397269,125.759649,45257783
2013-02-01,136.521705,139.055339,135.697368,138.301633,127.517587,36556369
2013-02-04,137.849676,140.819952,137.538725,139.03559,128.200632,34836356
2013-02-05,140.064523,140.654925,139.384081,139.862951,128.965636,48729031
2013-02-06,140.426541,140.59347,139.479555,139.792804,128.903071,32353296
2013-02-07,139.1337,139.392229,138.637233,138.821775,128.009788,52178438
2013-02-08,138.553837,139.251032,137.880958,138.197049,127.435811,34145021
2013-02-11,137.833689,139.278047,137.525948,139.067844,128.245118,63079036
2013-02-12,138.64201,139.601105,136.938082,138.4079,127.63863,47813178
2013-02-13,138.78629,139.117661,137.586139,138.037882,127.299494,53571283
2013-02-14,137.968358,138.543337,137.360376,138.305682,127.548556,32057872
2013-02-15,138.073622,139.025696,137.950556,138.27836,127.525454,49947210
2013-02-19,139.268147,139.473998,136.098405,136.562988,125.95175,59546764
2013-02-20,136.159521,136.929764,135.494042,135.880572,125.324417,42603917
2013-02-21,136.11078,138.871115,135.384511,137.798349,127.095296,38863607
2013-02-22,138.193327,138.812903,136.350759,137.127396,126.478534,50840955
2013-02-25,137.33294,137.798952,136.506016,136.94381,126.315431,23836193
2013-02-26,137.106291,139.659375,136.394604,139.319115,128.508496,60649881
2013-02-27,138.517681,141.872655,137.506828,141.672288,130.681219,48964596
2013-02-28,141.855863,142.620726,140.172709,140.899703,129.970707,32119895
2013-03-01,140.752698,140.822706,138.775049,139.645451,128.815857,49875468
2013-03-04,139.486309,141.337569,139.233767,140.433982,129.549621,50260495
2013-03-05,141.384746,141.802707,138.371935,138.559865,127.822858,40270594
2013-03-06,139.702889,140.674969,139.498943,140.320278,129.448983,27929165
2013-03-07,140.78406,141.216295,139.337921,139.599934,128.786563,29084544
2013-03-08,139.779615,142.186376,139.271685,141.22932,130.291878,68654348
2013-03-11,141.849157,143.319583,141.684337,143.001052,131.932901,40478235
2013-03-12,143.272762,143.373328,140.318509,141.131891,130.21055,33502245
2013-03-13,142.20656,144.089364,141.930494,143.371043,132.278601,48770405
2013-03-14,143.338936,145.845496,142.734736,145.431472,134.181821,35763673
2013-03-15,145.5325,145.942427,144.784832,145.045839,133.828216,33134901
2013-03-18,144.721334,146.589747,144.614761,145.872266,134.597362,36433129
2013-03-19,146.008532,146.772013,144.734726,146.277582,134.973567,58107853
2013-03-20,147.139994,147.886613,144.847821,145.501138,134.25933,85509823
2013-03-21,145.829499,146.220844,142.96966,143.365966,132.291301,44904824
2013-03-22,143.319741,144.194329,143.031375,143.895294,132.78192,25517451
2013-03-25,144.227343,146.247979,144.142144,145.908142,134.645947,52318535
2013-03-26,146.874193,147.371462,145.902991,146.00274,134.735457,48835693
2013-03-27,145.361699,147.765308,145.080892,147.06597,135.718865,53051867
2013-03-28,146.765826,149.084662,146.054606,148.908754,137.421723,51944573
2013-04-01,149.56362,152.808627,148.82987,151.306815,139.64397,23764130
2013-04-02,150.958229,151.745774,150.387421,150.849284,139.223993,39908274
2013-04-03,151.648689,153.316454,150.972562,152.621506,140.861951,35315877
2013-04-04,152.639074,154.31589,151.972132,153.256063,141.449939,36951277
2013-04-05,153.082291,153.854761,151.029923,151.941528,140.238973,46679654
2013-04-08,151.989128,152.466359,150.541563,150.790592,139.183541,41494999
2013-04-09,151.236794,152.181488,150.865078,152.082417,140.378235,32861040
2013-04-10,151.847928,153.494084,150.543195,153.167087,141.381752,43323173
2013-04-11,153.189187,155.82207,152.196354,154.869782,142.955782,43490281
2013-04-12,154.125013,156.075526,153.737988,155.902882,143.911771,60707382
2013-04-15,156.009448,159.216501,155.506632,158.251194,146.086664,51826973
2013-04-16,158.322635,159.703723,157.973724,159.038218,146.815602,50446794
2013-04-17,159.152956,159.411497,157.285012,158.489389,146.311356,44576156
2013-04-18,158.371451,158.801757,157.005701,157.513846,145.413161,16296370
2013-04-19,156.974363,160.487791,156.421151,159.992052,147.70341,36030885
2013-04-22,160.176765,162.208142,158.931476,161.808316,149.387532,53584982
2013-04-23,161.671922,161.904646,157.783488,159.381118,147.149069,26708223
2013-04-24,159.206616,162.955374,157.957859,161.464873,149.075351,74697288
2013-04-25,162.120584,164.078757,161.951282,163.991238,151.410349,49965302
2013-04-26,164.558365,164.64298,161.075284,161.535399,149.145365,55665999
2013-04-29,161.703254,162.767452,157.793719,158.608889,146.45054,27668443
2013-04-30,157.691472,159.958388,156.595484,159.459938,147.238769,34892287
2013-05-01,159.464941,161.260085,158.634031,160.913419,148.583295,50742223
2013-05-02,160.167033,161.575101,159.368211,161.07808,148.737782,27337174
2013-05-03,160.510528,161.25574,160.442892,161.042298,148.707185,40478560
2013-05-06,160.298899,162.655823,160.139434,162.533523,150.091584,37034982
2013-05-07,161.982663,162.481883,161.211263,161.474223,149.115823,22547106
2013-05-08,162.238826,162.397108,161.162194,161.671159,149.30014,69009360
2013-05-09,161.537165,163.844915,160.786202,163.296729,150.803799,42859141
2013-05-10,163.99027,164.398823,162.968781,164.067888,151.51845,38463027
2013-05-13,163.785641,165.444268,163.695052,164.611142,152.027642,46663415
2013-05-14,164.653955,166.772431,164.328221,166.31629,153.604966,51968482
2013-05-15,167.18799,168.278093,165.557934,166.15539,153.458884,46417731
2013-05-16,166.357021,167.113616,165.281073,165.922196,153.246027,38684921
2013-05-17,166.588705,168.010906,164.739549,167.041072,154.281957,37000864
2013-05-20,167.823453,169.065978,167.000059,168.645363,155.771383,38048462
2013-05-21,168.730264,169.819151,167.630141,168.785836,155.903694,52103030
2013-05-22,167.93112,169.09751,167.247315,168.258292,155.418967,34556121
2013-05-23,167.791426,171.609656,167.087621,170.93365,157.892769,123474354
2013-05-24,170.101358,171.665866,169.320312,170.966867,157.926046,49508085
2013-05-28,172.029078,172.772426,169.452559,170.203181,157.230943,70442044
2013-05-29,169.779927,170.605216,169.096487,170.144238,157.179074,30932632
2013-05-30,170.158971,170.800435,169.316295,169.600265,156.679127,56505951
2013-05-31,169.31602,169.516896,166.625099,167.37474,154.625695,48714526
2013-06-03,167.719888,168.290345,167.250513,167.565516,154.809568,33314645
2013-06-04,167.240727,169.96678,167.105922,168.375493,155.560441,49189391
2013-06-05,169.319473,170.317879,168.585441,168.792061,155.947866,31861917
2013-06-06,169.168472,169.43529,166.501384,167.665427,154.909508,46687544
2013-06-07,167.524117,167.684676,166.478427,166.552242,153.883541,32521441
2013-06-10,166.672721,167.228374,165.074521,165.315031,152.747965,52869507
2013-06-11,165.153601,166.84023,164.984821,166.087701,153.464419,36224730
2013-06-12,167.130744,172.667664,167.04601,170.750882,157.775772,25869503
2013-06-13,170.424309,171.986694,169.529659,170.67772,157.71076,55530308
2013-06-14,169.561245,170.358603,168.364811,170.134126,157.211047,38337356
2013-06-17,169.727329,170.381309,167.246599,168.226878,155.456331,51917349
2013-06-18,167.421113,169.605682,167.11956,168.536914,155.74539,35297287
2013-06-19,167.626644,168.105581,165.428426,165.977133,153.38241,38918359
2013-06-20,166.494306,166.661165,165.13891,165.400529,152.852071,43882524
2013-06-21,166.151148,166.342607,163.978806,164.93895,152.428014,24022094
2013-06-24,164.873742,165.332152,162.916126,163.548819,151.150777,55570660
2013-06-25,163.602066,167.721549,162.95749,165.623119,153.070346,37026844
2013-06-26,164.750467,165.496939,162.989469,163.862994,151.446111,32281848
2013-06-27,162.762676,163.019275,162.125285,162.390366,150.087538,48669999
2013-06-28,162.588994,162.869308,160.138202,161.368407,149.145454,36280535
2013-07-01,161.246533,162.463867,160.778122,161.432202,149.211769,86014199
2013-07-02,160.573424,161.603889,160.095982,160.809751,148.638879,56493309
2013-07-03,161.082043,164.718295,160.845514,164.341517,151.905839,36656043
2013-07-05,163.669282,166.773245,162.607381,166.009927,153.453043,47034574
2013-07-08,165.74035,165.981127,164.192066,165.043615,152.567341,37071984
2013-07-09,166.273222,168.155272,165.708396,168.046327,155.345618,62307614
2013-07-10,168.839531,169.787714,168.609756,169.55405,156.741964,53451406
2013-07-11,169.887801,170.348829,168.841344,168.977023,156.211105,74829790
2013-07-12,169.360592,172.765865,168.732659,171.12626,158.20057,31084476
2013-07-15,170.798211,172.145953,170.68678,171.250044,158.322807,60204354
2013-07-16,171.884533,172.023025,171.36506,171.678957,158.72195,61165659
2013-07-17,171.381151,172.346986,170.443263,171.816993,158.852177,41732084
2013-07-18,172.365887,172.527309,171.342046,171.8727,158.906291,57148048
2013-07-19,171.806402,174.79056,170.86886,174.066242,160.936991,41381695
2013-07-22,174.875026,175.736306,171.134909,173.238363,160.17945,30452501
2013-07-23,172.824923,176.043149,172.577812,175.579644,162.34691,56705038
2013-07-24,174.610937,174.911068,174.47831,174.681406,161.519021,81585368
2013-07-25,174.662431,177.549657,173.621406,176.589548,163.286066,47032855
2013-07-26,176.911087,177.213269,174.24984,175.058884,161.873374,50396277
2013-07-29,174.554341,177.217478,172.963841,175.986526,162.739165,26026083
2013-07-30,176.085081,176.779416,174.129507,175.061987,161.886881,28940053
2013-07-31,174.75719,177.412755,173.866957,176.609288,163.320415,29375036
2013-08-01,175.564881,177.770631,174.975019,176.717728,163.42338,32697790
2013-08-02,176.639137,177.82912,175.429565,175.79814,162.575643,37129242
2013-08-05,175.410354,176.707221,174.298592,176.330249,163.075766,51955947
2013-08-06,177.421094,177.95843,174.462774,175.057771,161.901598,65701549
2013-08-07,174.588949,177.750423,172.970793,177.327462,164.003408,57506142
2013-08-08,178.46677,180.04504,177.153225,179.627748,166.133584,49010353
2013-08-09,179.201022,183.524824,178.625266,182.969826,169.227375,51386714
2013-08-12,183.771676,184.110627,181.055558,182.425534,168.732279,52667159
2013-08-13,183.418943,184.37814,181.431519,182.419311,168.729295,43049900
2013-08-14,183.117171,184.051949,182.303507,183.900227,170.101866,42747620
2013-08-15,183.706979,184.675514,183.438159,183.856171,170.06391,39230076
2013-08-16,184.236077,185.059462,180.954907,181.948141,168.301778,26603036
2013-08-19,181.751827,183.61956,181.51613,181.94304,168.305354,25722760
2013-08-20,181.325967,183.028662,181.13905,182.218852,168.563261,74811695
2013-08-21,182.529604,186.447072,181.405622,185.780985,171.861269,38143120
2013-08-22,185.217356,186.231172,184.270898,185.634708,171.728773,38715080
2013-08-23,185.768672,186.513835,184.617982,185.998841,172.068455,34420937
2013-08-26,185.785314,187.092209,185.218978,186.146135,172.213204,38864014
2013-08-27,185.675182,186.700873,184.644701,186.588039,172.624868,55560633
2013-08-28,187.390459,187.693222,182.25712,182.481513,168.828424,59808543
2013-08-29,182.696379,183.518297,181.03487,182.503446,168.851489,27048815
2013-08-30,183.193764,184.710863,179.509117,180.953822,167.420534,36490922
2013-09-03,180.536054,180.806994,180.265626,180.528388,167.037892,20822521
2013-09-04,181.018025,182.011287,178.50851,180.482023,166.997736,42916095
2013-09-05,179.715952,181.061929,179.068072,179.295202,165.902311,50268607
2013-09-06,177.694202,183.391206,176.479926,183.239371,169.554645,55847008
2013-09-09,183.325171,184.218491,182.526282,182.87121,169.222319,50854414
2013-09-10,183.760578,185.057098,183.440609,183.852887,170.133521,45261739
2013-09-11,183.725779,184.265449,179.491034,181.649464,168.097283,92736948
2013-09-12,181.46672,182.000077,181.38781,181.52627,167.986039,47517120
2013-09-13,182.37547,184.268955,182.106208,182.53103,168.918628,53634017
2013-09-16,182.910905,183.908461,182.261009,182.706977,169.089786,29441454
2013-09-17,182.192385,183.501402,180.197314,180.619453,167.160592,60140851
2013-09-18,180.446779,180.939902,179.85937,180.46825,167.023399,24095107
2013-09-19,180.189636,182.177309,179.755841,181.924728,168.374136,73438878
2013-09-20,181.658512,183.202133,181.225201,182.784764,169.172891,30632419
2013-09-23,182.404922,182.983574,180.771262,181.636226,168.118169,46405299
2013-09-24,182.285755,183.254181,181.885503,182.873704,169.26633,68133960
2013-09-25,182.123687,183.542748,181.148773,183.337419,169.698328,36027702
2013-09-26,183.759513,184.788278,183.585436,184.452857,170.733589,54173545
2013-09-27,184.994155,185.883545,183.266685,183.421998,169.782193,43184986
2013-09-30,183.859902,184.514874,183.074336,184.09664,170.415065,51442102
2013-10-01,183.934303,186.22918,182.947671,185.806706,172.000869,33737238
2013-10-02,185.775306,188.809457,184.888714,187.984233,174.019459,65534523
2013-10-03,187.415137,190.808699,187.244614,189.709433,175.619384,53757005
2013-10-04,189.888079,191.859317,189.367261,190.790611,176.623163,32748421
2013-10-07,190.629985,191.766582,189.711606,191.526694,177.313325,62469090
2013-10-08,191.133855,191.877444,190.778079,191.693484,177.470653,63535121
2013-10-09,192.229261,194.562211,191.928482,193.541813,179.184787,50980904
2013-10-10,193.71309,195.634025,192.807341,195.476605,180.979028,32892814
2013-10-11,195.093943,196.291415,194.446522,195.269239,180.790011,38726061
2013-10-14,195.987666,197.14411,195.548222,196.527832,181.964247,49764913
2013-10-15,196.474519,198.673461,195.364549,198.586498,183.873376,55671358
2013-10-16,198.86318,203.322357,197.808536,202.81976,187.796084,65236427
2013-10-17,202.155725,205.816883,200.86058,204.572331,189.421947,86997575
2013-10-18,203.758972,204.343465,201.079416,203.379301,188.320365,69520443
2013-10-21,202.736054,203.326374,200.456312,201.452494,186.545419,39495733
2013-10-22,201.137614,201.28168,198.755702,199.585007,184.819158,48466405
2013-10-23,198.697866,200.981446,198.156021,200.076893,185.277696,48144149
2013-10-24,199.797913,200.359501,197.389707,198.759153,184.06045,59760578
2013-10-25,198.692568,199.519569,196.266222,197.825164,183.198542,35716911
2013-10-28,197.775794,198.08538,196.629843,196.85749,182.311399,45645519
2013-10-29,196.066844,197.778598,195.887267,197.369375,182.788462,52653672
2013-10-30,197.099125,199.533913,196.290918,198.59395,183.925592,37832657
2013-10-31,198.709531,199.185836,198.050276,198.453496,183.79853,46024312
2013-11-01,198.966348,199.129608,197.512974,197.689071,183.093563,48258429
2013-11-04,197.674931,199.447222,196.46455,197.749837,183.158869,37721569
2013-11-05,197.202774,199.710555,196.599521,199.40316,184.693236,41443647
2013-11-06,199.938629,200.612516,197.696104,200.409427,185.628319,52882911
2013-11-07,199.845487,201.326657,196.737577,197.85015,183.260812,42004623
2013-11-08,196.226866,197.03048,186.97143,191.49165,177.374096,56254814
2013-11-11,189.672958,192.764444,188.246673,188.664823,174.764287,62420600
2013-11-12,187.39023,187.956924,182.0689,185.088479,171.45426,30489644
2013-11-13,186.830126,191.814337,183.424762,185.581495,171.913782,34435939
2013-11-14,184.757256,188.012214,182.170286,185.957184,172.264632,46236429
2013-11-15,185.281274,187.291916,182.168072,184.010967,170.464521,33869794
2013-11-18,185.013741,185.923304,176.866834,178.888533,165.727355,49938632
2013-11-19,178.125188,179.385241,167.812287,168.412255,156.0244,72959750
2013-11-20,168.916558,171.535656,166.800023,169.651948,157.175488,43534735
2013-11-21,171.32383,173.911376,169.752407,173.31606,160.572773,31022892
2013-11-22,175.648272,176.751399,168.136951,169.271129,156.827827,64194498
2013-11-25,167.943023,173.118274,167.829322,171.571516,158.966944,31081853
2013-11-26,173.124787,179.384962,170.209808,179.041292,165.890675,30435703
2013-11-27,180.531727,182.20221,180.428028,181.836431,168.483278,42155223
2013-11-29,181.929855,188.629782,179.242969,185.488294,171.872614,29217290
2013-12-02,186.286448,187.25875,185.690559,186.134199,172.479606,48894160
2013-12-03,186.930595,190.05323,186.542919,189.723566,175.808549,64305824
2013-12-04,192.520081,194.027395,177.516467,182.700434,169.303301,43980259
2013-12-05,181.485024,186.751156,180.569868,185.989392,172.353915,40946724
2013-12-06,187.259753,192.630871,185.389609,190.923902,176.929567,33186215
2013-12-09,190.086683,191.234178,189.461063,190.748424,176.775662,36693719
2013-12-10,189.57029,191.320898,189.229888,190.667107,176.703205,96124256
2013-12-11,190.766763,191.653771,186.041184,186.724045,173.051764,53788290
2013-12-12,182.281083,189.032395,182.197841,187.371887,173.655023,28392243
2013-12-13,185.172942,193.756574,184.799317,193.343724,179.192625,39728906
2013-12-16,189.532716,190.414351,183.292718,184.082875,170.617999,29942056
2013-12-17,185.311489,186.538832,181.219989,181.775505,168.482171,40617147
2013-12-18,178.925429,190.478433,176.336753,189.225021,175.389781,30622260
2013-12-19,187.218329,189.125722,184.261722,185.677642,172.104596,60935917
2013-12-20,184.770454,185.112019,180.14058,180.918265,167.695885,60760094
2013-12-23,181.195252,185.274189,174.982768,175.932981,163.082986,42125130
2013-12-24,176.381583,191.476015,174.911566,185.971553,172.391181,82999296
2013-12-26,185.486452,186.22479,182.930102,184.309545,170.856153,39836517
2013-12-27,186.096459,188.680811,181.950848,184.025329,170.595486,31401895
2013-12-30,185.303529,185.589663,178.737386,179.970612,166.844896,41166367
2013-12-31,180.873743,184.244629,177.987121,181.401176,168.173889,70953684
2014-01-02,182.374222,185.220509,177.678416,179.272181,166.205595,54850978
2014-01-03,179.118573,181.555364,175.176931,177.651324,164.705583,51769274
2014-01-06,181.035597,184.195431,178.005838,183.730438,170.350096,43921468
2014-01-07,183.018166,187.278737,180.866633,185.116539,171.638073,22952781
2014-01-08,185.596572,185.774811,172.99641,174.564784,161.857258,105862744
2014-01-09,174.730521,176.859046,167.649641,169.168676,156.856538,65220169
2014-01-10,169.888987,170.129861,169.373509,169.58323,157.243504,41094003
2014-01-13,166.990939,176.247275,165.646737,172.012964,159.504299,30442224
2014-01-14,169.826574,172.394302,166.116591,169.893494,157.541543,44300986
2014-01-15,170.944855,171.641956,166.62812,167.762239,155.567795,28580113
2014-01-16,170.542165,171.415289,165.144579,167.149322,155.001976,44985579
2014-01-17,168.377984,168.904701,164.4218,164.764212,152.79271,45521277
2014-01-21,165.208438,168.404139,160.767941,162.234156,150.45637,56263349
2014-01-22,160.613386,160.764443,154.694151,158.017241,146.547999,30732152
2014-01-23,159.282482,159.980524,150.405381,151.353469,140.370205,30153577
2014-01-24,148.940347,150.786899,146.588004,150.675009,139.743274,26561474
2014-01-27,150.477963,151.084722,149.413396,150.322932,139.423612,46307680
2014-01-28,151.918996,152.000438,140.882237,142.378285,132.057169,32931432
2014-01-29,141.133514,145.297607,140.981923,144.296898,133.838899,46601575
2014-01-30,142.991019,147.636736,141.986589,147.001264,136.349504,59381873
2014-01-31,145.363745,149.530115,142.336018,149.076886,138.276997,40138098
2014-02-03,148.524311,149.828169,147.314601,147.872964,137.167053,70585623
2014-02-04,148.215369,149.748793,146.277936,147.432116,136.760369,65884402
2014-02-05,145.330821,147.256077,144.077955,144.669378,134.199814,40294337
2014-02-06,143.075151,145.413059,142.834598,144.228216,133.792776,21964031
2014-02-07,143.700048,145.214738,143.54086,144.282845,133.845651,44401611
2014-02-10,143.613646,145.619506,140.329258,141.905164,131.646455,30480949
2014-02-11,141.921373,142.460415,140.209096,142.003536,131.73988,40829530
2014-02-12,142.28303,142.701699,137.061751,137.395409,127.466911,74859003
2014-02-13,137.041601,139.907245,136.47666,138.827261,128.797409,50668385
2014-02-14,139.390381,139.624784,134.290169,134.670373,124.942896,63201419
2014-02-18,135.513157,135.615536,133.330789,134.535993,124.826425,59667566
2014-02-19,135.383725,137.465376,131.740961,131.858101,122.343808,42382616
2014-02-20,131.283509,132.774977,129.135357,132.484616,122.927136,33996464
2014-02-21,129.995396,132.92042,128.370495,131.679372,122.181989,47460056
2014-02-24,129.129291,132.79207,128.15377,131.595306,122.110004,25687271
2014-02-25,132.446358,134.53116,128.77767,129.181285,119.871954,44796886
2014-02-26,130.76235,131.291212,127.285425,128.284607,119.041849,34233450
2014-02-27,129.317289,130.187753,125.48084,126.798241,117.664507,36123976
2014-02-28,126.274691,128.233336,125.752061,127.283919,118.11714,49201915
2014-03-03,125.638334,128.815013,124.456963,126.924027,117.788972,44423326
2014-03-04,127.359452,130.654502,126.382491,129.422753,120.109831,22767569
2014-03-05,129.273145,133.843043,127.933652,131.470652,122.012373,53796758
2014-03-06,132.605785,133.971728,130.608851,131.996154,122.502081,44562604
2014-03-07,130.973535,131.162156,128.151212,130.695404,121.296883,28772564
2014-03-10,129.97124,131.529784,129.280915,130.735915,121.340461,71614175
2014-03-11,130.419342,131.829031,129.906418,130.570625,121.18904,54286243
2014-03-12,131.782262,134.749053,129.677363,129.738291,120.418488,56005985
2014-03-13,130.748834,131.794594,128.429682,129.689343,120.375033,37927236
2014-03-14,130.514698,131.983545,127.461792,129.017997,119.753871,34464599
2014-03-17,128.55649,130.400952,124.30874,124.524756,115.588963,35240774
2014-03-18,125.008909,129.935838,123.866793,128.37927,119.168837,54209705
2014-03-19,128.221968,128.882177,126.048217,126.842067,117.743853,62869318
2014-03-20,126.907147,129.639622,124.857624,128.81203,119.574478,105218225
2014-03-21,127.150597,130.936953,125.819912,129.019563,119.769096,35018882
2014-03-24,130.186719,130.662426,124.880949,124.960699,116.006962,64255093
2014-03-25,125.71565,126.721309,123.09867,124.068076,115.180189,46162797
2014-03-26,123.637798,123.860649,122.784367,123.224727,114.399135,46310534
2014-03-27,123.601693,124.713674,122.878676,123.943196,115.068036,48137226
2014-03-28,124.312441,125.715088,121.727291,122.571437,113.796373,35699330
2014-03-31,122.458953,124.681624,121.614627,123.857894,114.996398,82285195
2014-04-01,124.021055,125.630718,123.513485,125.304451,116.341371,55453159
2014-04-02,126.391612,127.0264,123.318727,125.105409,116.158475,59315027
2014-04-03,124.768742,126.775313,122.356447,122.889275,114.102702,42430571
2014-04-04,122.110667,124.190742,121.229535,123.982257,115.119427,58813255
2014-04-07,124.163744,124.755239,122.835666,123.580292,114.751851,33610664
2014-04-08,123.144916,124.120488,120.003547,120.068698,111.492953,45739619
2014-04-09,120.068258,121.92537,119.74021,120.664571,112.048108,47065917
2014-04-10,120.958234,122.806659,118.870779,120.578318,111.969853,33902143
2014-04-11,119.7017,122.202785,118.516339,122.019857,113.310337,40116119
2014-04-14,122.686015,123.967938,119.167375,120.258701,111.680393,46007163
2014-04-15,119.108294,120.561388,119.021897,119.20538,110.704026,43314870
2014-04-16,119.305659,120.824088,116.343784,118.035758,109.619618,86970892
2014-04-17,118.36757,119.115376,117.284252,117.578998,109.19722,38017176
2014-04-21,116.971463,118.731953,115.39136,116.947936,108.618281,30045599
2014-04-22,116.622834,117.362195,113.901884,114.183707,106.052677,48245034
2014-04-23,114.04002,116.373587,112.976941,115.099277,106.904805,43474238
2014-04-24,116.526638,117.163358,113.196312,113.930135,105.820639,48083669
2014-04-25,114.101309,114.651781,109.47269,109.776717,101.964534,72933372
2014-04-28,110.081219,111.955273,108.722357,111.868386,103.912472,38798605
2014-04-29,111.587868,112.894036,106.322297,106.560671,98.98386,47698643
2014-04-30,106.570637,107.940389,100.852796,102.282022,95.010998,42875009
2014-05-01,100.949642,102.602,100.846249,101.556799,94.338879,64447768
2014-05-02,100.953146,102.221015,99.164862,99.632117,92.55251,68511339
2014-05-05,100.596455,100.802758,97.263033,97.872086,90.922023,40927713
2014-05-06,96.438395,99.383854,95.210286,98.120142,91.153961,32234243
2014-05-07,96.920253,99.75819,95.965263,99.015382,91.987153,47958914
2014-05-08,98.745547,99.096494,97.601006,98.371115,91.390118,71448530
2014-05-09,97.507965,98.648961,96.707768,97.722177,90.788724,31998817
2014-05-12,97.656142,99.289291,97.163229,99.243873,92.206999,64179636
2014-05-13,98.876172,102.37893,97.913101,101.889148,94.666266,32009222
2014-05-14,101.801652,103.179124,101.604708,103.10509,95.797584,75689348
2014-05-15,103.115953,105.924419,102.633802,105.124808,97.675761,57450751
2014-05-16,105.04168,108.014891,104.60168,107.645941,100.019891,56196376
2014-05-19,107.441388,107.7875,106.656985,106.87167,99.305366,28786910
2014-05-20,107.075532,107.598978,106.652343,107.322063,99.725511,45410275
2014-05-21,106.732764,110.435141,106.550589,109.994242,102.210224,42914577
2014-05-22,110.794953,113.467843,110.511448,111.252518,103.381153,47617357
2014-05-23,111.393475,112.966582,111.259301,111.926598,104.00925,48105932
2014-05-27,111.579457,113.948196,111.396201,113.898155,105.848299,36330162
2014-05-28,113.537779,114.230621,113.309314,113.978777,105.924963,42332377
2014-05-29,114.418836,116.038097,113.81595,115.818364,107.636332,42232643
2014-05-30,116.038115,116.480787,114.327265,114.947671,106.828904,50176343
2014-06-02,115.387662,116.305983,114.885795,115.680628,107.515391,38285103
2014-06-03,115.612407,115.843368,113.332162,113.798675,105.768012,57531585
2014-06-04,113.994477,114.268468,112.82531,113.358934,105.361033,33507975
2014-06-05,113.097974,113.257357,112.456216,112.696739,104.747279,58254804
2014-06-06,112.920855,113.856251,111.472895,113.198476,105.215353,44625949
2014-06-09,112.852419,114.632758,112.784814,114.181886,106.134641,54578108
2014-06-10,114.502275,115.723742,114.084551,114.925741,106.827825,52830082
2014-06-11,114.745604,115.046604,114.222222,114.520613,106.452992,33299882
2014-06-12,115.691382,115.934314,113.407114,114.722772,106.642662,53716597
2014-06-13,114.670708,115.465967,114.222034,115.332422,107.211134,30120550
2014-06-16,114.974553,116.47925,114.485171,115.880857,107.726259,53009473
2014-06-17,115.749482,116.817723,115.255347,116.610795,108.406612,49288335
2014-06-18,116.959667,118.357288,116.474259,118.00102,109.700829,57594822
2014-06-19,117.499693,120.745169,117.360026,120.374611,111.9093,34343219
2014-06-20,120.193907,122.458753,119.765663,121.247714,112.722854,39620084
2014-06-23,120.945604,121.777209,120.006489,121.028005,112.524137,44878466
2014-06-24,120.771356,121.273341,119.930012,120.553357,112.084681,43964691
2014-06-25,120.924736,125.177505,120.468177,124.677514,115.921027,43154517
2014-06-26,124.484121,125.693767,123.325348,123.836628,115.141091,26643347
2014-06-27,123.571193,125.309224,122.892273,125.115695,116.332255,25142862
2014-06-30,125.506795,127.627143,125.167642,126.630592,117.746606,41268585
2014-07-01,127.194555,127.512015,125.930524,126.667282,117.782656,54628834
2014-07-02,127.016905,128.99603,126.856809,128.062365,119.081842,35272170
2014-07-03,128.269591,131.829715,128.032739,131.487728,122.269006,49369519
2014-07-07,132.308761,133.508006,130.659868,131.006406,121.829435,27147544
2014-07-08,132.370605,133.15076,127.50509,128.068258,119.09906,43475614
2014-07-09,127.179093,127.703974,126.512884,126.873941,117.990325,50296089
2014-07-10,127.003134,128.626681,125.94043,127.211131,118.305848,64337216
2014-07-11,126.807592,129.983486,125.29622,128.985608,119.958076,74838632
2014-07-14,128.964961,129.324206,127.99593,128.077885,119.119753,41767846
2014-07-15,126.737545,126.901141,125.610059,126.382886,117.545238,53367597
2014-07-16,126.880384,130.132305,126.01781,128.113096,119.156416,99331050
2014-07-17,127.680519,129.095395,127.013316,128.489444,119.508415,51787559
2014-07-18,128.798417,129.796251,127.578593,127.903257,118.965156,39989387
2014-07-21,128.659159,129.191883,127.648332,128.644752,119.660731,50549493
2014-07-22,128.782904,129.80225,127.845548,128.43963,119.471896,50471376
2014-07-23,128.747686,129.189983,126.791394,127.425981,118.530968,31474744
2014-07-24,127.689505,128.855691,126.456279,127.321937,118.436132,34207652
2014-07-25,127.830928,128.982186,125.551271,126.757663,117.913176,32676965
2014-07-28,126.286077,127.322704,124.849875,126.611337,117.782864,58167514
2014-07-29,126.793371,127.87621,126.414212,127.250987,118.379857,65704918
2014-07-30,127.382611,128.579698,126.515146,126.886576,118.042789,49025916
2014-07-31,127.377197,128.611327,126.563981,127.216013,118.351209,38134360
2014-08-01,128.181574,128.981543,125.699207,126.070264,117.287226,72722286
2014-08-04,125.520189,125.711433,123.941018,125.313455,116.588888,32336331
2014-08-05,125.214043,126.234625,125.05496,125.770982,117.016483,36873127
2014-08-06,125.374516,126.691628,124.937604,125.854073,117.095714,32809645
2014-08-07,125.57087,126.854242,125.403763,125.459126,116.730169,31632707
2014-08-08,125.445822,125.597869,121.212269,123.034306,114.475939,52143353
2014-08-11,122.49526,122.725925,122.429561,122.622618,114.098511,48660389
2014-08-12,123.066454,123.941328,119.822649,120.474875,112.101911,45369973
2014-08-13,119.722686,120.232513,119.370122,119.918406,111.585948,46378828
2014-08-14,119.685802,121.61262,119.338548,121.13063,112.715793,35823710
2014-08-15,121.484846,121.869428,119.357852,119.734571,111.418548,53315221
2014-08-18,119.492851,119.578466,116.770566,118.156755,109.955736,34607124
2014-08-19,117.798279,117.953077,116.816246,117.447086,109.297119,44227754
2014-08-20,117.276804,118.657854,116.984682,118.577889,110.351265,49465711
2014-08-21,118.40016,119.935408,118.268689,119.611303,111.314812,80309916
2014-08-22,119.070511,119.522806,117.824769,118.275099,110.073099,45213200
2014-08-25,117.848712,119.009353,117.393766,118.929271,110.68736,33278851
2014-08-26,118.815916,119.099603,118.03943,118.196324,110.007015,72764806
2014-08-27,118.166933,120.428383,117.823707,120.239605,111.910563,47686520
2014-08-28,120.622923,121.003538,118.057556,119.094745,110.846829,59492871
2014-08-29,120.372758,120.562984,116.806408,116.992038,108.891534,26885782
2014-09-02,117.397196,120.264372,116.865263,119.537258,111.267835,63485416
2014-09-03,119.485124,123.067056,118.45488,122.894167,114.394397,47302656
2014-09-04,123.416495,124.859411,120.183538,120.858865,112.50171,47508741
2014-09-05,120.444003,125.08139,119.954354,123.991596,115.419715,33676701
2014-09-08,124.440549,124.91274,120.817518,121.078239,112.713322,69227979
2014-09-09,120.555279,121.041229,119.960784,120.116107,111.819497,40097034
2014-09-10,120.326582,121.199916,119.709374,120.905463,112.55618,52421820
2014-09-11,121.229089,122.948917,120.429504,121.623878,113.226844,41343549
2014-09-12,122.461132,122.723337,119.730761,120.49179,112.174759,29946992
2014-09-15,120.538744,123.041262,119.774885,122.094358,113.67231,70202137
2014-09-16,122.743545,123.866761,121.228354,123.610951,115.086179,34198941
2014-09-17,124.040981,124.42044,123.012318,123.229378,114.732806,45610931
2014-09-18,123.78961,123.995277,122.745725,123.834841,115.298417,21736963
2014-09-19,123.661761,124.674322,123.489723,123.955968,115.413091,40871669
2014-09-22,123.994273,126.10197,123.839931,125.114327,116.497358,41426571
2014-09-23,125.472485,125.795686,123.698817,123.970472,115.43418,84931857
2014-09-24,124.190647,125.413037,123.829282,125.157636,116.541513,32563164
2014-09-25,124.698182,127.173974,124.501127,126.509943,117.80266,60429652
2014-09-26,126.434191,126.592931,126.351487,126.53548,117.828374,50552123
2014-09-29,127.052192,128.690241,126.981953,127.921344,119.124745,35037055
2014-09-30,128.827959,128.975349,127.724402,128.553251,119.715165,46811768
2014-10-01,128.978192,129.820059,126.683169,127.615355,118.843702,60080787
2014-10-02,127.420597,127.871918,126.117589,126.989102,118.262437,46608040
2014-10-03,126.515051,127.435904,126.370508,126.948841,118.226885,68838705
2014-10-06,127.007457,128.305329,125.899403,127.968526,119.182386,42205394
2014-10-07,127.548487,129.54045,127.35177,128.846664,120.002204,50731491
2014-10-08,129.432101,130.329843,128.263537,130.252448,121.313484,43507152
2014-10-09,130.589105,130.685298,129.525575,129.861361,120.951222,52247153
2014-10-10,129.805566,130.557182,129.660271,130.192258,121.261407,43073759
2014-10-13,130.770591,131.565872,130.684437,131.49516,122.48097,49766675
2014-10-14,130.823188,132.338417,130.308989,132.217812,123.156106,39712683
2014-10-15,131.750723,131.803945,130.534788,131.541726,122.528369,37849335
2014-10-16,130.987977,131.438818,130.518665,131.107954,122.126326,36538174
2014-10-17,131.302651,132.140491,130.91973,130.989697,122.018175,57081301
2014-10-20,131.341303,131.822044,130.663145,130.996848,122.030849,41605262
2014-10-21,130.867033,131.150665,128.908379,129.316731,120.467706,33959030
2014-10-22,129.312814,130.261384,129.022297,129.246125,120.40391,32337887
2014-10-23,129.792068,130.032682,127.558471,127.971409,119.21836,31051377
2014-10-24,127.648553,129.140152,126.484841,128.80559,119.997455,81223469
2014-10-27,129.886516,130.758087,129.584285,129.773515,120.905149,54875145
2014-10-28,129.663696,129.787979,128.612507,129.050994,120.233978,27509604
2014-10-29,129.394887,131.003229,129.263842,130.73914,121.808788,31257752
2014-10-30,129.682619,129.942543,128.69869,129.234812,120.409193,42188544
2014-10-31,129.693744,130.712491,129.17693,130.058248,121.178386,33351620
2014-11-03,130.438186,131.35558,129.08702,129.69055,120.841748,40568228
2014-11-04,129.778878,131.483996,127.023819,127.84317,119.122372,40766789
2014-11-05,128.382635,129.129712,125.611914,126.110724,117.510035,34203932
2014-11-06,125.353105,125.484288,124.143795,124.610169,116.113724,62236488
2014-11-07,124.299361,126.547003,123.985632,126.100545,117.50441,44175028
2014-11-10,126.869109,126.93399,125.752422,126.267197,117.6655,43195651
2014-11-11,126.329901,127.563469,126.076276,127.344649,118.671502,41259619
2014-11-12,127.68677,127.843675,125.950976,126.771334,118.139176,38822306
2014-11-13,126.648419,127.19484,125.637753,125.819422,117.254007,71189759
2014-11-14,126.023508,127.412328,125.492025,127.089607,118.439668,46802504
2014-11-17,127.475568,127.9383,124.858685,125.594352,117.05195,52605194
2014-11-18,125.299884,126.100724,124.905985,125.317795,116.796123,29844160
2014-11-19,125.409262,126.44424,124.76878,125.999195,117.433116,33045484
2014-11-20,125.862854,126.034115,124.210712,124.786516,116.304792,57340792
2014-11-21,124.047838,125.197648,123.605515,124.930899,116.441274,33343294
2014-11-24,124.825395,127.028741,124.682517,126.89137,118.27435,53258190
2014-11-25,126.24207,128.814767,125.938564,128.257806,119.549957,46193269
2014-11-26,127.900119,129.715795,127.454246,128.777195,120.036056,48890380
2014-11-28,128.525969,131.218772,128.186,130.541736,121.684821,43230360
2014-12-01,130.552318,131.420659,130.244722,131.163175,122.270122,40856478
2014-12-02,131.440336,131.832488,128.923984,129.631443,120.844229,76528934
2014-12-03,129.5336,131.287438,129.405568,130.470734,121.628625,25713011
2014-12-04,130.736911,131.219521,129.671225,130.786826,121.925299,51908668
2014-12-05,131.516826,131.813729,130.558103,130.897221,122.030218,48227405
2014-12-08,130.48541,131.1788,129.796742,131.012466,122.143676,73415767
2014-12-09,131.376191,131.705636,129.413929,129.551288,120.783395,34742074
2014-12-10,129.962133,130.508974,126.220082,126.698583,118.125699,36789901
2014-12-11,126.085395,127.872277,125.749338,127.225073,118.618513,53914541
2014-12-12,126.87019,127.179015,124.99938,126.046212,117.521331,41184031
2014-12-15,126.544003,127.060921,122.451817,123.824092,115.455188,61638992
2014-12-16,123.970734,124.181766,123.122421,123.806382,115.440572,40551872
2014-12-17,124.571586,126.302212,121.420571,122.396997,114.128296,30265458
2014-12-18,122.911091,123.034876,119.227537,120.072759,111.962915,62641479
2014-12-19,119.680685,120.672638,116.802397,117.476215,109.543544,76646998
2014-12-22,116.654521,118.063973,115.578291,115.777287,107.964658,40010019
2014-12-23,116.266388,119.811389,115.697404,117.719403,109.777523,38853945
2014-12-24,117.749724,119.097896,113.102048,114.838873,107.093086,71408287
2014-12-26,115.84786,115.996636,112.950671,113.25904,105.623281,62604128
2014-12-29,114.422116,116.76021,112.004193,112.384557,104.81292,38307722
2014-12-30,112.507399,112.98547,110.567404,110.950162,103.476864,52641803
2014-12-31,112.097394,113.172154,111.509585,112.656799,105.070273,46833579
2015-01-02,112.472082,113.826869,112.150753,112.78587,105.194107,52213556
2015-01-05,112.529867,113.684342,110.279636,110.595717,103.156461,69679910
2015-01-06,109.688073,113.178057,109.141417,112.122314,104.582088,37083846
2015-01-07,112.318247,113.044654,112.16113,112.619469,105.047535,38239376
2015-01-08,112.842596,116.841206,111.925278,115.922434,108.130202,60951557
2015-01-09,116.524028,118.138142,115.712436,117.234466,109.355837,57427424
2015-01-12,117.22296,117.942225,115.730957,116.337105,108.52413,36270179
2015-01-13,114.999726,115.110484,111.004407,113.004935,105.417474,57382361
2015-01-14,114.513516,116.068803,110.037066,110.298143,102.894114,62231974
2015-01-15,110.132222,114.074938,109.822746,111.827879,104.322876,60014706
2015-01-16,111.24742,112.42953,110.133595,110.559508,103.141323,55938792
2015-01-20,110.024289,110.707529,108.790768,109.280584,101.954909,33881272
2015-01-21,109.168724,111.230488,108.365757,110.437151,103.035638,56835414
2015-01-22,111.01928,112.436997,110.798482,111.669702,104.187294,52823102
2015-01-23,111.459303,111.77962,109.208854,110.42264,103.025484,60828217
2015-01-26,110.40499,112.556337,110.199478,111.70836,104.23021,37163933
2015-01-27,112.339817,113.214081,109.53618,109.613104,102.276899,40195995
2015-01-28,111.824791,112.294616,107.1849,107.439622,100.250531,51521178
2015-01-29,108.39486,108.98946,108.232149,108.725281,101.451829,45649524
2015-01-30,107.596142,109.535754,107.409764,109.408536,102.091053,56047054
2015-02-02,108.711705,111.620876,107.520569,111.298515,103.859744,51817229
2015-02-03,111.058306,112.534349,110.104753,110.533475,103.147531,45784327
2015-02-04,110.142133,111.332151,109.27084,110.868333,103.461713,42106979
2015-02-05,111.332505,112.736172,111.035506,111.767396,104.302428,51554463
2015-02-06,113.596001,113.833941,110.013499,110.547945,103.166119,27124248
2015-02-09,110.481441,112.312448,109.968695,111.382208,103.949796,63956092
2015-02-10,110.911,113.384424,110.679314,112.293694,104.802181,21237224
2015-02-11,112.162005,113.557151,109.404277,109.816803,102.492216,55886753
2015-02-12,109.977737,112.921499,109.191993,112.745024,105.226859,21978439
2015-02-13,111.311561,116.792848,110.993268,115.898165,108.171516,43483838
2015-02-17,115.480198,116.136543,114.659312,115.453787,107.763844,36609130
2015-02-18,115.468433,116.21133,113.985981,115.194612,107.523698,42192263
2015-02-19,115.083311,118.218295,114.600664,117.466599,109.646193,27933359
2015-02-20,117.422751,120.117823,117.217448,118.633248,110.73699,47267077
2015-02-23,118.9086,120.367462,118.628474,118.870492,110.963912,80607651
2015-02-24,118.853907,119.401419,117.224229,117.365747,109.561054,31804076
2015-02-25,117.684977,119.145359,116.470495,118.582448,110.698664,24650418
2015-02-26,118.494966,121.237886,117.922114,119.769685,111.808806,125782188
2015-02-27,119.487321,120.518858,117.239855,118.513571,110.638001,65485595
2015-03-02,119.050065,119.640844,118.078753,118.28232,110.427559,27842127
2015-03-03,118.018998,118.098045,115.482979,116.022996,108.320049,74170102
2015-03-04,116.713565,119.968533,115.423247,118.807955,110.921932,55048814
2015-03-05,119.043375,120.623515,118.44999,120.197735,112.221308,43972724
2015-03-06,120.12338,120.930808,119.812576,120.627469,112.624374,46369183
2015-03-09,120.259247,120.407079,119.199073,119.642251,111.710026,45272073
2015-03-10,119.133979,119.295403,118.341345,119.230191,111.327114,29149689
2015-03-11,119.254516,120.469682,118.755033,119.878104,111.93392,59622604
2015-03-12,119.827733,119.891351,117.768049,117.99586,110.17822,34440510
2015-03-13,118.012231,118.849785,116.910381,117.048491,109.295412,35557200
2015-03-16,116.878768,117.072026,115.910732,116.137644,108.450243,50486640
2015-03-17,116.654955,116.935239,114.38371,114.949512,107.342519,40335608
2015-03-18,115.055668,116.108095,113.535709,113.756324,106.230037,41025802
2015-03-19,113.154746,113.808476,112.776204,113.472958,105.96716,40450806
2015-03-20,113.256355,113.360873,112.218859,112.442034,105.006153,44174104
2015-03-23,113.040873,114.35681,112.753008,113.199588,105.718819,32749289
2015-03-24,113.110283,114.264025,112.618361,114.084524,106.547024,59962823
2015-03-25,113.983307,114.960078,113.712572,114.472508,106.91113,54548763
2015-03-26,114.583914,116.333681,114.092367,115.596033,107.962216,38095957
2015-03-27,115.558395,117.856467,115.286368,116.738932,109.03143,78947197
2015-03-30,116.083362,116.923343,115.350886,116.528054,108.839839,48469835
2015-03-31,116.902699,117.455109,115.414124,115.518873,107.899013,38697487
2015-04-01,115.752026,115.907101,114.560842,114.696522,107.132666,36323206
2015-04-02,114.497283,114.81271,113.976401,114.761385,107.195012,66602404
2015-04-06,115.185667,116.413757,114.870631,116.123729,108.474662,46618180
2015-04-07,115.939869,116.169651,114.870461,114.95855,107.387998,31406397
2015-04-08,114.936513,115.521809,114.542556,115.43131,107.831396,30962832
2015-04-09,115.469901,115.813376,114.634126,114.887353,107.325016,44190227
2015-04-10,115.544937,116.773396,115.212932,116.186505,108.540435,51754547
2015-04-13,115.662423,116.483561,115.553343,115.650045,108.044604,42518330
2015-04-14,115.528496,116.195012,114.473503,114.618526,107.082679,62615145
2015-04-15,115.206003,116.264773,114.322281,114.91068,107.357388,33918311
2015-04-16,115.951023,116.169498,114.484381,114.756524,107.215127,70849913
2015-04-17,114.940627,115.410024,113.496794,113.618933,106.154037,44030722
2015-04-20,113.465247,114.037177,112.919635,113.250671,105.815186,65434745
2015-04-21,113.032905,113.320487,112.644002,113.099039,105.675244,80871229
2015-04-22,113.368161,114.006509,113.102088,113.824643,106.354967,42997646
2015-04-23,114.09854,115.993946,113.174235,115.498833,107.921062,82554987
2015-04-24,116.19139,116.501886,115.751207,116.317886,108.688164,60489348
2015-04-27,116.00141,117.949761,115.404591,117.855841,110.130666,51313726
2015-04-28,117.985672,118.94008,117.899008,118.851857,111.063219,59868568
2015-04-29,119.015222,119.596089,117.873076,118.087619,110.350877,52527493
2015-04-30,117.383248,119.44674,116.983843,119.301063,111.486651,76269455
2015-05-01,118.773054,119.303104,118.401327,118.565185,110.800794,34283204
2015-05-04,118.494494,120.136188,118.249667,119.251062,111.447248,83088779
2015-05-05,118.998089,122.180676,118.630321,121.504737,113.555307,39396291
2015-05-06,121.541019,122.028629,119.572553,120.17464,112.314077,34408274
2015-05-07,120.297216,120.969785,119.794825,119.84837,112.010988,46063627
2015-05-08,119.119307,121.17032,118.988499,120.87966,112.976693,59103866
2015-05-11,120.624879,121.948564,119.923161,121.065199,113.155678,59859029
2015-05-12,120.861121,120.947865,118.975189,119.037105,111.261912,39141820
2015-05-13,118.418318,120.531167,118.116185,120.233991,112.382467,49371398
2015-05-14,120.512384,120.605181,119.201497,119.933233,112.103191,44855593
2015-05-15,119.451274,120.378767,118.441937,119.757952,111.941193,40220386
2015-05-18,118.869092,120.396256,118.19808,120.147044,112.310422,36018923
2015-05-19,120.177516,121.744097,119.548461,121.077334,113.181894,39565815
2015-05-20,121.216957,121.69397,121.082108,121.275293,113.368806,38300208
2015-05-21,121.611972,121.79794,119.244084,119.525926,111.735324,39902115
2015-05-22,119.334245,120.017889,118.677211,119.752436,111.948909,55158833
2015-05-26,119.126606,120.270702,119.032536,119.746068,111.950312,19223025
2015-05-27,119.320257,119.544084,118.785694,119.410675,111.638588,70200356
2015-05-28,119.544786,119.872323,118.528876,118.952114,111.2117,26858462
2015-05-29,118.844138,119.186905,118.040549,119.138467,111.387756,75779477
2015-06-01,119.115567,119.441653,118.14228,118.837831,111.112154,38414344
2015-06-02,118.624672,119.229468,118.512236,118.985231,111.251799,32706436
2015-06-03,118.767118,119.99765,118.3573,119.842618,112.055301,61485285
2015-06-04,119.887129,120.114862,119.353099,119.410534,111.653127,41607308
2015-06-05,118.717557,120.050893,117.929615,119.449254,111.691167,67841771
2015-06-08,119.761658,120.157577,118.367198,118.816299,111.104797,38249996
2015-06-09,119.144931,120.071513,119.096753,119.589878,111.830005,60380578
2015-06-10,119.397426,120.400381,118.981328,120.118043,112.325745,51509932
2015-06-11,120.385719,120.863443,119.557894,120.471832,112.658433,40147133
2015-06-12,120.737283,122.175434,120.321824,121.892703,113.989023,37449966
2015-06-15,122.132243,122.393883,119.768882,119.850742,112.084989,39949371
2015-06-16,119.949398,120.483225,118.627739,119.120979,111.404342,22692309
2015-06-17,119.97652,120.644735,118.6577,118.952664,111.248758,49341873
2015-06-18,118.419479,119.266755,117.201724,118.566706,110.889617,74003552
2015-06-19,118.86895,119.007041,118.026696,118.383459,110.720055,71519841
2015-06-22,118.56128,119.017319,117.587078,118.046786,110.410617,49220525
2015-06-23,117.901391,118.634964,117.21962,118.248643,110.601233,56151861
2015-06-24,118.292115,118.452971,116.655707,116.993122,109.428707,59953460
2015-06-25,116.886391,119.648488,116.768438,119.191455,111.486734,45395689
2015-06-26,118.77083,120.995136,118.284473,120.291962,112.51795,44892536
2015-06-29,119.661522,120.532357,119.252942,120.13615,112.377746,38761750
2015-06-30,120.519527,121.425456,119.790284,121.214642,113.388452,66080984
2015-07-01,120.914455,121.298285,120.067133,120.179837,112.422305,41007366
2015-07-02,120.606169,120.83159,119.422598,119.844507,112.110462,39338323
2015-07-06,119.467639,120.086785,116.045107,117.553093,109.974149,41184893
2015-07-07,117.638537,117.922922,115.573516,115.842862,108.375961,48244725
2015-07-08,115.252157,116.303476,114.957802,116.012682,108.536617,40268998
2015-07-09,115.888897,116.196396,112.773639,113.238709,105.943144,54297158
2015-07-10,112.636944,114.12056,112.549459,113.332187,106.032341,35897749
2015-07-13,113.582843,114.970121,113.415692,114.767173,107.380191,67456339
2015-07-14,114.776016,115.506471,114.040885,114.77129,107.385807,43239062
2015-07-15,115.444941,116.908751,114.08203,116.421061,108.931205,64609533
2015-07-16,116.147712,116.904511,113.6864,115.001603,107.604835,43005457
2015-07-17,114.520529,115.716299,113.801152,115.628205,108.192911,91081813
2015-07-20,115.413484,115.9415,113.813881,114.269394,106.926746,46000687
2015-07-21,115.144002,116.735487,115.040167,115.721912,108.287708,44252994
2015-07-22,115.830284,116.037832,113.979317,114.398031,107.050634,46101372
2015-07-23,114.398664,116.560722,113.770697,115.113236,107.721674,48887320
2015-07-24,114.689257,114.810126,113.084117,113.610988,106.317633,41225780
2015-07-27,113.481401,114.188751,112.799842,114.081433,106.763139,69987186
2015-07-28,114.042413,114.809416,113.598406,114.000991,106.68961,25606562
2015-07-29,113.753367,113.803216,111.824741,112.390509,105.184142,28134254
2015-07-30,112.215995,112.862371,111.846176,111.925935,104.751077,45839472
2015-07-31,112.223538,113.522326,112.079364,113.228735,105.972104,109572447
2015-08-03,113.129923,114.711647,112.603814,114.190507,106.877505,49048169
2015-08-04,114.836826,115.332961,113.08869,113.892855,106.600666,32615222
2015-08-05,113.892104,114.232941,111.70874,112.091141,104.916033,37250343
2015-08-06,111.639777,112.269193,111.466543,112.216766,105.035342,53757606
2015-08-07,112.306975,113.438313,111.986839,113.374732,106.120946,54917113
2015-08-10,113.226707,114.638634,113.127746,114.44476,107.127793,52620126
2015-08-11,115.029882,115.24228,114.152174,114.515475,107.195748,55455138
2015-08-12,113.854374,114.664247,113.620065,114.579573,107.25751,40982488
2015-08-13,113.795378,118.284653,113.504668,118.19232,110.641207,35154616
2015-08-14,117.430692,117.698607,116.412289,116.861882,109.397565,34277900
2015-08-17,116.355061,116.958316,116.067026,116.901586,109.440127,57883506
2015-08-18,116.992265,118.904039,116.004635,118.079809,110.544964,35214827
2015-08-19,118.809339,118.972983,116.463583,116.654408,109.212313,47722506
2015-08-20,117.118985,119.494545,116.713441,118.613717,111.04845,64857560
2015-08-21,118.86202,119.468159,117.286211,117.574587,110.077405,47148896
2015-08-24,118.541381,119.52933,117.280869,118.291362,110.753933,77493169
2015-08-25,118.01634,120.392671,117.274363,119.842976,112.208522,45033157
2015-08-26,119.767154,120.206537,118.776579,118.847634,111.278415,59507639
2015-08-27,119.465373,119.581399,116.095715,116.916207,109.471796,52617028
2015-08-28,116.493957,117.77699,112.52514,113.477066,106.253381,44349706
2015-08-31,113.574205,113.94498,112.836115,112.900631,105.71885,39988796
2015-09-01,113.632054,114.020327,113.24362,113.356642,106.147597,71499627
2015-09-02,113.27791,113.510574,112.055998,112.883928,105.706682,32412187
2015-09-03,112.628589,117.038657,112.514491,116.651823,109.236806,42713999
2015-09-04,115.96202,116.128427,115.289568,115.778373,108.420658,40068621
2015-09-08,115.065071,117.082822,114.966579,116.972952,109.54652,61809808
2015-09-09,117.511263,118.293003,117.379495,117.544036,110.083155,31524324
2015-09-10,117.521701,117.959876,115.569722,115.878599,108.525211,64415434
2015-09-11,116.234219,118.091038,115.472976,117.684799,110.218604,47661042
2015-09-14,116.906246,118.49656,116.688201,117.235622,109.803336,56458378
2015-09-15,117.533036,118.66065,114.89769,115.578043,108.252619,85959818
2015-09-16,115.293168,116.949056,113.1513,116.745414,109.347797,42840027
2015-09-17,116.47074,117.879168,116.234348,117.337697,109.904356,49550139
2015-09-18,116.659391,117.694292,115.570895,117.469726,110.029828,35031941
2015-09-21,117.230651,120.725833,116.662251,119.869714,112.283347,53897435
2015-09-22,119.757914,121.639434,119.226071,120.784984,113.14255,49644167
2015-09-23,121.045209,121.815346,118.177359,118.941204,111.417262,46605372
2015-09-24,118.532305,118.775247,115.00466,115.778838,108.456721,43984602
2015-09-25,115.564196,116.406251,114.22711,114.722084,107.468564,47825649
2015-09-28,114.696588,117.557873,114.226862,116.79525,109.416042,78733829
2015-09-29,117.374874,120.730649,115.166031,119.698381,112.137593,39180926
2015-09-30,117.975001,118.634159,117.303348,118.192626,110.728769,49474331
2015-10-01,117.39494,118.848289,115.547877,116.881331,109.50208,34668710
2015-10-02,116.552182,117.903134,116.269001,116.489408,109.136694,38391106
2015-10-05,116.120447,117.680963,115.474486,116.127386,108.802884,50504976
2015-10-06,116.649193,117.514581,115.758484,117.055111,109.673897,103472547
2015-10-07,117.457647,118.654233,117.293485,118.294656,110.8371,29536787
2015-10-08,119.029947,119.622302,118.457179,119.421348,111.8946,42671732
2015-10-09,119.648285,121.549661,119.123919,120.164936,112.593172,35460129
2015-10-12,120.005633,120.60661,118.677208,119.19516,111.690007,36135396
2015-10-13,120.00863,120.387581,119.034089,119.343942,111.831258,41742647
2015-10-14,120.257569,120.69215,119.844293,120.382545,112.806334,46949564
2015-10-15,120.387002,121.147011,118.772275,120.942583,113.332988,28220020
2015-10-16,120.684097,124.952707,120.090523,123.896548,116.103,75562448
2015-10-19,123.791037,124.947913,123.279227,124.21714,116.409162,58793347
2015-10-20,123.927317,124.440648,123.78333,124.198304,116.393422,34322452
2015-10-21,123.315975,125.242062,122.882665,124.968961,117.117574,60932404
2015-10-22,125.155003,126.192527,124.821752,126.021487,118.105913,35567227
2015-10-23,126.478767,126.574282,125.647329,125.987529,118.076027,36657893
2015-10-26,125.481293,127.566931,125.13996,126.843857,118.88444,25915986
2015-10-27,127.465482,128.793427,125.944417,126.043437,118.136187,32538568
2015-10-28,126.294606,127.420578,126.094811,127.307325,119.322746,43036976
2015-10-29,126.196964,127.429744,125.55112,127.254773,119.275449,59619649
2015-10-30,127.625085,127.718895,126.947222,127.254325,119.276989,42026782
2015-11-02,127.604822,127.682836,125.11436,126.565334,118.637036,41890722
2015-11-03,126.77792,127.654678,126.357315,126.72213,118.78596,27352116
2015-11-04,126.989483,129.726467,126.904834,129.240987,121.149061,44048250
2015-11-05,128.926939,129.282348,126.876199,127.431026,119.454385,39119986
2015-11-06,127.108596,128.25943,126.66103,127.872253,119.869962,51967278
2015-11-09,127.788066,128.505037,127.067965,127.138521,119.188021,52209909
2015-11-10,127.7091,128.132345,125.918162,126.73036,118.807336,34026231
2015-11-11,126.809753,129.092192,126.176853,128.420046,120.393363,39729477
2015-11-12,128.668685,130.488508,128.363951,129.884631,121.768406,61294189
2015-11-13,129.236719,130.634653,128.840154,130.198254,122.064437,42109468
2015-11-16,130.048101,130.324002,128.392506,128.61385,120.584957,47683012
2015-11-17,129.650947,130.714261,127.854558,128.623367,120.595861,43148151
2015-11-18,128.555796,134.386367,126.900429,134.245883,125.869539,69440966
2015-11-19,134.325288,134.989962,133.251694,134.365384,125.983653,31020046
2015-11-20,133.039797,134.729702,131.240365,134.282874,125.908358,42321707
2015-11-23,134.79607,136.974119,132.776253,135.607089,127.156255,33818369
2015-11-24,136.677712,138.117606,135.079344,137.817957,129.231467,40153441
2015-11-25,136.529467,139.780659,135.761528,139.432311,130.747391,35414918
2015-11-27,138.295244,141.991447,137.352381,140.805201,132.039104,29355549
2015-11-30,140.039635,142.381885,139.660675,141.744823,132.926778,45454416
2015-12-01,141.097783,142.927499,140.769937,141.591695,132.785359,21621960
2015-12-02,141.696013,142.370732,136.189935,137.048372,128.52672,69449438
2015-12-03,137.380867,138.141374,131.077737,134.538085,126.174595,62560318
2015-12-04,135.535542,136.049949,132.729311,133.693159,125.384253,55034580
2015-12-07,133.511879,135.820747,133.17201,134.630514,126.269575,47935633
2015-12-08,135.500826,136.859189,133.824725,135.469166,127.058231,42201327
2015-12-09,135.318134,135.887265,134.444097,134.627473,126.270871,42932336
2015-12-10,135.048841,137.136141,134.106391,136.653549,128.17329,44310770
2015-12-11,135.30267,135.521031,134.225983,134.787733,126.425337,67909140
2015-12-14,134.510806,137.230041,134.327215,135.783328,127.36544,47858600
2015-12-15,136.414588,137.817261,135.216647,135.666264,127.257724,40536092
2015-12-16,135.566301,137.682662,133.378731,134.522397,126.186827,68758410
2015-12-17,134.181258,134.737611,132.253895,132.855539,124.625301,48191738
2015-12-18,133.791532,133.868645,131.594636,131.718275,123.560519,76492607
2015-12-21,130.998235,132.369096,129.882569,131.163586,123.046247,32799024
2015-12-22,131.902224,132.100113,129.630641,130.490151,122.416501,67893309
2015-12-23,131.001243,132.979076,130.193883,131.576849,123.43799,33013523
2015-12-24,132.289701,133.12032,129.634626,130.172356,122.12238,45308258
2015-12-28,130.842004,131.546123,129.819763,130.010835,121.978862,40053959
2015-12-29,130.050196,131.335795,129.543795,131.166911,123.065538,79080677
2015-12-30,131.351928,132.758885,130.510725,132.204033,124.040642,31659507
2015-12-31,131.830935,132.924597,131.754949,132.142365,123.984819,61763699
2016-01-04,131.873371,132.35594,131.647485,131.949549,123.812041,52525091
2016-01-05,132.276883,132.737232,131.934107,132.313179,124.155284,30233406
2016-01-06,132.426669,135.042603,131.408813,133.900444,125.646749,36030926
2016-01-07,134.032596,134.403885,133.817716,133.997433,125.739825,41066303
2016-01-08,133.601492,134.523826,133.094745,134.127203,125.863666,33761486
2016-01-11,133.978954,135.993467,133.692737,134.910618,126.605054,37043485
2016-01-12,134.8644,135.271673,132.607512,132.786068,124.613346,81378760
2016-01-13,131.899636,134.59611,131.807611,134.027419,125.78036,48814890
2016-01-14,134.117003,134.690863,132.769038,133.254889,125.05742,47384269
2016-01-15,133.075842,134.185757,131.623773,132.452219,124.306171,52014361
2016-01-19,131.905705,132.500378,131.286595,131.649983,123.561391,42406000
2016-01-20,131.914646,134.165497,131.536582,133.88885,125.664767,49643360
2016-01-21,133.822185,134.657237,133.670807,133.867752,125.647029,34648046
2016-01-22,133.076565,133.874038,132.43259,133.674514,125.467718,32181838
2016-01-25,134.19491,134.306123,133.058742,133.494998,125.305399,38290428
2016-01-26,134.343794,135.100093,131.328971,131.422519,123.362087,67854231
2016-01-27,131.020793,131.587729,130.910223,131.40114,123.344046,37360267
2016-01-28,131.565429,132.504442,130.742901,131.320111,123.27001,47368295
2016-01-29,131.110321,131.191944,130.269293,130.734792,122.722588,28308565
2016-02-01,130.05462,130.298788,128.390192,128.653834,120.775116,50853972
2016-02-02,128.497562,130.077877,128.256939,128.314917,120.458933,70070413
2016-02-03,127.078652,128.048908,126.662592,127.910242,120.081007,63021573
2016-02-04,128.028231,128.711591,127.488779,127.781345,119.96197,62620330
2016-02-05,128.701067,129.377272,126.863163,128.22444,120.379927,32557158
2016-02-08,128.887554,129.183125,125.749304,126.217774,118.501865,42506263
2016-02-09,126.494482,127.684128,125.946281,126.364065,118.641161,39194260
2016-02-10,127.26872,127.430435,125.397713,125.527392,117.857559,42708780
2016-02-11,125.09711,125.893882,124.234078,125.511932,117.84498,45165532
2016-02-12,126.144636,126.953031,125.752488,125.88717,118.199238,55909589
2016-02-16,126.189111,127.28148,125.747762,126.974323,119.227833,39896957
2016-02-17,126.861369,127.470378,125.603168,126.122408,118.429837,44639138
2016-02-18,126.23956,126.882739,125.25525,125.6159,117.95616,43215008
2016-02-19,125.804073,126.157101,125.439932,125.85548,118.183072,40360427
2016-02-22,125.703512,127.285395,125.589256,127.138099,119.393384,33276631
2016-02-23,126.869783,128.905636,126.572483,128.652933,120.817925,56823972
2016-02-24,128.610513,129.463406,128.06773,128.123839,120.32303,41323381
2016-02-25,128.502225,128.74081,128.097121,128.219656,120.414991,56134733
2016-02-26,128.624312,128.753093,127.475706,127.605229,119.839932,54556718
2016-02-29,127.644281,129.155613,127.526693,128.686519,120.861378,48326892
2016-03-01,129.20191,130.090157,129.059086,129.39128,121.52528,30982171
2016-03-02,129.667886,130.021203,128.859461,129.12467,121.27687,44237664
2016-03-03,129.411871,130.389249,127.990083,128.971261,121.134774,45659490
2016-03-04,129.363413,130.446769,128.907311,129.841734,121.95436,46054799
2016-03-07,130.052968,130.185764,127.335539,128.241637,120.457398,45435860
2016-03-08,128.069931,129.425473,127.735064,128.932299,121.108127,62180822
2016-03-09,128.838883,130.851914,128.694697,129.650635,121.784872,65114695
2016-03-10,129.526628,129.889119,127.348812,128.144959,120.372521,43512106
2016-03-11,128.100572,128.479901,127.027351,127.327916,119.606999,36797849
2016-03-14,127.047088,128.282306,126.497168,127.790097,120.04707,37768749
2016-03-15,128.604382,128.784179,128.384196,128.599622,120.809529,45566511
2016-03-16,128.533673,129.254743,127.974726,128.119716,120.360671,35451328
2016-03-17,127.606987,128.374618,127.280625,128.227462,120.46387,57017874
2016-03-18,127.795886,128.048871,127.071321,127.718339,119.987544,55768561
2016-03-21,127.116007,129.233439,126.9713,129.038527,121.233795,71005635
2016-03-22,128.887574,130.648012,128.281996,130.154347,122.284135,27767680
2016-03-23,129.332205,131.126641,129.130721,131.042687,123.120782,39324506
2016-03-24,130.409754,131.227731,128.703362,129.819741,121.97377,59064378
2016-03-28,129.733035,130.774755,126.768025,127.319586,119.632578,62691821
2016-03-29,127.156275,128.898853,127.043306,127.962022,120.238202,63198014
2016-03-30,128.43826,129.891189,127.660752,129.074267,121.285304,68416355
2016-03-31,129.063501,129.590689,125.930676,126.579263,118.942814,48336965
2016-04-01,126.486776,129.27645,125.496311,128.013984,120.292956,33679433
2016-04-04,129.022503,131.081076,128.030378,130.048351,122.210644,36863583
2016-04-05,130.357146,130.952598,129.513589,130.323599,122.471316,51919882
2016-04-06,130.840632,133.0167,130.389681,132.482433,124.50212,26657667
2016-04-07,132.793389,133.169464,131.343055,133.060201,125.047139,59198577
2016-04-08,132.700467,134.224349,132.395825,133.171517,125.153808,24131704
2016-04-11,133.104209,134.233949,132.904672,133.60657,125.568856,28950386
2016-04-12,134.570085,136.762386,131.812843,132.146439,124.198606,39079087
2016-04-13,132.974932,133.07061,128.171432,129.18078,121.413309,56119094
2016-04-14,129.596302,131.113106,129.122094,130.071762,122.252725,56367903
2016-04-15,130.04403,130.841213,128.536004,130.507313,122.664109,73161918
2016-04-18,130.405208,130.950663,127.211147,127.336152,119.689426,53688838
2016-04-19,126.483978,126.741651,124.905044,125.328988,117.80473,69593184
2016-04-20,126.070664,127.360555,124.268569,124.395841,116.929527,49842059
2016-04-21,123.575411,123.748627,121.66933,122.055817,114.731837,44541372
2016-04-22,121.767092,123.611945,121.270808,123.006065,115.626965,41036849
2016-04-25,122.858579,123.670571,121.259871,121.376889,114.101145,55782027
2016-04-26,120.29653,121.41045,120.234155,121.280879,114.012763,24264964
2016-04-27,121.049203,121.155715,120.271737,120.511941,113.291767,31153419
2016-04-28,121.147764,121.881148,119.299759,120.082409,112.889824,28136064
2016-04-29,120.531084,121.15125,118.76011,119.595776,112.434186,55063644
2016-05-02,119.877816,121.349921,118.615556,120.25823,113.062543,21736086
2016-05-03,119.327227,119.864039,118.31567,119.045505,111.924221,59361008
2016-05-04,118.206839,118.650966,115.80952,116.336811,109.379357,75286888
2016-05-05,116.577503,119.826692,116.324223,119.628105,112.475665,40001536
2016-05-06,119.179754,120.702032,117.631209,120.635536,113.424725,53602349
2016-05-09,121.403385,121.491584,118.649778,119.939768,112.776104,63226362
2016-05-10,120.358946,123.981297,120.307931,122.714374,115.386886,39410461
2016-05-11,123.009207,124.233447,119.605223,120.973956,113.75226,23182697
2016-05-12,120.49657,120.815475,119.772363,120.250341,113.073699,31310970
2016-05-13,120.33717,122.185185,118.963381,121.966538,114.689356,68363017
2016-05-16,121.814196,123.548083,121.666521,123.19773,115.852798,71507583
2016-05-17,122.58656,125.438697,122.486948,125.02022,117.568564,53518486
2016-05-18,125.215025,126.653305,124.587662,126.340657,118.81225,28711885
2016-05-19,126.022049,126.850887,125.536736,125.638193,118.153585,38842098
2016-05-20,124.728502,125.237952,124.036494,124.116179,116.724159,41709194
2016-05-23,124.258673,126.173206,123.550455,124.893685,117.461147,37235987
2016-05-24,126.257295,127.118512,125.278589,126.678762,119.14195,40566856
2016-05-25,125.963637,129.853602,125.529131,129.482362,121.780749,41421592
2016-05-26,129.841526,130.501297,126.602389,126.975386,119.42485,43423141
2016-05-27,126.133135,126.62142,123.739963,124.563276,117.1581,24160997
2016-05-31,124.908657,125.532533,121.312117,121.55177,114.333137,29802938
2016-06-01,121.722444,124.643614,121.38079,124.202644,116.828502,33793716
2016-06-02,125.189548,126.720025,124.546593,126.495401,118.987089,61569466
2016-06-03,125.844834,127.391739,125.347194,126.519955,119.01214,106111695
2016-06-06,125.723875,126.603372,124.777523,125.257895,117.830779,45357625
2016-06-07,126.814637,127.08719,124.230535,125.001779,117.59178,40486125
2016-06-08,125.239276,125.807467,123.295543,124.079586,116.726171,36562766
2016-06-09,124.207139,125.016859,123.576475,124.595579,117.213511,42378113
2016-06-10,125.069938,127.022169,124.108736,124.471419,117.09863,77675247
2016-06-13,124.378209,125.896028,122.872676,125.188376,117.778925,24886593
2016-06-14,125.304538,125.605375,123.832579,124.069589,116.728271,77338153
2016-06-15,124.242381,125.286124,123.05096,124.213782,116.865852,56275789
2016-06-16,123.941366,124.022466,122.585786,123.48217,116.179428,69944430
2016-06-17,123.250135,124.288963,121.158036,122.471742,115.230649,46153829
2016-06-20,122.647891,124.293639,122.493603,123.333065,116.046766,53857745
2016-06-21,123.07153,126.727123,122.568697,125.834247,118.402128,33926269
2016-06-22,125.91603,127.049481,125.265111,126.62865,119.151568,34467105
2016-06-23,126.92206,128.946666,125.636386,128.615055,121.022669,34424599
2016-06-24,129.654336,131.896525,129.326317,130.8704,123.1469,47200423
2016-06-27,131.417315,131.660995,128.948063,129.832731,122.176491,27634862
2016-06-28,129.848773,130.479521,129.257653,129.582398,121.942924,31367566
2016-06-29,129.806817,132.151528,128.919767,131.668201,123.907795,37086769
2016-06-30,132.968687,134.022956,129.583954,129.657709,122.017804,52931135
2016-07-01,129.712958,131.742061,128.702198,131.337738,123.60087,49593141
2016-07-05,131.449153,132.796559,130.412628,131.267653,123.54303,55195540
2016-07-06,131.362745,131.454145,131.14314,131.385596,123.656065,42875315
2016-07-07,130.94142,131.923519,130.21543,130.612356,122.930334,30238064
2016-07-08,131.726681,133.023382,131.088957,131.391684,123.665857,32103256
2016-07-11,131.793158,133.18531,130.969128,131.437685,123.71525,61066904
2016-07-12,130.830242,131.605843,130.759987,130.866849,123.179976,40338257
2016-07-13,131.083094,131.486742,130.217446,130.421178,122.7625,61332478
2016-07-14,130.229502,133.105325,129.060996,132.270588,124.505352,61476486
2016-07-15,132.329226,132.744732,129.634099,130.464101,122.806937,34612915
2016-07-18,131.610129,134.740265,131.081441,133.552201,125.719986,51591751
2016-07-19,134.13843,135.307812,133.401896,134.991204,127.076686,41245989
2016-07-20,134.363802,139.525454,133.985165,137.772267,129.696826,38405431
2016-07-21,137.444989,140.899209,136.836729,139.589955,131.41013,21562104
2016-07-22,140.041479,140.272337,139.479422,140.198327,131.98502,43669131
2016-07-25,140.807458,142.472604,139.744834,142.02674,133.712907,20487589
2016-07-26,142.105313,145.514508,140.657727,144.764915,136.293037,62656452
2016-07-27,145.12575,145.421535,140.248744,141.0654,132.812205,45912524
2016-07-28,140.404896,142.666498,139.028342,142.489178,134.154887,31729464
2016-07-29,143.410754,143.740432,141.062133,142.521795,134.1878,54114527
2016-08-01,142.932798,145.007796,142.534027,144.490921,136.048486,41594304
2016-08-02,145.448223,146.009587,145.307882,145.399753,136.906465,34469722
2016-08-03,146.243953,147.460068,144.072348,145.071031,136.599188,61453528
2016-08-04,145.446586,145.534506,145.059536,145.157527,136.682879,46190032
2016-08-05,145.313492,146.070922,143.643216,144.710191,136.263897,42072554
2016-08-08,144.839984,145.429786,142.730343,142.866931,134.534853,34060918
2016-08-09,141.94536,146.756743,140.884633,145.915073,137.407482,41556262
2016-08-10,146.360505,146.683974,143.323277,143.768681,135.388461,63877739
2016-08-11,144.003458,145.826277,142.740389,145.243977,136.780009,36445163
2016-08-12,144.648577,145.31249,144.221197,145.181371,136.723297,42044604
2016-08-15,145.669488,146.50397,144.295801,144.490639,136.079512,31553406
2016-08-16,144.478369,145.465132,142.856309,143.081095,134.754235,50350711
2016-08-17,144.629618,146.404451,144.465787,145.820703,137.336662,37583860
2016-08-18,145.995722,147.632274,144.090626,146.036377,137.542047,44835829
2016-08-19,144.698537,145.655878,143.682467,143.880415,135.513715,54396052
2016-08-22,143.914777,145.566732,142.886021,144.925898,136.505129,56127048
2016-08-23,144.074605,144.141431,142.409678,142.766362,134.47328,39826746
2016-08-24,142.314872,143.449304,141.481347,141.681552,133.453678,30144116
2016-08-25,142.621867,142.85002,140.152925,141.507902,133.292301,57580400
2016-08-26,141.495159,141.63885,137.034878,137.607623,129.620592,42908076
2016-08-29,136.82536,137.004463,136.098098,136.936426,128.99471,28294144
2016-08-30,137.415368,140.309564,135.205862,135.51711,127.659805,60509088
2016-08-31,134.940092,135.548419,133.288611,134.44768,126.654461,54669229
2016-09-01,134.735807,134.847668,133.485288,133.56451,125.824551,29174197
2016-09-02,134.152499,136.113053,133.328167,134.883641,127.069327,43857944
2016-09-06,134.737064,135.741036,134.535877,135.376971,127.542456,35830913
2016-09-07,135.863189,137.256046,135.302415,136.637468,128.732121,36241246
2016-09-08,137.003337,137.471427,134.625362,135.407159,127.575089,65471841
2016-09-09,135.617639,136.305322,133.909181,134.694146,126.905402,42186267
2016-09-12,134.088872,135.722999,133.749539,135.66031,127.821996,53514548
2016-09-13,135.23946,136.572704,134.861051,136.303328,128.429971,47595891
2016-09-14,136.914067,137.538548,134.565223,135.350999,127.534747,61016392
2016-09-15,134.621939,135.016731,132.766199,133.068935,125.386527,46167759
2016-09-16,133.373233,133.691932,130.59785,130.750831,123.204277,67729131
2016-09-19,131.647613,133.105432,128.791251,129.29481,121.838298,67836572
2016-09-20,128.737575,129.059034,128.654161,128.973986,121.537972,53556095
2016-09-21,128.329098,131.495677,128.264414,130.304985,122.794249,53467011
2016-09-22,130.554512,132.482855,129.374771,132.212464,124.593829,44453204
2016-09-23,132.467132,132.879177,130.53375,130.839466,123.301974,43787222
2016-09-26,130.754546,131.588401,130.343264,131.351259,123.790384,66771501
2016-09-27,131.878542,132.424581,129.49987,129.813488,122.34314,39317471
2016-09-28,129.653041,129.868119,128.921802,129.585456,122.130237,61330356
2016-09-29,130.263,130.405008,129.71587,130.004594,122.527274,65152656
2016-09-30,130.006372,130.669509,129.248613,130.159329,122.675124,56440739
2016-10-03,130.444805,131.021665,128.26826,128.651212,121.2597,34171241
2016-10-04,128.606167,129.264604,128.459724,128.879949,121.477291,40104871
2016-10-05,129.324992,131.115254,129.221524,130.943073,123.42394,82907232
2016-10-06,131.386161,134.007806,131.311271,132.393816,124.793427,35295529
2016-10-07,131.765241,134.206628,131.20547,133.842331,126.160859,57814900
2016-10-10,134.015177,136.814297,133.194377,135.032501,127.288996,41547046
2016-10-11,135.026709,135.219028,134.459653,134.911746,127.177254,30566859
2016-10-12,134.887533,135.725174,134.30957,135.058723,127.317897,43829910
2016-10-13,135.449923,136.320327,134.47937,136.235366,128.42921,39486637
2016-10-14,135.880748,136.415884,133.392203,133.543713,125.893855,90285674
2016-10-17,133.899715,136.942008,133.518784,134.739473,127.027378,34033027
2016-10-18,134.916873,135.195329,131.679318,131.793993,124.252529,38343701
2016-10-19,131.311101,134.11973,130.009571,133.384676,125.754256,76610994
2016-10-20,132.974475,133.212376,132.14201,132.541982,124.961823,65013744
2016-10-21,133.136595,134.009007,132.240437,132.293658,124.729749,78367590
2016-10-24,132.605739,133.378041,130.656753,130.951302,123.470227,38201526
2016-10-25,130.116758,131.156085,129.126212,129.800649,122.38732,36670499
2016-10-26,129.851782,133.173492,129.308373,132.009467,124.47203,61621932
2016-10-27,132.115145,132.93491,130.150929,130.619126,123.163098,54855024
2016-10-28,131.87341,131.972566,129.242695,130.140772,122.714064,33280612
2016-10-31,131.73101,132.181406,129.116184,129.187962,121.821632,51371675
2016-11-01,129.815949,130.169782,127.835787,128.498409,121.173388,42316980
2016-11-02,129.072798,129.13921,127.382079,127.61335,120.340758,35715966
2016-11-03,128.022449,129.050197,127.919062,128.959833,121.612504,53079725
2016-11-04,128.513757,129.82906,127.301566,127.802666,120.523245,107950241
2016-11-07,128.025953,128.621663,126.367344,127.731853,120.462402,30802342
2016-11-08,127.715958,129.036418,127.17072,128.555613,121.241271,74328504
2016-11-09,128.494774,128.904089,127.619735,127.985605,120.705678,27956766
2016-11-10,127.51877,128.05183,127.3595,127.712184,120.449788,32223408
2016-11-11,128.049268,128.722957,126.56629,127.122941,119.896022,50063181
2016-11-14,126.887696,126.948969,125.720582,126.061123,118.900428,13516029
2016-11-15,125.805335,130.095346,125.528391,129.90099,122.52419,55622947
2016-11-16,129.95629,130.411916,128.957175,129.433729,122.085469,53110339
2016-11-17,129.490844,131.512912,128.767244,130.171996,122.78384,42089268
2016-11-18,129.364629,129.575663,128.520586,129.181995,121.85203,40392079
2016-11-21,128.114457,128.185093,126.533144,126.672314,119.49064,38023573
2016-11-22,127.40823,127.60943,125.013506,125.509579,118.395771,43583312
2016-11-23,125.314605,126.006873,124.479248,124.74753,117.678848,37271001
2016-11-25,124.274439,124.365051,122.649489,123.088902,116.118019,49168296
2016-11-28,122.754736,123.680182,122.299015,123.516109,116.526775,58157690
2016-11-29,124.079553,124.833999,123.301515,124.359024,117.323919,61886767
2016-11-30,124.41496,125.520407,123.897016,125.127819,118.051162,34745313
2016-12-01,125.556707,127.462175,124.865659,126.704095,119.540255,39814501
2016-12-02,126.069003,127.422164,125.323784,127.199125,120.009267,45473022
2016-12-05,126.176947,128.279505,126.030593,127.572258,120.367241,30689654
2016-12-06,127.584548,129.594709,126.643434,129.495887,122.184235,33858021
2016-12-07,129.766168,130.150385,127.248362,127.574903,120.373692,45373150
2016-12-08,127.655996,128.823287,126.107166,128.373428,121.129132,31388091
2016-12-09,128.869971,129.315554,126.027286,126.237264,119.115471,35053346
2016-12-12,125.402538,125.763669,124.083736,125.545357,118.468437,34059253
2016-12-13,125.134646,127.005975,124.193593,126.19836,119.086587,33989141
2016-12-14,126.213308,127.669442,125.494415,127.522787,120.338353,56156631
2016-12-15,127.395343,129.046847,126.506058,128.785365,121.531797,55565166
2016-12-16,128.862894,129.345513,128.218306,129.13194,121.860854,73208959
2016-12-19,129.166107,129.594179,128.925864,129.44517,122.162466,85524808
2016-12-20,129.773485,129.980515,128.507084,128.948297,121.695547,35407978
2016-12-21,128.436588,130.83863,128.217279,130.064902,122.751364,39148689
2016-12-22,130.759785,131.941406,130.24999,131.621217,124.222208,44138213
2016-12-23,131.218567,133.560152,130.559598,132.862194,125.395485,27650558
2016-12-27,132.734993,132.893028,131.561655,131.732571,124.337515,64934789
2016-12-28,132.114836,132.325921,130.565513,131.40553,124.03087,49059030
2016-12-29,131.736161,132.155265,131.635442,131.999503,124.593555,50286090
2016-12-30,132.07313,132.744589,131.8811,132.542679,125.108312,83115291
2017-01-03,132.472695,135.757201,132.376631,135.016327,127.451586,45572191
2017-01-04,135.365302,136.154595,133.938333,133.999566,126.49387,69872677
2017-01-05,134.076334,135.199173,133.627266,134.547311,127.013021,46659029
2017-01-06,134.787909,135.029835,133.56343,134.431768,126.906033,59158510
2017-01-09,133.655816,135.950749,133.450104,135.819547,128.22244,45153823
2017-01-10,135.998897,137.512992,135.853964,136.633764,128.993233,76597733
2017-01-11,137.218045,138.179292,136.804737,137.349045,129.670646,55491243
2017-01-12,137.435522,138.675959,136.2788,136.627545,128.9916,44326770
2017-01-13,137.036459,138.088461,134.907015,135.208402,127.653867,31425116
2017-01-17,134.850141,136.570677,134.558498,136.439646,128.824782,40052479
2017-01-18,135.915522,136.317288,135.665986,135.992575,128.404773,40336855
2017-01-19,136.022557,136.092864,135.135326,135.48711,127.929612,56043472
2017-01-20,135.88221,137.93846,135.446982,137.429325,129.765621,43936200
2017-01-23,136.845086,137.593601,135.33363,136.953377,129.322588,44088724
2017-01-24,137.16654,138.492582,136.687662,138.218556,130.519416,41195385
2017-01-25,138.215954,140.148849,137.916275,139.940534,132.147647,29650370
2017-01-26,140.354608,140.508922,137.563883,138.022156,130.338239,35724022
2017-01-27,138.380568,139.793457,136.039874,136.270878,128.686571,45989501
2017-01-30,136.597539,137.041477,134.980439,135.909375,128.351514,34513191
2017-01-31,135.495339,135.85993,135.252275,135.621146,128.081416,22003213
2017-02-01,135.552957,139.936414,135.233413,139.601951,131.843078,33808189
2017-02-02,139.310734,140.580526,138.013483,138.942142,131.222096,41811928
2017-02-03,139.56227,141.792557,139.011883,141.127531,133.288248,38776434
2017-02-06,140.333257,145.103732,139.212675,144.749801,136.716047,51714175
2017-02-07,145.354441,145.590109,142.617245,143.796008,135.817422,35610578
2017-02-08,144.638311,145.321346,140.275634,141.711989,133.851234,33817351
2017-02-09,141.930984,144.830516,140.489499,144.26381,136.263744,64852737
2017-02-10,143.835688,145.545386,143.649258,144.732907,136.709073,61584007
2017-02-13,144.794407,144.924435,144.230443,144.508734,136.504055,42242425
2017-02-14,144.49514,144.913055,140.788042,141.703077,133.856009,53044934
2017-02-15,141.137518,142.779377,141.003068,141.763451,133.91524,46529085
2017-02-16,141.937134,142.85956,141.341819,141.532427,133.699202,39989166
2017-02-17,141.492224,145.563066,141.035705,144.928165,136.909248,56754668
2017-02-21,145.133909,146.709684,144.613218,145.682385,137.63078,34066811
2017-02-22,145.9228,147.124747,145.773057,146.949866,138.830491,65148020
2017-02-23,146.866764,150.068215,145.815042,149.317867,141.069971,41656990
2017-02-24,149.174205,150.268948,147.757409,149.821466,141.548077,30733404
2017-02-27,149.110216,152.869842,148.307105,152.752022,144.323916,52795211
2017-02-28,152.489656,154.654689,152.153441,154.008005,145.51299,42552620
2017-03-01,154.096181,156.079102,153.22961,153.674886,145.200631,55575861
2017-03-02,154.498241,154.722949,153.289291,154.056481,145.563575,24344817
2017-03-03,154.178639,154.766776,151.363032,152.737058,144.31926,53709610
2017-03-06,152.785782,153.106162,151.045588,152.670773,144.263738,47085527
2017-03-07,151.843853,152.013609,151.219417,151.736012,143.382806,48991928
2017-03-08,151.915713,152.37919,151.641465,152.04452,143.67669,59450378
2017-03-09,152.518362,153.841504,152.300716,152.777819,144.372004,33429279
2017-03-10,152.831434,153.600974,151.395428,152.459299,144.073375,34338563
2017-03-13,152.431938,153.384883,151.947331,152.211288,143.846094,40937453
2017-03-14,152.826814,153.409319,152.088868,153.238434,144.81917,46304266
2017-03-15,153.839643,155.692077,153.742285,154.80112,146.298402,47198239
2017-03-16,154.414755,154.592414,154.122677,154.357614,145.881653,33408943
2017-03-17,154.055975,157.485579,153.461727,156.24109,147.66413,32408327
2017-03-20,155.647895,156.364699,155.274619,155.70513,147.164844,58339326
2017-03-21,155.872551,156.033889,154.731036,155.35521,146.836529,50810552
2017-03-22,154.904582,155.109083,153.140258,153.856144,145.422052,56820784
2017-03-23,153.227566,154.669989,152.794933,154.279255,145.824364,27176895
2017-03-24,154.342512,155.361931,154.219939,155.280552,146.773198,36515849
2017-03-27,154.725628,157.489949,154.428303,157.357819,148.743988,65800795
2017-03-28,157.827879,159.096061,157.691731,158.824365,150.13272,56795655
2017-03-29,158.621695,159.422231,157.437571,159.156021,150.448699,40607105
2017-03-30,159.192835,159.396048,155.002173,156.10427,147.566331,42207725
2017-03-31,155.514388,155.99532,155.35221,155.770463,147.2532,53148410
2017-04-03,156.087017,157.906001,155.970866,157.002014,148.424726,39947612
2017-04-04,156.998699,159.140632,155.353645,158.058504,149.425953,48722282
2017-04-05,158.065603,159.550802,157.921112,158.530146,149.874298,58839650
2017-04-06,159.126614,159.351304,156.853129,157.367324,148.777411,51905201
2017-04-07,158.011112,159.384245,157.818469,158.285092,149.64754,53356493
2017-04-10,158.737588,161.76116,158.341382,160.999831,152.221639,44680440
2017-04-11,161.052488,162.549342,160.721274,161.727825,152.912452,62773546
2017-04-12,160.401514,160.75052,157.704657,159.005343,150.340835,29468995
2017-04-13,159.202537,159.554104,158.996995,159.41533,150.730957,83015853
2017-04-17,159.448834,159.95346,156.545335,158.025723,149.42687,29546350
2017-04-18,158.438228,160.855639,158.004713,159.897825,151.199586,47281269
2017-04-19,159.262422,160.46042,158.176703,159.710678,151.0251,64934040
2017-04-20,159.454915,161.637141,158.180326,161.383117,152.609094,75977003
2017-04-21,161.481962,161.592717,160.180101,160.916834,152.170662,62733377
2017-04-24,160.769466,161.809394,160.574708,161.393692,152.629123,20968436
2017-04-25,161.717544,162.547084,159.080526,160.557146,151.8405,26567885
2017-04-26,160.611024,163.929516,159.888263,163.048877,154.199488,33017248
2017-04-27,163.118755,163.237295,161.773843,162.778013,153.945854,44933922
2017-04-28,162.900226,163.506526,160.770189,161.253916,152.506958,38203065
2017-05-01,161.057874,163.23335,160.880192,162.366504,153.566763,59046025
2017-05-02,162.493517,162.559649,161.658882,162.352686,153.556217,41325497
2017-05-03,162.184591,162.659981,161.691112,161.88238,153.113907,40629427
2017-05-04,161.549316,162.375719,161.405778,162.300505,153.511906,58862071
2017-05-05,161.837654,162.66993,159.739081,160.74478,152.042921,50521318
2017-05-08,160.521707,160.92704,159.356014,159.504767,150.877471,43940859
2017-05-09,159.486712,160.379381,157.163421,158.05371,149.507355,30968410
2017-05-10,157.388026,160.136828,157.321129,159.979791,151.331774,18746865
2017-05-11,159.420248,160.75448,157.470748,158.092016,149.548503,39493505
2017-05-12,158.168515,158.810384,157.525769,157.96031,149.426369,27361754
2017-05-15,157.690589,158.550608,156.295568,157.285066,148.794938,59491955
2017-05-16,157.816396,158.917735,154.452764,155.69947,147.297351,46777780
2017-05-17,155.307116,157.673105,154.20242,157.316288,148.829364,48254452
2017-05-18,157.484273,157.896316,155.942611,157.068353,148.597246,48406306
2017-05-19,156.501477,159.426031,155.272051,158.636705,150.083479,94765069
2017-05-22,158.839785,160.097626,158.739565,159.35207,150.767703,44489672
2017-05-23,158.239622,161.361824,158.123075,160.87124,152.207535,51963258
2017-05-24,160.882881,164.150353,160.643636,163.876802,155.05378,48774096
2017-05-25,164.268085,165.18425,163.921796,164.649608,155.787537,33347480
2017-05-26,164.621663,167.227505,163.795787,166.859208,157.880802,37490805
2017-05-30,165.989833,166.069556,164.992171,165.260654,156.378539,29037235
2017-05-31,164.736586,165.835948,162.886827,163.256428,154.484569,29695517
2017-06-01,162.590361,162.977547,159.030292,160.500488,151.879202,45083188
2017-06-02,159.905202,161.29025,158.189726,161.200098,152.543739,34682700
2017-06-05,162.160799,162.239676,156.448875,157.576234,149.121823,74829687
2017-06-06,158.197957,158.903432,155.228509,156.44605,148.054708,47501229
2017-06-07,156.454865,162.202242,155.95148,161.972142,153.286914,55528853
2017-06-08,161.66841,163.413182,161.183789,163.023,154.283958,54894037
2017-06-09,161.974161,164.797128,161.023458,164.120585,155.325257,52819203
2017-06-12,164.488638,164.866129,161.097156,161.435136,152.791252,109029654
2017-06-13,161.391479,164.933879,159.845486,163.913324,155.139297,25872510
2017-06-14,164.273799,165.673241,159.681379,160.596608,152.002617,57641360
2017-06-15,159.278912,160.973533,157.790049,160.706727,152.109341,31582596
2017-06-16,159.656971,160.001083,159.496888,159.683896,151.143712,32308789
2017-06-19,159.67659,160.545367,156.227749,156.563181,148.197201,43261708
2017-06-20,156.064581,160.642013,155.869027,158.935506,150.445232,55085122
2017-06-21,157.69906,161.664303,156.44354,160.707026,152.124617,42331579
2017-06-22,160.67952,162.161863,159.738817,161.863294,153.221653,59626165
2017-06-23,163.07117,163.480986,158.509299,159.134983,150.641477,50865653
2017-06-26,159.142006,160.348693,156.219649,157.057009,148.681738,71540640
2017-06-27,158.005492,158.956058,155.387443,156.690966,148.337652,65261880
2017-06-28,157.675288,157.842681,153.259514,153.504621,145.32356,54800579
2017-06-29,155.117561,156.747534,151.195975,151.436831,143.368328,59258058
2017-06-30,151.310698,151.560963,149.610855,150.228466,142.226681,43270993
2017-07-03,149.542266,152.222728,149.257269,150.049959,142.064683,41113137
2017-07-05,149.515969,150.187832,148.411795,149.294489,141.354061,41810510
2017-07-06,148.394797,149.907148,147.398588,149.787511,141.823191,27285197
2017-07-07,149.365693,150.985964,147.678285,150.568232,142.564742,45143460
2017-07-10,149.802814,150.018971,148.786821,149.626576,141.680122,53007545
2017-07-11,149.483054,152.520295,149.063705,152.305107,144.218769,68343167
2017-07-12,150.982228,151.10158,150.430534,150.562214,142.570753,68036486
2017-07-13,150.307765,150.91116,146.617165,148.05297,140.196997,32864784
2017-07-14,148.265265,149.209334,146.19726,146.478126,138.707996,36689232
2017-07-17,146.451391,148.122716,146.38639,147.243371,139.439519,40501217
2017-07-18,145.696428,150.733938,145.000869,149.470352,141.550796,31742989
2017-07-19,148.658951,150.748734,148.289553,150.02357,142.077036,48503103
2017-07-20,150.066123,150.671862,148.876971,149.866644,141.930753,45017673
2017-07-21,150.007897,151.098858,147.878169,148.416594,140.559797,45268769
2017-07-24,148.093757,152.261525,147.984295,151.844694,143.81351,81911104
2017-07-25,151.236556,152.472133,150.994711,151.949498,143.915134,53698520
2017-07-26,152.399136,153.084516,148.678319,149.776144,141.859027,54503404
2017-07-27,149.330187,150.881103,147.753705,150.217103,142.279014,67578267
2017-07-28,149.941392,150.161611,147.811692,147.89106,140.07819,54084911
2017-07-31,148.469248,150.402795,147.394442,149.797191,141.890615,25686664
2017-08-01,149.701817,151.228407,149.450494,149.861592,141.953949,54290493
2017-08-02,149.303799,150.786601,148.533993,150.231121,142.306317,47909291
2017-08-03,150.646963,150.889043,149.809635,149.982802,142.073431,67434087
2017-08-04,148.740142,152.971147,148.317434,152.151296,144.129937,44797471
2017-08-07,152.860247,152.951859,147.964699,148.308761,140.496902,40227201
2017-08-08,148.763526,151.36772,148.668222,150.463307,142.540304,58886847
2017-08-09,150.367854,153.682501,149.354247,152.745304,144.704514,41023725
2017-08-10,153.908626,155.783955,153.558327,155.358134,147.182218,35928812
2017-08-11,155.095628,156.888155,154.683181,156.726442,148.480956,50310720
2017-08-14,157.731146,159.488304,156.811755,158.25936,149.940614,39557585
2017-08-15,158.940141,159.239062,156.047755,156.476221,148.25364,25365134
2017-08-16,157.144332,158.677437,155.052247,155.1907,147.038086,27526555
2017-08-17,154.943936,158.955932,154.085076,158.529118,150.203595,38057820
2017-08-18,158.699295,160.457097,156.637967,156.928602,148.689576,31313842
2017-08-21,158.085366,162.681582,157.936723,160.695907,152.266595,28657042
2017-08-22,160.131787,161.655545,158.343415,158.492412,150.181152,37505311
2017-08-23,158.026015,159.568713,154.982972,157.236093,148.993161,58927005
2017-08-24,157.081654,159.928409,156.818147,158.798429,150.476065,61335413
2017-08-25,159.651424,160.416512,156.988576,158.162551,149.875974,45066541
2017-08-28,158.18455,161.791506,157.938663,161.518921,153.064038,108556280
2017-08-29,161.394167,165.541292,160.67349,164.705578,156.08645,66752482
2017-08-30,163.601996,163.957486,162.694592,162.86317,154.342991,53527302
2017-08-31,163.975432,165.433268,163.302753,164.111449,155.528521,39849199
2017-09-01,165.227066,167.187268,163.472538,164.239916,155.652827,33557154
2017-09-05,162.868038,162.982507,160.176736,161.350703,152.92472,58039907
2017-09-06,161.585883,162.797856,161.02642,162.296973,153.824102,49896424
2017-09-07,161.939188,163.838889,161.523481,163.076403,154.56538,39696677
2017-09-08,162.331595,168.682493,162.023297,168.423033,159.63559,39339586
2017-09-11,168.695093,169.165759,168.241537,168.967811,160.159836,45339851
2017-09-12,168.979473,169.53989,166.793034,168.931669,160.128209,42891283
2017-09-13,168.519928,169.109237,163.892537,164.434306,155.867776,49118347
2017-09-14,164.375546,170.914825,164.291739,170.555639,161.672861,43372830
2017-09-15,169.351561,171.096971,168.017521,170.983162,162.080781,52343898
2017-09-18,172.188028,172.43657,169.950194,171.249858,162.341592,25929485
2017-09-19,170.198562,173.311468,168.390349,172.722459,163.740279,64895999
2017-09-20,172.631201,173.126296,171.863542,172.736628,163.756401,62827913
2017-09-21,172.948342,175.593683,172.455832,174.857164,165.769417,61505114
2017-09-22,174.77003,178.394419,174.173671,177.938879,168.69374,52269221
2017-09-25,177.83164,178.862677,176.737046,178.399361,169.138631,64640166
2017-09-26,178.816898,180.875932,177.468441,180.424095,171.061071,38747082
2017-09-27,179.368164,182.281938,178.363622,182.127014,172.678455,36204937
2017-09-28,182.458491,183.203413,181.968304,182.583423,173.114029,46293572
2017-09-29,181.388408,185.096278,181.242805,184.566163,174.996813,63647566
2017-10-02,183.563261,184.352783,182.846364,183.9863,174.455611,40222140
2017-10-03,183.29071,183.742256,180.8409,182.09597,172.666039,45325211
2017-10-04,182.463234,187.128022,181.674331,186.251449,176.609226,55870674
2017-10-05,186.312238,187.056185,183.871206,183.976649,174.455058,44312829
2017-10-06,182.912445,188.727377,182.640473,187.864291,178.144424,54220565
2017-10-09,188.051487,188.161773,184.773856,186.312197,176.68134,31327671
2017-10-10,186.051125,186.839018,183.437536,183.541804,174.057013,46658464
2017-10-11,185.276283,186.056745,183.445457,185.096266,175.53403,53633549
2017-10-12,185.332415,186.374224,184.584169,186.108699,176.497059,45193500
2017-10-13,185.719548,190.216774,184.377686,189.02513,179.265815,68017711
2017-10-16,188.714366,190.45293,188.111072,189.887613,180.092643,39968145
2017-10-17,190.058222,193.539053,189.892117,193.125817,183.166819,56472576
2017-10-18,192.949823,193.844763,192.646217,193.671577,183.687454,32073237
2017-10-19,193.793795,196.520019,193.4126,196.272807,186.157643,34929698
2017-10-20,196.675213,197.320105,193.913074,195.020613,184.973021,44678537
2017-10-23,194.452831,195.902485,194.302182,195.534194,185.469282,29241880
2017-10-24,194.28956,200.689214,193.130273,199.48001,189.215099,44808115
2017-10-25,199.824085,203.278477,199.178181,203.159001,192.707941,50853640
2017-10-26,201.855842,202.83862,200.981333,202.052889,191.66188,56389818
2017-10-27,202.598651,204.136403,199.847392,200.084641,189.797971,60891348
2017-10-30,199.789045,201.884559,199.04882,200.943497,190.622066,40783849
2017-10-31,200.754086,204.747254,199.415915,203.098635,192.669671,53229595
2017-11-01,203.178213,204.614123,202.900518,203.695933,193.239472,53769059
2017-11-02,204.054146,204.963964,203.740442,204.570639,194.072464,55995388
2017-11-03,203.865155,203.965238,198.703048,200.570973,190.281179,52509392
2017-11-06,199.743967,200.975911,199.535498,200.60233,190.320306,45704836
2017-11-07,200.770936,201.055673,197.771546,199.191257,188.984663,37737871
2017-11-08,199.169703,199.489688,195.000484,197.981342,187.83983,34360839
2017-11-09,197.258189,199.848266,196.496485,197.604381,187.485259,31111636
2017-11-10,198.189334,198.772931,196.770929,197.252168,187.154156,62974633
2017-11-13,196.508961,198.490348,196.108709,196.410969,186.365206,67599943
2017-11-14,196.967288,201.993015,195.726367,201.044204,190.7646,29619623
2017-11-15,200.398261,200.717534,198.518255,199.105715,188.928331,51824235
2017-11-16,198.998088,201.384113,197.633189,198.138681,188.013816,52605411
2017-11-17,198.58398,200.653398,197.967467,199.562526,189.368013,56150055
2017-11-20,199.960635,200.332813,196.040737,196.159918,186.148399,22675089
2017-11-21,196.225271,196.503263,195.202386,195.335438,185.369043,82915415
2017-11-22,195.374756,195.922231,192.102199,193.652322,183.774822,43114812
2017-11-24,192.637089,196.734167,191.889827,196.407015,186.395132,62666236
2017-11-27,196.322498,199.62865,195.14335,198.866139,188.738203,83772275
2017-11-28,198.069724,199.23564,197.000781,197.914523,187.838137,33160251
2017-11-29,198.32156,201.928413,197.763595,201.153042,190.914909,51091361
2017-11-30,201.026795,202.628166,195.698133,198.170682,188.087433,40293873
2017-12-01,198.67792,202.330305,196.676924,200.14679,189.966114,51063746
2017-12-04,202.451175,204.09271,197.176602,197.577545,187.536798,33001600
2017-12-05,197.037372,199.251861,194.298034,194.502122,184.620699,38381698
2017-12-06,195.689767,197.68907,194.973987,197.156498,187.143297,29019886
2017-12-07,196.877132,197.667482,194.563555,196.785166,186.793892,57868072
2017-12-08,197.056745,198.594402,195.63571,198.182826,188.12368,56995090
2017-12-11,197.960217,198.860509,196.241177,198.342997,188.285,64102315
2017-12-12,198.74272,199.502908,197.544582,199.375761,189.268502,51394518
2017-12-13,200.29285,203.461971,197.564249,203.163823,192.867698,50481702
2017-12-14,204.928168,206.520651,203.918635,205.368582,194.963925,36529667
2017-12-15,205.736764,206.90451,203.098547,203.662167,193.347138,53894234
2017-12-18,203.767022,204.513033,202.567508,202.887092,192.620812,50616417
2017-12-19,202.765489,206.312554,201.707456,205.78576,195.376013,28364646
2017-12-20,205.052232,205.299697,204.057911,204.749522,194.395387,38326717
2017-12-21,204.594695,205.923313,201.98858,202.570354,192.329579,53224069
2017-12-22,202.575765,203.530138,201.769417,203.29668,193.022356,47843281
2017-12-26,203.859454,204.782548,201.222532,202.405694,192.189027,53442371
2017-12-27,202.880377,205.002817,202.676444,203.76856,193.48628,64753129
2017-12-28,202.413213,206.376644,202.324337,205.230097,194.877269,71706789
2017-12-29,204.430868,205.744944,203.699045,205.381315,195.024061,39928323
2018-01-02,205.333939,205.743904,204.121117,204.629882,194.323291,56053921
2018-01-03,205.02734,208.789278,203.797687,208.187806,197.705261,50950864
2018-01-04,208.925084,209.159163,206.196421,207.558769,197.111135,53067857
2018-01-05,208.118835,210.647033,207.10053,209.114629,198.591942,53159441
2018-01-08,209.093168,209.808653,205.230236,207.335917,196.912439,43108510
2018-01-09,207.47525,208.079249,207.261973,207.849915,197.403839,58734130
2018-01-10,208.572393,209.370365,207.30757,208.721344,198.234728,61822642
2018-01-11,208.877237,210.767044,207.786142,210.536562,199.962031,49713767
2018-01-12,209.718065,212.339866,208.804035,211.082807,200.484133,27622087
2018-01-16,211.3436,212.741958,211.215085,212.335278,201.686968,28903483
2018-01-17,211.674655,212.235443,208.17497,208.781797,198.314947,58453374
2018-01-18,208.788936,213.593114,208.571524,213.290827,202.601254,53572414
2018-01-19,213.51254,215.196723,210.951431,211.311821,200.724728,60149187
2018-01-22,211.873101,217.548439,211.615429,215.903099,205.096082,32326464
2018-01-23,218.244913,220.482086,216.510989,219.831531,208.831307,35406038
2018-01-24,220.859662,222.886921,217.931112,219.700081,208.709864,57563426
2018-01-25,220.28726,221.352511,217.885262,219.129949,208.171671,62231914
2018-01-26,218.909156,219.533658,217.004777,217.731453,206.846509,56236429
2018-01-29,218.321001,219.790845,216.049854,216.638559,205.818394,51916721
2018-01-30,216.485528,218.831373,214.501617,214.707119,203.986773,47587626
2018-01-31,215.816305,218.03976,214.859238,217.804847,206.933229,35397447
2018-02-01,216.483197,222.691476,215.427932,220.622114,209.613317,41091454
2018-02-02,219.258236,222.395674,218.176514,219.940607,208.96925,32099674
2018-02-05,220.505149,223.255594,219.214358,222.857493,211.751067,51886753
2018-02-06,223.119904,224.086177,220.334833,223.98894,212.829623,107211911
2018-02-07,223.489143,225.692291,223.341397,224.524673,213.34217,38935435
2018-02-08,225.611444,225.910177,223.906213,224.033612,212.879063,53421847
2018-02-09,224.431395,225.494151,223.260853,223.600769,212.471261,82248423
2018-02-12,223.140869,228.009832,223.006126,226.159569,214.913291,51577120
2018-02-13,225.383391,225.692515,223.515623,224.051979,212.914003,37382739
2018-02-14,224.879573,226.109764,224.53108,225.727367,214.509628,46364893
2018-02-15,224.952325,225.142862,221.769568,222.401544,211.352558,27101382
2018-02-16,222.992177,225.328365,221.255568,223.052051,211.974229,46073510
2018-02-20,222.625938,224.233429,221.405204,221.723669,210.725667,75116155
2018-02-21,222.562636,223.243407,218.959773,220.375942,209.448231,21289732
2018-02-22,219.818363,223.040597,219.540626,222.350179,211.328043,32225709
2018-02-23,221.451897,222.942505,221.336968,222.077392,211.072246,39491913
2018-02-26,222.7556,222.983855,217.843014,219.093001,208.24601,52327105
2018-02-27,219.363467,219.907923,217.674575,218.792744,207.964035,70282303
2018-02-28,218.712413,221.05822,217.664203,220.162249,209.269196,40970260
2018-03-01,221.384334,222.176615,219.056115,221.357556,210.408819,39749009
2018-03-02,221.230566,221.38222,220.616599,220.738479,209.823809,49544441
2018-03-05,220.277624,220.685675,217.747923,218.199766,207.420847,59633301
2018-03-06,217.738283,220.323497,217.25818,218.966686,208.153301,31523531
2018-03-07,218.936915,222.629129,218.280295,221.248909,210.326275,54081195
2018-03-08,220.898847,225.745204,220.398281,224.943981,213.842442,47048282
2018-03-09,225.16153,225.307232,222.941623,223.378498,212.357707,56804707
2018-03-12,224.393472,228.96302,224.282572,228.609465,217.341305,62197288
2018-03-13,227.871738,230.528676,227.693436,230.384791,219.032723,31819268
2018-03-14,231.016445,231.460794,228.046527,229.095044,217.810106,40143038
2018-03-15,229.336272,231.014336,229.015397,230.165929,218.831836,26466923
2018-03-16,230.387647,231.543686,228.910189,229.915606,218.59743,38792199
2018-03-19,229.353999,231.860501,227.807929,229.840446,218.536739,36281692
2018-03-20,229.894369,233.810889,229.749205,232.845484,221.397624,32912890
2018-03-21,233.068229,233.397072,231.657085,232.730225,221.291667,68341354
2018-03-22,233.270145,236.188566,232.85,235.930666,224.338494,37477213
2018-03-23,235.209207,239.970719,234.295898,238.198466,226.498589,37879657
2018-03-26,239.272297,239.972131,237.558967,238.512885,226.808741,53247198
2018-03-27,238.853148,241.643128,238.315255,240.639819,228.835063,47562096
2018-03-28,240.698406,244.868311,240.393302,243.72412,231.771869,47513943
2018-03-29,241.923167,246.483347,240.561432,244.807387,232.805836,44926105
2018-04-02,245.359744,246.59918,241.934105,242.925046,231.030956,20984248
2018-04-03,243.295369,245.930812,241.967588,245.009556,233.017232,57727953
2018-04-04,245.845828,246.58619,244.763506,245.071588,233.080057,26667607
2018-04-05,246.397344,249.303066,245.823067,248.156282,236.017692,47361647
2018-04-06,248.515729,255.573637,247.175912,253.450822,241.057209,55577640
2018-04-09,253.653365,255.789803,253.014161,254.884794,242.433007,67360360
2018-04-10,253.493517,257.919234,253.250579,257.46403,244.890264,46531322
2018-04-11,257.039268,257.62719,254.503279,255.047384,242.595625,40698716
2018-04-12,256.029771,262.997742,255.23975,261.194748,248.446947,31455700
2018-04-13,259.51323,266.111818,257.857195,265.106063,252.17151,49905261
2018-04-16,264.845948,269.010335,263.933585,267.605354,254.561405,41476171
2018-04-17,267.607853,273.712638,266.60471,272.663405,259.377171,75397936
2018-04-18,271.707815,273.738636,270.579103,273.338259,260.023412,27672515
2018-04-19,272.191882,272.984833,269.246195,271.587918,258.362578,130892360
2018-04-20,270.277285,272.458402,270.129247,271.11084,257.912968,59690523
2018-04-23,271.085551,271.259024,268.899054,269.692614,256.576427,62263031
2018-04-24,270.747644,271.307157,268.038493,268.583369,255.525326,35623900
2018-04-25,270.415204,271.488702,267.969301,268.321088,255.279991,52912533
2018-04-26,269.08642,270.952198,266.850428,268.009118,254.987371,38834453
2018-04-27,268.447566,269.225728,265.361173,265.9726,253.053958,79354581
2018-04-30,266.886976,268.057624,263.912578,264.547952,251.710912,43221377
2018-05-01,264.275574,268.340841,262.823465,267.152792,254.193529,20064672
2018-05-02,267.260642,268.021884,265.634611,266.923154,253.979203,43048190
2018-05-03,265.445502,270.024809,264.655974,268.017498,255.024668,28989758
2018-05-04,268.376717,270.066927,266.280334,267.521235,254.556644,41568485
2018-05-07,266.504106,271.277406,265.581477,270.782832,257.672876,73212401
2018-05-08,271.044892,272.261809,267.199793,269.362167,256.325203,46265832
2018-05-09,268.931642,269.361106,267.816711,268.786581,255.781677,49219018
2018-05-10,267.504597,269.016,265.049509,268.289453,255.312796,35769903
2018-05-11,269.537309,270.898891,267.745075,268.788914,255.792301,56104226
2018-05-14,268.653491,270.339831,268.258648,270.097184,257.049981,35944631
2018-05-15,269.868478,272.989374,268.470552,272.494581,259.33583,37960450
2018-05-16,271.825948,273.62743,271.402191,272.140148,259.002767,43385474
2018-05-17,272.440905,272.790494,271.395501,272.370616,259.226368,42381783
2018-05-18,271.481949,275.359502,270.706565,272.756185,259.597594,73563980
2018-05-21,272.542175,278.264099,272.024737,277.775709,264.38799,63277724
2018-05-22,278.598655,284.373594,277.845975,283.133585,269.492063,60487727
2018-05-23,282.27018,283.062988,279.263006,279.728775,266.255673,57439793
2018-05-24,280.343778,283.130971,278.970028,281.577789,268.020032,34064668
2018-05-25,283.377612,285.02686,282.160501,282.283531,268.696207,44725403
2018-05-29,282.224969,283.542455,282.044829,282.189308,268.62417,44146046
2018-05-30,283.83627,286.1433,281.139756,282.850735,269.258224,38789581
2018-05-31,282.652274,285.256852,281.722067,283.403624,269.788976,33560874
2018-06-01,283.840892,284.225665,281.372526,282.743371,269.164863,39078405
2018-06-04,281.796483,282.186972,276.751087,277.375244,264.067549,43391618
2018-06-05,279.926965,280.862411,276.676812,279.026993,265.644415,33860241
2018-06-06,277.327565,282.060421,276.785538,281.123763,267.645018,36490642
2018-06-07,281.158149,281.819326,279.086932,280.49783,267.053482,45688526
2018-06-08,280.186949,281.832727,279.738842,280.126625,266.70445,35258838
2018-06-11,280.163352,281.359168,279.216381,280.787994,267.347305,54414356
2018-06-12,284.087436,285.166342,282.249317,282.984343,269.442945,48334915
2018-06-13,283.530755,286.505385,282.875946,284.704693,271.085426,26717059
2018-06-14,283.890124,285.391244,282.489045,283.297141,269.749638,39043834
2018-06-15,283.743057,284.170979,282.31676,282.873287,269.350477,42788807
2018-06-18,282.567392,284.992951,281.805565,284.422271,270.838759,33792776
2018-06-19,284.519074,286.544667,283.45539,285.106216,271.4945,51982402
2018-06-20,285.831793,293.09285,284.972371,292.090858,278.150246,120558948
2018-06-21,294.004475,299.551126,293.463979,296.229878,282.096357,34241599
2018-06-22,297.296375,298.260433,290.51079,290.933761,277.057476,47182492
2018-06-25,290.669345,292.601101,290.10528,290.688015,276.837094,36821576
2018-06-26,290.351728,296.135524,289.878034,293.632534,279.645904,26855142
2018-06-27,293.941878,295.234817,292.055879,294.978883,280.932737,53329524
2018-06-28,293.947917,296.148721,290.572681,293.681691,279.701908,47980479
2018-06-29,294.627695,295.790625,292.534935,293.609234,279.637494,68672753
2018-07-02,293.876098,295.220893,292.157511,294.532099,280.530268,50890246
2018-07-03,295.145963,296.180252,293.619814,293.77983,279.818358,51524850
2018-07-05,293.227796,293.969045,292.166947,292.471528,278.581384,43498813
2018-07-06,290.378033,295.141795,289.417784,294.233811,280.264576,43649308
2018-07-09,295.719043,296.18702,291.019415,292.963833,279.068644,44241809
2018-07-10,292.635627,293.553591,288.163977,289.049034,275.344046,35320661
2018-07-11,288.19177,290.145436,287.818674,288.591739,274.912949,34721080
2018-07-12,286.828978,290.009454,285.56113,288.926165,275.236046,65277454
2018-07-13,288.021464,291.760943,286.906701,290.403346,276.647778,41150580
2018-07-16,289.895968,290.085453,289.197958,289.603182,275.899112,49877350
2018-07-17,288.773438,289.056247,286.449561,288.174548,274.54259,61824404
2018-07-18,287.250168,289.864141,285.896738,288.988503,275.322565,33056054
2018-07-19,289.290637,291.701701,287.312282,288.123991,274.503444,31051679
2018-07-20,288.72897,295.63234,288.206112,293.770859,279.887964,55169560
2018-07-23,292.713412,296.094625,290.386071,291.136315,277.391592,30550860
2018-07-24,292.202952,294.091435,286.150378,287.45816,273.891584,32085283
2018-07-25,287.961991,291.832627,287.366551,288.635072,275.017469,43674342
2018-07-26,286.69701,290.883782,285.28262,290.36889,276.674032,61019476
2018-07-27,289.563696,294.14215,289.310706,293.326142,279.496401,66792645
2018-07-30,293.630274,294.948055,290.909788,292.817661,279.025644,45069490
2018-07-31,293.063693,297.332227,292.773765,293.935321,280.095262,62879711
2018-08-01,292.077515,295.077652,290.776482,292.357506,278.596316,36349956
2018-08-02,293.48656,293.782121,291.062432,291.738383,278.010901,58809383
2018-08-03,293.292301,293.553384,292.931394,293.158861,279.36913,39843022
2018-08-06,294.26961,296.064656,291.690769,292.151594,278.422963,70792151
2018-08-07,290.27011,295.901003,289.789937,294.02253,280.210585,76275891
2018-08-08,294.904083,297.421946,293.026778,296.461143,282.539283,28789994
2018-08-09,295.940886,297.894786,294.972517,296.881651,282.944691,16066409
2018-08-10,296.4008,299.876163,293.672856,294.040139,280.241176,32650568
2018-08-13,292.927038,300.1608,292.210741,297.19957,283.266299,36361161
2018-08-14,296.719423,299.804326,294.842059,297.612012,283.664064,65979491
2018-08-15,298.119969,301.018734,297.704734,299.482385,285.451469,70855770
2018-08-16,300.032309,301.792682,296.24613,298.771208,284.778289,66253861
2018-08-17,297.325374,303.436558,297.127295,303.031541,288.843834,64907913
2018-08-20,303.24941,303.564151,302.287327,303.3259,289.13866,48422097
2018-08-21,303.365557,306.058294,302.313045,305.691934,291.398816,29091506
2018-08-22,305.269551,305.979491,297.844678,299.868818,285.852665,42442720
2018-08-23,299.214767,301.652352,298.216247,299.501725,285.507421,50219032
2018-08-24,299.603894,301.488288,297.867857,301.31333,287.239096,55267170
2018-08-27,301.117525,301.305189,297.897306,299.436111,285.463629,42858534
2018-08-28,300.232147,300.684477,296.20916,298.463924,284.541481,54397265
2018-08-29,298.733212,300.695829,298.552505,300.223518,286.223697,42155348
2018-08-30,300.148303,301.555394,295.74903,296.446188,282.627152,61621281
2018-08-31,297.076263,298.057639,292.721223,293.242197,279.57711,51621347
2018-09-04,294.602327,295.342207,290.672777,290.948058,277.408105,55662272
2018-09-05,290.748401,293.830782,288.625797,292.316469,278.717413,39445669
2018-09-06,291.726429,292.654231,290.356885,292.131343,278.545474,47774452
2018-09-07,292.384429,294.154222,290.470239,293.312488,279.676283,42422750
2018-09-10,291.502638,298.353618,291.314297,296.180694,282.425063,47577144
2018-09-11,295.204255,297.768351,294.593744,297.545908,283.731533,30234215
2018-09-12,297.641397,298.234019,295.407718,297.246771,283.45094,33611315
2018-09-13,297.280631,297.46807,294.075883,296.549101,282.790296,37831123
2018-09-14,298.703664,299.568293,296.548646,298.08351,284.258183,34357034
2018-09-17,297.751296,303.1849,296.926044,300.943876,287.000028,38692721
2018-09-18,301.254915,305.30194,300.036934,304.708396,290.594897,93256206
2018-09-19,306.24484,306.576704,301.303448,302.619939,288.607914,49471884
2018-09-20,302.020001,306.417262,301.783343,304.546512,290.450054,51778319
2018-09-21,302.885333,309.214122,302.189627,307.995969,293.744672,56680787
2018-09-24,308.472952,308.765001,304.161953,306.09419,291.945277,65266510
2018-09-25,306.981154,310.874684,306.278577,309.965577,295.642569,52734069
2018-09-26,308.26698,309.875631,306.118748,308.158594,293.923912,56035638
2018-09-27,309.0348,309.552046,301.998625,303.695747,289.671975,32927090
2018-09-28,304.788374,308.550262,304.053901,305.881244,291.761345,57816517
2018-10-01,304.287852,309.37953,303.248984,307.268808,293.099301,44770912
2018-10-02,305.637482,306.606722,303.449451,304.387698,290.35582,99112314
2018-10-03,303.994062,305.141219,295.419296,297.115461,283.42348,54339743
2018-10-04,296.691754,298.431443,295.229868,297.902743,284.17915,54017554
2018-10-05,296.018953,298.259775,294.246005,297.033144,283.354266,47959181
2018-10-08,297.630554,301.080409,296.424718,298.301741,284.578466,48001918
2018-10-09,297.144856,306.836139,296.38783,305.595092,291.541078,50443053
2018-10-10,305.755329,310.95999,304.794256,310.541641,296.265006,53457613
2018-10-11,308.45227,313.045047,305.939819,311.428207,297.115695,83247581
2018-10-12,311.848882,316.715724,310.847171,315.710829,301.206446,58932914
2018-10-15,315.844382,318.084888,313.979073,314.889336,300.437499,40478060
2018-10-16,316.521361,318.359591,315.650996,317.226092,302.671982,37346662
2018-10-17,319.364005,321.549969,317.276857,320.609862,305.905532,59528855
2018-10-18,320.874023,323.481291,317.708441,319.696168,305.038754,47040447
2018-10-19,319.945166,322.556565,318.816115,321.914169,307.160111,36667044
2018-10-22,323.311414,323.786758,316.329878,317.618953,303.07669,50376960
2018-10-23,321.106882,321.321224,319.676818,320.609115,305.934971,42860380
2018-10-24,320.447367,321.49977,317.378497,321.336172,306.633788,61509489
2018-10-25,320.683361,321.013222,318.193716,319.324263,304.718938,48691017
2018-10-26,318.508937,319.196733,316.388149,317.052898,302.556431,63366971
2018-10-29,317.234305,317.399254,312.61181,313.505912,299.186366,58004389
2018-10-30,314.243894,315.431278,311.105166,312.064735,297.815908,35183001
2018-10-31,312.558244,313.461843,311.047771,312.547875,298.281888,42918276
2018-11-01,313.069596,318.578882,311.422145,316.46999,302.029943,52078730
2018-11-02,317.160469,318.242839,316.364766,317.113339,302.648908,59034072
2018-11-05,317.024203,319.115151,313.438581,314.0322,299.723079,54126622
2018-11-06,314.9536,316.083768,313.480388,315.61311,301.236902,40636504
2018-11-07,315.506554,318.079045,312.895692,317.398498,302.945942,42859297
2018-11-08,317.706774,319.057377,315.14426,315.469038,301.109285,75816606
2018-11-09,315.952614,316.294512,313.606677,314.823489,300.498057,37601447
2018-11-12,314.493629,317.706273,312.409606,317.394426,302.966938,45215295
2018-11-13,319.194146,323.350944,317.80494,322.852668,308.182133,56488525
2018-11-14,322.631177,323.190835,316.770047,319.475299,304.963242,28531562
2018-11-15,320.509079,331.015556,320.065692,328.997807,314.058353,45360133
2018-11-16,330.784046,333.031155,325.76503,326.324131,311.511203,36068730
2018-11-19,328.280172,331.285124,328.047964,330.879884,315.875722,46793306
2018-11-20,330.897028,332.785393,329.50356,331.186922,316.17403,41954877
2018-11-21,331.53845,336.928674,331.272193,334.319991,319.170318,32448799
2018-11-23,332.058424,335.400205,331.420633,333.796242,318.680773,34583521
2018-11-26,332.089817,343.974037,330.005646,339.758866,324.389375,47326875
2018-11-27,339.606808,342.457966,339.405811,339.940812,324.568422,45397852
2018-11-28,341.028498,345.609461,339.548184,341.125667,325.705047,32250203
2018-11-29,339.845145,351.713083,335.551948,349.488053,333.694892,59031421
2018-11-30,351.491029,355.76477,350.560893,354.577747,338.560147,62429720
2018-12-03,353.610842,358.314932,350.804334,357.468488,341.337123,42358584
2018-12-04,358.259542,362.192992,353.594072,356.068786,340.006171,56552144
2018-12-05,357.439844,360.214742,354.420407,359.36157,343.156051,59914753
2018-12-06,361.85922,362.356322,361.482358,361.965093,345.647845,61173067
2018-12-07,361.668649,361.950299,353.969662,359.014126,342.835539,31469552
2018-12-10,358.461174,365.748497,357.350136,363.205783,346.855396,39227918
2018-12-11,366.157246,371.911772,365.50151,369.134333,352.522853,43939018
2018-12-12,368.606494,369.63893,365.989745,368.648756,352.064911,63703900
2018-12-13,370.590978,373.854025,368.676176,372.509611,355.757927,53041837
2018-12-14,373.48425,374.296932,369.543919,369.98472,353.352384,36707531
2018-12-17,369.678174,378.012469,369.170775,377.638315,360.679693,37914550
2018-12-18,378.285059,383.523673,377.918318,380.845063,363.748411,31754501
2018-12-19,382.646526,384.732222,379.222152,380.000727,362.94794,49013052
2018-12-20,380.139924,380.716808,377.551994,378.558221,361.576107,35753713
2018-12-21,379.966096,380.86705,370.71763,371.665015,354.997962,46780272
2018-12-24,371.167727,375.844003,369.640836,375.154287,358.348419,77526474
2018-12-26,376.812117,378.206855,363.49786,365.770037,349.396037,31806385
2018-12-27,365.265707,368.107274,363.807699,364.132599,347.837613,55590445
2018-12-28,362.593716,370.825648,360.296327,368.846901,352.346738,53844380
2018-12-31,369.872111,376.46382,368.757819,375.465644,358.687071,70731165
2019-01-02,377.580364,378.135952,376.110344,376.845458,360.017053,69316773
2019-01-03,375.71599,377.241644,370.050154,376.57604,359.765576,43066637
2019-01-04,376.029975,381.063023,371.577957,377.316157,360.478575,45431957
2019-01-07,376.776816,379.669108,368.495151,370.287577,353.781077,48663194
2019-01-08,370.34884,371.381876,361.826334,362.954581,346.780665,43759681
2019-01-09,364.342106,366.364013,361.220105,363.738153,347.535029,67199436
2019-01-10,363.874896,364.352972,358.584394,359.759972,343.739706,32135337
2019-01-11,360.80446,366.833562,359.711362,363.845052,347.648587,38797725
2019-01-14,366.114946,370.760788,365.334903,366.778073,350.468316,35134284
2019-01-15,368.714045,374.151509,368.26432,373.298167,356.704337,68198691
2019-01-16,373.305656,374.758483,359.987292,363.07257,346.938987,27420779
2019-01-17,362.855198,372.031363,362.430584,366.132701,349.868884,33056920
2019-01-18,368.271762,368.475108,364.383012,366.984519,350.688625,45341217
2019-01-22,366.243493,370.3844,363.316409,369.279082,352.904485,42405749
2019-01-23,368.10939,376.448756,366.591039,375.700263,359.046836,46647800
2019-01-24,373.441746,373.879465,372.294445,372.460857,355.956869,44129868
2019-01-25,369.952596,381.855088,367.489423,380.454375,363.602161,79838962
2019-01-28,379.184287,379.873229,367.947342,368.909472,352.586015,68766560
2019-01-29,364.851043,375.796942,363.880271,373.482764,356.962813,52880226
2019-01-30,372.51112,382.979034,371.935963,382.092522,365.197741,62798747
2019-01-31,384.670586,389.76833,383.070293,389.211022,372.007598,30132143
2019-02-01,389.707626,391.058922,385.519777,390.484105,373.230541,45205520
2019-02-04,391.38378,399.716349,389.062252,397.508054,379.96286,37987829
2019-02-05,397.547628,399.570135,391.418912,391.685039,374.403012,55485600
2019-02-06,390.710035,392.803905,389.815141,390.072733,372.867969,47437595
2019-02-07,387.167817,395.67038,384.096004,393.435827,376.088907,53680286
2019-02-08,390.451548,392.275019,389.336348,390.275542,373.07409,62225371
2019-02-11,390.537005,396.761936,390.322228,396.226761,378.781674,46059911
2019-02-12,396.155149,404.890715,392.259049,401.10931,383.455553,61883373
2019-02-13,404.852019,406.144728,399.53963,399.737383,382.150285,38458148
2019-02-14,400.439515,402.854448,397.32515,399.195709,381.638713,68110667
2019-02-15,399.697745,408.631051,398.270202,405.455573,387.62963,46004808
2019-02-19,403.08722,420.060357,397.789491,414.78962,396.579361,66490256
2019-02-20,415.309712,415.941567,409.233823,409.949568,391.958238,43740749
2019-02-21,409.578647,409.930028,402.294528,405.227843,387.450098,31559333
2019-02-22,407.585103,408.079285,400.598056,402.230868,384.590921,39762105
2019-02-25,402.46779,403.903292,399.318066,403.693743,386.008664,48534585
2019-02-26,404.132318,404.899197,399.993549,404.717735,386.994153,63938257
2019-02-27,406.469626,412.923499,404.723753,411.897523,393.865991,48605725
2019-02-28,412.306153,413.472928,406.883372,409.391786,391.476378,33153569
2019-03-01,410.807292,415.935467,408.475958,411.530673,393.52813,56238819
2019-03-04,411.746897,413.913905,404.721524,406.29894,388.544408,73288938
2019-03-05,402.842561,411.54707,400.141488,410.74404,392.801717,62773532
2019-03-06,408.984556,410.110741,407.77147,409.890938,391.99232,32169789
2019-03-07,411.854685,412.267427,411.323521,411.919462,393.938737,46104925
2019-03-08,411.911054,418.230286,409.297018,417.562845,399.34234,38777925
2019-03-11,415.314056,417.116921,409.895179,410.888853,392.978936,41529022
2019-03-12,413.661286,414.155182,400.604972,401.544914,384.048592,39478577
2019-03-13,404.682392,407.223504,402.566695,405.558965,387.894112,29645041
2019-03-14,404.677759,421.558448,402.720428,415.078431,397.005462,68621315
2019-03-15,413.334341,423.240062,410.900447,418.28936,400.083156,28866522
2019-03-18,419.286624,423.164769,418.629947,422.57557,404.202726,58442948
2019-03-19,425.625183,426.990738,423.207634,423.607264,405.19622,60212082
2019-03-20,421.810624,437.132795,420.772091,436.03845,417.093967,61311816
2019-03-21,434.837885,438.549359,431.804072,436.450675,417.49514,59865374
2019-03-22,435.826863,448.507667,429.480929,442.818352,423.59322,58593326
2019-03-25,445.291157,445.792574,435.792852,440.633029,421.523547,34171004
2019-03-26,439.031312,450.057185,437.121596,449.868948,430.365989,46999777
2019-03-27,452.733682,453.262451,444.084851,447.197786,427.817657,52996318
2019-03-28,447.919191,450.483607,439.031609,442.160515,423.005634,29412308
2019-03-29,444.388529,446.293614,442.096225,444.299957,425.059376,45311151
2019-04-01,442.247543,446.106243,440.45098,443.900053,424.697718,60500576
2019-04-02,443.327297,455.532458,442.777002,452.681282,433.106202,48768833
2019-04-03,450.601176,453.133218,449.066782,449.4246,429.997411,46880473
2019-04-04,445.348708,454.698092,442.890937,452.275539,432.732221,45666797
2019-04-05,452.727333,452.960817,448.263112,448.617677,429.23947,51680187
2019-04-08,448.660348,456.035638,444.551151,455.162601,435.523147,38773858
2019-04-09,452.529579,455.834391,449.046068,450.897355,431.449026,25666806
2019-04-10,450.029176,459.272166,449.483338,458.209174,438.45267,60176517
2019-04-11,454.715057,466.894007,453.679992,465.7844,445.708599,50373882
2019-04-12,464.333181,467.294655,459.947939,463.186513,443.229964,68751029
2019-04-15,462.246655,468.843975,460.066882,466.441558,446.366761,37430221
2019-04-16,468.23797,469.928955,465.337363,465.864838,445.822185,65674722
2019-04-17,462.477907,468.767756,459.89385,467.637406,447.525844,33784716
2019-04-18,466.583134,473.633943,464.211365,472.47869,452.166348,46477787
2019-04-22,467.710792,479.324842,464.410033,477.98606,457.46701,61100268
2019-04-23,479.494366,482.427166,471.229507,473.718546,453.39014,35194621
2019-04-24,474.611366,478.366291,472.441742,473.387845,453.081073,29163976
2019-04-25,474.072855,474.356712,464.894667,467.525631,447.477679,31756599
2019-04-26,469.683459,471.276677,461.539528,462.423989,442.602071,59192918
2019-04-29,462.772286,464.842889,458.031115,461.644318,441.877597,32673121
2019-04-30,463.824627,465.626348,453.727689,454.424199,434.973774,25409538
2019-05-01,455.382302,459.839774,453.978188,459.080406,439.437904,59884167
2019-05-02,458.381535,460.475586,453.298862,458.496628,438.886313,62592909
2019-05-03,456.932773,465.746179,456.329147,463.319681,443.510365,60829676
2019-05-06,461.676297,465.444405,461.213798,464.319026,444.488888,31322934
2019-05-07,462.548239,468.731952,462.327091,466.376323,446.465656,47204344
2019-05-08,466.653623,473.639269,466.275345,471.796592,451.661941,74043946
2019-05-09,471.820503,472.249878,467.430893,470.258547,450.196929,25604140
2019-05-10,471.586707,473.677871,470.977774,473.183647,453.004683,53695323
2019-05-13,474.489998,475.844814,463.657549,465.234391,445.416374,64540276
2019-05-14,466.688817,468.343876,460.175632,465.052676,445.249714,43360328
2019-05-15,463.849747,464.559451,456.346882,461.927106,442.264503,72917882
2019-05-16,463.863402,465.216957,453.806129,454.847702,435.493598,68433185
2019-05-17,456.899521,460.496155,456.375311,457.483278,438.024224,32598454
2019-05-20,456.346954,458.90935,452.28321,458.540506,439.058119,43527083
2019-05-21,461.309559,463.746072,458.342116,458.538323,439.063242,66539024
2019-05-22,456.04236,464.292888,453.637785,460.74204,441.180609,32539076
2019-05-23,461.037255,465.521705,459.217986,464.014922,444.321836,42165898
2019-05-24,463.316178,465.382325,456.361728,458.773264,439.309853,41531275
2019-05-28,459.567033,461.529116,455.851378,456.731398,437.383352,33829041
2019-05-29,456.246199,458.231135,449.134762,451.037172,431.93744,68177752
2019-05-30,448.25065,457.350338,446.83084,453.159092,433.976634,92597881
2019-05-31,452.224825,460.324487,450.687952,459.100648,439.673904,36719190
2019-06-03,459.587892,469.330719,457.038955,468.400843,448.602669,85463162
2019-06-04,465.35539,477.584146,464.038291,475.9119,455.80374,48165475
2019-06-05,477.008936,480.709532,476.004932,479.393804,459.14607,41130363
2019-06-06,482.036738,483.2137,474.746842,476.564037,456.443318,25690642
2019-06-07,477.049425,482.419429,476.729468,481.208963,460.899706,38746685
2019-06-10,482.808855,489.027325,482.076971,488.474967,467.882108,68484307
2019-06-11,488.106718,490.30348,481.795841,482.495414,462.162229,49892163
2019-06-12,484.181652,484.889585,478.381133,479.93951,459.721587,42176949
2019-06-13,478.103283,482.848479,476.534408,481.137368,460.876554,48414147
2019-06-14,479.998849,484.994255,478.481763,481.99979,461.710244,83976353
2019-06-17,481.084213,481.835796,478.788641,481.259442,461.02378,49926454
2019-06-18,482.269817,483.620778,475.974991,479.148029,459.008687,66395296
2019-06-19,480.50939,481.54844,474.372963,475.418835,455.443718,53560957
2019-06-20,474.014981,476.624594,471.338456,474.681169,454.744516,53410646
2019-06-21,475.385935,475.802121,470.974366,474.443814,454.524596,51748419
2019-06-24,475.626892,479.97224,471.422229,478.243549,458.187382,55552579
2019-06-25,478.380633,483.02833,475.842891,482.080098,461.870623,59088726
2019-06-26,482.948925,483.270204,473.575122,477.167831,457.171796,39513013
2019-06-27,477.695147,480.495106,475.606131,479.481736,459.396282,39323329
2019-06-28,479.180453,480.511969,473.139293,473.473841,453.647509,31085326
2019-07-01,474.359005,476.949662,467.401338,470.252951,450.583696,42317040
2019-07-02,470.390861,475.095078,469.11722,472.689297,452.925577,64603566
2019-07-03,474.286483,478.093294,473.036248,473.534089,453.742501,49280170
2019-07-05,473.552865,481.227934,472.353671,478.365878,458.387403,38545960
2019-07-08,475.565642,482.700153,475.317181,482.144137,462.030635,39866358
2019-07-09,481.300026,491.151346,479.741591,488.847631,468.462177,51482777
2019-07-10,486.879165,490.543283,481.393215,483.900399,463.728867,49336324
2019-07-11,483.069237,490.358572,480.219034,488.686143,468.322808,68422353
2019-07-12,487.152234,490.67388,486.453965,488.598938,468.246929,93498949
2019-07-15,490.940344,492.12818,487.271843,490.02576,469.637463,34154570
2019-07-16,489.703023,492.256843,487.819228,488.911789,468.577538,35861765
2019-07-17,491.180713,493.061688,488.262281,490.661115,470.261833,47747319
2019-07-18,489.815401,493.27153,486.246266,486.981924,466.743272,38736326
2019-07-19,484.619031,486.942815,481.402469,482.811095,462.753381,29371098
2019-07-22,483.667689,484.251295,479.282952,481.603402,461.618608,50118674
2019-07-23,479.693867,485.560196,478.541232,484.284554,464.196128,41221410
2019-07-24,485.131137,488.456493,483.261072,483.527313,463.477911,43285036
2019-07-25,484.912584,488.149493,480.035579,481.04779,461.108776,33998984
2019-07-26,479.006915,487.894702,478.631922,485.23242,465.127598,33761297
2019-07-29,486.548376,489.429182,478.034983,479.780409,459.924147,39723195
2019-07-30,480.562159,481.265207,474.149768,474.736473,455.096436,42707484
2019-07-31,474.674829,475.45932,468.930999,471.788721,452.278063,91854493
2019-08-01,472.330769,473.128722,470.888462,471.739624,452.238425,31656225
2019-08-02,469.601219,479.074208,467.114742,478.259286,458.496104,65785839
2019-08-05,478.456259,486.380003,475.475316,482.50368,462.587902,48374549
2019-08-06,486.153159,490.377739,477.52356,481.677106,461.803031,57289214
2019-08-07,483.982039,490.790775,483.786651,490.454619,470.226108,36975085
2019-08-08,492.257022,495.441137,488.218221,488.573197,468.429979,29380942
2019-08-09,489.809968,491.137861,478.562092,479.939578,460.159871,34659029
2019-08-12,481.053076,482.145354,476.676819,478.847247,459.135185,53485323
2019-08-13,477.835439,479.619444,474.800889,475.294659,455.736327,39787393
2019-08-14,476.923024,493.735184,472.59216,493.104869,472.821416,41997730
2019-08-15,488.854848,492.300834,484.59619,487.452841,467.409558,92874773
2019-08-16,487.919363,494.717919,485.161393,494.285268,473.968832,46407386
2019-08-19,492.843374,496.307081,489.237611,490.497316,470.359754,38812980
2019-08-20,490.344018,492.384053,483.022383,483.935757,464.075206,40227289
2019-08-21,483.613556,488.627146,474.379485,477.223074,457.645527,26382117
2019-08-22,476.732699,483.652053,466.806816,467.102833,447.947815,42677826
2019-08-23,467.898022,473.600095,464.597903,471.501785,452.173802,33065859
2019-08-26,469.454596,475.209361,466.872378,468.16685,448.997702,26641932
2019-08-27,473.021008,476.939548,469.577139,469.891353,450.658997,45783413
2019-08-28,468.641835,474.597559,466.09412,472.448853,453.119264,28766494
2019-08-29,472.901284,473.385422,469.999748,471.562919,452.277006,94404419
2019-08-30,471.675826,472.724025,468.229295,468.779598,449.614903,31058936
2019-09-03,467.803481,482.36559,466.135776,481.913684,462.242412,38937667
2019-09-04,485.551729,486.057062,472.317053,473.267484,453.956599,78356159
2019-09-05,475.025957,480.813695,473.722434,480.578366,460.976745,40953551
2019-09-06,480.956183,491.073278,477.017755,485.880155,466.069943,55024226
2019-09-09,484.378018,487.57234,481.029128,487.135776,467.297399,39791832
2019-09-10,488.954805,491.250578,483.132813,489.386508,469.464182,44348482
2019-09-11,486.974281,491.863508,485.17672,491.429914,471.432148,44176212
2019-09-12,490.207478,493.079592,488.068548,492.238011,472.215118,34061119
2019-09-13,491.315953,492.588163,483.567465,484.155359,464.468876,47080870
2019-09-16,484.817669,487.793519,482.742603,486.480861,466.72282,38146537
2019-09-17,485.986716,488.045099,481.315018,486.092476,466.35787,22677220
2019-09-18,487.718111,488.961627,483.95611,484.627927,464.960417,41006056
2019-09-19,481.996289,490.022292,479.816573,486.526185,466.789306,34892253
2019-09-20,487.655956,488.380821,483.872639,486.629465,466.896067,82936526
2019-09-23,488.378375,490.52419,484.974803,486.026666,466.340693,27655954
2019-09-24,486.818203,490.06599,483.332293,488.344571,468.572411,39324420
2019-09-25,487.92615,495.722891,487.719369,493.80991,473.824252,31776192
2019-09-26,493.887608,500.48881,492.147797,499.855533,479.633074,29087494
2019-09-27,496.226257,503.474279,494.623061,500.026515,479.80502,28129163
2019-09-30,501.811241,505.542995,499.982749,500.881711,480.649317,33866086
2019-10-01,501.003343,502.064939,496.73031,500.926345,480.700045,58652164
2019-10-02,500.549147,502.126072,493.707217,494.467829,474.510104,30492408
2019-10-03,494.123349,495.436147,488.651106,490.919351,471.112589,30560328
2019-10-04,491.979593,496.238421,489.97197,491.743686,471.911418,48622975
2019-10-07,489.360433,492.392153,486.470874,489.902186,470.167356,69343744
2019-10-08,491.269042,491.698986,485.167285,486.981814,467.372303,57198484
2019-10-09,488.57241,489.446803,486.842301,487.760785,468.127597,49171136
2019-10-10,487.529338,498.021244,487.198152,495.769651,475.821909,51809469
2019-10-11,494.884549,501.764245,493.405261,500.063729,479.951095,56921018
2019-10-14,498.83579,501.660644,498.234353,500.554277,480.44559,83630809
2019-10-15,501.684677,507.193284,501.171015,506.947661,486.590127,103263166
2019-10-16,505.535383,505.79006,489.551052,492.542175,472.770888,42589212
2019-10-17,491.029826,493.064123,485.71717,489.311798,469.677899,14254005
2019-10-18,492.901144,498.969778,475.595289,479.2337,460.011747,39146566
2019-10-21,480.277635,481.214208,474.684269,476.469081,457.380555,43216085
2019-10-22,475.691789,477.077631,468.477957,471.365088,452.488474,47554055
2019-10-23,473.55655,475.918462,468.352366,470.177679,451.356031,32289583
2019-10-24,466.143153,472.593,465.00948,467.079031,448.388791,64050724
2019-10-25,468.010748,487.281965,465.728385,480.998961,461.759298,61058048
2019-10-28,483.124882,498.625439,480.977918,495.758821,475.952227,41909638
2019-10-29,496.56598,500.929593,495.951095,496.289502,476.469534,28914043
2019-10-30,497.025371,500.453152,491.515184,493.781101,474.069096,30325303
2019-10-31,492.446095,500.073157,489.454459,496.161971,476.362746,41955003
2019-11-01,495.263054,496.932543,489.362999,490.260691,470.704687,32288648
2019-11-04,490.221967,496.754019,488.723231,494.675052,474.96637,34966572
2019-11-05,495.110785,499.797056,492.125101,494.545394,474.849679,74673380
2019-11-06,494.200327,496.744613,487.995184,488.972232,469.506186,44592748
2019-11-07,487.071253,493.536483,483.394386,492.583644,472.981596,34442602
2019-11-08,491.318884,493.32979,489.927271,492.745699,473.144974,60449653
2019-11-11,490.89768,495.228229,486.519256,490.301546,470.821248,41862268
2019-11-12,491.42179,497.021076,484.391329,495.10765,475.44421,57211864
2019-11-13,496.065346,497.73168,495.679102,496.921706,477.194059,61772906
2019-11-14,499.169564,500.07146,497.978749,498.54761,478.763279,64673162
2019-11-15,498.709449,500.874128,495.165496,498.077932,478.320097,40926690
2019-11-18,498.045231,500.405321,489.07425,493.413823,473.864357,60269816
2019-11-19,493.861046,496.60061,492.718373,493.021623,473.495474,45829876
2019-11-20,493.920476,496.978726,491.405724,496.201445,476.557188,94391983
2019-11-21,495.229729,499.772238,494.934326,499.313088,479.553521,30113501
2019-11-22,499.570634,504.07467,498.257696,503.010604,483.11265,45415579
2019-11-25,502.346259,503.321053,493.3618,497.874763,478.203537,43854504
2019-11-26,495.843065,504.091142,494.617766,501.661875,481.848934,54922508
2019-11-27,498.618197,499.084374,492.047247,495.835268,476.26027,44843869
2019-11-29,495.200339,498.653658,493.15065,496.146307,476.574687,63817397
2019-12-02,497.274232,499.794536,495.812078,497.401819,477.804218,42717725
2019-12-03,495.891905,502.998518,495.448629,500.60315,480.887316,40251351
2019-12-04,501.070411,504.341162,499.001166,502.744751,482.952505,64310279
2019-12-05,500.110357,509.594565,498.504523,507.856184,487.870724,48270397
2019-12-06,510.373679,512.216252,509.781204,511.547767,491.425107,27674523
2019-12-09,511.222198,523.805699,509.074872,518.952376,498.563011,42560181
2019-12-10,518.743105,522.690145,516.485425,521.293238,500.820129,49201312
2019-12-11,522.380916,527.914734,521.838955,524.585378,503.991253,37363604
2019-12-12,524.836987,525.143949,511.847031,513.466241,493.316734,43826358
2019-12-13,512.382853,526.416592,510.748827,525.727088,505.104736,53064002
2019-12-16,526.350953,533.665053,524.091252,531.713787,510.881775,39098048
2019-12-17,529.604869,535.389881,525.579336,532.354448,511.505738,39750713
2019-12-18,530.942293,537.399937,529.132395,536.551411,515.546804,39915156
2019-12-19,538.984106,541.776168,530.386659,532.248987,511.42121,45308049
2019-12-20,533.055883,536.922135,530.700071,535.554304,514.605637,71840608
2019-12-23,532.48719,534.951323,531.100791,534.463284,513.582603,53999004
2019-12-24,533.718905,536.104979,532.763697,534.699473,513.818005,39006753
2019-12-26,530.300807,546.074288,526.33445,543.639634,522.426192,63259511
2019-12-27,541.653525,542.703627,538.863616,541.627679,520.501296,36515489
2019-12-30,541.383999,550.481575,539.887862,548.261693,526.902514,51365491
2019-12-31,549.49183,551.550919,544.081001,548.477087,527.118176,32738588
2020-01-02,547.152772,548.406846,533.409904,533.876515,513.10304,35039488
2020-01-03,538.595989,541.87794,525.027637,528.639572,508.078216,29061224
2020-01-06,530.085479,538.1499,528.134498,533.878534,513.138696,47980858
2020-01-07,534.45729,545.061039,533.366379,541.70888,520.673407,32662890
2020-01-08,542.680944,545.080132,531.47393,534.778623,514.020706,60546642
2020-01-09,537.12789,545.632002,534.217575,541.041791,520.049307,79357804
2020-01-10,542.07079,547.538986,538.848879,539.302183,518.385712,48384504
2020-01-13,536.879808,554.027138,534.349296,549.272861,527.995703,26752987
2020-01-14,549.477333,554.267376,548.264458,550.97506,529.640665,52058825
2020-01-15,553.950911,563.111019,549.368595,560.792061,539.086396,43100577
2020-01-16,562.395295,563.041203,558.973908,560.828033,539.129831,59584719
2020-01-17,562.917739,568.262635,560.045144,567.703501,545.748256,32625145
2020-01-21,569.419941,573.596987,564.688671,571.298356,549.240172,24258291
2020-01-22,567.301048,573.00589,563.822271,571.088543,549.047479,23497237
2020-01-23,573.080771,578.392339,559.664902,561.915426,540.237271,29952700
2020-01-24,562.638894,566.603146,559.017433,560.580073,538.962289,54638244
2020-01-27,557.694992,566.502779,557.152671,566.223746,544.415152,56461438
2020-01-28,564.878131,566.871382,558.548269,560.043666,538.481949,66431007
2020-01-29,563.337939,566.639696,559.671052,565.946344,544.166312,35705972
2020-01-30,564.345918,570.332081,561.206642,567.501276,545.670368,55449062
2020-01-31,565.604272,574.748868,565.116346,572.529558,550.514262,45385368
2020-02-03,576.811359,581.812071,575.489231,580.058744,557.781419,47465483
2020-02-04,576.296209,579.979632,569.308082,570.282432,548.389577,57108106
2020-02-05,572.658394,576.124047,569.878313,573.935467,551.91144,52062867
2020-02-06,576.503087,581.846344,571.338233,575.03762,552.980384,49034876
2020-02-07,577.407644,579.765263,573.135283,576.478704,554.375298,33752239
2020-02-10,578.996332,582.790044,575.310317,575.763997,553.715281,27460959
2020-02-11,575.366775,587.705624,573.668913,582.355675,560.063733,30951679
2020-02-12,581.097567,592.403216,579.574556,591.380565,568.752502,41401688
2020-02-13,592.140201,592.495136,585.257802,586.541017,564.107398,39412232
2020-02-14,587.636904,590.033436,576.306726,582.742598,560.463464,42111503
2020-02-18,581.650854,590.586864,580.526907,587.645983,565.216524,48003397
2020-02-19,589.647799,590.325087,583.334892,584.194321,561.905837,55398569
2020-02-20,582.775401,585.341073,580.727714,581.323474,559.153705,29071131
2020-02-21,578.456598,581.418959,577.57968,581.071119,558.920155,27506852
2020-02-24,579.608416,583.945305,576.829637,579.625258,557.556888,43683214
2020-02-25,578.274014,580.957272,577.530654,580.622748,558.525575,72460705
2020-02-26,581.018322,583.083702,579.860681,581.804726,559.671763,18591785
2020-02-27,582.102657,584.038813,581.844784,582.57869,560.42549,47292267
2020-02-28,579.939562,584.100651,579.31709,583.494069,561.315282,26553149
2020-03-02,582.831228,586.823341,580.402879,586.507716,564.242185,29877118
2020-03-03,586.516215,591.271037,584.335132,590.931408,568.507279,53031587
2020-03-04,591.397911,593.856204,588.589964,591.925371,569.472879,29253622
2020-03-05,594.678407,595.084778,582.995525,584.749612,562.578548,45395187
2020-03-06,584.501947,587.793754,584.17679,586.864254,564.622287,49609358
2020-03-09,586.325741,587.574589,575.800883,582.931992,560.866696,43040363
2020-03-10,582.114822,592.687851,580.829257,590.336739,568.000487,80423059
2020-03-11,588.404632,592.699987,585.27306,591.646786,569.270318,77739871
2020-03-12,593.341691,594.858196,585.845685,586.621692,564.444548,64479653
2020-03-13,581.409644,587.596148,579.625435,586.612734,564.445202,41382391
2020-03-16,583.630526,589.222982,582.765852,588.316446,566.11243,31634981
2020-03-17,588.520605,593.412362,588.010815,590.382518,568.109857,27107472
2020-03-18,588.478056,589.688919,581.653629,583.566422,561.560129,34056139
2020-03-19,584.873695,585.991649,584.317768,585.616481,563.542137,55502949
2020-03-20,588.657744,589.648848,586.693184,587.558568,565.420307,44818403
2020-03-23,587.508571,595.957067,587.113195,595.477199,573.068817,29211766
2020-03-24,598.063261,599.596796,596.048041,596.352344,573.920458,40145006
2020-03-25,594.704253,599.653411,593.405469,595.160004,572.782377,51661410
2020-03-26,597.273674,597.525666,591.257922,593.966232,571.64288,42695431
2020-03-27,593.17336,596.468313,590.806966,593.984278,571.669639,30019186
2020-03-30,594.309654,595.647176,592.110426,592.883273,570.638117,48849763
2020-03-31,593.661811,594.308394,592.239069,593.36853,571.114548,30156148
2020-04-01,593.517765,599.994893,587.704112,597.418476,575.02205,36131569
2020-04-02,600.45102,602.261607,599.017646,601.058072,578.534706,35611007
2020-04-03,604.580601,605.165007,598.122038,601.698108,579.160271,31317745
2020-04-06,600.84107,612.15783,600.166238,609.531982,586.729626,43383374
2020-04-07,610.164626,616.807697,609.010272,614.665155,591.680488,57925541
2020-04-08,612.134202,614.175875,610.857079,612.029329,589.152904,27624879
2020-04-09,612.104716,618.045154,611.7612,615.198023,592.212887,62464173
2020-04-13,614.010826,614.561343,608.722376,610.880405,588.095225,66211284
2020-04-14,606.424472,609.272304,605.045013,607.826793,585.165123,41882328
2020-04-15,608.607355,616.803902,605.758423,613.549427,590.684102,69629283
2020-04-16,613.913269,614.232525,608.481176,610.490375,587.748708,42762617
2020-04-17,610.889168,611.747666,607.250672,609.672273,586.970724,28158038
2020-04-20,608.530164,610.030878,601.008305,605.082569,582.580629,41387439
2020-04-21,605.057605,612.65276,604.293954,610.406724,587.716444,27584047
2020-04-22,610.092014,622.83957,603.48333,609.373402,586.73117,36836161
2020-04-23,604.949141,611.621624,595.483393,610.485923,587.81201,41286236
2020-04-24,610.72678,615.873359,594.830291,595.719187,573.603144,55544742
2020-04-27,591.277038,615.559239,588.105152,613.122484,590.38944,59824697
2020-04-28,613.158762,618.311343,602.898037,603.78768,581.410297,49379209
2020-04-29,603.111722,624.847636,598.880435,616.290938,593.459912,39142461
2020-04-30,615.819553,620.344668,593.446674,600.245591,578.018474,51938217
2020-05-01,599.175962,607.648562,589.442036,593.560051,571.58989,37271441
2020-05-04,598.225661,600.796204,584.765821,589.144435,567.365674,30061844
2020-05-05,593.023487,596.136142,581.141219,582.844469,561.307818,55671390
2020-05-06,587.222099,587.930138,578.191602,578.528144,557.160138,37645308
2020-05-07,583.695804,588.426775,572.517209,573.321696,552.15506,53025168
2020-05-08,573.055808,591.737814,568.921476,589.621373,567.862293,77756485
2020-05-11,596.605633,603.494312,591.057421,591.356417,569.561376,49835957
2020-05-12,591.419393,631.048232,589.78099,625.660237,602.610793,33636392
2020-05-13,633.201224,647.697354,605.935542,608.314585,585.913783,49421477
2020-05-14,615.786502,635.769362,607.162057,624.895736,601.894231,65353470
2020-05-15,619.262031,665.080909,613.051535,653.544919,629.49922,59076647
2020-05-18,654.139232,663.713162,643.823634,645.689803,621.963765,42957573
2020-05-19,648.174557,652.202408,607.605757,618.02918,595.329319,44063620
2020-05-20,621.003232,635.152243,616.52652,634.273567,610.987094,42503481
2020-05-21,622.805759,629.786771,612.174824,616.208162,593.594687,53703470
2020-05-22,614.026335,622.423506,612.221228,620.481387,597.720913,53722245
2020-05-26,629.106274,637.128673,573.829682,577.768279,556.611178,59694705
2020-05-27,570.978034,577.199053,566.023386,570.75562,549.864346,68925157
2020-05-28,568.601052,595.85067,559.065934,594.015738,572.282479,46275348
2020-05-29,590.64796,604.49952,581.661497,582.635021,561.327369,32143407
2020-06-01,592.234245,599.388079,566.333299,571.857406,550.971056,29231951
2020-06-02,564.010736,568.561382,521.559853,527.015139,507.774936,73409793
2020-06-03,519.757528,525.289827,500.974426,503.055531,484.698004,89077195
2020-06-04,510.774013,531.26405,477.548022,496.958209,478.831052,35817535
2020-06-05,494.088158,503.158988,486.195336,494.375808,476.350672,28023640
2020-06-08,499.229428,501.175988,491.850588,495.273417,477.239072,32682827
2020-06-09,503.084832,503.837513,500.13647,500.706208,482.481965,31053835
2020-06-10,497.025199,510.693079,455.129639,459.505706,442.788315,70066399
2020-06-11,451.370636,457.563707,436.896048,448.126491,431.830184,92749970
2020-06-12,447.932097,450.83745,427.483034,428.794359,413.20786,54289729
2020-06-15,441.061852,447.631089,423.541387,426.855785,411.360025,36865263
2020-06-16,433.078222,437.455731,409.077641,415.633196,400.551419,37575981
2020-06-17,410.774512,427.976966,406.995266,422.943673,407.603322,37679907
2020-06-18,422.901267,460.055812,413.865983,442.969197,426.909524,41545329
2020-06-19,435.216747,465.758477,431.480842,461.804095,445.068881,56814734
2020-06-22,457.829368,481.063529,457.443672,465.45471,448.609311,43936322
2020-06-23,469.347384,479.256348,462.131643,476.954003,459.699981,51967366
2020-06-24,474.786407,476.319089,462.469876,464.095349,447.313842,72434107
2020-06-25,465.437277,467.909375,454.696037,455.261885,438.807001,42549918
2020-06-26,448.155161,456.229033,430.326509,436.413511,420.646788,33033068
2020-06-29,446.83803,452.955297,444.552369,445.431893,429.360514,24089159
2020-06-30,434.730428,453.175099,423.455295,452.149199,435.842616,36835575
2020-07-01,459.798558,461.216704,452.720129,455.170725,438.76238,40409576
2020-07-02,464.049449,467.280003,438.485626,438.998306,423.179907,57450863
2020-07-06,435.595995,450.526357,434.894721,444.17312,428.196393,63026174
2020-07-07,440.497481,462.595809,434.908581,456.207903,439.805515,64351274
2020-07-08,449.459899,450.775983,437.315498,449.463939,433.311139,41897650
2020-07-09,450.070318,470.002346,449.048014,467.40859,450.618299,32287211
2020-07-10,464.407078,478.393879,450.026087,477.17534,460.041765,36197436
2020-07-13,473.016258,480.078725,467.145003,471.287141,454.38738,53910392
2020-07-14,471.835276,484.959315,467.220777,468.070744,451.293733,52597538
2020-07-15,469.77406,486.040218,466.769992,484.026938,466.685677,53880738
2020-07-16,488.892906,494.411667,481.658456,492.631917,474.990168,33802538
2020-07-17,496.736222,509.287549,495.087839,506.252861,488.131347,56794578
2020-07-20,503.639751,505.820481,497.472952,503.563382,485.562068,41007808
2020-07-21,507.49919,519.813021,472.889293,474.327073,457.378407,35444889
2020-07-22,468.246635,486.917115,466.823965,477.851313,460.784289,52384180
2020-07-23,473.143907,481.243006,472.272176,477.377724,460.335177,48297171
2020-07-24,475.598391,477.027614,471.014086,472.759124,455.888951,41653475
2020-07-27,471.476008,471.764252,461.315752,468.049329,451.369467,58905172
2020-07-28,465.681976,469.7621,450.580746,456.453502,440.194111,54081411
2020-07-29,452.33661,463.436605,446.167548,454.219324,438.046712,33373174
2020-07-30,456.928139,466.365315,448.139264,460.474388,444.086358,44199755
2020-07-31,464.434864,465.389072,462.22266,464.804829,448.270045,37736016
2020-08-03,470.340378,473.912748,457.876466,465.653039,449.110213,44279849
2020-08-04,468.066839,474.086983,456.869288,464.756152,448.252553,39732747
2020-08-05,464.417075,466.931985,458.491095,458.781168,442.49701,64246302
2020-08-06,457.527577,459.816307,449.766736,454.799538,438.663911,32579111
2020-08-07,454.059766,465.658249,447.82573,458.725034,442.457405,38053089
2020-08-10,467.657577,470.470374,443.410317,443.883334,428.163132,51117012
2020-08-11,445.840716,449.529495,427.852578,432.656064,417.340332,39918731
2020-08-12,429.439015,434.487001,413.973808,417.082799,402.32496,51379449
2020-08-13,414.227618,418.252586,409.370417,410.292648,395.78157,38323690
2020-08-14,408.008744,410.128956,407.201457,409.725511,395.240984,42657125
2020-08-17,408.645649,409.088998,387.552217,393.61442,379.718161,64729270
2020-08-18,391.760903,396.777587,382.02605,385.634147,372.025737,71569128
2020-08-19,385.905093,390.03998,385.011646,386.695991,373.056238,34275032
2020-08-20,391.865325,393.805811,374.854907,377.806158,364.48596,43814573
2020-08-21,377.626219,380.049559,365.513104,367.072476,354.136529,52725580
2020-08-24,364.598286,366.257648,357.534453,358.132044,345.528193,55677124
2020-08-25,358.835619,364.316364,327.009005,332.113497,320.430589,36163446
2020-08-26,322.696851,341.428838,320.852088,339.670361,327.727005,60503480
2020-08-27,340.421651,347.246746,335.531936,341.072834,329.085571,25948460
2020-08-28,343.266241,352.138294,334.256057,351.086303,338.752673,47267595
2020-08-31,351.230036,352.465863,348.05334,349.320401,337.065418,43232337
2020-09-01,352.009981,353.559472,345.89273,350.573096,338.279722,37473389
2020-09-02,349.230832,352.060582,338.481949,343.111842,331.085547,62067447
2020-09-03,344.60186,345.463777,314.023908,316.215693,305.137138,58271300
2020-09-04,319.631817,337.407763,319.384283,335.700854,323.944962,52493412
2020-09-08,338.959414,347.524204,314.212172,326.576585,315.160924,41159305
2020-09-09,324.976663,350.134655,320.73871,344.995947,332.941896,47848594
2020-09-10,341.575712,354.943797,338.623718,353.610567,341.261129,28091684
2020-09-11,348.212471,349.16502,346.35856,347.416958,335.289332,43315819
2020-09-14,335.170889,364.301848,319.969405,357.020118,344.574247,56998655
2020-09-15,367.572179,370.290255,348.87906,352.132348,339.862449,39819623
2020-09-16,356.369661,364.432171,354.007371,356.218749,343.812109,33169919
2020-09-17,352.30962,356.507153,340.475012,348.286461,336.161615,48674833
2020-09-18,347.152465,351.523577,336.407229,346.113036,334.06934,43665260
2020-09-21,345.59551,349.993448,339.921948,343.446071,331.511515,60425953
2020-09-22,344.482375,353.908772,339.778421,340.408413,328.584811,55904483
2020-09-23,343.619051,347.998578,322.236698,324.965008,313.682964,44725897
2020-09-24,327.189571,328.627237,307.381746,309.757612,299.008446,67543297
2020-09-25,310.254502,327.449634,308.882285,323.181818,311.971932,86453494
2020-09-28,323.568778,325.090687,306.158854,315.547539,304.617467,53456491
2020-09-29,319.105465,324.690108,311.966972,314.612157,303.719474,26007350
2020-09-30,318.162614,319.288268,317.438172,319.097784,308.054858,50190156
2020-10-01,313.445531,313.752843,309.240311,311.594097,300.81579,72034642
2020-10-02,312.377979,321.388083,305.177345,319.121949,308.088308,54503641
2020-10-05,319.368745,327.021861,300.340606,304.165716,293.663659,49165561
2020-10-06,306.525833,306.902129,300.814057,303.799935,293.315325,47496069
2020-10-07,305.848932,306.629117,299.477655,302.473127,292.039105,78067842
2020-10-08,306.281723,313.062334,296.553969,299.033477,288.722851,30386113
2020-10-09,301.736088,302.484799,290.30582,294.110874,283.974643,47924390
2020-10-12,290.301091,299.937108,285.421616,297.348277,287.114621,38398260
2020-10-13,294.562491,299.454085,289.977942,292.202332,282.150416,27226891
2020-10-14,292.951834,295.738938,289.148627,290.137607,280.161321,37842138
2020-10-15,288.492887,291.461744,270.487754,271.331605,262.006261,71946492
2020-10-16,272.5435,272.995955,261.43399,266.061222,256.921235,34622401
2020-10-19,264.256937,268.608218,251.082811,252.813881,244.141011,75841165
2020-10-20,253.34896,254.951815,247.582481,248.885079,240.350936,35138955
2020-10-21,250.379616,256.401908,249.873016,252.62498,243.966605,31272411
2020-10-22,251.12176,252.441408,247.684707,248.183339,239.681132,56374768
2020-10-23,248.853393,250.76899,244.449009,247.833713,239.347416,52753595
2020-10-26,248.416049,257.41275,243.567896,257.080277,248.289596,66412291
2020-10-27,258.719909,260.019317,257.674386,258.342055,249.512327,33705609
2020-10-28,257.177294,258.044554,247.451813,254.746445,246.043651,78319345
2020-10-29,252.839849,259.94861,249.560391,259.767959,250.897739,49497416
2020-10-30,253.020386,255.108249,251.484126,254.78819,246.092055,86065881
2020-11-02,255.468989,259.554485,245.855901,247.15816,238.734209,60095758
2020-11-03,245.625792,262.584436,243.376371,259.881403,251.027927,48852658
2020-11-04,261.279484,263.450228,257.840337,259.568966,250.730252,61953817
2020-11-05,256.617758,262.995731,255.681675,261.704759,252.79747,36942086
2020-11-06,262.816609,266.079016,260.677125,261.852607,252.944442,30546509
2020-11-09,261.638368,267.025963,261.100163,264.988088,255.985869,48869356
2020-11-10,267.484309,269.703036,259.078078,265.321098,256.311777,44106511
2020-11-11,268.597098,270.680116,266.892196,267.03928,257.975854,58411600
2020-11-12,267.150006,270.64244,265.609544,265.810838,256.793323,44915320
2020-11-13,267.829789,272.507477,266.228035,270.482165,261.310471,42287262
2020-11-16,269.941755,273.444977,269.632085,272.59639,263.365983,62097370
2020-11-17,275.049192,275.175091,265.869023,269.431104,260.312154,35976722
2020-11-18,270.725829,273.205378,267.687783,271.402539,262.221173,48159596
2020-11-19,270.282465,273.921808,268.813006,271.17424,262.004901,34752027
2020-11-20,272.590775,273.188878,270.828121,272.48196,263.272727,36713335
2020-11-23,272.330651,275.331864,270.052747,271.552945,262.388041,73987255
2020-11-24,274.995534,277.437652,269.429446,271.727231,262.560757,43184415
2020-11-25,272.984395,275.308551,272.573214,274.096266,264.854226,67938377
2020-11-27,274.767661,277.931383,273.203533,276.88215,267.554965,43493213
2020-11-30,275.880396,276.307493,275.036545,275.37795,266.114551,54824820
2020-12-01,274.735988,279.867856,274.258233,278.299715,268.942449,47603017
2020-12-02,278.228413,279.580612,275.583753,276.171827,266.890491,24410318
2020-12-03,275.010514,278.812291,274.531678,277.929976,268.593966,31886531
2020-12-04,277.696923,278.4415,275.02222,276.302962,267.025991,40036825
2020-12-07,277.245674,278.35018,274.059999,276.187397,266.927461,41456741
2020-12-08,275.97134,276.674456,274.098223,274.361449,265.167089,54359579
2020-12-09,273.399512,274.526898,269.459597,271.250926,262.165111,30811535
2020-12-10,270.422334,271.257218,269.459014,271.100075,262.023618,40387393
2020-12-11,270.524675,272.794024,269.479971,271.890857,262.792242,86953772
2020-12-14,271.749332,273.927873,271.635923,272.588434,263.479459,25677130
2020-12-15,272.601192,273.886289,271.311585,273.281157,264.153372,64500834
2020-12-16,274.01364,275.857688,271.010894,271.321399,262.26338,68383000
2020-12-17,272.091636,274.338777,270.138041,273.874771,264.735857,48051257
2020-12-18,274.37699,274.786495,273.528369,274.086435,264.94481,37117710
2020-12-21,274.826816,275.740258,270.18041,270.601867,261.589355,57353003
2020-12-22,270.963325,271.684224,268.072521,269.117395,260.158597,47188358
2020-12-23,269.985151,272.91051,268.596601,272.553027,263.484187,39880213
2020-12-24,273.11918,277.520879,272.644445,275.591205,266.42565,67463611
2020-12-28,274.990557,275.711975,271.534311,271.99509,262.966412,41105656
2020-12-29,270.954497,275.493888,269.255039,274.337584,265.235506,38329613
2020-12-30,273.960315,275.411125,272.913932,273.971133,264.885564,48742792
2020-12-31,275.360702,276.708417,275.121022,276.272081,267.114596,78613852
2021-01-04,274.161557,274.718545,271.821561,273.093452,264.058677,59405941
2021-01-05,272.390631,275.558504,271.110855,274.077592,265.014613,17659716
2021-01-06,275.821713,276.064324,272.533536,273.743632,264.696044,49775629
2021-01-07,273.136762,274.992389,271.7817,272.528914,263.525802,27525751
2021-01-08,272.550309,274.341484,266.609222,267.86803,259.023148,26407948
2021-01-11,267.532132,271.042718,266.649395,269.392646,260.510259,44050748
2021-01-12,268.889265,269.962661,268.205666,268.856802,259.996355,68746293
2021-01-13,268.493933,271.245195,268.198841,270.080021,261.183551,55709036
2021-01-14,268.679387,269.451216,264.348881,265.091024,256.363104,30052563
2021-01-15,265.312744,265.799901,264.98417,265.641611,256.899783,46541174
2021-01-19,266.894662,269.006889,263.816146,263.993992,255.323161,19774906
2021-01-20,264.154638,264.821238,260.935063,261.847007,253.250854,44226065
2021-01-21,260.861071,263.072335,259.86421,260.144254,251.608134,58751943
2021-01-22,261.597374,262.340092,257.355253,259.353065,250.847026,42050012
2021-01-25,260.089087,260.82884,257.129301,258.013187,249.563391,29795838
2021-01-26,256.871974,260.707455,256.510021,258.549864,250.0866,37820201
2021-01-27,259.078135,261.267156,258.49267,260.141496,251.630266,43855851
2021-01-28,260.664459,261.510523,259.999191,260.897042,252.365238,35608876
2021-01-29,258.830796,260.392936,254.976708,256.542078,248.156765,42080201
2021-02-01,255.246379,256.337688,251.373016,256.109511,247.750546,59538109
2021-02-02,254.837552,257.889568,253.952209,257.750727,249.342292,21729216
2021-02-03,258.829543,259.778043,253.531996,254.70049,246.395608,46117386
2021-02-04,255.632997,256.378956,251.705109,253.728002,245.458862,32764043
2021-02-05,251.75662,259.41119,249.254507,259.036235,250.598213,65193785
2021-02-08,259.29944,259.754723,254.949963,255.632041,247.317098,28032399
2021-02-09,255.822883,256.265964,253.882496,254.426699,246.155006,38156541
2021-02-10,256.228111,257.439789,250.427686,252.538631,244.332334,39014492
2021-02-11,254.08969,256.491279,253.179435,255.785244,247.477513,66572637
2021-02-12,254.516999,259.493536,254.265815,258.151268,249.770793,56801051
2021-02-16,258.123401,265.645893,256.511638,263.081942,254.558127,31218401
2021-02-17,263.740611,263.846379,260.619162,262.559618,254.056899,63467300
2021-02-18,262.230969,263.401517,260.80269,262.617022,254.116619,47435221
2021-02-19,263.446562,263.956679,260.909805,261.050272,252.604731,50810156
2021-02-22,261.057935,263.602739,259.382371,262.88797,254.395511,59631578
2021-02-23,263.673835,264.911612,258.467528,260.005422,251.610217,63947193
2021-02-24,260.425478,262.58705,257.993295,258.948803,250.59183,44106998
2021-02-25,259.119065,260.696501,259.005452,259.694989,251.318063,29336565
2021-02-26,261.178375,261.741912,256.96197,258.126268,249.804047,64490667
2021-03-01,257.922644,264.984915,257.43797,264.206455,255.700805,26705026
2021-03-02,264.483954,264.943216,258.48145,260.446765,252.066293,48683525
2021-03-03,260.70728,261.16629,258.182187,259.166276,250.831126,46243056
2021-03-04,258.113654,259.040293,253.464458,256.557154,248.309997,37682873
2021-03-05,256.680125,258.680097,255.543743,257.906398,249.619969,40924800
2021-03-08,257.138603,257.451914,250.599224,253.123981,245.003283,66982104
2021-03-09,252.941881,257.11685,252.008086,256.040932,247.830724,70427442
2021-03-10,256.511321,257.842574,252.420126,253.193798,245.078912,45636876
2021-03-11,254.451645,257.152805,245.069494,245.83187,237.956843,68578326
2021-03-12,245.014648,247.588092,244.133409,245.408169,237.550617,45804900
2021-03-15,246.717701,250.94834,243.835504,250.837219,242.817804,38811428
2021-03-16,250.199204,254.760828,249.79059,254.619856,246.483557,37485297
2021-03-17,254.22355,261.462519,252.533248,260.534256,252.213107,52066365
2021-03-18,261.204697,262.395633,253.81592,257.058083,248.852047,42065911
2021-03-19,257.26704,258.522028,254.031026,254.768902,246.639995,68603279
2021-03-22,254.316493,261.707521,253.925468,261.449342,253.119756,29634724
2021-03-23,261.256415,264.247765,257.150617,257.868747,249.657337,60558269
2021-03-24,258.845766,260.624826,256.068523,260.303299,252.018505,116074313
2021-03-25,261.991071,268.284062,259.386124,265.37615,256.93412,71547942
2021-03-26,264.876647,268.311252,261.050598,266.354818,257.885892,38194709
2021-03-29,266.135364,273.109328,265.644703,268.420509,259.898711,31505302
2021-03-30,267.049997,268.149589,265.703703,267.244706,258.764488,34452764
2021-03-31,268.249654,269.257579,266.097019,267.153564,258.680487,43827677
2021-04-01,267.757,269.328757,263.697869,265.477664,257.061963,43267533
2021-04-05,265.01548,266.918636,262.519243,266.366949,257.940006,42400876
2021-04-06,267.173969,268.161828,263.440034,264.479674,256.116645,50602179
2021-04-07,263.805455,268.091923,262.542083,266.716945,258.287415,67312301
2021-04-08,266.082764,268.514499,262.399567,264.126429,255.782973,45927609
2021-04-09,263.292371,266.88742,261.110831,264.593978,256.239962,46276924
2021-04-12,262.868312,265.492669,262.265128,264.600137,256.258555,44285846
2021-04-13,265.315715,270.356664,263.182141,268.437227,259.97895,40948347
2021-04-14,269.604483,269.760061,264.195329,266.11141,257.730652,26836681
2021-04-15,265.840334,271.398477,265.48304,268.436922,259.987196,51980548
2021-04-16,269.111228,270.796093,268.684225,269.996456,261.501936,31688591
2021-04-19,270.878193,271.748168,269.098159,270.303928,261.812636,43927317
2021-04-20,270.88032,272.708951,265.505746,267.886764,259.475668,57903968
2021-04-21,267.058423,273.99142,266.463982,272.353796,263.806777,35778345
2021-04-22,272.464788,274.309728,271.728424,272.333118,263.791082,48651560
2021-04-23,273.296419,275.680745,269.490806,271.079021,262.580634,59965873
2021-04-26,270.929817,273.249267,269.649182,273.030156,264.483634,37510666
2021-04-27,271.125842,278.168402,270.091805,277.586291,268.901569,50127754
2021-04-28,279.836096,280.267275,278.261246,278.97488,270.251153,46078055
2021-04-29,277.958505,278.142301,274.451443,275.602697,266.988806,62778248
2021-04-30,275.275498,280.62212,274.655629,279.566026,270.832711,49001578
2021-05-03,278.744144,279.879864,272.2859,274.250332,265.696167,36700440
2021-05-04,272.765642,273.676137,269.814631,271.950253,263.472157,24473039
2021-05-05,269.602772,274.146052,269.309903,272.235136,263.752492,31149812
2021-05-06,272.438822,273.757761,271.599199,273.400702,264.886091,54521121
2021-05-07,273.788953,274.026598,271.965511,272.172951,263.700908,29371736
2021-05-10,272.367408,273.621192,270.621869,272.017238,263.56303,34521137
2021-05-11,274.345175,274.478673,272.306063,273.347713,264.856506,44547336
2021-05-12,273.108687,274.218697,271.60186,272.557671,264.095343,83351840
2021-05-13,273.750414,274.201437,272.76868,273.579195,265.089506,37585058
2021-05-14,272.912263,277.604366,272.264598,275.533171,266.987232,61300219
2021-05-17,274.345166,274.611203,271.75929,272.050195,263.625275,43245809
2021-05-18,271.981987,280.13239,269.011303,279.446104,270.796595,63799114
2021-05-19,278.17821,280.544736,275.238638,275.947617,267.410787,33533675
2021-05-20,275.670849,276.461279,273.67304,274.239013,265.759406,20285232
2021-05-21,274.513652,277.187405,273.430735,276.160926,267.626289,55849571
2021-05-24,274.828209,281.461013,274.539662,280.189391,271.543637,39132922
2021-05-25,277.950521,284.331378,276.947884,283.909244,275.153228,61674475
2021-05-26,284.655527,288.78134,284.206086,288.36784,279.478908,49540737
2021-05-27,288.45032,289.173533,287.003169,287.338027,278.485413,62292934
2021-05-28,287.332654,290.969995,285.405885,289.002333,280.103045,29204269
2021-06-01,288.192798,289.119098,280.39673,280.816282,272.186952,38075394
2021-06-02,281.360491,282.533897,275.491643,277.701593,269.172398,41310300
2021-06-03,277.542733,279.061231,275.58609,276.482803,267.995443,33501497
2021-06-04,276.454827,279.778252,272.850725,273.749134,265.350051,45888086
2021-06-07,275.197587,276.21086,268.630156,270.349489,262.067628,51481062
2021-06-08,268.952615,272.235745,265.34955,271.265985,262.960367,42769625
2021-06-09,271.217365,274.518575,270.667829,274.14563,265.756208,38483478
2021-06-10,273.485698,278.337934,272.817849,277.496202,269.008665,61687077
2021-06-11,278.929276,279.252718,274.286922,275.403416,266.984276,46277414
2021-06-14,274.541826,277.078521,272.471093,276.221675,267.790717,28310495
2021-06-15,274.677032,282.84029,274.098944,282.320328,273.70772,53776532
2021-06-16,281.234442,281.352899,279.82565,280.384971,271.835869,49457118
2021-06-17,281.428335,281.769905,278.765379,278.948242,270.44739,65327117
2021-06-18,279.595202,279.773584,277.156138,278.224127,269.749773,22738489
2021-06-21,278.198821,280.934838,277.483421,279.057021,270.570632,59355548
2021-06-22,277.034044,277.170376,274.114546,275.767794,267.385826,49874625
2021-06-23,276.29289,276.763716,269.868034,271.994789,263.731834,38271746
2021-06-24,273.53452,277.596283,272.364276,275.606225,267.237947,36348334
2021-06-25,275.526721,276.431115,273.586351,275.385404,267.028218,105871042
2021-06-28,277.455385,280.214649,268.341183,269.509192,261.343212,38535815
2021-06-29,265.956893,274.264771,264.246413,273.262441,264.987092,58843056
2021-06-30,272.358846,273.207869,270.161811,273.092553,264.826699,42921641
2021-07-01,271.386477,272.99066,269.178021,270.908629,262.713193,58873966
2021-07-02,271.960618,272.572394,269.537539,270.230266,262.059656,31046893
2021-07-06,271.245071,275.632636,270.717372,273.368446,265.120371,53811895
2021-07-07,274.274865,275.610519,272.540238,275.178204,266.879909,35856264
2021-07-08,276.845162,277.404516,275.810008,276.676941,268.337858,42420530
2021-07-09,276.743524,279.105512,275.925425,278.983996,270.579823,63214807
2021-07-12,279.316712,280.104949,278.309551,279.928054,271.508822,37324778
2021-07-13,279.632997,282.47901,279.174048,281.072296,272.623128,57134612
2021-07-14,280.084179,284.859303,279.323612,283.825564,275.298154,44862512
2021-07-15,283.877325,284.563042,280.777438,281.491379,273.038583,38599253
2021-07-16,281.636026,282.311708,278.234989,278.712912,270.347991,46081124
2021-07-19,277.57103,279.813924,276.561128,277.047972,268.746264,36934786
2021-07-20,277.697561,280.497069,276.58182,279.59016,271.21673,31460385
2021-07-21,279.295364,279.985365,275.335795,276.187041,267.919933,41052963
2021-07-22,275.426884,278.185704,273.558763,277.472351,269.171191,43234697
2021-07-23,276.626146,281.612763,276.367488,280.440699,272.055204,38968573
2021-07-26,279.313002,280.176029,276.023158,277.56386,269.277656,41125285
2021-07-27,275.202782,278.395192,274.360712,276.477882,268.228504,29081364
2021-07-28,275.238683,278.186363,274.798115,276.858522,268.602198,55652876
2021-07-29,277.395096,280.037466,276.492017,279.691372,271.355027,50951069
2021-07-30,280.433647,282.386387,279.034707,281.391416,273.008885,63805116
2021-08-02,280.900678,281.658902,279.599664,280.137154,271.805381,43272310
2021-08-03,280.225466,286.141509,280.075475,285.664826,277.173204,70204916
2021-08-04,285.165747,286.340651,280.811456,282.145921,273.763398,52926399
2021-08-05,281.115116,282.880867,275.582035,276.198452,267.99703,34572010
2021-08-06,274.139043,278.4696,273.505291,277.380021,269.147935,37943331
2021-08-09,277.828122,282.584755,277.109391,281.839312,273.48836,30737184
2021-08-10,282.846112,284.696124,277.373159,278.574244,270.324478,23322425
2021-08-11,276.895757,286.516963,276.460631,285.497159,277.046928,42838916
2021-08-12,282.317367,289.862192,281.170516,288.541585,280.005843,63748432
2021-08-13,290.497072,291.052105,288.575297,288.833761,280.29398,38962766
2021-08-16,288.26454,288.981741,285.543624,287.766261,279.271804,32980306
2021-08-17,286.972287,288.679078,285.749325,287.614298,279.128913,63026984
2021-08-18,288.154814,289.10832,286.929448,287.982238,279.490588,45308111
2021-08-19,288.781667,290.055901,282.377636,283.556122,275.199505,60853629
2021-08-20,283.036038,283.231249,280.314582,280.846553,272.574266,31593268
2021-08-23,283.050795,284.596052,280.159828,280.957807,272.695682,44990682
2021-08-24,281.042062,287.430333,279.584814,286.117364,277.708074,37531078
2021-08-25,284.565112,286.904834,282.339708,282.8174,274.509609,29160967
2021-08-26,281.029396,285.323129,280.823145,283.665822,275.337631,39092710
2021-08-27,283.801346,285.149429,281.411695,281.733521,273.466553,40358105
2021-08-30,282.164105,285.327934,281.354311,282.787998,274.503616,43190693
2021-08-31,282.188548,283.566411,280.100639,283.31791,275.022522,39576530
2021-09-01,282.278925,284.818165,281.940109,282.909236,274.630325,45976213
2021-09-02,282.967921,283.286126,280.525718,281.571991,273.336702,71154235
2021-09-03,281.305525,281.980553,271.432148,273.377939,265.386665,53790559
2021-09-07,273.808201,280.9941,272.473919,279.908996,271.744665,37484286
2021-09-08,279.107167,279.445658,277.659828,278.612323,270.490256,44476100
2021-09-09,277.041453,280.384301,274.807244,280.1457,271.9834,33468250
2021-09-10,278.029547,284.008128,274.814925,280.226198,272.066022,77006355
2021-09-13,280.150872,280.903052,278.773862,280.154082,272.00941,35222539
2021-09-14,279.074006,289.425189,278.256352,286.478487,278.154521,48032607
2021-09-15,287.038222,287.33328,285.52878,286.103755,277.795241,38645311
2021-09-16,285.948439,287.021566,284.5038,286.856947,278.531135,24894067
2021-09-17,288.169264,291.270227,287.616971,289.386385,280.991774,24706738
2021-09-20,289.813537,291.494006,287.797259,289.609296,281.222078,30389265
2021-09-21,291.907258,292.720229,284.516383,286.078617,277.798212,27212606
2021-09-22,286.991805,288.560426,286.21966,287.342262,279.029866,29593680
2021-09-23,288.974864,289.655922,284.41057,286.365035,278.085476,52065736
2021-09-24,285.69058,287.004854,284.238537,286.366751,278.091711,51929185
2021-09-27,285.63562,289.823664,285.313118,288.608774,280.282759,34264309
2021-09-28,289.983668,295.229604,289.487035,294.254061,285.76988,66020371
2021-09-29,294.509089,294.963554,294.040872,294.542151,286.054363,39956774
2021-09-30,294.416053,300.275701,292.384369,299.838153,291.202534,48196637
2021-10-01,299.004108,301.253199,297.596747,300.261582,291.618559,36634302
2021-10-04,299.305478,310.253593,298.606293,308.982374,300.103112,32249997
2021-10-05,306.922893,313.937297,306.53987,311.86229,302.905243,33045936
2021-10-06,309.745669,313.024838,309.533683,311.506753,302.564888,66631420
2021-10-07,312.032042,317.951862,311.711438,317.444009,308.336779,38618511
2021-10-08,316.050374,324.875296,312.980409,322.214112,312.975172,40290476
2021-10-11,321.186452,325.915695,319.702213,325.448221,316.132128,33282414
2021-10-12,324.707369,327.578766,322.889295,325.851449,316.529013,43527627
2021-10-13,325.936919,330.567993,324.794606,328.757698,319.357362,73944915
2021-10-14,331.186542,333.126343,329.644189,331.146037,321.682694,32071172
2021-10-15,333.549011,334.18804,331.576025,331.723575,322.249021,47869579
2021-10-18,330.740182,339.981166,330.432152,334.31048,324.778045,25378269
2021-10-19,336.03237,339.030249,335.104454,337.932928,328.302597,52412440
2021-10-20,338.66282,341.090962,338.465287,339.679623,330.004935,31835610
2021-10-21,340.210048,342.515121,336.041495,340.509181,330.816301,40203834
2021-10-22,339.139927,342.37409,336.097045,341.665177,331.944844,42926179
2021-10-25,340.836956,343.044038,338.04275,340.716354,331.039328,48447877
2021-10-26,342.12592,343.20404,340.283421,340.99933,331.31971,49718074
2021-10-27,340.748702,342.085199,339.646969,341.784697,332.088238,75482149
2021-10-28,341.438051,342.211159,341.148445,341.350957,331.672251,40488951
2021-10-29,339.420112,340.00551,334.734655,335.691535,326.178656,70337219
2021-11-01,335.954367,337.621693,332.123243,332.685865,323.274091,38759957
2021-11-02,333.915057,338.187506,333.526062,336.883011,327.357877,39625804
2021-11-03,337.398232,340.172456,336.925375,337.716382,328.173076,51221045
2021-11-04,335.765549,340.443894,335.414322,337.659963,328.123641,32166552
2021-11-05,337.173618,338.781782,335.599411,336.115979,326.628629,46312215
2021-11-08,336.163962,336.360958,330.144749,330.314707,321.006925,51891603
2021-11-09,331.112919,332.407396,326.432181,326.831216,317.626811,46744272
2021-11-10,326.934544,331.323949,325.189854,330.230903,320.936027,52427092
2021-11-11,331.33746,333.543876,330.000878,333.207341,323.834008,44124667
2021-11-12,332.946589,335.005116,328.840501,329.111707,319.85884,18676990
2021-11-15,327.816042,328.335153,326.434549,327.348487,318.160872,49873376
2021-11-16,327.713835,330.044712,324.764654,329.27255,320.036189,57198013
2021-11-17,330.153326,330.460815,318.517325,320.056553,311.083819,64344536
2021-11-18,318.609859,321.287161,317.159203,320.423078,311.445185,34058725
2021-11-19,319.5569,323.374597,316.263709,317.54829,308.656015,33854991
2021-11-22,319.279772,321.551412,315.120375,316.762436,307.907341,55935197
2021-11-23,316.972584,319.023122,315.654554,317.836261,308.956222,63283107
2021-11-24,318.191394,322.610638,315.193063,321.145589,312.178219,38319183
2021-11-26,323.075331,325.864518,315.855446,317.385477,308.533238,40216187
2021-11-29,316.509225,318.425574,315.770175,316.793674,307.973117,31307773
2021-11-30,318.453823,319.055514,313.992829,314.63751,305.882012,46597371
2021-12-01,314.410266,324.334278,310.797042,323.242099,314.252322,43616299
2021-12-02,323.977229,325.155553,320.433626,322.95017,313.97367,46694998
2021-12-03,322.372165,324.94253,321.736418,324.274728,315.26659,27600998
2021-12-06,325.029705,325.702926,321.981688,323.195224,314.232559,40726895
2021-12-07,323.983429,327.122432,321.743373,324.565962,315.570468,51736207
2021-12-08,325.195303,328.9258,322.078937,326.793003,317.741006,35345512
2021-12-09,326.390894,328.054638,324.909725,326.313857,317.280343,31804014
2021-12-10,326.311649,327.938731,322.938184,323.103618,314.164136,31305306
2021-12-13,322.629719,325.914238,321.77995,325.087128,316.108345,36142726
2021-12-14,325.596667,325.954569,324.28394,325.568865,316.581977,51848808
2021-12-15,326.149867,330.606768,325.906717,329.572001,320.479877,60758858
2021-12-16,329.470443,331.688241,325.167299,328.05412,319.009111,62355093
2021-12-17,326.915608,327.76578,326.610912,326.772169,317.767725,34506513
2021-12-20,325.370909,327.780784,322.573425,323.206431,314.315733,31727415
2021-12-21,321.678845,322.117359,320.916452,321.978528,313.126751,41218723
2021-12-22,322.670623,327.941836,320.778701,325.84008,316.887347,27662369
2021-12-23,325.473021,326.66677,325.273678,325.684092,316.740848,45012786
2021-12-27,324.970531,329.021572,324.056429,327.849117,318.867374,32746947
2021-12-28,328.04947,329.797838,323.96092,325.694166,316.776663,43867003
2021-12-29,325.047538,328.798655,322.598457,328.620421,319.628048,63465669
2021-12-30,330.444653,332.100848,326.613412,326.905834,317.965602,34047875
2021-12-31,326.540471,327.286124,323.757111,325.925427,317.017215,35059045
2022-01-03,325.249837,325.627278,320.9191,323.528796,314.701598,34196071
2022-01-04,325.02858,330.053379,323.383134,329.160749,320.185147,38375585
2022-01-05,328.592829,332.248652,325.744382,332.002918,322.95512,51302680
2022-01-06,332.00241,332.570586,330.580244,331.118356,322.099956,27136929
2022-01-07,329.283272,330.552183,324.226999,327.643546,318.725022,49339569
2022-01-10,328.01681,329.779039,326.188683,327.416832,318.520176,65102539
2022-01-11,326.876157,328.778103,323.837402,324.439441,315.628872,56650819
2022-01-12,324.748411,325.386498,322.37627,323.766448,314.97933,51632330
2022-01-13,321.997478,326.386236,321.823505,325.627596,316.795169,44489288
2022-01-14,325.114636,326.035559,324.283467,325.880935,317.046845,39425756
2022-01-18,325.104878,329.051602,322.772515,327.94511,319.076029,33821525
2022-01-19,327.111883,329.489525,325.530326,326.252187,317.434104,40537177
2022-01-20,326.282955,330.044401,326.053258,328.771116,319.890205,44530915
2022-01-21,330.62131,331.508352,329.673383,329.978998,321.070734,49695686
2022-01-24,330.28716,330.806021,328.58948,329.099658,320.230914,50448811
2022-01-25,329.33508,330.847106,324.968747,325.65333,316.882665,79009197
2022-01-26,325.379426,326.600404,324.388315,325.430016,316.670567,47843648
2022-01-27,326.618957,327.119937,325.887162,326.332897,317.554362,45874437
2022-01-28,326.530138,327.202203,324.95397,325.72876,316.971684,53252715
2022-01-31,325.78851,328.813681,323.455932,326.775873,318.006317,45749510
2022-02-01,326.041859,327.176884,320.903925,321.788067,313.157511,42161713
2022-02-02,321.532197,323.982476,321.328089,323.516966,314.845212,54885307
2022-02-03,322.862362,323.456282,319.835247,321.843585,313.22183,43659817
2022-02-04,321.673021,323.078465,320.973853,322.65788,314.019469,84732283
2022-02-07,322.633051,324.643678,322.461523,323.66522,315.015365,38967999
2022-02-08,323.929949,324.81375,322.374396,323.434592,314.796071,50083896
2022-02-09,324.179494,327.55125,324.031792,325.053469,316.376907,53871549
2022-02-10,323.955174,330.501314,322.508058,329.369207,320.582712,44557943
2022-02-11,329.68328,330.965939,325.104335,327.581134,318.847577,39811775
2022-02-14,327.751839,328.527344,325.367239,328.293493,319.556692,46043668
2022-02-15,327.090845,330.619605,324.71314,329.124351,320.370701,36944865
2022-02-16,327.457766,328.247718,326.611456,327.138943,318.443329,50041862
2022-02-17,326.649432,327.000163,320.558274,321.305993,312.770562,40860832
2022-02-18,322.119598,323.482583,320.694376,323.303943,314.720607,43573569
2022-02-22,322.674773,327.748366,322.091535,324.713638,316.113647,60425154
2022-02-23,326.034523,331.751625,325.085537,329.055111,320.345399,71260117
2022-02-24,328.578706,329.419856,324.434511,325.556463,316.944563,29759401
2022-02-25,325.998129,328.668027,325.727415,327.945803,319.275942,54979491
2022-02-28,329.041931,329.903514,327.420244,328.800396,320.123718,30356828
2022-03-01,328.943432,335.365809,328.215962,334.079421,325.268779,40543617
2022-03-02,333.664344,338.132049,333.229229,337.165303,328.27867,40233165
2022-03-03,337.612206,340.298492,336.823254,339.728719,330.779955,46436404
2022-03-04,337.494432,338.81909,333.681437,335.491537,326.659751,25641171
2022-03-07,337.756806,339.052899,334.118304,335.073635,326.268929,69769048
2022-03-08,334.975413,336.358279,334.267711,335.391721,326.584021,17535360
2022-03-09,335.562071,337.24819,335.095331,335.878961,327.063839,43155601
2022-03-10,334.277475,337.682499,333.370053,336.361267,327.538867,31179105
2022-03-11,337.041566,339.078345,335.491346,338.32713,329.45858,27819921
2022-03-14,340.500402,343.61926,338.294252,338.907489,330.03999,44429697
2022-03-15,337.741672,342.149855,335.50992,341.203045,332.280941,71482290
2022-03-16,340.799431,342.840286,336.850067,337.74817,328.921811,28327917
2022-03-17,339.685695,339.963325,337.854991,339.610898,330.741293,39387359
2022-03-18,339.083105,344.6137,336.76234,343.084286,334.129456,46634494
2022-03-21,342.887498,343.349394,339.700687,341.512689,332.61527,36001471
2022-03-22,340.75316,341.058766,340.489354,340.791572,331.918393,35598505
2022-03-23,340.675423,345.942901,339.150713,343.962851,335.012605,46285880
2022-03-24,345.104696,345.31609,340.337147,342.658492,333.747669,60948236
2022-03-25,342.186813,343.209542,339.887015,340.3631,331.517414,61035420
2022-03-28,339.565653,342.334917,339.068457,341.810434,332.943541,45466344
2022-03-29,342.980509,345.447038,341.76451,344.968142,336.024855,43496375
2022-03-30,343.907807,344.919108,342.358357,343.961449,335.049765,69912290
2022-03-31,343.142311,345.223531,342.169407,343.831747,334.928924,93791256
2022-04-01,342.952348,351.596041,342.404982,349.419014,340.377112,42249150
2022-04-04,347.709531,353.812433,347.0845,352.440874,343.337695,34819324
2022-04-05,353.40933,357.29079,351.688954,356.010392,346.820713,52036717
2022-04-06,355.363762,358.807337,355.159782,357.652986,348.426631,40334404
2022-04-07,356.928412,358.194428,356.654875,356.844314,347.644531,32925439
2022-04-08,356.906427,357.285574,355.350122,356.239118,347.060639,54175416
2022-04-11,357.64089,358.799866,352.135941,353.316368,344.230156,34470971
2022-04-12,353.913406,355.790065,350.335617,354.982388,345.859014,42419003
2022-04-13,354.340581,355.763448,352.720017,355.351813,346.224631,35684413
2022-04-14,356.3977,359.671856,354.704956,358.860673,349.64911,28312398
2022-04-18,359.24979,359.909061,355.791608,357.662549,348.50464,65597431
2022-04-19,357.06993,359.272205,352.162307,352.73456,343.708477,37048732
2022-04-20,353.820607,354.915542,348.802664,349.218565,340.288043,30542511
2022-04-21,347.798926,353.697111,347.595041,352.257247,343.254656,37030430
2022-04-22,351.431822,352.179845,347.817877,349.128845,340.211794,42393717
2022-04-25,348.629424,348.891715,344.800214,347.199579,338.348477,58633093
2022-04-26,347.587787,353.14624,346.477123,352.800425,343.81219,43296181
2022-04-27,350.397289,350.742432,345.948755,350.050803,341.138223,54881240
2022-04-28,348.900655,350.46419,346.029671,346.639532,337.819355,48810927
2022-04-29,345.370137,345.983168,342.049155,344.202716,335.450054,57663565
2022-05-02,344.963703,348.797705,339.513124,342.731279,334.032495,40690784
2022-05-03,342.971011,345.406266,340.189465,344.032388,335.306089,63823622
2022-05-04,344.304138,350.858704,343.093579,350.615403,341.727741,47951057
2022-05-05,349.710001,352.814347,340.73837,344.709214,335.976785,60710026
2022-05-06,343.859407,348.373936,343.405886,346.133043,337.370087,43246021
2022-05-09,345.821132,350.850088,344.382773,349.3558,340.528036,26628748
2022-05-10,350.207634,352.21738,349.742968,351.553097,342.675439,50433101
2022-05-11,350.484154,352.112597,344.233533,345.73332,337.008163,86179797
2022-05-12,346.925586,349.38276,345.246368,348.482305,339.693352,39422398
2022-05-13,348.790063,353.489757,347.903051,349.43527,340.627879,36107144
2022-05-16,347.087491,353.354114,344.975508,353.142572,344.258704,41236019
2022-05-17,354.239763,356.638388,351.96955,355.020564,346.095137,32759476
2022-05-18,355.56778,356.92888,354.172648,355.792152,346.853026,30235714
2022-05-19,356.309786,363.496018,355.971022,360.57517,351.521647,56465588
2022-05-20,359.550203,360.957141,355.119777,356.993351,348.035479,51450757
2022-05-23,356.772853,359.532519,349.021637,351.817619,343.006522,37883224
2022-05-24,351.868498,353.877481,349.510403,351.650471,342.849193,44062273
2022-05-25,350.930121,351.568184,348.595528,349.151264,340.418129,63561112
2022-05-26,350.652495,352.821333,348.91386,350.726126,341.959217,43353977
2022-05-27,352.000819,354.544444,350.619677,354.003777,345.160609,57456264
2022-05-31,354.512708,358.490157,353.458002,355.19249,346.342384,43098429
2022-06-01,355.326462,357.586983,354.878322,356.123848,347.25624,43094578
2022-06-02,355.462783,359.198194,353.888894,355.731917,346.879767,45983162
2022-06-03,356.082729,359.2265,355.19853,357.817512,348.919195,59369370
2022-06-06,357.983743,360.301304,356.476764,359.728426,350.799875,27709826
2022-06-07,360.34753,364.528381,358.665552,362.925093,353.923014,30765281
2022-06-08,361.743991,363.568084,361.172642,362.591444,353.603449,47426123
2022-06-09,361.570462,362.176034,357.730377,358.929408,350.037938,29768624
2022-06-10,358.816207,359.303323,355.633769,355.900878,347.090134,54772605
2022-06-13,354.360251,357.333234,352.835625,353.334714,344.604481,30536788
2022-06-14,354.510668,354.662743,344.967002,348.264372,339.664997,27039554
2022-06-15,346.664583,349.548831,346.358071,349.065848,340.452275,49066147
2022-06-16,350.064392,350.306536,343.470066,345.279267,336.764664,51806955
2022-06-17,344.156049,347.860119,343.282709,347.70078,339.132033,56532415
2022-06-21,347.868383,349.565224,345.983691,349.407618,340.819202,37329358
2022-06-22,349.739649,349.967124,346.690579,347.061947,338.536748,78771575
2022-06-23,348.500607,348.970733,345.041917,345.942791,337.450627,61354529
2022-06-24,345.633308,346.452423,344.09579,344.287836,335.841814,32449525
2022-06-27,342.779216,345.914398,341.554337,345.162789,336.711896,40383912
2022-06-28,345.158541,346.055758,343.823991,344.41319,335.98617,44501672
2022-06-29,344.475396,345.385748,341.638101,342.577577,334.200959,92479212
2022-06-30,342.510422,345.051328,340.156476,343.613982,335.217529,45820181
2022-07-01,344.070614,347.298768,343.257576,344.545495,336.131802,52237352
2022-07-05,344.395631,344.567086,342.333648,342.482245,334.140891,84887450
2022-07-06,344.323272,346.307062,335.852892,337.516183,329.30119,54581284
2022-07-07,338.217158,342.283947,337.827733,341.708894,333.397328,17099932
2022-07-08,341.125358,344.077634,339.94025,343.64965,335.296387,46192452
2022-07-11,342.022964,343.769237,341.556708,343.256273,334.929076,54296647
2022-07-12,344.967371,346.202738,341.024251,342.313948,334.015099,28015967
2022-07-13,343.933039,345.863166,343.369911,344.584947,336.236564,34261436
2022-07-14,343.204093,345.343353,343.026136,343.835822,335.5111,64092125
2022-07-15,344.586277,349.649969,343.464269,345.60246,337.240505,31225804
2022-07-18,345.464557,347.461406,345.023495,346.044585,337.688575,27507470
2022-07-19,346.016277,350.413262,344.858119,349.611626,341.175086,43768164
2022-07-20,350.762987,351.848321,346.117991,347.304022,338.928735,36167437
2022-07-21,348.178267,352.523834,347.762967,350.077807,341.641242,56758147
2022-07-22,352.038694,353.835723,348.541583,350.00243,341.573292,65373602
2022-07-25,349.805057,351.999982,347.380413,348.964254,340.576902,35747423
2022-07-26,348.032361,348.35473,343.326208,345.021228,336.734178,31970346
2022-07-27,344.07271,348.921031,343.363666,347.434159,339.094723,71225512
2022-07-28,347.58904,348.509043,345.341321,345.920222,337.622671,33075837
2022-07-29,346.175686,348.823659,344.390798,344.744606,336.480782,51106704
2022-08-01,345.153961,346.143153,340.803008,342.323602,334.134278,40614371
2022-08-02,342.47563,343.131323,339.444306,341.129102,332.973824,34759736
2022-08-03,342.267715,343.21448,340.105218,341.813615,333.647453,48790924
2022-08-04,343.61037,346.175179,342.399544,343.186632,334.993171,21573415
2022-08-05,343.182839,347.20774,340.995687,345.933108,337.679622,44769893
2022-08-08,345.60363,345.87903,344.198258,345.065119,336.848942,32753568
2022-08-09,346.8467,348.938584,346.594651,347.884682,339.606949,36709596
2022-08-10,348.790693,352.017096,342.393733,343.510285,335.342147,39478747
2022-08-11,342.812995,348.744215,341.28554,344.493648,336.307651,32309144
2022-08-12,346.062236,347.67689,344.297401,344.837374,336.64874,38687342
2022-08-15,343.742715,346.752283,343.330897,346.409949,338.200638,39149054
2022-08-16,345.764496,347.063165,344.363241,345.050992,336.87942,58117011
2022-08-17,344.239616,347.505801,342.445421,346.079205,337.888833,82536647
2022-08-18,343.952289,347.397245,342.910358,346.031485,337.847793,43905788
2022-08-19,345.417636,347.542415,343.818204,347.111668,338.907997,32081756
2022-08-22,347.673645,350.314098,345.835253,346.76056,338.581872,64571332
2022-08-23,347.381053,348.65801,345.482154,346.356113,338.19252,39463865
2022-08-24,346.915725,348.397502,342.823075,343.095213,335.013982,44572026
2022-08-25,343.606644,347.319949,342.519709,345.657534,337.521495,45666793
2022-08-26,345.805502,352.722109,345.210496,350.792464,342.541187,55382525
2022-08-29,352.471085,354.600244,350.791999,354.093868,345.781975,32186325
2022-08-30,354.908144,356.907271,349.43543,352.608183,344.336822,58661946
2022-08-31,353.183371,356.629937,352.003458,355.52905,347.194876,40642702
2022-09-01,355.326177,360.364434,353.157622,359.841654,351.412158,49869706
2022-09-02,359.514573,369.224362,359.117791,367.324363,358.725473,44804398
2022-09-06,367.442566,369.85068,361.267929,363.978733,355.481519,39958123
2022-09-07,364.02032,368.126991,362.498481,364.872577,356.360351,45844478
2022-09-08,365.805968,366.858807,359.960418,360.617316,352.210148,72089027
2022-09-09,359.928512,361.670733,359.623116,360.306392,351.912253,44991126
2022-09-12,360.043489,367.756216,357.915907,365.793581,357.289213,48711541
2022-09-13,365.907531,366.964941,364.7907,366.02529,357.521408,41543566
2022-09-14,367.924497,374.319046,367.391947,370.640247,362.035092,43327091
2022-09-15,372.285339,374.652417,368.910175,370.548353,361.951277,64795171
2022-09-16,371.107766,371.422024,360.579638,362.859579,354.446713,47231568
2022-09-19,364.302016,367.291219,357.409022,358.898707,350.594951,49557643
2022-09-20,359.008216,366.142237,356.152562,362.65566,354.2708,52234476
2022-09-21,359.963649,369.905411,358.892407,364.846857,356.41719,36920690
2022-09-22,363.462998,363.667136,360.693359,361.737469,353.385448,64123756
2022-09-23,359.365846,370.825889,359.133827,370.647543,362.095749,28962546
2022-09-26,369.684673,370.139539,368.534213,369.323283,360.819824,41756705
2022-09-27,370.100974,371.627222,364.178762,366.50311,358.070466,35068846
2022-09-28,361.280109,364.5133,359.154009,363.681003,355.319128,22582344
2022-09-29,363.96733,374.488878,361.378523,370.782777,362.263566,33949624
2022-09-30,370.01074,370.796929,366.863909,369.392685,360.911343,34222109
2022-10-03,369.1155,371.125609,362.858441,364.253409,355.907604,42536099
2022-10-04,363.645454,368.323329,363.214526,367.622128,359.20504,56537224
2022-10-05,368.678038,368.985446,360.546956,361.767145,353.489919,43951418
2022-10-06,361.016377,362.248306,358.731747,361.927968,353.652872,33062582
2022-10-07,358.868675,362.566643,356.753613,361.519373,353.259422,55541008
2022-10-10,362.608158,364.464835,358.342851,358.741719,350.562508,33087351
2022-10-11,358.516164,363.618359,357.18796,362.827868,354.561318,48954891
2022-10-12,363.88012,364.55719,358.103046,360.432682,352.226489,54348923
2022-10-13,361.301407,361.785018,351.608585,351.759404,343.756327,49027447
2022-10-14,348.680264,354.429003,346.754053,351.458267,343.467685,31339602
2022-10-17,350.346429,352.07813,348.32007,350.94418,342.982187,34081000
2022-10-18,350.20819,352.159474,348.967447,349.864271,341.932395,32603539
2022-10-19,350.085564,350.300334,347.672497,349.213354,341.301842,42436940
2022-10-20,347.432931,353.057738,346.345317,351.347558,343.393336,31850083
2022-10-21,351.329151,351.904809,350.041992,351.724432,343.767325,20182901
2022-10-24,352.990159,355.047987,344.925766,345.178467,337.386077,44701022
2022-10-25,346.656638,349.548997,343.004798,345.301453,337.511831,46314493
2022-10-26,343.668272,349.294543,341.794654,349.002104,341.134603,59965710
2022-10-27,352.003874,353.506597,350.421403,353.006966,345.054853,63445675
2022-10-28,351.682567,354.116876,350.986764,351.830319,343.91036,78618944
2022-10-31,353.910081,357.575429,350.190099,351.941979,344.036461,45860136
2022-11-01,351.622552,353.301562,347.442349,349.829564,341.977114,38566883
2022-11-02,350.542276,350.919815,350.29882,350.491286,342.629611,20438501
2022-11-03,349.246077,354.829849,347.197429,354.203779,346.26452,85168888
2022-11-04,356.076447,357.983208,346.801483,348.691965,340.881849,50831713
2022-11-07,348.46514,353.675331,347.41487,353.045239,345.154626,36647340
2022-11-08,354.607624,355.462714,351.705781,352.559502,344.685408,27580201
2022-11-09,352.720541,355.50152,351.354664,352.552501,344.684225,35002077
2022-11-10,350.647115,359.778135,348.797975,356.129111,348.186732,32615054
2022-11-11,356.34568,363.402164,355.413417,362.291457,354.217464,82860874
2022-11-14,361.861117,365.181131,361.477128,364.894674,356.780248,42621125
2022-11-15,363.642607,366.201248,362.79572,365.241479,357.125208,27991876
2022-11-16,364.874194,374.850132,364.171723,372.35462,364.086264,21488105
2022-11-17,372.716477,373.936923,369.060179,369.34179,361.146267,76653640
2022-11-18,370.398571,373.902914,365.890372,366.786274,358.65335,33092877
2022-11-21,366.254162,368.678907,365.510968,366.188956,358.086923,67850956
2022-11-22,363.950583,364.516217,360.832761,362.55983,354.543915,41291080
2022-11-23,361.568928,370.049348,359.526125,368.595795,360.452352,46384391
2022-11-25,367.768847,370.561187,366.222669,367.391326,359.286297,45623121
2022-11-28,366.487731,368.921427,363.237788,364.82142,356.790669,47344988
2022-11-29,367.402933,367.932226,365.364303,366.141379,358.087454,47510198
2022-11-30,365.849384,366.517622,357.028792,357.761149,349.897309,49696280
2022-12-01,356.860344,360.752108,349.760334,351.249349,343.534286,74240487
2022-12-02,349.269416,353.644083,348.564436,352.658443,344.918096,35750246
2022-12-05,351.644659,352.407665,346.672037,348.166406,340.541434,45917994
2022-12-06,347.532603,353.489871,347.190161,353.050851,345.324581,40686900
2022-12-07,352.794817,353.84459,344.945203,346.893996,339.308039,47794991
2022-12-08,347.11735,355.246183,346.031475,353.644508,345.916611,44821520
2022-12-09,353.400664,355.385934,344.546277,346.478217,338.912486,39665200
2022-12-12,346.23537,349.554243,341.204886,348.635767,341.039731,66362379
2022-12-13,349.203047,351.243555,342.801563,345.184163,337.668876,37349922
2022-12-14,345.256445,345.555759,333.772885,336.341063,329.023711,59178055
2022-12-15,335.703291,344.552423,333.947632,340.498393,333.096067,41578107
2022-12-16,340.085425,346.971415,338.858867,345.468811,337.963982,29467780
2022-12-19,348.650359,349.671712,340.649932,341.943298,334.531542,39604215
2022-12-20,337.484141,339.763553,334.393089,336.830825,329.535297,51470840
2022-12-21,334.730954,336.892841,330.75865,333.809485,326.584762,28742804
2022-12-22,333.557004,334.346222,331.255636,331.757269,324.582295,57017520
2022-12-23,331.122183,331.344707,327.97766,328.302357,321.207379,40219186
2022-12-27,326.056877,338.523289,323.947626,337.514586,330.242221,61981245
2022-12-28,338.968789,341.906092,336.71273,340.242563,332.916887,55368020
2022-12-29,339.657029,346.136247,338.549142,344.745103,337.328026,40379390
2022-12-30,345.879884,351.835886,341.439791,350.792319,343.250776,41459757
2023-01-03,350.520054,358.016289,349.270115,356.043047,348.411513,57692510
2023-01-04,358.446664,358.99315,349.57147,352.320292,344.774217,45026529
2023-01-05,352.386037,354.014729,349.280671,351.289934,343.771574,54839305
2023-01-06,350.26332,351.580091,346.653498,350.937414,343.432241,54498625
2023-01-09,351.348452,358.378235,348.170295,357.249547,349.626612,48082024
2023-01-10,357.016686,358.555865,355.037964,357.714605,350.087497,44099748
2023-01-11,358.590432,360.068055,354.331388,358.232286,350.599899,28078578
2023-01-12,356.666747,359.26235,355.235147,358.001695,350.379977,28267842
2023-01-13,358.857527,361.881288,356.058798,357.374029,349.771419,58719856
2023-01-17,356.184668,360.500023,354.392248,359.732325,352.102682,32191891
2023-01-18,358.594742,360.684862,357.224653,359.95613,352.327527,53702483
2023-01-19,360.978925,362.746018,357.043113,360.101174,352.475287,47716105
2023-01-20,359.825843,360.183547,355.163469,357.281862,349.721425,43324697
2023-01-23,356.254559,359.438291,355.152305,358.521165,350.951798,46065772
2023-01-24,359.10303,359.674633,357.908016,358.514953,350.951483,32603618
2023-01-25,358.59815,364.093068,358.089505,362.804697,355.156561,43930839
2023-01-26,362.559381,364.706425,355.939824,357.246099,349.720886,87514348
2023-01-27,359.300103,361.423747,355.494844,356.380885,348.879629,45209018
2023-01-30,355.104517,357.129169,353.286256,354.358725,346.917128,34554377
2023-01-31,354.450432,362.782729,353.00476,361.539581,353.952999,39800706
2023-02-01,361.734412,363.60494,358.981013,361.167433,353.59447,33378546
2023-02-02,362.452752,366.214085,360.485147,365.98719,358.319052,41116861
2023-02-03,363.143795,363.785261,357.351109,359.511224,351.984551,48367157
2023-02-06,360.488728,365.420476,355.091844,357.02024,349.562945,53601866
2023-02-07,354.84707,362.664509,354.487668,361.394105,353.851263,52366088
2023-02-08,364.017835,372.140711,360.822567,370.021286,362.304334,28928878
2023-02-09,368.082105,368.561612,362.308775,362.914238,355.351343,59360019
2023-02-10,360.277231,362.506751,353.924474,356.699126,349.271488,62437425
2023-02-13,357.902001,358.849277,354.546432,358.368659,350.923549,54484776
2023-02-14,360.20179,362.750371,356.35123,356.677642,349.2734,57329171
2023-02-15,358.262446,367.106399,357.608309,363.849838,356.302563,40403530
2023-02-16,361.259954,362.362564,351.221523,355.03956,347.680745,37571272
2023-02-17,353.549139,355.661349,349.042431,350.726876,343.463092,49521963
2023-02-21,348.500702,350.461152,342.85526,343.159127,336.074158,42243674
2023-02-22,344.967443,359.90291,344.774467,354.353361,347.042973,48655713
2023-02-23,355.065942,355.619706,346.595141,349.349407,342.147873,75962107
2023-02-24,349.045457,349.229941,341.034948,343.822981,336.7409,54842796
2023-02-27,342.681243,351.56013,341.380962,351.122824,343.907328,33804117
2023-02-28,349.561937,352.030082,346.697215,351.624627,344.404477,50040992
2023-03-01,351.154747,351.93562,347.049699,347.249432,340.124708,32508602
2023-03-02,347.825573,350.762841,345.163099,348.283595,341.143257,63995880
2023-03-03,346.07128,348.400062,344.544322,345.777161,338.693772,36126972
2023-03-06,342.67206,351.908625,338.90093,349.955559,342.803467,44052559
2023-03-07,346.728644,360.590695,344.849427,357.991409,350.680848,91248509
2023-03-08,358.836799,359.585104,353.670158,354.348824,347.118351,51009384
2023-03-09,355.048786,369.868779,353.427532,368.386961,360.875968,33712832
2023-03-10,368.571554,375.574782,365.047023,372.87415,365.277669,29736003
2023-03-13,370.954979,373.599456,363.706589,364.425389,357.018627,82463645
2023-03-14,365.826444,366.702271,361.823022,363.831405,356.44257,38298129
2023-03-15,363.394215,364.753786,360.818205,362.600283,355.242286,41227714
2023-03-16,364.583078,370.010957,362.615514,366.199732,358.774587,57380468
2023-03-17,365.94258,366.840165,360.913895,361.578009,354.252395,27681865
2023-03-20,363.335059,370.143373,359.698655,367.657708,360.22667,33416908
2023-03-21,365.855224,374.864186,365.646521,371.729074,364.22173,28484626
2023-03-22,370.394814,375.844614,370.067479,375.519389,367.941541,42654217
2023-03-23,375.986067,388.879343,375.260138,385.359343,377.58913,58845640
2023-03-24,384.269762,385.846678,382.749601,385.201915,377.441076,48167762
2023-03-27,384.750097,385.025488,377.870398,379.576738,371.947562,50541463
2023-03-28,380.868117,383.598446,373.209326,374.181453,366.666741,24912962
2023-03-29,377.656856,380.87108,371.54509,373.286174,365.795451,55855645
2023-03-30,374.202297,377.888403,362.607008,364.232781,356.929596,30811743
2023-03-31,359.688785,360.92101,358.066182,360.44121,353.219851,49135042
2023-04-03,360.288392,362.03585,358.241942,358.56472,351.398274,62758263
2023-04-04,360.611651,365.540686,358.010656,362.969209,355.720575,53224097
2023-04-05,364.557397,367.30137,357.221239,358.678967,351.521786,54240247
2023-04-06,359.584466,360.022247,355.485588,356.437457,349.330742,54112773
2023-04-10,356.20312,357.409599,355.860637,356.804828,349.713767,20803472
2023-04-11,356.345632,360.738566,353.266607,358.599668,351.47871,33399802
2023-04-12,359.280735,360.568446,355.02996,356.367424,349.296531,72926105
2023-04-13,357.308657,363.087284,356.329356,360.826348,353.672793,24985213
2023-04-14,358.096849,359.95856,352.25574,353.884374,346.874145,44046061
2023-04-17,351.638906,353.162411,344.508411,346.248886,339.406637,105299636
2023-04-18,348.272286,352.002037,346.506318,349.948745,343.039018,43982873
2023-04-19,350.815186,352.749384,346.933965,347.691963,340.832395,44457606
2023-04-20,350.720116,351.692593,349.165073,351.494031,344.565112,40257563
2023-04-21,349.945784,355.414915,347.584175,353.956523,346.984762,39474024
2023-04-24,353.908091,355.257141,349.602297,350.151365,343.27147,55343016
2023-04-25,349.647886,352.810964,348.887144,351.551634,344.649887,24383440
2023-04-26,350.812481,354.748895,350.196612,353.372357,346.440556,70283417
2023-04-27,352.847292,357.008629,351.834276,356.569402,349.58063,31903293
2023-04-28,357.281014,359.16231,352.491261,354.479107,347.537014,36597732
2023-05-01,353.24867,353.588633,351.341498,352.012225,345.135451,66699331
2023-05-02,352.120872,352.946625,348.203094,349.122106,342.307416,55014513
2023-05-03,348.980359,356.005629,348.34408,354.225118,347.316525,79512650
2023-05-04,353.485289,354.927263,350.831638,354.36146,347.455915,30959630
2023-05-05,354.541383,356.560804,352.984556,356.319724,349.381757,38903781
2023-05-08,357.830495,357.994782,351.421733,352.252252,345.410505,28165987
2023-05-09,353.411732,353.721746,352.329318,352.575327,345.732985,49678758
2023-05-10,353.34661,355.994845,351.875222,355.298975,348.409499,56252086
2023-05-11,355.018526,355.447355,352.09096,354.391226,347.52506,56765766
2023-05-12,354.911856,357.346468,352.287468,354.563157,347.699372,21224369
2023-05-15,353.046382,355.1007,350.536833,352.850248,346.036676,46442032
2023-05-16,350.979022,352.520753,346.279278,349.490975,342.747901,77430485
2023-05-17,348.39901,348.609546,346.778997,347.49176,340.792857,61690235
2023-05-18,347.028931,350.813426,346.857525,350.325184,343.577302,39874047
2023-05-19,350.114269,352.926241,349.527421,352.780914,345.991414,48309745
2023-05-22,352.120108,357.771624,351.81879,355.142953,348.325159,51164542
2023-05-23,356.873184,357.915548,352.355238,354.583382,347.782044,46199801
2023-05-24,353.546686,355.826413,352.962739,354.644702,347.847902,27014419
2023-05-25,355.909542,357.958784,349.202971,350.853781,344.135287,49662672
2023-05-26,349.950513,350.548481,349.153438,349.343119,342.659182,36278991
2023-05-30,347.896946,350.16251,346.178076,349.564608,342.898964,39439497
2023-05-31,348.773517,351.374519,348.27909,349.998307,343.330032,48445365
2023-06-01,351.396494,353.876066,350.699506,352.186287,345.482001,43752314
2023-06-02,353.272264,353.867634,350.641267,350.834815,344.16191,32985437
2023-06-05,351.785921,353.397144,350.405354,352.063805,345.384545,54082348
2023-06-06,351.017991,354.2357,349.895849,352.687788,346.002374,42439644
2023-06-07,353.634382,355.428455,347.628988,349.328667,342.712557,36979327
2023-06-08,349.323462,354.907804,348.196151,353.749435,347.055299,32418982
2023-06-09,355.071715,364.345956,354.467429,362.369799,355.518376,43643030
2023-06-12,363.426489,366.532994,352.700121,353.838062,347.16506,52041295
2023-06-13,353.72009,355.771299,353.108702,353.29541,346.638335,57957349
2023-06-14,355.191344,357.955645,355.03965,357.195506,350.4707,55673685
2023-06-15,358.511215,359.902516,355.644581,358.268686,351.52945,39498509
2023-06-16,359.164994,361.73768,354.75682,359.7854,353.023433,49489293
2023-06-20,359.401666,362.072928,357.984241,358.58227,351.866035,59042587
2023-06-21,358.122917,364.279577,357.40613,361.829892,355.058662,83077738
2023-06-22,359.590732,364.941196,357.111741,363.850981,357.047793,47377941
2023-06-23,360.784476,365.87237,357.814865,364.522395,357.71253,48948494
2023-06-26,364.236676,373.21725,363.444239,369.872502,362.980576,60694934
2023-06-27,372.047401,373.898309,371.458389,372.090371,365.163117,42178647
2023-06-28,370.864684,373.410122,369.269514,371.940904,365.022429,30586130
2023-06-29,371.233786,371.87791,368.888483,369.161674,362.300847,27665814
2023-06-30,367.353402,375.649417,364.956461,374.819521,367.859586,42320003
2023-07-03,373.754633,380.33348,373.201679,378.349524,371.342341,84535552
2023-07-05,380.021624,383.479295,376.363256,381.96263,374.900848,80357377
2023-07-06,381.804322,385.772539,379.045414,383.6171,376.530915,35746830
2023-07-07,384.504296,385.230781,376.484125,379.41639,372.413919,32842523
2023-07-10,381.109523,384.320904,380.053939,381.917833,374.88767,43140526
2023-07-11,379.722069,381.037713,375.187192,376.374392,369.452339,43373351
2023-07-12,376.031441,376.766029,369.254637,371.637903,364.808953,21826599
2023-07-13,371.032128,379.573859,368.394858,376.028463,369.124899,33860173
2023-07-14,373.904266,377.774025,369.839081,377.219099,370.299759,47530798
2023-07-17,377.669508,382.945664,373.719323,382.241812,375.248832,50116169
2023-07-18,379.516879,395.703497,377.972446,392.154686,384.986678,41149588
2023-07-19,392.896358,393.455811,378.85037,382.392672,375.409266,52613323
2023-07-20,379.506272,398.975608,369.389852,393.594088,386.412464,76457136
2023-07-21,394.505097,398.357061,383.636545,384.628107,377.616283,71992754
2023-07-24,382.357864,385.862026,378.256609,378.941612,372.051788,40050685
2023-07-25,377.954966,390.631768,376.481465,385.136513,378.140267,33996779
2023-07-26,382.522554,383.045913,376.587487,382.332566,375.393421,40325959
2023-07-27,385.881537,387.617266,375.980497,378.086787,371.230799,42801203
2023-07-28,377.434775,381.727995,368.230286,369.951775,363.24927,32142923
2023-07-31,369.565037,374.37186,368.83427,372.386916,365.658312,40355661
2023-08-01,371.0658,375.959037,369.11762,373.221669,366.484003,54908764
2023-08-02,376.508472,381.564965,366.619316,369.731479,363.062784,56243746
2023-08-03,370.423148,375.353448,368.448615,371.905879,365.203965,47164310
2023-08-04,374.028364,377.950164,372.232995,373.340741,366.618992,35800541
2023-08-07,370.797504,371.192537,365.714534,371.001929,364.340243,46678440
2023-08-08,373.023259,378.572695,370.35686,375.98613,369.241014,30941077
2023-08-09,377.338543,394.908171,374.588845,391.965615,384.940153,63687644
2023-08-10,389.572432,396.957328,388.473958,391.869912,384.852488,32954987
2023-08-11,391.439421,393.681974,389.512767,392.499001,385.476644,34105592
2023-08-14,394.850184,398.204019,384.172146,387.693514,380.775898,38500086
2023-08-15,386.43888,396.015596,384.452373,394.697213,387.660999,61216774
2023-08-16,394.723757,395.605662,386.412959,388.051323,381.139844,52010180
2023-08-17,386.071616,393.864303,383.993331,392.182656,385.203923,44509944
2023-08-18,393.333404,394.04929,383.974306,386.049966,379.186591,61092425
2023-08-21,384.076286,397.642316,383.870047,396.09684,389.074021,67770529
2023-08-22,397.409229,406.125509,396.607785,402.292663,395.166482,35835557
2023-08-23,400.061307,407.25139,398.813064,403.209043,396.073137,45299746
2023-08-24,401.423526,404.685247,398.05398,400.761713,393.675585,33530092
2023-08-25,402.99147,406.212715,399.198681,401.381064,394.290463,50751413
2023-08-28,401.889193,403.371768,395.540814,396.8404,389.849223,45667428
2023-08-29,402.46387,403.810242,401.369779,402.871143,395.780223,72917241
2023-08-30,404.988294,406.641103,401.697865,402.857287,395.773112,41776763
2023-08-31,401.242249,404.400489,400.122161,403.753154,396.659742,39685913
2023-09-01,402.378644,403.50744,391.990831,394.511987,387.587297,43198574
2023-09-05,392.542898,395.524051,390.262402,392.319056,385.458185,65196033
2023-09-06,394.352418,398.610859,392.441687,397.0654,390.127933,38954754
2023-09-07,397.836881,403.288396,394.524811,401.126841,394.124887,35575849
2023-09-08,398.377048,405.95995,396.043842,404.816682,397.756854,58869881
2023-09-11,405.812174,407.971171,398.411669,398.989902,392.051011,45744324
2023-09-12,400.876676,402.171676,393.36408,394.332902,387.481366,52693500
2023-09-13,393.563498,393.924348,388.799175,389.308225,382.550277,32653000
2023-09-14,387.839619,397.78388,386.183153,393.944497,387.112428,43643195
2023-09-15,392.212791,401.269515,390.980745,398.340881,391.438997,51904627
2023-09-18,399.456673,400.403296,398.507363,399.777531,392.870116,75241924
2023-09-19,398.744048,405.43116,393.567234,403.517616,396.552093,24338035
2023-09-20,407.494908,408.810854,395.905793,397.227059,390.376536,55805161
2023-09-21,399.123275,400.081162,398.562556,399.120797,392.244058,41595140
2023-09-22,399.390685,399.775987,393.113818,393.513713,386.739936,34188775
2023-09-25,393.661127,395.73746,391.592704,395.027276,388.246578,44895662
2023-09-26,396.247693,408.39899,395.683305,406.566406,399.594201,89189804
2023-09-27,408.024335,412.60735,407.122247,408.823581,401.819269,28789563
2023-09-28,409.750911,418.975169,405.196112,416.718783,409.585931,77743786
2023-09-29,418.594228,420.095618,404.038841,407.067735,400.10665,102108880
2023-10-02,404.543077,421.855191,403.174494,419.119543,411.972667,46368744
2023-10-03,419.177321,420.43336,404.99914,408.147854,401.194659,55751350
2023-10-04,408.325775,412.628797,403.566443,406.679402,399.75779,21914884
2023-10-05,402.24902,403.074411,398.471979,398.936474,392.153088,35304493
2023-10-06,398.266966,401.22518,396.948441,400.330996,393.530363,49322240
2023-10-09,397.266678,404.404409,392.761056,403.959599,397.116895,49379658
2023-10-10,406.552189,410.872934,398.378241,398.601675,391.856165,59592257
2023-10-11,395.736201,398.408888,390.077743,393.190192,386.54261,36971033
2023-10-12,396.786297,398.91901,392.092368,398.361451,391.632874,40505521
2023-10-13,397.734603,404.331708,394.824051,402.009101,395.225405,69257709
2023-10-16,405.042695,406.310741,398.629288,400.813022,394.068929,63043922
2023-10-17,403.695458,415.932677,402.152697,409.708824,402.821667,47237320
2023-10-18,408.4935,411.783876,407.662333,411.119226,404.215,61123138
2023-10-19,408.289037,411.443937,402.13114,408.162682,401.3147,42847414
2023-10-20,409.323115,420.387159,406.253547,418.285467,411.274405,59985255
2023-10-23,420.199296,423.092705,404.846105,409.271226,402.431087,68472598
2023-10-24,408.727088,421.507031,406.975006,420.10832,413.093847,36739674
2023-10-25,419.958182,421.600275,417.44993,419.870879,412.867153,28264149
2023-10-26,418.844519,420.527161,418.518264,419.445259,412.455408,33698879
2023-10-27,417.424518,424.511037,414.423366,421.206862,414.194459,48372893
2023-10-30,422.110773,427.226069,420.236026,426.429031,419.350353,26945239
2023-10-31,426.371786,427.677102,419.900084,420.98601,414.004486,47406625
2023-11-01,422.209698,431.903443,419.325585,430.539653,423.40665,29422780
2023-11-02,431.146861,437.631341,428.581172,435.193852,427.99077,28718028
2023-11-03,433.429975,434.684149,425.907503,431.021262,423.894206,45952168
2023-11-06,430.123386,437.727672,429.146324,437.175059,429.967437,63890988
2023-11-07,433.594148,438.254861,432.567527,436.320758,429.13427,45187507
2023-11-08,434.636551,440.856173,433.208849,439.179577,431.953098,43277977
2023-11-09,438.001184,445.486236,435.45179,443.406864,436.117992,51089173
2023-11-10,443.22193,449.539388,440.533681,446.50869,439.176043,47605351
2023-11-13,444.271102,449.205407,442.053156,447.73885,440.407705,71069437
2023-11-14,450.767447,453.407466,438.328212,439.698226,432.50584,51317100
2023-11-15,438.379154,440.955391,434.954558,435.32448,428.210671,40231939
2023-11-16,433.75766,443.705095,429.816611,442.59175,435.366336,42871642
2023-11-17,444.147204,445.463202,441.465713,442.945122,435.721096,28468417
2023-11-20,439.380965,445.873775,434.879312,442.96942,435.766473,54818547
2023-11-21,443.256529,444.000912,440.04068,442.074399,434.89315,37481403
2023-11-22,442.210211,444.030994,440.455043,442.989402,435.800448,45711754
2023-11-24,441.785781,445.076079,438.878689,444.646992,437.44551,43018344
2023-11-27,445.20318,445.816288,438.962874,439.971721,432.867291,30591961
2023-11-28,438.509796,444.941781,436.034831,442.11833,434.986383,73010672
2023-11-29,441.581362,442.640711,437.007054,438.621552,431.553102,32365903
2023-11-30,438.178565,438.757688,430.585278,433.589689,426.609336,50370170
2023-12-01,434.08165,435.416149,424.598704,428.882742,421.985098,59274445
2023-12-04,427.285613,431.078898,423.917882,427.716343,420.858198,54416414
2023-12-05,426.993805,429.894589,419.774239,421.408274,414.658086,42463652
2023-12-06,421.593054,424.265452,414.820926,417.822723,411.136723,25589874
2023-12-07,414.597505,425.857025,413.978732,424.210677,417.429314,47442760
2023-12-08,423.33544,425.022154,414.198452,417.954224,411.279631,43473068
2023-12-11,418.221766,421.201615,417.309745,420.266964,413.575819,40778566
2023-12-12,418.715783,421.790674,408.193378,409.777022,403.259513,40236616
2023-12-13,409.785305,413.643263,407.605914,410.604174,404.080147,57354541
2023-12-14,409.722744,411.941825,409.046692,411.568661,405.035964,27774482
2023-12-15,414.866768,418.28276,406.236257,409.953593,403.453158,43241154
2023-12-18,410.4741,411.054361,400.23224,401.971277,395.61691,52025583
2023-12-19,401.100426,402.98097,397.973944,401.517229,395.176531,39286988
2023-12-20,400.032976,404.12072,398.42616,400.589077,394.269513,54580201
2023-12-21,401.380014,406.365655,401.087074,405.60349,399.211378,46717773
2023-12-22,402.264424,407.044501,400.504123,405.693057,399.306093,38048339
2023-12-26,406.161936,409.711918,404.887931,409.311755,402.894293,29925377
2023-12-27,408.240782,418.123319,407.945892,413.575852,407.098223,31949177
2023-12-28,414.9039,417.504752,412.530139,416.380874,409.866044,39435758
2023-12-29,418.078287,420.023521,414.215976,415.69286,409.195517,42318690
2024-01-02,416.40578,417.19423,412.2117,412.852987,406.426736,41074200
2024-01-03,412.180144,414.874686,409.611769,413.209468,406.78435,53960884
2024-01-04,413.659129,414.615105,408.748914,409.588009,403.225826,55303569
2024-01-05,409.518222,414.452526,405.332435,412.837023,406.43105,64051237
2024-01-08,412.181094,413.004692,411.086864,412.457294,406.077224,28356084
2024-01-09,410.744437,413.394299,409.302517,412.564269,406.189217,41535895
2024-01-10,409.956145,410.819969,407.778532,409.088056,402.773336,45507068
2024-01-11,409.512517,412.619127,406.77407,412.372698,406.013945,82417015
2024-01-12,413.700876,417.153149,407.816069,408.310697,402.021184,33823315
2024-01-16,407.515332,411.450665,405.953444,410.770836,404.470003,41720253
2024-01-17,411.41144,412.068756,404.753713,407.77142,401.523191,71378216
2024-01-18,407.645595,407.813264,399.11104,401.633997,395.486308,46652058
2024-01-19,400.323938,402.185475,400.081379,401.39281,395.255306,41760480
2024-01-22,400.446073,402.112252,395.459147,397.763392,391.700686,34118041
2024-01-23,396.947626,403.255117,394.267568,401.647271,395.531865,39716350
2024-01-24,402.111686,403.91975,395.061874,395.371925,389.358462,67434418
2024-01-25,394.164907,396.629839,393.249482,395.71711,389.704798,43761289
2024-01-26,398.773146,402.297896,398.292999,401.012908,394.926622,46105231
2024-01-29,401.751472,402.907841,399.707934,402.589508,396.498834,31329621
2024-01-30,402.765589,410.209474,400.611278,408.050796,401.884101,69004024
2024-01-31,408.491762,413.046414,406.925042,411.361497,405.151424,28395527
2024-02-01,412.359462,416.476278,408.659898,411.527275,405.321358,53712666
2024-02-02,411.144922,417.137392,410.804702,415.766221,409.503106,26690642
2024-02-05,416.675669,417.655477,405.95159,408.943999,402.803505,86754876
2024-02-06,410.205472,411.98993,405.766571,407.652047,401.537548,49655165
2024-02-07,407.272811,407.993833,403.668434,405.918873,399.836938,50877297
2024-02-08,407.280049,410.15419,406.802402,409.362568,403.23566,41888056
2024-02-09,410.209797,411.814175,409.094488,411.159019,405.011877,36352623
2024-02-12,411.392606,412.584202,405.332759,405.931013,399.88174,32334482
2024-02-13,406.910244,409.535726,401.791996,405.591934,399.554277,36303960
2024-02-14,405.739435,410.17515,405.004489,407.373271,401.31569,35471204
2024-02-15,406.690108,411.770783,405.7987,411.037254,404.931841,45877966
2024-02-16,410.670486,416.489523,409.443903,414.349629,408.201721,30098290
2024-02-20,413.243038,415.77976,412.879675,413.912884,407.798251,48718548
2024-02-21,414.662837,416.256905,413.522668,414.11948,408.008498,69853903
2024-02-22,413.641152,423.659668,411.439894,420.270589,414.075639,42443870
2024-02-23,419.86243,426.703972,419.535521,425.915724,419.644456,45008197
2024-02-26,424.79158,428.622505,421.735471,426.910951,420.645759,43236069
2024-02-27,426.647833,427.770804,421.380448,423.133364,416.930459,45454160
2024-02-28,423.565464,423.929518,415.538364,417.024302,410.917703,51718453
2024-02-29,417.40427,423.113086,415.560523,421.277591,415.115529,56848949
2024-03-01,422.21779,426.712921,414.871228,416.923445,410.83182,59091901
2024-03-04,419.812586,420.652949,418.583479,420.072217,413.954985,45821677
2024-03-05,422.469428,425.291983,413.92394,417.358809,411.287847,44635028
2024-03-06,416.069814,418.990388,414.917697,416.42273,410.372126,44853825
2024-03-07,415.196711,419.044951,410.374799,411.948957,405.970026,27538268
2024-03-08,410.604658,413.531715,403.320376,405.915717,400.030922,50789802
2024-03-11,404.829905,413.223548,403.918431,411.7528,405.803379,33226679
2024-03-12,412.591836,415.19083,404.596192,405.074964,399.22859,66694416
2024-03-13,404.171849,410.432088,403.914418,408.866916,402.972432,60914972
2024-03-14,410.401765,411.261643,408.699598,409.459664,403.563264,60921491
2024-03-15,407.335971,416.308952,404.293202,411.754421,405.831643,21421101
2024-03-18,409.11252,418.573831,407.810927,415.921407,409.958893,46758184
2024-03-19,413.025076,423.249311,408.969709,422.289716,416.242745,33482761
2024-03-20,423.352529,426.327871,417.366664,420.693463,414.676161,58270561
2024-03-21,420.03072,426.518216,415.985422,424.745812,418.677426,42406392
2024-03-22,425.226675,425.870001,421.950007,422.509328,416.479736,35708676
2024-03-25,421.798943,425.096247,420.695109,422.400482,416.392964,65049295
2024-03-26,422.540172,425.717325,419.527227,423.235254,417.222716,47207285
2024-03-27,421.969404,423.199734,420.307048,421.439218,415.45902,40414505
2024-03-28,423.379569,425.299065,416.51062,419.225951,413.283948,42229971
2024-04-01,417.382262,421.240502,416.661542,418.460506,412.55646,38409303
2024-04-02,418.724034,425.326974,418.343768,422.731396,416.773939,41112565
2024-04-03,422.014138,426.045207,421.18028,424.102513,418.132602,42189890
2024-04-04,424.065071,425.307132,414.839239,416.323354,410.469689,49680043
2024-04-05,415.799014,426.531701,413.569263,424.514769,418.552806,24692694
2024-04-08,426.234376,428.636973,425.027031,427.248657,421.269058,48551306
2024-04-09,426.18927,427.803005,424.868848,427.469754,421.493985,56780065
2024-04-10,427.63907,434.655995,424.870002,432.688343,426.646629,66861215
2024-04-11,430.940151,431.423155,429.636821,430.37693,424.374463,40657475
2024-04-12,431.187035,433.557059,429.561826,430.923739,424.920625,24091597
2024-04-15,428.898924,431.696928,422.636434,425.451647,419.545439,49614283
2024-04-16,425.08608,426.598588,420.874355,422.199307,416.345088,34472708
2024-04-17,419.651871,427.496694,417.818334,426.825643,420.914189,36781371
2024-04-18,423.688504,424.907698,418.868019,424.283039,418.413673,60694540
2024-04-19,423.810313,424.624031,419.448021,420.658399,414.84599,31799515
2024-04-22,418.296596,419.193364,414.621867,415.563943,409.842124,38474957
2024-04-23,415.038999,415.621213,412.587341,415.117261,409.408317,73350948
2024-04-24,415.227946,417.625625,407.931773,410.266833,404.631242,52248357
2024-04-25,410.542429,412.162244,402.601353,403.456522,397.921017,49461219
2024-04-26,402.934082,404.094181,397.877769,399.82998,394.350709,81152534
2024-04-29,401.955833,404.377527,397.607004,403.114457,397.60977,52132184
2024-04-30,402.983323,406.414322,396.092317,399.526226,394.077012,36990336
2024-05-01,400.672702,401.51756,398.346584,399.09986,393.662927,44486060
2024-05-02,398.363087,398.680299,394.051522,394.512912,389.144859,30951389
2024-05-03,396.372357,399.680526,394.613936,396.431592,391.043856,31229286
2024-05-06,397.042331,400.50179,396.052087,399.197868,393.791943,54349883
2024-05-07,400.030605,407.333403,399.614962,405.718074,400.230428,34428501
2024-05-08,406.179879,415.862881,405.416802,414.199907,408.604249,58576457
2024-05-09,415.083091,418.956416,412.671454,417.482307,411.849071,47717266
2024-05-10,416.164786,419.283093,415.268884,418.409361,412.770396,41590718
2024-05-13,419.370847,419.970859,416.175576,416.561157,410.967354,30952269
2024-05-14,415.921842,417.862381,410.079091,412.479331,406.947026,35019779
2024-05-15,412.587637,413.170031,409.488251,411.006884,405.500989,37916255
2024-05-16,411.849267,413.716234,411.311658,412.416803,406.898704,48409687
2024-05-17,411.297691,415.830374,410.699246,414.518131,408.978634,43287861
2024-05-20,414.319844,416.036773,412.928605,414.657088,409.135897,33042213
2024-05-21,414.810186,423.172471,413.30967,418.72447,413.155908,45748641
2024-05-22,416.582213,417.953023,410.118508,411.755256,406.286051,53181662
2024-05-23,412.080301,415.713853,411.782821,415.143767,409.636283,45931189
2024-05-24,415.066524,416.274411,411.904552,413.955622,408.47061,63087172
2024-05-28,416.224385,419.019553,411.687423,414.418617,408.954341,45654907
2024-05-29,416.216329,417.062158,412.992378,414.587252,409.127474,59529848
2024-05-30,415.829089,419.711647,412.073012,414.251092,408.802456,57966175
2024-05-31,413.71356,419.013944,413.405451,416.687107,411.213185,59403180
2024-06-03,415.812637,420.256717,415.103405,418.370206,412.894521,88985200
2024-06-04,416.481306,419.28015,415.985747,416.501848,411.057369,50349943
2024-06-05,417.065387,423.609608,414.448663,418.774077,413.306684,60931262
2024-06-06,417.924155,419.684609,415.375756,415.758724,410.337439,24243581
2024-06-07,417.60538,422.871004,415.200084,420.830701,415.350103,37218700
2024-06-10,421.657736,423.517618,416.032111,417.201074,411.788039,41866899
2024-06-11,414.352322,415.500864,412.022649,412.901418,407.550865,35917740
2024-06-12,411.323987,419.553701,410.41291,418.746228,413.326725,50914056
2024-06-13,420.687292,423.397493,418.23398,419.301646,413.881753,52544813
2024-06-14,419.590745,422.106544,417.297947,419.373201,413.959183,38641434
2024-06-17,418.065446,421.55465,416.532758,420.105987,414.702946,47975464
2024-06-18,425.377882,425.733065,419.116652,419.969693,414.575215,40506458
2024-06-20,419.612005,428.001005,419.063336,426.267454,420.805907,36731133
2024-06-21,424.480165,425.576305,421.714278,422.441996,417.036313,36412174
2024-06-24,422.284535,426.15103,420.287042,424.145671,418.738823,45268742
2024-06-25,422.503669,426.295306,421.681114,425.955307,420.532298,54200558
2024-06-26,425.175513,427.460101,424.101406,426.37695,420.955488,36963835
2024-06-27,426.869553,432.9298,426.046226,431.477148,425.997835,57723084
2024-06-28,432.179661,441.645459,430.31919,437.471394,431.923054,71171785
2024-07-01,436.552205,437.721726,434.011782,436.337617,430.824888,48271713
2024-07-02,436.97234,444.305711,434.813655,442.611815,437.026997,42263133
2024-07-03,443.420486,451.195925,441.371091,448.768487,443.113264,27665244
2024-07-05,447.42001,453.884653,444.665135,451.390467,445.716846,48545842
2024-07-08,451.275462,451.714078,446.976339,448.620985,443.004005,42969087
2024-07-09,446.276686,447.629857,444.978197,445.961274,440.384829,40948936
2024-07-10,445.524711,448.776356,440.952626,441.450975,435.93809,44605688
2024-07-11,441.594138,442.216801,436.272637,438.056376,432.592989,59568019
2024-07-12,438.418068,438.980956,435.349923,438.183965,432.726095,48190271
2024-07-15,437.18959,438.19273,433.679798,437.384325,431.957702,45550406
2024-07-16,436.613225,441.651465,434.780708,440.786287,435.324607,39748100
2024-07-17,438.823779,442.751291,437.787924,438.935837,433.504206,66000437
2024-07-18,438.926756,440.605973,433.219288,434.33602,428.968356,48940004
2024-07-19,433.931399,434.934237,427.452841,429.10067,423.804668,69905785
2024-07-22,427.372591,430.836815,426.339282,429.718579,424.435868,32418982
2024-07-23,431.462684,433.124539,427.504823,430.011808,424.732469,45143985
2024-07-24,430.573012,432.96805,428.82122,432.472814,427.170278,67957129
2024-07-25,430.798195,438.035727,430.526626,436.392889,431.04937,48984147
2024-07-26,437.4688,437.864935,436.431295,437.067769,431.723078,38834658
2024-07-29,439.158338,443.010484,438.572784,441.421163,436.044725,62934292
2024-07-30,442.843809,453.745396,441.495968,451.694168,446.199935,46756338
2024-07-31,450.653291,453.867802,450.360314,453.128988,447.624656,26973119
2024-08-01,452.524288,458.131384,447.884923,457.065315,451.520585,34794957
2024-08-02,459.207304,459.638316,455.587457,457.644154,452.099828,77523939
2024-08-05,458.324773,458.874843,451.035213,452.253364,446.796365,41462628
2024-08-06,450.827329,454.386293,448.360704,453.477274,448.012867,90636632
2024-08-07,453.059894,458.268358,440.547007,443.01253,437.681413,57205804
2024-08-08,443.320817,447.029063,438.502247,445.319391,439.967741,40986035
2024-08-09,445.595086,445.785177,441.670526,443.492,438.169508,40186625
2024-08-12,444.368217,446.159308,439.96746,445.211027,439.889583,52797653
2024-08-13,447.122084,448.422771,446.517086,446.930125,441.595387,30993118
2024-08-14,446.139154,452.618322,444.642893,451.441335,446.060077,49831926
2024-08-15,449.898962,450.445765,446.103022,449.337547,443.988659,65195517
2024-08-16,450.237442,450.777035,448.86386,450.503227,445.147776,23174249
2024-08-19,450.207835,450.811289,449.833336,450.346381,445.014725,43179379
2024-08-20,448.436456,455.027542,447.385486,451.513571,446.175425,37712530
2024-08-21,452.312216,454.791158,450.530445,453.244807,447.893551,65148200
2024-08-22,454.769479,462.076861,453.843168,460.48007,455.050866,70603966
2024-08-23,461.333948,464.008241,452.324642,453.838739,448.495206,36026629
2024-08-26,453.595058,458.549563,451.935392,456.33754,450.986811,30171162
2024-08-27,453.120239,455.691323,448.129019,454.842433,449.516618,43897023
2024-08-28,455.624209,456.401276,444.612286,447.857057,442.620306,80196404
2024-08-29,446.681032,453.12038,445.546541,452.203827,446.923592,53347153
2024-08-30,451.823339,456.487312,449.022497,455.109027,449.802257,74383984
2024-09-03,457.16639,460.21023,456.12723,459.322586,453.996514,46282552
2024-09-04,458.587139,461.916557,447.420384,448.882744,443.685016,63858400
2024-09-05,451.244352,458.72904,450.337198,456.998114,451.713836,46910450
2024-09-06,458.385158,461.32056,456.941875,457.505483,452.222767,31108454
2024-09-09,456.855661,459.060622,452.929926,455.351804,450.116138,43453839
2024-09-10,454.492029,463.238925,453.146633,461.740084,456.438463,57894326
2024-09-11,461.89888,466.603482,459.908837,462.85406,457.547164,46502976
2024-09-12,464.727503,466.899771,453.73187,456.070097,450.84839,49637591
2024-09-13,456.01547,457.619199,447.782498,451.096616,445.939178,41789630
2024-09-16,450.948568,451.54175,445.074762,445.640433,440.567087,61259574
2024-09-17,444.344659,448.478241,440.5142,446.9836,441.902222,43859193
2024-09-18,448.773562,450.200609,443.246118,444.215484,439.172789,49230454
2024-09-19,444.651372,448.91377,444.391514,444.827088,439.784674,46280809
2024-09-20,446.099917,452.265296,445.281806,448.971552,443.88945,36022779
2024-09-23,451.342964,451.903284,445.119192,445.492438,440.471424,36812840
2024-09-24,445.031714,452.840492,444.15007,450.141391,445.075291,34088881
2024-09-25,447.924833,453.2238,445.539208,451.062399,445.99326,42968661
2024-09-26,449.856271,452.63539,449.492686,450.731145,445.67305,41710970
2024-09-27,452.529507,454.787725,449.772347,450.265238,445.219685,42150321
2024-09-30,450.502206,451.22538,448.875147,450.15004,445.127714,64203026
2024-10-01,449.034487,458.186464,448.217682,455.580585,450.50507,50487175
2024-10-02,455.600783,458.784358,453.743822,456.77164,451.690275,29172864
2024-10-03,455.605974,458.182291,450.502837,452.778682,447.749093,43746688
2024-10-04,452.399164,462.235429,450.473365,459.486294,454.389658,45916893
2024-10-07,460.818015,465.489268,459.839936,461.817624,456.717636,52266876
2024-10-08,463.796334,466.784563,456.568907,456.799234,451.762087,32651023
2024-10-09,456.580709,460.316206,454.507668,459.918936,454.85486,42492778
2024-10-10,462.532122,464.193144,459.428944,463.724687,458.62624,49688925
2024-10-11,464.31416,469.960736,463.939925,468.092196,462.953336,66459931
2024-10-14,469.283324,470.844301,458.847159,462.664346,457.607625,39712858
2024-10-15,463.769809,465.292788,458.292119,459.352695,454.339632,42263189
2024-10-16,461.786045,463.550575,446.538652,449.223513,444.328293,44913716
2024-10-17,449.900653,453.375121,446.017537,452.49643,447.572896,36736467
2024-10-18,455.461557,459.161466,450.809145,452.333479,447.419068,34122069
2024-10-21,453.45757,455.810153,451.899535,453.354952,448.451544,39101629
2024-10-22,452.894172,458.694089,452.078322,456.924205,451.989616,65196432
2024-10-23,456.039086,459.647421,453.471011,454.708773,449.8055,54822661
2024-10-24,456.135407,458.259371,455.584307,456.679792,451.762685,44618766
2024-10-25,456.537554,458.876052,456.083063,457.113884,452.199532,43469207
2024-10-28,455.925494,460.807398,455.310059,458.982982,454.070912,67758528
2024-10-29,460.204303,461.912219,456.733045,457.602086,452.712232,44959266
2024-10-30,458.537994,460.755065,457.86068,458.141374,453.253202,27070206
2024-10-31,458.51482,461.090234,456.003914,457.258215,452.386897,42755814
2024-11-01,455.972546,458.52176,455.174818,458.222507,453.348363,42263036
2024-11-04,460.090806,463.130098,455.95655,458.389333,453.535765,46711529
2024-11-05,457.832061,463.478803,456.163533,460.856299,455.984101,47238974
2024-11-06,461.016076,464.460375,459.810933,464.239581,459.33916,41455944
2024-11-07,465.031029,473.961464,462.770113,473.466404,468.476282,47815492
2024-11-08,471.164459,477.20296,470.773671,475.329875,470.327839,54444019
2024-11-11,477.336318,477.851311,471.506507,473.217777,468.261043,45564258
2024-11-12,473.147884,473.878727,471.257808,471.711931,466.778638,38914246
2024-11-13,472.234512,473.381715,466.536803,469.323459,464.422775,29857808
2024-11-14,469.434859,476.758135,465.311674,476.55586,471.587401,42320577
2024-11-15,476.024133,481.532608,471.979906,480.086843,475.089375,26508554
2024-11-18,482.017856,482.569704,479.799385,480.799896,475.818454,44799001
2024-11-19,480.312502,481.83534,473.918796,474.376753,469.469571,42468347
2024-11-20,474.384031,475.176999,470.944229,473.18977,468.30256,40707651
2024-11-21,472.198724,473.22458,470.042451,470.762453,465.907966,54493691
2024-11-22,470.236552,472.730753,468.78167,471.836049,466.978162,44855371
2024-11-25,471.762444,472.588361,461.239665,464.19328,459.436722,32595829
2024-11-26,463.069797,465.528621,460.65694,463.975741,459.228956,83363553
2024-11-27,464.93777,470.278624,462.965027,466.837855,462.069379,47975684
2024-11-29,465.156815,469.070469,463.756614,466.465807,461.716301,34175093
2024-12-02,466.741822,467.496897,465.189996,466.891381,462.160316,63618461
2024-12-03,464.943432,468.011979,462.557436,467.106936,462.381283,37152537
2024-12-04,468.993,470.991462,462.330274,463.345566,458.665501,39097978
2024-12-05,462.389277,464.196887,457.261039,459.625157,454.990145,51769494
2024-12-06,461.436576,464.064714,459.965335,463.059344,458.39723,31529008
2024-12-09,464.625211,466.518668,460.484391,463.142259,458.501905,57498235
2024-12-10,463.218196,465.42944,461.485546,463.744969,459.106118,39155876
2024-12-11,463.627231,466.10104,462.110046,464.332946,459.695765,50329341
2024-12-12,463.982294,469.557958,463.477592,468.728549,464.055093,31503387
2024-12-13,468.747164,472.31347,465.324675,465.798825,461.162156,34635637
2024-12-16,468.255624,473.906049,466.767266,473.710226,469.017918,36387905
2024-12-17,473.352281,474.461975,465.708657,468.483856,463.850937,62622377
2024-12-18,468.458816,471.110968,458.735278,460.971402,456.420272,34028676
2024-12-19,462.071395,462.720652,457.112406,459.798886,455.266812,43988631
2024-12-20,459.599506,470.277549,458.71636,466.390472,461.801013,44142572
2024-12-23,463.305119,472.108676,458.915236,470.502268,465.895306,58111352
2024-12-24,469.673181,470.437605,461.413117,465.563827,461.012794,50846565
2024-12-26,464.297957,464.7317,459.847736,460.324547,455.839704,36944781
2024-12-27,459.218411,468.587322,456.293661,463.517637,459.009226,48636863
2024-12-30,465.24756,473.070541,462.84967,470.086536,465.537173,42475196
2024-12-31,471.665639,473.772377,459.645225,460.455413,456.006749,58039806
2025-01-02,460.668495,472.068192,458.50123,469.365307,464.845832,39023802
2025-01-03,468.470242,475.843952,465.480654,472.51857,467.97642,49138443
2025-01-06,468.016166,480.42376,465.125444,476.843609,472.283158,60536930
2025-01-07,476.650062,490.929042,476.133723,489.902987,485.225609,59841191
2025-01-08,491.037282,493.85482,487.281624,491.25551,486.573212,35463895
2025-01-09,489.220802,497.00898,486.351727,491.287808,486.613196,26674721
2025-01-10,491.885061,501.286412,490.777382,497.728781,493.000981,38980770
2025-01-13,496.748805,498.568933,495.724031,496.726209,492.03218,48212583
2025-01-14,496.087336,496.564511,493.74452,494.225664,489.563307,37926064
2025-01-15,496.140738,498.656451,495.73812,498.205547,493.513752,29258439
2025-01-16,500.203511,507.678646,491.798006,492.527889,487.897577,45038467
2025-01-17,492.057592,497.100227,488.058546,495.318691,490.670203,51915216
2025-01-21,494.662726,497.728666,491.791739,496.001338,491.37873,67274016
2025-01-22,493.884097,500.996677,492.115927,500.327448,495.672664,17496172
2025-01-23,500.597372,509.059531,498.993542,504.802859,500.114654,62945115
2025-01-24,503.395335,505.675864,502.13672,505.187014,500.503463,67808022
2025-01-27,505.69813,512.838387,503.420651,510.908485,506.196836,71372125
2025-01-28,509.354161,510.008642,496.900196,502.083677,497.461583,26905146
2025-01-29,502.876267,504.025461,499.496832,502.154149,497.539579,29069138
2025-01-30,501.390731,510.554166,500.692773,507.869929,503.2111,45551153
2025-01-31,509.030015,509.460599,499.228724,506.500596,501.862572,61966861
2025-02-03,507.517054,513.327277,506.986963,512.9219,508.250123,38377562
2025-02-04,512.277908,518.473251,511.942155,514.389823,509.713049,57543225
2025-02-05,513.492415,518.283753,512.77438,513.484335,508.824152,40259362
2025-02-06,517.214967,518.812157,510.531499,511.14654,506.515894,91866452
2025-02-07,512.47546,516.727664,511.108691,515.878095,511.212982,54832716
2025-02-10,518.177412,519.576246,512.421836,514.97885,510.347019,32657772
2025-02-11,514.609934,517.492389,511.678023,515.508237,510.880037,29652289
2025-02-12,513.189139,516.906089,512.898741,516.375686,511.748105,38386123
2025-02-13,518.008509,523.135554,516.917554,521.851563,517.183405,55415515
2025-02-14,519.581351,524.928764,515.770385,520.165436,515.520829,38921897
2025-02-18,521.763168,529.881073,519.802663,526.592029,521.924332,92332124
2025-02-19,528.019375,528.361539,520.9566,524.405787,519.766007,37322332
2025-02-20,525.096992,528.079251,518.655675,520.882841,516.282711,56345667
2025-02-21,519.065234,528.915421,516.686152,528.251439,523.594835,31845637
2025-02-24,530.887102,531.771249,530.517627,530.896972,526.242982,48262043
2025-02-25,530.632174,537.79931,529.102152,534.608773,529.930948,39201234
2025-02-26,533.735973,534.316525,527.659154,528.928355,524.308847,52324493
2025-02-27,528.393457,536.992993,527.931393,535.732246,531.062039,59818542
2025-02-28,534.971206,540.576156,534.251922,539.50722,534.81289,27449775
2025-03-03,542.125249,553.208803,541.356397,551.453512,546.682176,60235678
2025-03-04,549.359002,556.271118,545.50172,554.786071,549.994936,33262589
2025-03-05,553.741267,559.39364,551.011977,557.736252,552.928721,24819849
2025-03-06,555.723523,556.897344,553.90057,556.268218,551.482401,33634193
2025-03-07,560.604082,564.852438,551.428182,552.43791,547.694044,44981691
2025-03-10,552.14677,557.383058,551.753646,556.694202,551.940986,35238376
2025-03-11,555.45083,559.815162,550.702713,558.932664,554.169439,39488914
2025-03-12,558.843553,566.608309,556.251434,563.88929,559.093009,46994224
2025-03-13,564.453848,568.457132,562.908741,565.842175,561.038499,50909371
2025-03-14,565.581924,566.108084,564.742481,565.255795,560.466304,45051093
2025-03-17,568.372299,571.205589,565.54504,566.608229,561.834966,59208014
2025-03-18,567.115217,574.77021,565.932553,574.04584,569.219271,60280210
2025-03-19,574.324157,583.181922,571.617524,579.991116,575.124006,60655947
2025-03-20,578.444561,585.855267,576.68343,584.46936,579.574192,41116673
2025-03-21,581.092171,601.42305,579.915807,596.735904,591.747719,46388231
2025-03-24,597.954028,598.23316,589.735866,591.742552,586.825026,25959291
2025-03-25,589.688582,597.020671,587.595936,596.501818,591.554459,46850450
2025-03-26,599.53403,600.860724,590.914446,591.600706,586.703634,35395093
2025-03-27,590.752716,598.640785,587.199846,597.708978,592.77108,34881092
2025-03-28,599.857424,611.56694,595.441778,607.581012,602.571456,60858454
2025-03-31,606.804484,621.174067,605.530465,617.467386,612.406496,31994056
2025-04-01,617.182431,622.365041,615.435431,618.426018,613.367346,34286657
2025-04-02,616.846781,619.515778,613.179058,614.661158,609.643297,78835916
2025-04-03,617.865154,624.022302,617.089484,623.001708,617.92591,61906640
2025-04-04,622.431879,624.70454,621.072153,622.478798,617.417402,40843161
2025-04-07,623.993956,633.826612,618.40506,633.210964,628.093256,46309168
2025-04-08,633.838512,641.687626,629.4793,636.619812,631.484928,59255293
2025-04-09,634.89707,642.576442,632.397567,636.803426,631.677437,51631092
2025-04-10,636.908014,643.733006,623.761604,629.749488,624.690542,51679429
2025-04-11,630.990765,634.965138,622.236713,624.007321,619.004671,32550275
2025-04-14,623.763406,628.668618,623.226315,626.714806,621.721089,52705120
2025-04-15,627.755482,632.150807,622.421237,624.74521,619.777368,48470019
2025-04-16,622.206697,625.775435,621.727497,624.606103,619.649546,47202949
2025-04-17,625.122496,627.308808,623.122665,625.12602,620.175525,34472700
2025-04-21,620.9849,625.419457,618.516192,622.303472,617.415898,40551120
2025-04-22,624.001303,625.601787,619.660099,624.200276,619.307977,46855482
2025-04-23,623.889096,629.176406,623.512811,627.162751,622.257455,57032080
2025-04-24,625.983737,628.442694,623.388229,626.444298,621.554831,67627235
2025-04-25,623.877098,638.48462,619.137572,637.495506,632.530174,71242723
2025-04-28,640.401255,645.02443,626.221478,628.048309,623.18727,69188929
2025-04-29,629.097405,633.14382,627.234573,629.724132,624.860387,52159803
2025-04-30,627.602787,644.032331,626.587749,640.002911,635.070209,42407756
2025-05-01,638.882918,646.733847,633.79471,641.269064,636.337057,69396939
2025-05-02,641.036572,653.208008,639.866708,650.739617,645.745379,45564044
2025-05-05,649.158746,662.94025,643.844619,658.910946,653.886219,43645279
2025-05-06,656.899695,676.800029,652.375416,671.796466,666.684428,82227937
2025-05-07,672.468153,673.186439,665.495352,671.357953,666.260197,54552828
2025-05-08,665.592567,679.459056,661.183077,677.148527,672.017841,34818256
2025-05-09,676.624412,679.687775,665.055156,667.117124,662.073321,61812498
2025-05-12,666.144033,672.180817,653.588545,655.082026,650.161256,52542413
2025-05-13,655.931688,659.644542,640.501529,642.512245,637.69637,25211756
2025-05-14,642.845206,654.017329,639.235491,653.305743,648.419618,78055476
2025-05-15,652.716964,657.062446,636.179985,640.441727,635.662256,54948632
2025-05-16,633.831292,637.309375,617.665104,620.090476,615.472992,103950320
2025-05-19,617.084417,618.458476,613.394181,617.38947,612.822298,47167864
2025-05-20,615.96666,627.937812,614.469387,626.872842,622.245738,41599091
2025-05-21,621.155985,624.735513,616.206992,621.256539,616.68102,47535273
2025-05-22,618.538873,624.506649,608.284029,621.154416,616.589779,47741158
2025-05-23,621.835834,627.914165,615.839485,625.627049,621.039745,55014715
2025-05-27,628.653818,631.041907,627.540701,630.531421,625.949285,66208207
2025-05-28,625.130004,638.205734,621.543705,632.632184,628.045099,82828028
2025-05-29,627.047126,640.230073,620.713122,638.618242,633.998169,59105605
2025-05-30,638.110416,641.126571,632.517615,639.796527,635.178363,40723184
2025-06-02,638.487972,640.667219,626.340243,630.777793,626.25559,42338336
2025-06-03,633.953282,644.682594,631.361397,641.247067,636.660266,51880883
2025-06-04,641.089111,655.470015,639.532991,650.723862,646.079886,73853603
2025-06-05,646.949973,649.273617,643.8709,644.525013,639.935789,43195668
2025-06-06,644.994564,649.512379,630.790403,631.770853,627.282747,22915373
2025-06-09,635.789553,642.562785,632.577431,634.705821,630.227923,30467786
2025-06-10,634.248688,638.18818,628.028459,633.614299,629.154436,39161412
2025-06-11,636.634939,638.006053,628.47741,635.665354,631.201423,48894367
2025-06-12,635.106686,642.500555,631.390139,638.810115,634.33452,42530215
2025-06-13,636.695119,641.88034,635.847882,638.789822,634.32479,49850087
2025-06-16,636.88553,639.466156,635.158516,636.630609,632.211825,42564777
2025-06-17,642.553951,646.539479,629.541043,633.982904,629.592839,32401127
2025-06-18,637.303545,638.108082,628.982352,632.390447,628.021726,32813613
2025-06-20,632.466524,637.825021,629.980031,637.171166,632.790207,25862740
2025-06-23,643.30837,644.306328,637.052341,637.85709,633.502635,66692128
2025-06-24,636.285473,642.04599,633.632494,640.338361,635.977414,55981165
2025-06-25,636.329723,640.161148,635.221797,637.898525,633.564602,72171754
2025-06-26,638.169924,640.468084,619.951193,622.533962,618.314583,85398182
2025-06-27,619.115365,621.933445,611.999443,614.902921,610.745297,36680077
2025-06-30,614.203246,617.546656,591.986995,595.833638,591.834115,48518928
2025-07-01,596.493013,599.742849,591.142413,598.241615,594.235689,43699310
2025-07-02,593.98618,612.530592,592.524402,612.284385,608.194418,46109207
2025-07-03,612.353549,616.595681,609.812219,614.149787,610.057381,37245664
2025-07-07,613.168922,619.798165,612.236971,616.965716,612.894817,44059939
2025-07-08,624.408522,625.367255,604.078838,610.419398,606.401655,38257599
2025-07-09,615.757804,620.37216,601.729893,605.535685,601.559968,22729916
2025-07-10,598.529846,604.214536,592.488528,600.566322,596.633033,26959399
2025-07-11,601.311337,606.110033,582.096659,586.185642,582.356102,40898212
2025-07-14,582.488377,599.428653,581.24294,595.538999,591.677512,60776218
2025-07-15,593.233106,613.233185,592.951417,608.960231,605.021659,45839567
2025-07-16,610.784328,613.093689,608.505256,610.943951,607.00252,43043348
2025-07-17,604.30643,620.647666,599.757757,617.199735,613.228019,57352283
2025-07-18,618.215364,619.664753,611.273155,612.613074,608.680872,50651336
2025-07-21,608.44588,624.839733,607.8924,616.93021,613.000506,44183426
2025-07-22,619.411084,621.616281,613.022041,614.677721,610.772399,48715846
2025-07-23,615.225246,616.082159,612.798448,614.223316,610.330906,49439257
2025-07-24,614.178512,620.312388,611.510991,614.035367,610.154172,31305014
2025-07-25,613.742041,625.139492,613.040905,620.450714,616.539097,34642771
2025-07-28,622.42521,629.517906,614.817241,615.074646,611.227042,37660566
2025-07-29,614.96822,620.100417,609.36962,612.676508,608.853908,42946157
2025-07-30,613.697672,623.565562,610.544752,619.938065,616.080279,37189827
2025-07-31,619.301043,620.820017,611.833216,613.064774,609.259768,34139376
2025-08-01,613.226366,621.628427,610.898528,618.768002,614.9377,41213342
2025-08-04,619.604667,620.004655,615.740423,617.120803,613.330923,26812809
2025-08-05,616.435631,620.26821,613.748798,614.575625,610.811409,25823568
2025-08-06,617.659884,620.338606,613.89692,618.13318,614.357267,24830789
2025-08-07,613.959676,632.649752,612.995043,630.875417,627.031966,24768973
2025-08-08,634.328441,637.2874,633.766181,636.418173,632.551346,37984219
2025-08-11,634.982364,637.041104,634.145005,636.134946,632.300999,75926565
2025-08-12,637.866661,644.418541,637.027459,641.022739,637.1698,32102983
2025-08-13,639.421896,640.635602,635.233905,636.866307,633.048751,30162664
2025-08-14,636.703764,643.410149,634.356237,641.360571,637.526547,44625897
2025-08-15,641.388525,643.029257,631.634402,637.458079,633.657793,40906647
2025-08-18,637.938688,640.429287,637.342445,638.827698,635.050543,31538686
2025-08-19,639.332947,640.350515,633.574809,634.173547,630.434266,49425622
2025-08-20,634.810713,639.059722,632.967758,636.922838,633.177747,41541922
2025-08-21,636.195267,644.729286,634.601468,640.469444,636.713958,38530864
2025-08-22,642.896222,644.872117,634.92947,637.185981,633.460154,36292494
2025-08-25,639.468653,639.732422,631.725714,637.623339,633.926195,32498885
2025-08-26,636.630797,646.084375,633.511174,641.449532,637.740679,33952672
2025-08-27,641.89673,646.304226,637.29189,639.559949,635.872467,53201157
2025-08-28,641.327561,645.313475,638.296404,643.166246,639.468476,44538018
2025-08-29,643.298621,644.173258,636.128471,637.907147,634.250032,38403685
2025-09-02,642.269538,643.847278,637.564445,638.784078,635.16367,67463045
2025-09-03,638.165695,642.146742,636.38341,637.961926,634.356598,38878008
2025-09-04,640.348057,641.140242,617.655905,622.651578,619.142944,33982623
2025-09-05,620.71768,623.539169,612.960009,616.350557,612.887497,36576462
2025-09-08,617.685411,620.079386,607.8331,609.908252,606.511278,35401948
2025-09-09,613.110857,615.680422,606.592428,609.192826,605.809789,56836445
2025-09-10,609.352113,621.725372,607.049686,619.429506,615.99974,43903102
2025-09-11,617.27768,627.075943,616.436821,621.961433,618.527808,40925624
2025-09-12,623.464827,634.011477,619.630167,633.352651,629.866486,38518572
2025-09-15,632.800113,633.520783,627.543749,632.23536,628.786331,53971777
2025-09-16,632.560204,646.371764,631.643643,641.67922,638.189156,51051615
2025-09-17,646.241672,648.264772,644.203172,645.346113,641.846649,30085826
2025-09-18,639.247784,640.666539,633.3421,633.598414,630.173005,72593138
2025-09-19,637.255069,639.691678,632.498413,636.886523,633.453743,60962187
2025-09-22,643.053348,643.478686,637.266273,637.722673,634.316646,64811286
2025-09-23,638.927021,648.891347,633.398268,642.496224,639.0752,73327317
2025-09-24,644.787764,646.700584,635.400331,640.37845,636.979166,45091120
2025-09-25,641.537842,642.247253,628.572751,630.408677,627.072615,34148248
2025-09-26,630.243902,640.09839,626.04273,635.630883,632.277573,27798166
2025-09-29,636.965776,639.479496,632.271964,635.127362,631.807843,45804295
2025-09-30,631.538838,633.183499,630.855206,632.743119,629.446401,34642815
2025-10-01,633.377783,635.073236,632.225146,633.458008,630.167917,53603677
2025-10-02,631.07585,634.748998,628.253377,633.552505,630.272277,71111507
2025-10-03,630.24783,634.381339,628.429065,633.962956,630.690964,81959977
2025-10-06,630.928023,641.738714,627.931199,639.822998,636.55213,28278875
2025-10-07,640.969671,643.969111,637.245089,639.452804,636.194279,34705044
2025-10-08,638.311979,654.841382,636.196518,650.354894,647.051444,36080638
2025-10-09,651.093157,664.552333,650.484016,660.584232,657.239618,50972242
2025-10-10,660.706694,661.940287,659.596105,660.381044,657.048252,27491031
2025-10-13,663.261823,665.303917,659.678691,661.338557,658.033362,68083655
2025-10-14,657.946545,661.02923,653.724214,660.13862,656.850211,60562176
2025-10-15,662.908718,666.182498,638.003087,639.449366,636.274471,50743778
2025-10-16,642.639096,650.152648,638.156414,648.752326,645.541845,58937597
2025-10-17,646.144914,660.311336,643.63082,651.667153,648.4529,31065549
2025-10-20,653.880093,656.643768,644.733146,647.449323,644.287624,34236106
2025-10-21,648.920721,668.831458,647.276119,666.200881,662.958503,55896141
2025-10-22,662.122328,667.407099,658.486833,664.448129,661.225143,34896008
2025-10-23,660.758005,688.905874,654.839843,683.364803,680.061231,37284736
2025-10-24,685.770337,694.793057,672.702326,677.171056,673.908497,59318091
2025-10-27,681.086991,684.363556,671.860301,675.701491,672.479152,18256555
2025-10-28,678.410756,680.259943,666.420759,667.456616,664.284507,56199403
2025-10-29,669.099927,678.115982,668.639372,674.658544,671.463239,43381970
2025-10-30,676.633098,684.885721,666.607737,678.121269,674.920651,46438726
2025-10-31,674.830482,686.286514,672.226129,680.215828,677.016444,39936200
2025-11-03,683.814579,688.568866,682.885737,686.141114,682.947517,43926568
2025-11-04,688.4213,699.278008,682.133343,695.134013,691.909925,60713360
2025-11-05,695.076855,712.074886,689.535372,706.126276,702.862751,34601676
2025-11-06,707.887813,708.994225,700.5389,701.015733,697.78729,35523989
2025-11-07,701.249953,722.896303,700.849814,717.526649,714.233899,85238974
2025-11-10,718.502247,743.859582,718.03993,737.976207,734.625816,62555524
2025-11-11,735.438446,739.844493,722.780924,727.195752,723.906196,34713258
2025-11-12,732.64183,754.06188,728.538665,744.636641,741.280366,48306324
2025-11-13,746.969324,748.779566,726.767779,729.489852,726.213777,75187886
2025-11-14,733.119716,735.540052,723.724303,726.897863,723.645315,47680339
2025-11-17,724.834211,730.342899,697.907324,702.236013,699.128269,42634876
2025-11-18,703.720077,706.231149,695.354471,698.099246,695.021227,26051757
2025-11-19,698.808389,706.515182,652.398905,664.782542,661.862294,72669445
2025-11-20,670.776977,673.123599,651.722037,663.815799,660.910654,33051797
2025-11-21,665.98008,671.469827,649.606549,659.813754,656.936915,47233206
2025-11-24,661.578508,676.088571,656.763892,673.153501,670.25153,73739707
2025-11-25,670.78997,675.36735,667.056695,675.032591,672.13356,35243087
2025-11-26,679.426884,700.36631,673.227976,695.464136,692.488734,65166697
2025-11-28,694.997093,703.166716,681.510364,682.445446,679.548068,62577663
2025-12-01,690.645536,697.437202,675.381289,676.598536,673.759184,32065988
2025-12-02,678.345084,684.491982,663.155515,672.7355,669.923364,35615454
2025-12-03,663.719567,686.840132,654.526432,677.839701,675.017317,30610520
2025-12-04,677.636822,683.119077,660.651557,664.997216,662.239185,40424687
2025-12-05,660.71986,671.328649,657.288316,669.021916,666.258137,33883756
2025-12-08,669.826113,682.472443,665.321501,667.109591,664.386453,41898894
2025-12-09,672.515344,676.693155,664.181604,665.021941,662.318205,38712836
2025-12-10,659.141812,667.396877,656.090513,666.23875,663.540967,42309414
2025-12-11,657.867987,659.445915,649.985995,656.80017,654.151352,55483450
2025-12-12,655.18498,656.508263,649.316004,653.212889,650.589225,59594550
2025-12-15,651.499713,663.804497,645.876445,661.501627,658.87714,43437508
2025-12-16,660.723746,667.809083,656.096914,664.478672,661.853246,49038070
2025-12-17,666.71311,682.48819,664.055897,678.578546,675.908513,47398126
2025-12-18,678.282615,695.449897,677.443939,690.563972,687.85808,21037143
2025-12-19,692.477386,694.495284,687.376037,688.056979,685.372168,42683798
2025-12-22,693.354664,698.835971,680.982243,682.238238,679.609623,33085310
2025-12-23,680.281967,681.921221,670.767035,675.035711,672.445894,41612492
2025-12-24,669.485431,677.589583,663.919887,666.979923,664.431927,47829444
2025-12-26,670.372008,672.169404,660.318827,661.09655,658.592666,69283424
2025-12-29,661.13519,664.453587,654.874404,657.297745,654.84052,41984734
2025-12-30,651.931547,663.410644,649.786545,662.200961,659.736243,38741188
2025-12-31,659.765896,672.023735,653.645732,666.095316,663.627005,62846340
2026-01-02,671.170474,676.823583,659.201232,661.728421,659.297952,53171174
2026-01-05,660.069436,668.689361,650.43234,656.379782,654.001187,38472964
2026-01-06,655.704938,677.453604,650.440669,669.941719,667.524944,71655726
2026-01-07,671.043747,672.587682,668.490708,671.619578,669.207743,63796742
2026-01-08,672.430564,674.656641,667.458779,669.95841,667.563506,50496518
2026-01-09,670.963513,677.928739,664.954332,666.449601,664.078149,63155464
2026-01-12,667.60159,673.097456,665.554726,671.60047,669.24367,35926268
2026-01-13,673.96771,677.217797,664.164142,670.415134,668.073468,38172938
2026-01-14,670.868455,672.901576,657.575653,663.591957,661.284987,31566394
2026-01-15,662.13253,668.159877,659.531218,666.612157,664.3056,35231710
2026-01-16,665.28823,666.94747,658.823734,660.290214,658.01634,122570111
2026-01-20,661.77708,670.044242,652.21192,655.43404,653.219811,56340215
2026-01-21,657.094277,658.938966,656.426132,657.386559,655.176496,50376423
2026-01-22,654.377456,655.934979,647.117059,647.998102,645.830211,26973507
2026-01-23,651.875048,653.638045,649.096662,653.365354,651.190204,32668216
2026-01-26,652.266441,655.328633,649.195754,650.255159,648.122303,40988682
2026-01-27,652.601727,656.733974,647.612226,653.726134,651.592596,63526811
2026-01-28,657.464424,665.091834,654.296254,660.986531,658.840121,56225555
2026-01-29,658.832307,660.192625,652.594727,654.163646,652.050102,33833878
2026-01-30,651.032196,655.601609,648.293612,648.730439,646.645072,26783390
2026-02-02,652.75858,654.212141,642.844743,643.180334,641.144404,37821718
2026-02-03,646.628082,647.216075,631.36194,636.985731,634.979841,63212908
2026-02-04,634.519282,644.62631,633.594696,639.434612,637.431481,44628112
2026-02-05,644.554236,644.930908,631.668084,634.446695,632.469579,35919908
2026-02-06,635.172362,647.72685,633.123945,646.266872,644.263504,49409682
2026-02-09,647.920701,665.101475,642.947591,661.383268,659.365534,68261155
2026-02-10,661.731394,665.322049,657.159462,661.533599,659.526241,38012470
2026-02-11,661.612988,667.30952,660.9321,664.763136,662.756865,42740577
2026-02-12,660.627703,663.831339,638.810485,647.330904,645.387846,38352631
2026-02-13,644.448725,662.871791,642.306038,661.317171,659.342962,35304581
2026-02-17,659.263516,673.372016,653.187455,668.633695,666.681449,49002645
2026-02-18,667.79343,670.092463,666.426539,669.625611,667.681437,46537499
2026-02-19,668.552663,675.573867,655.396869,665.81972,663.897502,69133381
2026-02-20,664.818055,671.556755,655.820119,659.445255,657.552241,42586618
2026-02-23,659.869833,663.48081,654.316333,661.457847,659.591561,65288618
2026-02-24,665.247492,675.254964,646.852351,648.030395,646.212609,23802405
2026-02-25,650.311582,653.614966,640.654482,643.4356,641.641244,35656826
2026-02-26,643.59258,654.587728,642.341961,648.860635,647.061779,61173540
2026-02-27,649.328422,651.382662,647.124587,649.054809,647.266047,49733277
2026-03-02,645.40533,647.840142,639.425533,642.704268,640.964594,31335760
2026-03-03,639.353707,639.995086,631.783077,636.018594,634.307437,34743395
2026-03-04,636.365655,638.75223,609.706488,611.864512,610.228364,38926669
2026-03-05,614.349159,616.954783,601.062303,603.384703,601.781116,58340619
2026-03-06,598.981842,601.729884,587.568017,592.286538,590.722149,30397626
2026-03-09,590.354942,593.568128,583.712356,585.231396,583.714407,33623636
2026-03-10,585.395673,587.351616,560.950346,562.995375,561.54525,48739470
2026-03-11,562.941952,572.19926,561.328988,570.503339,569.043222,40856004
2026-03-12,573.539802,574.800256,561.230909,568.032709,566.588224,71461880
2026-03-13,563.000777,573.323396,553.595175,568.585617,567.149042,46688950
2026-03-16,568.262566,568.846179,561.34448,562.938858,561.544223,38815562
2026-03-17,563.85219,571.909142,562.640506,569.808532,568.406214,25430626
2026-03-18,570.205381,572.567129,558.647139,563.104854,561.728262,41572937
2026-03-19,560.85615,566.162598,559.940728,564.292041,562.921794,23511917
2026-03-20,565.485857,571.632545,555.183844,558.575788,557.228575,67607520
2026-03-23,556.410587,560.709944,553.106332,555.987919,554.674282,41002755
2026-03-24,553.684581,571.807813,552.424843,561.633838,560.316066,51839984
2026-03-25,566.513161,570.804679,556.673353,562.646356,561.335429,54870474
2026-03-26,563.785262,568.883468,563.224557,564.410238,563.104451,40583043
2026-03-27,566.560916,567.156872,557.588236,559.370724,558.085764,40391549
2026-03-30,560.006099,565.023351,552.753121,560.94616,559.685162,36052754
2026-03-31,564.386611,568.760563,560.130194,560.534589,559.283704,48034506
2026-04-01,557.869461,568.449183,556.795132,565.57957,564.326697,29535930
2026-04-02,563.495662,573.699448,563.098655,568.514225,567.26417,36615856
2026-04-06,567.801407,586.225163,565.679667,581.209618,579.969756,44985148
2026-04-07,582.657074,586.904895,575.344058,581.067348,579.837314,51914942
2026-04-08,581.077398,581.992091,573.121263,576.249811,575.039421,59576970
2026-04-09,573.669686,595.221282,572.445432,593.267469,592.031059,52846069
2026-04-10,595.062335,598.607854,579.18107,582.309589,581.105562,38021636
2026-04-13,581.758988,585.379072,574.448789,579.154577,577.985557,41334192
2026-04-14,585.594872,587.136918,575.432278,578.494599,577.336396,30014198
2026-04-15,576.555977,577.907503,567.003695,567.795624,566.668149,30899116
2026-04-16,570.894304,574.071429,566.947642,572.555349,571.427809,42270696
2026-04-17,571.528211,572.303251,566.39202,570.752924,569.638291,39499388
2026-04-20,573.41181,586.533478,570.419522,581.215289,580.108812,39815647
2026-04-21,583.732423,596.877767,583.35418,593.455014,592.334966,119088588
2026-04-22,594.632951,598.466028,578.991606,579.860662,578.775779,62087385
2026-04-23,578.08756,578.538168,565.682825,567.436498,566.384163,41087007
2026-04-24,567.538312,577.621114,563.646596,576.533871,575.474119,43987871
2026-04-27,574.871959,587.425746,572.612614,582.246673,581.205062,35455882
2026-04-28,579.829035,586.20863,576.856862,584.044031,583.008782,100232967
2026-04-29,582.961397,593.880624,578.390124,593.250463,592.208623,23044442
2026-04-30,588.990229,594.560401,586.913937,590.905963,589.877929,47548165
2026-05-01,592.261335,610.887842,589.19012,605.445776,604.402375,54411473
2026-05-04,602.601168,621.06707,602.311638,615.198514,614.168572,48627140
2026-05-05,615.014702,620.430013,607.904153,618.082718,617.058084,39435919
2026-05-06,618.060373,627.194467,614.938622,624.261672,623.237032,62281240
2026-05-07,624.953331,627.951565,616.704017,625.752595,624.735771,51540336
2026-05-08,627.117837,637.247494,622.923125,635.778147,634.755459,35765912
2026-05-11,636.957391,640.508625,628.571618,630.645827,629.662424,29031569
2026-05-12,632.627557,637.043859,619.959762,624.275883,623.312653,67039885
2026-05-13,623.700239,624.549952,611.118319,614.480339,613.542301,67332323
2026-05-14,617.68796,620.278793,609.150739,616.378942,615.448116,31279678
2026-05-15,614.598818,617.32082,609.026374,614.534293,613.616333,56982585
2026-05-18,614.955489,628.083904,610.841222,627.298829,626.392671,61061295
2026-05-19,627.229197,635.530246,622.703599,624.029839,623.138639,41101413
2026-05-20,625.767924,626.989249,616.700602,617.173538,616.302253,26913770
2026-05-21,617.930312,619.598141,607.290925,609.628409,608.777776,32627528
2026-05-22,608.095513,625.762821,605.406586,618.954178,618.100687,51311560
2026-05-26,620.882131,625.594467,610.714932,612.18814,611.38415,33743292
2026-05-27,611.657122,617.406775,610.117273,617.072318,616.272038,40008592
2026-05-28,616.977559,619.853561,615.465113,619.285503,618.492512,39193416
2026-05-29,618.705301,619.086221,603.191197,605.450695,604.685353,104884564
2026-06-01,606.94323,607.483639,592.018994,596.751677,596.026703,45853799
2026-06-02,596.851187,597.796888,594.902958,595.244969,594.531591,26729289
2026-06-03,596.136497,598.06477,591.429024,594.323143,593.620622,64605488
2026-06-04,590.259901,594.570923,584.808633,586.227167,585.543835,53336865
2026-06-05,592.20022,596.778804,582.03547,583.236021,582.565745,53793995
2026-06-08,583.873703,584.431662,575.431574,576.32673,575.692765,33074583
2026-06-09,576.237781,584.993536,573.850096,582.23301,581.602101,45929034
2026-06-10,589.007945,593.610655,569.226294,570.186833,569.578334,46215006
2026-06-11,567.590007,574.553421,566.677799,573.589902,572.987184,28596624
2026-06-12,577.253384,577.546835,574.912838,575.703313,575.107822,34940979
2026-06-15,569.685867,577.396931,565.850656,575.999926,575.432485,26553805
2026-06-16,577.403157,581.293251,574.532812,580.7229,580.160336,55391207
2026-06-17,579.935778,592.223271,576.952237,591.833672,591.270057,34995461
2026-06-18,590.114045,597.338868,584.966519,593.932705,593.37684,41635487
2026-06-22,589.600224,595.997394,587.517078,593.323265,592.806921,35690279
2026-06-23,592.104905,599.958523,582.339032,587.334774,586.833281,72219213
2026-06-24,587.180788,590.033684,573.555995,576.253504,575.770931,34472907
2026-06-25,574.048114,575.372729,568.799899,572.238598,571.76878,48707539
2026-06-26,571.057228,572.424037,566.67287,572.163074,571.70271,55870988
2026-06-29,572.915314,575.499433,566.932832,568.354992,567.925679,31259689
2026-06-30,566.952722,577.549934,564.258935,570.517554,570.095972,50669851
