date,open,high,low,close,adj_close,volume
2006-01-03,91.226035,91.441721,90.870535,90.93806,47.02321,16444017
2006-01-04,91.115377,91.469151,90.902444,91.053951,47.087261,12707920
2006-01-05,91.030545,92.781447,90.754979,92.577813,47.8795,10969935
2006-01-06,92.837979,93.616351,92.611664,93.46679,48.343497,9911250
2006-01-09,93.910594,94.198519,93.130526,93.428349,48.336317,10458251
2006-01-10,93.016038,93.815015,92.859838,93.535463,48.395973,14094883
2006-01-11,93.785255,94.122702,92.816644,93.182965,48.217813,15193338
2006-01-12,92.961728,94.491945,92.795168,94.113696,48.703689,19482201
2006-01-13,93.848699,94.21601,92.618507,92.954091,48.10781,19176393
2006-01-17,92.981978,93.585292,92.785294,93.481456,48.397702,14843434
2006-01-18,93.394265,94.475842,92.925492,93.898508,48.61788,7001401
2006-01-19,94.133587,94.243952,93.415497,93.677584,48.507741,22214967
2006-01-20,93.626137,94.73543,93.361894,94.364579,48.867759,13673400
2006-01-23,94.433419,94.811003,94.138051,94.70742,49.058196,18337924
2006-01-24,94.509696,94.946393,93.559399,94.034167,48.713721,19092788
2006-01-25,93.516215,94.700347,93.426654,94.133799,48.769607,19316863
2006-01-26,94.341183,94.391144,92.269852,92.817558,48.091891,25860367
2006-01-27,92.492099,92.650231,91.569569,92.113413,47.731232,12568467
2006-01-30,92.172353,92.497836,91.276362,91.368302,47.357576,19492694
2006-01-31,91.226907,91.590867,90.9152,91.180607,47.264432,15688388
2006-02-01,91.411792,91.499801,90.593068,90.642233,46.989476,9273816
2006-02-02,90.349612,90.441265,90.174619,90.216726,46.772989,22228641
2006-02-03,90.336736,90.565679,89.602266,89.76951,46.545207,16587680
2006-02-06,89.556137,90.072028,89.414709,89.92312,46.637109,14645698
2006-02-07,89.971201,90.74573,89.556959,89.727821,46.539898,17175858
2006-02-08,89.478272,90.34792,89.43343,90.139929,46.757746,10649750
2006-02-09,89.721513,90.413468,89.369389,90.225813,46.806397,9089449
2006-02-10,90.43249,90.749595,89.983127,90.077659,46.733633,8194093
2006-02-13,90.339011,90.755594,90.106544,90.352011,46.888293,19774975
2006-02-14,89.856676,91.497583,89.714875,91.324075,47.396899,10199135
2006-02-15,91.561619,91.690497,90.897818,91.207291,47.340436,10966328
2006-02-16,91.340637,91.536196,90.523692,90.825114,47.146201,25304476
2006-02-17,91.075674,91.601006,90.582041,91.467507,47.483819,17462257
2006-02-21,91.397973,91.864545,91.338711,91.650317,47.595398,11943304
2006-02-22,91.627751,92.565125,91.029774,92.241527,47.90662,18193070
2006-02-23,92.17815,92.442597,91.584666,91.90004,47.733446,16422107
2006-02-24,91.671905,91.880304,91.352683,91.837718,47.705255,13559776
2006-02-27,91.621535,92.657784,91.478038,92.410919,48.015624,11855103
2006-02-28,92.407462,92.452729,91.50157,91.608457,47.602844,13526503
2006-03-01,91.179068,91.406192,90.987522,91.237747,47.414365,14713804
2006-03-02,91.411588,92.001825,90.945891,91.272128,47.436388,22828419
2006-03-03,91.473046,91.591607,90.394035,90.518273,47.048712,14973577
2006-03-06,90.760606,90.989766,90.672387,90.752609,47.182913,21866515
2006-03-07,90.777825,91.628015,90.693343,91.548266,47.600751,15383784
2006-03-08,91.548627,92.578111,90.537105,90.743116,47.186245,16144038
2006-03-09,90.520302,90.893931,90.360152,90.69696,47.166376,15186939
2006-03-10,90.656734,91.274897,90.362113,90.975319,47.31528,16974132
2006-03-13,91.168423,91.623751,90.707598,91.51733,47.609686,13740977
2006-03-14,91.518042,91.981976,91.424719,91.771177,47.745927,15347984
2006-03-15,91.962358,92.524094,91.121515,91.22262,47.464686,14388359
2006-03-16,91.523501,92.200963,91.318571,91.939913,47.842097,20038852
2006-03-17,92.462199,92.770462,92.152791,92.53715,48.157096,12608418
2006-03-20,92.883335,93.17079,92.822456,93.11046,48.468189,19893615
2006-03-21,92.940538,93.355224,92.15225,92.25816,48.028736,11795746
2006-03-22,92.066533,92.343718,91.965919,92.20572,48.005642,16894927
2006-03-23,92.103701,92.43516,91.965397,92.147624,47.979598,12730471
2006-03-24,92.217363,92.452678,92.03882,92.357602,48.093143,11152378
2006-03-27,92.566493,92.629781,92.335687,92.449365,48.153581,14188707
2006-03-28,92.270629,92.626872,91.979146,92.309697,48.085046,14639889
2006-03-29,92.412295,92.493699,92.047526,92.112927,47.98675,20739207
2006-03-30,92.077552,92.517436,91.91271,92.056111,47.961354,10649287
2006-03-31,92.088401,92.170847,91.393127,91.51975,47.686087,21399556
2006-04-03,91.132003,91.92153,90.919526,91.554091,47.71652,13834228
2006-04-04,91.61149,92.150989,91.135132,91.302298,47.589458,17633807
2006-04-05,91.326479,91.475177,91.079783,91.366136,47.626905,26354951
2006-04-06,91.519009,91.715611,91.253383,91.311651,47.602674,20464172
2006-04-07,91.543278,91.753587,90.558539,90.901523,47.393018,15266888
2006-04-10,90.911358,90.95041,89.882523,90.121514,46.998698,8535562
2006-04-11,89.995668,90.169974,89.403202,89.679314,46.772187,16713298
2006-04-12,89.360232,89.708506,88.898428,89.539034,46.703116,12569718
2006-04-13,89.804564,90.269604,89.695628,90.115313,47.007818,18524959
2006-04-17,90.120216,90.551359,90.032133,90.393894,47.169664,18275350
2006-04-18,90.297572,90.590051,90.16745,90.504139,47.231331,13318796
2006-04-19,90.712345,90.844399,88.987746,89.271162,46.59196,20487358
2006-04-20,89.326749,89.393618,88.316514,88.453557,46.169284,27685053
2006-04-21,88.54364,89.217386,87.979296,88.729516,46.317382,13649714
2006-04-24,89.043095,89.309032,87.461946,87.719218,45.802036,20902951
2006-04-25,87.633348,87.695723,87.210838,87.442324,45.661458,19810562
2006-04-26,87.471399,87.512393,87.291178,87.474305,45.68216,21270513
2006-04-27,87.386257,87.816716,86.990924,87.588124,45.745608,12722794
2006-04-28,87.692065,88.850479,87.533376,88.508958,46.230593,8911896
2006-05-01,88.416707,88.748014,88.152936,88.263961,46.114743,13648361
2006-05-02,88.024489,88.321838,87.550878,87.939238,45.949112,16523371
2006-05-03,87.764653,88.170973,86.39209,86.475388,45.188195,9218639
2006-05-04,86.623758,86.715567,85.637822,85.989745,44.938357,16324039
2006-05-05,85.530146,85.599098,85.430952,85.48688,44.679473,26132820
2006-05-08,85.630453,86.069399,85.301896,85.731846,44.819282,15072754
2006-05-09,85.438105,85.781951,84.563043,84.806877,44.339608,19814735
2006-05-10,84.746117,85.031562,84.43487,84.564561,44.216791,16489172
2006-05-11,84.163024,84.970568,83.76517,84.796984,44.342204,10742058
2006-05-12,84.87344,85.223933,84.702384,85.115084,44.512445,11470247
2006-05-15,85.475121,85.727991,84.875728,85.09096,44.511527,13452828
2006-05-16,84.713942,85.74623,84.504247,85.560035,44.760823,11746595
2006-05-17,85.811099,86.294709,85.426296,86.008559,44.999412,16007893
2006-05-18,85.964713,86.974782,85.641563,86.827763,45.431997,23844416
2006-05-19,86.875519,87.342252,86.073888,86.343114,45.182366,22680942
2006-05-22,86.024002,86.718613,85.47493,86.628193,45.343461,16968360
2006-05-23,86.734919,86.926085,86.08598,86.165861,45.105416,9731825
2006-05-24,86.297407,86.56392,86.028894,86.138002,45.094783,25726912
2006-05-25,86.292135,86.855124,85.587384,86.763124,45.426025,17625873
2006-05-26,86.893883,86.991922,85.939205,86.027554,45.044854,17122589
2006-05-30,86.020744,86.210349,85.437519,85.832346,44.958394,13604414
2006-05-31,85.851844,86.245004,85.178488,85.277024,44.671434,10775182
2006-06-01,85.343562,85.61089,85.279324,85.341692,44.709226,19065493
2006-06-02,85.644777,86.160365,85.390729,86.020249,45.06866,13378813
2006-06-05,85.856236,86.325588,84.954111,85.239237,44.671203,15954691
2006-06-06,85.477414,86.147788,85.319146,85.906275,45.024721,18237993
2006-06-07,85.875563,86.872271,85.574889,86.803176,45.498786,12533285
2006-06-08,86.877263,86.955246,86.697379,86.739316,45.469297,11304591
2006-06-09,87.044368,88.496565,86.780122,88.36284,46.324417,26722768
2006-06-12,87.650986,87.856125,87.143196,87.390733,45.82683,16712105
2006-06-13,87.404312,87.512411,86.723251,86.990691,45.621049,17016686
2006-06-14,87.164829,89.042436,87.10307,88.487982,46.410348,21016790
2006-06-15,88.494163,88.64034,86.562986,86.762175,45.509181,9818836
2006-06-16,86.602371,87.662901,86.261465,87.398322,45.846874,13906926
2006-06-19,86.984801,87.279303,85.893153,86.013322,45.1322,8756534
2006-06-20,86.022383,86.065466,85.883269,85.974941,45.116014,18348373
2006-06-21,85.785473,85.944146,84.677066,84.746927,44.4755,16767787
2006-06-22,85.370542,85.468513,83.723968,83.987158,44.080632,25599207
2006-06-23,84.492852,84.669701,84.143375,84.508433,44.35811,16501607
2006-06-26,84.352948,84.611815,84.137623,84.454646,44.34153,11804847
2006-06-27,84.557964,84.941577,84.429034,84.830706,44.542876,18784238
2006-06-28,84.753539,86.456083,84.236643,85.847559,45.080754,15417279
2006-06-29,85.75666,85.991377,84.293845,84.50622,44.380271,16346892
2006-06-30,84.163494,84.89695,83.932628,84.538692,44.401214,17804667
2006-07-03,84.513496,84.686315,83.999485,84.059189,44.160977,25019257
2006-07-05,83.921109,84.344527,83.85019,84.094816,44.187435,17265745
2006-07-06,83.914781,85.693836,83.691634,85.104088,44.721673,13380053
2006-07-07,84.94294,86.19044,84.788744,85.657595,45.016481,15285025
2006-07-10,85.526751,86.486522,84.883625,86.304423,45.368338,16054128
2006-07-11,86.212701,87.330491,85.855906,86.706036,45.58345,12127289
2006-07-12,86.49932,87.019738,84.767685,85.428925,44.915977,12919395
2006-07-13,85.40714,86.411092,84.906563,86.205362,45.328176,16647883
2006-07-14,85.919761,87.273981,85.725715,87.117016,45.811552,35573236
2006-07-17,87.113846,87.713665,86.807961,87.61927,46.08778,7769652
2006-07-18,88.07202,89.186632,87.962395,88.888034,46.759247,15900896
2006-07-19,88.550378,89.654082,88.353941,88.972991,46.808039,13007729
2006-07-20,88.784262,89.151031,88.734539,88.975194,46.813299,16221857
2006-07-21,88.975201,89.254087,88.532435,88.732536,46.689717,11364170
2006-07-24,88.586419,88.625423,87.04967,87.163259,45.876044,19056420
2006-07-25,87.134052,87.245608,86.883086,87.102023,45.847831,18463467
2006-07-26,87.199591,87.268263,86.121658,86.740437,45.661503,11860264
2006-07-27,86.454688,87.986568,86.36678,87.83976,46.244255,22354505
2006-07-28,87.821952,88.829138,87.672306,88.319015,46.500638,12575174
2006-07-31,88.060784,88.786414,87.344228,88.495315,46.605709,8970922
2006-08-01,87.921909,88.659929,87.875324,88.283438,46.498199,10669458
2006-08-02,88.165464,89.64648,88.055847,89.433456,47.108031,13226788
2006-08-03,89.260779,90.119759,88.449922,88.897691,46.829926,12988666
2006-08-04,88.878758,89.138205,87.279329,87.389629,46.039536,24042723
2006-08-07,87.608399,87.800475,86.360455,86.46796,45.565947,11641619
2006-08-08,86.568554,86.926845,85.822704,86.055822,45.352736,11901423
2006-08-09,85.486949,85.720734,84.646874,85.274184,44.944739,33960488
2006-08-10,84.88918,85.352631,84.788286,84.937804,44.771368,23785945
2006-08-11,84.965304,85.169213,84.284076,84.571553,44.58222,12052363
2006-08-14,84.711405,85.654816,84.563692,85.315992,44.986476,14781855
2006-08-15,85.47779,85.853139,83.582465,83.629055,44.100831,18757836
2006-08-16,83.581163,84.698185,83.525343,84.648219,44.642186,7120337
2006-08-17,84.644359,85.271845,84.159762,84.3906,44.510221,15851753
2006-08-18,84.443351,84.680649,82.963844,83.359917,43.970459,16219515
2006-08-21,82.974526,85.024559,82.821008,84.542983,44.606222,20877416
2006-08-22,84.670971,85.034722,83.912968,84.426686,44.548765,10272961
2006-08-23,83.83994,84.234451,83.457015,83.92997,44.290547,16385205
2006-08-24,84.342295,84.427585,83.548924,83.635253,44.138889,19351971
2006-08-25,83.340241,83.510092,82.834663,83.023561,43.819905,10149206
2006-08-28,82.876394,83.029238,82.097574,82.304335,43.451716,10560581
2006-08-29,82.330139,84.103165,81.606178,83.900091,44.298059,11904118
2006-08-30,83.851784,85.181133,83.523046,84.988259,44.876528,11740041
2006-08-31,85.017663,85.345275,84.75709,85.310853,45.050815,10386815
2006-09-01,85.206726,86.426115,84.942769,86.198775,45.523696,17460833
2006-09-05,86.185505,87.072468,85.95029,86.703217,45.806153,19753181
2006-09-06,86.729721,87.186586,86.537291,87.016885,45.975895,20700474
2006-09-07,86.982071,87.311503,86.776919,86.961055,45.950423,12502034
2006-09-08,87.071447,87.482466,86.671614,87.418068,46.195956,27801936
2006-09-11,87.147286,87.338255,86.193038,86.269524,45.600994,13517689
2006-09-12,86.427568,88.478672,86.184824,87.669318,46.344968,8409899
2006-09-13,87.391128,87.869113,87.183371,87.744865,46.388968,20705049
2006-09-14,87.799112,88.15385,86.862455,87.571518,46.30138,13660189
2006-09-15,87.801918,87.861524,86.880717,87.440988,46.236416,9401111
2006-09-18,87.250102,89.143557,86.77488,88.60391,46.863653,17608218
2006-09-19,88.845607,88.899783,88.575145,88.783058,46.962521,17184607
2006-09-20,88.649882,89.197765,87.454824,87.737726,46.41365,16005777
2006-09-21,87.269207,87.537724,86.02859,86.953015,46.002564,17918932
2006-09-22,87.017849,87.83465,86.83534,87.462375,46.276096,13409861
2006-09-25,87.867829,88.058711,86.221717,86.93971,46.011647,22229214
2006-09-26,87.00161,87.04505,86.373783,86.699788,45.888692,18823438
2006-09-27,86.35837,87.858227,86.227493,87.392187,46.259219,13961115
2006-09-28,87.775142,88.240811,87.294037,87.910055,46.537419,18612239
2006-09-29,87.961765,88.906644,87.897123,88.869164,47.049269,10055647
2006-10-02,88.874955,89.43248,88.584936,88.666563,46.954348,10800520
2006-10-03,88.110314,88.850839,87.91409,88.306074,46.767544,12474580
2006-10-04,88.862145,90.2753,88.594853,90.007561,47.67284,10326423
2006-10-05,89.831283,90.05922,88.844034,88.999123,47.142848,17385626
2006-10-06,88.966946,89.878264,88.773055,89.548407,47.437959,16832009
2006-10-09,89.752773,90.143602,89.487693,90.079646,47.731925,15187933
2006-10-10,90.161811,90.398451,89.26755,89.318468,47.332734,13724258
2006-10-11,89.318436,89.451391,88.040401,88.51834,46.912831,18060501
2006-10-12,88.17191,88.394711,86.691089,87.31249,46.27781,14828137
2006-10-13,87.419631,87.702669,87.237388,87.373704,46.314312,14013078
2006-10-16,87.703591,88.035942,86.782228,86.948737,46.101165,17665653
2006-10-17,86.929511,88.157401,86.753696,88.018294,46.672344,23737051
2006-10-18,87.812829,88.295331,87.214527,87.369408,46.332327,16662429
2006-10-19,87.107906,88.27893,86.764537,87.818189,46.574398,25482918
2006-10-20,87.758423,88.180855,86.899826,87.372193,46.341924,16579042
2006-10-23,87.384858,88.235715,86.504451,87.153367,46.23801,14137174
2006-10-24,87.151819,87.285565,86.437715,87.210234,46.272234,17989133
2006-10-25,86.939565,88.197851,86.06268,87.644563,46.506756,17649985
2006-10-26,87.724771,87.793826,87.340232,87.375347,46.367964,13604345
2006-10-27,87.184423,88.045111,87.128482,87.85268,46.625358,15504350
2006-10-30,88.117714,88.352087,87.1525,87.932242,46.679851,14483013
2006-10-31,88.32576,88.453127,86.518994,86.986776,46.181985,27631635
2006-11-01,86.562385,86.769953,85.833403,85.877811,45.597221,12066594
2006-11-02,85.526336,85.959175,85.438635,85.839175,45.5807,5831471
2006-11-03,85.982785,86.434593,85.563116,85.645823,45.482015,19648465
2006-11-06,85.750326,86.004212,84.079662,84.407283,44.836074,21100780
2006-11-07,84.260077,84.564963,82.637916,83.348239,44.277402,12777676
2006-11-08,83.198083,83.805954,82.924215,83.176366,44.189969,24682021
2006-11-09,83.130827,84.22586,83.081674,83.995404,44.629017,11663975
2006-11-10,84.127719,84.646062,82.390138,82.838858,44.01837,17059376
2006-11-13,82.659969,83.104584,81.539336,81.934916,43.549484,11198942
2006-11-14,81.551993,82.243072,81.449718,82.159282,43.672563,21304800
2006-11-15,81.510649,83.77257,81.364638,83.138843,44.19713,26110545
2006-11-16,82.894249,83.888733,82.479125,83.204269,44.235787,11262075
2006-11-17,83.388236,83.626799,81.276416,81.407177,43.284149,16580036
2006-11-20,82.002902,83.314271,81.054504,81.500473,43.345146,12722509
2006-11-21,81.975091,82.447287,81.625102,82.083004,43.658784,16901696
2006-11-22,82.054829,82.377433,81.15569,81.262707,43.226266,9015111
2006-11-24,81.493313,81.569134,80.91267,81.122616,43.159309,16050614
2006-11-27,81.00352,82.17832,80.890088,81.629916,43.440622,19566014
2006-11-28,81.750683,82.164133,81.479711,81.92399,43.600938,19899563
2006-11-29,81.929641,82.716338,81.097019,82.40236,43.859374,20768123
2006-11-30,82.721599,83.627848,81.565768,81.810205,43.54801,11618843
2006-12-01,81.766531,83.117918,81.52254,82.911696,44.138206,8424401
2006-12-04,82.854971,83.419593,82.739287,82.804591,44.092776,17247044
2006-12-05,82.424446,83.320092,82.239194,82.954195,44.176309,14605588
2006-12-06,82.867096,83.98035,82.205619,83.504955,44.473507,18584823
2006-12-07,83.439143,83.959847,82.089169,82.918153,44.164854,13329356
2006-12-08,82.9265,83.14569,82.41777,82.566488,43.981398,12648860
2006-12-11,82.769764,82.964283,82.528716,82.639793,44.032018,22009401
2006-12-12,82.070225,83.028091,81.488772,82.43611,43.92734,12325598
2006-12-13,82.530425,84.079427,82.301151,83.611132,44.557372,15293745
2006-12-14,83.002683,84.973817,82.935571,84.836039,45.214101,15980469
2006-12-15,84.724215,84.778452,83.778133,83.926995,44.733537,15560060
2006-12-18,84.35019,84.596689,83.459289,83.507899,44.521857,12593821
2006-12-19,83.245025,83.708268,82.769749,83.654322,44.60383,11828594
2006-12-20,83.632196,84.114848,82.580653,82.763331,44.132626,20061052
2006-12-21,82.842158,83.533483,82.687973,83.281718,44.412941,10650603
2006-12-22,83.544214,83.990743,82.702365,82.797381,44.15852,8619221
2006-12-26,82.682499,82.817411,81.988131,82.122392,43.813878,13134402
2006-12-27,82.241302,82.336002,81.775907,82.084725,43.797619,17567161
2006-12-28,82.210654,82.258403,81.824953,82.070802,43.794027,18017952
2006-12-29,82.117983,82.481472,81.904024,82.287689,43.913608,10889803
2007-01-02,82.230168,83.148835,81.961372,82.816327,44.211212,12882744
2007-01-03,82.577132,83.212633,82.304949,83.018099,44.32281,16011422
2007-01-04,83.144217,83.51275,82.797483,83.230511,44.440109,13055595
2007-01-05,83.351198,83.730983,83.274821,83.518986,44.598044,22129122
2007-01-08,83.770118,83.928499,83.405508,83.835679,44.778922,15206029
2007-01-09,83.765479,84.040453,82.37642,82.809776,44.234834,18641744
2007-01-10,82.824396,82.863722,82.007462,82.692022,44.175803,11861037
2007-01-11,82.750331,83.096154,81.831924,82.070033,43.847365,26462706
2007-01-12,81.951849,83.21255,81.833565,83.048995,44.37428,20046152
2007-01-16,82.980362,83.224269,82.918378,83.104601,44.419555,19344308
2007-01-17,82.991903,83.797198,82.90961,83.686673,44.734593,11060577
2007-01-18,83.792218,84.386698,83.142053,84.227843,45.027819,19064415
2007-01-19,83.937194,84.354592,83.790876,84.172423,45.002135,13937991
2007-01-22,84.193635,84.797863,84.11905,84.274119,45.068349,10372022
2007-01-23,84.09586,84.131129,83.583377,83.997722,44.924473,12318185
2007-01-24,84.468501,84.749295,84.104961,84.178268,45.024979,18519288
2007-01-25,84.266256,84.5373,84.060033,84.287963,45.087602,20614656
2007-01-26,84.227149,85.740817,84.066764,85.032785,45.49001,10508453
2007-01-29,84.579843,84.876517,84.075614,84.249226,45.082677,14073764
2007-01-30,84.25953,84.361452,83.704807,83.813431,44.853408,10730056
2007-01-31,83.852724,84.280662,83.574497,83.826189,44.864166,16934724
2007-02-01,83.639249,83.930776,83.393634,83.507016,44.697258,18746248
2007-02-02,83.656746,83.970802,83.33197,83.443619,44.667239,9028533
2007-02-05,83.114821,84.224471,82.926339,83.893951,44.920106,11737398
2007-02-06,83.998901,84.111156,82.675305,82.908076,44.396119,18236109
2007-02-07,82.872924,83.516267,82.480031,83.216917,44.565403,9055050
2007-02-08,82.858373,82.952568,82.450764,82.703337,44.294245,8960989
2007-02-09,82.51095,83.612353,82.459801,83.426415,44.685425,11456530
2007-02-12,83.250822,83.376256,82.408115,82.633254,44.272222,24291288
2007-02-13,82.722136,82.848365,82.604892,82.70802,44.316161,13444078
2007-02-14,82.882991,83.137828,82.05042,82.128091,44.009283,31958758
2007-02-15,81.928229,82.22347,81.333052,81.504092,43.678732,16235009
2007-02-16,81.496216,81.773321,81.13518,81.215159,43.527704,15659097
2007-02-20,81.082597,81.280526,79.743604,79.877759,42.825923,11146788
2007-02-21,79.862938,80.348174,79.75571,80.26948,43.039712,14657961
2007-02-22,80.314376,80.720757,80.129031,80.49526,43.164554,19676588
2007-02-23,80.956637,81.413918,80.278433,80.647296,43.249871,17309434
2007-02-26,80.513813,80.829822,79.889992,80.776012,43.330286,14334281
2007-02-27,81.037259,81.166556,80.10979,80.280526,43.068268,16349486
2007-02-28,80.63389,81.16811,80.543727,81.13524,43.530612,11276836
2007-03-01,81.202322,81.392559,80.253757,80.420769,43.151065,8983060
2007-03-02,80.334938,80.712459,79.385415,79.836266,42.841193,11094216
2007-03-05,79.824023,80.061577,79.76465,79.873296,42.872331,11561623
2007-03-06,79.956616,80.200261,79.37337,79.689661,42.777512,10218319
2007-03-07,79.552838,79.95274,79.494566,79.721592,42.798402,13200347
2007-03-08,79.769857,80.127602,79.559757,79.940935,42.919916,32793938
2007-03-09,79.841352,79.995232,78.984714,79.272171,42.564589,12258121
2007-03-12,79.361514,79.899988,78.861459,78.960312,42.408283,16718959
2007-03-13,79.020184,79.404692,78.372626,78.432121,42.128291,15147349
2007-03-14,78.673322,78.85387,77.945086,78.354013,42.090024,16292666
2007-03-15,78.48519,79.567188,78.346714,79.339559,42.623172,12517116
2007-03-16,79.438304,79.499634,78.535345,78.575513,42.216406,15127867
2007-03-19,78.55826,79.55761,78.384667,79.171505,42.547797,6514363
2007-03-20,79.349941,79.392801,79.099013,79.153708,42.54196,12949615
2007-03-21,78.944779,79.40947,78.387409,78.633672,42.266164,15278501
2007-03-22,78.427182,80.320935,78.312164,79.748904,42.869365,19761902
2007-03-23,79.548392,79.664119,78.94282,79.574159,42.779178,11720768
2007-03-26,79.767322,80.324313,79.277691,80.268637,43.163873,23356961
2007-03-27,80.322654,80.508681,79.587101,79.920232,42.980287,9433505
2007-03-28,79.878236,80.26865,79.052324,79.472541,42.743268,11370310
2007-03-29,79.371686,79.980115,78.754991,78.908213,42.443469,17959460
2007-03-30,78.901479,79.133576,78.091132,78.473011,42.21308,11697226
2007-04-02,78.313606,78.516611,77.838977,78.028689,41.985098,15832034
2007-04-03,77.845371,78.768129,77.697273,78.129073,42.042796,10869863
2007-04-04,77.904492,78.928862,77.792574,78.234588,42.103264,14942018
2007-04-05,78.034038,78.991925,77.917797,78.83558,42.430415,17038304
2007-04-09,78.520615,78.805319,78.066608,78.105706,42.052321,12482597
2007-04-10,78.180788,78.355243,77.667848,78.105139,42.0557,21971169
2007-04-11,77.943815,78.263839,77.056728,77.204919,41.574619,14705262
2007-04-12,77.204472,77.743097,77.06736,77.59573,41.788731,20574760
2007-04-13,77.61117,78.031777,77.076193,77.249084,41.605691,21493818
2007-04-16,77.402126,77.470428,76.546635,76.619739,41.277579,12507065
2007-04-17,76.819951,77.051339,76.425548,76.497104,41.215123,16502238
2007-04-18,76.484649,77.17774,76.024616,76.937277,41.455911,14228699
2007-04-19,77.344559,78.27711,77.156568,77.96549,42.013621,23159043
2007-04-20,77.714845,77.927476,77.577466,77.790594,41.923047,18811428
2007-04-23,77.640054,78.809597,77.506715,78.507884,42.320732,14113685
2007-04-24,78.647342,79.184876,78.354404,79.116828,42.652728,19790309
2007-04-25,78.963517,79.195203,78.680933,79.023302,42.60604,10987217
2007-04-26,79.218425,79.532227,77.97227,78.014127,42.065621,12596651
2007-04-27,77.940449,78.698546,76.875177,76.969855,41.50618,13083687
2007-04-30,77.351554,78.548735,76.96048,78.194044,42.177411,15982769
2007-05-01,78.691913,79.406086,78.183821,78.349646,42.265044,16878303
2007-05-02,78.117009,78.236164,77.476905,78.103301,42.135847,13976112
2007-05-03,77.838465,78.932483,77.734652,78.741792,42.484027,20597989
2007-05-04,78.78822,78.826371,78.156568,78.457425,42.33431,16179390
2007-05-07,78.606811,79.704447,78.38853,79.104936,42.694917,22580938
2007-05-08,79.417632,79.998738,79.232967,79.696931,43.0182,10441506
2007-05-09,79.916498,80.552016,79.665079,80.336052,43.366979,15814974
2007-05-10,80.317744,80.534181,79.751894,80.374618,43.391599,14111857
2007-05-11,80.286053,81.124171,80.114356,80.422041,43.421005,10431626
2007-05-14,80.416001,80.488025,79.276204,79.835901,43.11587,29879897
2007-05-15,79.768419,80.620346,79.67612,80.226282,43.330494,9927265
2007-05-16,80.22872,80.545237,79.874271,80.406353,43.431556,17408634
2007-05-17,80.258576,81.341833,79.985232,80.91463,43.709932,14225070
2007-05-18,81.140053,81.515571,79.64077,79.750604,43.084901,18849981
2007-05-21,79.666449,80.51065,79.078359,80.119641,43.29565,18266396
2007-05-22,80.347279,80.68825,79.784877,79.845114,43.15108,16505910
2007-05-23,79.813657,80.266935,78.785464,79.173658,42.79195,20401507
2007-05-24,79.544609,79.716769,79.152675,79.340876,42.886086,27026670
2007-05-25,79.449771,79.607066,78.808442,78.866223,42.633257,20052090
2007-05-29,79.023611,79.06424,78.818365,78.973548,42.706238,14670128
2007-05-30,78.963577,79.067234,78.649556,78.794318,42.61305,23359764
2007-05-31,79.143358,79.647597,78.987735,79.351684,42.918241,11703295
2007-06-01,79.506058,79.780721,78.016085,78.497921,42.460193,18841827
2007-06-04,78.298284,79.285667,78.12489,79.204217,42.853496,15901292
2007-06-05,79.132705,79.522275,78.547895,78.697809,42.583235,21179049
2007-06-06,78.346308,78.742846,76.689994,76.955434,41.644087,14407446
2007-06-07,76.992425,77.702352,76.733504,77.414917,41.896405,16122305
2007-06-08,77.843367,78.286698,77.396905,78.037426,42.237003,15174771
2007-06-11,77.578425,78.667242,77.09659,78.468072,42.48125,21043985
2007-06-12,78.256466,79.027962,77.575713,77.694297,42.066026,17771640
2007-06-13,77.864772,78.491562,77.746045,77.979099,42.223926,11824394
2007-06-14,78.083792,79.247099,77.952316,78.837222,42.692321,17022586
2007-06-15,78.912191,79.352595,78.296553,78.697793,42.62055,12143221
2007-06-18,78.51393,80.838201,78.029692,80.418202,43.563725,15262227
2007-06-19,80.069615,80.469148,79.454274,79.805124,43.235399,17133012
2007-06-20,80.072738,80.302841,79.437698,79.611235,43.134136,22942765
2007-06-21,79.450718,79.829649,78.023344,78.143544,42.342637,15140332
2007-06-22,78.508022,78.541165,77.404718,77.642426,42.074788,11443853
2007-06-25,76.973552,78.561462,76.772938,78.293366,42.438688,16466384
2007-06-26,78.209643,78.288024,77.72253,77.987177,42.276423,12503715
2007-06-27,78.153408,80.567069,78.104782,80.076487,43.41283,20043664
2007-06-28,81.113911,81.862162,78.227966,79.324868,43.009114,18719845
2007-06-29,78.91818,79.399419,76.388002,76.552096,41.509383,16614683
2007-07-02,76.805277,77.651558,76.509075,77.094527,41.814497,10985169
2007-07-03,76.968836,79.524502,76.216468,79.334987,43.033447,16642130
2007-07-05,79.539383,80.283397,76.961931,78.220693,42.436459,13676068
2007-07-06,77.579006,79.086645,76.709879,76.822281,41.681441,20619053
2007-07-09,76.459781,78.094938,76.377267,76.976739,41.776224,16092636
2007-07-10,77.029749,78.124494,76.073695,76.969548,41.775981,14166441
2007-07-11,76.892059,78.888286,76.659356,77.960233,42.317393,23064277
2007-07-12,77.356228,77.405236,75.960359,77.278368,41.950947,15822230
2007-07-13,76.784517,77.551656,75.152495,76.125487,41.32872,10855152
2007-07-16,75.573989,76.065983,73.957093,74.17094,40.278177,12004309
2007-07-17,74.14652,74.323769,71.592171,72.281286,39.255448,12757238
2007-07-18,73.035133,73.469677,70.60234,70.749339,38.426825,19298964
2007-07-19,71.137413,72.453531,71.014022,72.222812,39.230565,10487671
2007-07-20,71.990932,75.108063,71.776311,74.96993,40.726334,9412706
2007-07-23,74.647447,76.734104,73.108509,74.690196,40.585039,12025938
2007-07-24,73.902837,80.67711,73.551406,78.415783,42.613175,17659474
2007-07-25,76.695451,80.058851,75.839734,79.328469,43.112929,13646648
2007-07-26,78.745862,79.454996,73.74614,75.098522,40.817641,17042582
2007-07-27,74.322281,74.553212,71.52635,73.427133,39.912702,15500675
2007-07-30,73.886824,76.907253,72.284199,72.545158,39.443654,25230192
2007-07-31,73.774046,74.827091,71.91165,73.069062,39.731987,14275256
2007-08-01,73.439585,75.671149,69.920357,71.104148,38.666935,16410743
2007-08-02,71.477542,74.576928,70.990045,73.596524,40.025813,13691225
2007-08-03,73.545398,77.30052,71.711423,76.353182,41.528672,15305704
2007-08-06,76.823678,77.299255,72.610437,74.13501,40.332803,13207424
2007-08-07,75.622364,76.602159,72.397096,74.658428,40.621124,20746992
2007-08-08,72.901957,74.399121,72.570813,74.113134,40.327967,13189307
2007-08-09,74.562511,75.125786,71.937824,73.735166,40.125815,14365932
2007-08-10,72.636815,74.632057,72.34361,73.978791,40.26192,7691531
2007-08-13,74.062608,76.535417,72.634439,73.757468,40.152019,10381626
2007-08-14,73.995456,76.064428,71.482722,75.907439,41.326039,19347347
2007-08-15,77.451991,80.197876,76.101143,80.146152,43.637531,14852084
2007-08-16,80.494007,82.969959,76.524536,78.241092,42.604007,27927729
2007-08-17,77.111898,77.502157,73.287432,74.188307,40.400715,27854781
2007-08-20,73.17293,75.006972,73.027857,74.109319,40.368309,9095476
2007-08-21,73.630607,81.543649,73.247444,80.472768,43.838403,16412871
2007-08-22,80.080507,82.208785,78.240317,79.658284,43.398507,14264818
2007-08-23,79.356139,81.916358,78.953834,80.108586,43.647659,11641967
2007-08-24,80.078779,84.935689,79.071295,82.927763,45.187663,14175087
2007-08-27,83.342478,86.084609,81.579206,85.68315,46.701357,13774518
2007-08-28,85.794335,87.336364,84.051388,84.786594,46.216741,17711302
2007-08-29,83.149143,91.418727,81.2147,90.5644,49.370519,12401248
2007-08-30,91.322558,91.728129,84.825866,86.216513,47.004418,17360661
2007-08-31,84.81726,85.28765,78.61759,80.566883,43.928142,22778847
2007-09-04,79.622034,80.918054,78.490672,79.132546,43.16121,10918399
2007-09-05,80.022179,85.440197,79.747587,81.731096,44.582441,16726365
2007-09-06,81.701831,86.863631,79.431391,86.2187,47.034447,14509140
2007-09-07,85.232451,93.003745,84.694043,91.1599,49.734351,19177187
2007-09-10,91.416738,91.597062,86.594003,88.30746,48.190803,21129877
2007-09-11,89.239466,92.894718,87.620408,90.086196,49.165795,13136939
2007-09-12,91.27176,96.561662,89.962657,95.549405,52.151986,32589406
2007-09-13,94.841187,98.789189,93.687581,97.864981,53.420535,12335283
2007-09-14,97.650387,102.161433,94.664242,100.575933,54.905144,19058332
2007-09-17,100.340248,101.164767,94.342511,96.166401,52.511748,9556636
2007-09-18,96.349552,98.954856,95.530024,98.195036,53.624184,7928349
2007-09-19,98.999328,101.34859,98.56142,101.14652,55.240825,26033268
2007-09-20,100.157657,100.679631,97.652869,98.568509,53.837569,10696706
2007-09-21,98.332554,101.608326,97.61032,101.493161,55.439855,8469496
2007-09-24,103.656966,104.24184,100.819771,101.076664,55.22686,24159697
2007-09-25,99.86897,101.195451,99.508021,100.46897,54.899635,8697650
2007-09-26,98.380471,105.850809,96.952675,103.138851,56.363486,14246401
2007-09-27,104.179942,104.631534,101.365799,103.067044,56.329179,8090463
2007-09-28,105.23719,106.038761,103.717281,105.294784,57.551747,13540198
2007-10-01,105.381012,105.960274,102.963265,104.116134,56.922483,17141503
2007-10-02,104.199002,104.448348,103.320958,104.317404,57.037518,12308845
2007-10-03,105.543997,106.645489,101.070835,102.100456,55.830251,12732378
2007-10-04,103.058612,105.033344,101.084628,104.183518,56.974296,15617674
2007-10-05,104.683468,107.532788,98.745327,99.449923,54.390424,16658120
2007-10-08,99.025588,99.624831,97.866299,98.035348,53.63087,14151338
2007-10-09,98.232022,102.433723,98.153677,101.735414,55.65989,12777104
2007-10-10,101.225736,104.855084,98.772734,103.692285,56.735474,21410509
2007-10-11,103.303435,103.579478,102.082751,102.518461,56.098128,10188804
2007-10-12,102.83037,106.338414,102.674245,105.528489,57.750275,23353793
2007-10-15,106.721169,107.574622,104.054847,104.122714,56.995946,12048884
2007-10-16,104.192771,109.887034,104.108707,107.734115,58.977965,18376529
2007-10-17,105.549826,112.92423,104.191272,111.803988,61.211339,16591065
2007-10-18,112.8581,113.434629,106.448428,108.474452,59.393661,12810177
2007-10-19,107.868413,108.728447,104.788583,105.066066,57.532488,19639038
2007-10-22,104.358107,104.915865,103.2201,103.514741,56.697907,21859765
2007-10-23,105.499535,107.081456,98.508806,99.981323,54.767354,20961017
2007-10-24,100.412125,100.718192,92.720908,93.538916,51.242848,26758257
2007-10-25,91.996127,93.011241,90.441339,90.766937,49.728649,10485053
2007-10-26,90.530354,91.640684,88.496999,88.914009,48.71775,17928034
2007-10-29,88.585184,89.807309,88.54397,89.344348,48.966409,14158899
2007-10-30,90.703098,91.558594,84.013177,84.725771,46.439202,18276044
2007-10-31,85.236178,86.682708,83.045394,83.340142,45.683725,15022828
2007-11-01,81.994782,87.352551,81.847412,87.295479,47.856075,10084046
2007-11-02,88.893371,93.694131,87.263327,92.086419,50.486929,15488994
2007-11-05,90.776449,95.206785,90.635786,93.286093,51.158102,9772859
2007-11-06,93.133469,94.608276,92.992809,93.071876,51.045097,10594516
2007-11-07,92.453563,93.679242,89.192655,92.26899,50.609189,21662036
2007-11-08,91.827981,92.925413,90.553586,91.304633,50.084631,18362928
2007-11-09,89.066896,92.528595,88.092747,91.561614,50.229997,18939997
2007-11-12,91.628952,94.422348,91.146652,93.253315,51.171499,10553717
2007-11-13,91.974808,96.100229,91.471279,95.263303,52.279033,13884376
2007-11-14,95.795452,96.554671,92.586816,92.738009,50.89765,10970765
2007-11-15,92.656507,94.02184,92.119521,93.756394,51.461081,11114246
2007-11-16,94.251889,96.154384,92.064102,95.837973,52.608228,20021208
2007-11-19,95.699138,96.007142,94.929015,95.741378,52.569019,10790864
2007-11-20,96.169572,101.231627,96.025936,100.005259,54.915013,9264311
2007-11-21,101.947208,103.492211,98.261249,99.921253,54.873691,24386405
2007-11-23,99.05683,102.803013,97.671874,102.452579,56.273677,23262829
2007-11-26,102.637625,103.671268,102.163522,103.335664,56.773645,16709236
2007-11-27,103.774107,104.175733,102.766676,102.993406,56.590563,6949020
2007-11-28,103.775449,104.734382,101.915773,103.016463,56.608191,17021423
2007-11-29,103.327417,103.543953,102.259585,102.719836,56.450138,16165289
2007-11-30,102.76849,104.687155,102.403965,104.388906,57.37241,16126720
2007-12-03,104.196314,106.42698,103.873696,106.250832,58.411079,12615430
2007-12-04,106.114062,107.078791,105.689925,106.679778,58.652029,13365941
2007-12-05,106.422807,107.193416,106.25745,106.614221,58.621122,18592207
2007-12-06,106.405922,106.488839,104.076282,104.279488,57.342408,29768689
2007-12-07,104.262405,105.064949,103.989845,104.8654,57.669649,17005344
2007-12-10,104.563238,105.613075,102.379142,103.312207,56.830421,7830943
2007-12-11,103.176003,103.671275,101.975987,102.320122,56.289622,13176073
2007-12-12,102.457247,102.963005,101.450454,101.95448,56.093384,18482938
2007-12-13,101.799721,101.910407,100.030064,101.221423,55.69495,15876305
2007-12-14,101.324262,102.806098,100.238383,101.98038,56.117466,28072717
2007-12-17,101.903495,102.325914,100.710991,101.461931,55.846852,10486112
2007-12-18,100.669607,102.07818,100.211463,101.659601,55.960557,21735991
2007-12-19,101.533189,103.194843,101.397975,102.165053,56.24372,14342084
2007-12-20,102.28255,103.598791,100.619474,100.979277,55.5958,13803579
2007-12-21,101.381038,102.190205,98.732521,99.700214,54.8964,9824714
2007-12-24,99.22067,99.841283,98.542268,99.695495,54.908231,11505434
2007-12-26,99.441448,100.071204,99.020973,99.591649,54.860649,14203864
2007-12-27,100.076378,102.086068,98.892681,101.561374,55.950585,7933891
2007-12-28,101.540831,103.914633,101.411187,102.857302,56.669482,13574659
2007-12-31,103.272662,103.919621,101.513055,101.72661,56.061258,12849858
2008-01-02,101.544992,102.111883,101.332451,101.481347,55.935894,31757307
2008-01-03,101.238542,101.915734,100.775743,101.210371,55.791422,20016148
2008-01-04,100.750606,102.957675,100.703691,102.421042,56.463741,18010473
2008-01-07,102.535522,102.690841,101.441059,101.730525,56.097808,11336219
2008-01-08,101.477848,101.796567,100.87572,101.70633,56.08938,14025367
2008-01-09,101.512041,102.371725,99.857616,100.369989,55.35726,17104297
2008-01-10,100.349047,101.292357,99.643161,100.314481,55.331492,16355953
2008-01-11,101.093728,101.755663,100.058537,101.340725,55.902446,21778560
2008-01-14,101.532866,102.193436,100.97328,101.181785,55.829442,10778006
2008-01-15,101.340913,103.750661,101.140999,103.213945,56.955724,12356660
2008-01-16,103.720475,103.767658,101.700748,103.345585,57.033363,12009140
2008-01-17,104.064643,104.963211,102.45724,103.081027,56.892345,16949744
2008-01-18,103.408026,103.553652,101.25114,101.943685,56.269554,14083959
2008-01-22,101.862878,102.041898,101.1349,101.332196,55.951637,13079061
2008-01-23,100.873288,102.138229,100.72782,101.942629,56.293626,18501963
2008-01-24,101.822892,103.0071,101.471176,101.554356,56.084131,15804504
2008-01-25,101.728465,103.132603,101.492766,102.931091,56.849424,21469575
2008-01-28,102.664885,103.306825,102.373566,102.939135,56.868811,15709418
2008-01-29,103.208595,104.921603,102.87157,104.462894,57.71567,20787797
2008-01-30,104.639211,106.085913,104.37793,105.749172,58.431457,20255077
2008-01-31,105.83001,105.961019,104.395244,105.391994,58.239201,18422917
2008-02-01,105.407985,106.976787,105.33499,106.73838,58.988376,30032533
2008-02-04,105.676062,105.957995,105.040391,105.143331,58.122155,6850154
2008-02-05,105.838379,106.672119,104.399101,105.158465,58.135615,11600982
2008-02-06,105.367633,106.130373,105.077834,105.982027,58.596045,15432828
2008-02-07,104.528704,105.924454,103.76046,105.665212,58.426,11037210
2008-02-08,105.404048,106.388807,104.368487,106.108079,58.676017,19019839
2008-02-11,106.397624,109.485403,105.226224,108.345465,59.929004,8356839
2008-02-12,108.698901,109.350681,108.100822,108.907136,60.244959,12224085
2008-02-13,109.560703,109.952671,107.810308,108.647786,60.106758,16659507
2008-02-14,109.159548,109.884394,108.466364,109.22356,60.430585,19331421
2008-02-15,109.214884,109.553596,107.983656,108.48395,60.026637,15477066
2008-02-19,108.435528,110.141952,107.630931,108.57932,60.100465,8411001
2008-02-20,107.4573,110.853783,106.806558,109.527959,60.630865,16880634
2008-02-21,109.81308,110.31622,109.049962,109.296543,60.508062,12253542
2008-02-22,108.723534,109.651256,107.304188,108.42094,60.028575,13277634
2008-02-25,107.783396,108.732287,105.859742,107.399367,59.4786,14684666
2008-02-26,107.276153,109.317106,106.59855,108.699799,60.204063,17284282
2008-02-27,108.393138,110.307374,108.224213,109.653544,60.737622,9698467
2008-02-28,108.598973,110.57468,108.223981,109.744739,60.793461,22737721
2008-02-29,109.932,110.696141,107.845098,108.47129,60.093294,11849336
2008-03-03,108.323062,110.037491,107.056904,109.862056,60.87978,20566077
2008-03-04,110.200675,110.402382,109.201383,110.294531,61.12479,13917238
2008-03-05,110.698995,111.207178,109.85348,110.59931,61.299068,19190881
2008-03-06,110.475249,110.763568,109.690155,109.896059,60.914632,13012127
2008-03-07,109.959811,111.247911,109.80276,111.123351,61.600307,12742933
2008-03-10,110.53589,112.13703,110.217385,111.67044,61.919854,14620366
2008-03-11,111.194236,113.446905,110.458628,111.703347,61.943527,14179903
2008-03-12,111.92245,112.542555,111.133852,112.055361,62.144176,12434166
2008-03-13,112.366291,112.981124,110.437053,111.105758,61.62294,16046807
2008-03-14,110.764975,110.884756,110.030759,110.139148,61.092178,12466882
2008-03-17,110.141221,111.836044,109.442848,111.342786,61.776048,15237919
2008-03-18,111.190005,111.60728,109.624933,109.769774,60.908634,21411650
2008-03-19,109.757646,112.841441,109.660846,112.683394,62.530811,17681475
2008-03-20,112.9982,113.793225,112.698941,112.756583,62.576907,9301184
2008-03-24,113.024514,113.732806,112.346172,112.394348,62.39774,20603513
2008-03-25,112.338624,112.413595,110.011358,110.619003,61.417505,14927401
2008-03-26,110.298207,110.664573,110.006823,110.239838,61.212349,14784983
2008-03-27,110.022718,110.874662,109.867957,110.421692,61.318699,7894598
2008-03-28,110.056065,110.757827,109.982002,110.640959,61.445844,14719236
2008-03-31,110.595713,110.740598,110.056814,110.392541,61.323998,15007486
2008-04-01,109.882641,111.770724,109.736629,111.534153,61.963601,15855850
2008-04-02,111.812704,112.142055,111.373783,111.543071,61.973986,10360027
2008-04-03,111.514448,111.795292,111.01352,111.360494,61.877966,7472641
2008-04-04,111.561168,112.722521,111.35393,112.312639,62.412497,21765653
2008-04-07,112.660021,113.019613,110.584084,111.159518,61.787942,11983404
2008-04-08,111.171684,111.559422,109.932727,110.705466,61.540949,20721714
2008-04-09,110.569997,111.647494,110.333588,111.411339,61.938768,12643642
2008-04-10,111.515306,112.443642,110.748773,110.863889,61.639815,15680392
2008-04-11,110.490724,111.770543,110.163713,111.675304,62.096399,12612658
2008-04-14,111.932136,112.544344,110.213473,110.739168,61.592052,17421085
2008-04-15,110.621229,111.773979,110.471939,111.025422,61.756674,11497333
2008-04-16,111.192107,112.708125,110.939819,112.266248,62.452341,17915451
2008-04-17,112.391338,113.469734,111.976237,113.193791,62.973839,25001048
2008-04-18,113.410153,113.714576,112.125329,113.117848,62.937103,9852163
2008-04-21,113.430168,113.738079,112.499101,113.218842,63.009853,11791049
2008-04-22,112.957201,113.527889,112.501714,113.132972,62.96758,15558859
2008-04-23,113.145868,114.157621,112.430484,113.889401,63.394148,10061843
2008-04-24,114.203032,114.549975,114.082375,114.256401,63.604002,15744049
2008-04-25,114.147688,114.424757,113.046687,113.532981,63.206828,19658809
2008-04-28,113.410393,113.755782,113.282832,113.354134,63.123848,15643433
2008-04-29,113.890024,114.528725,113.290305,113.336533,63.119577,21041305
2008-04-30,113.057258,114.071846,112.819509,113.269214,63.087612,12347209
2008-05-01,113.092805,114.49683,113.037702,114.340694,63.689974,11341685
2008-05-02,115.24866,115.406934,112.982452,113.53623,63.247414,16950195
2008-05-05,113.235667,113.575515,111.341596,111.483571,62.120268,15370246
2008-05-06,112.241604,113.048411,111.750938,112.728873,62.819671,15652679
2008-05-07,112.476343,112.986299,112.0336,112.673685,62.794418,21345329
2008-05-08,112.372563,112.847533,111.885056,112.672605,62.799318,13117735
2008-05-09,112.940344,113.085449,111.2318,111.768991,62.301137,20825601
2008-05-12,112.287337,112.577406,111.723074,112.354324,62.64387,25319475
2008-05-13,112.192946,112.686617,112.08747,112.594383,62.783217,14714133
2008-05-14,112.240369,112.87431,112.186115,112.301287,62.625271,16379551
2008-05-15,112.458328,112.688985,110.201536,110.258003,61.491213,21025117
2008-05-16,110.736466,111.131679,109.960553,110.183674,61.455143,21284335
2008-05-19,110.519075,111.507908,110.040349,111.122315,61.994964,15553518
2008-05-20,111.040717,111.259676,110.673064,110.728712,61.780786,24730338
2008-05-21,110.918439,111.881042,110.40178,111.265636,62.085801,30451077
2008-05-22,111.136284,112.406605,110.614158,112.030342,62.517981,12072080
2008-05-23,111.828723,112.850233,111.473011,112.719844,62.908265,18459629
2008-05-27,112.324518,112.926455,112.011303,112.070566,62.56783,17871431
2008-05-28,111.907367,112.059643,111.151279,111.780507,62.411361,21307867
2008-05-29,111.395347,112.301459,111.321198,111.408796,62.20927,13864186
2008-05-30,111.38052,111.706121,110.425413,110.557067,61.739084,25470018
2008-06-02,110.442874,110.887413,109.757061,110.085531,61.491921,12753497
2008-06-03,110.137977,110.351581,109.426348,109.657174,61.258015,21538604
2008-06-04,109.56376,110.391186,108.990102,110.060864,61.488916,15147797
2008-06-05,110.30478,111.103178,110.064992,110.787538,61.900318,16693583
2008-06-06,110.86157,111.555026,110.618289,111.299305,62.191706,13544726
2008-06-09,111.424872,111.940231,111.26555,111.541659,62.343512,12666281
2008-06-10,111.783098,112.075979,110.412955,110.711595,61.884989,15041014
2008-06-11,110.943769,112.053113,110.832073,111.903288,62.556596,19922919
2008-06-12,112.500079,112.816486,110.754952,111.087493,62.105988,16469050
2008-06-13,111.575214,111.642264,111.229067,111.510268,62.347813,11410383
2008-06-16,111.099145,111.384888,110.116588,110.626163,61.869749,19720760
2008-06-17,110.792448,111.583023,110.244843,111.120959,62.151918,18072989
2008-06-18,110.923088,111.290936,110.79549,111.043968,62.114298,15243254
2008-06-19,111.120168,111.465937,110.179578,110.735984,61.947449,12313741
2008-06-20,111.20358,111.303765,110.195836,110.55968,61.85424,17115354
2008-06-23,110.447363,110.867761,110.029833,110.58681,61.885682,23095191
2008-06-24,110.509349,110.693221,109.68063,109.75284,61.424364,28476250
2008-06-25,109.891192,110.611039,109.577795,110.168664,61.662486,9641787
2008-06-26,110.366731,110.656613,108.771587,109.069118,61.052408,13362383
2008-06-27,109.239786,109.547976,108.866233,109.257783,61.163374,6810808
2008-06-30,109.049756,109.116121,108.341368,108.85644,60.954718,15338334
2008-07-01,108.445128,109.04336,107.895488,108.905028,60.987268,10808923
2008-07-02,109.016893,109.694874,108.495479,109.17664,61.144728,20301624
2008-07-03,108.957736,109.15951,107.96328,108.22641,60.617859,11158836
2008-07-07,108.149779,108.611353,106.167111,106.482062,59.66175,17262318
2008-07-08,106.301091,107.710559,105.941162,107.221414,60.081272,13046909
2008-07-09,107.081967,107.224551,105.423831,105.79727,59.28845,6347992
2008-07-10,105.599476,106.177573,104.930174,104.983213,58.83741,16125368
2008-07-11,104.988569,105.910913,104.591034,105.029619,58.868575,12760385
2008-07-14,105.018465,105.155988,104.479258,105.00845,58.872181,5781293
2008-07-15,105.46768,105.772875,105.021637,105.40278,59.098437,15842633
2008-07-16,105.256444,106.538336,104.743147,106.048604,59.465755,21762914
2008-07-17,105.953076,107.760419,105.722184,106.93705,59.969196,15075301
2008-07-18,107.324918,107.851821,106.208877,106.323421,59.630304,16438917
2008-07-21,106.492319,106.850616,105.819404,106.401016,59.689508,24695282
2008-07-22,106.205405,107.069335,105.964725,106.862636,59.953723,12292829
2008-07-23,107.203762,108.354205,106.390922,107.962571,60.576132,15824741
2008-07-24,108.280683,109.232886,108.230512,108.794855,61.048462,12653084
2008-07-25,108.434483,109.475272,108.281525,108.920127,61.124112,15155836
2008-07-28,108.650316,109.354838,108.024109,108.932099,61.146899,16060373
2008-07-29,108.60586,108.95138,108.485318,108.899466,61.133937,13612527
2008-07-30,108.378145,110.484837,107.915982,109.754979,61.619603,12420293
2008-07-31,109.831274,110.14896,108.627696,108.757947,61.06519,13711025
2008-08-01,108.376569,109.511787,108.181065,109.266466,61.356088,16363799
2008-08-04,109.213584,109.273762,108.251214,109.228172,61.350708,22950345
2008-08-05,109.240728,109.554053,108.47815,108.840569,61.138357,10519844
2008-08-06,108.291411,109.869337,107.81201,109.001509,61.234125,13209812
2008-08-07,108.564197,108.893731,108.150652,108.82899,61.142565,14583069
2008-08-08,108.596933,110.37679,108.458323,110.201654,61.919184,16431008
2008-08-11,110.140769,110.552008,109.993226,110.339658,62.013021,19154626
2008-08-12,110.292192,110.891366,108.843849,109.504466,61.549019,13538331
2008-08-13,109.726155,109.826134,108.837708,108.988089,61.264147,18163770
2008-08-14,108.897487,109.56259,108.418368,109.014785,61.284522,13582346
2008-08-15,109.204846,109.359114,108.276747,108.350846,60.916615,7138304
2008-08-18,108.370569,108.7569,107.70825,108.682012,61.118863,12837928
2008-08-19,108.56644,109.392546,108.243451,109.115011,61.367743,15210288
2008-08-20,109.318999,109.768744,108.989033,109.631429,61.663586,15915714
2008-08-21,109.643413,110.350479,109.178831,110.230941,62.00622,12957693
2008-08-22,110.050421,111.105647,109.880666,110.443238,62.131083,8159261
2008-08-25,110.554001,110.917163,110.289777,110.344383,62.091789,11902165
2008-08-26,110.311876,110.709598,110.027643,110.098679,61.958957,8111788
2008-08-27,110.352717,112.004208,110.072535,111.698337,62.864686,14104785
2008-08-28,111.594936,113.760983,111.208095,113.342948,63.795875,20773190
2008-08-29,112.713387,114.436212,112.480242,114.25669,64.315815,17574283
2008-09-02,114.085877,115.896062,113.603634,115.18227,64.859555,16048040
2008-09-03,115.6016,115.680797,114.019618,114.414201,64.432698,13465620
2008-09-04,114.395968,114.505391,112.594053,113.325168,63.824997,20348745
2008-09-05,113.030566,113.341189,111.092542,111.410351,62.752066,20390582
2008-09-08,111.174957,112.061802,109.930845,111.825523,63.002469,13610276
2008-09-09,111.897841,112.157755,111.080141,111.495352,62.821954,27400191
2008-09-10,111.189199,111.30237,108.123225,109.214389,61.542139,11393084
2008-09-11,109.28968,109.800226,108.878383,109.415339,61.660776,17302885
2008-09-12,109.991959,110.472487,109.297522,109.78805,61.876237,23794903
2008-09-15,109.765023,110.04033,109.657891,109.837185,61.920202,16851989
2008-09-16,109.586304,111.660458,109.028566,111.085024,62.629152,14469902
2008-09-17,111.370659,112.106828,109.984577,110.071971,62.063436,9397357
2008-09-18,110.118867,111.124015,110.026656,111.074159,62.634001,16514767
2008-09-19,110.823384,110.893102,109.325881,109.673309,61.849489,12436999
2008-09-22,109.673705,110.054395,108.841025,109.241067,61.621924,15245979
2008-09-23,108.953137,109.31849,107.973115,108.097721,60.982315,18267864
2008-09-24,108.425866,108.586028,107.8129,108.047448,60.959294,11048419
2008-09-25,107.435794,108.166299,106.587011,108.004236,60.940253,15080354
2008-09-26,108.359594,108.799964,107.621971,107.863492,60.866172,21997966
2008-09-29,107.700947,108.133861,106.466524,106.685029,60.217004,12384019
2008-09-30,106.60761,107.070322,105.767675,105.927261,59.794529,10290955
2008-10-01,106.121485,106.507839,105.673082,105.803097,59.729673,19068533
2008-10-02,105.589025,105.780797,104.762216,104.848744,59.196092,12907962
2008-10-03,104.850228,104.925764,103.722751,104.345885,58.917347,14591217
2008-10-06,103.881486,104.259589,101.896813,102.403273,57.835679,16593600
2008-10-07,102.612583,102.844851,101.551585,101.966726,57.59417,23799108
2008-10-08,102.250056,103.29904,101.428993,102.720203,58.024843,16792118
2008-10-09,102.961192,103.214243,102.44829,102.996471,58.185999,11259607
2008-10-10,103.012535,104.440126,102.823675,103.84261,58.66915,20520138
2008-10-13,103.725625,104.552705,103.332684,104.290526,58.937703,19747475
2008-10-14,104.41047,104.798079,103.859934,104.227069,58.907002,11328756
2008-10-15,103.565434,103.926837,102.525743,102.575825,57.978832,21426977
2008-10-16,102.422109,103.846002,101.895125,103.186021,58.328843,19506178
2008-10-17,102.80308,105.041384,102.428193,104.63808,59.154843,15963395
2008-10-20,104.682492,104.818267,103.580303,103.748376,58.667286,15135746
2008-10-21,103.166511,103.426887,102.712503,103.074052,58.291078,15285144
2008-10-22,102.371268,103.57219,101.699916,103.465155,58.517384,12187445
2008-10-23,103.374642,103.833167,102.977423,103.693092,58.651438,20681242
2008-10-24,104.310364,104.623351,103.027274,103.923019,58.786641,23328577
2008-10-27,103.708202,104.417644,102.453744,102.496054,57.994683,18536406
2008-10-28,102.711205,102.801321,101.094701,101.965194,57.699365,21276635
2008-10-29,101.916608,102.209004,101.695596,102.051475,57.753249,11344427
2008-10-30,102.153762,102.215762,101.774708,101.929551,57.689303,16633833
2008-10-31,102.148677,102.983968,101.498799,102.003169,57.736027,16499438
2008-11-03,101.837311,102.601291,101.580505,102.135338,57.826034,15329304
2008-11-04,101.773982,102.124217,101.059004,101.554138,57.502013,16638795
2008-11-05,101.315658,101.69447,100.671594,100.956173,57.168442,17395948
2008-11-06,100.64072,101.412067,99.942154,101.04699,57.224882,16422496
2008-11-07,101.226456,101.593299,100.596786,101.025283,57.217601,15819623
2008-11-10,101.670007,101.940192,100.154415,100.238762,56.787064,16115966
2008-11-11,99.943322,100.86129,99.40787,100.377428,56.870603,12562017
2008-11-12,100.85375,101.023899,100.141293,100.427502,56.903959,15560777
2008-11-13,100.47489,101.691536,100.375556,101.150921,57.318882,14997779
2008-11-14,101.191197,101.606603,100.493068,100.537568,56.976307,10148288
2008-11-17,100.705999,101.075729,100.198045,100.638944,57.048751,9727964
2008-11-18,100.678372,101.013372,100.163073,100.629915,57.04863,12094632
2008-11-19,100.3722,101.223462,100.119741,100.735057,57.11324,9171525
2008-11-20,100.494067,102.42503,100.356135,102.136259,57.912746,8647021
2008-11-21,101.900387,102.646235,101.32308,102.142377,57.92129,13747764
2008-11-24,101.789005,102.127885,100.565687,100.974556,57.274112,10840925
2008-11-25,101.343965,101.929185,100.582159,101.566407,57.614865,16516923
2008-11-26,101.557547,102.420821,101.275036,101.858328,57.785523,11204608
2008-11-28,102.191274,102.451844,100.531307,100.866373,57.232802,13902735
2008-12-01,100.718454,101.622554,100.619274,101.526665,57.622603,10940304
2008-12-02,101.491289,101.885834,99.960323,100.520107,57.056318,17958509
2008-12-03,100.65068,101.075752,99.962895,100.036986,56.787068,16517689
2008-12-04,99.571943,99.662506,97.811105,98.539236,55.941755,16789599
2008-12-05,98.2461,98.813244,97.811787,98.172981,55.738712,16355262
2008-12-08,97.935858,98.644053,97.473289,98.19913,55.768214,11514416
2008-12-09,98.008616,98.263498,97.640384,97.967173,55.641358,16218027
2008-12-10,97.897887,98.676238,97.727293,98.055619,55.696471,18922782
2008-12-11,98.253639,98.542167,97.490227,97.879857,55.601508,14914262
2008-12-12,97.625701,98.708452,97.398672,98.140676,55.754553,13416636
2008-12-15,98.331939,98.87247,97.203201,97.461029,55.382994,15977430
2008-12-16,97.325154,97.609179,96.924106,96.968808,55.108114,21164526
2008-12-17,96.581601,97.924336,96.475012,97.463912,55.394338,19201065
2008-12-18,97.463574,97.612993,96.891001,97.064201,55.171993,12392268
2008-12-19,97.242264,98.16105,97.065679,97.979158,55.69694,19400872
2008-12-22,98.100221,98.163991,96.705299,96.806602,55.044858,13744555
2008-12-23,96.915372,97.14408,96.418793,96.5807,54.921221,9037195
2008-12-24,96.969829,97.260741,96.543835,97.005238,55.16747,17921010
2008-12-26,97.185316,97.363525,96.30421,96.346614,54.802508,9255020
2008-12-29,96.187481,96.882878,95.987461,96.463997,54.883699,8869715
2008-12-30,96.076281,96.765451,95.974947,96.337871,54.816742,12853837
2008-12-31,96.659375,96.839771,95.405699,95.676112,54.444968,20776985
2009-01-02,95.687941,96.22823,95.309072,95.977874,54.626258,12002320
2009-01-05,96.127988,96.182746,95.56482,95.92714,54.611734,22258029
2009-01-06,96.0801,96.814885,95.709981,96.368142,54.867605,11233303
2009-01-07,96.48793,96.914071,95.354714,96.057006,54.69525,13310118
2009-01-08,96.610894,97.171989,95.2094,95.40003,54.325924,14861066
2009-01-09,95.684517,95.985266,94.846106,95.090585,54.154454,13570425
2009-01-12,95.141321,95.741669,94.705906,95.513418,54.409558,12009741
2009-01-13,95.056637,95.565804,94.720392,95.002814,54.123432,11489986
2009-01-14,95.221178,95.425075,94.026225,94.161498,53.648832,12985209
2009-01-15,94.154493,94.857268,93.964164,94.702149,53.961597,13462651
2009-01-16,94.616953,95.305409,94.547952,94.93602,54.099597,8593432
2009-01-20,94.739482,95.188174,94.533528,95.073336,54.196837,15464153
2009-01-21,94.784623,95.850243,94.728337,95.546894,54.471562,10268154
2009-01-22,95.559655,96.611624,95.308818,96.404231,54.965147,16353552
2009-01-23,96.380999,96.808031,96.272809,96.402811,54.969153,15379789
2009-01-26,96.096311,96.640625,95.733959,96.311158,54.931329,27992413
2009-01-27,96.302851,96.874528,95.911824,95.970357,54.741748,15150164
2009-01-28,95.9439,96.373139,95.583947,95.795109,54.646573,17309173
2009-01-29,95.756572,96.915485,95.701677,96.862211,55.260146,18988245
2009-01-30,96.705716,96.770734,95.876889,96.060724,54.807697,15736392
2009-02-02,95.736524,95.991,94.978381,95.336118,54.408569,15330424
2009-02-03,95.42611,96.178974,95.227508,95.376964,54.436649,23285810
2009-02-04,95.580532,95.843662,94.364832,94.827693,54.127893,21686610
2009-02-05,94.834547,95.028206,93.801976,93.92571,53.617737,15176983
2009-02-06,93.898924,94.114708,92.611968,93.139653,53.173672,15577332
2009-02-09,92.893956,93.950705,92.786404,93.504562,53.396032,16945281
2009-02-10,93.338103,94.034726,92.809803,93.969754,53.666383,14076283
2009-02-11,93.941179,94.026904,93.284979,93.546701,53.429457,8069157
2009-02-12,93.560905,95.043661,93.490166,94.394377,53.918333,12165192
2009-02-13,94.216716,95.805262,94.178753,95.545958,54.580901,10555989
2009-02-17,95.589336,95.789644,95.002138,95.569572,54.613527,15427389
2009-02-18,96.017237,96.195216,94.629231,95.44,54.544261,14584733
2009-02-19,95.12254,95.243817,93.095078,93.401146,53.383726,18914432
2009-02-20,93.304401,93.806298,91.836273,92.187336,52.694586,24940101
2009-02-23,92.411703,92.509103,91.792545,92.36427,52.8096,11983927
2009-02-24,92.376412,92.935634,92.292894,92.437794,52.856268,13934252
2009-02-25,92.351372,92.554866,92.058181,92.334957,52.802091,8329568
2009-02-26,92.800252,93.34819,92.675688,92.764281,53.052249,14301651
2009-02-27,92.816697,93.009949,91.175752,92.011083,52.626103,21730385
2009-03-02,91.960665,92.564697,91.657631,91.724433,52.475943,14530281
2009-03-03,91.230519,93.204464,91.181496,92.687407,53.031511,17670293
2009-03-04,92.908555,93.968019,92.424654,93.692325,53.611176,10816179
2009-03-05,93.611018,93.809271,93.006328,93.390612,53.443216,7106949
2009-03-06,93.251027,94.466358,92.846308,94.243307,53.9359,11699175
2009-03-09,94.045673,94.679551,93.842722,94.377839,54.027092,16057566
2009-03-10,94.204535,94.369654,93.369036,93.55678,53.561764,20766908
2009-03-11,93.369608,94.220096,93.150002,94.122175,53.890177,9863457
2009-03-12,94.091317,94.255894,93.42502,93.903953,53.769944,20305534
2009-03-13,93.604501,93.918696,93.384961,93.648468,53.62835,16935156
2009-03-16,93.747566,95.29732,93.435063,95.069676,54.456524,25054817
2009-03-17,95.170402,95.740884,94.462949,95.080932,54.467743,24121093
2009-03-18,94.970274,95.252426,94.49043,94.598305,54.196015,10103942
2009-03-19,94.406711,95.037015,94.058974,94.522501,54.157331,23645014
2009-03-20,94.432554,95.309414,94.095256,94.565195,54.18654,17355472
2009-03-23,94.261992,94.454182,93.633118,94.022448,53.889705,9875632
2009-03-24,94.333005,94.921753,93.402935,93.475331,53.580814,9517275
2009-03-25,93.146555,95.167083,92.353999,94.280627,54.047151,14097866
2009-03-26,93.984789,95.445935,93.496321,94.831818,54.367889,13069144
2009-03-27,95.359712,95.849475,94.414508,94.872916,54.396216,16957372
2009-03-30,94.664334,95.187081,93.969288,95.128312,54.556987,10211421
2009-03-31,95.167231,95.651547,94.404102,94.466623,54.182249,12664260
2009-04-01,94.075066,95.660576,92.914596,95.368682,54.704427,10174775
2009-04-02,95.200228,95.715807,94.753613,94.932913,54.459236,10176462
2009-04-03,94.635052,95.585142,94.285589,95.291438,54.669697,11656620
2009-04-06,95.475081,95.519879,93.357984,93.590862,53.708173,14602195
2009-04-07,93.849314,95.055597,93.742121,94.546722,54.261458,18214858
2009-04-08,94.465012,94.59964,92.678987,92.780719,53.252594,17026364
2009-04-09,92.96332,93.399541,91.88548,92.241414,52.947692,13429778
2009-04-13,92.296388,93.198243,92.027004,92.904968,53.347272,12032749
2009-04-14,92.985817,94.197295,92.113616,94.133396,54.057387,16379018
2009-04-15,94.142105,94.235794,93.422612,93.890262,53.922489,11508292
2009-04-16,93.904807,94.12785,93.02027,93.169625,53.513305,11887123
2009-04-17,93.13082,94.235692,92.976279,93.619198,53.776234,10291793
2009-04-20,93.813564,94.046455,92.579765,92.808725,53.324701,8302578
2009-04-21,92.914621,93.449719,92.741829,93.253689,53.585056,25287278
2009-04-22,93.51832,93.65663,93.219298,93.31218,53.623364,14536144
2009-04-23,93.1685,94.473127,92.723314,93.981483,54.012722,15871838
2009-04-24,93.563803,94.132665,93.401857,93.943187,53.995443,17299047
2009-04-27,93.836528,94.501347,93.627894,94.305289,54.217815,12470329
2009-04-28,94.230217,94.504738,94.14489,94.355278,54.251308,15219525
2009-04-29,94.535241,95.328059,94.313269,95.127505,54.700106,12813414
2009-04-30,94.795685,96.027913,94.535506,95.543705,54.944243,15319145
2009-05-01,95.47564,96.957064,94.915212,96.898875,55.728441,19025399
2009-05-04,96.967012,97.281958,96.288296,97.216897,55.926039,15546365
2009-05-05,97.163093,97.293312,96.683329,96.990543,55.800713,7429087
2009-05-06,96.993777,97.550637,95.421993,95.472273,54.932032,14905623
2009-05-07,95.355905,96.496227,94.801841,96.424558,55.484811,25879178
2009-05-08,96.065381,97.601864,95.861536,97.373049,56.035503,10289308
2009-05-11,97.624871,97.847777,94.799449,95.540437,54.995338,27535399
2009-05-12,95.322639,96.225096,94.813041,95.910476,55.213178,14271591
2009-05-13,96.0216,96.599741,95.904924,96.053712,55.30048,10336905
2009-05-14,95.70965,97.68653,95.558462,97.463291,56.116926,13117548
2009-05-15,97.869956,99.054568,97.222489,98.852905,56.922018,12227975
2009-05-18,98.958311,100.28552,98.48983,99.396205,57.249909,5871767
2009-05-19,98.978505,99.734871,98.115905,98.76362,56.890539,15661624
2009-05-20,98.866947,100.819779,98.463945,100.319062,57.791578,23628099
2009-05-21,99.885235,102.166075,99.807841,101.464466,58.456541,8567763
2009-05-22,101.372724,103.174571,101.070868,102.646632,59.142802,20083283
2009-05-26,102.688258,102.9975,101.992075,102.047949,58.818463,17570141
2009-05-27,102.284772,102.961847,101.24273,102.510486,59.090237,21958923
2009-05-28,101.796858,103.211111,101.295046,102.576243,59.133322,12682020
2009-05-29,102.173182,102.698077,101.413277,101.930554,58.766242,11005764
2009-06-01,102.013282,102.231323,100.058846,100.165593,57.763866,16303151
2009-06-02,100.185495,100.39356,98.872193,99.567508,57.423991,17317330
2009-06-03,100.440436,100.57783,99.493809,99.578179,57.435177,17023555
2009-06-04,98.96181,101.465791,98.810334,101.027078,58.275985,13108705
2009-06-05,101.409273,101.749166,100.737775,101.138972,58.345641,11466394
2009-06-08,101.652964,101.826426,99.961488,100.851065,58.194845,13717786
2009-06-09,101.091521,101.883073,100.983142,101.792944,58.74349,19713836
2009-06-10,101.770025,103.610496,101.17065,102.936611,59.408692,11490720
2009-06-11,102.73737,103.027945,102.219097,102.860526,59.369982,11439864
2009-06-12,103.192905,103.496137,103.040664,103.206515,59.574902,14988146
2009-06-15,103.381609,104.43706,103.283973,103.824308,59.947271,15446887
2009-06-16,103.843092,103.920553,102.813636,102.896107,59.416541,16826915
2009-06-17,103.077548,104.746935,102.956344,104.489159,60.341722,9162212
2009-06-18,104.53765,104.731062,103.784001,103.86858,59.988598,10812446
2009-06-19,103.765028,103.926095,102.833704,103.026454,59.507447,11705352
2009-06-22,102.870766,104.121027,102.278462,103.562343,59.832697,8973500
2009-06-23,103.933086,104.472766,103.501129,103.781054,59.96431,15652283
2009-06-24,104.047067,104.289464,103.168135,103.369676,59.73185,36452033
2009-06-25,103.360416,104.681076,103.082943,103.916515,60.0531,17531332
2009-06-26,104.253486,104.621938,104.104885,104.517648,60.405786,12800770
2009-06-29,104.645437,104.777417,104.246014,104.434166,60.373403,15714070
2009-06-30,104.585082,104.743435,104.249701,104.643422,60.499675,9152227
2009-07-01,104.543252,105.72761,104.369048,105.512697,61.007591,14998577
2009-07-02,105.367621,105.621738,104.603129,105.049008,60.744807,17009820
2009-07-06,104.6349,105.065926,104.117214,104.957838,60.713361,17661238
2009-07-07,104.605738,105.285692,103.974501,104.869504,60.667579,23375455
2009-07-08,104.732662,106.072764,104.610402,105.495502,61.035069,11771824
2009-07-09,105.237797,106.940787,104.960441,106.878653,61.840718,24698902
2009-07-10,106.682147,107.23322,106.55332,106.610334,61.690871,12386618
2009-07-13,106.681471,107.354908,106.632398,106.893307,61.870875,22550143
2009-07-14,106.821526,106.901874,104.941584,105.443045,61.036797,14293817
2009-07-15,105.793167,106.011084,104.834449,105.36301,60.995811,11048921
2009-07-16,105.49005,106.478843,104.993441,106.401596,61.602457,19347520
2009-07-17,106.512632,107.10818,106.050722,107.030291,61.971877,11434858
2009-07-20,106.702217,107.182196,106.532549,107.078388,62.016023,14973140
2009-07-21,107.009036,107.174677,105.935324,106.251052,61.542251,16604776
2009-07-22,106.265491,106.412613,105.428863,105.631003,61.188469,10273638
2009-07-23,105.41013,106.842381,105.21141,106.29586,61.578993,13813296
2009-07-24,106.093472,106.550337,105.772016,106.468984,61.684691,12815620
2009-07-27,106.436524,107.420798,105.986706,107.212645,62.131873,10145270
2009-07-28,107.158451,107.276149,105.655318,106.414469,61.674716,15594505
2009-07-29,106.286138,106.721558,106.170632,106.339861,61.636876,15077099
2009-07-30,106.126789,107.370831,106.029701,106.644566,61.818905,16312412
2009-07-31,106.562012,107.066057,106.50702,106.737344,61.878107,7917351
2009-08-03,106.903854,107.834563,106.822419,107.767393,62.491673,20409258
2009-08-04,107.527376,108.439227,107.119333,107.935402,62.594581,15230713
2009-08-05,107.961145,108.044239,106.840228,106.990573,62.052086,15069880
2009-08-06,107.019497,107.868105,106.907648,107.363058,62.273574,17524556
2009-08-07,107.361971,108.119841,107.196402,108.041335,62.672485,15275492
2009-08-10,107.994236,108.336331,107.763269,108.29018,62.833347,15904623
2009-08-11,108.166912,108.394807,107.854821,108.001811,62.671517,22160118
2009-08-12,107.832952,109.573871,107.587032,109.114619,63.322807,12105599
2009-08-13,109.416259,109.636051,108.189965,108.398089,62.912492,15347025
2009-08-14,108.340863,108.872425,108.075872,108.548893,63.005537,22881550
2009-08-17,108.759951,109.062708,108.26114,108.710179,63.115739,11551123
2009-08-18,108.834389,109.668983,108.268238,109.446983,63.549086,10526245
2009-08-19,109.033076,109.885611,108.531379,109.568462,63.625195,18385434
2009-08-20,109.297939,110.72559,108.671118,110.352307,64.085979,12089976
2009-08-21,110.350801,110.533151,109.309774,109.57221,63.638521,20371384
2009-08-24,109.778601,111.264681,109.421815,110.879989,64.414995,26475398
2009-08-25,110.712124,111.236233,110.226783,110.384821,64.132949,26737207
2009-08-26,110.980675,111.283702,110.201469,110.447854,64.175193,18498284
2009-08-27,110.202596,111.186493,109.67701,110.897073,64.441855,11962697
2009-08-28,110.842991,111.046144,109.371513,109.955337,63.900214,21143073
2009-08-31,109.894428,110.541182,109.564994,109.749375,63.797286,13505193
2009-09-01,109.688824,109.886679,109.029745,109.546594,63.684989,11262288
2009-09-02,109.346932,109.597664,108.970298,109.037063,63.394326,23879564
2009-09-03,109.093152,109.222226,108.078699,108.273477,62.955892,15491175
2009-09-04,108.184289,108.452471,108.031821,108.398034,63.033838,16564100
2009-09-08,108.312195,108.850951,108.245368,108.741927,63.255976,15203172
2009-09-09,108.66305,108.743897,108.14455,108.366058,63.042854,18772190
2009-09-10,108.447239,109.350301,108.015437,109.055388,63.449436,12502267
2009-09-11,109.402482,109.728171,108.272985,108.389448,63.067511,12310225
2009-09-14,108.19899,109.217953,108.103145,109.044794,63.46551,23584351
2009-09-15,108.803983,108.980771,107.305256,107.861525,62.782331,17133442
2009-09-16,107.782895,109.334019,107.702155,109.083237,63.499009,19739075
2009-09-17,109.084466,109.457851,108.070316,108.213993,62.998529,7538114
2009-09-18,108.557309,109.276582,108.40844,109.130501,63.537655,20778219
2009-09-21,109.61042,109.786347,108.427814,108.652558,63.276017,8259108
2009-09-22,108.438126,108.595577,108.265484,108.479902,63.181002,18147402
2009-09-23,108.163718,108.376989,106.924699,107.286615,62.491481,13495614
2009-09-24,107.428232,108.03468,107.11059,107.98964,62.906485,14176859
2009-09-25,108.018137,108.269335,107.305716,107.51691,62.636596,10896438
2009-09-28,107.095511,108.11757,106.726831,107.788113,62.811099,8601027
2009-09-29,107.487258,108.008459,106.94625,107.027035,62.373062,18056051
2009-09-30,107.142861,107.356098,105.318866,105.837802,61.685406,8965047
2009-10-01,105.479075,106.293299,105.186474,106.189231,61.895652,13644083
2009-10-02,106.296327,106.341883,106.058088,106.258942,61.941712,14606953
2009-10-05,106.16584,106.95694,105.465603,106.869889,62.314229,10294146
2009-10-06,106.781777,107.631353,106.585882,107.399276,62.628393,14447427
2009-10-07,107.27532,107.458351,106.868892,107.035226,62.421571,14459698
2009-10-08,107.132935,107.229653,106.028022,106.3931,62.052528,12474506
2009-10-09,106.893858,107.202808,106.074022,106.432708,62.081067,13794009
2009-10-12,106.483838,107.043381,105.840102,106.063308,61.881863,25771991
2009-10-13,106.31906,106.738648,105.858198,106.467358,62.123045,29863341
2009-10-14,106.037901,106.583919,105.710391,106.468682,62.129261,21085209
2009-10-15,106.622797,107.084249,104.771014,105.343828,61.478244,14469118
2009-10-16,105.564932,105.822835,104.976363,105.314951,61.466776,10990768
2009-10-19,105.040755,105.163083,104.22195,104.518613,61.018031,18360524
2009-10-20,104.730696,105.040811,104.194267,104.26166,60.873355,14707352
2009-10-21,104.286294,105.582116,103.602667,105.241319,61.450714,22138450
2009-10-22,105.602962,106.590311,104.982416,105.949815,61.869827,14748015
2009-10-23,104.981157,106.377226,104.354427,105.930394,61.863906,19222053
2009-10-26,105.987072,106.113557,104.87584,105.095314,61.392349,15926048
2009-10-27,104.480934,106.175933,103.95109,106.017309,61.936366,19247483
2009-10-28,106.036921,106.635308,103.372873,104.220847,60.89219,14149019
2009-10-29,104.405696,104.757057,102.364306,102.781252,60.056352,15099632
2009-10-30,102.762659,104.332695,101.868818,104.220638,60.902738,16760849
2009-11-02,103.696796,104.756736,103.396041,104.166817,60.887289,14712730
2009-11-03,104.019936,104.620479,102.689745,103.489186,60.496501,10845827
2009-11-04,103.619769,105.644955,103.514099,105.573034,61.72006,17682984
2009-11-05,105.405956,105.486892,104.777729,105.04225,61.415134,17567483
2009-11-06,104.893319,105.1602,104.195154,104.355354,61.018872,21663701
2009-11-09,104.47243,105.1023,104.129135,104.966992,61.392644,15657348
2009-11-10,105.044165,105.108312,104.546984,104.590905,61.178039,16264744
2009-11-11,104.59717,104.756727,104.036347,104.676684,61.233578,13901034
2009-11-12,104.986199,105.456992,103.870799,104.383511,61.067428,13116338
2009-11-13,104.30009,104.393364,103.642092,103.700982,60.673444,12423910
2009-11-16,103.865753,104.139412,102.855104,103.191616,60.391295,16562458
2009-11-17,102.880891,104.269155,102.759266,103.745651,60.720854,15429530
2009-11-18,104.154453,104.398591,103.813926,103.995201,60.872246,12644123
2009-11-19,103.816263,104.814122,103.460483,104.602425,61.233041,10636726
2009-11-20,104.938971,104.983611,104.236482,104.779305,61.341959,12873648
2009-11-23,104.631374,105.021095,104.050414,104.357251,61.110931,11751550
2009-11-24,104.736419,105.029158,104.310713,104.957595,61.467874,13198358
2009-11-25,105.23567,105.403267,104.471896,104.705592,61.325662,8797918
2009-11-27,104.297553,104.554141,104.156525,104.442153,61.182086,7452736
2009-11-30,104.545104,104.978121,103.865811,103.922551,60.893707,15268733
2009-12-01,104.246354,104.383977,102.964081,103.268626,60.515839,16209923
2009-12-02,103.546177,103.790297,102.460279,102.662278,60.165788,26256783
2009-12-03,102.527653,102.665065,102.046221,102.55959,60.110873,17566603
2009-12-04,102.333438,102.529244,102.161599,102.477794,60.068195,15444516
2009-12-07,102.532536,103.145102,102.366615,103.048768,60.418753,8853442
2009-12-08,103.243718,103.710489,103.038466,103.272267,60.555099,18284719
2009-12-09,103.103381,103.795737,102.849126,103.075997,60.445309,22428294
2009-12-10,103.32287,103.778616,103.269134,103.421102,60.652997,16892665
2009-12-11,103.289278,103.790224,102.869543,103.649511,60.792277,12631634
2009-12-14,103.616733,103.706378,103.423424,103.513788,60.728632,15270360
2009-12-15,103.622355,103.823118,102.306937,102.816701,60.324956,12110545
2009-12-16,102.838602,103.71225,102.719922,103.52507,60.745895,16471676
2009-12-17,103.368817,103.531673,103.085357,103.224251,60.574688,15847423
2009-12-18,103.193466,103.747423,101.665609,102.020821,59.87373,22767852
2009-12-21,102.254667,103.009315,101.131544,101.272372,59.450105,14773449
2009-12-22,101.374177,101.624609,100.094736,100.387987,58.936106,23718739
2009-12-23,100.516126,100.813525,100.344267,100.535069,59.027627,13850851
2009-12-24,100.367381,101.19093,100.326643,101.0748,59.349721,16241280
2009-12-28,101.100503,101.978854,100.847798,101.874019,59.839978,15226722
2009-12-29,101.890754,102.112944,100.731501,101.160988,59.426356,13680834
2009-12-30,101.207487,101.420584,100.407719,100.456347,59.017589,19783729
2009-12-31,100.588678,100.672695,100.266057,100.373161,58.973885,13969317
2010-01-04,100.201317,100.252679,99.357247,99.77666,58.643961,17945218
2010-01-05,99.791001,99.884692,99.045202,99.176983,58.296606,15689327
2010-01-06,99.342976,99.504233,98.707385,99.178316,58.302498,13188549
2010-01-07,99.552145,99.664959,99.231252,99.394687,58.434811,15232220
2010-01-08,99.401303,100.193294,99.013037,99.95361,58.768555,16760060
2010-01-11,100.183487,100.465746,100.105124,100.370356,59.029097,16493034
2010-01-12,100.09851,100.761475,99.465065,99.950607,58.787387,14952210
2010-01-13,99.657741,100.060949,98.990394,99.130055,58.309876,25631227
2010-01-14,99.023474,99.099691,98.412239,98.473735,57.928893,23907011
2010-01-15,98.409672,99.002781,98.012281,98.21264,57.780362,20881200
2010-01-19,97.521572,98.64056,97.376152,98.597322,58.027009,10457772
2010-01-20,98.797363,100.315956,98.652649,99.831156,58.758299,19393067
2010-01-21,99.637877,100.441903,99.348174,100.026321,58.878327,13474883
2010-01-22,100.276142,100.809382,98.566206,98.788725,58.154938,21211828
2010-01-25,98.883099,99.373388,98.139725,98.34035,57.906206,13983080
2010-01-26,98.103394,98.317828,97.850115,97.909954,57.657825,15214853
2010-01-27,97.879659,97.934362,97.229714,97.382892,57.35247,13558476
2010-01-28,97.44542,98.773046,97.370126,98.466896,57.995962,16483405
2010-01-29,98.2725,99.089335,98.1662,98.795477,58.194591,18726229
2010-02-01,98.375954,100.774165,97.974239,100.316567,59.106108,20762404
2010-02-02,100.278561,100.73919,99.304368,99.468115,58.611339,16321537
2010-02-03,99.647616,99.938512,98.275011,98.399482,57.98673,12379310
2010-02-04,98.479944,98.824238,98.279705,98.596702,58.108042,19013837
2010-02-05,98.11957,98.589045,97.619189,97.733839,57.604559,13140463
2010-02-08,97.786544,97.858129,96.830894,96.913345,57.135974,13778356
2010-02-09,96.975185,97.599286,96.480491,97.45724,57.461665,12005656
2010-02-10,97.650158,97.882908,97.189936,97.468655,57.47343,14850916
2010-02-11,97.082375,97.522362,96.34156,96.941654,57.167687,19518838
2010-02-12,96.559738,96.761616,96.201169,96.387067,56.84562,33263864
2010-02-16,96.533463,96.811603,95.173048,95.266159,56.204242,13415863
2010-02-17,95.040016,96.045122,94.949321,95.467092,56.327721,24166712
2010-02-18,95.162062,95.589106,94.6017,94.870334,55.980525,12945825
2010-02-19,95.278644,95.555137,94.560808,94.910386,56.009066,17566520
2010-02-22,95.332068,95.435924,93.837598,94.373485,55.706866,27044541
2010-02-23,94.367883,94.982252,94.239074,94.661289,55.881647,17578130
2010-02-24,95.130749,95.453136,94.082448,94.47661,55.777511,14014587
2010-02-25,94.874657,95.048855,93.477966,93.638164,55.28735,27595994
2010-02-26,93.392337,94.567502,93.157646,94.019551,55.517398,12553412
2010-03-01,94.110008,94.193005,93.725596,93.941897,55.486126,15407824
2010-03-02,93.801933,93.875362,93.110757,93.520462,55.242048,15903858
2010-03-03,93.297961,94.142484,93.123453,93.797844,55.410751,14201471
2010-03-04,94.070215,94.393465,93.077822,93.245637,55.089363,14336207
2010-03-05,93.231056,94.108739,93.010101,93.702149,55.36392,13869224
2010-03-08,93.554422,94.802487,93.246892,94.614506,55.91768,17200513
2010-03-09,94.519228,95.063166,94.345542,94.713261,55.98095,16221086
2010-03-10,94.697997,95.328105,94.607288,94.985184,56.146591,13987506
2010-03-11,94.919138,95.148581,94.811356,94.855306,56.074731,23217480
2010-03-12,94.863095,95.421864,94.81432,95.251107,56.313647,18149005
2010-03-15,95.123482,95.319555,94.7678,95.170452,56.280753,11839748
2010-03-16,94.981967,95.559806,94.852078,95.354607,56.394597,19256082
2010-03-17,95.525868,95.78468,95.029705,95.320465,56.379344,11336583
2010-03-18,95.442927,96.753782,95.195657,96.456706,57.056396,13630474
2010-03-19,96.725885,97.188071,96.255466,97.057682,57.416918,16407332
2010-03-22,97.351779,97.515676,95.677669,96.15679,56.898925,12222225
2010-03-23,96.139318,96.858301,95.360037,95.47182,56.498558,10757689
2010-03-24,95.67525,95.965778,94.727289,95.136557,56.305087,13786830
2010-03-25,95.253359,95.617296,94.834605,95.533227,56.544804,22534714
2010-03-26,95.49232,96.102833,94.29661,94.800077,56.115779,8031757
2010-03-29,94.74197,94.990596,94.63809,94.935358,56.210629,19764649
2010-03-30,95.140334,95.201689,94.187406,94.4437,55.924421,8433782
2010-03-31,94.546161,95.10939,94.429618,94.98556,56.250209,27894623
2010-04-01,95.046029,95.609027,94.904006,95.300859,56.441873,12105956
2010-04-05,95.195667,95.27781,94.897782,94.96439,56.262313,5922998
2010-04-06,95.02102,96.894385,94.829423,96.467077,57.157598,17156520
2010-04-07,96.487002,96.988819,96.308239,96.769955,57.342079,13737623
2010-04-08,96.735552,96.790396,94.68504,94.875585,56.224475,15071054
2010-04-09,94.813692,94.877262,94.422492,94.584044,56.056615,19925231
2010-04-12,94.799235,95.208007,94.016767,94.273134,55.887037,14987808
2010-04-13,94.726212,95.294503,92.715095,93.580128,55.481069,20769352
2010-04-14,93.780156,94.234205,92.652004,92.952234,55.113637,20402796
2010-04-15,92.893857,93.440288,92.564295,93.251623,55.295996,18845995
2010-04-16,93.42969,94.731191,93.22966,94.516655,56.051041,10639714
2010-04-19,94.46795,94.573152,93.839059,94.10024,55.818764,11799032
2010-04-20,94.153317,94.383543,93.76464,94.070242,55.805859,12074250
2010-04-21,94.064931,94.280843,93.654738,93.729313,55.608479,20072937
2010-04-22,93.298826,94.193179,92.74831,94.030564,55.792096,10390508
2010-04-23,94.077436,94.347889,93.770092,94.228684,55.914547,14158897
2010-04-26,94.125483,94.776284,93.845067,94.591356,56.144508,10720377
2010-04-27,94.583001,94.823011,94.240292,94.661515,56.191073,11222788
2010-04-28,94.733489,95.152031,94.553504,94.904524,56.340259,15669391
2010-04-29,94.801295,95.237031,94.547218,94.947806,56.370892,16484533
2010-04-30,95.172609,95.803424,94.801339,95.422394,56.65762,15218747
2010-05-03,95.651942,95.894037,94.041327,94.371404,56.048318,13254306
2010-05-04,94.484848,94.714644,93.466994,93.880313,55.761539,10547925
2010-05-05,94.237495,94.685633,94.147569,94.544427,56.160919,11828597
2010-05-06,94.808635,96.475303,94.744149,96.3417,57.233542,15197970
2010-05-07,96.525242,96.577613,95.813776,95.992066,57.030832,19184805
2010-05-10,96.050135,96.106474,95.240658,95.426085,56.709474,8577598
2010-05-11,95.445679,95.562107,94.79044,95.018528,56.47222,20199222
2010-05-12,94.417189,95.408805,94.317418,95.124521,56.540168,10199142
2010-05-13,95.121526,95.617538,94.677373,95.45136,56.739405,12455771
2010-05-14,95.555048,96.239827,95.271698,95.993684,57.06678,11104520
2010-05-17,96.165978,96.612156,96.055422,96.416083,57.332957,35037425
2010-05-18,96.471777,97.193209,95.838575,97.069869,57.726782,14711007
2010-05-19,97.043185,97.47335,96.47222,97.162375,57.786858,18547096
2010-05-20,96.898974,97.802083,96.416105,97.651177,58.082659,11739991
2010-05-21,97.2187,97.771594,96.060942,96.440959,57.36785,10969006
2010-05-24,96.864744,97.494093,95.859573,95.937881,57.083596,12604757
2010-05-25,95.858685,96.398408,95.627736,96.019007,57.136872,17467369
2010-05-26,96.318381,96.377315,95.95599,96.026856,57.146549,17008999
2010-05-27,95.844149,96.91125,95.588321,96.459834,57.409248,18868076
2010-05-28,96.495138,96.663093,96.080588,96.523618,57.452243,10690553
2010-06-01,96.589884,96.664435,95.798132,95.875696,57.086593,21347659
2010-06-02,96.051592,96.177661,95.042211,95.206526,56.69312,17395357
2010-06-03,95.257188,95.646794,94.904178,95.427975,56.829966,9797118
2010-06-04,95.471606,95.55996,94.600687,94.783273,56.450974,16888564
2010-06-07,95.055412,95.140503,94.444771,94.564683,56.335591,16189557
2010-06-08,94.526629,94.712582,93.773057,94.302915,56.184569,16153029
2010-06-09,94.33353,94.491737,92.996694,93.262463,55.569548,10275452
2010-06-10,93.605073,93.995967,93.214198,93.460325,55.692322,15645335
2010-06-11,93.46468,93.719575,92.623431,92.734743,55.264794,17286506
2010-06-14,92.56837,93.134273,92.192478,92.947523,55.40616,12647058
2010-06-15,92.858377,92.98844,91.957003,92.498104,55.143091,14695567
2010-06-16,92.540356,92.735882,92.031229,92.279312,55.017478,12310589
2010-06-17,92.365563,92.762422,92.23943,92.633604,55.233548,10377747
2010-06-18,92.40786,93.432499,92.110116,92.960157,55.433114,13756062
2010-06-21,93.127014,93.302758,92.029992,92.172462,54.977851,20763830
2010-06-22,92.141649,92.232712,91.108076,91.374682,54.506777,12978031
2010-06-23,91.665999,91.858505,89.616934,90.087745,53.743802,12937606
2010-06-24,90.18423,90.589143,89.762081,89.857114,53.610911,15478866
2010-06-25,89.991669,91.064077,89.710609,90.790316,54.172428,19117981
2010-06-28,90.877021,91.233158,90.211787,90.672006,54.116057,14763629
2010-06-29,90.805433,90.923629,89.882437,90.165326,53.818368,10429874
2010-06-30,90.316378,90.748568,90.105276,90.523207,54.036716,14626198
2010-07-01,90.561306,90.895731,89.810195,89.869498,53.651193,13436504
2010-07-02,90.135225,90.248558,89.268536,89.52722,53.451539,11524318
2010-07-06,89.14299,90.084332,89.084882,89.783491,53.623332,11201341
2010-07-07,89.74044,90.81395,89.12831,90.531307,54.074704,30600551
2010-07-08,90.388921,90.891036,90.235345,90.56281,54.09826,16761090
2010-07-09,90.444349,90.837549,90.150865,90.35958,53.981589,10966701
2010-07-12,90.353738,90.430718,90.013648,90.365518,53.999327,18439237
2010-07-13,90.204884,90.333496,89.599545,89.929752,53.743637,12552080
2010-07-14,89.99444,90.245532,88.713203,88.994928,53.189629,12383078
2010-07-15,88.572964,89.967834,88.379818,89.692801,53.611423,10948431
2010-07-16,89.637565,91.160944,89.192014,90.707009,54.222389,13454531
2010-07-19,90.499671,91.112712,90.333381,90.535815,54.13428,15222821
2010-07-20,90.693632,91.349656,90.529095,91.104994,54.479383,11954869
2010-07-21,91.060372,91.884002,90.830305,91.815736,54.909207,15818153
2010-07-22,92.109298,92.434803,91.133831,91.315463,54.61481,15143327
2010-07-23,91.020654,91.517154,90.732564,91.469167,54.711531,22977676
2010-07-26,91.731382,92.809816,91.626794,92.627912,55.419189,21482940
2010-07-27,92.559781,94.294955,92.508029,93.731249,56.084228,14349021
2010-07-28,93.554655,94.152898,92.672691,94.056621,56.283845,16801262
2010-07-29,94.19408,94.504547,92.911073,93.542308,55.980983,13912601
2010-07-30,93.565991,93.92441,93.133586,93.212084,55.788246,17892412
2010-08-02,92.904189,93.018606,92.300499,92.529091,55.394026,14626488
2010-08-03,92.600639,92.965736,92.416151,92.689828,55.495116,10007671
2010-08-04,93.088501,93.422596,90.641205,91.39017,54.721781,12069216
2010-08-05,91.231636,91.534396,90.882387,90.983647,54.48314,16399698
2010-08-06,91.175966,91.346486,90.597932,90.848443,54.406943,21927735
2010-08-09,90.107758,91.315804,89.735687,90.731711,54.351318,13808595
2010-08-10,90.380282,90.952218,90.267316,90.885744,54.448359,11618169
2010-08-11,90.820591,91.102522,90.31743,90.979076,54.509048,14437932
2010-08-12,90.951883,91.009123,90.213911,90.589994,54.28069,16409403
2010-08-13,90.382048,91.376717,90.219928,91.01538,54.540355,11014636
2010-08-16,90.801521,91.155956,90.725302,90.951496,54.5164,15126574
2010-08-17,91.178416,91.553643,90.957228,91.287738,54.722738,21468685
2010-08-18,91.448612,92.858726,91.28349,92.468157,55.435201,21037698
2010-08-19,92.351304,93.677757,91.654795,93.513834,56.067002,17812726
2010-08-20,93.48156,93.55718,92.037391,92.131978,55.243338,13825333
2010-08-23,92.513784,92.96568,91.746007,92.193541,55.294784,26855729
2010-08-24,91.813345,92.142245,91.489936,91.995552,55.18087,15453670
2010-08-25,91.978434,92.209621,91.707966,91.876867,55.114509,15233693
2010-08-26,91.687954,91.813287,91.397065,91.560013,54.929249,15732395
2010-08-27,91.291076,91.551899,91.191163,91.318748,54.789307,18855380
2010-08-30,91.336417,91.809398,90.967685,91.679901,55.020451,18995900
2010-08-31,91.48389,91.755897,90.805135,91.010125,54.623279,14882117
2010-09-01,90.807196,91.303038,89.356671,89.453514,53.693722,17733928
2010-09-02,89.166222,89.617143,88.781116,89.47606,53.711961,13550680
2010-09-03,89.189702,89.864287,89.084432,89.64191,53.816234,12841812
2010-09-07,89.718018,90.432415,89.52266,90.330979,54.248923,13229011
2010-09-08,90.824458,90.933965,88.919465,89.364683,53.673309,13281569
2010-09-09,89.41031,89.765099,88.656925,88.934249,53.419466,14336494
2010-09-10,88.983474,89.143876,88.012039,88.165323,52.962241,15313528
2010-09-13,88.757932,89.571733,88.251494,89.3242,53.672501,12242677
2010-09-14,88.858219,90.48704,88.567805,90.036894,54.10548,9783685
2010-09-15,90.050007,90.106187,89.359676,89.443226,53.753439,14202973
2010-09-16,89.086954,89.971573,88.827551,89.72445,53.927173,19462027
2010-09-17,89.790128,89.843833,89.406282,89.454062,53.769371,14556551
2010-09-20,89.319369,89.591003,88.986867,89.294395,53.687507,15679283
2010-09-21,89.225237,89.957781,88.809848,89.665942,53.91562,9013592
2010-09-22,89.523892,90.018013,89.234995,89.676645,53.92678,14150467
2010-09-23,89.638433,90.085952,89.525294,90.037132,54.148302,13597132
2010-09-24,89.768096,90.112677,89.540825,90.004383,54.133349,17537562
2010-09-27,90.246349,92.284333,90.101445,91.933736,55.308298,13371814
2010-09-28,91.826891,91.917302,91.410724,91.717974,55.183328,13328735
2010-09-29,92.013257,92.31861,90.541445,90.767527,54.616264,14811215
2010-09-30,90.387568,90.474018,89.310881,89.4286,53.815324,10059424
2010-10-01,89.274941,90.270755,88.827223,90.226193,54.300048,19574446
2010-10-04,90.593786,90.978322,89.9656,90.063152,54.216174,11985136
2010-10-05,90.257644,90.451282,89.249216,89.772892,54.046179,17388363
2010-10-06,89.838582,89.952489,88.640793,88.728024,53.421814,14464753
2010-10-07,88.683316,89.410867,88.168662,88.543159,53.315181,18129255
2010-10-08,88.328014,90.259149,88.095743,89.781608,54.065634,12368919
2010-10-11,89.913816,91.654021,89.262859,91.515205,55.124076,19011940
2010-10-12,90.85762,91.537494,90.680963,91.262695,54.976794,17605008
2010-10-13,91.051838,91.788733,91.011266,91.472898,55.108249,22661357
2010-10-14,91.250144,91.545247,91.037531,91.177727,54.935234,7886898
2010-10-15,90.957277,91.805826,90.766808,91.233359,54.973569,16709656
2010-10-18,91.073524,91.335272,91.014628,91.142917,54.933509,9883556
2010-10-19,91.447414,91.631639,90.648125,90.926119,54.807642,11524772
2010-10-20,90.718701,90.866386,90.058425,90.2153,54.383945,13573973
2010-10-21,90.264088,90.583365,89.792994,90.358393,54.474978,15669613
2010-10-22,90.54498,90.628362,89.447988,90.200327,54.384448,12468033
2010-10-25,90.165498,90.282935,88.171828,88.732697,53.513633,15874393
2010-10-26,88.543289,89.488152,88.426642,89.116556,53.749843,12473790
2010-10-27,89.144761,89.835796,89.037453,89.599559,54.045897,17075477
2010-10-28,89.493585,91.194858,88.865056,90.947601,54.863834,13754728
2010-10-29,90.503087,91.119259,90.379191,90.818572,54.790798,13212996
2010-11-01,90.390644,91.93203,89.656996,91.50726,55.220795,10780757
2010-11-02,91.0325,91.761457,90.668273,91.322872,55.114353,18036590
2010-11-03,91.056986,92.375343,90.652105,92.244863,55.675662,14171552
2010-11-04,92.05765,92.54895,91.996545,92.432357,55.793715,14325330
2010-11-05,92.132783,93.412744,91.839519,93.179274,56.249494,19456696
2010-11-08,92.849818,93.864446,92.584187,93.699547,56.578436,22646160
2010-11-09,93.67128,93.805328,93.261191,93.536281,56.4848,13773462
2010-11-10,93.970196,94.152958,92.250646,92.571114,55.906851,14737191
2010-11-11,92.847434,92.898937,92.585496,92.693566,55.985709,17436176
2010-11-12,92.258649,92.367449,90.820898,91.259827,55.124579,17163448
2010-11-15,91.741718,92.179729,91.202368,91.263621,55.141362,30105084
2010-11-16,91.279879,91.555591,90.829989,91.446033,55.256415,14088276
2010-11-17,91.4,92.064612,91.360814,91.956652,55.569826,17886473
2010-11-18,92.292437,92.62775,91.701063,92.046536,55.629017,23740066
2010-11-19,91.449526,91.683592,90.730736,91.21297,55.130075,9971429
2010-11-22,91.23868,91.350822,90.784807,91.109702,55.082134,21990557
2010-11-23,90.919833,91.098193,90.304034,90.557775,54.753253,11373684
2010-11-24,90.491071,92.110572,90.360137,91.996469,55.627993,9115459
2010-11-26,92.268803,92.326152,90.461193,90.724882,54.868709,6314703
2010-11-29,90.628941,91.454573,90.328156,90.907202,54.993425,20274856
2010-11-30,90.50238,90.879106,90.004718,90.611899,54.819587,16277441
2010-12-01,90.743594,91.102238,89.653643,90.05881,54.489746,11738785
2010-12-02,90.103632,90.376582,89.297451,89.816242,54.347742,11939768
2010-12-03,90.043559,90.134513,89.523964,89.830595,54.361189,17370367
2010-12-06,89.952016,90.302331,88.645838,88.965781,53.851997,11870484
2010-12-07,89.058899,89.647057,88.976922,89.036498,53.899525,12877802
2010-12-08,89.09421,89.275242,89.034371,89.172361,53.986501,15322621
2010-12-09,89.073589,89.9948,88.591031,89.788862,54.364505,11613859
2010-12-10,89.644822,89.840065,88.744708,89.529085,54.211967,11455216
2010-12-13,89.620058,89.917302,88.213106,88.647013,53.691962,18488914
2010-12-14,88.738342,88.799383,88.002733,88.073659,53.349365,17728809
2010-12-15,87.752484,88.642297,87.585655,88.238735,53.45404,16156196
2010-12-16,88.824657,89.362925,88.120884,88.552602,53.648877,23440662
2010-12-17,88.495472,88.56962,87.894604,88.29622,53.498237,15911442
2010-12-20,88.233772,89.196124,87.93371,88.239823,53.47812,24315473
2010-12-21,88.292878,89.433463,88.114695,89.141191,54.029132,12820138
2010-12-22,89.113258,90.099103,88.944803,89.88268,54.483327,18251749
2010-12-23,90.169903,91.532714,89.769894,91.078302,55.212903,10176033
2010-12-27,91.139336,91.312952,90.434796,90.497655,54.880136,18679221
2010-12-28,90.155238,91.762415,90.086279,91.653803,55.586124,24011834
2010-12-29,91.753756,92.201858,90.609781,90.780813,55.061497,16394697
2010-12-30,90.940707,91.094301,90.588503,90.916731,55.148767,14030977
2010-12-31,91.204024,91.522919,90.152255,90.275802,54.764787,14839636
2011-01-03,90.287489,91.248823,89.932567,90.899983,55.157935,15875803
2011-01-04,91.038222,91.329852,90.931915,90.969661,55.205052,18524772
2011-01-05,90.956029,92.174959,90.911015,91.959619,55.810698,9644914
2011-01-06,91.776734,93.074494,91.249729,92.821183,56.338521,16027760
2011-01-07,92.872425,93.517575,92.553253,93.338779,56.657643,15288892
2011-01-10,93.516432,94.418796,92.780385,94.103629,57.136931,16730064
2011-01-11,93.85997,95.169343,93.814205,94.875897,57.610876,13042449
2011-01-12,94.692327,95.339012,94.292345,94.97159,57.674036,16283983
2011-01-13,95.342255,96.079762,95.290723,95.898501,58.24203,11341781
2011-01-14,96.02805,96.14824,95.601001,95.702256,58.127937,16567290
2011-01-18,95.379732,96.003988,94.564939,95.177842,57.829679,18089440
2011-01-19,94.705613,95.125084,94.194127,94.833003,57.625205,12719759
2011-01-20,94.260836,95.848488,93.714151,95.025573,57.747279,10072998
2011-01-21,95.152881,95.281627,94.868669,95.099265,57.797125,22951914
2011-01-24,95.070135,96.350446,94.589042,95.851547,58.269642,14590063
2011-01-25,95.62432,96.559171,95.585044,96.275685,58.53261,20987468
2011-01-26,96.156984,97.765022,96.005983,97.218116,59.110757,9198081
2011-01-27,97.272667,97.493125,96.743322,97.404521,59.229284,15385006
2011-01-28,97.502402,98.036086,97.277523,97.647808,59.382424,37316229
2011-01-31,97.401807,98.146402,97.335387,97.814374,59.499354,17581334
2011-02-01,98.023702,98.613189,97.922701,98.490216,59.91571,26667916
2011-02-02,98.403896,99.044251,98.145737,98.54298,59.95306,29956796
2011-02-03,98.727012,99.221688,97.714126,97.858116,59.541609,10812499
2011-02-04,98.028177,98.814468,97.93673,98.244853,59.782156,16515371
2011-02-07,98.134753,98.8372,98.025813,98.618124,60.025066,19548375
2011-02-08,98.625374,98.797527,97.95758,98.350952,59.867694,16745846
2011-02-09,98.22003,98.554214,97.267072,97.583052,59.405466,14718212
2011-02-10,98.12474,98.651528,97.120606,97.211574,59.184507,6518622
2011-02-11,97.583084,98.122189,95.773859,96.044431,58.479048,13108789
2011-02-14,95.800136,97.170083,95.62209,96.866703,58.995213,16721493
2011-02-15,97.222849,97.559993,96.98563,97.51576,59.395715,11369385
2011-02-16,97.631508,98.583547,97.172402,98.371868,59.92241,13895772
2011-02-17,98.221611,99.556267,98.144981,99.407481,60.55855,17357907
2011-02-18,99.009155,100.072509,98.620287,99.561142,60.657474,16837964
2011-02-22,99.564491,100.026141,99.24796,99.554677,60.674795,17624951
2011-02-23,99.047717,99.752676,98.442592,99.679809,60.75638,12700069
2011-02-24,99.513147,100.690873,99.081942,100.358587,61.175465,21196868
2011-02-25,100.232868,101.29453,100.041806,101.084303,61.623238,15047858
2011-02-28,101.704454,101.917018,99.590871,99.797494,60.854763,16202481
2011-03-01,99.571392,101.570361,99.400131,101.226333,61.731452,15183399
2011-03-02,101.081641,101.838016,100.92196,101.299066,61.78122,14581783
2011-03-03,101.344246,102.475735,101.1085,101.956209,62.187453,29583637
2011-03-04,101.784432,102.896111,101.262744,102.366079,62.44292,16031654
2011-03-07,102.455963,102.641021,100.707497,100.786431,61.495502,15857248
2011-03-08,100.991273,101.131706,99.22832,99.602891,60.778682,7310350
2011-03-09,99.256488,99.612061,98.493702,99.074153,60.461337,12052960
2011-03-10,98.713635,99.939216,98.350647,99.87681,60.95651,9128773
2011-03-11,99.796027,100.080882,98.968781,99.197288,60.547091,22187848
2011-03-14,99.081499,99.196573,98.565102,98.819485,60.332346,11283772
2011-03-15,98.883963,99.058737,97.721283,98.330271,60.038926,9292232
2011-03-16,98.555653,98.907478,98.138398,98.205289,59.967867,13827737
2011-03-17,98.323421,98.497059,97.96927,98.077678,59.89519,18708344
2011-03-18,98.164559,99.225343,98.033671,99.109532,60.530638,18706946
2011-03-21,99.02502,99.110873,98.142236,98.464168,60.152293,12332358
2011-03-22,98.58563,99.227517,98.433866,98.595111,60.237564,10250713
2011-03-23,98.632675,99.475135,98.51616,99.07114,60.533701,9598851
2011-03-24,98.680957,99.335567,98.446164,99.193038,60.613493,14402481
2011-03-25,99.26935,99.430458,98.3213,98.411318,60.141079,19396245
2011-03-28,98.261365,98.52695,97.25189,97.29528,59.474676,16381451
2011-03-29,97.158799,97.601314,96.742329,97.328425,59.50015,17079835
2011-03-30,97.369639,98.021695,96.828211,97.795203,59.790745,12726209
2011-03-31,97.895701,97.99763,97.628638,97.950209,59.890761,14170217
2011-04-01,98.052324,98.552082,96.029751,96.220562,58.838339,13657347
2011-04-04,95.914214,96.296236,95.451869,96.223992,58.855903,14581503
2011-04-05,96.427583,96.79711,95.635747,95.868242,58.643444,20534018
2011-04-06,95.455783,95.908892,94.781099,95.04084,58.142409,10226801
2011-04-07,95.234267,95.396165,94.325659,94.684679,57.929598,8373548
2011-04-08,94.643736,94.891005,94.045695,94.162433,57.615127,11831314
2011-04-11,94.141604,94.757197,94.062621,94.384472,57.766167,14470437
2011-04-12,94.656598,95.502575,94.520556,95.024703,58.163104,17637660
2011-04-13,94.663517,94.79026,94.442473,94.63677,57.930731,13658778
2011-04-14,95.018381,95.162957,94.485127,94.575075,57.898038,12642673
2011-04-15,94.935649,95.008061,93.006477,93.375923,57.168936,29390872
2011-04-18,93.473149,94.168146,93.350023,93.513416,57.268165,16934930
2011-04-19,93.833064,93.918433,93.061115,93.380246,57.191622,22738105
2011-04-20,93.409872,94.16821,93.022642,93.829404,57.471747,18432859
2011-04-21,93.727696,94.088438,93.140879,93.512538,57.282681,19289286
2011-04-25,93.895538,94.485682,93.778646,93.901316,57.540995,7213511
2011-04-26,93.890536,95.534235,93.840694,95.026974,58.235879,12563976
2011-04-27,95.258719,95.732888,94.152716,94.232045,57.753779,9502475
2011-04-28,94.190654,95.087086,94.127602,94.6486,58.014163,17067504
2011-04-29,94.592447,96.132943,94.429994,95.482437,58.530385,17030656
2011-05-02,95.320635,95.612625,95.087203,95.149048,58.341351,14845000
2011-05-03,95.280316,95.426321,94.619788,94.730079,58.089546,13088259
2011-05-04,94.746006,94.868482,94.082728,94.393237,57.888062,15551093
2011-05-05,94.241931,94.725658,93.960732,94.601659,58.020963,16989758
2011-05-06,94.359459,94.575153,93.618676,93.779743,57.521906,20319517
2011-05-09,93.575208,94.014073,93.05549,93.73885,57.511938,16811949
2011-05-10,94.225268,94.317765,92.087132,92.324118,56.648914,22646655
2011-05-11,92.39716,92.716243,92.196081,92.587122,56.815268,19226683
2011-05-12,92.650148,92.817697,92.229777,92.687142,56.881628,15949785
2011-05-13,92.577452,93.075841,92.251963,92.965575,57.057499,12989701
2011-05-16,93.055567,93.264175,91.854336,92.105039,56.544206,11984786
2011-05-17,92.407789,92.466897,90.764997,91.015935,55.88049,10555517
2011-05-18,91.186437,91.508827,90.480186,90.73894,55.715306,13268264
2011-05-19,91.123051,92.006963,91.033914,91.615409,56.258402,16391809
2011-05-20,91.326669,91.495252,90.669168,91.029081,55.903252,12178141
2011-05-23,90.843871,91.341282,90.687365,91.182687,56.012306,12227856
2011-05-24,91.063053,91.918393,90.952285,91.40988,56.156787,17660773
2011-05-25,91.467023,91.82268,91.244377,91.531062,56.236161,22052546
2011-05-26,91.449574,92.454534,91.044753,91.771306,56.388705,20968592
2011-05-27,91.617772,92.164086,91.40616,91.886421,56.464384,19255838
2011-05-31,92.083761,92.978884,92.041096,92.242994,56.703367,10121038
2011-06-01,91.920902,92.231712,91.67021,91.916973,56.507906,14459990
2011-06-02,92.154877,92.335755,90.53791,90.631828,55.722718,10045397
2011-06-03,90.992204,91.551363,90.250407,91.418265,56.211164,14894819
2011-06-06,91.242493,91.528795,90.640934,90.838119,55.869127,17748438
2011-06-07,90.427658,91.743173,90.345253,91.47903,56.268242,22910834
2011-06-08,91.575143,91.782368,90.602085,91.194637,56.098229,21418153
2011-06-09,91.172356,91.9042,90.273733,90.827278,55.877143,12195627
2011-06-10,90.803521,90.913257,90.765018,90.824756,55.880488,11006520
2011-06-13,90.54129,91.88573,90.107395,91.390789,56.243524,19992076
2011-06-14,91.649486,92.10739,90.627837,90.981251,55.996392,20696479
2011-06-15,90.776225,92.109447,90.621032,91.854497,56.538804,13927873
2011-06-16,91.969523,92.259989,91.492581,91.820877,56.523062,8824179
2011-06-17,91.820479,92.041195,91.67622,91.942904,56.603138,17847834
2011-06-20,91.875686,93.024772,91.618422,92.726732,57.100694,25692071
2011-06-21,92.717923,93.040499,90.820837,91.171975,56.148201,12408580
2011-06-22,91.379757,91.773565,90.950988,91.639745,56.441222,12846652
2011-06-23,91.490752,91.682705,91.03338,91.073938,56.097654,16347323
2011-06-24,91.233151,91.622517,89.657663,89.763238,55.295163,23419867
2011-06-27,90.170059,90.403725,89.373085,89.41808,55.097022,13381205
2011-06-28,89.318662,89.476234,88.152628,88.597959,54.596468,16963531
2011-06-29,88.683686,89.058232,87.607011,88.0492,54.263062,8918901
2011-06-30,88.123393,88.185517,87.039404,87.157406,53.718172,12538669
2011-07-01,87.367384,87.45738,87.123765,87.285662,53.801934,22091197
2011-07-05,87.209211,88.964529,86.951284,88.401125,54.508592,10724628
2011-07-06,88.21416,89.809263,87.873085,89.698863,55.31363,10466091
2011-07-07,89.731172,90.460163,89.477244,90.21639,55.637642,12679293
2011-07-08,90.004137,90.354782,89.923704,90.218798,55.644002,29375331
2011-07-11,90.192496,90.423639,89.9669,90.362028,55.746992,26785788
2011-07-12,90.316991,90.410141,89.945313,89.987785,55.520974,16910887
2011-07-13,89.754129,90.146259,89.535798,89.983597,55.523254,17709588
2011-07-14,90.072556,90.93463,89.743187,90.453997,55.818399,10459856
2011-07-15,90.811303,91.195556,90.299683,90.649784,55.944119,11695473
2011-07-18,90.455922,92.659454,90.223805,92.035827,56.81444,11260977
2011-07-19,92.089445,92.268214,91.599914,91.641907,56.576226,10973742
2011-07-20,91.395934,91.980303,91.222819,91.641957,56.581215,8815703
2011-07-21,91.710003,91.991707,91.28146,91.68914,56.615306,18883095
2011-07-22,91.815775,92.625482,91.589375,92.277141,56.983371,12533050
2011-07-25,92.015171,92.075596,91.440464,91.813591,56.712022,24383945
2011-07-26,91.896359,92.254527,91.614748,91.807214,56.713051,15826792
2011-07-27,91.705493,92.283893,91.536461,91.969576,56.818327,13426910
2011-07-28,92.136196,92.467854,91.372272,91.716918,56.6672,7822609
2011-07-29,91.832271,92.074448,91.532326,91.747936,56.691331,22274201
2011-08-01,91.867576,92.773525,91.719951,92.482237,57.16008,18846821
2011-08-02,92.571691,92.903033,92.43236,92.59655,57.235747,12638447
2011-08-03,92.641557,92.796979,92.599622,92.74379,57.331781,15266864
2011-08-04,92.445949,92.850835,91.9596,92.009336,56.882744,11675700
2011-08-05,91.845787,92.246972,90.949181,91.566457,56.613904,15428835
2011-08-08,91.373883,92.342622,91.061402,92.181434,57.009115,19005765
2011-08-09,91.792831,93.11809,91.421561,92.358054,57.123349,12333643
2011-08-10,92.133411,92.550056,91.808956,92.381057,57.142583,17884356
2011-08-11,91.962928,92.230994,91.883208,92.130396,56.992529,10839506
2011-08-12,92.397177,92.760726,91.040097,91.345325,56.511829,14932968
2011-08-15,91.473672,92.723171,91.195089,92.062608,56.970556,11400954
2011-08-16,92.178614,92.232623,91.024867,91.358268,56.539647,12567731
2011-08-17,91.253255,92.589445,90.973889,92.289584,57.121022,15314439
2011-08-18,92.606188,92.662506,90.996672,91.230086,56.470212,16431229
2011-08-19,91.402024,91.785198,89.994147,90.345147,55.927346,20058265
2011-08-22,90.37418,90.506419,90.241326,90.294871,55.910917,19249428
2011-08-23,90.317287,90.940322,90.19473,90.58101,56.093009,26506761
2011-08-24,90.853733,91.324932,90.451923,91.162167,56.457841,13794509
2011-08-25,91.643324,92.350397,91.557954,91.963826,56.959308,20283645
2011-08-26,91.870691,92.670682,91.464495,92.429639,57.252833,17656115
2011-08-29,92.242322,92.488242,91.512415,91.860815,56.915449,12142014
2011-08-30,91.870117,92.744692,91.736255,92.228311,57.14815,14168979
2011-08-31,92.073752,92.23885,91.529282,91.773699,56.871437,18568783
2011-09-01,91.413109,92.370249,90.76634,91.878012,56.941068,18776367
2011-09-02,92.015061,92.435012,91.80088,92.025341,57.037371,21634463
2011-09-06,91.71106,91.796239,90.154531,90.64649,56.202451,6732443
2011-09-07,90.064627,91.34057,89.862576,90.833753,56.323492,12000791
2011-09-08,90.822181,91.286075,90.753444,90.87009,56.350961,13225921
2011-09-09,90.880469,91.086715,90.646469,90.912395,56.382134,11379255
2011-09-12,91.07222,91.675699,90.857109,91.083209,56.502919,15819262
2011-09-13,90.777017,91.65133,90.582674,91.350927,56.673961,16203532
2011-09-14,91.230865,92.239563,91.121673,91.886357,57.011136,18804492
2011-09-15,92.137675,92.520138,91.706446,91.776587,56.948018,19038784
2011-09-16,91.793132,91.911162,90.516618,90.765524,56.32558,14277463
2011-09-19,90.772462,91.42947,90.639472,91.180457,56.597946,14041636
2011-09-20,91.096731,91.341002,90.634486,90.816466,56.376947,12685103
2011-09-21,90.706448,92.791251,90.310044,92.097297,57.177068,12180710
2011-09-22,92.232635,92.995129,92.100768,92.625932,57.510301,19689388
2011-09-23,92.553863,92.820566,91.746965,92.159186,57.225518,13148783
2011-09-26,92.239357,92.333972,91.59046,91.929154,57.097686,12447864
2011-09-27,91.691974,91.960092,91.468174,91.815341,57.031993,14499292
2011-09-28,91.963033,92.238642,90.659517,90.730912,56.363327,23815979
2011-09-29,90.93261,91.109568,90.576821,90.959467,56.510259,16612521
2011-09-30,91.054568,91.347774,90.735332,91.20833,56.669835,9726948
2011-10-03,91.298664,91.801443,91.137397,91.73794,57.013877,12304890
2011-10-04,91.729787,92.492492,91.516367,92.429603,57.448769,22768647
2011-10-05,92.280744,93.643388,92.057264,93.415133,58.066403,11084923
2011-10-06,93.386795,94.046327,92.924916,93.715176,58.258012,16555660
2011-10-07,93.89092,94.017244,92.060504,92.477174,57.493446,12790850
2011-10-10,92.343914,92.524457,92.304949,92.436819,57.483463,11729300
2011-10-11,92.40318,93.212508,92.318312,93.023811,57.853563,11972490
2011-10-12,93.177043,93.88021,92.970263,93.561918,58.193322,10731556
2011-10-13,93.566716,94.181277,93.142741,94.063946,58.510697,15148690
2011-10-14,94.691171,94.994722,94.452836,94.745967,58.940099,14134623
2011-10-17,94.749696,95.960515,94.573643,95.391259,59.357125,11994756
2011-10-18,95.114827,95.627376,94.644698,95.572757,59.475272,28828849
2011-10-19,95.317103,97.098963,95.202383,96.430835,60.014515,6580732
2011-10-20,96.492858,96.576312,96.136451,96.178398,59.862653,9209818
2011-10-21,96.282771,96.570965,94.769,95.512285,59.453265,9437651
2011-10-24,95.404453,96.248791,94.598824,94.700513,58.963459,10879997
2011-10-25,94.615008,95.428616,94.514548,95.162,59.255986,10668334
2011-10-26,94.970265,95.890529,94.612473,95.293848,59.343285,15711774
2011-10-27,95.207389,95.875789,94.897391,95.381054,59.402796,15912525
2011-10-28,95.617931,95.719806,94.321885,94.742932,59.010546,14651857
2011-10-31,94.890542,94.995524,94.271682,94.636043,58.959465,7170368
2011-11-01,94.448993,95.370733,94.049872,95.143129,59.28058,11923126
2011-11-02,95.466512,95.697595,94.51571,94.852479,59.104664,15035041
2011-11-03,94.893128,95.991203,94.589629,95.452209,59.48358,11688108
2011-11-04,95.710992,96.071769,95.341835,95.910459,59.774387,12673527
2011-11-07,95.897183,96.804941,95.599817,96.524355,60.172799,26934138
2011-11-08,96.492503,96.858684,95.368105,95.409615,59.483087,10089077
2011-11-09,95.536552,96.118853,95.279705,95.936438,59.816775,24923668
2011-11-10,95.854911,97.102031,95.696072,97.034232,60.506555,16397769
2011-11-11,96.642458,96.704661,96.134735,96.609516,60.246998,24589745
2011-11-14,96.674019,97.324449,96.335249,96.430283,60.151033,16422183
2011-11-15,96.532622,97.022193,96.402501,96.4496,60.168354,11465611
2011-11-16,96.617586,96.761465,96.025207,96.233896,60.039051,16877348
2011-11-17,96.256692,97.107859,95.897505,96.853799,60.431094,12277565
2011-11-18,96.7505,97.96053,96.396182,97.514092,60.848409,9356566
2011-11-21,97.452469,98.30432,97.187982,97.651628,60.950249,15510909
2011-11-22,97.667754,97.843214,96.334583,96.619065,60.311048,13406207
2011-11-23,96.718947,97.250492,96.599419,96.87525,60.476261,19062655
2011-11-25,96.987555,97.366382,96.439268,96.794948,60.436719,11444899
2011-11-28,97.043397,97.839283,96.949619,97.631086,60.97481,9296618
2011-11-29,97.304419,97.356967,96.665791,97.008204,60.591102,14510461
2011-11-30,97.130158,97.238313,96.182202,96.482601,60.268092,20215284
2011-12-01,96.348513,96.560926,96.268761,96.494405,60.280746,10667900
2011-12-02,96.574708,96.649949,96.297464,96.524105,60.304583,10335894
2011-12-05,96.513728,97.47531,96.136288,97.342844,60.832086,15696140
2011-12-06,97.456353,98.502244,97.305171,98.256112,61.408191,10627257
2011-12-07,97.949461,98.528607,97.724397,98.158533,61.352581,20596300
2011-12-08,98.066589,98.823446,97.82891,98.702409,61.697929,14685562
2011-12-09,98.887563,99.362563,98.744934,99.204132,62.016984,20696173
2011-12-12,99.539927,100.464033,99.442922,100.129709,62.612058,12395383
2011-12-13,100.328205,100.995595,100.206564,100.614754,62.920874,17109078
2011-12-14,100.785502,101.203068,100.580998,100.93727,63.128094,21063234
2011-12-15,101.037019,102.037852,100.880037,101.797047,63.671393,21082972
2011-12-16,101.649017,102.600626,101.450219,102.409136,64.059851,12786684
2011-12-19,102.706603,103.347979,101.594521,101.931685,63.777953,17992178
2011-12-20,102.217938,102.692374,101.63702,102.586631,64.193372,27732073
2011-12-21,102.329015,103.020768,102.030974,102.673935,64.253631,13272454
2011-12-22,102.893147,103.004606,101.767791,101.913882,63.783576,25704225
2011-12-23,101.995727,102.275037,100.235866,100.449239,62.872425,9882318
2011-12-27,100.257101,100.653064,99.875826,100.106378,62.679787,10905056
2011-12-28,100.332599,100.468189,99.256646,99.560694,62.343579,11692911
2011-12-29,99.991857,100.062939,98.79888,99.006725,62.002122,16667695
2011-12-30,98.872627,98.991925,98.703329,98.781167,61.866288,17623723
2012-01-03,98.357036,100.249454,97.719356,99.795716,62.523604,9187454
2012-01-04,99.618303,100.11962,99.533677,99.716512,62.479455,15169462
2012-01-05,99.598234,99.684571,98.996625,99.05892,62.072865,14683311
2012-01-06,99.332277,99.801783,99.057463,99.531591,62.374517,13858794
2012-01-09,99.382974,99.517966,99.011991,99.348897,62.276393,12152859
2012-01-10,99.294745,99.387492,97.815025,98.249932,61.592907,19146944
2012-01-11,98.117396,99.332233,97.731829,99.027139,62.085578,13492784
2012-01-12,98.918235,98.971218,98.623409,98.852897,61.981766,18756490
2012-01-13,98.780853,99.306614,98.640004,98.839546,61.978825,22704043
2012-01-17,98.4908,99.692527,97.913629,98.593682,61.846322,14740517
2012-01-18,98.526339,99.034119,98.195484,98.764572,61.958947,9552044
2012-01-19,98.383036,99.717279,98.034434,99.647114,62.518078,12770448
2012-01-20,99.579454,99.754829,99.204737,99.274063,62.289485,19800798
2012-01-23,99.129151,99.28406,98.712594,98.896337,62.068792,18879863
2012-01-24,98.979822,99.138733,98.795872,98.913967,62.085296,12184081
2012-01-25,99.016263,99.555922,98.275058,98.623301,61.908277,23477644
2012-01-26,98.970198,99.666378,98.584629,99.054432,62.184356,24269042
2012-01-27,99.167241,99.554122,98.649218,98.731938,61.987332,22216331
2012-01-30,98.375153,99.670897,97.758871,99.525589,62.502039,15945684
2012-01-31,99.036471,99.234582,98.639717,98.880198,62.102175,19310625
2012-02-01,99.209189,99.758997,98.037654,98.089322,61.610858,14540526
2012-02-02,97.939858,99.211811,97.646016,98.885918,62.11665,9820224
2012-02-03,99.002111,99.423735,98.911354,99.000451,62.194044,17180255
2012-02-06,99.141731,99.267458,98.762998,99.18447,62.326028,13614027
2012-02-07,99.295478,100.093982,99.064097,99.737749,62.679191,13667856
2012-02-08,99.24027,100.241313,98.948888,99.970583,62.831018,11075038
2012-02-09,100.065834,100.15137,99.236874,99.539034,62.565273,13595673
2012-02-10,99.873407,99.993476,97.302232,97.780981,61.465633,16263711
2012-02-13,97.552062,98.730373,97.17541,98.464313,61.911449,15452748
2012-02-14,98.576865,99.162665,97.686655,97.837369,61.522635,13528904
2012-02-15,97.806463,97.848021,97.532426,97.782138,61.493292,11246664
2012-02-16,97.790251,98.24188,96.835218,97.56644,61.363019,20833935
2012-02-17,97.342197,97.640054,97.100298,97.392329,61.258882,20908028
2012-02-21,97.402947,98.342556,97.182788,97.237215,61.182754,24705638
2012-02-22,97.30441,97.425384,97.264285,97.322561,61.24182,16416321
2012-02-23,97.416489,97.678685,96.597093,97.017814,61.055402,14516521
2012-02-24,96.829063,97.821265,96.526629,97.054405,61.083781,12767509
2012-02-27,97.085475,97.534556,96.711933,97.442314,61.344043,10094653
2012-02-28,97.24367,97.355931,96.784187,96.961662,61.0468,11688131
2012-02-29,96.494018,97.85327,96.258689,97.689217,61.510255,17323216
2012-03-01,97.76395,97.803167,96.754221,97.311606,61.27786,15432862
2012-03-02,97.222038,97.600204,96.906155,97.211776,61.22036,15371676
2012-03-05,97.114745,97.214975,96.231909,96.384149,60.715107,15571928
2012-03-06,96.593445,96.892825,96.098746,96.191066,60.598788,11160784
2012-03-07,96.579126,97.883789,96.480279,97.716869,61.565412,15320755
2012-03-08,98.022358,98.626203,97.672982,97.825989,61.639561,11571414
2012-03-09,98.125835,98.402798,97.218301,97.635735,61.525074,9289023
2012-03-12,97.881371,98.306279,96.655609,96.861574,61.053282,14345296
2012-03-13,97.084327,98.319807,96.724743,97.589243,61.517331,12828405
2012-03-14,97.688657,97.880351,96.355142,96.466999,60.81523,24441097
2012-03-15,96.671359,96.954148,95.837716,96.289236,60.708483,11115424
2012-03-16,96.359563,96.548945,95.702998,96.123257,60.609146,14836481
2012-03-19,95.722215,96.585678,95.278571,95.814365,60.430259,16030279
2012-03-20,95.764981,95.922013,94.688083,94.91665,59.869314,17171946
2012-03-21,95.067977,95.661911,94.99277,95.549162,60.273556,9717615
2012-03-22,95.95513,96.091439,94.788859,95.166714,60.037563,17504725
2012-03-23,95.11748,95.251183,94.739923,95.039143,59.962336,12663928
2012-03-26,94.839599,95.241066,94.601713,95.176878,60.065021,19442656
2012-03-27,94.909907,95.190439,94.812394,95.008471,59.963995,17893446
2012-03-28,94.802539,95.259105,94.675855,95.014727,59.973197,10038186
2012-03-29,94.6025,95.16574,94.185667,95.072031,60.014625,15339526
2012-03-30,95.303676,95.502895,93.564767,93.879838,59.26724,31136697
2012-04-02,93.536355,94.230011,93.110494,94.081011,59.409856,12473267
2012-04-03,93.749626,95.657884,93.378588,95.339298,60.209708,10712131
2012-04-04,95.364206,95.411821,94.669295,94.778586,59.860845,11861994
2012-04-05,94.631754,94.994223,93.86424,94.128198,59.455278,11130928
2012-04-09,93.925252,94.375706,93.437018,93.522591,59.093457,12494690
2012-04-10,93.650138,93.963966,92.207094,92.719341,58.591046,15895594
2012-04-11,93.124134,93.72282,92.795153,93.147747,58.86692,14169925
2012-04-12,93.096918,93.545345,91.977305,92.741204,58.615131,10390329
2012-04-13,92.771293,93.136067,92.39354,92.523609,58.482728,13038184
2012-04-16,92.53342,93.382286,92.179048,93.007783,58.804221,13783094
2012-04-17,93.10594,93.250472,92.370375,92.966872,58.783505,10104924
2012-04-18,93.118988,93.713885,93.030539,93.180672,58.923854,28150264
2012-04-19,92.894203,93.749761,92.376919,93.562372,59.17041,17766347
2012-04-20,93.749131,93.931786,92.802654,93.228609,58.964498,7560725
2012-04-23,93.42009,93.62492,93.322237,93.423483,59.103283,15264640
2012-04-24,93.295928,93.334126,92.055711,92.339904,58.422888,13866344
2012-04-25,92.489536,93.344143,92.046302,93.057986,58.882373,16029176
2012-04-26,93.225031,93.752524,92.659595,92.830899,58.743829,18552512
2012-04-27,92.805033,94.363894,92.736778,93.98982,59.482411,20036554
2012-04-30,93.845952,94.035141,93.606262,93.972337,59.48698,10865831
2012-05-01,93.875152,93.934238,93.557073,93.803872,59.38554,16942033
2012-05-02,93.822849,94.701683,93.652193,94.550563,59.863501,10791272
2012-05-03,94.502069,95.34041,94.430974,94.906672,60.094231,19113382
2012-05-04,95.047608,95.397348,94.35959,94.72414,59.983909,11590057
2012-05-07,94.694125,95.460563,94.399191,95.101395,60.238636,14957334
2012-05-08,95.123615,95.474769,94.268545,94.556892,59.898987,15832050
2012-05-09,94.443833,95.708052,94.393658,95.590127,60.558816,11360985
2012-05-10,95.537203,96.510575,95.450169,96.170606,60.931902,21882836
2012-05-11,96.111742,97.544487,95.896212,96.61318,61.217672,14446640
2012-05-14,96.628497,97.188857,95.770327,96.229972,60.990886,13482245
2012-05-15,96.122912,96.688762,96.081505,96.641453,61.257051,16387701
2012-05-16,96.7309,96.905025,96.360127,96.787875,61.355237,12396320
2012-05-17,97.083501,97.47377,95.94939,96.131297,60.944361,8062366
2012-05-18,96.386434,97.152337,96.128902,97.09831,61.562812,11924716
2012-05-21,96.899401,96.985824,95.68454,96.052278,60.91561,10913334
2012-05-22,95.790126,96.723127,95.35894,96.640385,61.293952,13749982
2012-05-23,96.675545,97.259422,96.329525,97.008076,61.53255,7549207
2012-05-24,96.909169,97.285507,95.814434,96.478558,61.202037,14188062
2012-05-25,96.266172,97.650744,96.051547,96.783429,61.400814,24205806
2012-05-29,96.928337,97.003442,95.596495,96.017802,60.93644,20162723
2012-05-30,95.95925,96.354311,95.696938,96.059296,60.968115,28487289
2012-05-31,95.708676,96.701745,95.603093,96.341512,61.152592,12510147
2012-06-01,96.34509,96.496206,95.807086,95.882121,60.866327,10197887
2012-06-04,95.593882,96.442601,95.438253,96.167114,61.063289,17628961
2012-06-05,96.149574,96.478429,95.73437,96.348108,61.183576,16611890
2012-06-06,95.936095,96.07188,95.645287,95.988542,60.960582,24020047
2012-06-07,95.924695,96.492706,95.624831,96.13888,61.061409,13242134
2012-06-08,96.199913,96.885636,95.935837,96.515498,61.305984,10675543
2012-06-11,96.31458,96.847109,96.250266,96.641872,61.402392,19081447
2012-06-12,96.726889,98.526191,96.593793,98.298661,62.460521,15895936
2012-06-13,98.056834,99.49881,97.930542,98.912931,62.856345,17168260
2012-06-14,99.268017,99.951515,99.148309,99.330049,63.126942,16711733
2012-06-15,98.916244,99.251706,98.742009,98.959415,62.896905,17249375
2012-06-18,99.100007,99.575395,98.131546,98.514948,62.630868,16555376
2012-06-19,98.593266,98.703848,97.888102,98.56835,62.670309,19300662
2012-06-20,98.705829,99.20626,96.560075,97.338765,61.893954,12073555
2012-06-21,97.046551,98.763044,96.773648,98.532887,62.658739,13911064
2012-06-22,99.062338,99.412249,98.190348,98.492944,62.638827,13842675
2012-06-25,98.472525,98.993326,98.362541,98.453751,62.63036,12084469
2012-06-26,98.552983,98.953882,97.675835,97.772849,62.202661,13483838
2012-06-27,97.930862,97.976007,97.555846,97.913956,62.29789,12877712
2012-06-28,97.697763,98.589187,97.437421,97.980786,62.345873,12700036
2012-06-29,98.052452,98.66717,97.024365,97.255856,61.890017,12472065
2012-07-02,96.899496,97.455344,95.823597,96.305703,61.301485,23344510
2012-07-03,96.15804,96.430319,96.029249,96.262323,61.27924,20670921
2012-07-05,95.91164,96.533692,95.13073,95.428546,60.759115,18408071
2012-07-06,95.695653,95.817206,94.93807,95.492088,60.804899,13805039
2012-07-09,95.066288,96.970924,94.594619,96.455007,61.434186,16288454
2012-07-10,96.45655,97.519282,95.570531,96.907817,61.727998,11054142
2012-07-11,96.602404,97.601436,95.809475,97.113127,61.864195,14250281
2012-07-12,96.64361,97.861335,96.013469,97.450818,62.084754,16478974
2012-07-13,97.597775,98.069592,97.40734,97.751928,62.282044,17203551
2012-07-16,97.904407,98.830126,97.094347,98.262207,62.623623,13342114
2012-07-17,98.279026,98.330185,97.63371,98.100702,62.526172,11864843
2012-07-18,98.202521,98.320205,97.747459,97.990162,62.461189,16580132
2012-07-19,98.10117,99.123938,97.761641,98.894438,63.043119,15149114
2012-07-20,99.248889,99.965708,98.645189,99.884149,63.679617,12245792
2012-07-23,100.768489,101.323027,100.122479,101.132943,64.492716,21403199
2012-07-24,100.216297,104.844063,100.096008,104.629975,66.728627,22338436
2012-07-25,104.528195,105.130458,104.088862,104.433155,66.608939,22922314
2012-07-26,104.613013,104.956462,104.10485,104.787844,66.84102,8730377
2012-07-27,104.418032,107.478721,104.17908,106.466547,67.917764,28469022
2012-07-30,106.324653,106.568925,105.235211,105.443916,67.283084,25681139
2012-07-31,105.339158,105.48654,104.109532,104.78354,66.86756,15283299
2012-08-01,104.31215,104.614776,103.999232,104.151427,66.470001,13783745
2012-08-02,104.654887,104.706038,102.533679,102.630337,65.504972,18471741
2012-08-03,102.262393,102.910716,101.317266,102.695636,65.552392,18414269
2012-08-06,102.608182,103.947234,102.121021,103.056139,65.7998,11054224
2012-08-07,103.246436,103.560872,102.32148,102.511916,65.458056,18172277
2012-08-08,102.609806,103.403569,102.48798,103.219327,65.915542,18950943
2012-08-09,103.474361,104.00981,102.212667,102.803677,65.655861,14579350
2012-08-10,103.026334,103.858364,102.789832,103.44831,66.073346,18758793
2012-08-13,103.667623,105.235259,103.527503,105.022313,67.096308,14125160
2012-08-14,104.975991,105.187984,103.931285,104.083337,66.502245,9115957
2012-08-15,104.580461,105.563953,103.818684,103.895885,66.388292,10569253
2012-08-16,104.058332,104.625949,102.639681,102.838859,65.718621,16386849
2012-08-17,103.349763,105.24878,102.361518,105.06492,67.147056,16522990
2012-08-20,104.592012,104.712188,103.029979,104.565317,66.845327,16481974
2012-08-21,105.036279,106.500845,104.920173,105.43236,67.405505,13959576
2012-08-22,105.126299,107.131287,105.055153,106.428676,68.048436,19688186
2012-08-23,106.567468,107.045034,105.421487,105.498798,67.4598,10583600
2012-08-24,105.5743,105.770217,105.504307,105.591953,67.525282,12467723
2012-08-27,105.816517,106.899632,105.240623,106.469346,68.104267,11199945
2012-08-28,106.34934,108.282502,106.097483,107.583119,68.822733,15984783
2012-08-29,107.420895,108.266936,106.406516,106.70707,68.268291,16107258
2012-08-30,106.517724,107.011715,106.344956,106.902761,68.399481,13400059
2012-08-31,106.837446,107.097046,106.714105,106.897605,68.402174,17636898
2012-09-04,106.638035,107.766922,106.464766,107.170356,68.60074,21874003
2012-09-05,106.398397,107.912675,106.284022,107.734195,68.9677,13083604
2012-09-06,108.127164,108.790226,107.959443,108.319288,69.348332,12115541
2012-09-07,108.357263,108.52853,105.839365,106.569566,68.234101,9370273
2012-09-10,106.264602,106.527831,105.101037,105.143984,67.339029,12504769
2012-09-11,105.117383,105.351583,103.843132,103.919261,66.560491,14147433
2012-09-12,104.12725,104.344915,102.841182,102.99019,65.971199,13544413
2012-09-13,102.875949,103.354929,101.72626,101.789168,65.207588,15161820
2012-09-14,101.87705,102.405632,100.254795,100.600956,64.452049,15464143
2012-09-17,101.346863,101.952521,101.198585,101.765885,65.215522,17851924
2012-09-18,101.635947,102.390918,101.558073,101.634179,65.136827,15484146
2012-09-19,101.998535,102.093215,101.907411,102.028173,65.395065,11669379
2012-09-20,101.356657,103.346293,100.893909,103.216373,66.162439,9444763
2012-09-21,103.380321,104.472411,103.163239,103.768847,66.522407,16141487
2012-09-24,103.405286,103.751264,101.772303,102.081848,65.458136,17398017
2012-09-25,101.954042,102.276219,100.346647,100.652942,64.54753,17575449
2012-09-26,101.006185,102.515327,100.830908,101.588493,65.153196,19857377
2012-09-27,102.042758,103.036367,101.659753,102.9034,66.002286,22517329
2012-09-28,103.246635,103.371223,101.764339,102.38005,65.672363,21663769
2012-10-01,102.97456,103.28634,102.085726,102.272573,65.620666,16000337
2012-10-02,102.534209,104.133955,102.119918,103.491345,66.408479,12198142
2012-10-03,103.277949,104.744567,102.88521,104.471453,67.04327,10332841
2012-10-04,104.180217,104.764326,103.085262,103.624578,66.505625,15001318
2012-10-05,103.616638,103.888232,102.953226,103.596182,66.493225,13598982
2012-10-08,103.464351,105.912924,103.388843,105.294058,67.600772,16842273
2012-10-09,105.657561,106.262006,104.941434,105.270934,67.591848,9140594
2012-10-10,104.945587,107.282335,104.899787,106.407286,68.327458,11016666
2012-10-11,106.083121,106.603591,104.750238,105.780838,67.931147,10349191
2012-10-12,105.572671,106.89239,105.433796,106.4817,68.387223,18834160
2012-10-15,106.098532,106.834365,105.832577,106.704329,68.548219,15348182
2012-10-16,105.915282,108.466458,105.627493,107.84744,69.288639,15214184
2012-10-17,107.864556,108.151609,107.506539,107.788628,69.256921,26194474
2012-10-18,107.624494,107.969176,107.1763,107.317017,68.959941,11308816
2012-10-19,107.56365,109.35282,107.016743,109.24176,70.202895,21418436
2012-10-22,109.391538,109.723724,108.40969,108.685784,69.863964,17701258
2012-10-23,108.582777,109.560761,107.502598,108.046346,69.459014,20536090
2012-10-24,107.803937,109.349583,107.485001,109.116228,70.152948,16795292
2012-10-25,109.494544,110.206612,108.572749,109.228631,70.231367,8220535
2012-10-26,109.247109,109.986151,108.171214,108.644709,69.862039,16737433
2012-10-29,108.766254,109.026584,108.326996,108.807439,69.985072,12378520
2012-10-30,108.726744,108.85639,108.360243,108.639589,69.883233,11662877
2012-10-31,108.26363,108.620171,107.878314,108.268503,69.650631,16631212
2012-11-01,107.946829,108.918728,107.165977,108.738783,69.959298,16127021
2012-11-02,108.674735,108.721534,108.497508,108.577911,69.861918,15090587
2012-11-05,108.7952,110.216859,108.688615,109.970638,70.776635,18868596
2012-11-06,109.889345,110.233637,109.124476,110.011327,70.809026,14863230
2012-11-07,109.896348,111.247949,109.138562,110.869561,71.367682,11288522
2012-11-08,111.332092,112.68328,111.106381,111.913392,72.045917,16769513
2012-11-09,111.510921,113.371681,111.264008,113.292026,72.939824,13311006
2012-11-12,113.592672,115.484305,113.433932,115.06911,74.103423,16995816
2012-11-13,115.234246,115.332255,115.024766,115.145861,74.159347,9941953
2012-11-14,115.080079,115.33139,114.65504,115.180656,74.188256,18472545
2012-11-15,115.533699,115.829206,114.312828,114.555974,73.79236,17089900
2012-11-16,114.383682,115.214617,114.166135,114.390651,73.692322,11924135
2012-11-19,114.66421,114.791946,113.826657,114.260844,73.628047,29494283
2012-11-20,114.306877,114.528068,113.510998,113.960521,73.440957,23258130
2012-11-21,113.820454,113.953682,113.360772,113.730763,73.299314,12393726
2012-11-23,113.710047,113.789941,112.803864,113.218743,72.982104,10177903
2012-11-26,113.508371,113.702785,112.562281,112.976715,72.845234,16269390
2012-11-27,112.94701,113.444429,112.356693,112.476513,72.529068,16039875
2012-11-28,112.405057,112.899409,112.072284,112.801879,72.745248,14377981
2012-11-29,113.282488,114.059667,111.519277,112.106355,72.303044,17994306
2012-11-30,112.110112,112.57687,111.256168,112.436562,72.522364,15971208
2012-12-03,112.638244,112.714611,112.025723,112.166416,72.367136,13456492
2012-12-04,112.531069,112.641916,112.381556,112.504779,72.5918,16985815
2012-12-05,112.208693,113.376889,111.910729,112.884118,72.842944,18015159
2012-12-06,112.577752,113.692198,112.419675,113.349631,73.149742,16054680
2012-12-07,113.077021,113.248046,112.38919,112.916773,72.876784,15447947
2012-12-10,112.971648,113.758662,112.781996,113.309545,73.149503,15336608
2012-12-11,112.992688,113.045273,110.796002,110.955479,71.636059,14032958
2012-12-12,111.395527,111.547997,110.873948,111.049776,71.703222,20015940
2012-12-13,111.037855,111.820968,110.404795,111.3871,71.927329,9265546
2012-12-14,111.010818,112.148056,110.328573,111.762744,72.176221,19380394
2012-12-17,111.301641,111.492819,110.688454,111.090221,71.760765,15853839
2012-12-18,111.359981,113.267596,111.065769,112.681392,72.794989,23310615
2012-12-19,113.027038,113.721786,112.200967,112.657638,72.78602,20305413
2012-12-20,112.737611,115.086104,112.601807,114.859743,74.215261,13523022
2012-12-21,115.391114,116.632749,113.743081,113.950353,73.63412,10333444
2012-12-24,114.250494,114.96478,113.965891,114.517825,74.02027,16079881
2012-12-26,114.77637,114.838267,112.59674,113.737109,73.528526,12986558
2012-12-27,114.064927,114.182351,113.306156,114.127453,73.787339,14634219
2012-12-28,114.375499,114.598243,112.697127,113.652143,73.486472,7213765
2012-12-31,113.507911,115.002795,113.062006,113.764953,73.578751,13230055
2013-01-02,113.965191,114.067103,113.097469,113.553794,73.455051,10569610
2013-01-03,113.103394,115.151718,112.73694,113.986048,73.741125,26675998
2013-01-04,113.700191,113.786236,113.435583,113.547119,73.463604,18815231
2013-01-07,113.554501,114.550803,111.974146,112.590601,72.863898,12400318
2013-01-08,112.567877,113.395876,111.442612,111.770734,72.339652,23597392
2013-01-09,112.158657,113.029572,109.530326,110.6302,71.607755,14376175
2013-01-10,110.634364,111.32599,109.480952,110.133001,71.292178,10909013
2013-01-11,110.351137,110.807081,109.491763,109.899446,71.147224,14439214
2013-01-14,109.573036,112.206115,109.308829,111.959036,72.499624,16959781
2013-01-15,112.182224,112.727886,109.723049,110.219323,71.379318,12867884
2013-01-16,110.685346,111.385019,110.375109,110.917718,71.8379,14585589
2013-01-17,110.993733,111.143237,110.135804,110.765958,71.745895,9366235
2013-01-18,110.590066,111.950895,109.571955,111.42257,72.177523,12746634
2013-01-22,111.39477,112.459123,109.24837,110.481147,71.592771,15932293
2013-01-23,110.44367,110.909339,109.926814,110.324332,71.497417,11447844
2013-01-24,109.991351,111.007604,109.842116,110.424228,71.568426,12790672
2013-01-25,110.080164,111.066267,109.547416,110.63622,71.712105,12209089
2013-01-28,110.508746,110.684295,109.746225,110.499514,71.642323,16490819
2013-01-29,110.183187,110.349389,107.595215,107.759393,69.871888,17799658
2013-01-30,107.541223,109.769383,107.146592,108.942618,70.645287,13024736
2013-01-31,109.262567,109.526846,106.80762,107.12731,69.474214,7909964
2013-02-01,107.340376,107.967115,106.59694,106.730727,69.223086,18370865
2013-02-04,106.488114,107.953965,105.772483,107.184593,69.535727,15901960
2013-02-05,107.083048,108.708196,106.019333,108.130716,70.155668,18590461
2013-02-06,108.340358,108.788403,107.65542,107.820039,69.960228,11231837
2013-02-07,107.831115,108.97614,107.625894,108.129122,70.166927,14215119
2013-02-08,107.776479,108.294527,107.482047,107.853461,69.994178,11810215
2013-02-11,107.338252,108.251095,106.697799,107.724861,69.929097,13984552
2013-02-12,107.745247,107.928936,104.841927,105.71366,68.629548,8685593
2013-02-13,105.089449,106.093124,104.612101,105.616475,68.572462,9137807
2013-02-14,105.666941,106.278265,105.443882,106.101422,68.893355,23600292
2013-02-15,106.415929,106.585441,106.075292,106.484667,69.148259,22350095
2013-02-19,106.630015,106.795458,106.269727,106.443922,69.146029,17197386
2013-02-20,106.449361,106.706475,106.203471,106.457055,69.160618,11095936
2013-02-21,106.92537,107.260313,104.897222,105.479258,68.531389,11278754
2013-02-22,105.609617,105.727425,104.866558,105.283036,68.409894,10947169
2013-02-25,105.328338,105.383026,105.118322,105.337821,68.463484,14402536
2013-02-26,105.580584,106.035713,104.196638,104.692075,68.049748,10994941
2013-02-27,104.720422,105.187542,103.883641,104.605164,67.999213,19026350
2013-02-28,104.174377,105.334294,103.958571,105.25851,68.42992,14261080
2013-03-01,105.203666,105.339717,103.930581,104.021632,67.631734,13514670
2013-03-04,103.966083,105.160002,103.77488,105.070941,68.331921,16818067
2013-03-05,104.810826,105.103339,103.9923,104.453114,67.936075,17040672
2013-03-06,104.172856,104.897555,103.943337,104.709809,68.108995,14575428
2013-03-07,105.039339,105.120287,103.731436,103.844906,67.552333,19351532
2013-03-08,103.781364,104.695672,103.661283,104.118563,67.736285,14747284
2013-03-11,104.488932,105.158598,103.007523,103.256069,67.192831,13623037
2013-03-12,103.556047,104.00545,103.424603,103.727751,67.505688,13723862
2013-03-13,103.840022,104.449014,102.761902,104.163231,67.795035,20205117
2013-03-14,104.265782,105.183349,103.685939,104.65556,68.121438,19637297
2013-03-15,104.905967,106.738342,104.59855,106.417706,69.274507,17370084
2013-03-18,105.622032,106.912228,105.567519,106.724766,69.492656,15265635
2013-03-19,107.316727,107.596659,106.058095,106.13858,69.117022,17881659
2013-03-20,106.092833,106.802853,105.787211,106.571326,69.404905,11155043
2013-03-21,106.558073,107.158708,105.985514,106.945038,69.654388,11967152
2013-03-22,106.886687,107.360925,106.831767,107.080039,69.748427,13288895
2013-03-25,107.081488,107.791796,105.864076,106.246503,69.22368,26019070
2013-03-26,106.512749,107.141172,105.670436,107.071443,69.767272,16050781
2013-03-27,107.141011,107.282848,106.292378,106.344169,69.299455,21181316
2013-03-28,106.84511,107.03764,105.086499,105.371236,68.671457,15218920
2013-04-01,105.561794,105.767686,104.76606,105.053411,68.488325,9988837
2013-04-02,105.117169,106.916536,104.951838,106.089879,69.170097,32951927
2013-04-03,106.463916,106.514636,105.535978,105.861428,69.027196,13403840
2013-04-04,105.573752,105.655036,105.272975,105.598582,68.861839,9831844
2013-04-05,105.774816,106.703093,105.504198,106.080146,69.181932,13125750
2013-04-08,105.939877,107.263158,105.56475,106.70421,69.607219,11904890
2013-04-09,106.530875,106.650436,105.119117,105.210212,68.63864,17681243
2013-04-10,105.38424,105.67202,104.472679,104.565948,68.224303,17606278
2013-04-11,104.360528,104.627519,104.105529,104.571308,68.233778,14626550
2013-04-12,104.486367,105.298993,104.417522,104.827175,68.406726,15596800
2013-04-15,104.824132,105.30738,104.5412,104.587255,68.268103,21347083
2013-04-16,105.106139,105.450731,103.024788,103.243528,67.396906,7763278
2013-04-17,103.133797,103.544951,102.944675,103.12619,67.326206,16543818
2013-04-18,103.194026,104.121729,103.144955,103.857575,67.809633,21279735
2013-04-19,103.990553,104.105165,103.217218,103.653318,67.682201,13641775
2013-04-22,103.933049,104.089882,103.319528,103.669249,67.710398,9901623
2013-04-23,103.898987,104.711666,103.514125,103.98018,67.919429,13534584
2013-04-24,104.1095,104.915991,103.970324,104.709026,68.401501,15770396
2013-04-25,104.669017,104.92576,103.633408,103.801489,67.81459,17555283
2013-04-26,103.596685,103.805819,102.738301,103.08795,67.354329,11833466
2013-04-29,103.057983,103.74069,102.079274,103.555692,67.677722,22790227
2013-04-30,103.848633,103.918634,102.357134,102.639506,67.084835,16329916
2013-05-01,103.040349,103.586171,102.365733,102.612457,67.073032,13648800
2013-05-02,102.617933,103.40066,102.431602,102.867713,67.245773,12030832
2013-05-03,102.999698,103.489153,102.130553,103.125179,67.419988,15276327
2013-05-06,103.131153,104.421367,102.99675,103.843198,67.907252,15846446
2013-05-07,103.87858,105.115028,103.274381,104.891373,68.598706,27676971
2013-05-08,104.874561,104.986526,103.956759,104.042294,68.049371,19608663
2013-05-09,104.10207,105.044699,103.277617,104.547541,68.385822,17673199
2013-05-10,104.467772,104.783879,103.06587,103.146538,67.47532,8652191
2013-05-13,103.210426,104.119,103.086419,103.7509,67.888516,14122991
2013-05-14,104.183326,104.610779,101.757087,102.240064,66.905775,15935852
2013-05-15,102.197459,104.19813,101.687541,104.060075,68.102755,13019565
2013-05-16,104.048918,104.352635,103.29749,103.412009,67.684553,8279421
2013-05-17,103.471547,103.923952,102.88928,103.074358,67.469467,32342765
2013-05-20,102.756122,103.18731,102.67458,103.022247,67.453083,10009746
2013-05-21,102.701159,102.817737,101.896659,102.492391,67.112044,18459875
2013-05-22,102.538896,102.943818,100.928807,101.363037,66.378357,12296885
2013-05-23,101.112387,101.426559,100.444656,100.816933,66.026521,15720208
2013-05-24,100.613575,102.172089,100.315373,101.803098,66.678217,26113497
2013-05-28,101.74516,102.585113,101.615269,102.076885,66.880974,19327562
2013-05-29,102.421676,102.847447,102.103085,102.146332,66.93234,18541500
2013-05-30,102.017464,102.478268,101.59598,102.292301,67.03386,11933032
2013-05-31,102.163594,103.8228,102.111495,103.665769,67.939868,12086688
2013-06-03,104.049247,104.944217,103.855857,104.810738,68.708308,10335240
2013-06-04,104.72077,104.875496,104.093147,104.385592,68.4356,25328965
2013-06-05,104.345007,104.987791,102.723676,103.014873,67.542869,25600277
2013-06-06,102.952917,103.109486,102.514767,103.018558,67.551203,13251032
2013-06-07,102.522644,103.6489,102.352252,103.395221,67.804128,13742488
2013-06-10,103.317866,103.525613,103.180099,103.370654,67.805837,12993552
2013-06-11,103.793389,103.972195,103.351549,103.696246,68.025369,10913319
2013-06-12,104.074703,104.192191,103.533025,103.911796,68.172743,13171046
2013-06-13,103.991426,104.123988,101.480614,102.140788,67.01672,15471583
2013-06-14,102.289996,102.754096,101.551932,102.466785,67.236504,16210022
2013-06-17,102.868457,104.08854,102.586162,103.718604,68.075811,8076001
2013-06-18,103.788633,104.377148,103.358642,103.45093,67.906072,12334778
2013-06-19,103.391735,105.365398,103.211759,105.060356,68.968555,18360777
2013-06-20,104.96344,106.187576,104.695516,105.955899,69.562543,14480989
2013-06-21,106.268315,106.343183,105.58783,105.764299,69.442837,17038561
2013-06-24,105.978845,106.612435,105.124642,105.810923,69.491712,20776841
2013-06-25,105.477031,105.699697,105.18752,105.437068,69.252248,13006944
2013-06-26,105.404972,106.749718,105.007957,106.515689,69.966828,12298342
2013-06-27,106.414583,106.783461,105.562695,106.41007,69.903574,19338847
2013-06-28,106.427779,107.533016,105.492398,107.400705,70.56053,18930628
2013-07-01,107.352205,107.402363,106.668979,106.809011,70.190243,22585610
2013-07-02,106.790838,106.965201,106.330572,106.427521,69.945671,23152128
2013-07-03,106.006486,106.496698,103.469951,103.940767,68.317327,13838822
2013-07-05,103.667655,104.203682,103.40434,103.58125,68.092957,14075555
2013-07-08,103.691056,104.213189,102.858709,103.088098,67.786579,17136230
2013-07-09,102.778306,102.961858,102.057452,102.413434,67.348848,11837519
2013-07-10,102.611371,103.070783,102.14224,102.978943,67.72667,11955271
2013-07-11,103.345668,103.781205,102.571043,102.638656,67.508785,10580448
2013-07-12,102.137127,102.843828,101.868889,102.001122,67.095337,10699029
2013-07-15,102.002669,102.278837,100.651001,100.827661,66.34088,14584331
2013-07-16,100.661915,100.797441,100.381894,100.723319,66.278033,11370096
2013-07-17,100.654114,101.529527,100.578833,100.794324,66.330567,23489721
2013-07-18,101.066315,101.225742,100.817954,101.143822,66.566396,10912608
2013-07-19,101.084691,101.414664,99.2589,99.365889,65.402004,11393462
2013-07-22,99.569654,100.109475,99.512941,99.704306,65.641999,19360335
2013-07-23,99.658805,100.127212,99.18341,99.400682,65.447836,20044749
2013-07-24,98.784492,99.73807,98.731583,99.5597,65.558281,20542787
2013-07-25,99.551938,99.799875,98.472308,98.517254,64.877533,13595356
2013-07-26,98.856632,99.181081,97.072421,97.265459,64.058788,13706212
2013-07-29,97.402445,97.52938,95.434153,96.113958,63.317052,16454735
2013-07-30,95.969626,96.094893,94.77886,95.189677,62.713657,10830246
2013-07-31,94.688435,94.842787,94.164911,94.259426,62.106222,11152666
2013-08-01,94.284151,94.688633,94.226089,94.411933,62.212157,16217385
2013-08-02,94.409522,95.150278,94.276741,95.109428,62.677258,13937777
2013-08-05,95.702658,95.853643,94.583942,94.671796,62.405258,18700271
2013-08-06,94.616664,95.646968,94.253662,95.491991,62.951425,20823094
2013-08-07,95.873697,95.94457,94.182137,94.349573,62.203755,25636049
2013-08-08,94.207355,94.786621,94.015511,94.498723,62.307547,16251483
2013-08-09,94.102194,95.965954,94.040837,95.445388,62.937242,12605487
2013-08-12,95.435409,95.672484,94.382704,94.868439,62.573243,20115563
2013-08-13,95.137432,95.333913,94.570688,94.925428,62.616317,10591580
2013-08-14,95.08588,95.289418,93.402656,94.136831,62.10157,16244619
2013-08-15,93.875079,94.377157,93.831636,94.091682,62.077224,19330012
2013-08-16,94.256136,95.246035,93.852719,95.084381,62.737656,19163871
2013-08-19,95.033708,95.438156,94.590316,94.742172,62.528295,15567429
2013-08-20,94.989233,95.341613,94.409482,94.606067,62.443939,11321961
2013-08-21,94.787179,94.874532,94.20597,94.406204,62.317481,22516355
2013-08-22,94.149005,94.789463,93.834965,94.049516,62.08747,16869232
2013-08-23,93.840274,94.945444,93.413101,94.583338,62.445347,11878154
2013-08-26,94.518325,94.85899,93.837965,94.186814,62.199903,11234405
2013-08-27,94.123682,94.288216,93.742354,93.942686,62.044119,20985283
2013-08-28,93.789953,93.941184,93.444349,93.71703,61.900508,13325120
2013-08-29,94.026655,94.770368,93.879749,94.590097,62.482647,14673883
2013-08-30,94.454618,94.832769,93.885293,94.492324,62.42353,19948560
2013-09-03,93.997699,96.021575,93.294794,95.827679,63.327881,22840949
2013-09-04,96.156966,96.677879,95.654634,96.060104,63.487042,16496522
2013-09-05,95.848946,96.472626,95.664985,96.424545,63.733488,11393039
2013-09-06,96.705356,96.996102,94.766654,95.010271,62.804201,7706899
2013-09-09,95.101898,95.617673,94.758138,95.426046,63.09562,16735877
2013-09-10,95.533722,95.856887,95.02069,95.241234,62.97894,19125932
2013-09-11,95.356565,95.839882,95.175489,95.415736,63.099859,16223759
2013-09-12,95.379813,95.496144,94.92385,95.455852,63.131919,13434127
2013-09-13,95.683759,96.076881,95.416931,95.469157,63.14625,13618434
2013-09-16,95.597263,95.659461,95.329,95.46692,63.161369,15498454
2013-09-17,95.348122,96.556058,94.95954,96.205354,63.655498,26315738
2013-09-18,96.213426,96.678293,96.021299,96.46323,63.831717,23241268
2013-09-19,96.340857,97.403736,95.929094,97.162578,64.300123,30203530
2013-09-20,97.298063,97.799202,95.675441,95.960633,63.510266,26069515
2013-09-23,95.653481,95.827827,95.122554,95.750096,63.387582,28687264
2013-09-24,95.585495,95.95461,95.494999,95.674996,63.343415,18556627
2013-09-25,95.449163,95.950121,95.398535,95.85637,63.469057,12645236
2013-09-26,95.589175,95.851955,94.950579,95.336434,63.130324,14700913
2013-09-27,95.257637,95.334353,95.141078,95.284512,63.101471,13105602
2013-09-30,95.142732,95.498632,94.544211,94.699808,62.73074,15391358
2013-10-01,94.952914,95.069059,94.088048,94.230369,62.425245,17359108
2013-10-02,94.201291,94.903582,93.991858,94.526056,62.626616,6864918
2013-10-03,94.357301,94.740529,94.069885,94.201525,62.417073,10650658
2013-10-04,94.501539,94.631997,93.181729,93.384527,61.881158,13355962
2013-10-07,93.521357,93.953119,93.373888,93.816323,62.183629,11575249
2013-10-08,93.963018,94.126895,93.7515,93.930292,62.264625,21254446
2013-10-09,93.980365,94.141875,92.036161,92.449016,61.288085,12704575
2013-10-10,92.498318,92.721631,91.738602,91.846281,60.893843,25822339
2013-10-11,91.649601,93.15939,91.488592,92.206805,61.138225,12378714
2013-10-14,91.988937,92.098346,91.481383,91.543666,60.714483,10149206
2013-10-15,91.233609,91.601364,90.247803,90.559433,60.066973,20419189
2013-10-16,90.292695,90.985592,89.772804,90.948631,60.330408,20613904
2013-10-17,91.180101,91.223061,88.718052,89.316384,59.252855,16090688
2013-10-18,89.344607,89.967811,89.262463,89.716301,59.523376,8403307
2013-10-21,89.381616,91.261328,89.318815,90.997643,60.389369,17908995
2013-10-22,91.039833,92.222566,90.99222,91.624918,60.810979,17292274
2013-10-23,91.610746,92.550154,91.266171,92.158049,61.170174,10103546
2013-10-24,92.293977,93.695048,91.77694,93.515206,62.076429,14910468
2013-10-25,93.614391,93.84925,93.421692,93.703203,62.206673,17674808
2013-10-28,94.016663,94.903027,93.602034,93.731734,62.241971,20383644
2013-10-29,93.723628,93.848874,92.107034,92.471784,61.41069,21557140
2013-10-30,92.456859,92.590521,91.436666,91.49654,60.768352,8446906
2013-10-31,91.893264,91.945661,90.938921,91.231695,60.597761,13559363
2013-11-01,90.910371,91.191835,90.558529,90.781066,60.303728,18554754
2013-11-04,90.705829,91.069002,90.370298,90.438793,60.092157,10975598
2013-11-05,90.270495,90.453737,89.572639,89.621568,59.554368,14899368
2013-11-06,89.619238,90.342269,89.461695,90.223431,59.959564,14439566
2013-11-07,90.993623,91.67214,89.805465,90.023295,59.831802,14589814
2013-11-08,90.04051,91.321781,89.86271,90.812056,60.361321,7299983
2013-11-11,90.190033,92.249023,90.076501,92.126611,61.251182,5633085
2013-11-12,92.567061,92.661226,91.372064,92.36051,61.412071,14405562
2013-11-13,92.642989,93.720532,92.291939,92.922635,61.791251,15836328
2013-11-14,92.498198,92.745107,91.441843,92.323797,61.398418,18788926
2013-11-15,92.146948,93.966981,91.522531,93.5418,62.213881,19122245
2013-11-18,93.632876,95.807199,92.587599,94.61949,62.947186,10460484
2013-11-19,95.054181,95.314242,94.323023,94.680077,62.993011,17412433
2013-11-20,94.258682,96.668692,93.998745,96.348248,64.108503,17970971
2013-11-21,97.118573,97.502579,95.820093,96.279172,64.068154,10305981
2013-11-22,97.213499,98.913666,96.957468,98.627131,65.636334,13910871
2013-11-25,97.928136,101.642433,97.573804,101.134427,67.322631,10052137
2013-11-26,100.971992,101.510508,98.824564,99.586997,66.298354,17393572
2013-11-27,100.334079,101.081651,99.402892,99.991867,66.573722,10478583
2013-11-29,100.077798,101.048129,97.439634,97.692036,65.053912,15129246
2013-12-02,97.362315,99.02258,95.390707,95.688306,63.736362,10031850
2013-12-03,94.777777,97.045614,94.202988,96.924361,64.565334,17487748
2013-12-04,97.200631,99.892357,96.212417,99.556855,66.324758,14544940
2013-12-05,100.036892,100.104826,97.418069,98.807347,65.831203,19454261
2013-12-06,97.541487,98.300496,96.174414,96.776662,64.483892,14917426
2013-12-09,97.010554,101.023259,95.961712,100.537512,67.007418,12311584
2013-12-10,100.243852,100.296258,98.933863,99.659417,66.427995,15741148
2013-12-11,99.493081,102.974339,99.34568,101.723118,67.809495,15966604
2013-12-12,101.53673,102.736293,100.907117,101.368381,67.578945,15951806
2013-12-13,100.944257,101.324787,99.036827,99.142129,66.100567,10684360
2013-12-16,98.907825,100.684727,98.784585,100.4611,66.997566,13541650
2013-12-17,100.863164,101.637942,98.207535,98.813263,65.904396,22389384
2013-12-18,98.283285,99.596485,96.073162,96.921379,64.64825,13646586
2013-12-19,96.594018,98.68752,95.760688,97.9231,65.322139,17034061
2013-12-20,96.42569,100.886933,96.358413,100.065228,66.756949,13376854
2013-12-23,100.985909,103.1032,99.159833,100.747052,67.229485,12162115
2013-12-24,99.822243,102.735816,99.495848,101.385774,67.661638,9427264
2013-12-26,101.680896,105.262513,101.521345,103.537993,69.110069,11618391
2013-12-27,103.354544,103.634212,103.080993,103.485875,69.081333,9337403
2013-12-30,103.662251,103.826262,100.708402,101.539217,67.799671,16627798
2013-12-31,101.540708,103.895799,100.159277,102.528134,68.465989,26038579
2014-01-02,101.166417,104.089751,101.078085,102.744342,68.62239,17050897
2014-01-03,103.136335,103.876359,101.533836,101.59446,67.860336,20098356
2014-01-06,100.786548,101.969234,99.391452,100.062776,66.854812,11703836
2014-01-07,100.662615,101.926148,98.371749,98.759302,65.989704,13335811
2014-01-08,99.203051,101.159977,98.442833,100.812664,67.367637,17950381
2014-01-09,100.749928,103.132916,99.279907,102.323149,68.383003,24071538
2014-01-10,102.418817,103.09318,101.185467,102.236637,68.331173,18659267
2014-01-13,102.211858,104.378693,101.673239,102.972004,68.840756,10091973
2014-01-14,101.397377,102.230926,100.570549,101.066981,67.573095,13283849
2014-01-15,101.905632,101.971078,101.54596,101.81642,68.080132,16590183
2014-01-16,101.933908,102.647958,101.42825,101.744524,68.038019,19522177
2014-01-17,100.596554,105.476964,99.113386,104.45152,69.854346,25624887
2014-01-21,104.015384,106.401081,103.050604,105.437439,70.538417,21392583
2014-01-22,105.398564,110.445018,105.335245,109.54611,73.293569,17733167
2014-01-23,110.656747,110.827221,108.145686,108.226808,72.417213,15932694
2014-01-24,107.750888,108.245109,105.364336,105.970846,70.913906,26757553
2014-01-27,106.020597,107.44686,103.896455,105.016752,70.293916,17877624
2014-01-28,103.903683,107.710096,103.540209,107.082871,71.683171,27083067
2014-01-29,107.163576,110.429947,106.996776,109.798723,73.50765,15179308
2014-01-30,109.41163,110.637279,108.988647,110.248217,73.815043,20390871
2014-01-31,111.456449,111.971354,105.348177,106.991613,71.640909,16420014
2014-02-03,106.255364,108.631301,105.678656,108.244047,72.498583,11109575
2014-02-04,106.713253,110.585491,105.035274,109.410217,73.286069,10078372
2014-02-05,109.257417,111.554813,108.699742,110.675431,74.14004,14530600
2014-02-06,110.977299,111.837573,110.894177,111.21733,74.509579,17105927
2014-02-07,111.103667,111.405493,110.48712,111.207177,74.509304,25016684
2014-02-10,111.75942,113.839996,111.702214,113.47778,76.050605,20081251
2014-02-11,112.265636,112.76552,110.362823,111.452236,74.699669,19181636
2014-02-12,111.995059,112.07648,110.529779,111.529229,74.757822,24040857
2014-02-13,112.84787,114.279751,112.523219,113.865173,76.330287,11005232
2014-02-14,114.200506,116.022961,112.179089,115.229736,77.251799,23833498
2014-02-18,114.704733,117.779983,114.132729,116.787071,78.323304,20654072
2014-02-19,116.747447,117.154704,114.405637,115.719641,77.614231,17257709
2014-02-20,115.218114,117.625402,114.483906,117.446094,78.779081,17325147
2014-02-21,118.046543,120.495288,117.9536,119.49049,80.157419,13228418
2014-02-24,121.141802,124.129203,118.676119,118.812816,79.723768,11011253
2014-02-25,118.800838,119.132492,116.716203,118.35058,79.420564,30018122
2014-02-26,116.221123,120.343253,115.807003,120.028638,80.553702,20662589
2014-02-27,119.575095,120.367343,119.52721,120.221739,80.690365,26027466
2014-02-28,119.170377,123.321867,118.894813,122.882717,82.483585,15389730
2014-03-03,121.945016,124.466312,121.398644,123.696747,83.051819,8645199
2014-03-04,123.455474,124.339896,121.900069,122.666832,82.367535,16496753
2014-03-05,122.338765,124.077704,121.963634,123.263053,82.775133,12635641
2014-03-06,122.329881,125.833567,121.666841,125.355541,84.187683,19190085
2014-03-07,124.172261,126.772274,122.607409,125.192605,84.085623,18014771
2014-03-10,125.662418,128.561544,124.789462,126.198663,84.783623,12077627
2014-03-11,126.380202,126.445016,125.739284,125.900318,84.590597,12178699
2014-03-12,126.908171,127.246975,124.416269,124.673085,83.773377,12411670
2014-03-13,124.278909,124.357623,121.713016,124.266692,83.507619,24585387
2014-03-14,124.555689,125.623054,121.108131,123.235695,82.822041,18227230
2014-03-17,123.619495,124.239853,122.685323,124.042174,83.385959,25793391
2014-03-18,123.590876,124.573899,122.647314,124.191978,83.493977,12515786
2014-03-19,123.601554,126.017552,122.088521,125.42081,84.327506,18196519
2014-03-20,126.242718,127.889549,125.653231,126.587663,85.119505,21198414
2014-03-21,127.679347,130.747745,127.171072,128.970075,86.729073,15942478
2014-03-24,129.193043,134.957577,128.107768,134.68952,90.599063,21702581
2014-03-25,135.317615,137.479419,133.765965,137.370045,92.410217,17481987
2014-03-26,136.55799,136.906398,133.724499,135.135932,90.915272,26047827
2014-03-27,134.7636,135.448301,134.278557,134.727711,90.648574,17257258
2014-03-28,134.272098,135.328255,132.947948,135.103624,90.909464,13036116
2014-03-31,135.032324,135.716945,133.420611,134.013046,90.199332,17596105
2014-04-01,133.480703,135.113714,132.367432,132.717731,89.33533,13727115
2014-04-02,132.643459,135.512132,132.218289,135.258716,91.053701,11135398
2014-04-03,135.457719,136.39789,132.973214,133.15818,89.647512,13751011
2014-04-04,132.970644,136.545393,132.132546,135.620517,91.313258,18589305
2014-04-07,135.985351,136.840313,134.466169,136.403405,91.864518,6863156
2014-04-08,136.462921,139.1935,135.512013,138.683696,93.408424,17443138
2014-04-09,138.156834,139.28153,137.758195,138.834266,93.518031,15474543
2014-04-10,138.891414,140.026475,137.964553,138.515668,93.3116,9801668
2014-04-11,137.442247,138.758111,136.009956,138.468464,93.287974,13146857
2014-04-14,138.018457,143.319123,136.978263,141.799396,95.557177,10201169
2014-04-15,140.586122,145.986323,139.585959,144.259956,97.223841,11023851
2014-04-16,143.787644,146.511258,142.688939,146.443415,98.704029,22392301
2014-04-17,146.713874,149.610205,146.055977,148.732287,100.25553,14801624
2014-04-21,149.23187,150.421578,145.361251,145.842821,98.342293,14534396
2014-04-22,144.910561,148.632717,144.418957,147.5737,99.518149,14010453
2014-04-23,146.843261,149.183843,146.680539,148.53411,100.174589,12489390
2014-04-24,147.459475,149.92422,146.425028,149.697914,100.96833,14536525
2014-04-25,148.634504,148.995458,144.957944,145.834021,98.370827,18229863
2014-04-28,145.951348,149.066092,145.676518,148.794629,100.394258,25512555
2014-04-29,148.148661,151.902241,147.567437,150.372079,101.467479,20916746
2014-04-30,149.7495,156.831777,149.559938,154.77812,104.449721,14940024
2014-05-01,154.017276,155.467485,151.681458,155.285641,104.801396,11422441
2014-05-02,156.017862,157.374485,151.630328,152.473136,102.912268,11663190
2014-05-05,152.885587,157.911833,152.422564,156.472557,105.639453,17284416
2014-05-06,157.126954,158.821574,155.754621,158.345037,106.912988,13220629
2014-05-07,157.47973,157.641502,154.765468,155.359995,104.906708,11975858
2014-05-08,154.886326,155.358199,152.833238,153.702363,103.796487,10734352
2014-05-09,153.475149,153.560441,151.885109,152.148415,102.756095,14043141
2014-05-12,152.237637,153.811592,152.056272,152.5073,103.025549,16776041
2014-05-13,152.517219,152.895896,150.09247,150.699896,101.813486,11801162
2014-05-14,150.585109,151.164208,149.942689,150.72049,101.836321,17408000
2014-05-15,150.510737,150.690984,147.878755,148.812477,100.555956,17167298
2014-05-16,147.597884,148.193318,146.663322,146.787661,99.196432,13720689
2014-05-19,146.081862,149.807403,145.628463,148.752974,100.55098,16241463
2014-05-20,148.199838,148.870401,148.127005,148.552003,100.423929,7817100
2014-05-21,148.683509,149.799319,148.272855,149.339296,100.964999,9604204
2014-05-22,148.497632,148.603529,147.839951,148.228656,100.222901,13618317
2014-05-23,147.982165,148.121272,146.790209,147.138849,99.494758,8537883
2014-05-27,147.437519,148.156402,145.971904,146.147675,98.859168,12188958
2014-05-28,146.036692,146.920872,144.705446,145.499259,98.429181,13553358
2014-05-29,145.761978,146.448944,143.248711,143.61218,97.161098,9912030
2014-05-30,143.505969,145.673701,143.04448,144.59581,97.835146,24253716
2014-06-02,144.535312,145.266999,143.568817,144.411025,97.735804,10125187
2014-06-03,144.675722,145.589684,142.704382,143.41227,97.068361,17462166
2014-06-04,143.074674,145.851438,142.424813,145.451178,98.457018,10199167
2014-06-05,145.472151,146.36968,144.612732,145.013311,98.169223,20188714
2014-06-06,144.748214,145.764313,144.5882,145.248162,98.336824,7000584
2014-06-09,145.259051,145.893183,142.596385,142.786392,96.695553,14254676
2014-06-10,142.807293,143.409524,142.40433,143.070331,96.896326,12945161
2014-06-11,142.89409,143.189901,142.590923,142.731829,96.67554,17268870
2014-06-12,142.796847,143.095237,141.945988,142.826525,96.748156,11850096
2014-06-13,142.762184,143.54489,142.481868,143.213484,97.018775,13814338
2014-06-16,143.618761,144.104366,142.073309,142.661577,96.670295,13367772
2014-06-17,142.248773,142.762005,140.937131,142.424615,96.518181,18315099
2014-06-18,143.224786,144.116981,140.860342,141.647969,96.000274,29041744
2014-06-19,141.641622,141.966605,139.798727,140.153581,94.995792,12364046
2014-06-20,139.859361,140.154049,139.294291,139.506936,94.565782,11547734
2014-06-23,140.167303,141.697215,138.896116,139.849069,94.822619,24085680
2014-06-24,139.553956,140.738259,139.005655,139.902427,94.867109,11718106
2014-06-25,140.061026,140.5493,139.419434,139.644613,94.700583,14108722
2014-06-26,139.199141,139.969986,138.020748,138.552092,93.967917,10843658
2014-06-27,138.940209,141.2217,137.5119,140.611243,95.372817,22851599
2014-06-30,140.225248,143.262328,139.784149,142.716536,96.826226,13452176
2014-07-01,142.369885,143.866491,142.239727,143.402613,97.30022,19707082
2014-07-02,143.058907,144.391778,142.705618,144.069362,97.761182,14414985
2014-07-03,144.799136,145.133723,140.324558,141.502148,96.027559,24840432
2014-07-07,141.262835,144.052909,140.808063,142.730848,96.895342,24512426
2014-07-08,142.62627,142.960901,141.735936,142.346541,96.642915,15353064
2014-07-09,141.745449,143.721098,141.573162,143.18239,97.218913,14003187
2014-07-10,142.720948,145.771094,142.454357,145.413375,98.742372,19788070
2014-07-11,145.902371,146.882607,145.403422,145.677207,98.930193,7865186
2014-07-14,145.948828,146.618804,142.687895,144.438989,98.115097,7959565
2014-07-15,143.707123,144.67563,143.096001,144.577663,98.2179,12922869
2014-07-16,144.231056,145.440026,141.302765,142.058011,96.514647,16211050
2014-07-17,142.213187,142.450814,141.525169,141.590558,96.205486,12225962
2014-07-18,141.959475,142.462536,141.592177,141.937347,96.449566,20728262
2014-07-21,142.136692,142.250903,140.634304,141.224657,95.990503,11067377
2014-07-22,141.38163,143.099231,138.448038,138.865055,94.39495,14973078
2014-07-23,138.290427,138.570926,137.398077,138.314341,94.028834,23855656
2014-07-24,139.474479,140.551928,138.198826,138.371084,94.075651,19778437
2014-07-25,139.203278,139.712256,137.714008,138.088418,93.891698,13393458
2014-07-28,138.752984,140.732892,138.49174,140.650262,95.658735,14231194
2014-07-29,141.045769,141.574488,139.234156,139.925321,95.174027,18360564
2014-07-30,140.221248,141.54242,139.816475,141.471939,96.234432,35834135
2014-07-31,141.809253,142.449278,140.161329,140.324632,95.462355,12558193
2014-08-01,140.6224,143.176831,140.361525,142.465862,96.927517,29349906
2014-08-04,142.779071,143.39648,141.921771,142.548888,97.009499,17739890
2014-08-05,143.031874,143.237872,140.223045,141.456317,96.274401,9639206
2014-08-06,141.286361,142.001406,140.270249,141.173068,96.090041,17723205
2014-08-07,140.987653,142.380807,139.972188,140.753786,95.813049,12025005
2014-08-08,140.532423,143.047749,140.45841,142.525709,97.027722,14942677
2014-08-11,142.197315,143.210412,141.577182,142.998823,97.375396,9075033
2014-08-12,142.901806,144.135431,142.220163,142.957728,97.355941,15747671
2014-08-13,142.995888,144.783714,142.300973,144.466815,98.392267,35160437
2014-08-14,144.665243,145.104252,144.350958,144.608618,98.497474,24459941
2014-08-15,143.773093,146.917398,143.655753,146.322927,99.673876,11258486
2014-08-18,146.099292,148.4083,145.935891,148.014316,100.852539,23510342
2014-08-19,147.818858,149.388673,147.101443,148.766476,101.37392,22299462
2014-08-20,149.182747,149.468585,147.064754,147.761688,100.698049,13712118
2014-08-21,147.810257,148.597023,146.521871,147.09832,100.254754,12615093
2014-08-22,146.744923,147.653071,146.50384,147.48522,100.527252,21892837
2014-08-25,147.516411,148.523819,146.076324,147.062675,100.265591,21154428
2014-08-26,146.788727,147.361896,146.387056,146.955573,100.201349,11702567
2014-08-27,147.068478,147.140075,146.75576,146.945501,100.20326,11735663
2014-08-28,146.335822,147.533949,145.594625,147.164632,100.361479,9118082
2014-08-29,147.489296,148.133352,146.723532,147.315166,100.472941,35244509
2014-09-02,147.151609,147.694269,145.390782,145.836995,99.499651,19699925
2014-09-03,144.983426,146.350845,144.868188,146.229598,99.776252,11103910
2014-09-04,146.760182,148.022911,145.693015,147.559335,100.692388,12779034
2014-09-05,148.031229,148.393005,146.905733,147.129751,100.408042,8599288
2014-09-08,147.93521,149.408274,146.694182,147.450158,100.653154,11410614
2014-09-09,148.007561,148.830579,146.952942,147.128229,100.442197,25337834
2014-09-10,147.094546,147.386264,144.650065,144.814025,98.870987,11741744
2014-09-11,144.558455,144.872488,143.400104,143.474616,97.965095,10272056
2014-09-12,143.460194,143.800136,141.876676,142.463371,97.283135,14156299
2014-09-15,142.017149,143.031583,139.706981,140.372684,95.880677,11177227
2014-09-16,139.570364,140.832275,139.257639,140.587399,96.03575,13237835
2014-09-17,140.962178,141.382313,140.857277,141.123528,96.410429,18026540
2014-09-18,140.982322,141.061345,140.182026,140.290656,95.849838,12852272
2014-09-19,140.40964,141.096141,139.541055,140.850571,96.240816,8753542
2014-09-22,140.513183,141.195693,139.361408,139.879683,95.602549,19390378
2014-09-23,139.824258,140.49396,138.907561,139.314856,95.224853,11724522
2014-09-24,139.712189,139.991247,138.65246,138.910287,94.95664,12182272
2014-09-25,138.956512,139.956797,138.620861,139.60854,95.442315,30769531
2014-09-26,139.109974,139.931723,138.911069,139.427595,95.326965,10308037
2014-09-29,139.293435,139.965985,137.60099,138.569336,94.765075,17123497
2014-09-30,138.831164,139.667793,138.428849,139.333234,95.29584,29055259
2014-10-01,139.025888,139.460201,137.70762,138.455901,94.704092,11111439
2014-10-02,138.761998,139.481353,137.655045,138.23083,94.558427,14032906
2014-10-03,138.078734,138.511789,137.596053,137.780762,94.258811,14650255
2014-10-06,138.19624,138.257816,137.155881,137.9188,94.378048,14598342
2014-10-07,137.900544,138.395238,136.509102,136.626597,93.501983,17342009
2014-10-08,136.705737,136.866352,135.608657,136.001798,93.082549,16134596
2014-10-09,135.954249,136.348847,135.531283,135.701441,92.885116,14288030
2014-10-10,135.886258,136.120357,135.51033,135.618462,92.836451,13129676
2014-10-13,135.02114,135.26823,133.904189,134.524702,92.111934,11435244
2014-10-14,134.640278,136.020961,134.46102,135.620606,92.87046,14312345
2014-10-15,135.164519,136.252005,134.73535,135.76337,92.976367,10400854
2014-10-16,136.275994,137.168306,135.04933,135.267825,92.645113,13811589
2014-10-17,136.037154,136.203219,134.062643,134.647435,92.228288,17828550
2014-10-20,134.899644,135.387752,134.067578,134.424465,92.099765,8538412
2014-10-21,134.484925,134.837727,134.37424,134.70661,92.301161,17884218
2014-10-22,134.440595,135.816852,134.333161,135.21713,92.659088,11364421
2014-10-23,135.353388,135.713165,134.199037,134.86015,92.42256,11998751
2014-10-24,134.42894,134.934268,134.34424,134.735902,92.3455,9452282
2014-10-27,134.13709,134.296403,133.011794,133.304486,91.388451,17718876
2014-10-28,133.670639,133.869321,133.056017,133.137123,91.28171,7640792
2014-10-29,132.507029,134.433085,132.319869,134.229932,92.039027,13101241
2014-10-30,134.327732,135.529058,134.117371,135.131528,92.665353,13345896
2014-10-31,134.962093,135.43011,133.807824,134.365607,92.148202,23114875
2014-11-03,134.293668,135.895244,133.741339,135.613133,93.028206,20198258
2014-11-04,135.611278,136.009547,134.629517,135.06471,92.660115,10773515
2014-11-05,136.074666,136.407133,133.935771,134.675168,92.400967,18387002
2014-11-06,134.585893,135.564311,134.521962,135.454819,92.94403,17573560
2014-11-07,135.942671,136.274346,134.147317,134.838117,92.528979,15553979
2014-11-10,134.870068,135.096057,133.942729,134.236411,92.140289,15464759
2014-11-11,133.94134,134.334029,132.35068,133.172258,91.41786,8444315
2014-11-12,133.302549,133.385754,132.246827,132.690424,91.095079,21266445
2014-11-13,132.538801,133.142087,131.547588,131.681367,90.410258,13751390
2014-11-14,131.153098,131.695147,130.763293,131.379908,90.211185,18122774
2014-11-17,131.80128,132.497025,131.331347,132.157716,90.769116,12239719
2014-11-18,132.202145,134.206394,131.381547,133.763001,91.879714,15762422
2014-11-19,133.421779,134.37705,132.967058,133.444558,91.669011,12122485
2014-11-20,133.313888,133.533579,131.642963,131.794014,90.543111,21006895
2014-11-21,131.54981,133.212963,131.331761,132.441088,90.995626,23014104
2014-11-24,132.184376,132.598706,131.314278,131.818036,90.591356,16657527
2014-11-25,132.07761,132.404918,131.338633,131.468077,90.358765,17013466
2014-11-26,131.294913,131.969036,130.345118,131.608411,90.463142,18336678
2014-11-28,131.491517,131.690642,131.123144,131.570187,90.452716,10584404
2014-12-01,131.747839,132.505248,130.799598,131.010701,90.091753,17675886
2014-12-02,130.776049,132.321212,130.634418,132.140764,90.876822,22531886
2014-12-03,132.944506,133.331353,131.755559,132.235148,90.9497,12157753
2014-12-04,131.878892,132.704062,131.75731,132.460534,91.1127,10293984
2014-12-05,132.290482,132.39597,130.56334,131.256207,90.292217,12736072
2014-12-08,131.142892,131.352353,130.687442,130.764708,89.977756,15459596
2014-12-09,130.911426,131.107471,128.891116,129.91468,89.400693,16197838
2014-12-10,129.973094,132.836487,129.788507,132.214016,90.990952,15122531
2014-12-11,132.351657,132.718262,130.138534,130.285922,89.671874,12977469
2014-12-12,130.125755,131.396775,129.571211,130.978265,90.156292,7454417
2014-12-15,130.883914,132.390501,130.506623,132.256054,91.059763,14587973
2014-12-16,132.148905,134.724745,132.041703,134.274815,92.457803,9405636
2014-12-17,134.439747,136.59295,134.315843,135.987235,93.64513,10717229
2014-12-18,135.555301,138.454429,134.967952,138.109943,95.115227,13428951
2014-12-19,137.181985,139.762973,136.75952,139.04169,95.765303,8083255
2014-12-22,138.533144,138.812017,135.996623,137.604035,94.800029,15697933
2014-12-23,137.874283,139.853432,137.743288,139.289774,95.969798,18132472
2014-12-24,139.088836,140.538131,136.791276,137.1973,94.536379,17949559
2014-12-26,137.657028,139.483074,137.538142,138.903464,95.72879,12497716
2014-12-29,138.616681,141.378855,137.408767,140.853315,97.098096,19010007
2014-12-30,141.262028,141.437668,140.721276,141.284764,97.404051,17145885
2014-12-31,140.565113,141.536259,140.341406,140.721777,97.024419,21089872
2015-01-02,139.883103,142.489904,139.440634,141.734065,97.739493,14771318
2015-01-05,142.356153,144.23627,141.360858,143.996164,99.325534,11703020
2015-01-06,143.54518,146.988139,143.401325,146.232955,100.877263,31707211
2015-01-07,145.429651,145.646563,145.283549,145.469017,100.359061,12656359
2015-01-08,145.816522,146.416726,143.257312,144.555702,99.737702,18168287
2015-01-09,144.794153,145.305602,141.706025,142.576124,98.380491,17855468
2015-01-12,142.632411,143.869225,142.52008,143.499682,99.043794,12695448
2015-01-13,144.046899,146.675058,142.610098,146.327188,101.004194,10412359
2015-01-14,145.523388,152.752806,145.462599,151.203643,104.379373,13689841
2015-01-15,152.22739,153.44227,148.161339,148.546305,102.553935,23455221
2015-01-16,148.457385,150.563409,143.727652,144.772266,99.957157,17509325
2015-01-20,145.683071,146.953412,145.411618,145.946298,100.803081,11555677
2015-01-21,146.607869,147.558428,145.990486,146.909167,101.477011,22537208
2015-01-22,145.770968,147.698187,144.806091,147.528817,101.913961,14056365
2015-01-23,146.42767,147.63219,145.960942,147.060249,101.599171,13684541
2015-01-26,147.002246,148.811604,145.99388,147.270742,101.77134,16775630
2015-01-27,147.866951,148.273763,146.26922,147.21132,101.739189,15907461
2015-01-28,147.988319,149.180419,146.779581,148.323352,102.516707,15787874
2015-01-29,148.395848,148.559528,147.360741,148.412398,102.58724,21477075
2015-01-30,147.687121,148.50038,146.593514,148.029296,102.331393,14793120
2015-02-02,148.285681,148.439655,145.691006,146.974035,101.628608,15164816
2015-02-03,146.345034,147.596824,145.504309,147.524458,102.018148,13622747
2015-02-04,146.666674,152.151813,146.118463,150.823689,104.308816,10265143
2015-02-05,150.032626,151.907705,149.016634,151.01553,104.450643,32008852
2015-02-06,150.690728,151.280127,149.564594,149.9255,103.705804,19540335
2015-02-09,149.699972,151.163878,149.264101,149.655561,103.546294,15959167
2015-02-10,149.550211,149.675016,148.294113,149.129475,103.191337,15615828
2015-02-11,149.30781,149.753833,146.014324,146.870214,101.636927,14390521
2015-02-12,146.86309,147.473378,143.263802,143.556624,99.352566,20122523
2015-02-13,143.707081,144.556059,140.707336,141.670225,98.055618,17322369
2015-02-17,141.961076,142.288014,140.266056,140.466666,97.256664,15070638
2015-02-18,140.403637,141.778883,139.949539,141.522489,97.996283,16458263
2015-02-19,141.941226,142.850813,139.704824,140.171757,97.069482,14867841
2015-02-20,139.756268,143.810395,138.783619,141.323596,97.875709,14327525
2015-02-23,141.383155,141.797915,141.246106,141.50586,98.0277,12659244
2015-02-24,141.96028,142.270243,141.323758,141.706226,98.175104,15917531
2015-02-25,141.645499,142.666808,141.425511,141.973758,98.36907,20844738
2015-02-26,142.101783,143.258503,141.677911,142.289503,98.596477,12812445
2015-02-27,142.482371,144.150243,141.378272,143.479629,99.42986,20761382
2015-03-02,143.874548,144.953777,140.368144,141.256221,97.914795,10893653
2015-03-03,141.424914,141.822433,141.323861,141.656813,98.201076,13597674
2015-03-04,141.637629,142.951064,141.452082,142.836125,99.027289,19392521
2015-03-05,142.923329,143.575447,141.604528,141.958695,98.427596,13101274
2015-03-06,141.441001,142.181674,140.270837,140.842732,97.662395,17568856
2015-03-09,140.361164,141.004545,137.384836,137.956087,95.6859,13865878
2015-03-10,137.719288,138.021869,136.126325,136.517628,94.696485,21091898
2015-03-11,136.700474,137.099357,136.176409,136.29122,94.547719,25566090
2015-03-12,136.02428,136.668959,134.729301,134.80944,93.527974,12133342
2015-03-13,134.773941,135.701005,134.571606,135.631387,94.106469,21810659
2015-03-16,136.053074,136.89194,135.44831,135.539145,94.067188,20633115
2015-03-17,135.489759,136.228842,135.383469,136.037944,94.421638,19550172
2015-03-18,136.853168,137.177767,135.723088,136.435055,94.705562,19503838
2015-03-19,136.582324,138.258473,136.326179,138.19248,95.933873,20753852
2015-03-20,139.18496,139.465641,137.247999,137.705398,95.604114,15868838
2015-03-23,137.975309,138.837778,137.710864,138.579808,96.236478,17856592
2015-03-24,138.331825,139.961833,137.379027,138.762277,96.371636,11979986
2015-03-25,138.697247,139.092834,137.056914,137.551391,95.539034,10641064
2015-03-26,137.49213,137.952367,135.515873,136.5092,94.823467,10296421
2015-03-27,136.118729,138.114531,135.565591,137.576933,95.573521,11032319
2015-03-30,137.709789,137.881669,137.509685,137.69481,95.680553,19059630
2015-03-31,137.958373,138.596199,137.721021,138.443691,96.20936,22516677
2015-04-01,138.613113,138.774694,136.839547,137.236162,95.378562,9479781
2015-04-02,136.818474,139.133349,136.570369,138.966323,96.589478,39044448
2015-04-06,139.301127,139.733641,137.771585,137.892117,95.876438,20156396
2015-04-07,137.694388,138.309874,137.422903,137.785337,95.810587,16003497
2015-04-08,137.940414,138.132351,136.198281,136.366736,94.832455,13913548
2015-04-09,136.188495,136.552432,136.037522,136.113305,94.664507,12061424
2015-04-10,136.317872,136.674528,135.545368,135.905121,94.528,8981552
2015-04-13,136.259712,136.801972,135.511458,135.969466,94.597615,11127407
2015-04-14,136.275405,136.875907,135.291785,136.72224,95.129674,9624694
2015-04-15,137.070091,137.238569,133.691731,133.98441,93.232893,15484561
2015-04-16,133.419126,133.965953,132.767973,133.72573,93.061044,15026417
2015-04-17,133.882116,134.34592,133.222344,134.238556,93.426109,13396847
2015-04-20,134.52237,135.657488,134.367261,135.516791,94.340516,13324828
2015-04-21,135.921175,136.155825,133.470905,133.614842,93.024617,16451697
2015-04-22,133.502776,133.955577,133.399449,133.549446,92.987233,9028391
2015-04-23,134.023632,134.589951,131.993185,132.203455,92.058118,12062450
2015-04-24,132.035172,132.5111,130.936754,131.522567,91.592015,16230548
2015-04-27,131.880629,131.987667,131.557014,131.646239,91.702239,11028049
2015-04-28,131.56442,132.954343,130.948521,132.583451,92.363174,8627815
2015-04-29,132.420904,132.951807,132.174792,132.755521,92.491148,13339317
2015-04-30,132.887993,133.272221,131.390115,131.60918,91.700523,20374342
2015-05-01,132.000197,132.411719,131.397112,131.756026,91.810883,12387803
2015-05-04,131.977978,132.41335,130.681623,130.979268,91.293611,17788031
2015-05-05,130.835695,131.472415,129.413073,129.570804,90.319813,21472445
2015-05-06,129.359289,129.593282,128.660091,129.468666,90.256522,20914092
2015-05-07,129.314292,129.472874,127.637426,127.90716,89.175762,17116818
2015-05-08,127.770158,128.478407,127.569023,127.968092,89.22606,16095839
2015-05-11,128.178587,128.375832,126.847951,127.215197,88.724419,13034006
2015-05-12,126.952681,128.421685,126.868261,128.039255,89.30697,10086738
2015-05-13,127.82656,129.505902,127.296327,129.156703,90.09428,9771528
2015-05-14,129.419616,129.602984,128.777351,129.05646,90.032242,19253781
2015-05-15,128.729196,129.09407,127.634296,127.960508,89.275506,11341527
2015-05-18,128.290021,128.376126,127.56582,127.784976,89.176476,18878483
2015-05-19,127.766257,128.151182,126.895079,127.063285,88.680604,27583051
2015-05-20,127.216583,127.2682,126.639732,127.113486,88.723413,10439506
2015-05-21,126.785018,127.991313,126.054529,127.729194,89.160979,15124825
2015-05-22,127.478479,127.636019,126.563184,126.740753,88.478753,20309788
2015-05-26,127.212884,127.761296,125.606323,125.942386,87.952223,12896830
2015-05-27,125.702405,125.980031,125.545877,125.641999,87.750135,11891245
2015-05-28,125.848937,126.804827,125.547822,126.157738,88.118054,17289920
2015-05-29,126.093474,126.284229,124.805977,125.261266,87.499556,14133954
2015-06-01,125.115275,125.295899,124.009896,124.778309,87.185105,11227900
2015-06-02,124.985376,125.219826,123.764614,123.870061,86.558077,20367731
2015-06-03,123.575607,123.893392,122.606833,123.135468,86.052296,12171484
2015-06-04,122.881941,122.998328,121.822188,122.321567,85.490997,13612719
2015-06-05,122.211457,122.625522,121.813991,122.445717,85.585264,15192626
2015-06-08,122.447998,122.888708,122.180142,122.799224,85.854915,15676021
2015-06-09,122.698972,122.783408,121.94491,122.203519,85.445915,9962934
2015-06-10,122.013657,122.678803,121.775168,122.572848,85.711662,15922328
2015-06-11,122.631428,123.625288,122.434517,123.486405,86.358052,19240110
2015-06-12,123.845887,123.943102,122.676982,122.782335,85.873196,18756262
2015-06-15,122.620104,123.03887,122.240088,122.717492,85.850407,15873004
2015-06-16,122.858533,123.639852,122.728723,123.277755,86.24991,7801996
2015-06-17,123.957088,124.171084,122.468296,123.498109,86.411649,19613267
2015-06-18,123.371695,124.090395,122.629317,122.689417,85.853329,15553144
2015-06-19,122.923337,123.244269,121.903017,122.25546,85.557157,17877476
2015-06-22,122.630891,123.056444,122.143103,122.662098,85.864297,11373248
2015-06-23,122.751199,122.848735,120.510588,120.976983,84.692125,21076994
2015-06-24,121.070183,121.728903,121.005414,121.671875,85.186059,12758122
2015-06-25,121.885384,122.175947,121.356797,121.420197,85.017301,19833882
2015-06-26,121.076321,121.196825,120.239998,120.429517,84.331023,12669630
2015-06-29,120.108509,120.207509,118.344775,119.085662,83.411907,10257971
2015-06-30,118.981702,119.314167,118.624472,118.735501,83.173928,9844383
2015-07-01,118.620465,118.997421,117.775694,118.820336,83.240647,9014812
2015-07-02,119.061462,119.562925,117.997044,118.332534,82.906176,19543581
2015-07-06,118.933657,119.543208,118.67988,119.22379,83.559886,17661517
2015-07-07,119.236204,120.165503,119.187232,119.779482,83.956707,18528995
2015-07-08,120.121087,120.514407,117.951965,118.354053,82.964854,18215881
2015-07-09,118.310482,119.936996,118.071157,119.339703,83.663112,15938442
2015-07-10,119.057696,121.170128,118.725432,120.532144,84.506477,24589920
2015-07-13,120.903926,121.042482,120.591837,120.740419,84.674753,11238749
2015-07-14,120.833731,123.548034,120.736534,123.197535,86.405488,16861021
2015-07-15,123.614201,124.262884,123.257323,124.198649,87.115259,16260148
2015-07-16,124.363054,124.98279,122.78563,122.941803,86.241238,15305326
2015-07-17,122.802269,123.104236,121.571432,121.942125,85.547479,11795502
2015-07-20,121.996276,122.659333,120.905749,121.256397,85.088773,15429518
2015-07-21,121.549026,121.909968,120.655952,120.748735,84.739957,14772676
2015-07-22,120.682813,122.079874,120.215862,121.135152,85.018589,13429196
2015-07-23,120.981041,121.468878,119.007279,119.389725,83.800904,11053831
2015-07-24,119.152344,119.331139,117.416814,119.14693,83.637811,12152910
2015-07-27,119.083246,120.619289,118.704811,120.012436,84.267517,15649152
2015-07-28,119.483547,120.904352,119.395455,120.140195,84.364615,9383293
2015-07-29,119.985955,122.513585,119.59645,122.157869,85.788978,23873067
2015-07-30,122.261123,123.250644,121.206023,122.686671,86.167893,16665073
2015-07-31,122.520339,123.305932,121.984371,122.13415,85.787351,18579635
2015-08-03,122.457801,123.297051,121.69954,123.226808,86.57759,19508861
2015-08-04,122.85561,123.585935,122.382118,123.42626,86.72532,16258980
2015-08-05,123.211254,123.411613,122.630058,122.699835,86.222452,19977749
2015-08-06,122.277248,123.022096,121.131221,121.446901,85.349479,11704862
2015-08-07,120.970342,121.416092,119.885006,120.310928,84.558557,9446965
2015-08-10,120.3925,120.663772,119.442172,119.648396,84.115013,9144429
2015-08-11,119.907178,121.274983,119.630563,120.759684,84.903707,16693571
2015-08-12,121.087613,121.752276,120.974411,121.43946,85.389124,13178366
2015-08-13,121.603074,122.134318,120.739664,120.8272,84.966062,10767290
2015-08-14,121.250263,121.569612,121.08799,121.232871,85.258801,13153516
2015-08-17,121.303457,121.476741,120.1909,120.917221,85.059169,15608607
2015-08-18,121.100982,121.630613,119.121167,119.478064,84.054158,9650955
2015-08-19,119.492138,120.140424,119.097434,119.966018,84.404834,17505986
2015-08-20,119.678052,121.926864,119.449034,121.563246,85.536094,19674327
2015-08-21,121.562749,122.601706,121.022377,121.244404,85.31922,17592778
2015-08-24,121.108729,121.458376,120.886866,121.407891,85.456723,15681923
2015-08-25,121.617719,122.029736,120.059184,120.485609,84.814977,16903227
2015-08-26,120.782762,121.463907,119.889125,121.280872,85.382276,19385711
2015-08-27,120.856494,123.27008,120.277648,122.214073,86.046793,12431520
2015-08-28,122.016296,123.809114,121.941829,123.004075,86.610594,20018210
2015-08-31,123.102458,125.169042,122.964629,124.465542,87.662691,13480609
2015-09-01,124.359738,127.385169,123.842486,126.755901,89.283643,20188702
2015-09-02,126.852733,127.624923,126.622444,127.143533,89.564527,9579933
2015-09-03,127.150687,127.435051,125.832015,126.086663,88.827811,7311695
2015-09-04,125.864501,126.646537,125.780486,126.405515,89.060244,14005714
2015-09-08,126.845103,127.647212,124.447391,125.345902,88.344638,9588370
2015-09-09,124.875032,126.607506,124.657847,125.95799,88.78382,15055156
2015-09-10,125.318648,126.237887,124.92066,125.376636,88.381785,12698305
2015-09-11,125.260833,127.439327,125.014946,127.148504,89.638682,25417241
2015-09-14,126.674861,128.664685,125.692777,128.198216,90.402478,11292555
2015-09-15,127.416404,129.93001,127.330733,129.647291,91.432343,14783289
2015-09-16,129.328353,129.993931,128.527872,129.492681,91.331307,11316764
2015-09-17,130.137484,130.424771,129.008283,129.395019,91.270421,10780721
2015-09-18,129.556247,130.717545,127.836699,128.416721,90.588303,25747943
2015-09-21,128.416084,128.674306,127.636332,127.720267,90.120691,18275400
2015-09-22,127.35339,127.556794,126.522616,126.835345,89.504123,14617183
2015-09-23,126.388678,126.572339,124.91887,124.982203,88.204139,11815606
2015-09-24,125.249111,126.46621,125.104711,125.805048,88.792628,11249075
2015-09-25,126.10634,126.358679,125.294131,125.410972,88.522246,16101265
2015-09-28,125.92248,126.024987,121.943612,122.2796,86.334633,15008590
2015-09-29,121.859637,122.624788,121.679494,122.349108,86.391277,12293072
2015-09-30,122.358556,122.934444,122.085868,122.530766,86.527127,12074664
2015-10-01,121.563741,124.937815,121.166575,123.945052,87.533517,13060546
2015-10-02,123.0616,124.824517,122.729607,124.613414,88.013244,12148183
2015-10-05,125.207262,125.532292,125.078552,125.434117,88.616187,13393760
2015-10-06,125.761193,126.124676,125.574935,126.022773,89.039859,9482013
2015-10-07,125.537654,125.784997,124.703829,124.755131,88.151944,25407480
2015-10-08,124.804032,124.936891,124.593382,124.794462,88.187462,22784320
2015-10-09,124.636638,125.00227,123.082441,123.666838,87.39827,10531190
2015-10-12,123.591,124.116438,123.000261,123.478719,87.288261,17347260
2015-10-13,123.482745,124.212773,123.147814,123.46745,87.287942,11032200
2015-10-14,123.051608,124.683955,122.997377,124.260094,87.856015,15371222
2015-10-15,124.269996,125.163942,124.150976,124.9851,88.376361,18357602
2015-10-16,125.040888,125.108603,124.633604,124.795699,88.250168,14167772
2015-10-19,125.199516,125.665055,123.827171,124.025996,87.728922,16714604
2015-10-20,124.596034,125.27605,123.923084,124.336474,87.956242,15782888
2015-10-21,123.748216,124.642184,123.524599,123.961472,87.698647,13755783
2015-10-22,123.984999,124.350118,123.633045,124.268848,87.923808,13206229
2015-10-23,124.27774,124.547689,122.244446,122.620599,86.765225,11381871
2015-10-26,123.098824,123.282291,121.652567,122.402679,86.633794,12925502
2015-10-27,122.676609,122.954557,121.813413,121.946961,86.31881,13453534
2015-10-28,121.800884,122.104413,120.511445,120.82834,85.5345,18171847
2015-10-29,120.729723,121.164429,118.835995,119.646009,84.704947,14892605
2015-10-30,119.443904,119.930023,119.183905,119.858131,84.862556,24817078
2015-11-02,119.999551,120.510735,119.040517,119.096343,84.345357,16608459
2015-11-03,118.843847,119.995753,118.766427,119.624229,84.726635,15342912
2015-11-04,119.344107,119.665072,117.662966,118.037909,83.610412,22456112
2015-11-05,117.751243,118.547146,116.9521,118.298208,83.802132,31548574
2015-11-06,118.941875,119.208489,117.043116,117.815088,83.467204,21416497
2015-11-09,117.454087,118.98667,116.524226,118.802107,84.188591,13441305
2015-11-10,119.169047,119.730252,117.849443,117.897822,83.555094,8366447
2015-11-11,117.65646,117.798775,115.185273,116.120621,82.302788,18484850
2015-11-12,116.315318,116.712458,115.610837,116.21281,82.375345,17988798
2015-11-13,116.080505,117.93861,115.657909,117.596715,83.363605,14680197
2015-11-16,117.963066,118.086365,117.200722,117.640446,83.416527,7356309
2015-11-17,117.931979,118.264285,117.594452,118.151881,83.786516,14334269
2015-11-18,118.201577,118.822417,117.187343,117.499518,83.331198,21314032
2015-11-19,117.281239,117.70646,116.039451,116.790625,82.835705,12089101
2015-11-20,116.948135,117.250927,116.1998,116.888525,82.912406,22431122
2015-11-23,117.468866,118.509842,115.507889,116.095146,82.371287,15888809
2015-11-24,116.789901,117.806942,115.559358,116.109682,82.388818,6467575
2015-11-25,116.413427,117.207827,114.842421,115.425743,81.910686,11718220
2015-11-27,115.439515,115.66961,114.048804,114.307877,81.131619,20571910
2015-11-30,114.439348,114.735224,113.376461,114.254827,81.115283,15395351
2015-12-01,114.264504,114.538233,113.928216,114.261356,81.127026,7896397
2015-12-02,113.797664,115.737986,113.69831,115.546324,82.046557,14322415
2015-12-03,116.027466,116.71444,114.193466,114.643215,81.412414,15760386
2015-12-04,114.506496,115.607203,112.941084,113.525548,80.625781,18567981
2015-12-07,113.662666,113.913262,112.98181,113.119006,80.358173,18417125
2015-12-08,113.038576,113.654935,112.959077,113.316053,80.505205,24101048
2015-12-09,112.789157,114.574718,112.403589,113.78459,80.845159,20353863
2015-12-10,113.49821,114.621705,112.943263,113.788204,80.85481,17806547
2015-12-11,113.76003,113.822922,112.59527,113.061677,80.345599,14345425
2015-12-14,113.129373,113.646604,112.207285,112.786233,80.170928,19338724
2015-12-15,112.623705,113.29443,111.256907,111.389075,79.184735,13827734
2015-12-16,111.07444,111.345805,110.501137,110.890597,78.837281,9184190
2015-12-17,111.192819,111.38272,109.943232,110.513976,78.576407,21455485
2015-12-18,111.008373,112.113454,110.500262,111.787256,79.488684,11916292
2015-12-21,111.897482,112.81168,111.39157,112.171613,79.782957,12714754
2015-12-22,111.972934,112.49026,111.005538,111.641794,79.413076,26669297
2015-12-23,111.217003,111.871747,110.865127,111.054478,79.002227,11472847
2015-12-24,111.04142,111.577251,110.473762,110.635866,78.711329,10077259
2015-12-28,111.02932,111.906362,110.868781,111.708956,79.50263,16254931
2015-12-29,111.006193,111.429445,110.814508,111.100348,79.076415,14313298
2015-12-30,111.192686,112.124878,110.881377,111.350679,79.261533,8861959
2015-12-31,111.613553,111.774581,111.249278,111.326802,79.251481,15827874
2016-01-04,111.177,111.915488,111.078015,111.784073,79.604895,9669209
2016-01-05,112.139319,112.306974,111.651272,112.051479,79.802315,16035013
2016-01-06,112.373617,112.605014,109.882802,110.296522,78.559328,10440964
2016-01-07,110.244153,110.722671,110.03049,110.265325,78.54399,10606655
2016-01-08,110.382951,110.987679,109.672763,109.77237,78.199699,18514259
2016-01-11,109.75733,110.522276,109.177063,110.34751,78.630082,18968369
2016-01-12,110.044597,110.932543,109.927921,110.621343,78.832113,12892558
2016-01-13,110.570577,110.695885,109.18825,109.536361,78.065761,9322631
2016-01-14,109.061952,111.950417,108.97892,111.56313,79.517191,15139615
2016-01-15,111.284656,111.463879,110.340816,110.573109,78.818453,34362799
2016-01-19,110.110965,110.597595,109.563481,110.472668,78.774458,15941664
2016-01-20,110.02314,110.411328,109.213396,109.643455,78.190023,16462888
2016-01-21,109.522322,109.627307,108.522049,109.007285,77.743163,27369782
2016-01-22,108.725596,109.404006,107.759987,108.033154,77.05517,10346369
2016-01-25,107.937046,108.02238,106.11982,106.214274,75.77776,9167002
2016-01-26,106.258319,107.864262,105.807015,107.256571,76.528083,10508076
2016-01-27,107.154796,108.371344,107.083589,107.78712,76.913371,13426447
2016-01-28,107.668497,108.324738,107.197379,108.14065,77.172399,13096999
2016-01-29,108.08154,108.178892,107.763618,108.060907,77.122248,20656775
2016-02-01,108.272476,109.264855,108.14292,108.810208,77.677432,16599541
2016-02-02,108.342672,109.473901,107.79086,109.326506,78.052845,26517383
2016-02-03,109.087733,109.807141,108.632781,109.710994,78.33421,12596396
2016-02-04,109.604202,109.890242,108.935752,109.136257,77.930672,14288245
2016-02-05,108.742057,109.88665,108.482837,109.651117,78.305177,18844452
2016-02-08,109.244095,110.990269,108.855836,110.455243,78.900163,17068270
2016-02-09,110.442855,111.860961,109.76463,111.6801,79.78209,13423969
2016-02-10,112.194892,112.419003,110.694278,111.209944,79.45318,10474663
2016-02-11,111.294847,111.628993,110.662921,110.789454,79.159699,21048795
2016-02-12,110.183044,111.848707,110.081366,111.456651,79.643393,9729490
2016-02-16,111.962836,112.04227,111.131754,111.233763,79.511983,11135843
2016-02-17,111.794505,112.326772,111.279563,112.162165,80.182647,14665845
2016-02-18,112.536931,112.701982,112.031607,112.391357,80.353532,17329960
2016-02-19,112.408966,112.660629,111.237508,111.510079,79.730453,12142481
2016-02-22,111.57724,111.637815,110.716505,110.878381,79.299624,9859268
2016-02-23,110.589741,111.757262,110.360849,111.619876,79.836932,12990933
2016-02-24,110.835547,112.375192,110.56401,111.760563,79.944562,9622267
2016-02-25,111.800926,111.893964,111.169106,111.260463,79.593804,16693560
2016-02-26,110.743,111.962918,110.388967,111.205949,79.561776,22216640
2016-02-29,111.524732,111.833348,111.386999,111.748725,79.971119,10212194
2016-03-01,111.440332,112.693753,111.31336,112.584889,80.576565,17393731
2016-03-02,112.617888,114.852035,112.37191,114.44584,81.915617,13729802
2016-03-03,114.244784,114.888554,113.99217,114.72226,82.120661,7987695
2016-03-04,115.148017,115.307613,114.795596,114.91411,82.265198,10253806
2016-03-07,114.733839,114.814343,114.424289,114.575732,82.04452,27497378
2016-03-08,114.619814,115.232523,113.436526,113.748117,81.459025,11460937
2016-03-09,113.574989,113.875544,113.15908,113.782372,81.490694,9562494
2016-03-10,114.254547,114.762044,113.459157,114.04127,81.683273,12548506
2016-03-11,113.68133,114.9343,113.550468,114.653825,82.129217,20262495
2016-03-14,114.509036,114.987185,113.861286,114.655421,82.15195,22343846
2016-03-15,114.784081,114.940582,113.870715,114.399167,81.975523,11849645
2016-03-16,113.703707,115.697884,113.645487,115.488059,82.763046,16848489
2016-03-17,115.484535,115.743043,114.633806,115.216048,82.575346,17867502
2016-03-18,114.891679,116.16733,114.820056,115.805415,83.005018,15870619
2016-03-21,116.12141,116.189671,115.953234,116.055905,83.206426,16838765
2016-03-22,116.129782,116.896909,115.778267,116.663428,83.649319,15463038
2016-03-23,116.678324,117.122164,116.508751,116.965239,83.87307,14450255
2016-03-24,116.933785,118.182347,116.373773,117.374886,84.174192,17456566
2016-03-28,117.467409,118.9215,117.264072,118.609621,85.089483,21872234
2016-03-29,118.979677,120.573618,118.795882,119.002738,85.378982,17476042
2016-03-30,118.766496,119.140789,117.845618,118.064884,84.713536,16105342
2016-03-31,117.265823,119.654396,117.028135,119.515232,85.761699,19574892
2016-04-01,119.750206,120.294783,119.204791,120.07197,86.168752,17184359
2016-04-04,120.574848,120.926293,118.737482,118.882823,85.337796,10851162
2016-04-05,118.23814,118.885532,116.78933,117.041637,84.023496,23948081
2016-04-06,117.303659,117.383596,116.268072,116.789365,83.849738,12103777
2016-04-07,116.954881,117.568958,116.581256,117.366387,84.271397,15410662
2016-04-08,116.685532,117.63347,116.595826,116.796112,83.869276,15257211
2016-04-11,116.72956,116.888179,115.937389,116.469208,83.656517,8847899
2016-04-12,116.716485,117.059104,115.866693,116.417357,83.6266,13926024
2016-04-13,116.625297,117.76521,116.196855,117.549536,84.447282,10280397
2016-04-14,117.787026,118.666558,117.626463,118.561959,85.182066,15063853
2016-04-15,118.556721,119.00377,117.970715,118.929603,85.45369,13260674
2016-04-18,119.078611,119.179182,117.914224,118.267915,85.00059,12907954
2016-04-19,117.902137,120.109037,117.313448,119.36734,85.798277,18436337
2016-04-20,119.159329,120.171981,117.987686,118.548978,85.217524,10382348
2016-04-21,118.726405,122.182317,118.401339,121.367217,87.251025,9492622
2016-04-22,121.056026,121.77985,120.597252,121.085109,87.055844,16242326
2016-04-25,121.727126,122.008689,120.439005,121.345939,87.266305,18432439
2016-04-26,121.395191,121.828369,119.982482,120.442205,86.623971,14877914
2016-04-27,120.233074,120.31978,118.385522,118.655447,85.346383,15112218
2016-04-28,118.494497,119.867053,118.010664,119.760066,86.14846,18097836
2016-04-29,119.94179,121.789886,119.887277,121.262671,87.23699,14569574
2016-05-02,121.406173,121.79192,121.099777,121.55217,87.468243,13502002
2016-05-03,121.460203,122.217619,120.584372,121.32039,87.309105,16006767
2016-05-04,120.670931,122.045239,120.418876,121.170561,87.208919,8279073
2016-05-05,121.134158,121.641639,120.226124,121.400537,87.382093,18207039
2016-05-06,121.619936,122.477994,120.976636,121.193295,87.240566,11014960
2016-05-09,122.005729,122.511926,121.264155,121.367937,87.389248,13390121
2016-05-10,122.361163,122.453017,121.217108,121.771656,87.687622,16818359
2016-05-11,121.940597,122.515189,121.887255,121.9561,87.828134,18680402
2016-05-12,122.545964,122.872971,122.146445,122.764308,88.417921,19261351
2016-05-13,122.02432,122.395517,119.977949,120.425853,86.741306,15760855
2016-05-16,120.086934,120.61868,119.658795,120.545617,86.850395,13877747
2016-05-17,120.457989,120.764537,118.257514,118.486344,85.374215,13548271
2016-05-18,118.70658,119.332221,118.421067,118.983209,85.739737,12886656
2016-05-19,118.788506,119.012146,117.796031,118.319239,85.268748,20235226
2016-05-20,118.522927,118.778872,117.096807,117.25527,84.509385,9516195
2016-05-23,117.048732,118.286925,116.812763,118.014845,85.079192,18589762
2016-05-24,117.912221,118.257977,117.821848,118.002436,85.077699,19962582
2016-05-25,117.851567,120.258718,117.790349,119.445326,86.125544,18708172
2016-05-26,118.810479,119.903089,118.485765,119.79742,86.386987,11117812
2016-05-27,119.899612,120.364641,118.315611,119.010368,85.826956,19314006
2016-05-31,118.476791,121.189054,118.24265,120.685145,87.065265,15688989
2016-06-01,120.45762,121.154716,120.405647,120.45969,86.91023,17461733
2016-06-02,120.615441,121.178918,117.132296,118.387983,85.423002,20956335
2016-06-03,118.124184,119.059219,116.981505,118.605667,85.58757,16793816
2016-06-06,119.283504,120.004158,117.682644,117.860463,85.072177,20000643
2016-06-07,117.219561,117.346672,115.626225,115.728392,83.540558,21364022
2016-06-08,116.447654,116.631439,114.54063,115.057368,83.063444,22245754
2016-06-09,115.24194,115.795766,112.692694,113.999482,82.306935,10515744
2016-06-10,113.913944,114.803208,113.543766,114.43213,82.626543,10835710
2016-06-13,114.244098,114.750915,113.689122,114.466076,82.67278,21145641
2016-06-14,114.94533,116.251696,114.551728,115.710117,83.578608,22499167
2016-06-15,115.838334,115.951993,115.480662,115.738376,83.606344,15933032
2016-06-16,115.344059,116.765351,114.900995,116.255606,83.987335,27032477
2016-06-17,116.242148,117.287056,115.956731,116.933677,84.4846,11101671
2016-06-20,116.633631,117.519119,116.319413,117.068937,84.604559,8665565
2016-06-21,117.418221,117.924209,116.339066,116.949455,84.525616,21929543
2016-06-22,116.157427,116.340368,115.778184,116.079233,83.90401,11314053
2016-06-23,116.289788,116.361963,115.905743,116.165737,83.973894,10997302
2016-06-24,116.287397,117.563983,116.063493,116.14648,83.967329,16352007
2016-06-27,116.301472,116.880207,115.89935,116.616332,84.329168,11537213
2016-06-28,115.878135,116.21114,115.504916,115.648262,83.63645,14275070
2016-06-29,115.543325,115.780369,114.612634,115.023996,83.192272,11307117
2016-06-30,114.985503,115.422947,114.491299,114.685155,82.954469,22252206
2016-07-01,114.201493,114.681349,114.001675,114.40539,82.759359,6923024
2016-07-05,114.575844,116.394113,114.408795,115.262785,83.408812,13776477
2016-07-06,115.346546,115.757147,114.898401,115.309778,83.450129,11576393
2016-07-07,115.355747,115.942335,114.505745,115.679715,83.725189,20856277
2016-07-08,115.257583,117.055714,114.563707,116.789582,84.53588,13609881
2016-07-11,116.880304,117.080877,116.043688,116.785877,84.555419,9784618
2016-07-12,116.877314,117.638278,116.722983,117.290459,84.928187,23228682
2016-07-13,117.476457,117.718713,117.198309,117.258139,84.912224,22114029
2016-07-14,117.323128,117.662206,115.999034,116.341377,84.255735,13809536
2016-07-15,115.853914,116.879287,115.21293,116.479944,84.363477,11333574
2016-07-18,116.806362,118.409125,116.713367,117.91187,85.423034,13942227
2016-07-19,117.854103,118.013903,115.616205,115.758806,83.870562,15511261
2016-07-20,115.716523,116.972483,115.505774,116.574785,84.469162,18826247
2016-07-21,116.116919,116.986912,115.904203,116.235254,84.23052,10963496
2016-07-22,116.443616,117.491644,116.000608,117.185659,84.926677,13029116
2016-07-25,117.504255,117.945874,114.691138,114.974147,83.345855,14798762
2016-07-26,115.304336,115.42884,111.553798,111.869194,81.10215,16892088
2016-07-27,110.97871,112.025244,110.463568,111.763318,81.032492,26284955
2016-07-28,111.689853,111.871341,110.847104,111.181759,80.617903,16004077
2016-07-29,110.367277,110.903839,110.29563,110.424068,80.075516,11036847
2016-08-01,109.838637,110.311281,109.072969,109.955952,79.757016,25286127
2016-08-02,110.135288,110.644711,108.692055,109.640435,79.535122,9093918
2016-08-03,109.479933,110.239787,109.123169,110.006323,79.807535,18315561
2016-08-04,110.081943,110.93669,109.740617,110.593156,80.240301,14739907
2016-08-05,110.319999,112.172117,109.650792,111.682066,81.037454,28883727
2016-08-08,111.906375,114.308369,111.770487,113.786794,82.586366,14219252
2016-08-09,113.492041,114.074531,111.754222,112.602927,81.734277,21105101
2016-08-10,112.631455,114.822458,112.090332,113.499959,82.392617,11422822
2016-08-11,113.447455,114.548775,111.562886,111.742631,81.124034,18890370
2016-08-12,111.839842,112.31469,111.281912,111.670674,81.078897,14630124
2016-08-15,111.837997,111.985795,111.693042,111.743542,81.15313,22165011
2016-08-16,110.705428,113.557803,109.76606,113.048043,82.10771,19341205
2016-08-17,113.171538,114.293551,112.313041,112.527278,81.736635,14258760
2016-08-18,111.918161,112.660242,111.115576,112.311785,81.587254,15021997
2016-08-19,111.982834,112.951092,111.809191,112.855066,81.989095,7968164
2016-08-22,113.378235,113.746378,112.643204,113.292074,82.328217,15853379
2016-08-23,113.093663,114.469521,112.608653,112.656603,81.8736,15085428
2016-08-24,112.952459,113.236053,111.766848,112.282179,81.608635,36359280
2016-08-25,112.353908,113.103648,111.720799,112.686425,81.909624,14631127
2016-08-26,113.289904,114.696165,112.741669,114.594334,83.303745,9319206
2016-08-29,114.850894,115.262107,113.271634,114.776189,83.457876,13458928
2016-08-30,114.980217,115.062234,114.467211,114.701539,83.410903,10709633
2016-08-31,115.213755,118.097964,114.599172,117.549887,85.48971,14299581
2016-09-01,117.462787,118.470052,116.641108,118.124117,85.914852,10234574
2016-09-02,118.686298,119.893552,118.097348,118.944777,86.51932,20615443
2016-09-06,118.656751,119.801161,117.796529,118.99989,86.589749,7398466
2016-09-07,119.127161,119.315737,115.914619,116.982449,85.129224,26290693
2016-09-08,116.991411,117.609039,116.430057,116.636119,84.884634,16163845
2016-09-09,116.735651,117.842832,115.474876,115.571199,84.116982,21034198
2016-09-12,115.49965,116.394612,115.200534,116.230473,84.619065,15266953
2016-09-13,116.630376,116.998948,115.013208,115.504629,84.097997,17793438
2016-09-14,115.705231,116.189802,114.634517,115.926997,84.412915,12603130
2016-09-15,116.500057,117.284983,116.328172,116.52094,84.852831,23653468
2016-09-16,116.225072,117.570775,115.724605,117.140971,85.311825,11394731
2016-09-19,116.40926,118.878532,116.205297,118.545407,86.357347,9817945
2016-09-20,117.966337,120.015273,117.529908,119.683316,87.193923,11615494
2016-09-21,119.482276,119.857871,119.209374,119.564902,87.115286,16485300
2016-09-22,119.672249,120.639049,119.138985,119.89818,87.365767,13776309
2016-09-23,119.755008,120.273504,119.598676,120.02363,87.464841,19859609
2016-09-26,119.814687,120.16593,119.48915,120.031392,87.49349,17245768
2016-09-27,120.024767,120.164268,119.795957,119.879925,87.390739,9928184
2016-09-28,120.201296,120.363371,119.126017,119.370718,87.027158,6199966
2016-09-29,119.384025,119.612174,118.356574,118.584947,86.461868,17334482
2016-09-30,118.388793,119.771205,118.293272,119.540674,87.166337,9944957
2016-10-03,119.530041,119.832849,118.958666,119.034022,86.819714,15129945
2016-10-04,119.039202,121.316141,118.752111,120.817599,88.128321,14251387
2016-10-05,120.684241,121.02663,120.365245,120.46623,87.879719,22228691
2016-10-06,120.712126,122.122052,119.988233,121.26345,88.46904,18095693
2016-10-07,121.163425,121.372028,120.341229,120.538873,87.948121,12392088
2016-10-10,120.645348,121.11372,120.243959,120.835875,88.187997,20863703
2016-10-11,121.389436,121.802344,121.110997,121.519192,88.694463,25799933
2016-10-12,121.202899,122.403633,120.866364,122.223427,89.216286,11534019
2016-10-13,122.311415,123.341126,122.054888,123.168029,89.91367,8188588
2016-10-14,123.197522,123.753999,122.597051,122.939961,89.755042,11266462
2016-10-17,123.306533,123.402999,121.875498,122.015029,89.103191,15320926
2016-10-18,121.792218,123.103689,121.558286,122.895809,89.754256,12173786
2016-10-19,122.951353,123.422245,121.74486,121.822855,88.978443,13168198
2016-10-20,121.459098,123.537226,120.882658,122.883589,89.761059,14501568
2016-10-21,122.669414,123.491448,122.462976,123.097059,89.924867,15949578
2016-10-24,123.393678,124.016087,122.691551,122.763316,89.704635,13390002
2016-10-25,123.242193,123.556268,122.520987,123.193024,90.026515,15118077
2016-10-26,123.037193,123.374689,120.279424,120.732777,88.236355,20985337
2016-10-27,120.779476,121.385287,120.131412,120.546163,88.107689,14930537
2016-10-28,120.266101,121.57967,119.8366,121.493054,88.807556,8993610
2016-10-31,121.119958,121.783632,120.993334,121.662319,88.954661,9177843
2016-11-01,121.463326,121.996428,120.505959,120.847684,88.366773,21463396
2016-11-02,120.969334,121.175813,120.304835,120.806609,88.344478,17097579
2016-11-03,120.699393,120.820881,119.905487,120.353268,88.020666,20848384
2016-11-04,120.625659,120.945907,119.333307,119.647259,87.511992,12110661
2016-11-07,119.274443,120.311929,119.174799,120.02086,87.808325,10685499
2016-11-08,120.113552,120.380386,119.811573,120.098901,87.87312,15230676
2016-11-09,120.372542,120.909457,119.535411,119.820509,87.677109,28065784
2016-11-10,119.769147,120.687729,119.000059,120.066079,87.864499,21288952
2016-11-11,119.870165,121.107919,119.626369,120.798675,88.408359,30031578
2016-11-14,121.064932,121.351851,119.642964,119.833874,87.725309,32629106
2016-11-15,120.002581,120.151515,117.752574,118.261506,86.58183,7732348
2016-11-16,118.491578,118.551793,117.282248,117.614186,86.115457,9432735
2016-11-17,117.911592,118.267924,116.728832,116.885507,85.589427,14058753
2016-11-18,117.076954,117.301032,116.172339,116.867684,85.583874,17647991
2016-11-21,116.789822,119.355932,116.438084,118.779867,87.007058,9569460
2016-11-22,119.566753,120.070633,117.198789,117.460079,86.047843,20372922
2016-11-23,117.503213,117.918151,117.042546,117.47675,86.067595,17218183
2016-11-25,116.833411,118.033299,116.749448,117.865331,86.367416,10502317
2016-11-28,117.857076,118.147757,117.63645,117.745226,86.302087,10764613
2016-11-29,117.98449,118.409598,116.610912,116.999202,85.762798,20151545
2016-11-30,116.803278,117.163372,116.248634,116.331043,85.280495,14981359
2016-12-01,117.182782,118.206813,116.960229,117.73257,86.315495,15952785
2016-12-02,118.098455,119.105068,115.949604,116.262322,85.245052,12163973
2016-12-05,115.832567,117.089424,115.783228,116.884645,85.723875,16041580
2016-12-06,116.963297,117.583684,116.724696,117.171153,85.941531,14081671
2016-12-07,117.268315,117.893898,117.055933,117.82309,86.427279,15657196
2016-12-08,117.767646,117.965729,116.639908,117.210303,85.985312,11600895
2016-12-09,117.513722,118.200046,116.96907,117.344131,86.09103,14898308
2016-12-12,117.573613,118.272369,116.50127,116.767807,85.690722,7785377
2016-12-13,116.451818,117.372335,116.345471,117.192208,86.009706,18226787
2016-12-14,117.560186,117.608123,115.419681,115.569689,84.826338,14624250
2016-12-15,115.582585,116.372032,115.486022,115.743415,84.961294,22075418
2016-12-16,115.528963,116.572385,115.337969,116.359193,85.420789,13155767
2016-12-19,116.63908,117.160318,116.07179,116.774509,85.748212,9201421
2016-12-20,116.432346,117.534463,116.281356,116.65539,85.668247,11929108
2016-12-21,116.75409,117.290543,116.488452,117.202025,86.07722,15679211
2016-12-22,117.493144,117.906074,115.797655,116.160007,85.319401,10597890
2016-12-23,116.221946,116.732539,114.826925,115.579565,84.900505,28268288
2016-12-27,115.617453,115.836375,114.748389,115.787896,85.08335,22215497
2016-12-28,115.867652,117.170348,115.622656,116.92286,85.924872,9510124
2016-12-29,117.497582,117.823039,116.784257,117.066723,86.038133,8882065
2016-12-30,117.683604,117.946942,117.020353,117.331462,86.240257,9873346
2017-01-03,117.34855,117.626808,115.632621,115.749032,85.10697,18408139
2017-01-04,115.952052,116.722715,114.308892,114.903044,84.492341,11742410
2017-01-05,114.848547,115.856606,114.147381,115.356494,84.83321,27046050
2017-01-06,114.924252,117.247804,114.585205,117.089796,86.115426,20277547
2017-01-09,117.593035,117.696539,114.732242,115.03039,84.623044,13151242
2017-01-10,115.156455,116.083079,115.052531,115.299192,84.828222,15958969
2017-01-11,115.778818,116.370886,115.524157,115.987102,85.34181,19468846
2017-01-12,115.287124,116.935988,114.648849,116.828154,85.968176,15676715
2017-01-13,117.028679,117.596456,116.552456,116.925879,86.047626,11155481
2017-01-17,117.169282,117.595763,116.201298,116.325404,85.635732,12989727
2017-01-18,116.610036,116.70602,115.899199,116.380058,85.683473,22618021
2017-01-19,116.431901,118.244536,115.934853,117.747446,86.697792,13238221
2017-01-20,117.851812,117.971495,117.15932,117.601325,86.59779,14451019
2017-01-23,118.181496,118.400618,117.459721,117.922878,86.857397,13582380
2017-01-24,117.57241,118.118147,117.215617,118.011213,86.930077,13731650
2017-01-25,118.085551,119.25506,117.841613,118.772868,87.498797,15689726
2017-01-26,118.824662,119.876669,118.547923,119.673355,88.169901,12204388
2017-01-27,119.258598,120.127212,118.931586,119.464109,88.02345,18645254
2017-01-30,119.671469,120.032218,116.683929,117.225608,86.396784,16014782
2017-01-31,117.28192,118.553676,116.979527,118.093757,87.044247,9813703
2017-02-01,117.568099,118.585561,116.908311,118.145876,87.090292,10879927
2017-02-02,117.837977,118.040356,117.025509,117.344386,86.507059,16743621
2017-02-03,117.579114,117.929572,116.930826,117.102493,86.336298,14803840
2017-02-06,116.731372,116.877462,114.790624,115.438806,85.132082,18679317
2017-02-07,115.670968,115.863671,113.858645,114.234406,84.25126,17515555
2017-02-08,113.688053,115.948842,113.054026,115.30705,85.049817,10388084
2017-02-09,115.549023,116.863979,114.092652,114.471015,84.44056,12641789
2017-02-10,114.604728,114.739862,114.085559,114.59902,84.542391,15672187
2017-02-13,113.72262,113.83074,113.525301,113.6949,83.897449,14277248
2017-02-14,113.739525,114.433941,113.13484,114.176624,84.260303,20415461
2017-02-15,114.602775,115.164882,112.770803,112.958671,83.368779,19266365
2017-02-16,113.460943,113.525759,112.456761,112.936001,83.359351,10504386
2017-02-17,113.429268,113.542945,112.654084,112.98238,83.40089,14233308
2017-02-21,112.706052,113.244172,112.575053,112.633297,83.172347,14249332
2017-02-22,111.752014,113.620833,111.413169,113.282153,83.658815,16463189
2017-02-23,112.842522,113.283073,112.237798,112.895936,83.380898,25614945
2017-02-24,112.826266,113.57455,112.087874,113.517484,83.847297,10199288
2017-02-27,113.419159,113.95883,113.146705,113.422021,83.798808,17045795
2017-02-28,113.421797,113.654657,112.720396,112.816435,83.358689,13287749
2017-03-01,112.680703,112.79345,112.088514,112.260768,82.955382,11965904
2017-03-02,112.073203,113.511057,111.256244,113.308048,83.736608,26702834
2017-03-03,112.695033,113.301685,112.447833,112.903614,83.445034,10974543
2017-03-06,112.828574,114.421113,112.578805,113.669941,84.033497,17054947
2017-03-07,114.001977,115.840817,113.853365,115.499499,85.393527,13994133
2017-03-08,115.775476,117.069541,115.679126,116.458536,86.110126,17172240
2017-03-09,116.545659,117.369198,115.877901,117.105986,86.596441,20024787
2017-03-10,117.205755,117.346694,117.100268,117.288071,86.738687,16210704
2017-03-13,117.203384,118.557029,117.086255,118.326294,87.529492,8808100
2017-03-14,118.68338,118.876696,117.568431,117.905733,87.226032,12274538
2017-03-15,117.99428,118.13383,117.304134,117.707423,87.086953,28362524
2017-03-16,117.328193,118.454045,117.206253,118.317508,87.546,9626080
2017-03-17,118.415986,118.899619,118.094328,118.732732,87.860931,17798237
2017-03-20,118.554716,119.793726,118.40623,119.658251,88.569081,14670466
2017-03-21,119.811471,120.386546,118.054783,118.790041,87.93415,19294105
2017-03-22,118.463564,120.267565,118.35003,119.994695,88.833676,13425090
2017-03-23,120.102628,120.213767,119.688721,120.028638,88.86659,22054341
2017-03-24,119.776455,120.352316,119.284578,119.894376,88.774962,27423239
2017-03-27,119.854495,120.185418,118.403237,119.068182,88.186388,13553637
2017-03-28,119.305789,119.670715,118.635654,118.878321,88.053484,11182651
2017-03-29,119.674693,119.944976,117.764318,118.200953,87.559426,15059628
2017-03-30,117.839661,119.143191,117.672578,118.916918,88.097508,17205396
2017-03-31,118.167246,120.49074,118.100962,120.245535,89.089596,16847201
2017-04-03,120.228026,120.864105,119.734031,120.33572,89.17985,12324311
2017-04-04,120.733839,121.154521,119.795299,120.277646,89.144622,13880149
2017-04-05,120.212087,120.973472,119.868131,120.825393,89.558434,10724049
2017-04-06,121.0775,121.475523,120.38098,121.162442,89.81613,21705687
2017-04-07,121.164083,121.608015,119.722489,120.280266,89.169997,18240288
2017-04-10,120.220646,120.495577,119.308573,119.460493,88.585537,22697919
2017-04-11,119.767995,119.906145,118.032522,119.039625,88.281177,12479579
2017-04-12,119.288925,120.286243,119.240588,120.211876,89.158344,16650730
2017-04-13,120.475216,120.738154,118.288614,118.938209,88.221423,8471269
2017-04-17,118.258931,120.68304,118.121216,119.702987,88.819812,8105207
2017-04-18,119.423354,119.479455,119.114237,119.174533,88.435446,15223538
2017-04-19,119.300501,119.703543,116.958738,117.312362,87.061218,13279023
2017-04-20,117.235157,117.308331,115.877959,116.260144,86.287893,19358548
2017-04-21,115.779288,116.81832,115.036606,116.122698,86.193432,14442319
2017-04-24,116.386421,116.525185,115.542353,115.662463,85.874385,15022677
2017-04-25,115.620973,116.745423,114.718397,116.01665,86.144901,12707631
2017-04-26,116.024694,117.047573,115.874173,116.761521,86.70558,11303012
2017-04-27,116.840619,117.049756,116.5506,116.920299,86.831093,13335303
2017-04-28,117.217115,117.855857,116.870885,117.467426,87.245062,13496079
2017-05-01,117.678615,118.151786,116.194762,116.464817,86.523145,18500219
2017-05-02,116.094504,116.805353,116.018355,116.602064,86.632697,9887885
2017-05-03,116.65722,117.223751,116.018863,117.047205,86.971046,11655045
2017-05-04,117.194432,117.750857,116.519375,117.404289,87.244018,14160105
2017-05-05,117.484896,118.012969,116.609802,117.30493,87.177821,13922123
2017-05-08,117.542643,117.759707,116.55899,116.811104,86.833643,10910717
2017-05-09,116.601224,116.945078,116.462192,116.660429,86.729234,14731829
2017-05-10,116.900758,117.164598,115.948895,116.025263,86.264588,18534343
2017-05-11,116.218627,116.276408,115.075002,115.771859,86.083724,18154580
2017-05-12,115.668781,116.640432,115.435913,116.330307,86.506544,28913983
2017-05-15,116.282955,116.996816,116.097829,116.599856,86.729781,10911762
2017-05-16,116.649509,117.426452,116.583367,117.087057,87.099804,19736024
2017-05-17,117.070863,117.252099,116.091511,116.516549,86.683003,37308708
2017-05-18,116.655031,116.741962,115.990038,116.386484,86.593827,19470825
2017-05-19,116.664499,117.567086,114.440111,114.700025,85.346545,19270674
2017-05-22,115.218442,115.293159,112.950979,113.779843,84.684106,20079141
2017-05-23,113.746824,115.742275,113.625449,114.89175,85.519169,11435352
2017-05-24,115.083635,115.551658,114.33481,114.715627,85.395554,14188275
2017-05-25,114.88616,116.325629,114.605627,115.913732,86.294996,12302663
2017-05-26,116.137281,116.20935,114.857585,115.11103,85.704913,16332334
2017-05-30,115.074989,116.972134,114.881309,116.354893,86.661385,24915992
2017-05-31,116.219167,116.879797,116.143538,116.79007,86.993127,10628861
2017-06-01,117.200428,117.410425,115.658647,115.810391,86.270954,8927682
2017-06-02,115.576153,116.167699,115.000364,115.750364,86.233792,9706057
2017-06-05,115.216677,115.412647,114.67066,114.750399,85.511292,17448530
2017-06-06,113.828827,115.361923,113.337068,115.269078,85.905335,16674083
2017-06-07,115.26474,116.752386,115.134617,116.443225,86.787982,8722338
2017-06-08,116.331345,118.038348,115.91937,117.638734,87.686706,8491219
2017-06-09,118.024371,118.72825,117.534362,117.608363,87.671749,11469187
2017-06-12,117.354501,118.544311,116.587901,118.326243,88.230083,11186780
2017-06-13,117.83633,119.544694,117.251593,118.533385,88.392282,17319482
2017-06-14,119.191424,119.387949,118.744708,119.085269,88.811611,18338504
2017-06-15,118.710434,118.836452,117.804563,118.732073,88.555962,24356680
2017-06-16,118.869998,119.021479,117.333272,117.671851,87.772889,14206584
2017-06-19,118.089926,118.256033,116.099525,116.203278,86.700247,23591624
2017-06-20,115.666297,116.279362,115.21365,115.629379,86.279615,13274873
2017-06-21,115.725983,115.805634,115.151699,115.382251,86.102757,9026402
2017-06-22,116.081687,116.356705,115.43681,116.106536,86.650838,35604763
2017-06-23,116.20704,116.455434,115.174934,115.64351,86.312841,11523998
2017-06-26,115.461597,116.016073,112.981493,113.681846,84.871019,14406981
2017-06-27,113.642378,114.551232,112.378676,113.196508,84.516085,16503371
2017-06-28,113.753415,115.539653,113.670892,115.147393,85.98021,19441843
2017-06-29,114.545671,115.090284,113.917727,114.315759,85.366711,11999959
2017-06-30,113.965916,116.679731,113.743113,116.078562,86.690701,17208165
2017-07-03,116.361849,116.876223,115.048726,115.639745,86.385682,12501152
2017-07-05,114.917194,115.047892,113.583415,114.117275,85.263298,24525698
2017-07-06,113.993264,115.262382,113.901771,114.884063,85.843729,9892250
2017-07-07,114.600316,115.582715,114.363304,115.270813,86.140263,5947359
2017-07-10,115.715108,115.822577,114.11798,114.422071,85.528487,13040001
2017-07-11,114.004146,115.615207,112.962084,115.30904,86.199032,19960544
2017-07-12,115.369411,115.838275,114.851588,115.679703,86.483697,15823901
2017-07-13,116.001442,117.738172,115.716204,117.54938,87.889193,20968684
2017-07-14,117.591586,119.969155,117.445399,119.804823,89.583388,14908483
2017-07-17,119.383619,119.760896,118.996739,119.66526,89.502552,11569297
2017-07-18,119.734198,120.363159,118.287648,118.81504,88.874423,14411616
2017-07-19,118.724338,120.486121,118.359795,119.102799,89.097474,24577870
2017-07-20,118.740325,120.47537,118.677555,120.015276,89.787939,19478501
2017-07-21,120.143538,120.794788,119.804395,120.73302,90.332824,19594842
2017-07-24,120.450052,120.942163,119.853859,120.301249,90.033433,11745764
2017-07-25,120.204223,122.643094,119.916361,122.00326,91.315217,9987649
2017-07-26,122.227762,122.865574,122.051577,122.609198,91.776781,15700374
2017-07-27,122.263094,122.328233,121.384641,122.114916,91.414804,17952951
2017-07-28,121.602577,123.719434,121.440058,123.606625,92.539599,15502061
2017-07-31,123.688044,124.181807,121.976397,122.198217,91.509226,21290820
2017-08-01,122.072186,122.226211,121.893638,121.998189,91.367438,12062020
2017-08-02,121.870186,122.14385,120.638043,121.086056,90.692265,11582275
2017-08-03,121.773645,122.338782,120.748709,121.084336,90.698922,9600784
2017-08-04,121.546423,121.941481,119.513627,119.915627,89.831364,20043168
2017-08-07,120.106712,121.015848,119.750486,120.628109,90.388854,13706926
2017-08-08,120.627778,121.39685,120.210777,121.238232,90.853989,33246237
2017-08-09,121.017961,123.170347,120.901138,123.001949,92.183766,12584240
2017-08-10,123.600934,124.928883,123.354426,124.61196,93.398571,15684232
2017-08-11,124.974511,125.039346,123.678326,124.435366,93.274382,15488446
2017-08-14,123.681948,123.927457,123.351718,123.529727,92.619874,16798991
2017-08-15,123.837461,126.549855,123.039054,126.20584,94.634655,15961677
2017-08-16,125.809858,126.804893,124.822156,125.73832,94.292349,12601234
2017-08-17,125.921902,126.916428,123.845789,124.0922,93.066061,10407074
2017-08-18,124.046453,124.655802,123.14371,124.276028,93.212093,18519771
2017-08-21,124.696123,124.819831,123.237042,123.468934,92.631083,11791679
2017-08-22,123.381068,123.984992,122.717421,123.248951,92.474145,16897338
2017-08-23,123.573283,124.282338,122.540284,124.139329,93.15036,18774275
2017-08-24,123.995533,124.449264,122.959042,124.099119,93.128346,18563799
2017-08-25,123.925443,124.882203,123.532134,124.520263,93.452574,15522409
2017-08-28,124.65257,126.026203,124.211751,124.659958,93.582009,25346275
2017-08-29,124.525046,125.253015,124.075587,124.370279,93.372727,15121213
2017-08-30,124.565341,126.451001,123.93951,126.374678,94.885871,18347310
2017-08-31,126.392851,126.625597,125.022591,125.178649,93.996092,14538734
2017-09-01,125.175537,125.260557,123.358837,124.443918,93.452573,13260839
2017-09-05,123.882197,126.911489,123.668012,126.782625,95.242222,17839065
2017-09-06,127.386662,128.401549,124.762589,125.468676,94.26341,17688578
2017-09-07,126.027232,126.175779,125.255463,125.867814,94.571563,29649903
2017-09-08,126.302397,127.098315,124.192585,124.432313,93.501182,22513151
2017-09-11,124.42785,125.215056,124.14926,124.899697,93.877056,18891095
2017-09-12,125.599016,126.794971,124.66825,125.134712,94.061938,19080952
2017-09-13,124.887552,126.52688,124.27073,126.375681,95.003079,18524076
2017-09-14,126.283961,127.57122,123.14146,123.204664,92.627378,10115134
2017-09-15,123.406919,125.966122,123.047942,125.31536,94.22249,18686216
2017-09-18,125.276749,126.645166,123.979766,126.136258,94.86464,12021529
2017-09-19,126.140038,127.342802,125.817353,126.864966,95.421046,11092207
2017-09-20,126.619116,127.120536,125.841856,126.022284,94.795531,11518935
2017-09-21,126.12465,128.924723,125.984202,127.788956,96.132866,18337953
2017-09-22,128.445299,129.345032,126.736276,127.868254,96.200948,10793039
2017-09-25,127.174258,129.306588,126.210646,129.050356,97.115817,15205109
2017-09-26,128.431722,130.232415,128.370711,129.87964,97.748452,6566416
2017-09-27,130.154338,130.550129,129.344249,129.721143,97.637719,11535379
2017-09-28,130.151095,130.434376,129.480088,129.67605,97.61233,11243837
2017-09-29,129.804334,130.599301,127.918395,128.370142,96.637788,6706620
2017-10-02,128.19354,130.42369,127.980833,129.89463,97.811136,14136926
2017-10-03,130.010328,131.929737,129.583209,131.230206,98.825488,21917588
2017-10-04,131.057027,131.170582,129.738016,129.804493,97.760391,20739932
2017-10-05,129.493694,131.361265,129.35564,131.100176,98.744867,10572254
2017-10-06,131.917129,132.054768,130.124459,130.446317,98.260987,33160605
2017-10-09,130.546347,132.947059,130.38235,132.450418,99.796838,19845857
2017-10-10,132.298126,133.590595,131.929087,133.288045,100.43676,6451158
2017-10-11,133.252324,133.931843,132.660872,133.264606,100.427897,18897139
2017-10-12,132.564019,134.687667,132.471063,133.744618,100.798464,13050649
2017-10-13,134.051182,134.348777,131.063148,131.38481,99.028638,14650595
2017-10-16,131.108099,132.381858,130.703046,132.000953,99.519196,23823143
2017-10-17,132.36838,132.746336,131.614723,131.763378,99.348786,14554736
2017-10-18,132.479721,132.578617,130.110939,130.28516,98.242825,13876967
2017-10-19,130.690667,131.187304,129.881208,130.506172,98.418103,13257260
2017-10-20,130.872266,131.535819,130.144995,130.660332,98.542992,15295347
2017-10-23,130.676572,132.419701,129.691185,132.200358,99.730677,31957140
2017-10-24,131.962746,132.573843,130.646183,130.893191,98.753214,23635995
2017-10-25,130.702609,130.982338,129.997204,130.111968,98.172416,16466100
2017-10-26,130.174772,131.29422,129.281751,130.692332,98.618954,12899527
2017-10-27,130.979093,131.874651,129.899581,131.020822,98.875491,13147011
2017-10-30,131.218231,132.430561,131.004311,131.857035,99.5327,11415986
2017-10-31,131.805922,131.940915,128.771311,129.062739,97.431953,25496566
2017-11-01,129.366792,131.000687,129.283515,130.000594,98.148556,17327004
2017-11-02,129.988721,130.092635,129.147671,129.67926,97.914532,15572447
2017-11-03,130.111178,130.317537,128.920075,129.639959,97.893433,9208488
2017-11-06,130.113781,130.287601,128.735846,128.828366,97.306157,15504026
2017-11-07,129.173127,130.64606,129.07521,130.574969,98.634036,7840438
2017-11-08,130.683948,131.105808,128.957399,129.009689,97.460189,18535465
2017-11-09,129.417191,130.13036,128.693113,129.960576,98.187137,10987013
2017-11-10,129.573653,130.900157,129.396349,129.957684,98.193554,22527987
2017-11-13,129.478191,130.231046,129.209267,129.720248,98.039918,17436390
2017-11-14,129.438006,129.520393,128.511567,128.978471,97.487838,16217475
2017-11-15,129.318183,129.483818,128.409938,128.788511,97.352787,19966204
2017-11-16,128.55403,128.613778,127.56647,128.318193,97.005766,15321948
2017-11-17,128.097809,129.498951,127.888315,128.632534,97.251921,11139096
2017-11-20,128.395843,130.278436,127.282156,130.146743,98.422595,11886786
2017-11-21,130.57577,130.663956,129.805146,130.262061,98.518435,15716444
2017-11-22,130.130837,130.907893,129.297834,129.604611,98.029787,13769260
2017-11-24,129.95183,130.056496,128.498361,128.647715,97.323067,21963693
2017-11-27,128.613874,128.951481,126.368029,126.835016,95.976967,15232012
2017-11-28,126.883085,127.377027,126.504732,127.002217,96.11191,13695890
2017-11-29,127.328731,127.439749,124.458519,124.872371,94.508378,18039340
2017-11-30,124.345685,124.875156,123.67685,124.601445,94.311593,15733591
2017-12-01,124.323328,124.497987,123.810795,124.244157,94.049399,17049132
2017-12-04,124.060109,125.496163,123.759602,124.798826,94.494101,24287915
2017-12-05,124.763554,127.088989,124.005279,126.528356,95.812045,12138742
2017-12-06,127.22976,127.488097,127.12342,127.345792,96.439488,10282230
2017-12-07,127.633686,129.393115,127.555197,129.047218,97.736547,27850430
2017-12-08,128.873115,130.417769,127.974772,130.269729,98.671085,15051859
2017-12-11,130.122188,130.679753,128.49211,129.38554,98.027129,14610198
2017-12-12,128.731136,130.192027,127.582387,127.866927,96.885061,12714270
2017-12-13,127.187188,127.427698,125.85779,126.504709,95.861304,19148664
2017-12-14,126.564226,127.851167,124.792762,124.98871,94.720826,17865176
2017-12-15,125.295705,125.994165,124.213221,125.067798,94.789066,20125840
2017-12-18,125.25603,126.436855,125.184741,126.256247,95.714946,32735428
2017-12-19,125.912284,126.399639,124.938542,125.137714,94.875297,16140861
2017-12-20,125.167118,126.653363,124.643768,126.340179,95.795359,18984907
2017-12-21,127.406872,127.939638,125.95443,126.745353,96.110996,9948455
2017-12-22,126.078194,126.555717,125.413571,125.994647,95.550107,14225999
2017-12-26,126.310927,127.232245,124.770501,124.970405,94.806574,17606260
2017-12-27,124.937164,125.729832,124.592814,125.315169,95.076453,12744620
2017-12-28,126.082166,126.411909,125.317039,125.603315,95.303418,26575007
2017-12-29,125.73267,126.460391,124.770307,125.848018,95.497456,9281585
2018-01-02,125.481399,126.637536,125.207218,126.249594,95.835764,9529387
2018-01-03,126.274504,126.99545,125.891041,126.873051,96.317467,12424293
2018-01-04,126.464713,126.779195,125.133571,126.351255,95.929742,28386016
2018-01-05,126.082878,126.384397,124.932047,125.060521,94.958097,14698248
2018-01-08,124.884644,125.627516,124.486211,124.688465,94.700483,16803333
2018-01-09,124.965182,126.779434,124.76696,126.200519,95.857281,9641109
2018-01-10,126.25978,126.531521,125.942649,126.424061,96.035488,11866661
2018-01-11,126.411123,127.356084,124.81101,125.731289,95.517607,8294614
2018-01-12,125.551532,127.202392,124.946544,126.797648,96.336155,13572049
2018-01-16,126.428971,127.987883,125.94716,127.643256,97.012609,12943138
2018-01-17,127.344583,127.695194,127.03267,127.546765,96.947766,21335751
2018-01-18,127.871019,127.990584,127.023716,127.516622,96.933346,13840961
2018-01-19,127.440067,128.507424,127.336363,128.228833,97.483283,14424273
2018-01-22,128.192204,128.85272,126.619952,126.803573,96.425099,28237566
2018-01-23,127.00842,127.109845,126.735634,126.900858,96.507532,14990104
2018-01-24,127.216641,127.623436,126.217482,126.453962,96.176095,18891470
2018-01-25,125.8049,126.344544,125.282743,126.150429,95.953646,13110185
2018-01-26,126.57209,126.808937,125.234896,125.396811,95.388779,36108835
2018-01-29,125.242415,126.765933,124.695508,125.820885,95.73653,19685189
2018-01-30,126.059644,126.37003,125.875893,126.150236,95.995541,12494693
2018-01-31,126.428762,126.871665,123.77574,124.126525,94.46385,10956411
2018-02-01,124.058136,124.63406,123.45684,123.95671,94.342881,18236967
2018-02-02,124.274378,124.908783,124.178258,124.819199,95.00764,10683227
2018-02-05,124.679924,125.496127,124.175759,125.432277,95.499389,13785631
2018-02-06,125.222846,125.348572,124.435662,124.616318,94.886462,10689643
2018-02-07,124.456593,125.140565,124.106246,124.804508,95.038081,15839804
2018-02-08,124.969786,125.634113,124.858914,125.344089,95.457332,11276941
2018-02-09,125.492793,126.803853,125.132121,126.288492,96.18498,17022167
2018-02-12,126.638751,126.830413,124.3892,124.773456,95.056066,15966145
2018-02-13,124.517395,125.764347,124.215423,125.679327,95.754574,8893010
2018-02-14,125.535597,126.30986,125.215388,126.17694,96.142126,17145621
2018-02-15,125.746957,127.064568,125.578033,126.772534,96.60441,20701853
2018-02-16,126.953544,127.170895,126.784414,127.019897,96.801388,13320274
2018-02-20,127.833335,128.663487,127.102443,127.372127,97.103845,17377593
2018-02-21,127.378542,128.25211,126.808693,128.040972,97.6223,9209593
2018-02-22,127.718249,127.99205,127.55795,127.836934,97.475275,14828302
2018-02-23,127.331623,127.95307,126.620322,126.807746,96.698994,11701138
2018-02-26,126.973129,127.213611,126.675252,127.049877,96.909102,11079809
2018-02-27,126.502678,128.357146,125.938887,128.182091,97.781281,12520930
2018-02-28,127.740784,128.53586,126.755254,128.112477,97.73674,16774266
2018-03-01,127.886165,128.638715,127.793485,128.207477,97.817784,8349870
2018-03-02,127.821575,128.671996,127.268473,128.294238,97.892556,20861667
2018-03-05,128.633447,129.884916,128.46832,129.638017,98.943904,12868051
2018-03-06,129.496173,130.274087,129.192576,130.139233,99.335151,13787752
2018-03-07,130.398155,130.51428,129.416782,129.618706,98.946501,16093635
2018-03-08,129.602658,130.511919,129.293143,130.130358,99.345783,15022345
2018-03-09,130.199779,130.82649,129.963784,130.103741,99.334164,12732483
2018-03-12,129.403838,131.136809,129.108276,130.6414,99.770887,13319804
2018-03-13,130.427054,130.801408,129.837068,129.925557,99.232891,12885302
2018-03-14,130.109897,131.849277,130.019543,131.467706,100.419531,12190757
2018-03-15,131.938071,132.197676,128.954513,129.484947,98.913698,16373266
2018-03-16,130.229986,130.886155,129.160776,130.485775,99.686965,12898566
2018-03-19,130.423402,131.353597,130.321771,130.95858,100.074472,13146532
2018-03-20,131.711316,131.88534,129.087436,129.83212,99.222359,20454361
2018-03-21,129.71382,129.950309,129.619128,129.829221,99.228837,8917426
2018-03-22,129.4806,129.82895,129.160157,129.70796,99.144842,12838442
2018-03-23,129.592142,129.8538,129.395526,129.49537,98.991017,15377263
2018-03-26,129.176857,130.535472,128.961303,129.056917,98.681781,20543359
2018-03-27,129.137362,129.240405,127.457036,128.146913,97.994543,12817655
2018-03-28,127.623918,128.065089,126.981512,127.234534,97.305367,11766715
2018-03-29,127.507508,127.721831,125.388167,125.578407,96.047223,17350098
2018-04-02,125.531894,126.368451,122.918382,122.990109,94.100564,21723639
2018-04-03,123.24951,123.509005,122.359648,122.448625,93.694479,19907522
2018-04-04,122.328862,124.167993,121.875693,123.287634,94.344732,19899470
2018-04-05,123.59377,123.716911,122.370169,122.841849,94.011835,12232636
2018-04-06,122.813924,122.884675,122.08321,122.397736,93.680159,9025897
2018-04-09,122.545827,123.095968,122.303415,122.97124,94.143845,8957188
2018-04-10,122.865711,124.10507,122.428574,123.686478,94.699711,6700058
2018-04-11,122.58028,124.689366,121.86962,123.956952,94.915113,13349982
2018-04-12,123.874847,124.383559,123.255135,124.190742,95.102459,15919597
2018-04-13,124.233637,125.143271,124.089869,124.809361,95.584558,17664349
2018-04-16,124.608547,125.959955,124.456994,125.464398,96.111473,22222083
2018-04-17,125.747895,126.274597,125.1237,125.396381,96.067785,14111476
2018-04-18,125.637605,126.209406,125.039966,125.276031,95.983992,13380827
2018-04-19,124.985205,126.845817,124.859815,126.500989,96.931022,16371599
2018-04-20,126.083613,126.829114,125.653756,126.730336,97.115267,12696470
2018-04-23,126.831948,127.764185,126.780508,127.348578,97.614687,12572820
2018-04-24,127.92327,128.295224,127.246034,127.523172,97.75708,6930623
2018-04-25,127.609131,128.069534,127.483874,127.921167,98.070769,11666787
2018-04-26,127.687104,129.274663,127.065838,128.978,98.889653,13397620
2018-04-27,129.31571,130.280406,128.561765,130.000001,99.681972,19033335
2018-04-30,130.091896,130.363613,129.425821,129.685541,99.466988,9556252
2018-05-01,129.255503,129.892895,128.826387,129.028204,98.971491,14407479
2018-05-02,129.154802,129.952156,128.912142,129.853508,99.613269,15151108
2018-05-03,129.446953,130.314821,129.16825,130.188596,99.879073,13908061
2018-05-04,130.094489,130.524903,128.858259,129.212555,99.138951,17151083
2018-05-07,129.0967,130.104779,128.95339,129.730229,99.562304,11751066
2018-05-08,129.702576,130.135796,129.572314,129.974786,99.75873,14874453
2018-05-09,129.874439,130.196494,128.733444,129.217728,99.186361,11572215
2018-05-10,129.668954,130.150903,128.272579,128.616699,98.733666,16560643
2018-05-11,129.09541,129.450282,128.492466,129.397213,99.341537,28419652
2018-05-14,129.198009,129.609418,128.679458,128.868658,98.961759,15720177
2018-05-15,129.516904,129.69665,128.201635,128.732248,98.865667,12699432
2018-05-16,128.517198,129.325062,128.438397,128.815696,98.938422,20806609
2018-05-17,128.718985,130.444644,128.39455,129.36252,99.367122,13037718
2018-05-18,129.424344,129.822861,128.311225,129.190663,99.243808,18400772
2018-05-21,129.508046,130.11781,128.688134,128.846605,99.005523,19411684
2018-05-22,128.857572,128.972762,127.503841,127.695608,98.129696,10018402
2018-05-23,127.794844,128.145316,127.200897,127.371191,97.888968,18829779
2018-05-24,127.514895,127.662644,126.786727,127.182509,97.752524,11939205
2018-05-25,127.401985,128.221399,125.703371,126.44995,97.197993,16891168
2018-05-29,126.496962,127.610498,126.133227,127.306113,97.890397,9256210
2018-05-30,126.756568,127.315477,126.588539,126.85085,97.548875,13494011
2018-05-31,126.873875,127.209541,124.633069,124.855966,96.023213,16086310
2018-06-01,124.915703,125.451742,124.502335,125.182915,96.283095,20229209
2018-06-04,125.028562,127.109962,124.643991,127.023252,97.724252,15348355
2018-06-05,127.15682,127.441314,126.888801,126.979129,97.698866,20018688
2018-06-06,127.019144,127.531076,126.44284,127.255178,97.919839,19104189
2018-06-07,126.840929,127.599656,126.326788,126.948555,97.692458,11867146
2018-06-08,127.325619,127.919612,126.146021,126.421131,97.295107,16735359
2018-06-11,126.647829,127.480894,125.653367,125.797428,96.840547,22925906
2018-06-12,126.136472,126.455874,125.572754,125.699048,96.773291,17954212
2018-06-13,125.852113,126.647898,124.821889,125.701246,96.783462,12468525
2018-06-14,126.335709,126.486207,125.571995,125.655971,96.757079,10594476
2018-06-15,125.426587,126.772531,125.178291,126.068704,97.083395,8940384
2018-06-18,125.99465,126.185558,125.515959,125.763979,96.87419,8523014
2018-06-19,125.428279,127.083928,125.312417,126.867253,97.732589,15087701
2018-06-20,127.464014,127.899936,125.559712,125.911465,97.004792,25773870
2018-06-21,126.602454,126.862912,125.969958,126.290975,97.3057,11658993
2018-06-22,126.094926,126.612101,124.540856,125.423436,96.645738,18864308
2018-06-25,125.046316,125.397163,124.026398,124.209239,95.735291,11909541
2018-06-26,124.047499,125.530479,123.980056,125.173678,96.487093,31857316
2018-06-27,125.483651,125.814246,124.238326,124.336589,95.85024,16190258
2018-06-28,124.142598,124.634211,122.789745,123.423089,95.154366,21994118
2018-06-29,123.180296,124.725341,122.812231,124.530244,96.01635,10786908
2018-07-02,124.377619,124.88068,123.406511,123.510301,95.254979,12497387
2018-07-03,123.742968,123.888161,122.415163,122.516895,94.497111,16135856
2018-07-05,122.394915,123.241724,122.070393,123.103703,94.966354,14489686
2018-07-06,123.14291,124.060152,123.045208,123.660128,95.403958,12505756
2018-07-09,123.956985,125.744141,123.820261,125.356056,96.737791,19392141
2018-07-10,124.920591,125.696398,124.464806,125.557048,96.901387,12348170
2018-07-11,125.892757,126.335836,124.905016,125.161839,96.604839,13775642
2018-07-12,125.357846,126.535826,125.112599,125.958002,97.227866,21579322
2018-07-13,125.767253,125.980024,125.56549,125.809017,97.121373,8557993
2018-07-16,125.734484,126.392692,124.685558,125.247358,96.713202,8608737
2018-07-17,125.290924,125.631471,124.17624,124.470408,96.12168,16755577
2018-07-18,124.441239,125.913643,123.853132,125.795596,97.153561,11037613
2018-07-19,126.400059,126.646753,125.766102,126.570316,97.760452,34175028
2018-07-20,126.740142,127.051554,126.059811,126.689133,97.860797,13080224
2018-07-23,126.998283,127.411959,126.094771,126.281296,97.571406,12029683
2018-07-24,126.396313,127.474235,125.814299,126.635386,97.853567,20282460
2018-07-25,126.624417,128.302065,126.339924,127.849645,98.800504,14208286
2018-07-26,127.251479,127.418882,126.979166,127.282705,98.370998,14548074
2018-07-27,127.620235,127.864442,126.651663,126.93391,98.110025,13249852
2018-07-30,126.747376,127.514871,126.393989,127.162532,98.312569,23033113
2018-07-31,127.108775,127.37863,125.285983,126.437202,97.760362,18145717
2018-08-01,126.371021,126.99626,125.386574,125.850379,97.315161,21680081
2018-08-02,125.421205,126.750408,125.161385,126.596887,97.900983,14358547
2018-08-03,126.893468,127.782595,126.503843,126.863352,98.115643,28916703
2018-08-06,126.283096,126.920201,125.285278,126.739707,98.045783,13386800
2018-08-07,126.598562,127.1439,126.270806,126.849199,98.139084,13106126
2018-08-08,126.693442,127.286141,126.334463,126.654592,97.997107,18653044
2018-08-09,126.921944,127.034026,126.327627,126.543882,97.920026,15719980
2018-08-10,126.466088,127.65047,126.35146,127.317421,98.527225,16350680
2018-08-13,127.523792,127.930873,127.320083,127.457595,98.661629,14865741
2018-08-14,127.420636,128.619022,127.036098,128.279297,99.306387,15280030
2018-08-15,128.507205,128.593389,127.101042,127.413794,98.645007,15156925
2018-08-16,127.155002,127.377173,126.39381,127.22426,98.506898,16553019
2018-08-17,127.293317,127.968959,125.906087,126.097596,97.643102,21449989
2018-08-20,126.401474,126.898583,124.574593,124.891405,96.734515,13154360
2018-08-21,124.440541,124.676483,123.821371,124.423452,96.380506,19185199
2018-08-22,124.652289,124.856071,123.7077,123.898557,95.982323,16204499
2018-08-23,124.776978,125.042161,122.619492,122.93127,95.241324,9052437
2018-08-24,122.915273,123.549552,122.622615,123.302664,95.537432,23280176
2018-08-27,123.240206,123.517103,122.689239,123.265067,95.533407,13883890
2018-08-28,123.46654,123.995659,121.680859,122.299163,94.793113,22193377
2018-08-29,121.91399,122.427081,121.487479,122.358926,94.847744,11127512
2018-08-30,122.920136,122.995553,121.455816,121.768044,94.397986,10781596
2018-08-31,121.45283,122.012595,121.190353,121.71263,94.363294,10793297
2018-09-04,121.425752,121.569488,121.050839,121.32438,94.095255,11271824
2018-09-05,121.405956,122.059805,120.983308,121.789859,94.464541,18465204
2018-09-06,121.948093,122.026792,120.33459,120.511686,93.481334,25180177
2018-09-07,120.667484,121.347008,119.658478,120.533661,93.506573,15415241
2018-09-10,121.029009,121.117413,119.871379,120.047065,93.153566,19463762
2018-09-11,120.163454,120.445064,119.735823,119.820988,92.986282,17026261
2018-09-12,119.673664,120.49896,119.087322,120.146212,93.246839,14480386
2018-09-13,120.206188,121.470643,119.837979,121.19899,94.072154,10948969
2018-09-14,121.077058,122.088001,120.723073,121.693836,94.464518,21162716
2018-09-17,121.125251,121.402289,120.907599,121.328439,94.205637,11380566
2018-09-18,121.434855,121.716963,120.371324,120.591889,93.641946,17146155
2018-09-19,120.46732,120.908936,120.343596,120.666742,93.70828,17881540
2018-09-20,120.482374,120.806994,120.007917,120.239928,93.385003,15982925
2018-09-21,120.281039,120.579542,119.437463,119.590084,92.888436,9954940
2018-09-24,119.117328,120.312267,118.738381,120.18974,93.378742,11983849
2018-09-25,120.093574,120.152896,119.131174,119.203202,92.620388,10083906
2018-09-26,119.029213,119.736433,118.902849,119.295229,92.700014,23270809
2018-09-27,119.363029,120.579004,118.902085,120.051378,93.295763,15637012
2018-09-28,120.008748,120.391357,119.034711,119.553783,92.917206,24674920
2018-10-01,119.992412,120.270813,119.339782,119.489077,92.891328,5629899
2018-10-02,119.206561,119.479285,117.549849,118.01452,91.75304,16262922
2018-10-03,117.760033,118.660527,116.999474,118.040277,91.781106,15388570
2018-10-04,117.972106,118.985876,117.673526,118.607631,92.230326,10356130
2018-10-05,118.908706,119.073819,116.767583,117.561389,91.424769,16435274
2018-10-08,117.657786,118.720964,117.217003,117.411527,91.332227,22499962
2018-10-09,117.517926,118.359008,117.300739,118.021399,91.814679,16885844
2018-10-10,118.307996,118.66976,117.620611,117.824968,91.669896,18350544
2018-10-11,117.651124,118.522008,117.358645,117.992266,91.8081,19841551
2018-10-12,118.258933,118.421739,116.756082,117.620459,91.526821,18566108
2018-10-15,117.426869,117.607082,116.846991,117.24285,91.256965,15813149
2018-10-16,117.220341,118.033052,116.315305,116.697119,90.840149,13547524
2018-10-17,116.964531,117.51749,116.530521,117.324817,91.336768,17062222
2018-10-18,117.846502,117.993339,116.475358,117.199931,91.247539,15262381
2018-10-19,117.085806,118.360609,116.744626,118.125245,91.976012,13697737
2018-10-22,118.136904,118.516602,118.055605,118.215647,92.070597,14105459
2018-10-23,118.173431,118.541596,118.098035,118.333963,92.170821,11750204
2018-10-24,118.368001,118.640655,117.174568,117.59508,91.603327,17789930
2018-10-25,118.013029,118.245889,117.476551,117.888066,91.839601,18326347
2018-10-26,117.780785,118.649456,117.682364,118.233552,92.116819,21796877
2018-10-29,118.369683,119.4008,117.284004,117.532925,91.595025,25047040
2018-10-30,117.036688,118.647083,116.645902,117.950785,91.928723,14648226
2018-10-31,117.917537,118.19277,117.254425,117.528548,91.607664,15313526
2018-11-01,117.526841,118.763461,116.286035,116.424867,90.755351,16118934
2018-11-02,116.787847,117.213347,115.983763,116.593422,90.894705,12834813
2018-11-05,116.864897,117.189394,116.561474,117.122199,91.330935,14578478
2018-11-06,117.149147,118.021806,115.913641,116.090517,90.534369,25029946
2018-11-07,116.23993,116.824125,115.863808,116.579084,90.923348,13975457
2018-11-08,116.726413,116.852127,115.941098,116.214493,90.646935,13418603
2018-11-09,116.488045,116.654702,115.545025,115.923296,90.427725,15462621
2018-11-12,115.869308,116.195005,115.304727,115.596492,90.1965,9286009
2018-11-13,115.687848,115.742014,114.886378,115.018454,89.753337,20643489
2018-11-14,114.839138,117.045294,114.753748,115.894394,90.44479,13577219
2018-11-15,116.445443,116.660423,115.157697,115.589321,90.214613,18637813
2018-11-16,115.321484,116.874731,114.746388,116.580979,90.996549,20640651
2018-11-19,115.482012,117.082378,115.170747,116.8268,91.212394,9891168
2018-11-20,117.981943,118.813034,114.726053,115.131397,89.896586,16508607
2018-11-21,114.908672,115.227057,114.505009,114.850774,89.685327,22900149
2018-11-23,115.197376,115.541812,113.386459,113.846808,88.916924,15313084
2018-11-26,114.173592,114.641864,112.340789,112.673187,88.023432,10594297
2018-11-27,112.715836,113.591114,112.532364,113.438209,88.628853,29041080
2018-11-28,113.148199,114.477257,113.057892,114.370762,89.365282,24150093
2018-11-29,114.646456,115.577713,113.664715,114.089595,89.153398,13037861
2018-11-30,114.304684,114.963678,113.547322,114.10173,89.170693,25635902
2018-12-03,113.924371,115.049545,113.17998,113.59404,88.797268,16007430
2018-12-04,113.472982,113.851178,112.296131,112.88481,88.25059,22266568
2018-12-05,111.928824,112.89367,111.69162,112.402013,87.880849,11536395
2018-12-06,112.538551,113.926514,112.197476,113.321103,88.607197,16909983
2018-12-07,113.139359,113.395694,113.092459,113.198911,88.519409,15313267
2018-12-10,113.35915,114.236527,112.851799,113.415607,88.712174,16896633
2018-12-11,113.466225,113.675223,113.066714,113.571661,88.842021,20519421
2018-12-12,114.304746,114.738707,113.082481,113.825621,89.048484,11741938
2018-12-13,113.788399,114.027711,112.046402,112.801938,88.255364,15391196
2018-12-14,112.660968,113.383383,112.12596,113.150884,88.536133,19529815
2018-12-17,113.376757,113.585358,110.879956,111.285234,87.099225,20196080
2018-12-18,111.291653,111.976679,111.145198,111.44893,87.234987,9719813
2018-12-19,111.297397,111.76199,110.743224,110.886394,86.802275,21766951
2018-12-20,110.692669,110.949945,109.861081,110.013487,86.126505,14325729
2018-12-21,109.892961,110.546051,109.784091,110.327963,86.380267,23565825
2018-12-24,110.418723,110.855797,109.776107,109.916555,86.080781,15233559
2018-12-26,109.880412,109.963386,109.396389,109.685122,85.914588,15808651
2018-12-27,109.512879,110.238331,109.39779,109.727931,85.95565,18603177
2018-12-28,109.70443,109.917688,109.378971,109.548688,85.822758,12156180
2018-12-31,109.505747,109.646873,109.002351,109.544267,85.841854,15539556
2019-01-02,109.300335,109.649218,108.675333,108.809948,85.281363,17604736
2019-01-03,109.0999,109.386781,107.234417,107.370488,84.160539,12939946
2019-01-04,107.174737,107.52585,106.741887,106.960893,83.84683,15374279
2019-01-07,106.645326,108.032226,106.18818,107.904909,84.609082,11320994
2019-01-08,107.948868,109.176016,107.606515,108.320703,84.94255,15571344
2019-01-09,108.018524,108.618022,107.805005,108.369861,84.988545,14771357
2019-01-10,108.263242,108.494929,108.061725,108.285785,84.930049,13531814
2019-01-11,108.453066,109.771545,107.865916,109.200621,85.655071,13322721
2019-01-14,108.744675,111.74523,108.517395,111.275349,87.305396,19005903
2019-01-15,111.554142,112.22152,110.823832,110.97948,87.080889,14497949
2019-01-16,111.404391,112.020695,111.267844,111.547773,87.534474,11923342
2019-01-17,111.216113,111.835269,108.667134,109.399628,85.856289,12837311
2019-01-18,109.870824,110.37741,109.321652,109.540999,85.974769,15071608
2019-01-22,109.39236,109.52931,105.521965,106.243011,83.415524,15126247
2019-01-23,106.349066,106.558047,103.059567,103.499422,81.268546,21728331
2019-01-24,103.032834,105.043906,102.771024,104.39876,81.981895,19622474
2019-01-25,105.055053,105.358579,102.29753,102.824696,80.752894,29416311
2019-01-28,102.348181,104.463602,101.62014,104.167044,81.828605,13365028
2019-01-29,104.249468,105.126789,103.942409,104.381563,82.004305,23450754
2019-01-30,104.231744,105.003502,103.214507,103.393857,81.23546,16992512
2019-01-31,103.061516,103.48191,102.443305,103.286502,81.158222,13673088
2019-02-01,103.319954,104.422152,102.943039,104.258419,81.929091,17470876
2019-02-04,103.938359,104.501998,103.321216,103.380378,81.260458,10078110
2019-02-05,103.422441,103.847757,102.889501,102.935105,80.917547,19189664
2019-02-06,102.954013,103.570292,102.731393,103.317581,81.225329,12775870
2019-02-07,103.214394,103.533124,102.781153,103.303563,81.221424,13334424
2019-02-08,103.12259,103.225522,102.600421,102.781413,80.817969,13559257
2019-02-11,102.207149,103.691688,101.790076,103.302411,81.248986,17928146
2019-02-12,103.335856,104.329501,100.461015,100.905106,79.370422,14574909
2019-02-13,100.845361,101.069896,99.204244,99.590093,78.342916,9715231
2019-02-14,99.983009,100.228344,99.066375,99.56183,78.327545,15471602
2019-02-15,99.258066,99.588331,98.781148,99.141142,78.003414,18025847
2019-02-19,98.960356,100.487866,98.294747,100.187247,78.85411,13504211
2019-02-20,100.869333,101.298835,100.741148,101.041682,79.533575,10619253
2019-02-21,101.134053,101.728057,100.685924,101.494469,79.89698,13690170
2019-02-22,101.528225,102.499512,101.025493,101.197916,79.670511,9573226
2019-02-25,100.794471,100.843111,100.062615,100.174053,78.885181,12664932
2019-02-26,100.736576,101.027978,99.24218,99.385373,78.270968,17754380
2019-02-27,99.377353,99.832137,98.345447,98.712068,77.747518,40034414
2019-02-28,98.271791,99.835815,97.958799,99.183976,78.126046,18071693
2019-03-01,99.267548,99.651254,98.288252,98.340173,77.468178,12070524
2019-03-04,98.491426,98.788717,97.784465,97.894252,77.137173,15015721
2019-03-05,97.736763,99.348644,97.659598,99.076892,78.075891,11613047
2019-03-06,99.293285,99.523939,98.384853,98.502619,77.630146,22187031
2019-03-07,97.908614,98.138666,97.692019,97.788646,77.074214,17630874
2019-03-08,97.994028,98.26965,96.917114,97.33604,76.724204,10987966
2019-03-11,97.275092,99.003774,96.820186,98.606259,77.745874,21217001
2019-03-12,98.35477,100.054738,98.106838,99.433868,78.405269,15969207
2019-03-13,98.563784,100.091538,98.477117,100.032356,78.884098,10435146
2019-03-14,99.634495,100.04178,99.043979,99.340914,78.345701,16615770
2019-03-15,99.369378,100.013819,99.174731,99.971216,78.849699,33136649
2019-03-18,100.475108,100.751825,99.053319,99.732488,78.682086,13946249
2019-03-19,99.404009,99.736654,98.337866,99.311938,78.357165,10428286
2019-03-20,99.250223,99.877464,98.718434,99.367369,78.40777,17394170
2019-03-21,99.50634,101.880286,98.290694,100.999531,79.702641,14286310
2019-03-22,101.16336,101.882114,101.032547,101.30437,79.950207,18068522
2019-03-25,101.829193,101.942833,100.151457,100.257614,79.144897,15157377
2019-03-26,100.286156,100.358509,98.335984,98.716069,77.934806,16485773
2019-03-27,98.761747,101.030532,98.500879,100.379714,79.255171,16355038
2019-03-28,99.933046,100.236916,99.753002,99.855598,78.848261,13835760
2019-03-29,99.792435,99.925681,98.92693,99.421656,78.512489,18262347
2019-04-01,99.708219,100.097557,98.341816,98.514174,77.816308,10412197
2019-04-02,98.516498,98.582074,96.919874,97.066987,76.679893,15466382
2019-04-03,97.092268,97.99632,96.734285,97.198423,76.790451,18398835
2019-04-04,97.073262,97.446747,96.872679,97.406441,76.961535,13545797
2019-04-05,97.615764,98.307796,97.121473,97.881058,77.343309,17723257
2019-04-08,98.3216,99.127683,98.0436,98.392052,77.767522,18736733
2019-04-09,98.205372,100.147096,97.911722,99.821563,78.904298,23818599
2019-04-10,99.90573,100.159927,97.478658,98.502198,77.868223,15486803
2019-04-11,98.452579,100.133504,98.313809,99.483096,78.650535,8681226
2019-04-12,99.610117,100.557264,99.057635,99.145661,78.390629,18018810
2019-04-15,99.208516,99.487186,97.718203,98.091115,77.577228,10845235
2019-04-16,97.963817,98.008975,96.751511,97.760119,77.322228,14468861
2019-04-17,97.581139,98.342829,97.510741,98.077031,77.579682,16182890
2019-04-18,97.465615,97.802728,96.206931,96.64702,76.455231,17387851
2019-04-22,96.517449,97.478297,96.478303,96.81991,76.618846,23318619
2019-04-23,97.241721,97.650667,97.012329,97.319412,77.020876,10570139
2019-04-24,97.363346,98.212589,96.845907,97.715038,77.34076,12928775
2019-04-25,97.530955,98.791739,97.105347,98.283619,77.797603,17910851
2019-04-26,98.118934,99.321083,97.959791,99.180273,78.514239,26904150
2019-04-29,98.992531,99.73142,98.381547,99.606704,78.872542,15285832
2019-04-30,99.972555,100.493222,99.474303,99.664514,78.925233,11445541
2019-05-01,99.497792,99.574253,99.008838,99.297414,78.641414,18709598
2019-05-02,99.566345,100.22023,99.088678,99.775544,79.027005,15105895
2019-05-03,99.961751,100.17601,99.426048,99.563835,78.866231,20559624
2019-05-06,99.125928,99.449053,98.649476,99.013103,78.450603,19474314
2019-05-07,99.009129,100.187396,98.891618,99.595343,78.918841,17812857
2019-05-08,99.907033,100.035486,97.93136,98.485996,78.046638,11534946
2019-05-09,98.206192,98.909757,97.910281,98.705791,78.22767,15183375
2019-05-10,98.277768,98.648372,98.145575,98.586454,78.139937,16418290
2019-05-13,98.365707,98.522602,98.026532,98.12558,77.795092,24971594
2019-05-14,97.856232,98.337017,97.454448,98.29303,77.934675,11537219
2019-05-15,98.406559,100.222145,98.229738,99.609374,78.9853,11170230
2019-05-16,99.174928,101.380961,99.061946,100.423779,79.638059,13614817
2019-05-17,100.047673,101.10245,99.796551,100.986314,80.091177,15117952
2019-05-20,100.746755,101.877765,100.523123,101.427672,80.462359,11932164
2019-05-21,101.868264,102.015741,101.485753,101.781699,80.750282,18698080
2019-05-22,101.687407,101.762135,100.314772,100.751978,79.940338,16745885
2019-05-23,100.998215,101.442963,100.796117,101.113332,80.234079,13276543
2019-05-24,101.212115,101.50892,101.120467,101.323644,80.408007,18489331
2019-05-28,101.336446,102.116985,100.754623,100.924134,80.119038,8306550
2019-05-29,101.043748,101.090491,100.666044,100.894021,80.102151,14383648
2019-05-30,100.485802,100.832744,100.082688,100.35417,79.680531,17274791
2019-05-31,100.680936,100.755734,100.254772,100.328361,79.667018,21820831
2019-06-03,100.336614,101.078139,100.023033,100.938401,80.172497,23716077
2019-06-04,101.021054,101.100813,100.936776,100.979664,80.212298,15011498
2019-06-05,101.068869,101.308231,99.436938,100.128784,79.543378,21767479
2019-06-06,100.065738,100.535288,98.983966,99.580082,79.114415,13339888
2019-06-07,99.893098,99.987024,99.341007,99.386157,78.967263,22267960
2019-06-10,99.100824,99.497023,98.919866,99.112537,78.770559,23949474
2019-06-11,99.186808,99.410741,98.565453,99.349566,78.965858,16401946
2019-06-12,99.609142,100.412567,99.552788,100.108339,79.575924,12708968
2019-06-13,100.024391,100.117173,99.060598,99.646188,79.215501,25911215
2019-06-14,99.778746,99.838388,97.990465,98.756447,78.515064,14248440
2019-06-17,98.767192,99.487789,98.419095,99.387736,79.037733,16065340
2019-06-18,99.164607,100.223669,99.105464,100.073427,79.589999,17776733
2019-06-19,99.698949,101.673273,99.202,101.431821,80.677419,13839563
2019-06-20,101.33208,101.631952,100.928822,101.442239,80.692775,14470159
2019-06-21,101.647753,101.794156,100.286282,100.530861,79.974821,24062155
2019-06-24,100.612317,101.106643,99.971868,100.403334,79.894366,13937660
2019-06-25,100.490537,100.741241,99.448201,99.548138,79.220798,18993299
2019-06-26,99.928445,100.36915,99.535875,100.164213,79.718057,13061493
2019-06-27,100.381346,100.553134,99.484648,99.670041,79.331708,15688387
2019-06-28,99.65805,100.477605,99.461774,100.238459,79.791127,18678116
2019-07-01,100.653631,100.819009,99.405247,100.192965,79.775878,12051257
2019-07-02,99.958217,100.769904,99.913685,100.035344,79.657355,15724909
2019-07-03,100.04177,100.744829,99.717128,100.52172,80.051666,11745697
2019-07-05,100.647763,100.726738,99.771178,100.286155,79.878066,17824416
2019-07-08,100.713073,101.025895,99.618628,99.798644,79.510658,12515058
2019-07-09,99.754653,100.224731,98.755972,99.011642,78.890556,10514853
2019-07-10,98.560672,99.812457,98.165894,99.593103,79.360806,17143364
2019-07-11,99.498102,99.590185,97.999706,98.220848,78.274182,25529623
2019-07-12,98.773006,99.479697,98.262475,98.303552,78.346954,15392856
2019-07-15,98.285447,98.507965,97.783797,98.020043,78.141536,9508360
2019-07-16,98.147996,98.196352,97.326916,97.523232,77.75229,15804542
2019-07-17,97.600165,97.649429,96.755335,97.002832,77.344166,20344325
2019-07-18,96.737774,97.773883,96.606846,97.69253,77.900915,12843978
2019-07-19,97.746588,98.099827,97.130421,97.83669,78.022704,9719039
2019-07-22,97.685047,98.139557,97.028267,97.30687,77.620583,11291390
2019-07-23,97.206633,97.563351,97.019567,97.24628,77.579047,20551473
2019-07-24,97.366815,97.503326,96.895341,97.203207,77.55148,7133305
2019-07-25,97.189335,97.451167,96.129194,96.413369,76.928063,12801102
2019-07-26,96.390359,96.512887,95.545033,95.815515,76.457735,9161834
2019-07-29,95.976475,96.452093,94.954368,95.194579,75.982216,15816695
2019-07-30,95.380144,95.840732,95.279249,95.626251,76.333454,16406856
2019-07-31,95.917458,96.510882,95.192228,95.303239,76.082276,21316047
2019-08-01,95.629312,95.990577,94.386825,94.922594,75.78504,18128754
2019-08-02,94.779659,95.498889,94.453493,95.293375,76.087733,11142974
2019-08-05,95.583739,96.15311,95.266844,96.070533,76.728425,12397610
2019-08-06,96.216259,97.196035,95.644854,96.97142,77.454719,15701677
2019-08-07,96.964593,97.189631,96.431488,96.584821,77.152688,20414085
2019-08-08,96.622521,96.671179,95.573569,96.153253,76.814678,19446628
2019-08-09,95.854231,96.068175,95.114612,95.191206,76.052782,14962996
2019-08-12,95.367125,95.642509,95.096292,95.210522,76.088211,17666491
2019-08-13,95.354453,95.891674,94.992935,95.810518,76.574411,18908487
2019-08-14,95.592555,95.837238,93.981349,94.743987,75.728644,21755125
2019-08-15,94.793881,95.072873,94.611327,95.002838,75.942196,17013887
2019-08-16,94.889976,95.692557,94.433078,95.047313,75.984404,10863677
2019-08-19,95.695673,96.002258,95.427985,95.771954,76.583836,13296236
2019-08-20,95.462017,96.819095,95.396198,96.488968,77.163955,13712030
2019-08-21,96.043704,97.59257,95.184275,97.326277,77.840386,9625147
2019-08-22,97.445528,97.853572,96.456797,96.979329,77.569696,8471761
2019-08-23,97.228706,98.383598,97.06099,98.206442,78.558095,12909321
2019-08-26,98.259145,98.526571,97.881218,98.320848,78.670286,17060685
2019-08-27,98.324204,98.556268,97.131522,97.99221,78.414199,20935981
2019-08-28,98.057691,98.300251,97.160177,97.542818,78.061431,25676684
2019-08-29,98.038127,98.288927,97.586714,97.658874,78.161156,18024976
2019-08-30,98.458877,98.571091,97.138833,97.75754,78.246978,13726635
2019-09-03,97.952934,98.358768,96.185238,96.387222,77.177191,18715947
2019-09-04,96.195003,98.061374,96.135931,97.206074,77.839665,20656345
2019-09-05,97.720552,97.775061,96.797198,97.264321,77.893131,11622621
2019-09-06,97.164292,97.525875,96.239267,97.163207,77.818973,14048489
2019-09-09,96.499463,97.467165,94.277875,95.022059,76.124111,7875565
2019-09-10,95.451269,96.106637,93.381347,93.451955,74.872829,11399097
2019-09-11,93.243848,94.101905,93.051711,94.023588,75.337416,22868897
2019-09-12,94.009038,94.398969,93.803599,94.115887,75.417979,10291106
2019-09-13,94.553736,95.092646,94.457203,94.7515,75.933967,19598164
2019-09-16,94.402148,95.114855,94.100136,94.957456,76.119025,7984664
2019-09-17,95.261453,95.682635,93.784733,93.984099,75.345371,13177766
2019-09-18,94.303645,95.304559,94.236115,95.042227,76.200329,23178850
2019-09-19,94.732374,95.016086,94.582525,94.834918,76.04078,14532678
2019-09-20,94.750213,94.983497,94.087978,94.448114,75.737267,11164324
2019-09-23,94.135652,94.79,94.0327,94.198236,75.556748,11997105
2019-09-24,94.127052,94.20626,93.388148,93.481473,74.988399,14098325
2019-09-25,93.644947,93.888174,91.813997,92.437656,74.157573,21919148
2019-09-26,92.463543,93.243578,91.881123,92.555159,74.258345,10846519
2019-09-27,92.27221,93.513763,92.118657,93.341451,74.89576,16932251
2019-09-30,93.120566,93.596474,92.697594,93.340397,74.914601,15558506
2019-10-01,93.823974,94.538377,91.929778,92.438667,74.197377,16134642
2019-10-02,92.519456,92.797872,91.471061,92.243036,74.046838,13725240
2019-10-03,92.234701,93.607069,91.933102,92.92475,74.60061,13893463
2019-10-04,93.060698,93.24993,92.854368,93.191577,74.821376,14743416
2019-10-07,93.162067,93.797468,92.761726,93.5455,75.125275,22637987
2019-10-08,93.863091,94.233124,93.194084,93.954272,75.460166,25637890
2019-10-09,93.726001,94.022172,93.502749,93.774911,75.322709,30312749
2019-10-10,94.155907,94.414088,92.802194,92.947701,74.664812,11737399
2019-10-11,93.17397,93.54464,92.33051,92.406611,74.236658,16014070
2019-10-14,92.266804,92.486454,91.149842,91.795232,73.76488,10638098
2019-10-15,91.738878,91.786253,91.53503,91.725347,73.71518,14243251
2019-10-16,91.665791,92.584169,91.479019,92.267761,74.157589,18925862
2019-10-17,92.527217,92.627883,90.950723,91.320316,73.402537,18492189
2019-10-18,91.367253,92.395517,91.265558,92.185226,74.104237,16487630
2019-10-21,92.171002,92.997739,92.11528,92.491067,74.369635,26174695
2019-10-22,92.368281,92.7361,91.695992,91.978972,73.964353,9606066
2019-10-23,92.043041,93.240651,91.674433,92.766661,74.604304,19140795
2019-10-24,92.807245,93.221985,91.178765,91.721797,73.770472,9969247
2019-10-25,91.83187,92.064743,91.473104,91.809941,73.847834,16612972
2019-10-28,91.62853,91.752905,91.049267,91.683738,73.765708,15775264
2019-10-29,91.796859,92.336747,90.504039,90.811549,73.070375,26546585
2019-10-30,90.349673,92.461862,89.873952,91.272202,73.447468,22572894
2019-10-31,90.9279,91.218753,88.480668,88.985074,71.613272,16312298
2019-11-01,88.952135,90.802671,88.622892,90.118825,72.532045,10200044
2019-11-04,90.343065,90.744396,88.954252,89.238167,71.842128,19355873
2019-11-05,89.741077,89.982416,89.124807,89.265692,71.870584,23502719
2019-11-06,89.018437,89.759629,88.617364,89.202761,71.826209,11666705
2019-11-07,89.256776,89.295721,88.178235,88.720369,71.444045,13881675
2019-11-08,89.225263,89.657462,88.897745,89.425342,72.018049,18579914
2019-11-11,89.365495,90.127434,89.194742,89.806615,72.344117,9842255
2019-11-12,89.96402,90.125865,89.541759,89.810021,72.353199,22831639
2019-11-13,89.566123,90.110972,88.838469,89.416892,72.042796,15146409
2019-11-14,89.310383,89.484205,87.882317,88.170341,71.04468,12587152
2019-11-15,88.275371,88.743818,87.13629,87.321344,70.366751,13846677
2019-11-18,87.173698,87.545222,86.452873,86.844049,70.000525,15113177
2019-11-19,86.849478,87.011995,86.580095,86.773408,69.949713,12717722
2019-11-20,86.740003,86.81867,86.311512,86.56629,69.788866,8883755
2019-11-21,86.690058,86.950275,85.85064,85.898212,69.256335,18991014
2019-11-22,85.933152,86.008047,85.612049,85.913102,69.274409,8371453
2019-11-25,85.827476,86.78636,85.581412,86.453388,69.728383,11459340
2019-11-26,86.292823,86.93404,85.472271,85.577882,69.028297,16235778
2019-11-27,85.574038,85.955169,84.857834,85.125802,68.669659,9989218
2019-11-29,85.17948,85.865582,84.798939,85.693458,69.139693,11939886
2019-12-02,85.611241,85.689428,85.401488,85.558968,69.049329,16677538
2019-12-03,85.683338,86.569385,85.346523,86.328511,69.676483,13265489
2019-12-04,86.271654,86.426612,84.13315,84.360462,68.094019,15469664
2019-12-05,84.634279,84.886121,83.671447,83.960152,67.776835,11531735
2019-12-06,83.99252,84.143746,83.647731,83.837065,67.683402,14100745
2019-12-09,84.09757,84.694605,84.042913,84.455623,68.200701,12150034
2019-12-10,84.738209,84.909054,83.679455,84.405308,68.166041,17955570
2019-12-11,84.336357,85.041231,84.155791,84.805607,68.495325,17109597
2019-12-12,84.916593,85.492061,84.750227,85.161638,68.788909,14605228
2019-12-13,85.383851,85.568322,84.67621,84.921954,68.601315,9540513
2019-12-16,84.967485,85.023925,84.167579,84.30917,68.124201,14379636
2019-12-17,83.858666,84.267811,83.365329,83.53073,67.501113,15245921
2019-12-18,83.468195,83.642328,82.869346,83.234227,67.267402,12638725
2019-12-19,83.220726,84.406927,82.922284,84.126478,67.99445,18882958
2019-12-20,84.34881,84.413446,83.459211,83.600555,67.575297,13078892
2019-12-23,83.886706,84.190849,83.195872,83.238422,67.300268,19062551
2019-12-24,83.377327,83.478373,83.291299,83.428033,67.459483,12196519
2019-12-26,83.529635,83.782048,82.686375,82.923446,67.063226,15703642
2019-12-27,83.051244,83.242229,82.8096,83.011744,67.140518,15612816
2019-12-30,83.272439,83.544712,81.086774,81.313503,65.784256,15266812
2019-12-31,81.284075,82.649282,81.039781,82.369951,66.644782,15924862
2020-01-02,82.436121,82.63916,82.383909,82.581726,66.827836,19646698
2020-01-03,83.178068,83.253784,81.152923,81.432739,65.903812,18290490
2020-01-06,81.659014,81.803955,81.272715,81.57244,66.034226,12834913
2020-01-07,81.866746,81.901806,81.494824,81.844097,66.259942,16163022
2020-01-08,81.818369,82.348637,81.568499,82.043308,66.42704,11112013
2020-01-09,82.323227,82.3657,81.352738,81.39433,65.907363,19273285
2020-01-10,81.715739,81.996044,81.073143,81.353275,65.879891,9625943
2020-01-13,81.87405,81.969194,81.747067,81.823578,66.278161,10394970
2020-01-14,82.055663,82.348545,80.042404,80.224006,64.98818,23240924
2020-01-15,80.297226,81.048461,80.089176,80.482539,65.203326,16073827
2020-01-16,80.385814,81.36283,80.037156,81.229367,65.814138,27514058
2020-01-17,81.319569,81.379511,79.1197,79.251214,64.217013,12361706
2020-01-21,79.472943,79.522655,79.219047,79.472455,64.418855,12472631
2020-01-22,80.034659,80.251183,79.505947,79.548309,64.485991,12467809
2020-01-23,79.38177,80.122267,79.264148,80.056421,64.903579,14078026
2020-01-24,79.766597,80.274367,79.647549,80.014796,64.875516,10033770
2020-01-27,79.796651,80.255552,79.602234,79.936273,64.828887,19626970
2020-01-28,79.432976,80.278187,79.351968,79.950571,64.846163,13895196
2020-01-29,79.616489,80.372797,79.372362,80.301842,65.136778,11994147
2020-01-30,80.417921,81.074388,80.335597,80.638024,65.415203,16697030
2020-01-31,80.995122,81.198065,79.437183,79.581025,64.5634,22537039
2020-02-03,79.677754,79.999912,77.847945,77.936054,63.245471,23300788
2020-02-04,77.927402,78.333747,77.511291,78.172994,63.443306,19949286
2020-02-05,78.244769,78.745308,77.722095,78.067103,63.362919,12622764
2020-02-06,78.551469,78.617364,77.382916,77.526141,62.929361,13504705
2020-02-07,77.820462,78.370447,76.446759,76.714829,62.276261,22804481
2020-02-10,77.132121,77.669163,77.082695,77.566347,62.984066,16587087
2020-02-11,77.51224,77.792867,76.532128,76.881202,62.433197,28903454
2020-02-12,76.974487,77.245476,76.68496,76.97315,62.513341,10313253
2020-02-13,77.077725,77.258188,76.767036,77.137483,62.652292,11628389
2020-02-14,77.560432,77.87091,76.355445,76.619492,62.237024,11829001
2020-02-18,76.624316,77.251351,76.088531,76.849631,62.445843,16364887
2020-02-19,76.793312,77.680384,76.688923,77.53544,63.008633,11380249
2020-02-20,77.426611,77.538188,77.203438,77.340164,62.85545,8425378
2020-02-21,77.580662,78.471263,77.532493,78.299777,63.640916,18752883
2020-02-24,78.191503,79.336545,78.082395,78.889283,64.136913,11018983
2020-02-25,79.01346,79.277666,78.355152,78.817612,64.084259,21504118
2020-02-26,78.936119,79.008257,78.496175,78.84349,64.110916,18964884
2020-02-27,79.045462,79.83921,78.557581,79.447356,64.607605,20487000
2020-02-28,79.411196,79.61734,78.926273,79.162365,64.381487,11988130
2020-03-02,78.977425,79.272296,78.59503,79.179121,64.412041,11687761
2020-03-03,78.854052,78.887357,78.064008,78.440683,63.816914,13833483
2020-03-04,78.436175,78.620499,77.786672,78.069023,63.520109,24476402
2020-03-05,77.708994,78.857324,77.540161,78.689994,64.030965,11937184
2020-03-06,78.71026,78.815837,78.193109,78.238928,63.669505,18317655
2020-03-09,78.536208,78.615054,78.03991,78.551799,63.940918,12308864
2020-03-10,78.548491,78.663725,78.500733,78.61916,64.001356,14335931
2020-03-11,78.549286,79.108781,78.253783,78.884924,64.223333,15184796
2020-03-12,78.862899,79.091133,78.527332,78.898752,64.240218,20367095
2020-03-13,78.892495,79.45492,78.643688,79.225153,64.51163,9458382
2020-03-16,79.420692,79.462391,78.281684,78.771895,64.159411,10242258
2020-03-17,78.989302,79.223526,78.629534,78.691728,64.099731,18765641
2020-03-18,78.656005,79.327459,78.434763,79.227462,64.541776,14634055
2020-03-19,79.553784,79.941538,78.87559,78.914942,64.292818,14605210
2020-03-20,78.7659,78.974505,77.759943,78.303623,63.80036,17650719
2020-03-23,78.443109,78.745306,78.133156,78.20566,63.737291,13754298
2020-03-24,78.172207,78.246729,77.770762,77.847645,63.451069,11945314
2020-03-25,77.746453,78.490087,77.668433,78.234808,63.77222,15364336
2020-03-26,78.271067,78.467773,76.878457,77.276375,62.996483,13834092
2020-03-27,77.316335,78.063042,77.144627,77.69404,63.342517,12512543
2020-03-30,77.778503,78.031315,77.570074,77.611003,63.291452,9771302
2020-03-31,77.535524,77.988708,77.469444,77.932205,63.558959,17766525
2020-04-01,77.961141,78.24679,77.2221,77.362742,63.100052,7583325
2020-04-02,77.480231,77.801733,76.488706,76.522161,62.41991,22106783
2020-04-03,76.8628,77.32878,76.783979,77.188107,62.968645,13648521
2020-04-06,77.090622,77.533709,76.986956,77.379687,63.141526,15928854
2020-04-07,77.703724,77.998159,76.579608,76.632829,62.537571,12902169
2020-04-08,76.852334,77.194503,76.761559,76.878076,62.743206,9820134
2020-04-09,76.941783,77.205225,76.457173,76.68176,62.588468,12878047
2020-04-13,76.774025,77.020448,76.62395,76.688427,62.61585,10685777
2020-04-14,76.580705,76.952229,75.925384,76.042209,62.093655,17005483
2020-04-15,76.040717,76.276208,75.877649,75.982766,62.050552,15179939
2020-04-16,76.125372,76.195237,75.497559,75.636597,61.773268,10952304
2020-04-17,75.616406,75.866386,75.400696,75.563897,61.7193,17693355
2020-04-20,75.360371,76.265942,75.257769,76.147906,62.212658,15880723
2020-04-21,75.767739,76.400863,75.662764,76.07183,62.155949,14914751
2020-04-22,75.700028,76.251136,75.488654,76.053682,62.146566,11085277
2020-04-23,76.318715,76.790525,74.064335,74.246124,60.674852,16191808
2020-04-24,74.288347,76.172927,73.227445,75.805611,61.954712,24317484
2020-04-27,75.143889,75.668081,73.299962,73.381274,59.989105,11848193
2020-04-28,73.418281,73.953095,72.578687,73.39622,60.006581,16087979
2020-04-29,73.521378,74.029879,73.217531,73.737123,60.290575,32541977
2020-04-30,73.827515,76.781642,72.581541,75.719923,61.917219,14462779
2020-05-01,75.755066,76.96042,75.437016,76.545079,62.597445,19571961
2020-05-04,77.32664,78.306289,75.835313,76.375201,62.47494,15983639
2020-05-05,75.887802,77.842084,75.503163,77.602849,63.484718,24550614
2020-05-06,77.760435,77.888181,76.345537,76.693068,62.745949,18739381
2020-05-07,76.578832,76.632038,75.751872,76.470789,62.569574,10061073
2020-05-08,76.219744,77.416466,75.870091,77.327748,63.276294,17122225
2020-05-11,77.227139,77.727355,76.434042,76.528306,62.638582,13755061
2020-05-12,75.542417,75.620692,74.316574,74.450396,60.943148,22013973
2020-05-13,73.354827,75.384958,73.130218,75.009498,61.406194,11246262
2020-05-14,75.667829,75.824445,72.238505,73.007256,59.772304,27717486
2020-05-15,73.115339,73.843562,70.525478,70.843454,58.005843,13161119
2020-05-18,71.230998,75.809185,70.520749,74.983973,61.412194,15271527
2020-05-19,74.973734,76.591093,74.469014,74.904942,61.352842,8760376
2020-05-20,75.016878,75.662571,72.320568,72.829688,59.658278,13941037
2020-05-21,72.821602,75.297387,72.621685,75.256266,61.651405,16402823
2020-05-22,74.541842,75.945442,74.168751,75.669282,61.995187,11830904
2020-05-26,75.947689,80.509415,75.91263,79.731106,65.3459,11495182
2020-05-27,79.527084,79.7386,77.408415,77.558724,63.571032,20346779
2020-05-28,77.450477,77.57319,74.765296,75.345202,61.762129,26422588
2020-05-29,76.288271,77.631799,75.78354,76.261115,62.5184,19119169
2020-06-01,76.644203,76.698877,75.329024,75.777644,62.138383,12668806
2020-06-02,75.929378,76.212212,73.128895,74.374986,60.993534,18963805
2020-06-03,74.32347,76.117864,73.628893,75.665509,62.057305,14194865
2020-06-04,75.848138,78.0411,74.609911,76.153717,62.463182,16396546
2020-06-05,75.909542,76.093781,72.841944,74.307472,60.954186,11194908
2020-06-08,74.717806,76.3059,74.652975,76.254175,62.567503,13807360
2020-06-09,76.907727,76.97078,75.334239,75.371505,61.84868,14628142
2020-06-10,75.701119,76.428326,74.648284,75.12925,61.655291,7802392
2020-06-11,75.882703,76.640836,73.594337,75.126314,61.658283,16763840
2020-06-12,75.094467,76.241885,74.225656,74.670356,61.289434,18232883
2020-06-15,74.484117,76.489115,73.734334,75.59465,62.064406,10496396
2020-06-16,75.003267,75.157388,72.6996,74.260644,60.974507,14563759
2020-06-17,73.973911,74.361485,71.340716,71.991948,59.116888,21231682
2020-06-18,71.796618,72.398805,70.68063,71.62175,58.818049,12817583
2020-06-19,71.488463,73.732636,70.790479,72.386727,59.451481,21277938
2020-06-22,71.946229,72.616972,69.883026,70.29709,57.750431,16865934
2020-06-23,69.898409,71.832702,69.15774,71.607855,58.832404,12841250
2020-06-24,71.539996,72.14472,69.273494,69.675324,57.249669,16285207
2020-06-25,69.208525,70.302436,68.956664,69.936909,57.469639,15777852
2020-06-26,69.662855,72.847706,69.49872,71.857858,59.053324,13982910
2020-06-29,71.63101,72.322024,69.737478,69.932955,57.486531,19716274
2020-06-30,70.578209,70.677181,68.650342,68.906512,56.647734,12428236
2020-07-01,69.056333,69.481023,67.629424,68.135032,56.018412,19103234
2020-07-02,68.392336,69.610712,67.979234,69.38886,57.054266,8889116
2020-07-06,68.508218,72.846262,67.997808,72.021392,59.239595,15953647
2020-07-07,71.866297,72.010108,69.673629,70.48043,57.977191,12600785
2020-07-08,69.453499,73.509451,69.179333,72.628265,59.749234,13618742
2020-07-09,73.227654,74.283498,70.022131,70.516811,58.017282,25522919
2020-07-10,69.781882,69.998391,67.083316,67.515367,55.552729,15382163
2020-07-13,67.533648,68.219774,67.372917,68.1799,56.114264,17455331
2020-07-14,68.229252,69.81723,66.969162,69.051347,56.836472,14681202
2020-07-15,68.95684,69.39358,67.408971,67.811988,55.821241,22099383
2020-07-16,68.037881,68.858407,67.041658,67.840715,55.849782,15255120
2020-07-17,67.773177,68.47422,67.50949,68.250462,56.192028,10474807
2020-07-20,68.369711,71.261176,67.927092,70.874244,58.367581,15871499
2020-07-21,70.426562,74.942778,70.285347,74.042666,60.982237,38619686
2020-07-22,73.485449,75.245373,73.253309,74.808154,61.618098,11351322
2020-07-23,74.946722,75.008737,72.972704,73.464192,60.516403,18245161
2020-07-24,73.004903,75.943614,72.768812,75.837959,62.477277,22543097
2020-07-27,76.443543,77.546786,74.9252,75.001661,61.804555,10304607
2020-07-28,75.372637,76.08118,74.6551,75.802008,62.469548,11990671
2020-07-29,76.354858,77.231919,73.699061,74.197637,61.152719,21772520
2020-07-30,74.165679,75.289471,73.616317,74.811642,61.664176,13820565
2020-07-31,74.935353,76.702045,74.198849,76.071376,62.708017,15716874
2020-08-03,75.694648,76.065951,74.861999,75.749727,62.459286,17071984
2020-08-04,74.940244,75.506806,74.494465,75.454055,62.220941,15067156
2020-08-05,75.811013,75.940082,73.364667,73.824365,60.8824,13586864
2020-08-06,74.015659,74.347411,73.938185,74.035561,61.061921,14837637
2020-08-07,73.82914,73.999833,72.666353,73.044547,60.249846,17643680
2020-08-10,73.189447,73.886146,72.172382,73.560104,60.691046,15454445
2020-08-11,73.692189,74.179049,73.216617,74.01807,61.074243,12385264
2020-08-12,73.105372,74.99511,72.888245,74.304472,61.315933,16352528
2020-08-13,74.441173,75.949087,74.352137,75.079636,61.961025,8890335
2020-08-14,75.509424,76.63506,73.810683,74.007781,61.081805,18040887
2020-08-17,74.744306,74.96887,73.062033,73.768368,60.900213,14279169
2020-08-18,73.697887,74.199713,73.058101,74.032031,61.123237,11711263
2020-08-19,73.621428,75.650692,73.022333,75.236709,62.1233,15706308
2020-08-20,75.21392,76.557343,75.024126,76.153896,62.886135,11706277
2020-08-21,76.186718,76.306828,74.823384,75.290412,62.178537,13798015
2020-08-24,74.373324,76.270827,74.188941,75.437062,62.316025,14493624
2020-08-25,75.100619,76.888475,75.036317,76.662586,63.333938,14246322
2020-08-26,77.751461,78.808174,76.290093,78.546197,64.895747,18031665
2020-08-27,77.5641,77.82173,76.503869,76.808976,63.465995,15606218
2020-08-28,77.136684,77.368845,76.140057,77.180997,63.778978,23402917
2020-08-31,77.270146,79.396373,76.986879,78.506554,64.891413,15415207
2020-09-01,78.937144,79.947888,78.674596,79.536295,65.748329,18050601
2020-09-02,79.349285,80.557226,76.287636,77.728654,64.259681,17971698
2020-09-03,77.924915,79.650132,77.821134,78.829422,65.175415,23269457
2020-09-04,78.761704,78.899576,73.541863,74.477264,61.582488,15136177
2020-09-08,74.128267,76.513977,73.913912,75.032736,62.063533,16192664
2020-09-09,75.507501,75.606058,71.190727,72.954005,60.349392,11832991
2020-09-10,73.356957,73.61249,70.424934,72.01507,59.577901,19845986
2020-09-11,72.020848,72.883669,69.601509,69.873684,57.811402,13356796
2020-09-14,70.647203,71.493901,67.990059,68.377756,56.588587,13965731
2020-09-15,68.078161,68.255923,67.673112,68.182194,56.431686,13006508
2020-09-16,69.068869,70.381729,65.670555,67.080376,55.52462,11071723
2020-09-17,66.495072,67.865899,66.338084,66.869308,55.354761,14527577
2020-09-18,66.905886,67.727536,66.593075,66.958834,55.433728,12958408
2020-09-21,67.494589,68.322547,67.322229,68.079079,56.375969,12644117
2020-09-22,67.633665,69.76114,67.371024,69.443384,57.510782,17442002
2020-09-23,68.530059,71.637981,67.897343,71.431004,59.162048,17258534
2020-09-24,72.218247,72.268353,71.11032,71.616839,59.321161,10990681
2020-09-25,71.066771,72.61723,70.338779,72.328251,59.915682,11132348
2020-09-28,72.02796,72.859534,71.456377,71.95887,59.625362,9796844
2020-09-29,72.39474,72.761391,72.04268,72.245842,59.868392,14247365
2020-09-30,72.147061,73.9204,71.626009,73.388122,60.820301,14113775
2020-10-01,72.971504,73.018279,72.533346,72.864001,60.391227,12736222
2020-10-02,73.016516,73.578615,71.116919,72.940845,60.460214,15267494
2020-10-05,73.580839,74.088304,72.576825,73.22156,60.708851,18215535
2020-10-06,72.525145,75.404541,71.783124,74.947507,62.145299,11971543
2020-10-07,75.417651,76.036565,74.71488,75.600356,62.692122,11755617
2020-10-08,76.128483,77.321715,76.084744,76.882111,63.760613,21784087
2020-10-09,77.013448,78.412405,76.257103,77.223954,64.049724,12092377
2020-10-12,77.177728,77.604445,75.559517,76.424387,63.403224,14312401
2020-10-13,76.516892,76.740773,75.817933,76.150859,63.181835,20745775
2020-10-14,76.428891,77.201477,76.282016,77.090218,63.966818,15495436
2020-10-15,76.732076,79.868656,76.560414,79.402412,65.89117,22423298
2020-10-16,79.027665,81.21965,78.910853,80.740621,67.007538,17898542
2020-10-19,80.995472,82.396753,80.788997,82.059815,68.120254,10728046
2020-10-20,81.062006,84.789203,80.516592,84.443642,70.10528,13893520
2020-10-21,84.140894,84.426714,83.637938,83.888292,69.650329,19573306
2020-10-22,83.963821,85.650905,82.8526,85.288331,70.81895,12728692
2020-10-23,85.048131,87.065306,84.097229,86.594452,71.909785,14140677
2020-10-26,85.70617,88.238124,85.64747,88.053573,73.140689,11400236
2020-10-27,88.227794,88.738288,86.057633,87.460526,72.654447,13724883
2020-10-28,88.852052,90.764951,88.023874,88.142871,73.227694,12962499
2020-10-29,88.049971,89.381135,87.547461,87.674772,72.845186,13253246
2020-10-30,87.501696,87.53881,85.837905,86.181307,71.610604,13267398
2020-11-02,85.691069,86.550808,85.405733,86.30546,71.732618,11055585
2020-11-03,86.260667,86.669149,83.972253,84.333616,70.099865,22227609
2020-11-04,84.430467,84.525963,84.148372,84.467827,70.217576,8716141
2020-11-05,84.548692,84.881185,82.828437,83.634688,69.531083,25519624
2020-11-06,83.952358,84.337506,82.593653,83.38061,69.325925,16412538
2020-11-09,82.994454,84.84842,82.600189,84.226088,70.047297,19744041
2020-11-10,83.722021,84.55931,83.522458,84.209307,70.039478,12932949
2020-11-11,84.623591,85.555248,84.173504,85.221258,70.887358,19607767
2020-11-12,85.07784,85.629737,84.43538,85.502156,71.127241,13975636
2020-11-13,85.467103,85.52459,85.349393,85.425929,71.070056,10858496
2020-11-16,85.390657,85.608458,85.094414,85.470857,71.126126,14505460
2020-11-17,85.281149,85.616915,84.912506,85.32988,71.015031,16675045
2020-11-18,85.711247,86.138992,85.657964,85.957062,71.543265,15917323
2020-11-19,86.282639,86.653236,86.188236,86.501247,72.002506,11436529
2020-11-20,86.872061,87.435737,85.24621,85.61911,71.274471,17605083
2020-11-23,85.548344,86.582617,85.078728,86.358848,71.909171,10191489
2020-11-24,86.137051,87.46063,85.891366,87.048206,72.489535,19509232
2020-11-25,87.132308,88.255248,86.843032,87.952644,73.249124,16820934
2020-11-27,87.871592,87.975964,85.668017,85.755147,71.43151,15228353
2020-11-30,85.749525,86.552536,85.331746,86.299169,71.903561,27815968
2020-12-01,86.131539,86.45774,85.956461,86.371262,71.969933,14267517
2020-12-02,86.348163,86.397351,85.847885,86.122456,71.7689,21171633
2020-12-03,86.040756,86.139245,85.779456,86.032794,71.700463,17465313
2020-12-04,85.799815,86.542058,85.534255,85.975688,71.659148,10384884
2020-12-07,85.869643,86.277163,85.683608,86.052386,71.741928,14872503
2020-12-08,86.146633,86.584525,85.585246,85.657105,71.418639,12838205
2020-12-09,86.006734,86.33641,85.711422,85.8512,71.586742,17720840
2020-12-10,86.065144,86.175299,85.496678,85.649064,71.424449,13728469
2020-12-11,85.324312,85.511667,85.270894,85.472626,71.283559,13793093
2020-12-14,85.649687,86.019608,85.3979,85.53661,71.355673,25198890
2020-12-15,85.666477,86.324705,85.220344,86.10833,71.838902,13015562
2020-12-16,86.064976,86.155669,85.705585,85.909327,71.679157,13324561
2020-12-17,85.707355,85.913547,85.613722,85.780746,71.578145,18800048
2020-12-18,85.782122,86.119753,85.615373,85.839133,71.63314,10874045
2020-12-21,86.14537,86.192761,85.452273,85.650701,71.494681,29038477
2020-12-22,85.877304,86.022779,85.645645,85.717514,71.556721,16158708
2020-12-23,85.615628,86.115684,85.463607,85.996832,71.796184,15282364
2020-12-24,85.9801,86.60521,85.917086,86.541415,72.257171,21628184
2020-12-28,86.443594,87.73426,86.034107,87.549118,73.124167,10864820
2020-12-29,87.40004,87.480532,87.055077,87.116751,72.769414,9406770
2020-12-30,87.08021,87.309499,86.60425,86.922917,72.613864,11921693
2020-12-31,86.54805,86.806705,86.302156,86.719938,72.450646,17678253
2021-01-04,86.888475,87.213666,86.592956,86.752199,72.503002,17208599
2021-01-05,86.405372,86.694851,86.216068,86.544023,72.335357,14443094
2021-01-06,86.457259,86.513549,85.834956,85.956124,71.850273,14065933
2021-01-07,85.82151,86.880108,85.543911,86.653871,72.439862,16377501
2021-01-08,86.772567,87.676385,86.703619,87.299474,72.98596,21309347
2021-01-11,87.401431,87.457213,86.402595,86.80891,72.594907,14255464
2021-01-12,86.447232,86.768752,86.25904,86.562318,72.395033,14249300
2021-01-13,86.276313,86.666144,86.015591,86.443957,72.302378,16584659
2021-01-14,86.366937,87.650617,85.911401,87.3583,73.073543,15407937
2021-01-15,87.545851,88.052392,87.131565,87.857819,73.49782,17925811
2021-01-19,88.048052,89.015679,87.876958,88.887467,74.38524,13379348
2021-01-20,88.937683,89.150112,88.5434,88.811223,74.327947,16676921
2021-01-21,88.790242,89.662417,88.190393,89.069738,74.550834,24430854
2021-01-22,88.890869,89.19984,88.816985,89.161105,74.633847,13442711
2021-01-25,88.931654,89.485038,88.786222,89.443608,74.890002,17279465
2021-01-26,89.303983,90.490328,89.206896,90.134874,75.475402,8244830
2021-01-27,90.100539,90.285841,87.547765,87.676333,73.423149,11569434
2021-01-28,87.680648,87.75333,87.300913,87.680745,73.433277,10471491
2021-01-29,87.713071,88.306181,87.63283,88.15021,73.832926,8427003
2021-02-01,88.098543,88.684261,87.80591,88.393718,74.056345,22049083
2021-02-02,88.250923,88.421297,87.823368,87.940881,73.683413,16015375
2021-02-03,87.144252,88.671974,87.063802,88.429306,74.099144,20829028
2021-02-04,88.084835,89.487587,88.023703,89.325772,74.856894,11462915
2021-02-05,89.652989,89.746067,88.031686,88.693123,74.333233,14255737
2021-02-08,89.259702,89.830179,88.0645,88.170739,73.91485,6601273
2021-02-09,88.276923,88.583403,86.867649,87.3212,73.209082,21426833
2021-02-10,86.892213,89.244133,86.643976,88.892367,74.53286,17258863
2021-02-11,88.70581,89.187424,88.644973,88.813635,74.473371,14073130
2021-02-12,88.763183,90.882335,88.505292,90.173919,75.620642,13544051
2021-02-16,90.163195,90.640693,88.753843,89.062722,74.714961,16448053
2021-02-17,89.294997,89.523669,88.950829,89.053576,74.713834,31822831
2021-02-18,88.991124,90.441293,88.766971,90.273889,75.744284,23214324
2021-02-19,90.236582,90.863023,89.390862,90.587058,76.013707,17748472
2021-02-22,90.789529,91.151363,90.133099,90.413491,75.888007,18178003
2021-02-23,90.627149,90.684299,89.450484,89.928462,75.487513,13147499
2021-02-24,89.927535,90.705716,89.224997,90.427257,75.912862,16196991
2021-02-25,90.483901,90.890204,89.463194,89.667526,75.281669,11093244
2021-02-26,89.435981,90.879504,89.379778,90.397209,75.900935,19263247
2021-03-01,90.185742,90.699465,90.018925,90.54313,76.04344,9206766
2021-03-02,90.720419,90.908081,90.255713,90.659721,76.14803,24981675
2021-03-03,90.589445,91.341408,90.06806,91.212497,76.619038,12420663
2021-03-04,91.15587,91.787564,90.902095,91.747967,77.075588,18476779
2021-03-05,91.535695,92.335411,91.258842,92.18708,77.451263,17651472
2021-03-08,92.526121,93.600974,92.474693,93.188543,78.313226,15298851
2021-03-09,93.050222,94.60985,93.006816,94.302664,79.256448,16583034
2021-03-10,94.891942,95.47316,93.653878,93.759752,78.807063,11724377
2021-03-11,93.914634,94.586008,93.854883,94.425427,79.37353,6509614
2021-03-12,94.80732,96.287967,94.172496,96.122173,80.806885,23006620
2021-03-15,95.832598,96.612544,95.247853,95.748919,80.514262,16481642
2021-03-16,96.216719,96.693837,95.55631,96.415165,81.081605,27283393
2021-03-17,96.565327,97.177637,95.476005,95.958873,80.70495,10989262
2021-03-18,95.632559,95.940337,94.756097,95.754338,80.539985,10547115
2021-03-19,96.264131,96.93539,96.151547,96.388009,81.080075,14969237
2021-03-22,96.076002,96.667078,95.135878,95.382332,80.255206,17166179
2021-03-23,95.957494,96.882206,95.643172,96.837971,81.487128,14945788
2021-03-24,96.67263,97.522523,96.443831,97.080416,81.698298,8829617
2021-03-25,97.125035,97.558605,95.317527,95.73951,80.576913,23917684
2021-03-26,96.026696,97.107016,95.86254,96.84878,81.517646,16064957
2021-03-29,97.022556,97.268561,95.906583,96.110557,80.917549,24621410
2021-03-30,95.766447,96.58588,95.587125,96.501253,81.253602,18652392
2021-03-31,96.654165,96.767387,94.442085,95.034806,80.025872,23699028
2021-04-01,94.631486,95.215558,94.151789,95.147148,80.127491,11247455
2021-04-05,94.958546,95.441234,93.942468,94.325023,79.462987,8909837
2021-04-06,94.19097,94.837023,94.087745,94.781686,79.854693,8099704
2021-04-07,94.386482,94.459368,94.117339,94.255142,79.418032,21038782
2021-04-08,94.060072,94.274274,93.234233,93.60898,78.880495,11291544
2021-04-09,93.664067,93.843125,92.899482,93.371156,78.686984,9838923
2021-04-12,93.081464,93.434616,92.947424,93.278715,78.629745,12553038
2021-04-13,93.26139,93.351326,92.747009,92.942875,78.353511,21601821
2021-04-14,93.219711,93.574508,93.045609,93.474226,78.80836,11085347
2021-04-15,93.335491,94.092378,92.813851,93.628565,78.945399,14094935
2021-04-16,92.938023,94.218754,92.807791,93.637398,78.959764,17362232
2021-04-19,93.442355,94.504376,93.256605,93.327371,78.719021,6458883
2021-04-20,93.487101,93.713599,93.117102,93.477051,78.85218,24330453
2021-04-21,93.621664,93.838464,91.926032,92.071874,77.673654,9745807
2021-04-22,92.104747,92.343519,91.103347,91.367311,77.086024,6937967
2021-04-23,91.123051,92.671346,91.054764,91.884433,77.529109,13337079
2021-04-26,91.843198,92.03508,91.145863,91.580306,77.292808,13778718
2021-04-27,91.635343,91.988742,91.258241,91.406601,77.152962,14063128
2021-04-28,91.270196,91.583192,91.024845,91.288551,77.060072,15446073
2021-04-29,90.912392,92.060563,90.438846,91.548816,77.286542,13951836
2021-04-30,91.68361,92.077838,91.253326,91.581304,77.320742,6781207
2021-05-03,91.396541,91.754746,91.32357,91.419619,77.204524,17737779
2021-05-04,91.276836,91.734384,91.127922,91.606536,77.369154,14144302
2021-05-05,91.723589,92.464942,91.622554,91.790159,77.531031,15750784
2021-05-06,91.806376,91.947153,90.857324,91.066667,76.92667,20492986
2021-05-07,91.049866,91.626352,90.23094,90.624491,76.559857,10693751
2021-05-10,90.376961,91.498954,90.208495,91.083292,76.967681,17414340
2021-05-11,91.061922,91.379433,90.281752,90.578984,76.548235,8898736
2021-05-12,90.675508,90.8409,90.549472,90.645666,76.611299,8335762
2021-05-13,90.712036,90.878686,89.894588,90.007289,76.078425,14133146
2021-05-14,90.20177,90.701408,89.799468,90.246302,76.287133,22848288
2021-05-17,90.184076,91.000262,90.015381,90.788304,76.765473,19250914
2021-05-18,90.950411,91.142002,90.409386,90.865426,76.837414,21315502
2021-05-19,90.619049,91.888048,90.306424,91.519436,77.397237,13029960
2021-05-20,91.014183,91.605596,90.605465,90.80146,76.79678,14503577
2021-05-21,90.661066,90.745863,90.317756,90.603185,76.635799,14453840
2021-05-24,91.150227,91.494253,90.737572,90.827999,76.84615,13387221
2021-05-25,90.653587,91.575818,90.397903,91.332894,77.280094,9845135
2021-05-26,91.091051,91.444529,90.117065,90.874669,76.89911,16344691
2021-05-27,91.231089,91.836139,91.178535,91.482831,77.420525,17254969
2021-05-28,91.105337,91.516973,90.765695,91.186188,77.176243,12760012
2021-06-01,91.097223,92.219726,90.4264,92.065824,77.948041,31971144
2021-06-02,91.988897,92.5765,91.522056,92.504961,78.326702,17430124
2021-06-03,92.618984,93.342531,91.833033,92.202484,78.077425,26426771
2021-06-04,92.496978,92.926598,92.142311,92.863241,78.643847,18356646
2021-06-07,92.954913,94.695414,92.706738,94.575935,80.115344,12792851
2021-06-08,94.449849,94.581339,93.318577,94.381148,79.957345,11019228
2021-06-09,94.088701,94.437483,93.114664,94.369815,79.954749,19662615
2021-06-10,94.316075,94.469346,93.273286,93.369975,79.114565,12409152
2021-06-11,93.263398,93.509179,91.988833,92.218207,78.145492,14419218
2021-06-14,91.846919,92.823422,91.412664,92.711649,78.584286,6779847
2021-06-15,92.687666,93.229568,91.587381,91.823485,77.838278,10113803
2021-06-16,92.06742,92.674142,90.622557,90.750216,76.935215,15344706
2021-06-17,90.875909,91.46266,90.393031,90.559484,76.780244,15337825
2021-06-18,90.535582,90.957064,89.460178,89.526958,75.911474,14591613
2021-06-21,89.704112,91.214189,89.550193,90.685624,76.91414,18659932
2021-06-22,90.82061,91.476999,90.605607,91.240662,77.391671,18173871
2021-06-23,91.493537,91.872481,91.27884,91.610266,77.711982,15558970
2021-06-24,91.620151,91.924288,89.855986,90.302399,76.609245,15366158
2021-06-25,89.569692,90.66315,89.263479,90.372705,76.675607,12959830
2021-06-28,90.552753,90.905997,89.816529,90.779747,77.041203,14301900
2021-06-29,91.062505,92.565616,90.903498,91.802671,77.916145,17679777
2021-06-30,91.88085,92.013749,91.770954,91.882982,77.99114,18753910
2021-07-01,91.376495,92.079483,91.195481,91.639778,77.791522,20819021
2021-07-02,91.248092,92.377068,90.693036,92.329919,78.384238,20474356
2021-07-06,92.364519,92.666956,91.390737,91.834476,77.990954,8503549
2021-07-07,91.287409,92.709834,90.727214,92.605997,78.653063,12603336
2021-07-08,92.617756,92.859721,91.577266,91.971312,78.12085,17251109
2021-07-09,91.834372,92.010792,91.599591,91.856792,78.030413,28897032
2021-07-12,92.139496,92.619774,90.382944,90.514197,76.910118,17514904
2021-07-13,90.593383,91.733479,90.291936,91.56227,77.807485,14009859
2021-07-14,91.550065,92.63116,91.309874,91.977156,78.166893,18393582
2021-07-15,91.635783,92.261663,91.292902,92.032774,78.221013,15694808
2021-07-16,91.961503,93.178785,91.921037,92.709755,78.8033,13779401
2021-07-19,93.082429,93.921647,93.005377,93.412669,79.421649,17099942
2021-07-20,93.153849,93.548318,91.991826,92.30788,78.489208,33787987
2021-07-21,92.740689,93.569681,92.577316,93.426707,79.447504,15112419
2021-07-22,93.323785,95.456192,93.15353,95.381881,81.117237,32292969
2021-07-23,94.905765,94.970707,94.63567,94.793044,80.623525,10365812
2021-07-26,94.626324,95.154,94.479871,94.949052,80.777442,17888415
2021-07-27,94.784291,96.705093,94.573716,96.581674,82.173586,17243506
2021-07-28,96.384084,96.553264,95.46542,95.711402,81.440277,15738326
2021-07-29,95.589699,96.046758,95.398355,95.816582,81.536917,14711345
2021-07-30,96.060372,96.314767,95.180071,95.238013,81.051673,10537534
2021-08-02,95.417999,95.506317,94.74837,94.864604,80.755108,10681354
2021-08-03,94.923904,95.446201,94.614059,95.358443,81.182609,21279913
2021-08-04,95.494223,95.608004,95.065962,95.219673,81.071571,22344543
2021-08-05,95.188731,96.520576,94.720074,96.306156,82.003804,22440442
2021-08-06,96.833672,97.45335,96.450863,97.154896,82.733747,13818474
2021-08-09,97.1356,98.116581,97.029602,97.452817,83.009261,13236327
2021-08-10,97.527876,98.064036,96.839451,97.45857,83.021434,11346633
2021-08-11,97.351062,97.763669,94.87391,95.553023,81.405299,18319979
2021-08-12,95.511545,96.323573,95.218486,96.03979,81.827164,11261129
2021-08-13,96.025346,96.107917,95.534855,95.675527,81.523949,15083694
2021-08-16,95.520573,95.676711,94.616642,94.716428,80.727928,14167161
2021-08-17,94.565071,94.998401,93.780249,94.217559,80.309772,14825382
2021-08-18,94.075711,94.983973,93.909872,94.874706,80.877,15887473
2021-08-19,95.278619,95.798077,95.027635,95.125652,81.098027,20800316
2021-08-20,95.148323,96.064541,94.758183,95.733342,81.623255,19094492
2021-08-23,96.125545,97.700005,95.966903,97.23755,82.927552,9302389
2021-08-24,97.347375,98.251183,96.806985,97.054736,82.778894,11563441
2021-08-25,96.624646,97.71134,96.507585,97.428384,83.104863,8388271
2021-08-26,97.397225,97.560154,94.718839,95.182856,81.196576,13012167
2021-08-27,94.913061,95.18262,94.236754,94.332969,80.478623,12498958
2021-08-30,94.68089,95.167647,94.126037,94.393627,80.551541,12092101
2021-08-31,94.209829,94.734699,93.945081,94.227371,80.41671,9670843
2021-09-01,94.223525,94.264242,93.080687,93.518442,79.81868,11037690
2021-09-02,93.741715,94.210458,93.494418,93.649246,79.937325,16318005
2021-09-03,93.329716,94.075417,93.167549,93.536219,79.847843,12360141
2021-09-07,93.536389,94.292961,92.165688,92.308769,78.827641,12615209
2021-09-08,92.56396,92.753285,91.850862,91.97993,78.553709,18815946
2021-09-09,92.203144,93.760228,91.63394,93.134022,79.546309,10716791
2021-09-10,92.896375,93.16209,92.010061,92.603336,79.099976,11054303
2021-09-13,92.530161,92.991451,92.028398,92.272712,78.838282,12748603
2021-09-14,92.451173,92.836622,91.917323,92.676911,79.19057,17016084
2021-09-15,92.53924,93.640892,92.159007,93.511383,79.91061,13353111
2021-09-16,93.081924,93.702036,92.613613,93.051983,79.524994,18073308
2021-09-17,93.461277,94.366485,93.053907,93.918432,80.27252,10416337
2021-09-20,94.193223,94.636149,94.013478,94.238103,80.566917,21023794
2021-09-21,94.731602,94.964062,93.217173,93.409226,79.865283,14947261
2021-09-22,93.158161,93.667586,91.989435,92.338363,78.956607,21368642
2021-09-23,91.997471,92.692898,91.525503,92.290747,78.922807,12753209
2021-09-24,92.445435,93.123015,91.762411,93.007784,79.542952,17994330
2021-09-27,92.940197,93.182556,91.788044,91.841972,78.566563,23735286
2021-09-28,91.387625,91.528937,91.156877,91.259849,78.075423,19060952
2021-09-29,91.48737,91.585646,90.729796,90.856047,77.73677,15957093
2021-09-30,90.944593,91.241269,90.852251,91.01062,77.875845,12524522
2021-10-01,91.179885,91.405545,89.82378,90.246417,77.228699,11354612
2021-10-04,90.251457,90.605824,89.938168,90.046881,77.078201,15383221
2021-10-05,90.222084,90.784352,90.087525,90.662973,77.612362,16695862
2021-10-06,91.309553,92.583772,90.861183,92.125778,78.871512,22094277
2021-10-07,91.768193,92.731814,90.952019,92.110521,78.865359,12835289
2021-10-08,92.522609,92.605413,90.88614,91.30353,78.18126,20024661
2021-10-11,90.575123,92.04546,90.446769,91.795287,78.623003,15387512
2021-10-12,91.87892,92.081758,90.508611,90.611786,77.61613,9480907
2021-10-13,90.852212,91.187923,90.108852,91.11487,78.053899,9197358
2021-10-14,91.071896,91.172878,90.15906,90.254235,77.323406,21472744
2021-10-15,90.025363,91.045648,89.849626,90.840255,77.832285,15680206
2021-10-18,90.867459,90.903826,89.923808,90.212617,77.314841,10718550
2021-10-19,89.947267,90.3505,88.842772,88.996513,76.279287,11258722
2021-10-20,89.029604,89.503133,88.692202,88.764907,76.087442,17755401
2021-10-21,88.776454,88.983905,87.307853,87.551569,75.053969,23730096
2021-10-22,87.425952,88.017389,87.33303,87.936794,75.39081,11979713
2021-10-25,87.590994,87.777338,87.077112,87.323742,74.884902,18203010
2021-10-26,87.602594,87.679139,86.452922,87.14623,74.739224,13245650
2021-10-27,86.803376,87.171144,85.984247,86.055223,73.81001,11406825
2021-10-28,85.944796,86.633542,85.867616,86.534414,74.227517,13570182
2021-10-29,86.518814,87.073843,86.47086,86.540219,74.239,13972280
2021-11-01,86.297718,86.759276,86.172849,86.65872,74.360198,20753342
2021-11-02,86.736436,86.97784,86.113515,86.225169,73.994659,11723881
2021-11-03,85.921116,86.408498,85.832361,86.224574,74.000632,9819236
2021-11-04,86.029862,86.501849,84.989276,85.356772,73.262275,15542987
2021-11-05,85.370818,85.702207,84.090933,84.241958,72.311758,21803416
2021-11-08,84.065389,84.481326,83.831209,84.293892,72.375358,15950684
2021-11-09,83.91958,84.35668,83.620398,84.311604,72.396908,29502912
2021-11-10,84.169832,84.952553,83.425764,83.53296,71.734584,9215214
2021-11-11,83.605964,83.666745,82.221529,82.383993,70.754098,12793268
2021-11-12,82.235936,82.529059,82.082033,82.190099,70.59376,18784098
2021-11-15,82.086076,82.562718,81.739106,82.466402,70.849699,13561725
2021-11-16,82.406907,83.508063,82.1349,82.930124,71.25434,14651116
2021-11-17,83.13075,83.946061,82.992035,83.815813,72.021642,11469964
2021-11-18,84.001825,85.17675,83.435657,85.04711,73.08608,18672214
2021-11-19,84.253467,85.892546,83.725334,85.509584,73.489949,16385046
2021-11-22,84.97402,86.846134,84.757274,86.318836,74.20495,26917114
2021-11-23,86.009622,86.122019,85.140525,85.311756,73.345628,18697480
2021-11-24,85.64321,86.451993,84.301984,84.678333,72.80743,12893709
2021-11-26,84.848558,85.504111,84.590482,85.161802,73.235953,19321033
2021-11-29,84.983836,86.478378,84.310512,86.297106,74.23178,18899677
2021-11-30,86.409459,87.005559,86.344412,86.419434,74.343519,16168980
2021-12-01,86.097133,86.46955,85.891682,86.386814,74.321968,18904130
2021-12-02,86.371117,87.077941,86.055658,86.611339,74.521664,12147852
2021-12-03,86.689477,86.748969,85.427813,86.29188,74.253302,12403468
2021-12-06,85.940235,86.813362,85.813713,86.21194,74.204016,17222067
2021-12-07,86.004309,86.055639,85.536319,85.657843,73.733555,19698902
2021-12-08,85.98944,86.276009,85.89426,85.949781,73.991335,13790625
2021-12-09,85.95294,86.530403,85.757058,86.387066,74.374294,14224710
2021-12-10,86.512038,87.273195,86.436059,87.171058,75.055842,20371837
2021-12-13,87.01246,88.425424,86.803353,87.985226,75.776769,16978767
2021-12-14,88.103991,88.722757,87.695461,88.631245,76.339837,20839749
2021-12-15,88.350738,89.445209,87.995448,88.595342,76.315599,21538284
2021-12-16,88.6669,89.229161,88.302265,88.340318,76.10259,20109803
2021-12-17,88.436958,88.767975,87.990235,88.441411,76.196354,19236371
2021-12-20,88.299403,88.497191,87.269174,88.272696,76.07099,14956494
2021-12-21,88.446803,89.022387,88.368695,88.713921,76.457924,9409212
2021-12-22,88.461635,88.651093,87.482857,87.685861,75.578513,12519346
2021-12-23,87.897208,88.087848,85.885545,86.429473,74.50213,22143321
2021-12-27,86.832608,87.080256,85.328081,85.476841,73.706787,17205431
2021-12-28,85.462054,85.669122,84.778297,85.585892,73.807289,15434480
2021-12-29,85.904235,86.066078,85.490108,85.646082,73.865666,21374451
2021-12-30,85.646422,85.744341,84.533116,84.695524,73.052255,14645251
2021-12-31,84.648998,84.690284,84.477001,84.575055,72.954738,15564823
2022-01-03,84.41742,84.724177,83.969864,84.498225,72.907625,14579269
2022-01-04,84.557751,84.723796,83.629952,83.74584,72.264775,12013627
2022-01-05,83.252192,84.175648,82.821651,83.852463,72.36312,9116554
2022-01-06,84.088046,84.193234,83.437372,83.589325,72.142357,13168625
2022-01-07,83.575268,84.00832,83.435174,83.71457,72.256781,16490913
2022-01-10,83.953629,84.14244,82.402293,82.496258,71.223934,16333909
2022-01-11,82.426046,83.209507,82.057235,83.051397,71.7095,14253037
2022-01-12,83.250008,83.5615,82.894273,82.941527,71.62091,17005468
2022-01-13,83.064136,83.504203,83.010815,83.393338,72.017362,21282794
2022-01-14,83.455414,84.087909,83.383275,83.985821,72.535378,18061641
2022-01-18,84.170329,84.354382,83.08268,83.42823,72.079063,9329664
2022-01-19,83.529953,84.001461,83.073484,83.812449,72.417358,9986425
2022-01-20,83.674561,84.082416,83.441864,83.999435,72.585281,13210086
2022-01-21,84.303555,84.563919,83.465893,83.796404,72.416183,12217651
2022-01-24,83.81328,84.022245,83.673531,83.929106,72.549929,12087836
2022-01-25,84.222139,84.703943,83.823437,84.440041,72.997986,10576831
2022-01-26,84.347305,84.859475,84.156297,84.436659,73.001458,21510691
2022-01-27,84.569198,84.942093,84.108722,84.207181,72.809437,16131733
2022-01-28,84.312331,84.642256,83.905085,84.221277,72.828005,9475045
2022-01-31,83.984865,84.05041,83.2674,83.462972,72.191254,10443471
2022-02-01,83.768502,83.956813,82.902961,83.266366,72.027509,14067152
2022-02-02,83.640507,83.927008,83.472748,83.712189,72.419502,19117228
2022-02-03,83.684459,83.800089,83.098278,83.508932,72.249993,11894545
2022-02-04,83.643223,83.964582,82.557315,82.709678,71.564768,21514531
2022-02-07,82.686998,82.86077,81.820384,82.21358,71.154217,9954066
2022-02-08,82.502902,82.674327,81.426452,81.463462,70.511181,17664244
2022-02-09,81.296885,81.449408,80.932804,81.051846,70.161051,10127081
2022-02-10,81.001908,81.5509,80.878526,81.380495,70.451713,10238374
2022-02-11,81.287699,81.499131,80.744495,81.114137,70.227277,20278779
2022-02-14,81.162161,81.939658,81.060145,81.578113,70.647546,13451852
2022-02-15,81.690733,81.779394,81.485431,81.555388,70.634054,12740828
2022-02-16,81.437498,81.602392,81.015867,81.214644,70.345103,13411542
2022-02-17,81.078432,81.254082,80.076183,80.207855,69.479146,14420411
2022-02-18,80.324523,80.487904,79.891287,79.986154,69.293171,17202474
2022-02-22,79.981151,80.296503,79.419382,79.615881,68.996574,12705449
2022-02-23,79.495279,79.689669,79.029772,79.319832,68.746035,11574715
2022-02-24,79.139668,79.634493,78.661569,79.447219,68.862473,10673107
2022-02-25,79.584932,79.772927,79.330377,79.44016,68.862387,22220991
2022-02-28,79.349559,79.51127,79.190376,79.341222,68.794703,13819410
2022-03-01,79.206428,79.706036,78.905524,79.643575,69.062915,20064685
2022-03-02,79.684813,79.732194,79.297969,79.6673,69.089542,10223051
2022-03-03,79.693272,79.762639,79.166951,79.260653,68.742908,25539482
2022-03-04,79.234741,79.638672,78.935489,79.423076,68.889814,8781714
2022-03-07,79.386761,79.459998,79.138684,79.215753,68.728048,12355694
2022-03-08,79.076872,79.85898,78.971376,79.700194,69.154411,28287507
2022-03-09,79.800466,79.91097,78.6204,78.808074,68.386325,8763182
2022-03-10,78.509723,79.438061,78.16142,79.039999,68.593589,9834712
2022-03-11,79.079875,79.764141,79.010668,79.390154,68.903502,12736250
2022-03-14,79.478647,80.108893,79.230155,79.790135,69.268853,14144141
2022-03-15,79.890781,79.983433,79.702512,79.897172,69.367853,20624587
2022-03-16,79.997675,80.425329,79.920406,80.155077,69.597867,11275840
2022-03-17,79.926659,80.057614,79.847962,79.89248,69.375935,14216533
2022-03-18,79.974971,80.103127,79.55303,79.768117,69.274011,20150409
2022-03-21,79.532176,80.108294,79.344676,79.992681,69.487294,9681161
2022-03-22,80.185008,80.244174,79.138587,79.616991,69.167002,12352575
2022-03-23,79.919673,80.193141,79.085035,79.398489,68.983222,17672635
2022-03-24,79.428291,80.600413,79.255629,80.124044,69.619701,18151239
2022-03-25,80.151174,80.191643,79.989454,80.078782,69.586469,7951007
2022-03-28,80.047672,80.101512,79.529517,79.830157,69.388655,13590214
2022-03-29,79.960089,80.369683,79.725485,79.984415,69.528827,17880482
2022-03-30,80.123131,80.838078,79.963713,80.437934,69.929189,12824913
2022-03-31,80.603839,80.717424,80.352759,80.682849,70.148253,12280869
2022-04-01,80.684728,80.875153,80.622177,80.70633,70.174816,22457050
2022-04-04,80.631972,81.25422,80.50858,80.929996,70.387793,14190025
2022-04-05,80.906357,81.281657,80.697293,81.142064,70.57842,13080718
2022-04-06,80.945463,81.45099,80.746134,81.221013,70.65328,14566497
2022-04-07,81.240756,82.211519,80.835496,81.705359,71.080835,16980091
2022-04-08,81.629282,82.035913,81.416141,81.788086,71.159038,13992134
2022-04-11,81.523948,82.747756,81.271135,82.454062,71.757323,32944933
2022-04-12,82.551809,82.884972,82.239068,82.383027,71.701785,11266140
2022-04-13,82.39962,82.845986,81.556803,81.899517,71.287209,12404897
2022-04-14,82.481572,82.812348,81.497054,81.792585,71.200371,21662953
2022-04-18,81.682354,81.980122,81.420672,81.807362,71.238195,19796580
2022-04-19,81.997609,82.338774,81.594399,81.832115,71.265993,19917341
2022-04-20,82.026107,83.072531,81.975831,82.725663,72.050479,15042128
2022-04-21,82.598437,83.042711,82.482517,82.82731,72.145329,8345947
2022-04-22,82.838429,83.139844,82.619677,83.075549,72.367894,13901327
2022-04-25,83.138514,83.526401,82.113214,82.511137,71.895123,19315706
2022-04-26,82.599294,82.737796,81.43109,81.628284,71.132091,18723884
2022-04-27,81.405227,81.489474,80.963265,81.166489,70.735873,14814572
2022-04-28,81.160809,81.458858,80.87378,81.134167,70.713899,18304942
2022-04-29,81.072392,81.588958,80.939857,81.354075,70.911777,12541104
2022-05-02,81.565947,81.729886,81.094608,81.149023,70.751638,13052856
2022-05-03,81.191961,81.650326,80.938893,81.600907,71.151857,19289799
2022-05-04,81.892845,81.967713,81.403849,81.559337,71.121841,15903909
2022-05-05,81.300917,82.374623,81.170875,82.210625,71.696062,12366034
2022-05-06,82.138629,82.258366,81.406294,81.691923,71.249942,10989479
2022-05-09,81.821605,82.075137,80.979065,81.400912,71.014791,11693232
2022-05-10,81.237359,81.474351,80.762392,81.423241,71.040496,9650266
2022-05-11,81.435622,81.598455,81.118769,81.262223,70.906222,14557592
2022-05-12,81.298105,81.912642,80.799171,81.603181,71.209966,30187867
2022-05-13,81.576085,82.564905,81.21734,82.035705,71.593676,15887401
2022-05-16,81.584051,82.861224,81.543897,82.609547,72.113426,13968898
2022-05-17,82.628308,84.326145,82.583957,84.141103,73.456823,13012337
2022-05-18,83.906566,84.723083,83.845949,84.463524,73.744763,14502507
2022-05-19,84.339736,84.5184,84.116096,84.303895,73.61184,25966098
2022-05-20,84.237929,84.389496,83.937113,84.117519,73.455538,11918746
2022-05-23,84.029146,85.009231,83.249229,84.789272,74.061608,29207965
2022-05-24,84.845544,85.045346,84.458118,84.562358,73.869876,17845803
2022-05-25,84.825029,84.949004,84.588435,84.689874,73.98775,17607909
2022-05-26,84.9164,85.089064,84.133212,84.363166,73.708784,18603825
2022-05-27,84.409483,85.06818,84.108455,84.785563,74.084327,13114108
2022-05-31,84.774814,84.889574,84.194761,84.516567,73.875167,16683326
2022-06-01,84.511804,85.147708,84.004733,84.924312,74.238077,16506021
2022-06-02,84.95599,84.997803,83.969728,84.038938,73.470548,10022872
2022-06-03,84.1177,84.610484,83.923655,84.372735,73.768831,10991861
2022-06-06,84.326222,84.613619,83.842057,84.259788,73.689445,11929858
2022-06-07,84.086827,84.297325,83.057967,83.442028,72.980665,13028463
2022-06-08,83.384452,84.001748,82.869801,83.124715,72.709505,16334877
2022-06-09,83.265995,84.118581,82.866214,84.056473,73.530959,27254109
2022-06-10,84.287066,84.463076,83.651727,83.854522,73.360723,17508537
2022-06-13,83.827547,84.548777,83.308127,84.133563,73.624192,17466592
2022-06-14,84.143221,84.437761,83.982314,84.349828,73.81991,20407096
2022-06-15,84.312466,84.411231,83.818388,83.855941,73.394108,15152816
2022-06-16,83.958707,84.127398,83.908144,84.067615,73.585821,16264109
2022-06-17,84.086234,84.685388,83.886933,84.535492,74.001844,20329215
2022-06-21,84.484525,84.737,83.485926,83.712482,73.307072,18385282
2022-06-22,83.594225,83.758678,82.981943,83.272716,72.928358,11283284
2022-06-23,82.948088,83.951912,82.81869,83.911127,73.493902,10220113
2022-06-24,83.793647,84.406086,83.708849,84.162256,73.720313,10509239
2022-06-27,84.019637,84.161845,83.837391,83.888712,73.500024,12633686
2022-06-28,83.785808,84.368572,83.60118,83.827531,73.452854,15201567
2022-06-29,83.856649,84.50324,83.715361,84.297773,73.871369,17253336
2022-06-30,84.215524,84.367063,83.845907,84.055839,73.665813,14166050
2022-07-01,83.992311,84.243776,83.705586,84.129225,73.736587,15456614
2022-07-05,84.180225,84.454305,83.270172,83.739803,73.420997,13458387
2022-07-06,83.637543,83.97718,83.529734,83.75084,73.437108,15097501
2022-07-07,83.906687,84.128786,83.217081,83.671603,73.374057,15932620
2022-07-08,83.876953,84.78861,83.794373,84.539018,74.141213,22365225
2022-07-11,84.66691,85.170325,84.372401,85.066376,74.62332,10644577
2022-07-12,85.069328,85.345843,84.276799,84.541085,74.169013,20399486
2022-07-13,84.580612,84.984424,83.634264,84.031564,73.728463,20292911
2022-07-14,84.047935,84.116648,83.692086,83.72632,73.467082,13252456
2022-07-15,83.860957,84.785137,83.650972,84.539832,74.187411,21074240
2022-07-18,84.530516,84.694711,84.302462,84.535359,74.202986,18319060
2022-07-19,84.35388,84.579864,84.197598,84.371459,74.065607,10460780
2022-07-20,84.532807,84.833244,84.384606,84.650288,74.316889,14093276
2022-07-21,84.817127,85.282889,84.510434,84.725525,74.389459,9492325
2022-07-22,84.540102,85.177172,84.176004,84.287719,74.011546,13745204
2022-07-25,83.951425,85.060524,83.764895,84.933845,74.598503,19640323
2022-07-26,84.711524,85.311144,84.242172,85.260994,74.892403,20590249
2022-07-27,84.916841,86.805136,84.573882,86.529342,76.013166,14228381
2022-07-28,86.266043,87.170852,86.116074,87.12125,76.539844,16692634
2022-07-29,86.880091,88.201251,86.738081,87.938452,77.264561,18745289
2022-08-01,87.731814,88.415808,87.439351,88.242822,77.552367,14276851
2022-08-02,88.473045,89.314266,88.18083,88.963309,78.192418,15858699
2022-08-03,88.911638,88.993949,88.150328,88.314016,77.628537,11043196
2022-08-04,88.131288,88.703856,88.042252,88.547843,77.840891,14572979
2022-08-05,88.695786,89.044008,88.288083,88.479637,77.787748,11717283
2022-08-08,88.298577,88.85076,87.743606,88.159754,77.526893,20995935
2022-08-09,88.231852,88.34229,86.873857,87.174462,76.667153,11269830
2022-08-10,87.165981,87.764835,87.08747,87.354019,76.831798,16166552
2022-08-11,87.409375,87.525689,85.54392,85.792827,75.465271,11365746
2022-08-12,85.688129,86.538837,85.485199,86.156409,75.791726,11992824
2022-08-15,86.1776,86.387961,85.158344,85.471105,75.208629,11806665
2022-08-16,85.527233,85.963938,85.338623,85.735334,75.447743,11171560
2022-08-17,85.699556,85.94002,85.006389,85.276037,75.050133,29184433
2022-08-18,84.924208,85.544772,84.739429,85.386298,75.153755,18126168
2022-08-19,85.96711,86.394861,84.333988,84.61032,74.477294,13106594
2022-08-22,84.401558,85.434054,83.904794,85.377913,75.172715,13068009
2022-08-23,85.335574,85.536138,84.889811,85.055409,74.895321,12440245
2022-08-24,84.958314,85.793932,84.871928,85.609827,75.390117,9537098
2022-08-25,85.347509,86.067818,85.214936,85.784665,75.550703,17659153
2022-08-26,85.745538,85.972708,85.09115,85.557336,75.357095,13438128
2022-08-29,85.406557,85.481816,84.631631,84.689756,74.612557,16955267
2022-08-30,84.563021,85.257264,84.308174,84.883967,74.790211,13735898
2022-08-31,84.594133,84.750519,84.11555,84.256065,74.243479,18162193
2022-09-01,84.077504,84.53883,83.763942,84.195051,74.196215,12361543
2022-09-02,84.267842,84.689413,83.176046,83.476661,73.569585,15677890
2022-09-06,83.528601,83.872703,82.91265,83.801664,73.881904,13613349
2022-09-07,83.877732,84.168195,83.537598,83.630894,73.737808,12700219
2022-09-08,83.816424,84.658749,83.665312,84.269493,74.307374,18309552
2022-09-09,84.355329,85.389702,83.850042,85.284348,75.208844,13075306
2022-09-12,85.369337,85.819868,84.966787,85.653909,75.554601,22899167
2022-09-13,85.333603,85.726481,84.811831,84.989198,74.974833,18505377
2022-09-14,84.978943,85.101639,83.803485,84.036534,74.140918,20754199
2022-09-15,84.081231,84.595655,84.025187,84.315344,74.393414,14171386
2022-09-16,84.37538,84.555581,84.320795,84.448577,74.517497,19302809
2022-09-19,84.519656,85.237685,84.378254,84.934004,74.96554,10949470
2022-09-20,84.570086,84.907648,83.290282,83.704809,73.887085,14781282
2022-09-21,84.101261,84.568351,83.478041,83.861285,74.031693,8523645
2022-09-22,83.678641,84.064999,83.334507,83.922131,74.091899,12589178
2022-09-23,84.077632,84.318072,82.936043,83.091252,73.364772,15286224
2022-09-26,83.494685,83.56659,82.270872,82.774816,73.104589,27257042
2022-09-27,82.562813,83.916986,82.294694,83.070344,73.37202,15874960
2022-09-28,83.168153,83.310609,82.626716,82.836414,73.171811,11261190
2022-09-29,82.917693,83.102768,81.260131,81.356771,71.871096,23590910
2022-09-30,80.865014,81.024226,80.482519,80.80498,71.389894,28719818
2022-10-03,80.845849,80.99437,80.226146,80.403813,71.054143,16528102
2022-10-04,80.327707,80.881993,79.796295,80.777677,71.390786,6913209
2022-10-05,80.710418,80.859296,80.188485,80.278796,70.956096,9638163
2022-10-06,80.18216,81.586994,79.886573,81.422437,71.973232,10109164
2022-10-07,81.301327,81.891241,81.187655,81.554351,72.096153,17342511
2022-10-10,81.441734,81.57701,81.02051,81.158319,71.764911,18829607
2022-10-11,81.005105,81.660228,80.936983,81.386383,71.972883,18149922
2022-10-12,81.203816,81.806636,81.128522,81.75009,72.300856,16968354
2022-10-13,81.573094,82.568268,81.227586,82.409551,72.890478,14777834
2022-10-14,82.649928,83.134651,82.252151,82.580559,73.048132,18616729
2022-10-17,82.581683,83.407126,82.514411,83.264957,73.672891,11051809
2022-10-18,83.197402,83.589772,82.737825,83.447561,73.840928,20786801
2022-10-19,83.254347,83.520209,82.970477,83.10788,73.546794,20359162
2022-10-20,83.161449,83.553701,82.994836,83.257755,73.685883,15492808
2022-10-21,82.974652,83.894516,82.897904,83.665398,74.053148,8938994
2022-10-24,83.64105,84.123723,83.575655,83.975212,74.346906,16578928
2022-10-25,84.444175,84.859524,83.830149,84.532493,74.846848,14857662
2022-10-26,84.304767,84.412589,83.601122,83.674138,74.093334,12112914
2022-10-27,83.455246,83.924048,82.753105,83.80046,74.211693,12583620
2022-10-28,83.889657,84.212356,83.833919,84.019464,74.412157,15893333
2022-10-31,83.951241,84.32496,83.522789,83.777204,74.217103,10818848
2022-11-01,83.772466,83.977951,83.010122,83.346734,73.842224,17945440
2022-11-02,83.375689,83.583888,83.077496,83.128571,73.655392,19601071
2022-11-03,83.329369,83.894896,83.232505,83.747358,74.210165,16556000
2022-11-04,83.808374,84.194768,83.169267,83.466012,73.967339,7237326
2022-11-07,83.094025,83.137437,82.725617,82.897492,73.482829,10940903
2022-11-08,82.924571,83.521286,82.762678,83.181775,73.741287,12910599
2022-11-09,83.557552,83.746791,82.31173,82.745911,73.361316,17263201
2022-11-10,82.763479,83.631664,82.356557,83.107855,73.688666,18601463
2022-11-11,82.948936,83.620175,82.557923,83.142738,73.726055,12191620
2022-11-14,83.311959,83.383236,82.300926,82.881637,73.513845,16201934
2022-11-15,82.746526,84.465552,82.400588,83.864681,74.392297,17471352
2022-11-16,83.53338,84.098735,83.341736,83.833768,74.371391,12389165
2022-11-17,83.545482,83.6001,82.729274,83.56521,74.139641,11634350
2022-11-18,83.334136,84.229039,83.176224,83.984384,74.518063,12786478
2022-11-21,84.361843,84.476699,83.096159,83.348243,73.973065,10075665
2022-11-22,83.01976,83.820463,82.931399,83.517669,74.129928,11738610
2022-11-23,83.367723,83.411411,82.200416,82.793853,73.493911,10704727
2022-11-25,82.922749,83.207009,82.823993,83.083739,73.764158,19650161
2022-11-28,82.816924,83.243779,82.674114,83.070091,73.771429,20510641
2022-11-29,83.6505,84.02455,83.491061,83.730363,74.364307,17405335
2022-11-30,83.508958,84.693774,83.077172,84.561714,75.109243,19093582
2022-12-01,84.812195,84.875884,83.354094,83.998883,74.615863,11218117
2022-12-02,84.019792,84.084583,82.97401,83.221568,73.931854,10600728
2022-12-05,83.356187,84.506262,83.303768,84.17995,74.802913,8456880
2022-12-06,84.236747,84.486596,83.439265,83.919847,74.578318,23284143
2022-12-07,84.318602,84.490394,83.234577,83.438943,74.157443,20419627
2022-12-08,83.373171,83.558658,82.367743,82.983122,73.758788,11520049
2022-12-09,82.819553,83.830037,82.248234,83.517687,74.240434,10132916
2022-12-12,83.688658,83.722554,82.858708,82.937996,73.744517,20290210
2022-12-13,83.348152,83.394638,82.402799,83.028951,73.831858,10720956
2022-12-14,83.24669,83.853654,82.967679,83.390157,74.15955,19674638
2022-12-15,83.328576,84.113605,81.835383,82.189214,73.097945,15281051
2022-12-16,82.739331,83.000132,80.410673,80.918167,71.973799,16087924
2022-12-19,80.481335,82.380917,80.229769,81.550182,72.555021,17019051
2022-12-20,81.779922,82.182117,80.642351,80.692744,71.79845,26570051
2022-12-21,80.68759,80.753484,79.555857,79.826793,71.034171,21801702
2022-12-22,79.865006,80.420492,79.745626,79.972628,71.170178,9812785
2022-12-23,80.087357,81.84904,79.971611,81.34506,72.397891,12550919
2022-12-27,80.760488,81.117459,80.054398,81.070735,72.17903,16808042
2022-12-28,81.448817,81.665688,80.867429,81.263339,72.356848,11297290
2022-12-29,81.117657,81.817885,80.22977,80.302121,71.507245,15086990
2022-12-30,81.043618,81.350356,79.198335,79.233874,70.562177,12473226
2023-01-03,79.127473,79.572263,78.567329,78.61835,70.038558,12851423
2023-01-04,78.536709,79.773517,78.287042,79.401504,70.742443,12608342
2023-01-05,79.356432,79.976504,79.149387,79.886651,71.180918,25489720
2023-01-06,79.787979,80.176123,79.268173,79.32771,70.689081,16767331
2023-01-09,79.629241,79.794744,78.200672,78.50051,69.97035,18188822
2023-01-10,78.383603,78.629723,78.199026,78.287214,69.786345,18573868
2023-01-11,78.397732,79.072063,78.196828,78.877097,70.318336,14084319
2023-01-12,78.994578,79.079157,77.959234,78.121105,69.650477,13197261
2023-01-13,78.102127,78.329972,77.396628,78.237343,69.760223,22216210
2023-01-17,78.209027,78.505045,77.712449,77.910314,69.492977,21176541
2023-01-18,77.819436,78.34362,77.563129,78.302131,69.848581,19630845
2023-01-19,78.35779,78.494361,77.491277,77.617816,69.244212,19670534
2023-01-20,77.46902,78.164387,76.922239,78.122803,69.700826,15513577
2023-01-23,78.078561,78.541898,77.856051,78.295293,69.873084,10685559
2023-01-24,78.028238,78.958966,77.812158,78.735251,70.271871,15557959
2023-01-25,78.553529,78.789918,78.476867,78.749574,70.290813,24711355
2023-01-26,78.843085,79.18123,77.754204,78.028316,69.65313,15330957
2023-01-27,78.239232,78.846754,77.810795,78.190028,69.8036,17406157
2023-01-30,78.3271,79.012346,78.079012,78.845919,70.407645,11110861
2023-01-31,78.784162,79.299563,78.052106,78.132467,69.776661,9993593
2023-02-01,78.237831,78.796557,78.165091,78.277672,69.912463,13726055
2023-02-02,78.343725,78.430715,78.210156,78.35544,69.988051,12092022
2023-02-03,78.382812,79.051916,78.134136,78.960999,70.535123,17622468
2023-02-06,78.631583,78.745013,78.378951,78.464459,70.109994,22223483
2023-02-07,78.454003,78.996376,78.195638,78.480782,70.130723,19304381
2023-02-08,78.360908,78.685671,78.219991,78.541582,70.191203,13365625
2023-02-09,78.886089,79.495797,78.610993,79.348343,70.918404,20824987
2023-02-10,79.415588,80.33177,79.319853,79.863814,71.385365,17615378
2023-02-13,79.671983,79.83302,79.018906,79.640778,71.204719,14336108
2023-02-14,79.485511,79.75624,79.386346,79.613273,71.186365,14684018
2023-02-15,79.830789,80.134535,77.749389,77.988351,69.739547,13476123
2023-02-16,77.977043,79.224174,77.818423,78.982872,70.635066,15310498
2023-02-17,78.694651,79.708989,78.433531,79.180792,70.818272,10358150
2023-02-21,79.37221,81.3445,78.834014,80.612833,72.124342,15207723
2023-02-22,80.41372,81.083545,80.36814,80.854331,72.346748,23369272
2023-02-23,80.902414,82.103638,80.555269,82.039545,73.413684,10383328
2023-02-24,81.392241,83.722519,81.17913,83.672527,74.881531,11212177
2023-02-27,83.655722,84.087397,83.377063,83.814507,75.028311,11723455
2023-02-28,83.717477,83.995985,83.364262,83.402742,74.666252,20243975
2023-03-01,83.402133,83.845895,82.927277,83.33153,74.609036,13638366
2023-03-02,83.42373,83.766684,81.943169,82.808575,74.147316,17350492
2023-03-03,82.974368,83.838408,82.689726,83.328621,74.619505,14377688
2023-03-06,83.285277,83.705274,82.171433,82.670546,74.04967,9588413
2023-03-07,82.707134,83.35523,82.059325,82.903525,74.26486,10443741
2023-03-08,83.170776,84.512933,82.821923,83.960201,75.218017,9666273
2023-03-09,83.519285,83.765188,82.993566,83.090587,74.445472,11130113
2023-03-10,82.885912,83.230053,82.83699,83.003735,74.374173,17242855
2023-03-13,83.35982,83.575945,83.069264,83.258226,74.621816,17738770
2023-03-14,83.497539,83.977693,81.665649,81.74852,73.275131,14797088
2023-03-15,81.469923,81.568241,80.849939,81.255304,72.83942,5619534
2023-03-16,80.58571,81.606541,80.261902,81.112989,72.718216,18538436
2023-03-17,80.746347,81.571589,80.43115,81.263956,72.859941,13248700
2023-03-20,81.603137,81.711438,80.813828,80.850461,72.508263,11595604
2023-03-21,81.361115,81.620791,80.150204,80.248248,71.974493,19340195
2023-03-22,80.582607,81.572718,80.057977,81.018592,72.67178,23383094
2023-03-23,80.856262,82.640005,80.578458,82.430834,73.945006,20274016
2023-03-24,82.34279,84.045166,82.216199,83.592451,74.99361,24143933
2023-03-27,83.55031,84.879962,83.276193,84.789772,76.087763,16996190
2023-03-28,84.70922,85.771446,84.510061,85.342262,76.59026,13164789
2023-03-29,85.053207,85.71987,84.968457,85.401392,76.650042,11720074
2023-03-30,85.323698,86.507482,85.07009,86.261169,77.428498,11143643
2023-03-31,86.144596,86.356522,85.131894,85.670483,76.905033,13566128
2023-04-03,86.322797,86.374789,85.665356,85.717852,76.967782,12431095
2023-04-04,86.47292,87.377728,85.270922,85.352083,76.646065,14846553
2023-04-05,85.191613,85.405932,84.786361,85.330665,76.633545,11810343
2023-04-06,84.846079,85.292284,84.059546,84.380883,75.787207,21908537
2023-04-10,83.991976,84.101436,83.461386,83.740494,75.2384,10187513
2023-04-11,83.705724,84.275454,83.232091,83.571223,75.092894,14476555
2023-04-12,83.346507,84.731256,83.045048,84.456054,75.894608,13191216
2023-04-13,84.379016,84.878113,83.959538,84.118627,75.598009,18149407
2023-04-14,84.228966,84.586152,83.951735,84.049051,75.542098,21740180
2023-04-17,83.787629,84.504802,83.258722,84.035181,75.549487,19182560
2023-04-18,84.080819,84.333925,83.679968,84.285441,75.781115,12469649
2023-04-19,84.697037,84.978263,82.38696,82.622374,74.292358,12775118
2023-04-20,82.312804,83.553838,81.950612,83.200825,74.819045,16969966
2023-04-21,83.318716,84.006403,82.669338,82.805643,74.470198,15294227
2023-04-24,82.941862,83.40043,82.879601,82.962929,74.631264,20494801
2023-04-25,82.949583,83.358345,82.911075,83.244691,74.891291,12193055
2023-04-26,82.6176,83.328249,82.461027,83.269542,74.920211,17982308
2023-04-27,83.233101,84.191013,82.878362,84.121954,75.693785,11145422
2023-04-28,84.429831,84.909115,83.982323,84.515573,76.05463,15535297
2023-05-01,84.351591,84.877763,84.291045,84.781729,76.314196,11094372
2023-05-02,84.585046,84.935159,84.055704,84.213065,75.808969,13705417
2023-05-03,84.246978,84.389326,83.766126,84.092191,75.70679,20374332
2023-05-04,84.297849,85.232776,83.846283,84.973818,76.507207,13309598
2023-05-05,84.929283,85.973726,84.757116,85.310191,76.816793,13475917
2023-05-08,85.018932,85.989761,84.787413,85.912371,77.379357,17005264
2023-05-09,85.760134,85.910278,85.528823,85.775763,77.263085,15563220
2023-05-10,85.966531,86.097692,85.603514,85.649977,77.156542,19438291
2023-05-11,85.478454,86.408313,84.719009,86.367061,77.809334,14241848
2023-05-12,86.610762,86.748509,86.338298,86.44866,77.889671,20347238
2023-05-15,86.417438,87.47768,86.310783,86.916646,78.331909,15672229
2023-05-16,86.994908,87.347371,86.809152,87.276729,78.663318,19605313
2023-05-17,87.385459,88.171792,87.269306,88.059301,79.375612,11198918
2023-05-18,88.200533,88.407568,87.537228,87.733405,79.088781,18750641
2023-05-19,87.339922,87.981596,86.930847,87.59347,78.969553,26652923
2023-05-22,87.946875,88.041887,87.123136,87.348917,78.769778,17053751
2023-05-23,87.284241,87.463889,86.139856,86.627166,78.125759,15459571
2023-05-24,86.732389,87.291864,86.344214,86.542727,78.056446,25718404
2023-05-25,86.295223,86.610593,86.13721,86.224826,77.776531,14826801
2023-05-26,86.144491,86.806218,85.952645,86.528664,78.057437,14112791
2023-05-30,86.490194,87.894673,86.197983,87.474307,78.93816,16919393
2023-05-31,87.346704,87.56248,86.858736,87.09535,78.60307,21282608
2023-06-01,86.935651,87.874693,86.410662,87.565214,79.034044,11857975
2023-06-02,87.508798,87.704667,87.244916,87.544552,79.022318,16082081
2023-06-05,87.581444,87.725538,86.879214,87.167176,78.70236,12528363
2023-06-06,86.972718,87.262852,86.260299,86.48886,78.096758,10512338
2023-06-07,86.174859,86.857591,86.015971,86.734242,78.325192,15676245
2023-06-08,86.761188,86.970333,86.663162,86.826627,78.415489,12393244
2023-06-09,86.512432,87.173616,86.389923,86.851322,78.444665,7656121
2023-06-12,86.943653,87.051204,86.360717,86.947497,78.552174,12958676
2023-06-13,87.170138,88.107058,86.987676,87.710111,79.248096,21012757
2023-06-14,87.909126,88.188503,86.441045,86.71093,78.352177,16034653
2023-06-15,86.614478,87.238287,85.959418,86.986492,78.608063,11338928
2023-06-16,87.133386,87.527591,86.447615,86.583462,78.250707,28200398
2023-06-20,86.551278,86.680495,85.007441,85.179473,77.008819,24549778
2023-06-21,85.227172,85.325338,84.500427,84.616828,76.506848,13888513
2023-06-22,84.55546,84.814094,84.107267,84.200943,76.137493,13509343
2023-06-23,83.935982,84.027179,83.250567,83.29262,75.322754,11554578
2023-06-26,82.854914,83.760742,82.713408,83.725726,75.734321,11618641
2023-06-27,83.664288,83.853717,82.807658,83.147049,75.217467,21778038
2023-06-28,83.321038,83.776053,82.403783,82.727071,74.844098,12747865
2023-06-29,82.988673,83.046318,82.160369,82.40108,74.555702,12235219
2023-06-30,82.296886,82.437173,81.621292,81.712897,73.939518,8952681
2023-07-03,81.758165,83.111192,81.631997,82.494859,74.666715,19623797
2023-07-05,82.308537,82.444558,80.9294,81.343785,73.637771,9853476
2023-07-06,81.272045,81.374839,80.944309,81.232264,73.543257,16213774
2023-07-07,80.736835,81.580759,80.297009,81.422468,73.721916,19854524
2023-07-10,81.661272,81.73998,80.368494,80.400943,72.816138,16862228
2023-07-11,80.676726,80.889611,79.255075,80.036235,72.492186,15804696
2023-07-12,79.760746,80.164034,79.725311,80.071305,72.530305,14248605
2023-07-13,79.742352,79.826913,79.09293,79.519676,72.036939,15655293
2023-07-14,79.727605,80.111791,78.589945,79.294234,71.839004,24461095
2023-07-17,79.537392,79.800645,78.721497,79.066185,71.651226,22866723
2023-07-18,79.267146,79.588528,78.254305,78.351268,71.009576,20715958
2023-07-19,78.644283,79.512995,78.584485,79.465906,72.026081,28985044
2023-07-20,79.805609,80.287558,78.46497,78.841248,71.466166,11028222
2023-07-21,79.315293,79.843093,78.175166,78.497728,71.161014,9821899
2023-07-24,78.482517,78.601003,77.033667,77.384138,70.169945,16689624
2023-07-25,77.658922,79.572698,77.622342,78.698578,71.368098,14946282
2023-07-26,79.291809,79.346141,77.83861,78.433378,71.133832,18911495
2023-07-27,78.290012,79.323983,77.964316,78.787272,71.461051,12773207
2023-07-28,78.704283,79.6999,78.517431,79.631429,72.23304,15356614
2023-07-31,79.261336,80.807735,79.213795,80.660631,73.185854,23319471
2023-08-01,80.883346,81.420983,79.417479,80.049488,72.637709,11457655
2023-08-02,79.659663,80.211886,79.606746,79.934567,72.539783,14989557
2023-08-03,79.984873,80.379155,78.804014,79.007695,71.704939,7895279
2023-08-04,78.967188,79.379015,78.421096,78.832863,71.552535,14877565
2023-08-07,78.440394,78.799097,77.666695,78.008323,70.822755,14241816
2023-08-08,78.00867,78.061958,76.734386,76.966606,69.883116,16758846
2023-08-09,76.599045,76.706013,76.208868,76.246547,69.235392,12919425
2023-08-10,76.715328,77.440295,75.075216,75.372766,68.447954,19661417
2023-08-11,75.467091,76.141024,75.212772,75.765052,68.810228,11428229
2023-08-14,76.131778,76.912265,75.848641,76.412746,69.416709,14303662
2023-08-15,76.457452,76.674676,75.836331,75.877759,68.936743,17065966
2023-08-16,75.963335,76.221715,75.643688,76.182628,69.219788,17185137
2023-08-17,76.240144,76.748168,74.968269,75.244975,68.373823,16992777
2023-08-18,74.615531,75.266436,73.779776,74.469189,67.674809,13319942
2023-08-21,74.590468,74.730909,73.494497,73.641142,66.939902,11818195
2023-08-22,73.766513,74.372374,72.808648,73.142371,66.492344,17613634
2023-08-23,72.982349,73.535178,70.970239,71.397589,64.911882,13344236
2023-08-24,71.173203,71.656166,70.848754,71.170293,64.710903,9513529
2023-08-25,71.000347,71.387507,70.640295,71.199138,64.742803,17064175
2023-08-28,71.308852,71.476081,70.161346,70.602886,64.217494,15220690
2023-08-29,70.369367,70.542289,68.566957,68.744729,62.532869,12700443
2023-08-30,68.774362,69.066556,68.252376,68.293586,62.127935,13572516
2023-08-31,68.753872,69.464274,68.64251,69.428055,63.165517,18470842
2023-09-01,69.40767,70.571761,69.187959,70.415287,64.069311,14945028
2023-09-05,69.911074,70.679134,69.527212,70.526224,64.192742,18378817
2023-09-06,70.752554,71.250609,69.50704,69.66709,63.416317,25748427
2023-09-07,69.773296,69.923891,69.62906,69.861162,63.598547,14732283
2023-09-08,69.933701,70.037497,69.601828,69.730918,63.485542,15194484
2023-09-11,70.076902,70.483654,69.963326,70.415936,64.126059,8888413
2023-09-12,70.334329,71.015538,70.095655,70.951878,64.619789,15092342
2023-09-13,71.033359,72.001938,70.679743,71.785812,65.385026,21225187
2023-09-14,71.689107,71.915925,71.440391,71.50487,65.134841,18743321
2023-09-15,71.853873,71.920165,70.773508,71.189575,64.853317,19660158
2023-09-18,70.972125,71.038856,70.553286,70.838985,64.550895,22220315
2023-09-19,70.642057,70.890227,70.013357,70.324588,64.087773,18313015
2023-09-20,70.412423,71.20364,70.102772,70.758073,64.488464,17905852
2023-09-21,70.680876,70.975268,70.459417,70.946369,64.66574,19906375
2023-09-22,70.716682,72.16358,70.282495,71.909617,65.549459,18671516
2023-09-25,72.083915,72.215058,71.58439,71.705352,65.380441,12352830
2023-09-26,72.033843,72.533386,71.437657,71.731605,65.41011,15675179
2023-09-27,71.76202,71.90117,70.779404,71.523513,65.22607,22336573
2023-09-28,71.402559,71.777328,70.268401,70.411307,64.217417,11937055
2023-09-29,70.635249,70.910024,69.719459,69.876346,63.735099,20177880
2023-10-02,70.05653,70.21567,68.545026,68.986606,62.940096,17078837
2023-10-03,68.941761,69.180324,68.354075,68.756406,62.735569,16297542
2023-10-04,68.588632,69.279713,68.279292,68.747614,62.733042,15217491
2023-10-05,68.113185,68.684568,67.699011,68.573612,62.579745,15715397
2023-10-06,68.477888,68.876338,67.499328,67.689386,61.778221,14617674
2023-10-09,67.403478,67.797973,67.222775,67.353057,61.487421,16365253
2023-10-10,67.582213,67.650129,66.657854,67.15821,61.314915,11541934
2023-10-11,67.247872,68.089401,66.950189,67.807904,61.913504,18628854
2023-10-12,67.938062,68.822253,67.625171,68.514605,62.564254,16110528
2023-10-13,68.626432,68.998951,68.468663,68.889043,62.911685,11085506
2023-10-16,68.640392,69.041996,67.016632,67.741475,61.879951,15717588
2023-10-17,67.94543,68.959585,67.749899,68.770633,62.825561,10077697
2023-10-18,68.955228,69.255876,68.465531,69.137737,63.166464,14335043
2023-10-19,69.610179,69.713926,68.683988,69.03049,63.074006,11293888
2023-10-20,69.012858,69.587092,68.7862,69.486473,63.496206,16861945
2023-10-23,69.100189,70.087879,68.897776,70.01131,63.992615,14797044
2023-10-24,70.225239,70.309813,69.550346,69.87968,63.877897,10469984
2023-10-25,69.757618,70.537419,69.588621,70.131863,64.114038,11967169
2023-10-26,69.952301,70.173998,69.345872,69.457188,63.502818,12769569
2023-10-27,69.294095,69.784309,68.327891,68.506298,62.638933,21949381
2023-10-30,68.655947,68.752468,67.871254,67.908529,62.108683,12458381
2023-10-31,67.943469,68.259153,67.794053,68.227939,62.40628,12946835
2023-11-01,68.411598,68.65718,67.745641,67.964569,62.170829,20483802
2023-11-02,67.981771,68.117243,67.845585,68.033203,62.239065,12044816
2023-11-03,68.219023,68.786733,68.052484,68.684611,62.8405,17324571
2023-11-06,68.672062,69.060928,67.949825,68.267644,62.47543,12082284
2023-11-07,68.279314,68.892625,67.943032,68.655615,62.835988,20830148
2023-11-08,68.652034,68.930862,68.551429,68.687889,62.871034,14061970
2023-11-09,68.936224,69.308405,67.59936,68.220245,62.448464,14899981
2023-11-10,68.47529,68.844029,67.599571,67.937433,62.195028,16162732
2023-11-13,67.594546,69.107908,67.22674,68.544509,62.767286,14875961
2023-11-14,68.779862,68.830976,68.221183,68.799706,63.006494,13440266
2023-11-15,68.752034,68.848931,68.10147,68.330665,62.582431,13114270
2023-11-16,68.344318,68.906868,68.140417,68.646096,62.876835,17732722
2023-11-17,68.823419,69.140511,67.975128,68.0658,62.350772,20090964
2023-11-20,67.961986,68.436192,67.547157,67.724569,62.054499,21480187
2023-11-21,67.922073,68.600746,67.598412,68.235932,62.528527,17595067
2023-11-22,68.045761,68.559458,67.984118,68.463738,62.742777,11934317
2023-11-24,68.628382,69.024836,67.772669,67.889108,62.227066,13567691
2023-11-27,67.777997,68.73108,67.728913,68.317838,62.6365,18844647
2023-11-28,68.417562,68.901181,68.354735,68.545869,62.851074,16557717
2023-11-29,68.478859,69.051235,68.447773,68.896231,63.177863,13840278
2023-11-30,68.928199,70.041321,68.856127,69.773372,63.987808,10080248
2023-12-01,69.579989,69.734181,69.296091,69.551487,63.78991,10630169
2023-12-04,69.681332,70.027477,69.522383,69.603736,63.854611,14903227
2023-12-05,69.749699,70.115155,68.705837,68.997218,63.303737,16818458
2023-12-06,68.492394,69.87594,68.401005,69.61297,63.874274,16316834
2023-12-07,69.406243,69.711954,69.190277,69.505567,63.781313,22788382
2023-12-08,69.710352,70.08015,69.467251,69.81975,64.075234,12905904
2023-12-11,69.731595,70.049747,69.622401,69.966813,64.227076,16515622
2023-12-12,70.255783,70.885653,70.144719,70.418685,64.647542,12485430
2023-12-13,70.35685,70.61639,70.185211,70.231046,64.48093,14118111
2023-12-14,70.07565,70.174427,69.734215,70.074546,64.34288,19342630
2023-12-15,69.917332,69.974175,69.606988,69.896069,64.184625,10208398
2023-12-18,70.198777,71.366706,70.053014,71.059465,65.270108,11843369
2023-12-19,71.229493,71.39053,70.685562,70.71787,64.962035,12411979
2023-12-20,71.195456,71.424068,70.050818,70.448466,64.720228,22344345
2023-12-21,70.638839,70.764129,69.756327,69.842892,64.169516,24357568
2023-12-22,69.816802,70.194371,69.700027,70.094172,64.406027,11319044
2023-12-26,70.050893,70.362284,69.743556,69.874231,64.226438,10339106
2023-12-27,69.545514,69.870489,68.363753,68.604433,63.0648,20751085
2023-12-28,68.633754,69.226578,68.539104,68.829923,63.277626,15032814
2023-12-29,69.209922,69.521661,68.709483,69.408486,63.815109,9761552
2024-01-02,69.479379,69.682328,69.080352,69.461391,63.886135,11551513
2024-01-03,69.172684,69.529776,69.085939,69.435502,63.867919,12002741
2024-01-04,69.206751,69.472576,68.966017,69.328923,63.775473,29507134
2024-01-05,69.056069,69.995304,68.767046,69.729117,64.14923,13255064
2024-01-08,69.506736,69.653431,69.403788,69.621445,64.067011,16651117
2024-01-09,69.39604,70.638884,69.168394,70.500325,64.881458,13561049
2024-01-10,70.438969,70.872538,70.307822,70.813453,65.17534,14819849
2024-01-11,70.611597,70.764862,70.067909,70.273112,64.683687,17121363
2024-01-12,70.275676,70.496582,69.915908,70.224687,64.644777,14608807
2024-01-16,70.394736,70.932867,70.320118,70.604215,65.016929,16859168
2024-01-17,70.252888,70.994764,70.02876,70.782685,65.186987,14823010
2024-01-18,70.897799,71.175953,70.780648,70.982124,65.376386,19978862
2024-01-19,71.121347,71.666998,70.496242,70.665154,65.090151,9673226
2024-01-22,70.982977,71.202218,70.337152,70.710869,65.14938,12447910
2024-01-23,70.417639,71.154068,69.968571,70.992461,65.414556,16796583
2024-01-24,70.970403,71.408915,70.842958,71.360033,65.759009,20171031
2024-01-25,71.773651,72.318946,70.532725,70.78677,65.236456,12005950
2024-01-26,71.022595,71.246695,69.697832,69.862974,64.390735,10333647
2024-01-29,69.931117,70.196629,68.793315,69.077171,63.683219,11231433
2024-01-30,69.06446,69.317419,68.577085,68.791754,63.425646,9754047
2024-01-31,68.588968,69.035318,68.450811,68.998484,63.621823,16279903
2024-02-01,68.889698,70.321179,68.664234,70.249342,64.780884,10676297
2024-02-02,69.983872,70.316689,69.851299,69.965075,64.524398,16998766
2024-02-05,70.115528,71.27105,70.014694,70.946192,65.44642,15128700
2024-02-06,71.076055,71.639145,70.969379,71.463238,65.92916,21373712
2024-02-07,71.209623,71.516308,70.340926,70.589704,65.128978,10661486
2024-02-08,70.6024,70.737623,69.926521,70.379614,64.940829,19853198
2024-02-09,70.038101,70.782986,69.67661,70.418336,64.982252,12523657
2024-02-12,70.955602,70.995605,70.267108,70.514889,65.088457,20066280
2024-02-13,70.595121,71.423443,70.416498,70.848741,65.402347,13955110
2024-02-14,71.115802,71.578698,70.559756,70.811049,65.37328,13321874
2024-02-15,70.631273,70.965058,70.451752,70.927959,65.486949,12716497
2024-02-16,71.184134,71.366228,69.871946,69.9688,64.607029,12723103
2024-02-20,70.125709,70.345298,69.415749,69.990428,64.649652,15271164
2024-02-21,69.895955,70.261878,69.395969,69.445622,64.152039,12043953
2024-02-22,69.221951,69.312343,68.709187,68.884447,63.639216,19667988
2024-02-23,69.26506,69.491019,68.319828,68.414215,63.210327,18775191
2024-02-26,68.253658,68.336978,67.779971,67.826067,62.683389,17342579
2024-02-27,67.961587,68.842981,67.855931,68.786174,63.576269,13222887
2024-02-28,68.75911,69.308693,68.697801,69.261704,64.021391,9809317
2024-02-29,69.359645,69.484886,69.160154,69.454398,64.205131,14223531
2024-03-01,69.666133,70.183633,69.540273,69.990905,64.706758,14404401
2024-03-04,69.987463,70.077561,69.778661,69.869183,64.611206,18514535
2024-03-05,69.812502,70.380795,69.652147,70.204331,64.92682,8659643
2024-03-06,70.393155,70.47853,69.984387,70.338613,65.056707,11714274
2024-03-07,70.40729,71.495197,70.252995,71.153145,65.81584,23378755
2024-03-08,71.240419,71.753154,71.20149,71.651399,66.282526,8716067
2024-03-11,71.771499,72.191271,70.756108,71.369067,66.038704,24827401
2024-03-12,70.970353,72.319407,70.649216,72.012639,66.640047,15871359
2024-03-13,71.851341,71.963136,71.507821,71.567091,66.233543,13031474
2024-03-14,71.41608,72.458599,71.229872,72.219599,66.843279,11272332
2024-03-15,72.230414,72.262159,71.405941,71.604574,66.279845,15750628
2024-03-18,71.178771,71.249319,70.467944,70.51748,65.290749,22784675
2024-03-19,70.548556,70.814511,69.385871,69.561515,64.411283,14059712
2024-03-20,69.44596,69.900656,69.278765,69.746398,64.588136,18459396
2024-03-21,69.721621,69.840783,69.499205,69.54871,64.410711,16058429
2024-03-22,69.954662,70.270906,69.741501,70.078276,64.906841,11377394
2024-03-25,70.239489,70.315443,69.746542,69.940625,64.796376,18461545
2024-03-26,70.170088,70.934872,69.897934,70.787659,65.586855,16970168
2024-03-27,70.675239,70.966646,70.445581,70.879712,65.677899,10548123
2024-03-28,70.784024,70.907091,70.428021,70.602971,65.4272,33002324
2024-04-01,70.595986,70.796572,69.821045,70.032656,64.921441,10169288
2024-04-02,70.671063,70.767151,69.715948,69.999676,64.896554,12828191
2024-04-03,69.865356,70.02116,69.531043,69.695975,64.620654,14172606
2024-04-04,69.933492,70.248878,69.401893,69.623156,64.558794,16063589
2024-04-05,69.462965,70.001165,69.379571,69.750358,64.68241,12527184
2024-04-08,69.973457,70.507229,68.966586,69.275117,64.258586,15497916
2024-04-09,69.336576,69.426732,68.306626,68.570534,63.610598,18772331
2024-04-10,68.719492,68.764984,67.91881,68.354404,63.415657,14512775
2024-04-11,68.306025,68.652179,67.468864,67.713957,62.826988,17928420
2024-04-12,67.654572,67.920038,67.531571,67.853865,62.962314,11381415
2024-04-15,67.949556,68.328316,67.793715,68.287153,63.381023,16882025
2024-04-16,68.423944,68.886318,68.274146,68.825157,63.885971,12551388
2024-04-17,68.753447,68.927835,68.430408,68.539898,63.626757,12784732
2024-04-18,68.625324,68.730815,67.852185,67.88136,63.020946,14749684
2024-04-19,67.93871,67.974038,67.508088,67.628931,62.792092,8171624
2024-04-22,68.193993,68.696411,68.061213,68.40824,63.532362,13023848
2024-04-23,68.560487,68.88527,67.501391,67.660292,62.84323,13531067
2024-04-24,67.632469,67.835683,66.494328,67.124884,62.351403,24085308
2024-04-25,67.165418,67.369378,66.736648,66.988672,62.230329,20647514
2024-04-26,67.147205,67.584644,66.72937,67.243281,62.472326,12668657
2024-04-29,67.243835,67.627297,67.136873,67.292087,62.534103,15633602
2024-04-30,66.953347,67.873845,66.887461,67.638585,62.861608,24248126
2024-05-01,67.655343,68.768408,67.427401,68.438858,63.610935,11818806
2024-05-02,68.366611,68.575773,68.111716,68.288187,63.476454,18247408
2024-05-03,68.269106,68.971892,68.150852,68.52432,63.701529,11937026
2024-05-06,68.819216,69.090469,68.256688,68.322217,63.530346,16989589
2024-05-07,68.321787,68.859199,68.151855,68.764391,63.947109,12003073
2024-05-08,68.580474,68.860161,68.40924,68.583304,63.784296,17134807
2024-05-09,68.720168,68.870071,68.515665,68.658742,63.860051,7568559
2024-05-10,68.385131,69.107318,68.233144,68.933036,64.120791,13742481
2024-05-13,68.954674,69.11904,68.591603,69.039989,64.237159,26657677
2024-05-14,68.911077,69.57714,68.8621,69.080757,64.280723,14489716
2024-05-15,69.09608,69.394367,69.008594,69.155846,64.356233,14987680
2024-05-16,68.9714,69.042324,68.490206,68.533866,63.783007,15897378
2024-05-17,68.532567,68.600661,68.157363,68.230025,63.505792,18011176
2024-05-20,68.368851,69.184967,68.088386,68.914411,64.159653,15815565
2024-05-21,68.542354,69.509716,68.331557,69.389867,64.607965,26119694
2024-05-22,69.696031,69.758719,69.215279,69.289619,64.520277,15831094
2024-05-23,69.108658,69.905184,68.884069,69.809536,65.010103,8251208
2024-05-24,69.727119,69.941532,68.617619,68.675276,63.959427,11072898
2024-05-28,68.560728,69.420989,68.417318,69.349634,64.610116,14696955
2024-05-29,69.419732,69.775534,69.199446,69.499041,64.754986,13199220
2024-05-30,69.512844,70.264047,69.370882,69.93348,65.165478,21880602
2024-05-31,70.133338,70.364243,70.019219,70.206452,65.425571,20476293
2024-06-03,70.693124,71.149444,70.363604,70.631616,65.839085,13544272
2024-06-04,70.710379,71.024408,70.448177,70.586954,65.803219,10535089
2024-06-05,70.638195,70.98147,70.607192,70.861991,66.065403,12282970
2024-06-06,71.0386,71.111945,70.328887,70.43384,65.671987,18546099
2024-06-07,70.068472,70.367111,69.739096,70.227529,65.485361,18908471
2024-06-10,70.432054,70.486162,70.315251,70.345855,65.61294,15857080
2024-06-11,70.509743,70.938205,70.288944,70.794174,66.036881,16177296
2024-06-12,70.55898,71.42642,70.262018,71.393173,66.601463,22567250
2024-06-13,71.242361,72.563028,70.789701,72.386861,67.534374,11872970
2024-06-14,72.363799,72.594431,71.601757,72.044415,67.220773,8392951
2024-06-17,72.105033,72.799748,71.820666,72.351651,67.525184,11870205
2024-06-18,72.023683,73.153372,71.948389,73.053093,68.185808,10290303
2024-06-20,73.054169,73.190548,72.311478,72.474692,67.657798,17970566
2024-06-21,72.522046,72.929016,72.151048,72.349799,67.547123,20181840
2024-06-24,72.261276,72.57924,71.985584,72.208898,67.433297,15023598
2024-06-25,71.951663,72.457949,71.835096,72.291094,67.515972,9226664
2024-06-26,72.121705,72.409391,71.886525,72.282812,67.514152,17733907
2024-06-27,72.162395,72.43733,71.892714,71.955218,67.214058,22860805
2024-06-28,72.031208,72.866856,71.96625,72.618396,67.839482,17651864
2024-07-01,72.992286,73.239925,72.722374,73.183455,68.385327,16097341
2024-07-02,73.078346,73.502247,72.864153,73.325886,68.524423,10137027
2024-07-03,73.125964,73.610596,72.730814,73.240528,68.450651,14059940
2024-07-05,73.530744,73.58951,73.041203,73.247764,68.469411,12143786
2024-07-08,73.19321,74.327274,73.092689,74.20627,69.383622,14959702
2024-07-09,74.19014,74.436059,74.00152,74.131076,69.319387,9876797
2024-07-10,74.212808,74.463256,73.456449,73.750285,68.969354,16142370
2024-07-11,73.608701,74.167092,73.52325,73.902909,69.11814,12672609
2024-07-12,73.650392,74.305004,73.529256,74.175562,69.379219,23233992
2024-07-15,73.992349,74.062446,73.865722,74.031116,69.262314,10844730
2024-07-16,74.068588,74.510823,74.007775,74.324977,69.543339,9056383
2024-07-17,74.013282,74.821033,73.760334,74.788572,69.98324,11232921
2024-07-18,74.785843,75.772541,74.722794,75.421955,70.58211,21593286
2024-07-19,75.8087,76.228417,74.782897,75.085074,70.273004,12187256
2024-07-22,74.927175,75.13511,74.830407,75.095983,70.301689,21423487
2024-07-23,74.908786,75.334326,74.443472,75.195759,70.401262,17104781
2024-07-24,75.45738,75.633812,75.192954,75.438831,70.635024,18644382
2024-07-25,75.295686,75.617133,75.078548,75.554277,70.749317,9583671
2024-07-26,75.622938,75.753091,75.532797,75.598107,70.796562,36751040
2024-07-29,75.574158,76.084835,75.259652,75.689877,70.901135,13212204
2024-07-30,75.722617,75.960858,75.446934,75.678032,70.896251,17840970
2024-07-31,76.097981,76.360169,75.743993,75.971007,71.17695,8409022
2024-08-01,76.070176,76.269051,74.842986,75.12083,70.386588,17592503
2024-08-02,74.916214,75.343401,74.708133,75.139344,70.410105,18099296
2024-08-05,74.72593,75.101858,74.079686,74.49984,69.829201,21266747
2024-08-06,74.250578,74.321866,73.790473,74.088722,69.449942,15604742
2024-08-07,74.048939,74.092896,73.790608,73.890448,69.270151,18757479
2024-08-08,73.864895,74.012798,73.384185,73.429325,68.843893,23518809
2024-08-09,73.148088,74.060481,72.990078,73.953254,69.341179,16643110
2024-08-12,74.201622,74.810221,73.936658,74.12315,69.518748,12339461
2024-08-13,74.127961,74.383092,73.376402,73.472392,68.914452,14084583
2024-08-14,73.152112,73.437651,73.102424,73.309463,68.767655,15079754
2024-08-15,73.229891,73.328464,72.529072,72.739958,68.239411,13079050
2024-08-16,72.636675,72.760895,71.94979,72.531074,68.049413,19703556
2024-08-19,72.630958,73.265419,72.365315,73.168057,68.665082,12924623
2024-08-20,73.567695,74.84692,73.340675,74.453259,69.877311,21976721
2024-08-21,73.978844,74.490477,73.802225,74.197608,69.643474,13119103
2024-08-22,74.078668,74.203354,73.693071,73.77573,69.253557,20437294
2024-08-23,73.454465,74.571811,73.331662,74.468281,69.909782,26616693
2024-08-26,74.131848,75.455334,73.824293,75.047762,70.472311,13854664
2024-08-27,75.065464,75.642896,75.004053,75.517426,70.919554,18420811
2024-08-28,75.614135,75.754094,75.259386,75.487007,70.897198,13167813
2024-08-29,75.272032,75.48607,74.619051,74.989603,70.436209,17906669
2024-08-30,74.807451,75.179049,74.502095,74.859485,70.320151,8705097
2024-09-03,74.768592,76.186502,74.432093,75.690237,71.12545,17674427
2024-09-04,75.466206,75.913363,75.064699,75.844492,71.276646,9110258
2024-09-05,75.826492,76.166693,74.737002,74.99509,70.484575,14236806
2024-09-06,74.999121,75.146025,74.934518,75.057187,70.549118,10187044
2024-09-09,74.971842,75.26372,73.814234,74.524336,70.066685,14299321
2024-09-10,74.483456,74.616509,73.538766,73.81253,69.403535,17777950
2024-09-11,73.740381,74.399707,73.658906,74.368483,69.932406,10505584
2024-09-12,74.698034,74.924865,74.479131,74.804039,70.348144,22849701
2024-09-13,74.828145,75.157971,74.542782,74.906637,70.450803,17777415
2024-09-16,74.746313,75.684082,74.680625,75.531566,71.057232,13846741
2024-09-17,75.593503,76.97528,75.526753,76.512911,71.98675,13011210
2024-09-18,76.57469,76.666162,74.634698,74.968326,70.539716,15108089
2024-09-19,74.7436,74.993774,74.377118,74.841618,70.426663,21305081
2024-09-20,75.007869,75.663158,74.829074,75.52526,71.076204,14844748
2024-09-23,75.90564,76.359622,75.751246,76.196273,71.726538,20310145
2024-09-24,75.993908,76.132774,75.289974,75.380113,70.964472,24502576
2024-09-25,75.262111,75.34794,74.545943,74.795557,70.420327,14617624
2024-09-26,74.928012,75.641707,74.831951,75.212167,70.818771,11170443
2024-09-27,75.369442,75.549137,74.943499,75.043436,70.666088,18184554
2024-09-30,75.013171,75.265015,74.799257,74.861677,70.513462,16360960
2024-10-01,74.803381,75.194805,73.704084,74.482166,70.16214,15229293
2024-10-02,74.746136,74.844556,74.349817,74.46794,70.154886,16486867
2024-10-03,74.577187,74.904992,74.016249,74.092362,69.807177,14335779
2024-10-04,74.046042,74.67568,73.965982,74.525198,70.221131,23839272
2024-10-07,74.462556,74.726888,74.168501,74.494888,70.211023,17770141
2024-10-08,74.433388,75.433745,74.267872,75.317736,70.992772,13769709
2024-10-09,75.202992,75.807904,75.085806,75.757944,71.413959,12556731
2024-10-10,75.921466,75.959938,75.304806,75.409573,71.091791,14642188
2024-10-11,75.492502,75.939159,74.582828,74.781199,70.505573,14840690
2024-10-14,74.961323,75.054866,74.389876,74.734852,70.480398,16812096
2024-10-15,74.971247,75.304287,74.824918,74.883725,70.626984,10459840
2024-10-16,74.630205,74.827696,74.432782,74.726741,70.485098,13869192
2024-10-17,74.758053,75.011683,74.519314,74.794238,70.554945,13640520
2024-10-18,74.529541,75.035759,74.428744,74.647172,70.422384,7448028
2024-10-21,74.577795,75.525728,74.501375,74.936237,70.713673,10506024
2024-10-22,74.829389,75.194715,74.756309,75.05709,70.833921,13788411
2024-10-23,74.743491,75.086503,74.458032,74.820759,70.617075,9465499
2024-10-24,74.449589,74.639438,74.155283,74.415161,70.240418,21600868
2024-10-25,74.626164,74.974558,74.507857,74.920183,70.723304,20993206
2024-10-28,74.784073,74.922491,74.074018,74.37598,70.228042,14552820
2024-10-29,74.456461,74.792778,74.207279,74.527972,70.377723,13723017
2024-10-30,74.632542,74.874486,73.902239,74.026295,69.910107,15956453
2024-10-31,74.000537,74.03326,73.728259,73.98346,69.875776,7545805
2024-11-01,73.672736,74.502923,73.529277,74.022421,69.918699,14450523
2024-11-04,73.991755,74.510777,73.776983,74.313533,70.212124,25001442
2024-11-05,74.310548,74.453813,73.857945,74.20919,70.119683,10302425
2024-11-06,74.24295,75.212124,74.056779,75.060435,70.930231,16809671
2024-11-07,74.975769,75.142586,74.094306,74.308169,70.225511,8733215
2024-11-08,74.15308,74.94289,74.035081,74.746409,70.645862,13176989
2024-11-11,74.522562,74.67649,74.347603,74.402464,70.339271,14097459
2024-11-12,74.230834,74.403004,73.74158,74.341074,70.287391,14784947
2024-11-13,74.405272,74.82566,74.188876,74.531725,70.473821,18015156
2024-11-14,74.400501,74.561163,73.520375,73.653344,69.649365,16921822
2024-11-15,73.609107,74.549013,73.454191,74.050556,70.031119,12176105
2024-11-18,74.15959,74.32867,73.054991,73.259861,69.301555,8097497
2024-11-19,73.646022,74.40296,73.539366,74.113716,70.115418,19994890
2024-11-20,73.947411,74.11987,73.639418,73.845077,69.867393,17233946
2024-11-21,73.91565,74.35293,73.866773,74.280696,70.285704,15771097
2024-11-22,73.974748,74.10114,73.310431,73.4715,69.526119,11356777
2024-11-25,73.576912,74.831963,73.422411,74.706092,70.712998,11792464
2024-11-26,74.933688,75.101795,74.302136,74.559534,70.580457,18078647
2024-11-27,74.635001,74.816999,73.765819,74.0767,70.129535,12516406
2024-11-29,74.489579,74.536219,74.404187,74.4686,70.512906,28995486
2024-12-02,74.299029,74.783604,74.139845,74.709282,70.759399,16459908
2024-12-03,74.725938,75.013343,74.64963,74.775477,70.8283,18618966
2024-12-04,74.795359,75.530087,74.219594,75.471905,71.494229,15168402
2024-12-05,75.760118,76.020816,75.270543,75.447673,71.477536,18378265
2024-12-06,75.540851,75.882473,74.953919,75.453423,71.489247,10235656
2024-12-09,75.434229,76.133327,75.24488,75.849986,71.883866,17532921
2024-12-10,75.801464,76.21548,75.595097,75.708982,71.756521,8576495
2024-12-11,75.487745,75.603034,75.214411,75.524151,71.587611,17305987
2024-12-12,75.653963,75.684826,74.69932,74.956005,71.055304,24784141
2024-12-13,74.967681,75.184862,74.91822,75.086991,71.185709,20157287
2024-12-16,75.062652,75.122832,74.193135,74.225942,70.387896,16162485
2024-12-17,74.231338,74.873532,73.992556,74.173402,70.344235,22807907
2024-12-18,74.146223,74.87987,74.101454,74.702422,70.852152,12709158
2024-12-19,74.744891,75.506028,74.575326,75.220739,71.350005,16103068
2024-12-20,75.264289,75.752202,75.073326,75.570662,71.688202,13058581
2024-12-23,75.436261,75.673395,74.951214,75.342955,71.490981,16463570
2024-12-24,75.558639,75.919417,75.457599,75.86268,71.990441,11426871
2024-12-26,75.968303,76.824688,75.929083,76.438897,72.549958,19452740
2024-12-27,76.446154,76.902133,76.184029,76.514123,72.62772,16654263
2024-12-30,76.35714,76.849637,76.282838,76.545467,72.676571,22911309
2024-12-31,76.830844,77.483164,76.778224,77.417374,73.510848,21175457
2025-01-02,77.635266,77.708978,76.654542,77.014665,73.141275,9068279
2025-01-03,77.114395,77.378238,76.998509,77.036084,73.168027,15409076
2025-01-06,77.128217,77.305867,76.250945,76.387386,72.570972,16905412
2025-01-07,75.755033,75.980195,75.450609,75.743329,71.965398,13774915
2025-01-08,76.126857,76.344885,74.248203,74.484889,70.775927,11220388
2025-01-09,74.305351,74.447034,73.956949,74.114013,70.429689,11034934
2025-01-10,74.303773,74.814116,72.922433,73.158931,69.528177,17964967
2025-01-13,73.276644,73.389469,72.393305,72.665758,69.077633,19614461
2025-01-14,72.840416,73.164384,72.115187,72.56032,68.983444,12703762
2025-01-15,72.683496,72.981019,72.169244,72.212502,68.658787,17699850
2025-01-16,72.271377,72.46767,71.596685,71.918762,68.385494,14875933
2025-01-17,71.800724,71.866988,71.347543,71.531592,68.023304,16435605
2025-01-21,71.328191,72.120712,70.876937,71.899776,68.397396,14320302
2025-01-22,71.885511,73.358296,71.836159,72.977008,69.428236,12889241
2025-01-23,73.229978,73.415455,71.74054,71.85414,68.365961,12437193
2025-01-24,71.676075,72.326707,71.354436,72.26964,68.767315,18653939
2025-01-27,72.21207,72.589403,71.490801,71.535718,68.086853,14464939
2025-01-28,71.811116,71.990765,71.188416,71.327847,67.894952,35710319
2025-01-29,71.348255,71.846927,71.205419,71.786167,68.337201,12514280
2025-01-30,71.643719,72.012234,71.292951,71.43211,68.006113,9751715
2025-01-31,71.291469,71.452943,70.421534,70.544362,67.166826,8540798
2025-02-03,70.658972,70.974092,70.355746,70.822789,67.449648,20338472
2025-02-04,70.992007,71.041247,70.328226,70.46987,67.119419,15288683
2025-02-05,70.33167,70.448127,69.402326,69.574279,66.272214,13131149
2025-02-06,69.390709,69.939403,69.294081,69.82382,66.515738,10350079
2025-02-07,70.068772,70.128083,69.746975,69.918748,66.612005,12172415
2025-02-10,69.808456,70.344481,69.694949,69.888653,66.600836,14943584
2025-02-11,70.02136,70.643438,69.92374,70.51166,67.200422,19643553
2025-02-12,70.426452,70.874163,70.378383,70.628277,67.31746,15727820
2025-02-13,70.658615,70.830906,70.132301,70.338248,67.0469,14751028
2025-02-14,70.399527,70.568231,69.521411,69.90082,66.635779,18604027
2025-02-18,70.134791,70.352238,69.945222,70.212008,66.955891,14562956
2025-02-19,70.425588,70.53263,69.850085,70.109179,66.863689,12228944
2025-02-20,69.969745,70.526776,69.940571,70.091747,66.852921,20784794
2025-02-21,70.144715,70.592492,70.047631,70.440094,67.191058,11739344
2025-02-24,70.447418,70.942641,69.791165,70.142526,66.924803,15722816
2025-02-25,70.066602,70.25541,69.314913,69.379842,66.202906,13631157
2025-02-26,69.298326,69.650452,68.491096,68.835297,65.689051,15312788
2025-02-27,68.947793,69.115001,68.662546,68.765418,65.628115,16608320
2025-02-28,68.560407,68.647332,67.977466,68.253114,65.144891,13160239
2025-03-03,68.180821,68.221176,67.801182,68.021456,64.940849,25436355
2025-03-04,67.885616,67.938307,67.643951,67.901967,64.832452,15554730
2025-03-05,68.018841,68.05715,67.903366,67.994199,64.926203,7120390
2025-03-06,67.995778,68.21573,67.937461,68.040872,64.976462,18401302
2025-03-07,68.184197,68.519816,67.871005,68.173913,65.109215,9921622
2025-03-10,68.396176,68.473982,67.799437,68.014726,64.974259,11870696
2025-03-11,67.945052,68.150522,67.539948,67.914662,64.884353,12465477
2025-03-12,67.814195,67.95923,67.161276,67.347681,64.348308,17519344
2025-03-13,67.223611,67.267015,66.831132,67.004467,64.025988,15288230
2025-03-14,67.094341,67.191628,66.837077,67.113166,64.135474,16039993
2025-03-17,67.082449,67.147185,66.863096,67.028667,64.071562,29884569
2025-03-18,67.123987,67.231869,66.65792,66.858365,63.914372,10215052
2025-03-19,66.80895,67.533255,66.689008,67.277025,64.320232,10430221
2025-03-20,67.065694,67.380108,66.964823,67.299194,64.347064,15026781
2025-03-21,67.409241,67.464973,66.83578,66.887034,63.958587,16014888
2025-03-24,66.786199,67.338641,66.493674,67.074509,64.154714,8779425
2025-03-25,66.751016,67.264644,66.550642,67.20429,64.284477,11313970
2025-03-26,66.999628,67.313755,66.694328,67.247454,64.331402,27826412
2025-03-27,67.517991,67.787397,67.101078,67.145171,64.239182,14991958
2025-03-28,67.038538,67.899827,66.97766,67.261927,64.356523,11089338
2025-03-31,67.088315,67.355422,66.019124,66.109302,63.270314,16415911
2025-04-01,66.040077,66.70039,65.976009,66.433075,63.585753,14239197
2025-04-02,66.374051,66.804726,66.080645,66.253138,63.419084,19044170
2025-04-03,66.143118,66.233435,64.978265,65.535693,62.737825,15192910
2025-04-04,65.719984,67.072788,65.551485,66.851528,64.003091,11937554
2025-04-07,66.676573,67.086025,66.577293,66.723727,63.897528,9409352
2025-04-08,66.98481,67.073667,66.36963,66.612619,63.796715,12235920
2025-04-09,66.885286,67.387786,66.300847,66.396818,63.595608,10137622
2025-04-10,66.419007,66.502343,66.065061,66.255481,63.465794,13959719
2025-04-11,66.082277,66.500012,65.666705,66.323251,63.536276,11419837
2025-04-14,66.198385,66.932081,66.148883,66.519793,63.741311,21130622
2025-04-15,66.701836,66.761838,66.234957,66.470728,63.699876,13257073
2025-04-16,66.53403,66.564767,66.286379,66.39677,63.634576,16122191
2025-04-17,66.424279,67.17793,66.278861,66.882873,64.106072,16403567
2025-04-21,66.587346,66.798505,66.51647,66.716564,63.969081,14626412
2025-04-22,66.4399,66.872595,66.058386,66.254736,63.531838,11724887
2025-04-23,66.105421,66.455799,66.078372,66.31915,63.599177,18001356
2025-04-24,66.374625,66.775666,66.187879,66.636639,63.909244,19822780
2025-04-25,66.686403,67.407735,66.397153,67.050873,64.312157,17124069
2025-04-28,66.743801,67.519321,66.625901,67.263378,64.532942,11957016
2025-04-29,66.990409,67.200395,66.177862,66.317017,63.630571,11546134
2025-04-30,66.067144,67.073614,65.775118,66.589734,63.897839,13307006
2025-05-01,66.031144,67.413921,65.900218,67.259835,64.546505,13025403
2025-05-02,67.499515,67.568497,66.76019,66.848877,64.157746,16105239
2025-05-05,66.718666,66.84672,66.362978,66.60743,63.942824,17544900
2025-05-06,66.605417,66.778537,65.950045,66.072547,63.434895,15925053
2025-05-07,66.149406,66.557398,65.71239,65.832208,63.209688,22879717
2025-05-08,65.49615,65.646568,65.180745,65.50973,62.905568,13239156
2025-05-09,65.92592,66.141131,64.836088,65.248589,62.660297,10413324
2025-05-12,65.629385,66.165262,64.766073,64.991617,62.429925,10560921
2025-05-13,64.993249,66.43838,64.796648,66.160352,63.558162,23180004
2025-05-14,66.038564,66.174789,64.449998,64.81862,62.274659,25609152
2025-05-15,64.811153,65.842136,64.683164,65.258685,62.702946,12774813
2025-05-16,65.2455,67.019709,65.13763,65.955177,63.377713,15297039
2025-05-19,66.173685,66.353465,65.724642,66.123435,63.556098,12811502
2025-05-20,66.113599,67.378957,66.018311,66.874792,64.283914,25438574
2025-05-21,67.039923,67.607438,66.413177,66.513753,63.942465,18863230
2025-05-22,66.382604,67.034109,66.310716,66.935448,64.353496,17493503
2025-05-23,66.887286,66.995475,65.24574,65.645653,63.118982,19167140
2025-05-27,65.670315,66.029871,65.634326,65.921909,63.406822,13231868
2025-05-28,65.920928,66.110273,63.493405,63.805136,61.376186,20245459
2025-05-29,63.759865,63.963686,63.416482,63.580516,61.165476,23189272
2025-05-30,63.586293,64.302839,63.527437,63.792132,61.374431,13874087
2025-06-02,63.57034,63.83595,62.93546,63.384679,60.99845,10534648
2025-06-03,63.343653,63.667467,62.943095,63.170573,60.797731,16590762
2025-06-04,63.474749,63.989231,62.40886,62.734498,60.383327,7986144
2025-06-05,62.778663,63.298817,62.65436,62.850059,60.499856,17666086
2025-06-06,62.796907,64.067913,62.688001,63.846896,61.464802,19081285
2025-06-09,63.898576,64.210356,63.806724,64.084545,61.709802,17360387
2025-06-10,64.318253,64.566671,63.506808,63.604124,61.25255,14052238
2025-06-11,63.959895,64.004359,63.168145,63.414643,61.075425,9425627
2025-06-12,63.449338,64.099711,63.255181,63.650778,61.308221,14732334
2025-06-13,63.477217,63.967737,63.106157,63.888222,61.542318,11748179
2025-06-16,64.161009,65.128732,63.914421,65.057646,62.685275,14920966
2025-06-17,64.984508,65.514113,64.893565,65.453554,63.072272,17392836
2025-06-18,65.378952,66.21505,65.19709,65.951216,63.557396,10104793
2025-06-20,65.99996,66.158357,65.129866,65.424209,63.060567,25627910
2025-06-23,65.33393,65.681512,64.581564,64.626197,62.307759,16134586
2025-06-24,64.79745,65.082703,64.401801,64.555683,62.245228,7723532
2025-06-25,64.773613,65.061932,64.734685,64.874634,62.558245,14899118
2025-06-26,64.827558,65.347233,64.468054,65.227686,62.904202,15446809
2025-06-27,65.396732,65.743354,65.196712,65.467533,63.141037,10068566
2025-06-30,65.477326,66.626331,65.191295,66.578525,64.229428,13884356
2025-07-01,66.561055,66.609753,65.873298,66.200622,63.870453,25094156
2025-07-02,66.21053,66.866941,65.538695,65.72197,63.414205,10031158
2025-07-03,65.999493,66.622028,65.883687,66.142148,63.82522,17874183
2025-07-07,65.919691,66.335362,65.643295,66.029788,63.739129,9029836
2025-07-08,66.033049,66.609669,65.554979,66.496892,64.195653,16677715
2025-07-09,66.02796,67.451404,65.604619,67.270691,64.948364,11334414
2025-07-10,67.570459,68.078707,67.37024,67.908783,65.570171,14299540
2025-07-11,67.579444,69.057865,67.414279,68.800229,66.436739,23797252
2025-07-14,69.174153,69.599685,67.725693,67.847994,65.534438,20689557
2025-07-15,68.341718,68.373455,66.745661,66.810926,64.538387,12921810
2025-07-16,66.563498,66.667962,66.340953,66.603219,64.343382,18087756
2025-07-17,66.532361,68.038245,66.128229,67.625139,65.336353,16020072
2025-07-18,67.358255,68.175386,67.290325,67.585866,65.30413,22445836
2025-07-21,67.899366,68.229894,66.160104,66.478891,64.251412,21713083
2025-07-22,66.43876,66.810502,66.079539,66.165418,63.954046,19004113
2025-07-23,66.029275,67.174249,65.732174,66.984807,64.751722,16081139
2025-07-24,67.102173,67.470203,66.487212,66.682991,64.465614,15999127
2025-07-25,66.526228,67.228068,66.435581,67.06098,64.836715,15280831
2025-07-28,66.99551,67.158036,66.558193,66.941957,64.738653,14464399
2025-07-29,66.883814,67.181063,66.493364,67.095913,64.893227,14300077
2025-07-30,67.14088,67.812872,66.812833,67.557171,65.345067,17632832
2025-07-31,67.84026,68.059822,67.360892,67.63197,65.423148,13187071
2025-08-01,67.705143,68.145468,67.368137,67.576117,65.374847,19645491
2025-08-04,67.923352,68.170367,67.430569,67.670102,65.482979,19897876
2025-08-05,67.830969,68.019884,66.780787,67.026847,64.866197,11283368
2025-08-06,67.043312,67.076587,66.626659,66.687338,64.543287,13171031
2025-08-07,66.847654,66.905258,66.209415,66.408582,64.279125,11440911
2025-08-08,66.132825,66.405346,65.071521,65.119741,63.037134,14576924
2025-08-11,65.315782,65.756511,65.216432,65.532735,63.453595,19972615
2025-08-12,65.47317,65.504328,65.140188,65.256998,63.192142,21696077
2025-08-13,65.23887,66.038962,65.004664,65.568951,63.499788,22738305
2025-08-14,66.177911,66.355968,65.268535,65.457113,63.397034,21150486
2025-08-15,65.449261,65.550986,65.147025,65.381595,63.32944,10765961
2025-08-18,65.416785,65.964477,64.954789,65.180394,63.15115,13602051
2025-08-19,65.447597,65.566747,65.310289,65.504803,63.47102,17432710
2025-08-20,65.364698,65.84037,65.320212,65.771893,63.735401,24175028
2025-08-21,65.873889,66.170984,65.111002,65.433374,63.412919,14430616
2025-08-22,65.285402,65.714194,64.823658,65.632408,63.61138,15078252
2025-08-25,65.634507,65.835476,65.432978,65.589336,63.586345,22694089
2025-08-26,65.735885,65.813935,65.543608,65.676965,63.676877,11549430
2025-08-27,65.668463,66.351317,65.55584,66.030468,64.025223,12944184
2025-08-28,66.114284,66.174225,64.805478,65.117408,63.145423,13740222
2025-08-29,64.949646,65.81119,64.747545,65.687521,63.703853,14580463
2025-09-02,65.409874,65.671465,64.99772,65.46443,63.509751,14238821
2025-09-03,65.448907,65.539696,65.329574,65.501017,63.550813,16263072
2025-09-04,65.343776,65.943002,65.16104,65.723107,63.771878,19040291
2025-09-05,65.782333,65.997216,65.449759,65.581385,63.639938,14132565
2025-09-08,65.540754,65.931394,64.992044,65.656291,63.729375,10391709
2025-09-09,65.683913,66.173459,65.636211,65.995823,64.064555,9896079
2025-09-10,65.943129,66.358329,65.683783,66.134874,64.205161,12949097
2025-09-11,66.098748,66.269841,65.464118,65.714854,63.802987,15424116
2025-09-12,65.684527,66.021331,65.505213,65.866549,63.955871,16771307
2025-09-15,66.03212,66.222319,65.747423,65.817528,63.925072,11126385
2025-09-16,66.052192,66.097236,65.033572,65.560653,63.681162,21819913
2025-09-17,65.817083,65.989909,64.720677,64.909622,63.054318,15167969
2025-09-18,64.717663,65.410308,64.605959,65.030405,63.177184,15164791
2025-09-19,64.665998,65.029717,64.297667,64.736679,62.897339,13654065
2025-09-22,64.49404,64.674537,64.074367,64.532576,62.715516,20080078
2025-09-23,64.589495,64.961717,64.268529,64.528658,62.717203,12590608
2025-09-24,64.489619,64.632269,64.081529,64.352204,62.551183,8788167
2025-09-25,64.321943,64.398177,63.922533,64.141008,62.35136,17674803
2025-09-26,64.190221,64.444781,63.084705,63.38981,61.626521,21566149
2025-09-29,63.18354,63.655035,63.025925,63.351749,61.605708,17555314
2025-09-30,63.393594,63.731372,63.327786,63.473703,61.72971,32785113
2025-10-01,63.447987,63.478142,63.187887,63.359392,61.623938,23051038
2025-10-02,63.247427,63.775352,62.900106,63.638387,61.900714,17909475
2025-10-03,63.741737,63.83809,62.907923,63.107188,61.389397,11514593
2025-10-06,62.951605,63.395318,62.735622,63.235184,61.530079,17988732
2025-10-07,63.389242,63.42116,62.935105,63.13601,61.438962,11902201
2025-10-08,63.029592,63.592795,62.791547,63.490207,61.789052,11737248
2025-10-09,63.512212,63.72453,62.95572,63.070238,61.385713,18769257
2025-10-10,63.269407,63.554831,63.107438,63.322096,61.636244,19144977
2025-10-13,63.108175,64.243732,62.970342,63.819481,62.136717,15805270
2025-10-14,63.624385,65.352964,63.525987,64.774353,63.071936,25105069
2025-10-15,64.57155,65.814126,64.520802,65.679786,63.959176,9172383
2025-10-16,65.752287,66.224483,64.986814,65.147551,63.446442,15133618
2025-10-17,65.213822,65.469292,64.649525,64.963283,63.272529,12970314
2025-10-20,65.057387,65.130359,64.210367,64.71317,63.045494,16630269
2025-10-21,64.605632,64.848682,64.240688,64.331927,62.679566,17424824
2025-10-22,64.277939,64.472514,63.885444,63.958549,62.321238,16819086
2025-10-23,64.127092,64.321489,63.514165,63.682817,62.058002,9396681
2025-10-24,63.565223,63.777179,63.103214,63.395812,61.783733,17599113
2025-10-27,63.404724,64.056596,63.088894,63.756242,62.151331,11638462
2025-10-28,63.693415,64.063357,62.963644,63.926148,62.32242,14020814
2025-10-29,63.655589,64.592464,63.300514,63.986158,62.386389,14429931
2025-10-30,64.006551,65.542766,63.759303,65.465159,63.834005,13869888
2025-10-31,65.291136,65.96937,64.64445,65.784466,64.150977,15721588
2025-11-03,65.439958,65.838768,64.994893,65.674372,64.060451,16621855
2025-11-04,65.70163,66.216803,65.337546,65.765661,64.155117,15521022
2025-11-05,65.562554,65.6789,64.914559,64.954043,63.368926,12069128
2025-11-06,64.651526,64.728943,63.893249,63.933551,62.378803,7285905
2025-11-07,63.615914,63.661039,62.988098,63.200503,61.668984,13147026
2025-11-10,63.258269,63.40247,62.461961,62.804578,61.298762,19890236
2025-11-11,62.850208,63.023628,62.323272,62.878535,61.376323,18051009
2025-11-12,62.544012,62.572516,62.037033,62.436281,60.949975,16368346
2025-11-13,62.729659,63.560301,62.184312,62.972795,61.479103,12827953
2025-11-14,62.916427,64.212703,62.673487,63.704444,62.198847,13665875
2025-11-17,64.202207,64.620534,63.70074,64.450841,62.944145,25216744
2025-11-18,64.179015,64.379363,63.239032,63.611673,62.130037,14901506
2025-11-19,63.806744,64.877517,63.687034,64.573247,63.074741,29213892
2025-11-20,64.104624,64.294898,62.881121,63.290987,61.827654,16560260
2025-11-21,63.099949,65.856583,62.849888,65.076998,63.577941,18463200
2025-11-24,65.471671,65.792882,63.37849,63.769578,62.317015,18610802
2025-11-25,63.908081,64.152373,63.175021,63.41202,61.97303,19729955
2025-11-26,63.573236,64.195759,62.816448,62.875565,61.454132,15651244
2025-11-28,62.860991,63.269773,62.695356,62.734553,61.327053,6790433
2025-12-01,62.744527,64.041039,62.41759,63.071377,61.672528,17022206
2025-12-02,63.081205,63.263926,62.371421,62.478817,61.098463,14982479
2025-12-03,62.081912,62.605721,61.906371,62.162706,60.794662,11238277
2025-12-04,62.318994,63.176148,62.217699,63.116168,61.732549,14783818
2025-12-05,63.375445,63.646937,61.991045,62.19534,60.837237,22857597
2025-12-08,62.230013,62.579297,61.844634,61.891823,60.556261,24189810
2025-12-09,61.822191,62.346335,61.143825,61.991115,60.658726,12825395
2025-12-10,62.095061,62.195142,62.019304,62.091449,60.762226,15853673
2025-12-11,62.353827,62.593344,61.720193,61.801176,60.483466,11865932
2025-12-12,61.442409,63.565398,60.912733,62.98458,61.647038,13386783
2025-12-15,63.11859,63.407651,62.854157,63.342747,62.013896,10029482
2025-12-16,63.40481,63.693518,62.913655,63.604621,62.275732,13512196
2025-12-17,63.262519,63.318114,62.809043,63.084048,61.771447,17379901
2025-12-18,63.154666,63.549166,62.323269,62.79744,61.49619,13512613
2025-12-19,62.567712,63.09699,61.947884,62.154286,60.871697,18939542
2025-12-22,62.239742,62.407883,61.136587,61.753575,60.495152,16151909
2025-12-23,61.646969,62.127956,60.997831,61.377285,60.131798,17266597
2025-12-24,61.905837,62.676663,61.821719,62.402379,61.141447,20460486
2025-12-26,62.563152,62.862125,62.329602,62.364251,61.114798,25814133
2025-12-29,62.222223,62.724525,62.155869,62.535326,61.298554,20182944
2025-12-30,62.509704,62.716091,62.286249,62.664253,61.430313,13937162
2025-12-31,62.503237,62.536333,62.168921,62.407675,61.184148,17776988
2026-01-02,62.423256,62.540982,62.37388,62.493398,61.278927,22201502
2026-01-05,62.593902,63.464628,62.315997,63.289913,62.076276,23883091
2026-01-06,63.359272,63.505381,62.574515,62.801217,61.602348,12942919
2026-01-07,62.749192,63.009693,62.624346,62.941533,61.745394,9666924
2026-01-08,63.109474,63.393732,62.093991,62.210823,61.033918,9244610
2026-01-09,62.393397,63.202376,62.213977,62.91714,61.732281,12485944
2026-01-12,62.951489,63.646614,62.806108,63.099862,61.927836,11020136
2026-01-13,63.028531,63.378621,62.724307,62.871629,61.709249,17090914
2026-01-14,63.023299,63.481104,62.959881,63.166786,62.004381,13241164
2026-01-15,63.204667,63.235462,62.891236,63.06045,61.905426,10984518
2026-01-16,63.049087,63.406591,62.92132,63.253056,62.099944,11095509
2026-01-20,62.944895,63.71402,62.557164,63.390471,62.256667,13704714
2026-01-21,63.376284,63.601984,62.544258,62.746266,61.629384,14498611
2026-01-22,62.818013,63.899454,62.704718,63.532757,62.407343,13621924
2026-01-23,63.355245,63.663642,63.244139,63.35396,62.237165,8046415
2026-01-26,63.557562,63.798757,63.136377,63.182616,62.085158,15101891
2026-01-27,63.303819,64.135216,63.018524,63.22856,62.135747,13406821
2026-01-28,63.289701,63.531715,62.999758,63.321559,62.232591,16053227
2026-01-29,63.217908,63.750495,63.121752,63.503759,62.417126,23950214
2026-01-30,63.490545,64.234301,63.432064,64.036838,62.946598,19209335
2026-02-02,64.146027,64.295496,63.806286,64.235049,63.158032,17519715
2026-02-03,64.461966,64.91642,63.767876,63.949508,62.882788,22982203
2026-02-04,63.735949,64.266746,63.515645,64.174437,63.109493,16436888
2026-02-05,64.044966,64.194602,63.607061,63.68459,62.633262,13466580
2026-02-06,63.809204,64.142537,62.930951,62.976593,61.94238,11076865
2026-02-09,62.872552,63.232508,62.555874,63.159477,62.138591,13585895
2026-02-10,63.054951,63.200957,62.147461,62.439807,61.435935,19937230
2026-02-11,62.486343,63.241385,61.909572,63.0422,62.034077,24113403
2026-02-12,62.944836,63.922438,62.7818,63.826406,62.811246,13629562
2026-02-13,64.115388,64.466262,62.805581,62.995802,61.999285,17115680
2026-02-17,62.680613,62.83912,62.600967,62.702693,61.732443,17557313
2026-02-18,62.766656,63.243773,61.165146,61.613322,60.665243,13972539
2026-02-19,61.59114,61.968062,61.35417,61.703021,60.758885,11800484
2026-02-20,61.673808,61.991273,60.526451,60.693899,59.770439,13398116
2026-02-23,60.583135,60.927704,59.308387,59.496268,58.606432,18224864
2026-02-24,59.58885,59.953353,59.048929,59.180628,58.300621,8192879
2026-02-25,59.628193,59.883677,58.592747,58.677471,57.81001,13489505
2026-02-26,58.623322,59.271956,57.942785,58.131204,57.276837,10556355
2026-02-27,58.204672,58.749712,58.033943,58.150785,57.30115,19402786
2026-03-02,58.328908,58.536827,57.833467,57.859923,57.029525,13308747
2026-03-03,58.004443,58.32215,57.765392,57.853614,57.028303,11221792
2026-03-04,58.000143,58.612079,57.842028,58.376523,57.548793,18007285
2026-03-05,58.020645,59.350066,57.952878,59.172851,58.338942,21390112
2026-03-06,58.782446,59.403671,58.547358,59.094683,58.26698,15932275
2026-03-09,58.149054,59.173595,57.779341,59.064606,58.252633,11293748
2026-03-10,59.255766,62.059031,59.096971,61.68735,60.844652,15440873
2026-03-11,61.676943,63.919476,61.120802,62.892405,62.03868,11256483
2026-03-12,63.270589,64.028415,62.907622,63.925888,63.063659,16650444
2026-03-13,63.813343,64.558076,63.524831,64.335137,63.472948,20468018
2026-03-16,64.148794,64.660025,63.947998,64.329803,63.484369,14542919
2026-03-17,64.701803,65.045717,62.352942,62.529641,61.713272,16410774
2026-03-18,62.486946,63.818445,61.909579,63.282793,62.462063,13742112
2026-03-19,63.544111,63.9608,63.377971,63.514058,62.695822,11975441
2026-03-20,63.53052,64.277795,63.19605,63.91859,63.10067,13681798
2026-03-23,63.604348,64.809381,63.324834,64.415596,63.608033,16528586
2026-03-24,64.476818,65.228033,64.345431,65.032193,64.222526,20324530
2026-03-25,65.202763,65.258342,64.497373,64.869402,64.067375,23777494
2026-03-26,64.4712,64.879269,64.440243,64.490999,63.699231,17321249
2026-03-27,64.474667,65.60529,64.426784,65.504703,64.706157,19085085
2026-03-30,65.450735,65.772062,65.33615,65.641434,64.858267,17112857
2026-03-31,65.323175,65.73717,65.028594,65.431937,64.656934,18438175
2026-04-01,65.708239,65.744292,64.863068,64.940885,64.17732,12336244
2026-04-02,65.216839,65.449916,64.418169,64.858049,64.101073,15857402
2026-04-06,65.034412,65.109931,64.592538,64.880542,64.14578,18324756
2026-04-07,64.531349,65.739899,63.885176,65.585073,64.848013,11014763
2026-04-08,65.460025,65.615568,65.011154,65.260144,64.53239,13570917
2026-04-09,65.122267,66.100487,64.976246,65.430201,64.706218,10853032
2026-04-10,65.333987,66.044224,65.063658,65.963973,65.239801,14430138
2026-04-13,66.016749,66.134674,65.521566,65.849095,65.143303,8099317
2026-04-14,66.033857,66.893529,65.910846,66.679835,65.970918,23834839
2026-04-15,66.655456,66.751076,65.460086,65.640594,64.948417,16385426
2026-04-16,65.74727,65.886313,64.98795,65.528467,64.843153,16826502
2026-04-17,65.338484,65.761559,65.296775,65.444363,64.765602,16978891
2026-04-20,65.348595,65.379884,64.029842,64.370398,63.719521,21390775
2026-04-21,64.384599,65.033949,63.586528,63.700832,63.06225,19876578
2026-04-22,64.221918,65.047055,64.05944,64.999821,64.353855,19181773
2026-04-23,64.647828,64.782243,64.313202,64.466581,63.831507,11326532
2026-04-24,64.357875,65.166902,64.233757,64.700197,64.068433,17719203
2026-04-27,64.777511,65.574349,64.467089,65.301716,64.681077,24246368
2026-04-28,65.34944,65.375664,64.279047,64.821315,64.210868,16335397
2026-04-29,64.622663,65.112523,63.926245,64.653138,64.049885,15198125
2026-04-30,65.041024,65.224645,64.338278,64.528333,63.931846,13813628
2026-05-01,64.708917,64.738276,64.04379,64.189749,63.601963,23783654
2026-05-04,64.316128,64.534144,62.924792,63.213481,62.6511,14296587
2026-05-05,63.048216,63.933505,62.765917,63.622395,63.061901,15431300
2026-05-06,63.544531,63.731582,62.704312,62.812665,62.264759,14361661
2026-05-07,62.763602,63.76418,62.556113,63.537958,62.989244,16626780
2026-05-08,63.676403,63.942918,63.064958,63.330032,62.788615,13026198
2026-05-11,63.401265,63.911604,63.185234,63.839073,63.309941,8537058
2026-05-12,63.947203,64.970854,63.820069,64.858495,64.32655,11792519
2026-05-13,64.585583,65.057343,64.447487,65.01134,64.48379,11411131
2026-05-14,65.166211,65.775113,65.017159,65.652891,65.12584,20803296
2026-05-15,65.608285,65.93935,65.556915,65.747106,65.225013,22937891
2026-05-18,65.598248,66.025661,65.25874,65.36821,64.866173,24376637
2026-05-19,65.39192,65.79654,65.330186,65.745521,65.246302,13533298
2026-05-20,65.769398,66.453394,65.193889,66.174814,65.67809,17883098
2026-05-21,66.15499,66.419209,66.05103,66.359181,65.866843,19057095
2026-05-22,66.541031,66.80794,65.243325,65.756959,65.274808,19166451
2026-05-26,65.933411,66.5542,65.762497,66.209522,65.747089,15811572
2026-05-27,66.126826,67.095197,65.696901,66.892139,66.430758,15352008
2026-05-28,66.809032,67.403421,66.450446,67.02789,66.571404,13345014
2026-05-29,67.122596,67.714716,66.83235,67.582952,67.128567,31003683
2026-06-01,67.269846,69.005128,66.830653,68.930666,68.485218,10336102
2026-06-02,68.721178,69.743747,68.620344,69.404277,68.96181,17093073
2026-06-03,69.426094,69.712882,69.303947,69.57713,69.139618,24921771
2026-06-04,69.85207,69.963259,69.558527,69.869965,69.436695,14242275
2026-06-05,69.630417,69.984767,69.389793,69.876553,69.449326,11473970
2026-06-08,69.453435,70.19367,69.373455,70.058306,69.648272,30109223
2026-06-09,70.261776,70.589919,70.147511,70.360761,69.955086,11080939
2026-06-10,70.272302,71.318844,69.839273,71.034849,70.631474,23427208
2026-06-11,71.179391,71.433301,71.111987,71.400654,71.001422,14926677
2026-06-12,71.054991,71.340636,70.737053,71.223119,70.831086,17541223
2026-06-15,71.89555,72.249755,71.516448,72.158644,71.780325,18226989
2026-06-16,71.996444,72.460102,71.686767,71.826283,71.455966,18785336
2026-06-17,71.517947,71.563277,71.152402,71.37185,71.010097,14992317
2026-06-18,71.310234,72.243108,71.279224,71.328741,70.973424,18740925
2026-06-22,71.523856,71.61232,70.646078,70.933581,70.604972,16264856
2026-06-23,70.814478,71.214545,70.492204,71.141784,70.818415,11994040
2026-06-24,71.241178,71.509664,70.518343,70.664449,70.349413,9199194
2026-06-25,70.665307,70.713315,70.565262,70.625071,70.31637,11286279
2026-06-26,70.807756,71.314159,70.20725,70.874566,70.570957,22455928
2026-06-29,71.375994,71.823602,71.139417,71.42671,71.139431,25950503
2026-06-30,71.162664,71.443074,70.4076,70.79977,70.521191,15190626
