date,open,high,low,close,adj_close,volume
2006-01-03,29.990048,30.110701,29.843035,29.924609,20.228266,28782595
2006-01-04,29.820002,30.120618,29.686287,30.039181,20.306769,67692883
2006-01-05,29.776163,30.124033,29.650587,30.055547,20.31889,34855424
2006-01-06,30.150287,30.212039,29.03157,29.195205,19.738287,39886548
2006-01-09,29.151196,29.170605,28.664057,28.833204,19.496588,34446114
2006-01-10,28.833109,29.007109,28.66873,28.932339,19.564639,22797643
2006-01-11,29.121971,29.174633,28.612695,28.733,19.430853,34923997
2006-01-12,28.82935,28.924921,28.148118,28.254103,19.10799,53180962
2006-01-13,28.229561,28.936659,28.198225,28.764355,19.454081,25419467
2006-01-17,28.842423,28.866225,28.380794,28.542554,19.308088,37631283
2006-01-18,28.577371,28.679979,28.156917,28.329875,19.165215,20736352
2006-01-19,28.371232,28.438669,28.140122,28.180648,19.065254,23655318
2006-01-20,27.982716,28.338432,27.496954,27.663516,18.716369,40956974
2006-01-23,27.689227,28.428295,27.600765,28.103081,19.016734,46963125
2006-01-24,27.964187,29.103232,27.917118,28.645272,19.384631,74782503
2006-01-25,28.915933,28.981871,27.926541,28.047083,18.980816,63566808
2006-01-26,28.125743,28.159358,27.576917,27.726742,18.765002,31862162
2006-01-27,27.695654,27.811104,27.481589,27.503826,18.615104,45964557
2006-01-30,27.451967,27.6235,27.329369,27.610035,18.689905,33831904
2006-01-31,27.51073,27.541072,27.097747,27.341682,18.509213,35793098
2006-02-01,27.28318,27.452343,27.23601,27.288117,18.473913,30915466
2006-02-02,27.058366,27.886455,26.964172,27.778535,18.806901,35734389
2006-02-03,27.747859,28.538854,27.69868,28.378343,19.213989,35539109
2006-02-06,28.370215,29.086214,28.335521,28.750418,19.468946,82753933
2006-02-07,28.768792,29.51963,28.611118,29.339831,19.869113,53400916
2006-02-08,29.42884,30.058681,29.318824,29.92833,20.268703,30419214
2006-02-09,29.935336,30.678651,29.784696,30.50188,20.658209,29621724
2006-02-10,30.42836,30.662311,30.184793,30.583451,20.714532,34751813
2006-02-13,30.526925,30.658029,30.390561,30.619746,20.742352,36778135
2006-02-14,30.971202,31.011352,30.748648,30.811834,20.873562,60550295
2006-02-15,31.047379,31.12221,30.807536,30.984555,20.991664,27608599
2006-02-16,31.147088,31.319128,30.823804,30.8532,20.90376,41485797
2006-02-17,30.846255,30.914875,30.06616,30.334191,20.553188,45292544
2006-02-21,30.363009,30.572445,30.223421,30.498891,20.669083,47230538
2006-02-22,30.47375,30.63282,30.068203,30.275331,20.518643,83716826
2006-02-23,30.206173,30.549639,29.620628,29.778066,20.18268,49886988
2006-02-24,29.925073,30.054955,29.731576,29.87612,20.250191,31086552
2006-02-27,29.928813,30.058459,29.583187,29.625596,20.083519,39605839
2006-02-28,29.67043,30.657959,29.631929,30.416915,20.621035,40323657
2006-03-01,30.279642,30.738019,30.252052,30.493495,20.674028,73261572
2006-03-02,30.254254,30.899661,30.061879,30.739102,20.841628,23261178
2006-03-03,30.600539,30.677305,30.537957,30.561947,20.722592,29279248
2006-03-06,30.636505,30.836952,29.856409,30.265716,20.524935,36933262
2006-03-07,30.090073,31.056001,29.896311,30.834477,20.911733,51138800
2006-03-08,30.827429,30.870328,30.631406,30.785987,20.879933,36928920
2006-03-09,30.816082,31.226066,30.752116,31.063634,21.069337,33271204
2006-03-10,31.263302,31.372496,30.380985,30.534109,20.711257,33783128
2006-03-13,30.444928,30.975073,30.399704,30.853104,20.930897,18408460
2006-03-14,30.973517,31.004131,30.353853,30.437606,20.650095,37893833
2006-03-15,30.420956,30.584025,30.214758,30.371875,20.606573,33294093
2006-03-16,30.29812,30.634069,30.136022,30.584217,20.751721,33407353
2006-03-17,30.591876,31.143695,30.40323,31.010584,21.04211,42513937
2006-03-20,31.096614,31.366217,31.018992,31.272655,21.223249,34861902
2006-03-21,31.249286,31.492553,31.19995,31.451218,21.345542,45224354
2006-03-22,31.536842,31.801101,31.265537,31.603935,21.450305,44659675
2006-03-23,31.823824,32.010097,31.701517,31.896568,21.650048,40867939
2006-03-24,31.950262,32.415011,31.894185,32.070578,21.769291,82071383
2006-03-27,31.824822,32.355099,31.791661,32.259436,21.900904,67347452
2006-03-28,32.18884,32.210672,31.901829,31.923454,21.673934,32478527
2006-03-29,32.00709,32.25739,31.782524,32.220517,21.876758,50482735
2006-03-30,32.271624,32.454977,31.856698,31.934106,21.683421,30779823
2006-03-31,31.860479,31.902006,31.439973,31.52078,21.403884,41222919
2006-04-03,31.570038,31.771453,31.405378,31.520716,21.407181,48055658
2006-04-04,31.570682,31.616812,31.313285,31.489664,21.387205,47808672
2006-04-05,31.5886,31.73114,31.191138,31.355277,21.297039,28684727
2006-04-06,31.375254,31.655795,31.32556,31.596137,21.461752,40519484
2006-04-07,31.575625,32.020255,31.197463,31.801938,21.602666,19629521
2006-04-10,31.853841,32.071243,31.788982,32.012092,21.748816,33028233
2006-04-11,31.964742,32.128065,31.904599,31.920421,21.687663,55310586
2006-04-12,31.992814,32.331792,31.470266,31.494688,21.399521,34867227
2006-04-13,31.480626,31.688779,31.230681,31.534599,21.427753,26841238
2006-04-17,31.522365,31.536957,31.042496,31.165027,21.181036,48389360
2006-04-18,31.39861,31.50195,31.103029,31.137361,21.163334,40807390
2006-04-19,31.133825,31.251907,31.071696,31.109408,21.145435,28668751
2006-04-20,31.046419,31.173891,30.724247,30.885776,20.994522,69439538
2006-04-21,30.808203,31.388806,30.644148,31.241016,21.2371,56301270
2006-04-24,31.234248,31.993684,30.933259,31.855179,21.657977,29905692
2006-04-25,31.772271,31.994765,31.72763,31.945579,21.720569,40857388
2006-04-26,31.674653,31.927694,31.553392,31.701631,21.555824,48825852
2006-04-27,31.848502,32.539749,31.676652,32.438843,22.058246,38712310
2006-04-28,32.349294,32.831178,32.113341,32.795388,22.301854,41405957
2006-05-01,33.1261,33.258622,32.069687,32.205394,21.904058,26104677
2006-05-02,32.336141,32.467198,32.14567,32.436454,22.062358,34582762
2006-05-03,32.420097,32.457141,31.90645,31.931133,21.719784,77522577
2006-05-04,32.155418,32.534648,31.977336,32.328004,21.990881,24735452
2006-05-05,32.354881,33.162352,32.098531,33.028696,22.468691,57120984
2006-05-08,32.784202,33.932639,32.759231,33.644201,22.890977,47189554
2006-05-09,33.373279,34.197827,33.353026,33.985365,23.124303,43035847
2006-05-10,34.195055,34.325584,33.781385,34.060804,23.176839,36453335
2006-05-11,33.981068,34.820646,33.593264,34.792745,23.676123,28242567
2006-05-12,34.776218,35.042309,34.547931,34.64256,23.57515,47933136
2006-05-15,34.610486,34.643234,34.52832,34.55037,23.516082,40439586
2006-05-16,34.713178,34.911542,34.071761,34.189742,23.271837,46132237
2006-05-17,34.319164,34.843107,34.274494,34.379257,23.402051,34846671
2006-05-18,34.481846,34.663129,33.692429,33.876037,23.060708,47820224
2006-05-19,33.81905,34.358902,33.72656,33.955564,23.116047,42981733
2006-05-22,33.842419,34.180897,33.383134,33.454492,22.778485,25384319
2006-05-23,33.39993,33.87761,33.088247,33.568212,22.857104,34366478
2006-05-24,33.630013,33.810322,33.227331,33.729126,22.967867,26156852
2006-05-25,33.511294,33.611387,33.009442,33.043361,22.502066,37968194
2006-05-26,33.365727,33.45715,32.906984,33.105227,22.545368,37554548
2006-05-30,33.248036,33.785587,32.993504,33.355396,22.720466,25939789
2006-05-31,33.346067,33.403772,32.935858,33.194776,22.612234,37372573
2006-06-01,33.463686,33.621193,33.393878,33.52163,22.836074,60900680
2006-06-02,33.332944,34.144192,33.265339,34.036944,23.188329,56340534
2006-06-05,33.717414,33.958697,33.680187,33.708969,22.968475,34653175
2006-06-06,33.523208,33.689698,32.705361,32.842013,22.378916,40584768
2006-06-07,33.021262,33.048846,31.990881,32.004489,21.809352,37349617
2006-06-08,31.845524,32.314261,31.656147,32.182512,21.931806,21590246
2006-06-09,32.153199,32.302345,31.490972,31.587702,21.527573,39957412
2006-06-12,31.547073,32.230168,31.528604,32.198923,21.947556,53686670
2006-06-13,32.324484,32.816716,32.291222,32.53668,22.178933,80995526
2006-06-14,32.512049,32.832838,32.402176,32.577081,22.207628,30926359
2006-06-15,32.664687,32.853204,32.607135,32.778228,22.345912,51443555
2006-06-16,32.816585,32.843022,31.911489,32.090317,21.87808,34695430
2006-06-19,31.972078,32.886404,31.952623,32.772367,22.346565,34228650
2006-06-20,32.759323,33.414701,32.560449,33.186083,22.629843,57646209
2006-06-21,32.935813,33.277144,32.775861,33.043614,22.533865,49549689
2006-06-22,33.002242,33.036257,32.278478,32.713403,22.30984,32500502
2006-06-23,32.730962,33.206609,32.658524,33.189904,22.635981,50563677
2006-06-26,33.69763,33.797054,32.833705,32.887289,22.433094,37722359
2006-06-27,33.161335,33.188495,32.420241,32.814665,22.384721,48920598
2006-06-28,32.877557,33.347813,32.596533,33.188702,22.64105,31259754
2006-06-29,33.15046,34.093198,33.023679,34.046311,23.227311,35397626
2006-06-30,34.189153,35.014253,34.096904,34.813356,23.751846,35210117
2006-07-03,35.004755,35.122032,33.88064,34.004427,23.203565,44586117
2006-07-05,33.785457,33.844341,33.572495,33.625315,22.947258,70098648
2006-07-06,33.964085,34.167977,32.711536,32.845895,22.416516,43573169
2006-07-07,32.666326,32.824651,32.346337,32.646244,22.281418,31441082
2006-07-10,32.60283,32.949338,32.490708,32.68018,22.308062,45890666
2006-07-11,32.676503,33.266472,32.646055,33.006243,22.53181,47492586
2006-07-12,33.038874,33.914781,32.950214,33.521789,22.884939,39526242
2006-07-13,33.732189,34.179469,33.28914,33.349216,22.76831,38063986
2006-07-14,33.501042,33.589571,33.41179,33.508865,22.878496,39729826
2006-07-17,33.64027,34.350261,33.572146,34.295726,23.419388,36069057
2006-07-18,34.255273,34.44556,34.003509,34.227327,23.373896,30663186
2006-07-19,33.941123,34.050451,33.14723,33.206939,22.678251,59805927
2006-07-20,32.983439,33.010546,32.742354,32.80785,22.406864,44353838
2006-07-21,32.458042,33.522744,32.374602,33.169867,22.65529,28792020
2006-07-24,33.433644,33.73855,33.171047,33.665636,22.997493,63393561
2006-07-25,34.006647,34.170466,32.934987,33.042062,22.572695,38467175
2006-07-26,32.920321,33.147736,32.547902,33.102416,22.615102,39536853
2006-07-27,33.338005,33.377302,32.613831,32.84955,22.443515,52314639
2006-07-28,32.787372,33.011071,31.558507,31.799473,21.72721,20717155
2006-07-31,31.542028,32.527343,31.454409,32.293212,22.068004,31904457
2006-08-01,32.310868,32.586204,32.268884,32.542133,22.239264,21294098
2006-08-02,32.611233,33.399795,32.459832,33.293103,22.75366,28466555
2006-08-03,33.13089,33.598988,33.038034,33.407286,22.832884,25031166
2006-08-04,33.41157,33.458567,33.249768,33.318484,22.773376,29751956
2006-08-07,33.400498,33.861905,33.169299,33.705868,23.04175,40169147
2006-08-08,33.586501,34.584224,33.564659,34.528945,23.605644,73529982
2006-08-09,34.839547,35.090149,34.339128,34.439391,23.545646,40223433
2006-08-10,34.691381,35.371341,34.663152,35.039957,23.957489,43837960
2006-08-11,34.666351,35.075974,34.626264,34.917928,23.875297,59894208
2006-08-14,34.894554,35.408496,33.967251,34.209815,23.394772,42747541
2006-08-15,33.804446,34.816659,33.697904,34.638456,23.689136,42615288
2006-08-16,34.478731,34.643974,33.965954,34.317241,23.470679,32692162
2006-08-17,34.021642,35.186374,33.997333,35.094494,24.003516,45558057
2006-08-18,34.76447,35.931604,34.693678,35.863278,24.530616,32330130
2006-08-21,35.815119,36.549456,35.552124,36.532312,24.992137,50921143
2006-08-22,36.513713,36.736644,35.941469,36.323107,24.850311,43005464
2006-08-23,36.388997,36.514946,36.131567,36.319925,24.849426,34123949
2006-08-24,36.372999,36.576499,36.05351,36.497422,24.972166,23544488
2006-08-25,36.604902,37.188215,36.468757,37.132032,25.407698,26945264
2006-08-28,37.106152,38.672763,36.928695,38.005684,26.009556,20998668
2006-08-29,37.646388,38.013886,37.603019,37.963602,25.982108,37073893
2006-08-30,37.452929,38.551176,37.015482,38.306589,26.218211,54338364
2006-08-31,38.288791,38.938922,37.883754,38.54911,26.385572,29015027
2006-09-01,38.708782,39.369793,38.402956,38.573008,26.403303,46337338
2006-09-05,38.359653,38.463473,37.710635,37.892457,25.942862,53964633
2006-09-06,37.611809,38.08008,37.451238,37.714427,25.822318,27805300
2006-09-07,37.497637,37.588161,36.923326,37.083898,25.391928,32248006
2006-09-08,36.831285,36.922482,35.251587,35.483408,24.297311,33068769
2006-09-11,35.349052,35.532481,34.363955,34.652395,23.731977,40100382
2006-09-12,34.655299,34.970266,34.061847,34.277709,23.476591,34651220
2006-09-13,34.236033,34.351293,33.900543,34.026618,23.305833,28343762
2006-09-14,33.874856,34.817234,33.546412,34.674829,23.751048,26220832
2006-09-15,34.574616,34.654721,34.350646,34.423325,23.580003,25457129
2006-09-18,34.398836,34.468388,33.947691,34.044241,23.323969,39956611
2006-09-19,34.352642,34.908232,33.068178,33.478615,22.937647,56501979
2006-09-20,33.721762,33.811088,32.943283,33.147121,22.711708,39025387
2006-09-21,33.024561,34.245892,32.908947,33.973247,23.278963,34704385
2006-09-22,33.72178,34.311819,33.519199,34.018852,23.311425,35397869
2006-09-25,34.003861,34.232524,32.998063,33.367258,22.868489,37170086
2006-09-26,33.64929,34.112325,33.016993,33.078277,22.671613,31740014
2006-09-27,33.206378,33.915699,32.908204,33.58268,23.018525,27555038
2006-09-28,33.709609,34.339323,33.580308,34.303727,23.513973,34984966
2006-09-29,34.198051,34.608229,33.94548,33.967274,23.284558,41009920
2006-10-02,34.192139,34.262214,33.662311,33.931708,23.263808,39050039
2006-10-03,33.847475,34.313434,33.664587,34.218547,23.461687,28232686
2006-10-04,34.155279,34.337551,33.784572,33.969315,23.292015,44269379
2006-10-05,33.846894,34.469136,33.662759,34.094447,23.379031,42044822
2006-10-06,33.783406,34.555273,33.457304,34.346941,23.553395,46161282
2006-10-09,34.219457,34.250208,33.570459,33.658568,23.084946,41172833
2006-10-10,33.832549,34.622907,33.664213,34.422914,23.610406,33675096
2006-10-11,34.502326,35.11295,34.388198,34.933286,23.961713,54813585
2006-10-12,34.710243,34.881022,34.058824,34.237808,23.485886,65430572
2006-10-13,34.39826,34.640741,33.305923,33.444432,22.942853,53342340
2006-10-16,33.326345,33.456583,32.137342,32.561208,22.340448,49589169
2006-10-17,32.443057,32.743652,32.250752,32.371824,22.211666,23847921
2006-10-18,32.594776,33.163156,32.317285,32.975774,22.627238,17620882
2006-10-19,33.249815,33.979025,32.006522,32.076693,22.011454,55944911
2006-10-20,31.941513,33.713155,31.73821,33.543759,23.019372,25177926
2006-10-23,33.483857,34.872781,33.280679,34.450611,23.645388,35172210
2006-10-24,34.393307,34.814025,33.977658,34.194806,23.471035,33086059
2006-10-25,34.263273,34.944934,32.626738,32.783961,22.503814,38907341
2006-10-26,32.640179,33.090773,32.400423,32.831887,22.537884,46891989
2006-10-27,32.787132,33.293423,32.754365,32.998863,22.653685,43879812
2006-10-30,32.7723,33.183646,32.313996,32.394718,22.242411,38623468
2006-10-31,32.571966,32.716608,32.074006,32.101388,22.042155,36378114
2006-11-01,31.898194,32.808241,31.833898,32.687955,22.446085,48943576
2006-11-02,32.66093,32.863975,32.581304,32.727523,22.474424,33785911
2006-11-03,32.701695,33.406497,32.247686,33.281096,22.855759,23156581
2006-11-06,33.14674,33.44728,32.838766,33.371712,22.921566,33470483
2006-11-07,33.519492,33.729766,33.205311,33.343419,22.903324,57921558
2006-11-08,33.234659,33.763775,33.176369,33.529651,23.032444,33551334
2006-11-09,33.537746,35.13918,33.522645,34.792626,23.901259,42786064
2006-11-10,34.437033,35.83548,34.301801,35.402029,24.321162,47975753
2006-11-13,35.392924,36.26622,35.363003,35.865915,24.643696,67237081
2006-11-14,35.82094,35.897649,35.736144,35.776457,24.583508,46104019
2006-11-15,35.857313,36.331403,34.508741,34.683192,23.83352,46922916
2006-11-16,34.501786,34.703022,33.79463,33.908431,23.302333,54660478
2006-11-17,33.65327,35.357648,33.564935,35.013291,24.06286,32433545
2006-11-20,35.410612,35.642653,35.09708,35.133444,24.149203,28648916
2006-11-21,35.028096,35.990232,34.846491,35.925606,24.694985,31638300
2006-11-22,36.218554,36.949221,36.152902,36.585466,25.149876,50212753
2006-11-24,37.077212,37.137891,36.790884,36.863142,25.343395,19672558
2006-11-27,36.674653,38.036433,36.62177,37.372975,25.697915,33944577
2006-11-28,37.725898,37.986088,37.540196,37.835005,26.016964,38280436
2006-11-29,37.910058,38.334818,37.297228,37.999737,26.1316,36639632
2006-11-30,38.003789,38.083494,37.395735,37.530176,25.810035,28451715
2006-12-01,37.482003,37.528424,36.238203,36.450017,25.068499,19456148
2006-12-04,36.544303,36.655203,35.454238,35.845071,24.656295,37111509
2006-12-05,35.633849,35.951545,35.093327,35.547957,24.453194,45157604
2006-12-06,35.456185,35.523899,35.007273,35.340928,24.312045,48522141
2006-12-07,35.216857,35.773555,35.028044,35.751101,24.595494,62295008
2006-12-08,35.775724,36.141052,35.36878,35.968242,24.746167,33355510
2006-12-11,35.941524,36.58509,35.90714,36.513035,25.124906,41917150
2006-12-12,36.830084,36.865239,36.266927,36.547279,25.149777,36344273
2006-12-13,36.921944,37.437806,36.79361,37.154434,25.568917,30670530
2006-12-14,37.054132,37.138662,36.67183,37.105863,25.53682,29577575
2006-12-15,37.245488,37.501585,36.851312,36.900517,25.396819,46462865
2006-12-18,36.75874,36.978991,36.696509,36.842735,25.361008,33165604
2006-12-19,36.961369,37.013566,36.331919,36.474843,25.109073,29844018
2006-12-20,36.830606,36.985398,36.736265,36.924948,25.420244,33806827
2006-12-21,36.652418,36.728723,36.290105,36.343087,25.020975,27129660
2006-12-22,36.431849,36.888908,36.233585,36.723795,25.284395,47415491
2006-12-26,36.678859,36.898929,36.177847,36.761301,25.315485,25381202
2006-12-27,36.899333,37.432331,36.71637,37.220199,25.632836,48321115
2006-12-28,36.871712,37.476747,36.616486,37.371113,25.738106,67129101
2006-12-29,37.467101,37.812685,37.270952,37.73856,25.992525,64995401
2007-01-02,37.725363,37.8687,37.150179,37.645418,25.933769,28124370
2007-01-03,37.697947,37.95998,37.091212,37.512438,25.843504,67464728
2007-01-04,37.537533,37.631459,36.941563,37.178217,25.614581,58018391
2007-01-05,37.224797,37.466923,36.922456,37.214487,25.640904,36296334
2007-01-08,37.301302,37.873212,37.11853,37.471016,25.821683,68383272
2007-01-09,37.558549,38.145812,37.527752,38.10991,26.263317,45816373
2007-01-10,38.264274,38.363732,37.983758,38.313016,26.404661,58545853
2007-01-11,38.350133,39.130007,38.190141,38.620793,26.61816,38768407
2007-01-12,38.384926,38.729543,37.710883,38.065597,26.236873,25686396
2007-01-16,37.936848,38.833322,37.913928,38.621303,26.625436,54050416
2007-01-17,38.645167,39.260411,38.497529,39.098884,26.956081,41111106
2007-01-18,39.291317,39.480001,39.067711,39.160295,26.999825,53929094
2007-01-19,39.08982,39.352653,38.774399,39.088536,26.951751,43226888
2007-01-22,39.040493,39.199455,38.97322,39.172555,27.013898,31424977
2007-01-23,39.22175,39.276972,38.625272,38.824337,26.775154,36218403
2007-01-24,38.711206,38.829895,38.441392,38.509988,26.559746,64183651
2007-01-25,38.5146,38.83861,38.447344,38.684079,26.681201,16661364
2007-01-26,38.447953,38.944381,38.411859,38.882047,26.819139,27146644
2007-01-29,39.096155,39.982772,38.851273,39.665557,27.363841,33123581
2007-01-30,39.441504,40.056954,39.25917,39.930583,27.548105,58120889
2007-01-31,39.737622,39.988353,39.543634,39.862636,27.50266,27581998
2007-02-01,40.120116,40.416624,39.765531,40.311204,27.813589,45244691
2007-02-02,40.422276,40.653917,39.971747,40.120234,27.683265,46652968
2007-02-05,40.044664,40.095093,39.311777,39.41431,27.200417,44369436
2007-02-06,39.257624,39.548064,39.027333,39.437215,27.21764,55587529
2007-02-07,39.703882,39.90047,39.247814,39.521893,27.277499,41006658
2007-02-08,39.490335,39.543276,39.301001,39.427787,27.213965,51646557
2007-02-09,39.422572,39.478048,38.694681,38.927312,26.869923,48698519
2007-02-12,38.960379,39.317652,38.71483,38.830395,26.807208,47568662
2007-02-13,38.687776,38.993078,38.559047,38.862676,26.83089,43993959
2007-02-14,38.772883,38.889873,38.598281,38.676117,26.703478,57899666
2007-02-15,38.927509,39.116995,38.207831,38.266859,26.422285,36065668
2007-02-16,38.054692,38.217127,37.533521,37.859573,26.142424,34840466
2007-02-20,37.894478,38.12421,37.40339,38.04557,26.276324,34122548
2007-02-21,38.012994,38.695175,37.955439,38.543872,26.621862,37317654
2007-02-22,38.290526,38.809484,38.160697,38.589587,26.654824,55661044
2007-02-23,38.3761,39.487569,38.290478,39.159458,27.049856,29998617
2007-02-26,39.285135,39.342332,39.06215,39.148983,27.04684,39889914
2007-02-27,39.15404,40.049762,39.082629,39.867405,27.544609,60706145
2007-02-28,40.189454,40.398826,39.486987,39.535082,27.316427,36306371
2007-03-01,39.401393,40.310582,38.922379,39.980917,27.62591,49137795
2007-03-02,39.744056,40.607845,39.601136,40.486393,27.976637,49841000
2007-03-05,40.352138,40.371195,39.703039,39.97816,27.629753,27041256
2007-03-06,39.650539,40.734252,39.55362,40.33429,27.877332,34660375
2007-03-07,40.334981,41.162214,40.123416,40.925773,28.287611,33932911
2007-03-08,40.797557,41.516655,40.757152,41.489197,28.678538,35368882
2007-03-09,41.638955,41.737822,41.43192,41.52854,28.707226,20693543
2007-03-12,41.524139,41.780463,41.382836,41.455808,28.661421,30929145
2007-03-13,41.449734,41.950327,41.411359,41.929929,28.990724,38223654
2007-03-14,41.896215,42.950154,41.637076,42.905757,29.666963,34506771
2007-03-15,42.548346,42.693438,42.187339,42.244978,29.21159,47798662
2007-03-16,42.270219,43.281728,41.875497,43.253447,29.910483,41854454
2007-03-19,43.313595,43.618702,42.608523,42.649174,29.497221,35646942
2007-03-20,42.318012,43.395326,42.130587,43.155836,29.849194,20099197
2007-03-21,43.462947,43.594117,42.700629,42.841838,29.633556,53698125
2007-03-22,43.066777,43.416922,42.82119,43.251543,29.918503,43726594
2007-03-23,43.16059,44.933405,42.924025,44.760777,30.9641,38235769
2007-03-26,44.792373,45.040274,44.75457,44.937586,31.091263,33967962
2007-03-27,45.151626,45.195181,43.525738,43.646284,30.199412,70931332
2007-03-28,43.60198,45.1127,43.448968,44.59264,30.855813,58963068
2007-03-29,44.315163,44.834015,44.018254,44.304602,30.6581,37716811
2007-03-30,44.601796,44.884701,43.859977,43.942257,30.408945,35060394
2007-04-02,43.81978,43.903077,43.429915,43.610801,30.18428,51354169
2007-04-03,43.325882,43.940331,43.117423,43.719619,30.261171,47014223
2007-04-04,43.72176,43.885381,43.210112,43.518228,30.123342,38509381
2007-04-05,43.719717,44.675541,43.628419,44.541489,30.833248,36813271
2007-04-09,44.331704,45.276595,44.256384,44.797309,31.016789,29938430
2007-04-10,44.91877,44.959908,44.731385,44.793278,31.015611,34602766
2007-04-11,44.795944,44.944958,44.365861,44.819069,31.035084,29502842
2007-04-12,45.043101,45.397014,43.563262,43.822644,30.346685,37594237
2007-04-13,43.863727,43.986039,43.29759,43.389571,30.04835,59545334
2007-04-16,43.525018,43.638403,43.152999,43.3787,30.04551,62678687
2007-04-17,43.397893,43.967007,42.993948,43.601403,30.201332,44843899
2007-04-18,43.641001,43.93892,43.603706,43.89045,30.403128,43432174
2007-04-19,44.182456,44.288714,44.025788,44.255271,30.657436,39950651
2007-04-20,44.344154,44.444526,43.668806,43.955128,30.451099,24386645
2007-04-23,44.095731,44.132993,42.908786,43.200705,29.933123,59817653
2007-04-24,43.002624,44.109145,42.823893,43.725872,30.298579,26577356
2007-04-25,43.663543,43.92957,43.15492,43.48315,30.131959,29632611
2007-04-26,43.687193,44.467041,43.494384,44.270877,30.679416,28863877
2007-04-27,44.494999,44.867115,43.838118,44.806497,31.052212,44062745
2007-04-30,44.620987,44.654285,43.947961,44.221451,30.651542,30971948
2007-05-01,44.293189,44.391207,43.750126,43.836403,30.386231,34814850
2007-05-02,43.996895,44.604911,43.588008,44.3994,30.778086,25982797
2007-05-03,44.306374,44.730169,43.71391,43.750547,30.329873,39275707
2007-05-04,43.511423,43.973829,43.164974,43.710316,30.30356,47493822
2007-05-07,43.626769,43.720826,42.05157,42.490702,29.462621,40932042
2007-05-08,42.775813,43.315421,42.597516,43.119196,29.899968,42563856
2007-05-09,43.006773,43.236779,42.700627,42.720225,29.624852,31088368
2007-05-10,42.532814,43.112379,42.374628,43.005321,29.824106,28995791
2007-05-11,43.064764,43.183684,42.11166,42.588565,29.536623,36050929
2007-05-14,42.687192,43.201422,42.228334,42.385637,29.400474,30590982
2007-05-15,42.272696,42.557301,41.841432,41.926803,29.08372,24515453
2007-05-16,42.092673,42.481549,41.868751,41.88978,29.059549,45781573
2007-05-17,42.151667,42.407792,41.848773,41.898699,29.067249,65458619
2007-05-18,42.096443,42.175503,41.454143,41.541453,28.820908,30661007
2007-05-21,41.658979,42.133034,40.924983,41.072977,28.500333,24155123
2007-05-22,41.073596,41.462129,40.777145,41.169254,28.568625,55694679
2007-05-23,41.5736,41.990332,40.51549,40.628101,28.194569,55137264
2007-05-24,40.633973,40.797079,39.854551,39.894118,27.686649,33237061
2007-05-25,39.710689,40.32058,39.442625,40.065235,27.806852,43977035
2007-05-29,39.96516,40.29613,39.423852,39.610582,27.497025,43794385
2007-05-30,39.676149,40.076302,38.752029,38.813069,26.944806,43900979
2007-05-31,38.717434,39.027393,37.978819,38.167308,26.497884,45482932
2007-06-01,38.394038,38.781251,38.321832,38.566433,26.776372,34334254
2007-06-04,38.375125,38.538162,36.815557,37.137584,25.788357,50554749
2007-06-05,37.190595,38.40433,37.109678,37.929075,26.33934,40376938
2007-06-06,37.840986,39.096234,37.815636,38.910394,27.022209,44872798
2007-06-07,38.968989,39.314608,38.82935,39.171504,27.204958,30068512
2007-06-08,39.362941,39.51035,38.035995,38.312378,26.609671,52640196
2007-06-11,38.707648,38.966,38.082524,38.457832,26.714864,29335903
2007-06-12,38.707259,38.894624,38.154018,38.441624,26.704995,35826889
2007-06-13,38.283101,38.644094,38.069141,38.54037,26.774986,42438577
2007-06-14,38.315923,38.791436,37.105808,37.356964,25.954193,41068861
2007-06-15,37.550295,38.257573,37.312294,37.936014,26.357866,64564063
2007-06-18,37.79292,37.912812,36.440211,36.797005,25.570475,38377156
2007-06-19,36.593452,37.364947,36.391931,37.164502,25.827195,60189866
2007-06-20,37.389558,38.042554,37.362267,37.935341,26.364255,30308420
2007-06-21,37.701738,39.330545,37.046189,39.16934,27.223274,54105583
2007-06-22,38.716596,40.996705,38.292407,40.851526,28.393895,66202974
2007-06-25,40.503308,41.005567,39.947113,40.47024,28.133272,44831510
2007-06-26,40.398271,41.967995,40.042383,41.647537,28.953187,36674255
2007-06-27,41.778427,42.365038,40.704344,40.779665,28.351321,48293819
2007-06-28,40.816014,42.427022,40.12549,41.868748,29.11,31960777
2007-06-29,41.983898,44.221975,41.863935,44.054922,30.63157,34292452
2007-07-02,43.85367,44.064703,41.577678,41.664982,28.974357,68752611
2007-07-03,40.947836,41.82222,40.244352,41.093237,28.578245,52624028
2007-07-05,41.763175,43.846882,41.400519,43.109313,29.983442,37068771
2007-07-06,43.082081,43.419825,42.784503,43.334042,30.141313,51304861
2007-07-09,43.953922,44.661357,43.564501,44.022965,30.625278,22514276
2007-07-10,44.167834,47.578096,42.782884,47.247391,32.870111,36322190
2007-07-11,46.488455,49.056186,46.244144,48.748854,33.916446,35485688
2007-07-12,48.422375,51.375684,48.009502,51.0859,35.544268,40520236
2007-07-13,51.465207,52.67462,51.068088,52.591057,36.593421,29515594
2007-07-16,52.230503,54.507939,51.464955,52.93825,36.84075,49997651
2007-07-17,53.556068,53.817458,53.274355,53.487527,37.224939,32682544
2007-07-18,54.079957,56.081411,54.002184,55.990598,38.968993,33371170
2007-07-19,54.843528,54.985212,54.273135,54.580741,37.989719,18776186
2007-07-20,54.586571,55.565497,54.46203,55.234836,38.446988,29999868
2007-07-23,52.969672,60.160309,52.522892,58.256909,40.556873,30677563
2007-07-24,57.875358,58.230418,50.965796,53.497896,37.245715,39983138
2007-07-25,55.369515,59.157507,54.594989,58.66486,40.845127,35176379
2007-07-26,56.569997,68.057154,56.126853,65.593589,45.671597,32280060
2007-07-27,68.308412,70.530804,66.743656,70.251633,48.917451,50721569
2007-07-30,71.905152,75.582143,68.918915,74.14954,51.63969,47056933
2007-07-31,73.148531,74.034878,68.088399,68.891964,47.980672,40043952
2007-08-01,67.580409,75.440982,65.75038,72.451334,50.462265,66781286
2007-08-02,70.812902,78.765664,65.310801,74.641416,51.990358,42694284
2007-08-03,77.279526,80.589488,72.201102,72.973572,50.831291,29626150
2007-08-06,71.701675,74.597044,68.999495,72.636377,50.604307,17772306
2007-08-07,74.020202,77.198764,67.70242,68.049482,47.411176,56088690
2007-08-08,69.140821,72.51035,67.258375,70.808356,49.335894,44609972
2007-08-09,71.653351,71.706966,67.920655,69.0838,48.13681,45305914
2007-08-10,68.116017,70.874284,65.222499,65.632063,45.734058,39679736
2007-08-13,65.647138,69.343246,65.387267,68.161872,47.504304,51488498
2007-08-14,67.591847,69.510777,65.476412,67.221924,46.85166,41016757
2007-08-15,66.603763,71.137686,60.836924,62.868704,43.819876,49573596
2007-08-16,64.392025,65.915946,62.354502,62.921547,43.858989,39133278
2007-08-17,61.284512,61.719832,58.536769,61.172638,42.642143,34473101
2007-08-20,60.548641,64.521263,54.727416,56.650903,39.496302,33047592
2007-08-21,55.591739,55.827062,49.501675,50.070433,34.910296,29628548
2007-08-22,50.527088,52.863505,42.081254,43.257223,30.161533,41950659
2007-08-23,43.122059,43.509842,40.072746,41.796351,29.144441,38199162
2007-08-24,42.915928,43.316758,40.759328,40.942557,28.550579,21317016
2007-08-27,41.828757,42.098272,36.757759,37.507724,26.15944,55090304
2007-08-28,38.023192,40.130122,37.318317,39.320794,27.425377,51959168
2007-08-29,39.517233,41.417437,38.688012,39.187931,27.33413,38486255
2007-08-30,38.634692,41.660261,38.053038,41.122604,28.685084,65199847
2007-08-31,41.483933,43.144653,40.831731,42.316252,29.519248,47735185
2007-09-04,42.048725,46.888667,40.766377,45.365113,31.652678,45266851
2007-09-05,43.349815,45.165712,42.883984,44.709174,31.196632,44298905
2007-09-06,45.34865,45.963412,41.210298,41.392703,28.884007,52754174
2007-09-07,40.472434,41.372009,39.081878,39.974313,27.895699,39360131
2007-09-10,40.547016,44.104607,40.162398,44.043028,30.739811,53844569
2007-09-11,43.933733,45.801158,42.981657,44.063437,30.755655,38150391
2007-09-12,43.923136,46.189802,43.235526,45.344075,31.651169,33773052
2007-09-13,44.897219,46.044537,43.673703,44.446318,31.026128,31944291
2007-09-14,44.37614,44.585274,42.777992,42.815792,29.88948,58651302
2007-09-17,43.9097,44.8022,43.532205,44.222873,30.876575,48689181
2007-09-18,43.741367,44.688764,40.894049,41.821359,29.201348,34931109
2007-09-19,40.922535,43.014013,39.853618,42.786166,29.876569,37350196
2007-09-20,43.507282,44.319008,41.707086,43.97161,30.705934,34133417
2007-09-21,44.177252,45.927829,39.806989,40.544443,28.314172,44702981
2007-09-24,40.719766,40.771181,38.784632,38.802776,27.10211,35020936
2007-09-25,39.728096,40.272878,37.39102,37.680138,26.319363,20586884
2007-09-26,37.881306,38.618024,34.731709,34.990033,24.441611,61824742
2007-09-27,34.999831,37.32306,34.920571,36.004384,25.151475,40735557
2007-09-28,35.349052,36.479367,35.272045,36.069092,25.197989,68030947
2007-10-01,36.697998,36.934395,34.011584,34.822333,24.330795,43767905
2007-10-02,34.64934,35.25322,33.927964,33.981998,23.744878,41397601
2007-10-03,33.588081,34.219089,33.301136,33.702336,23.55069,18811884
2007-10-04,33.566143,33.849718,33.314078,33.620291,23.49458,28845416
2007-10-05,33.661186,34.508231,32.08939,32.348275,22.606844,46055723
2007-10-08,32.343187,32.449086,31.850382,31.945644,22.328947,40451363
2007-10-09,31.447664,31.667935,30.68514,30.838326,21.556089,32664512
2007-10-10,30.736248,30.906415,29.892676,30.33052,21.202234,36282856
2007-10-11,30.246481,31.712405,29.814066,31.445055,21.982482,40449317
2007-10-12,32.298084,32.428815,29.772473,29.898896,20.902687,42397831
2007-10-15,30.772793,31.217374,29.959661,30.930744,21.627439,69353412
2007-10-16,31.288348,31.734194,26.969305,26.996995,18.877859,67423571
2007-10-17,26.846743,27.225071,25.158151,27.212615,19.029623,47280129
2007-10-18,27.263086,29.906246,27.062233,28.970375,20.259868,42501478
2007-10-19,28.111333,28.772501,25.228586,26.236244,18.348761,42937769
2007-10-22,25.977455,26.572598,22.80556,23.361524,16.340827,32776349
2007-10-23,23.107421,23.80357,22.884105,23.584972,16.497982,42272917
2007-10-24,23.710676,26.319121,22.835202,25.696594,17.976023,56398518
2007-10-25,25.336851,25.912128,24.951236,25.783936,18.038061,42330100
2007-10-26,25.357101,25.410967,22.772614,23.334063,16.325016,60642656
2007-10-29,23.607558,24.34617,21.80684,21.921166,15.338916,66652204
2007-10-30,21.747173,23.4735,21.316021,23.299872,16.304487,70629836
2007-10-31,23.452043,24.787981,22.97784,23.814283,16.665322,34018420
2007-11-01,24.382449,25.7986,24.01679,25.458997,17.817226,22603741
2007-11-02,25.113459,27.054719,24.53137,26.639888,18.64463,46161492
2007-11-05,26.319896,27.32214,24.241489,25.327582,17.728945,51857405
2007-11-06,24.827834,26.699113,24.090685,26.565983,18.596775,48718180
2007-11-07,27.012404,27.167343,25.893693,26.432616,18.504378,28468342
2007-11-08,26.308221,26.870784,26.134089,26.355369,18.45126,24228855
2007-11-09,25.74235,28.198597,25.665467,28.022579,19.619486,50232928
2007-11-12,27.060879,28.154432,25.767139,27.970526,19.586098,59301019
2007-11-13,28.043387,30.199977,28.024083,29.030016,20.329054,40338445
2007-11-14,29.523312,29.767129,27.602334,28.380632,19.875339,48084098
2007-11-15,27.651736,28.266716,27.072291,27.761006,19.442418,52438619
2007-11-16,27.537034,27.712211,25.047318,25.604908,17.933328,41913941
2007-11-19,25.361158,26.121707,25.196123,25.674441,17.984834,35918712
2007-11-20,26.171342,26.571693,24.333014,24.606137,17.237388,38772106
2007-11-21,24.324467,26.270795,24.105654,25.132821,17.607263,47161836
2007-11-23,25.914573,27.003545,23.509807,24.005938,16.819554,28450898
2007-11-26,24.198902,24.669513,22.035144,22.541159,15.795734,37130351
2007-11-27,22.54279,22.827524,22.282642,22.769697,15.956712,69284485
2007-11-28,22.616955,22.864135,22.266953,22.333869,15.652104,34477831
2007-11-29,22.530421,22.830819,22.044173,22.200141,15.559194,32963848
2007-11-30,22.369631,22.615266,21.894571,22.133675,15.513417,32204034
2007-12-03,22.429373,22.521695,22.237468,22.249225,15.596839,48302231
2007-12-04,22.144796,22.520235,21.615294,22.031899,15.445296,29998771
2007-12-05,22.161129,22.929862,22.098315,22.850928,16.020303,60793070
2007-12-06,22.767071,22.942795,22.540775,22.930432,16.076879,36582831
2007-12-07,22.777795,23.72841,22.523802,23.511469,16.48511,60852449
2007-12-10,23.162493,23.283049,23.132825,23.16012,16.241295,29474329
2007-12-11,23.229448,23.593037,23.174499,23.495065,16.477037,55271998
2007-12-12,23.257975,24.644183,22.826094,24.337273,17.068563,50669064
2007-12-13,24.415892,24.562136,23.816436,23.905966,16.766945,34641323
2007-12-14,23.915173,24.205663,23.81668,24.008096,16.839452,35973118
2007-12-17,24.103291,24.158486,23.278441,23.407958,16.421073,25805524
2007-12-18,23.353928,23.419451,23.004488,23.048082,16.169455,37051991
2007-12-19,22.858038,23.099414,22.239866,22.514468,15.795918,33992690
2007-12-20,22.341777,23.848391,22.16822,23.607025,16.563307,52034344
2007-12-21,23.819063,24.092186,23.587144,24.035447,16.864775,38984881
2007-12-24,23.935736,24.066963,23.472449,23.488588,16.483638,34998806
2007-12-26,23.633838,23.781044,23.350518,23.534716,16.517727,27517053
2007-12-27,23.584862,23.992704,22.134747,22.547045,15.825358,44217766
2007-12-28,22.463128,22.6902,20.926332,21.147638,14.843912,40342422
2007-12-31,21.279855,21.333958,20.839766,21.308362,14.959061,42246787
2008-01-02,21.605317,21.745811,20.486026,20.661311,14.506323,69121682
2008-01-03,20.573224,20.955938,20.215218,20.807856,14.609972,32106232
2008-01-04,20.798771,21.279126,20.648509,21.220306,14.900344,30578575
2008-01-07,21.249828,21.427974,21.095372,21.371409,15.008787,47360012
2008-01-08,21.416348,21.773106,21.172701,21.225053,14.906778,24242092
2008-01-09,21.123826,21.842085,21.071534,21.741625,15.270372,40629495
2008-01-10,21.629258,23.218521,21.614851,22.588357,15.865905,36302487
2008-01-11,22.509247,22.68974,22.457634,22.542708,15.834665,37699058
2008-01-14,22.229607,22.861854,22.204672,22.670308,15.92678,73263875
2008-01-15,22.633007,23.657008,22.41776,23.359298,16.411676,51405145
2008-01-16,23.28422,23.557511,22.790456,22.990829,16.153639,32596097
2008-01-17,23.03086,23.492185,22.651097,23.34983,16.406731,41912898
2008-01-18,23.233703,23.688261,23.018653,23.429347,16.46346,42855277
2008-01-22,23.64582,24.54747,23.114745,24.345816,17.11101,41892082
2008-01-23,24.495154,24.743651,23.868028,24.153291,16.97658,35297514
2008-01-24,24.232783,25.069784,24.134261,24.50205,17.222607,34389985
2008-01-25,24.546454,24.720679,24.091378,24.603844,17.295059,47089582
2008-01-28,24.479542,25.079796,24.463358,25.011048,17.584043,78897141
2008-01-29,24.86479,24.961996,23.45832,23.546177,16.555025,55836693
2008-01-30,23.480541,24.583591,23.341238,24.278393,17.070725,68753199
2008-01-31,24.210157,24.83142,24.153704,24.65371,17.335521,44233423
2008-02-01,24.632111,24.804096,24.034425,24.134698,16.971455,55028799
2008-02-04,23.962176,24.107669,22.912999,23.39792,16.455922,32220780
2008-02-05,23.415561,23.59928,23.002977,23.349852,16.422971,34439612
2008-02-06,23.337221,23.559215,22.200396,22.421967,15.771169,51329775
2008-02-07,22.57782,23.074744,22.038145,22.190036,15.608845,23783666
2008-02-08,21.848409,22.89928,21.768726,22.404709,15.760669,68067330
2008-02-11,22.709485,22.768747,22.436964,22.638894,15.927894,37382212
2008-02-12,22.774361,23.692394,22.452636,23.330227,16.415144,53973578
2008-02-13,23.121163,23.997346,22.932467,23.852279,16.783332,31062831
2008-02-14,23.514656,23.608952,23.058293,23.235818,16.350418,46819535
2008-02-15,23.699551,24.474642,23.615774,24.105608,16.963348,52163151
2008-02-19,24.275483,24.35168,23.049963,23.411287,16.478176,55812884
2008-02-20,23.274998,23.463413,22.676063,22.854807,16.087332,24274771
2008-02-21,22.63111,22.977872,22.358312,22.595975,15.905969,36193172
2008-02-22,22.307651,23.055286,22.293807,23.035437,16.216163,32162757
2008-02-25,22.850299,23.354942,22.834118,23.305254,16.408665,45653096
2008-02-26,23.255048,24.213063,23.156716,23.961644,16.871691,36092278
2008-02-27,23.923005,23.968832,23.059115,23.13792,16.292545,65308895
2008-02-28,22.946098,23.360796,22.756453,23.136999,16.292744,47631080
2008-02-29,23.034657,23.767538,22.736428,23.510683,16.556747,54565900
2008-03-03,23.369073,23.496328,23.31383,23.365218,16.456876,21986565
2008-03-04,23.588903,23.848682,23.430496,23.536405,16.57831,23134880
2008-03-05,23.393075,23.524774,23.374401,23.429096,16.503584,31667580
2008-03-06,23.470387,23.581509,23.146354,23.209824,16.349978,51734439
2008-03-07,23.120099,23.628374,22.913655,23.489894,16.548132,32475176
2008-03-10,23.465117,24.1371,23.232562,23.978946,16.895295,41997084
2008-03-11,23.86155,24.069912,23.848935,24.033993,16.934961,56614677
2008-03-12,23.960623,24.158369,23.709872,23.899205,16.840863,29204356
2008-03-13,23.911483,24.389018,23.711892,24.062784,16.957013,29288629
2008-03-14,23.870767,24.566352,23.845326,24.518059,17.278743,23712643
2008-03-17,24.309084,24.768207,24.145235,24.628118,17.359015,51193358
2008-03-18,24.531591,25.014552,24.296638,24.942865,17.581777,45427528
2008-03-19,25.207934,25.499376,25.076027,25.103022,17.695589,23305672
2008-03-20,25.042843,25.141051,24.773972,24.871699,17.533437,30982047
2008-03-24,24.747826,25.42419,24.721573,25.288804,17.831188,52114501
2008-03-25,25.2022,25.432364,25.030721,25.279405,17.825487,31515642
2008-03-26,25.301411,25.509273,25.042981,25.256013,17.80992,60333367
2008-03-27,25.31304,25.856859,25.032849,25.762488,18.168019,44689911
2008-03-28,25.917443,25.992521,25.220127,25.289483,17.835377,22451387
2008-03-31,25.274345,25.6207,24.8767,25.568958,18.035291,30412915
2008-04-01,25.674111,25.708772,25.52363,25.638973,18.085617,26202794
2008-04-02,25.64978,26.090395,25.595898,25.804815,18.203549,32708999
2008-04-03,25.8365,25.869095,25.761548,25.793865,18.196771,54865122
2008-04-04,25.667246,25.732481,25.374495,25.490934,17.983998,34403384
2008-04-07,25.438597,26.254499,25.381433,26.118202,18.429414,28673348
2008-04-08,26.104442,26.440646,26.059808,26.313031,18.567855,47116493
2008-04-09,26.428992,26.586781,26.17797,26.474428,18.682717,43833315
2008-04-10,26.297295,26.462669,26.15539,26.248638,18.524343,28438347
2008-04-11,26.230944,26.258363,25.866651,26.022158,18.365465,58551775
2008-04-14,26.060004,26.076622,25.683122,25.875615,18.264891,26044630
2008-04-15,26.042816,26.123475,25.801317,25.870759,18.262413,32064018
2008-04-16,25.740073,25.936421,25.704046,25.851348,18.24966,49836499
2008-04-17,25.681232,25.804989,25.559509,25.773207,18.195444,39842399
2008-04-18,25.81313,26.026698,25.709905,25.96345,18.330705,40083016
2008-04-21,25.931647,25.979507,25.512834,25.659536,18.118963,44667587
2008-04-22,25.783683,25.906777,25.3039,25.351478,17.902365,52708890
2008-04-23,25.407176,25.701481,25.304459,25.653103,18.116305,51636939
2008-04-24,25.59835,25.762952,25.4586,25.494412,18.005174,41965640
2008-04-25,25.319632,26.350855,25.127635,26.271464,18.554924,35609180
2008-04-28,26.537996,26.561882,25.973441,26.084829,18.425984,22421359
2008-04-29,26.037214,26.20133,25.540821,25.58094,18.070983,41342484
2008-04-30,25.612384,25.998201,25.498947,25.899508,18.296978,26628447
2008-05-01,25.794563,25.829142,25.342843,25.462416,17.989126,33778720
2008-05-02,25.406368,26.009424,25.249589,25.952707,18.336469,35571624
2008-05-05,25.979016,26.096521,25.93529,26.073811,18.424908,23848858
2008-05-06,26.197824,26.546726,26.058975,26.314772,18.596149,42303467
2008-05-07,26.361989,26.694558,26.340039,26.352418,18.623722,36588744
2008-05-08,26.344108,26.359092,26.004018,26.016087,18.386987,62107191
2008-05-09,26.030036,26.431595,25.986305,26.286955,18.579391,46745384
2008-05-12,26.208213,26.347963,26.156003,26.209948,18.527855,31759111
2008-05-13,26.327178,26.377986,25.804392,25.980973,18.366947,34859831
2008-05-14,26.042264,26.424869,25.741117,26.280716,18.579814,88541761
2008-05-15,26.099479,26.556005,25.936038,26.336022,18.619882,48633326
2008-05-16,26.401674,26.55939,25.800169,25.905705,18.316596,34935989
2008-05-19,26.02832,26.369854,25.823964,26.340243,18.626741,26011085
2008-05-20,26.245979,26.90755,26.10448,26.820019,18.967006,39750421
2008-05-21,26.905504,27.140905,25.828908,26.00836,18.393961,21926469
2008-05-22,26.150941,26.42634,26.131462,26.386255,18.662192,48904541
2008-05-23,26.345886,26.922612,26.260191,26.613096,18.823608,65529874
2008-05-27,26.474274,26.676866,26.324566,26.653141,18.855856,42512674
2008-05-28,26.696496,26.766049,26.339459,26.48361,18.736895,29206449
2008-05-29,26.612306,26.694013,25.991333,26.431193,18.700783,44564691
2008-05-30,26.473535,26.873469,26.343357,26.82703,18.981836,30005393
2008-06-02,26.683561,26.836017,26.502346,26.765506,18.941259,44460881
2008-06-03,26.856896,27.168748,26.842061,27.007619,19.113591,42878789
2008-06-04,27.182834,27.519361,26.963876,27.387402,19.383376,37539612
2008-06-05,27.429081,27.703042,27.356233,27.667091,19.582343,37465266
2008-06-06,27.605806,27.752488,27.449591,27.483329,19.453291,49280810
2008-06-09,27.471971,27.818139,27.458529,27.571948,19.519064,36385243
2008-06-10,27.567614,28.078107,27.441818,27.811139,19.689419,51746621
2008-06-11,27.762698,27.874424,27.299898,27.319525,19.342378,46970715
2008-06-12,27.373708,28.0204,27.159274,27.691451,19.606723,27624465
2008-06-13,27.893129,28.582137,27.850215,28.473421,20.16144,42119136
2008-06-16,28.30193,28.82481,28.254717,28.674416,20.30693,52348367
2008-06-17,28.680014,28.977334,28.634905,28.815423,20.40785,34451671
2008-06-18,28.651678,28.779897,28.523349,28.754332,20.365644,56938767
2008-06-19,28.764949,28.886652,28.679599,28.874076,20.451518,36375219
2008-06-20,28.776078,28.915918,28.726924,28.833204,20.423631,28522573
2008-06-23,28.81367,28.882371,28.526472,28.622817,20.27777,66269213
2008-06-24,28.590659,28.741059,28.575304,28.693913,20.329195,37466409
2008-06-25,28.485456,28.635038,28.416506,28.529154,20.213518,35073226
2008-06-26,28.632336,29.237547,28.342196,29.046563,20.581184,40179299
2008-06-27,29.186058,29.428462,28.685894,28.724168,20.353807,27386743
2008-06-30,28.720416,29.286646,28.49772,29.0259,20.570822,34597007
2008-07-01,29.050609,29.204437,28.911824,28.962524,20.526976,48060482
2008-07-02,28.858022,28.902101,27.891093,27.902785,19.776921,36630599
2008-07-03,28.134084,29.037717,27.978726,28.803237,20.416206,32423965
2008-07-07,28.480479,29.185281,28.297528,28.830277,20.439625,22336241
2008-07-08,29.011028,29.398999,28.915203,29.109653,20.638766,34359919
2008-07-09,29.340646,29.801833,29.28782,29.586515,20.977953,39320614
2008-07-10,29.421234,30.07832,29.170151,29.945168,21.233356,57461581
2008-07-11,30.14366,30.331007,29.305276,29.737005,21.086849,48400195
2008-07-14,29.772209,29.974234,29.641317,29.74795,21.097903,60156768
2008-07-15,29.743282,30.005447,29.130416,29.208118,20.71612,45830182
2008-07-16,29.264036,29.551115,29.065307,29.343846,20.813468,41204015
2008-07-17,29.511914,29.666491,29.452106,29.573128,20.977189,68006205
2008-07-18,29.710808,30.09825,29.461032,29.528452,20.946588,29681234
2008-07-21,29.41147,29.609802,29.324829,29.516888,20.941653,60538339
2008-07-22,29.409845,29.493109,28.430688,28.732201,20.385993,42070105
2008-07-23,28.578094,29.137147,28.347582,28.89768,20.50447,32360911
2008-07-24,29.250013,29.379298,29.038278,29.351974,20.8279,38402302
2008-07-25,29.448741,29.797022,28.882215,28.980289,20.565225,32796026
2008-07-28,28.7863,29.389893,28.751119,29.291439,20.78927,37482809
2008-07-29,29.360779,30.159883,29.170856,29.753038,21.117983,31815518
2008-07-30,29.791433,30.172977,29.533961,29.901523,21.224478,35870581
2008-07-31,29.767474,29.790779,29.59972,29.640046,21.039973,40175019
2008-08-01,29.735964,29.916947,29.325594,29.565247,20.987969,72309525
2008-08-04,29.421481,29.720008,29.278857,29.666037,21.062805,37105682
2008-08-05,29.800079,29.915161,29.220672,29.620071,21.031263,24567397
2008-08-06,29.672579,30.095958,29.576096,29.882515,21.218711,46062757
2008-08-07,30.151314,30.242528,29.233003,29.309278,20.812754,47704258
2008-08-08,29.345069,29.431638,28.620206,28.774913,20.434361,48692559
2008-08-11,28.806707,28.952053,28.328238,28.576773,20.29682,34427274
2008-08-12,28.597007,28.886533,27.96523,28.072426,19.939641,32323305
2008-08-13,28.166344,28.469611,27.876968,28.009305,19.895842,57133021
2008-08-14,28.034246,28.08282,27.48802,27.644631,19.637825,26613189
2008-08-15,27.726921,27.930101,27.709125,27.776022,19.732187,52069308
2008-08-18,27.934595,28.017205,27.046595,27.201698,19.327201,45218117
2008-08-19,26.95375,27.988991,26.865985,27.681508,19.669136,58119178
2008-08-20,27.695455,27.72259,27.003935,27.166189,19.30398,46480791
2008-08-21,27.498257,27.624568,27.247852,27.298392,19.398931,67208487
2008-08-22,27.35721,27.568536,27.181497,27.538117,19.570303,25488722
2008-08-25,27.392609,28.223605,27.128805,28.120125,19.987033,40071814
2008-08-26,28.180518,28.309437,27.595051,27.640394,19.647075,27760189
2008-08-27,27.655165,27.930886,27.624917,27.727318,19.709887,37167979
2008-08-28,27.931544,28.1779,27.611987,27.720066,19.705757,30055338
2008-08-29,27.747037,27.788786,27.459138,27.562309,19.59463,40107345
2008-09-02,27.740345,27.760546,26.941473,27.020671,19.213565,74884738
2008-09-03,27.118406,27.307728,26.263204,26.408656,18.779357,25467838
2008-09-04,26.380052,26.986078,26.347876,26.822874,19.074902,38902235
2008-09-05,26.570884,27.436705,26.207536,27.23612,19.369787,30788748
2008-09-08,27.182914,27.819094,27.100183,27.73762,19.729522,78745544
2008-09-09,27.778964,28.600938,27.445176,28.439643,20.229917,58488691
2008-09-10,28.386276,28.692,28.185854,28.217681,20.073074,39375599
2008-09-11,28.261503,28.554022,28.167258,28.308219,20.138526,31360461
2008-09-12,28.367129,28.690735,27.930511,28.103759,19.994113,39947986
2008-09-15,28.295187,28.485783,27.650723,27.898451,19.851147,45435676
2008-09-16,28.06718,28.150142,27.675508,27.802614,19.783984,40979706
2008-09-17,27.871092,27.931434,27.71976,27.857159,19.823828,32925934
2008-09-18,27.703118,28.398581,27.536105,28.298753,20.139124,45756740
2008-09-19,28.224828,28.304835,27.994618,28.197632,20.068204,45147889
2008-09-22,28.139675,29.228214,28.116274,29.11726,20.725937,50399844
2008-09-23,29.020894,29.050293,28.940939,28.963255,20.617387,26262371
2008-09-24,28.787779,28.899258,28.215771,28.51438,20.298912,39875576
2008-09-25,28.528116,28.904514,28.377791,28.415623,20.229661,71510550
2008-09-26,28.313997,28.833927,28.292108,28.763821,20.478616,39645625
2008-09-29,28.932011,29.324673,28.446532,28.616993,20.377261,39714914
2008-09-30,28.528678,28.778164,28.488003,28.707899,20.443055,78814508
2008-10-01,28.701696,28.744929,28.186782,28.386745,20.215411,41992312
2008-10-02,28.391612,28.737383,28.257064,28.605596,20.372324,31683650
2008-10-03,28.826616,28.952683,27.917331,28.195429,20.081256,32238072
2008-10-06,28.44435,28.893924,28.255765,28.783614,20.503371,43479385
2008-10-07,28.645459,28.888287,28.132675,28.319194,20.173601,34675453
2008-10-08,28.489375,28.547933,27.447279,27.756293,19.773638,42344472
2008-10-09,27.819113,27.952118,27.050045,27.08624,19.297295,42272737
2008-10-10,27.191461,27.359549,26.910268,26.941394,19.1951,37662971
2008-10-13,27.218735,27.387968,27.148958,27.26765,19.430581,33810346
2008-10-14,27.064921,27.527409,26.786397,27.40174,19.527148,36963062
2008-10-15,27.501393,28.500065,27.411499,28.38258,20.22717,25174308
2008-10-16,28.431982,28.767876,28.415173,28.631542,20.405658,76832612
2008-10-17,28.579817,28.781371,28.085807,28.115975,20.039256,30116175
2008-10-20,27.967913,28.269507,27.418567,27.681299,19.732526,38940927
2008-10-21,27.971887,28.128673,27.860986,27.939444,19.91758,73728213
2008-10-22,27.91705,28.182545,27.726144,27.79945,19.818811,38604450
2008-10-23,27.828331,28.085562,27.278748,27.804363,19.823345,78629446
2008-10-24,27.723975,28.433566,27.485614,28.26759,20.154655,48834245
2008-10-27,28.182319,28.911959,28.025135,28.531741,20.346169,40418286
2008-10-28,28.567564,28.584264,28.304126,28.485709,20.3144,29794526
2008-10-29,28.619259,28.693143,28.343024,28.636349,20.42289,32630802
2008-10-30,28.680912,29.033101,28.518186,28.926419,20.630835,35417302
2008-10-31,28.790828,29.55199,28.754986,29.450769,21.005903,55566472
2008-11-03,29.30978,29.559946,29.214881,29.388511,20.964769,31700100
2008-11-04,29.355196,30.108802,29.243964,30.067414,21.450191,30654586
2008-11-05,30.041242,30.190783,29.556356,29.762034,21.233437,34440044
2008-11-06,29.564992,30.365194,29.429962,30.309277,21.624987,38526281
2008-11-07,30.222391,30.411507,30.147572,30.26692,21.59589,37756096
2008-11-10,30.365496,30.383191,30.2857,30.302049,21.624329,43196751
2008-11-11,30.344261,30.559945,30.219984,30.41882,21.708789,26029196
2008-11-12,30.464644,30.634279,29.904234,30.129444,21.503391,47319244
2008-11-13,30.131686,30.804623,29.870398,30.620521,21.855009,46177586
2008-11-14,30.377919,31.248546,29.922648,31.054758,22.166094,71798197
2008-11-17,30.990406,31.252862,30.705327,31.143759,22.23309,40234411
2008-11-18,31.212616,31.337446,30.934445,31.078889,22.187934,48818240
2008-11-19,31.157211,31.187367,30.744762,30.837458,22.016716,40007241
2008-11-20,30.766261,30.899628,30.333782,30.505655,21.780955,36744351
2008-11-21,30.664423,31.158093,30.504685,31.105267,22.210232,38514894
2008-11-24,30.927362,31.459994,30.766863,31.209062,22.287823,37169841
2008-11-25,31.32756,31.689281,31.251458,31.374667,22.407254,24420191
2008-11-26,31.519392,31.536409,31.205198,31.41689,22.438577,47471923
2008-11-28,31.393114,32.330222,31.3693,32.003854,22.860176,51653212
2008-12-01,31.935351,31.956971,31.587782,31.651767,22.612211,65572116
2008-12-02,31.691868,31.74509,31.359227,31.690732,22.641226,38048161
2008-12-03,31.226793,31.55159,31.122061,31.275546,22.345761,43618136
2008-12-04,31.052117,32.591842,30.888711,32.180783,22.993731,35593881
2008-12-05,32.106498,32.541899,31.901574,32.504599,23.226312,43555505
2008-12-08,32.594698,32.817699,32.353424,32.418779,23.168604,34146006
2008-12-09,32.392209,32.69137,32.284411,32.659385,23.341771,50502100
2008-12-10,32.57523,32.919817,32.556576,32.878878,23.499866,22891482
2008-12-11,33.08756,33.197143,33.053345,33.162076,23.703512,46389065
2008-12-12,33.029729,33.344733,32.826491,33.156237,23.700571,61038575
2008-12-15,33.196497,33.492168,33.130604,33.324729,23.82473,34449520
2008-12-16,33.320847,33.751208,32.2693,32.910428,23.529759,43149214
2008-12-17,32.575751,32.753993,32.535443,32.589381,23.301434,49653371
2008-12-18,32.448504,33.022182,32.258918,32.847308,23.487074,28479469
2008-12-19,32.88777,33.071277,32.529366,32.709353,23.389648,45700880
2008-12-22,32.918371,32.945319,32.620282,32.797435,23.456293,27121562
2008-12-23,32.695644,33.227933,32.668629,33.13273,23.697324,36106456
2008-12-24,33.113863,33.15387,32.835733,32.871008,23.511357,67083247
2008-12-26,32.745903,32.815208,32.525765,32.600849,23.320549,24727281
2008-12-29,32.545115,32.843151,32.392107,32.79134,23.460475,51675798
2008-12-30,32.827567,33.047964,32.775417,32.960034,23.582393,34091076
2008-12-31,32.90953,33.110375,32.590161,33.055851,23.652179,25757378
2009-01-02,32.941231,33.328304,32.870833,33.159603,23.728885,29546784
2009-01-05,33.066179,33.209025,32.305376,32.595252,23.328678,51033470
2009-01-06,32.579732,32.866556,32.192082,32.385067,23.179453,60527501
2009-01-07,32.324908,33.074084,32.253416,32.952218,23.586615,56500231
2009-01-08,33.016059,33.174982,32.860565,33.070957,23.672837,44974451
2009-01-09,33.017634,33.442735,32.815829,33.255884,23.80645,37639751
2009-01-12,33.314159,33.649903,33.171537,33.323488,23.858568,49946548
2009-01-13,33.325272,33.837388,33.028072,33.62527,24.075887,41971743
2009-01-14,33.851067,33.984349,33.762027,33.947809,24.308091,63580263
2009-01-15,34.03314,34.123392,33.858719,33.97416,24.328225,34074940
2009-01-16,34.009262,34.277823,33.348957,33.506131,23.994326,56135681
2009-01-20,33.321525,33.932038,33.166584,33.789721,24.202446,48568930
2009-01-21,33.838074,34.201369,33.626134,34.046619,24.387722,56949939
2009-01-22,34.101447,34.481963,33.932657,34.131956,24.450121,29515861
2009-01-23,34.215618,34.341922,33.978599,34.154133,24.46728,37816803
2009-01-26,34.05784,34.216686,33.935497,34.199984,24.50395,27851729
2009-01-27,34.195818,34.755442,34.023157,34.702409,24.865226,59665020
2009-01-28,34.8599,34.908773,34.284819,34.567675,24.769974,34951246
2009-01-29,34.381595,34.501865,34.296486,34.461761,24.695364,49900968
2009-01-30,34.644274,35.218523,34.520577,35.106935,25.159007,47935036
2009-02-02,34.853862,36.059144,34.822694,35.755615,25.627875,51332042
2009-02-03,35.658536,35.769933,35.167147,35.257349,25.272057,62246949
2009-02-04,35.288062,35.39931,35.079768,35.222579,25.248448,31616374
2009-02-05,35.528587,36.1804,35.256603,36.088023,25.870166,73078569
2009-02-06,36.17576,36.66146,35.961944,36.099232,25.879547,36188685
2009-02-09,36.178615,37.2123,35.984181,36.909253,26.464381,37652108
2009-02-10,37.139936,37.615664,36.845232,37.538077,26.916656,59274225
2009-02-11,37.477122,38.512335,37.414677,38.032351,27.272493,61833653
2009-02-12,37.565098,38.063658,37.266528,37.927907,27.199013,59965401
2009-02-13,38.115442,38.280367,37.65655,37.791094,27.10231,39934130
2009-02-17,37.774686,38.242921,37.540736,38.133886,27.353839,33914513
2009-02-18,38.400368,39.265095,37.993916,39.090643,28.04159,42123935
2009-02-19,38.861463,40.140751,38.73972,40.043231,28.72642,33726168
2009-02-20,39.79972,40.131616,39.496203,39.801071,28.554184,39431683
2009-02-23,39.766156,40.037025,39.451678,39.695298,28.482744,28673658
2009-02-24,39.503981,40.041154,39.119808,39.249412,28.164271,34302310
2009-02-25,39.335575,39.566442,39.234189,39.491388,28.33938,38528197
2009-02-26,39.523868,40.441831,39.435275,40.349611,28.956756,21153797
2009-02-27,40.230209,40.867231,39.936628,40.335766,28.948325,34441165
2009-03-02,40.276341,41.564767,40.021803,41.525271,29.806665,22665216
2009-03-03,41.749215,41.967688,41.09415,41.347726,29.680768,36247708
2009-03-04,41.482298,41.7745,40.488425,40.864966,29.335753,31382241
2009-03-05,40.778091,40.904276,40.326359,40.511763,29.083711,43790648
2009-03-06,40.493236,41.219421,40.304628,40.81471,29.302724,48371798
2009-03-09,40.768479,40.997451,39.479608,39.697833,28.505316,53370152
2009-03-10,39.392536,39.882848,38.916276,39.822378,28.596233,46612213
2009-03-11,39.879765,39.963498,39.296256,39.347631,28.25679,20041540
2009-03-12,39.496159,39.660886,39.283788,39.353684,28.262607,32986321
2009-03-13,39.705993,39.750646,38.531809,38.904397,27.941397,43572257
2009-03-16,38.970177,39.18785,37.938437,38.140026,27.396696,82139261
2009-03-17,38.071632,38.561285,37.771912,38.085253,27.358774,37504883
2009-03-18,38.158597,38.88521,38.041553,38.332315,27.537685,47553803
2009-03-19,38.401958,38.575479,37.751986,37.817203,27.169045,20451829
2009-03-20,37.697767,37.901433,37.052604,37.189171,26.719237,47307864
2009-03-23,37.28102,38.415418,37.262567,38.327532,27.541411,34203837
2009-03-24,38.349153,38.896172,38.17149,38.330404,27.544908,35107128
2009-03-25,38.364522,39.165828,38.154982,38.690391,27.805047,35741380
2009-03-26,38.605193,38.633873,38.01623,38.286384,27.516137,33212013
2009-03-27,38.20915,38.847829,37.969463,38.7542,27.853801,36314924
2009-03-30,38.70751,39.214968,38.074028,39.031076,28.057179,17876624
2009-03-31,39.144251,39.177501,38.114255,38.276599,27.516261,55777019
2009-04-01,38.218372,38.240361,37.01137,37.117569,26.684446,33850086
2009-04-02,37.061883,37.573768,36.9277,37.478395,26.945251,43730490
2009-04-03,37.53349,38.19516,37.330621,38.022249,27.337679,59037898
2009-04-06,38.571265,38.614403,38.230601,38.574125,27.738802,46087539
2009-04-07,38.804669,39.001643,38.308614,38.469292,27.664855,27295635
2009-04-08,38.418904,39.146251,38.019575,39.017049,28.06023,41089244
2009-04-09,39.295918,39.462294,38.850352,38.94341,28.008727,44951278
2009-04-13,38.910232,39.216022,38.762559,38.98434,28.043999,51149923
2009-04-14,39.026939,39.496012,38.911547,39.09482,28.124937,51147237
2009-04-15,39.263933,39.813985,38.762219,38.791544,27.908212,39922565
2009-04-16,38.810182,39.066658,38.452729,38.968471,28.036959,33154656
2009-04-17,39.045182,39.295966,38.318768,38.486288,27.691479,44480466
2009-04-20,38.299526,38.871627,38.234138,38.675715,27.832118,46049037
2009-04-21,38.889267,38.981511,38.350685,38.416464,27.646992,26647323
2009-04-22,38.196702,39.212244,38.008274,38.976713,28.051642,26539301
2009-04-23,38.897368,39.142614,38.530618,38.734395,27.878696,30198167
2009-04-24,38.87768,39.61708,38.835808,39.512318,28.440077,66934956
2009-04-27,39.511482,39.569978,39.365454,39.43424,28.388308,49397136
2009-04-28,39.493138,40.201415,39.40183,39.622302,28.525177,38386282
2009-04-29,39.642694,39.836525,38.226974,38.416674,27.65865,38871816
2009-04-30,38.483453,38.935297,38.339418,38.8216,27.951637,39684071
2009-05-01,38.635105,39.037506,37.936365,38.093388,27.42875,36000684
2009-05-04,37.886327,38.268982,37.829602,38.095239,27.434364,46847124
2009-05-05,38.183715,38.206999,37.28802,37.617039,27.091396,34193006
2009-05-06,37.506885,38.946201,37.364669,38.863475,27.990522,24787448
2009-05-07,38.748682,38.965639,38.252294,38.767951,27.923175,35009436
2009-05-08,38.993628,39.270486,38.810618,39.009147,28.098362,30897535
2009-05-11,39.172683,40.224974,38.791738,39.867246,28.720934,35781641
2009-05-12,39.872678,40.140786,39.238872,39.274251,28.295204,33840249
2009-05-13,39.494595,39.810577,39.324431,39.412295,28.396135,22186543
2009-05-14,39.654343,39.7352,38.365333,38.46124,27.712352,74211542
2009-05-15,38.311619,38.739099,37.426224,37.467874,26.998009,34301688
2009-05-18,37.598429,37.736102,37.417714,37.674248,27.150952,39606858
2009-05-19,37.884502,38.247487,37.461585,38.209959,27.538459,40376462
2009-05-20,38.154535,38.447096,37.823118,38.085434,27.45014,37560062
2009-05-21,37.700582,38.241232,37.667316,38.065153,27.436949,44035867
2009-05-22,38.13943,38.377542,36.678145,36.942414,26.629076,45645806
2009-05-26,36.975655,37.949646,36.952651,37.724984,27.198833,48157833
2009-05-27,37.229433,37.752504,36.13058,36.26663,26.148753,50359469
2009-05-28,35.88338,35.948428,34.981322,35.107451,25.314286,57504066
2009-05-29,35.034869,35.776366,34.702342,35.739135,25.771103,33664072
2009-06-01,35.870892,36.270039,34.668933,34.904507,25.173191,52329539
2009-06-02,35.023041,35.253312,34.826913,34.988599,25.23515,59252642
2009-06-03,34.716646,35.010209,33.947713,34.045681,24.556358,45659324
2009-06-04,33.600613,34.167527,33.24911,34.141171,24.626514,85658322
2009-06-05,34.403997,34.566441,33.992389,34.193712,24.665695,34641274
2009-06-08,33.879127,34.099285,33.736086,34.066899,24.578054,44606830
2009-06-09,34.015051,34.254509,33.705276,34.034193,24.555735,43195772
2009-06-10,34.17375,34.790327,33.758137,34.152108,24.642093,25047084
2009-06-11,33.882045,34.593398,33.625242,34.57258,24.946778,40610891
2009-06-12,34.453277,34.977537,34.019918,34.63297,24.991653,29781930
2009-06-15,34.649473,35.244147,34.598882,35.020744,25.275421,35889271
2009-06-16,34.976905,35.618672,34.907935,35.369594,25.528523,51329511
2009-06-17,35.25839,35.295276,35.027485,35.083031,25.32301,35517357
2009-06-18,35.173916,35.312961,34.528468,34.861012,25.164065,44346999
2009-06-19,34.925032,35.156465,33.95195,34.134789,24.64113,45343735
2009-06-22,33.855696,34.543274,33.636987,34.213326,24.701678,31960567
2009-06-23,34.040478,34.866091,33.695577,34.551088,24.946837,32934158
2009-06-24,34.482547,34.551012,34.092463,34.282891,24.754479,56401139
2009-06-25,34.011445,34.74701,33.957455,34.579842,24.970196,29189332
2009-06-26,34.836631,34.932447,34.517053,34.552586,24.951813,55340660
2009-06-29,34.93933,35.146885,34.702623,34.808592,25.140608,33650075
2009-06-30,34.948769,35.056961,34.927519,34.9888,25.272078,42439805
2009-07-01,34.986175,35.002467,34.216423,34.390706,24.841373,31054117
2009-07-02,34.181773,34.340479,34.001201,34.247025,24.738874,74245834
2009-07-06,34.501404,34.745722,34.115241,34.200133,24.710142,53853959
2009-07-07,34.254648,34.777913,34.118442,34.717486,25.085244,45158621
2009-07-08,34.909196,35.017711,34.494507,34.651157,25.038619,27682967
2009-07-09,34.662698,34.88535,34.582367,34.74388,25.106926,32137344
2009-07-10,34.548776,34.806548,34.27193,34.42665,24.878981,38548854
2009-07-13,34.481604,34.564058,33.730671,34.021823,24.590264,42128615
2009-07-14,33.829251,34.263356,33.811554,34.229607,24.741732,38561245
2009-07-15,34.18972,34.362165,33.76772,33.876656,24.487887,49569606
2009-07-16,33.971811,34.137342,33.644522,33.732151,24.3847,31096208
2009-07-17,33.650906,34.329927,33.598771,34.270243,24.774971,36581716
2009-07-20,34.080549,34.137182,33.740296,33.94692,24.545061,32344779
2009-07-21,33.773069,33.920512,33.550258,33.625608,24.314003,42927653
2009-07-22,33.652139,33.942162,33.486291,33.636433,24.323096,31041649
2009-07-23,33.65258,34.288432,33.583917,34.226746,24.751249,31887468
2009-07-24,34.371796,34.752624,34.355581,34.482268,24.937329,56693419
2009-07-27,34.353111,34.829283,33.921762,34.761112,25.14291,49768222
2009-07-28,34.595252,35.237059,34.536548,35.12912,25.410414,27513741
2009-07-29,35.048657,35.27939,34.950642,35.037302,25.345317,56481677
2009-07-30,34.913329,34.961473,34.527043,34.596457,25.02772,40836340
2009-07-31,34.618318,34.803732,34.45918,34.691828,25.098018,47778071
2009-08-03,34.70575,35.028366,34.429693,34.568262,25.012527,50856967
2009-08-04,34.765899,35.164196,34.708669,34.838634,25.209471,39703289
2009-08-05,35.047019,35.525102,34.835051,35.507421,25.694746,39165866
2009-08-06,35.509618,35.836825,35.30523,35.762394,25.880603,43896067
2009-08-07,35.486154,35.872516,35.435104,35.840612,25.938556,34201896
2009-08-10,35.847291,36.023501,35.43431,35.568015,25.74529,47931779
2009-08-11,35.794593,35.962482,34.672023,34.940892,25.292674,42793525
2009-08-12,34.807713,34.873571,34.455244,34.779136,25.176893,50800422
2009-08-13,34.916211,34.986878,34.728958,34.914738,25.276371,47898336
2009-08-14,34.853468,35.354976,34.566025,35.151793,25.44931,59240846
2009-08-17,35.188981,35.843611,35.048953,35.366156,25.608501,59265419
2009-08-18,35.420475,35.759506,35.233692,35.677464,25.835262,52728073
2009-08-19,35.623817,35.724062,34.933475,34.999714,25.345799,41392516
2009-08-20,34.936284,35.268884,34.656331,35.155357,25.459835,44746257
2009-08-21,35.050106,35.43691,34.902005,35.258183,25.535631,46359405
2009-08-24,35.156661,35.261822,34.250237,34.478489,24.974837,35286463
2009-08-25,34.529784,35.523274,34.272668,35.253165,25.53731,54859291
2009-08-26,35.238321,35.717398,35.223621,35.550014,25.753687,32179857
2009-08-27,35.77621,35.829877,35.109858,35.458603,25.688801,48066519
2009-08-28,35.399824,36.057042,35.29652,35.9173,26.022468,58194433
2009-08-31,35.994464,36.057215,35.305758,35.608262,25.802594,27504170
2009-09-01,35.770081,36.443962,35.600178,36.178436,26.217119,25764035
2009-09-02,36.25171,36.562255,35.400988,35.56663,25.775108,47614418
2009-09-03,35.693992,35.895716,35.408702,35.712419,25.882107,20723793
2009-09-04,35.698002,35.759116,35.45779,35.538119,25.757125,72677511
2009-09-08,35.224746,35.531387,35.131437,35.359017,25.63265,78820615
2009-09-09,35.456413,36.105271,35.30903,35.909324,26.032935,53945410
2009-09-10,35.827412,36.349912,35.58238,36.178813,26.229669,27397259
2009-09-11,35.875003,36.566742,35.654291,36.395825,26.388376,60116133
2009-09-14,36.237224,36.511111,35.51341,35.651466,25.852722,73425330
2009-09-15,35.492693,35.722768,35.448371,35.688027,25.88058,26675139
2009-09-16,35.659339,35.745587,35.000314,35.265421,25.575441,28260746
2009-09-17,34.797528,35.148284,34.703142,35.080385,25.442571,38154165
2009-09-18,35.033064,35.135924,34.517429,34.656149,25.136195,63479511
2009-09-21,34.769551,34.950639,34.343019,34.539596,25.055569,43401968
2009-09-22,34.460676,34.75772,34.263617,34.586158,25.090651,30178235
2009-09-23,34.481069,34.50067,34.081725,34.144432,24.771488,54419838
2009-09-24,34.252354,34.53585,33.512951,33.637419,24.404924,47443182
2009-09-25,33.633301,34.237963,33.464946,34.059445,24.712401,39535734
2009-09-28,34.294177,34.703183,33.971965,34.214159,24.828531,36425648
2009-09-29,34.182343,35.112186,33.864746,34.904982,25.331165,47296983
2009-09-30,34.965693,35.090691,34.344535,34.579456,25.09623,40630288
2009-10-01,34.449876,34.559644,34.088037,34.531205,25.062516,50864738
2009-10-02,34.487946,34.931398,34.28449,34.685513,25.175821,46238918
2009-10-05,34.68716,34.816929,34.588488,34.78262,25.250244,43731271
2009-10-06,34.46263,35.086074,34.05775,34.780147,25.249763,47200614
2009-10-07,34.694018,34.74181,34.452394,34.506648,25.05251,47363046
2009-10-08,34.677885,34.83046,34.371214,34.446255,25.009965,42019303
2009-10-09,34.30168,34.358451,34.152423,34.263187,24.878341,42749971
2009-10-12,34.47544,34.871817,34.261504,34.837755,25.29948,27225211
2009-10-13,34.797519,34.882623,34.109504,34.274912,24.892033,34799122
2009-10-14,34.34347,34.436684,33.270925,33.470638,24.309197,41776817
2009-10-15,33.516847,34.148463,33.360425,33.845405,24.582663,43774019
2009-10-16,33.89574,34.287146,33.841147,33.994286,24.692083,36653454
2009-10-19,33.774285,35.070021,33.664319,34.788925,25.273221,31875681
2009-10-20,34.774551,36.393869,34.312912,36.342397,26.40315,46470200
2009-10-21,36.250984,36.67833,36.210963,36.415805,26.457857,35953486
2009-10-22,36.281283,36.586674,36.025392,36.174257,26.283728,41923297
2009-10-23,36.178279,37.508528,35.987999,36.932061,26.835734,26545422
2009-10-26,37.201278,37.552315,36.361698,36.440425,26.482633,50317306
2009-10-27,36.380895,36.616843,35.926587,36.143324,26.268085,34834556
2009-10-28,35.981164,36.842505,35.424317,36.703967,26.676933,26881653
2009-10-29,36.327223,37.409895,35.992887,37.287803,27.102683,31868453
2009-10-30,37.373943,37.504706,37.29396,37.359875,27.156481,46983508
2009-11-02,37.061148,38.089312,37.034525,37.852332,27.518738,32217314
2009-11-03,37.807812,37.852616,37.486012,37.694503,27.405421,59343699
2009-11-04,37.427405,37.711857,37.123885,37.252628,27.085569,33031071
2009-11-05,37.121653,37.540627,37.070485,37.456687,27.235352,39304614
2009-11-06,37.413654,37.747245,37.103919,37.433531,27.219931,51670825
2009-11-09,37.608574,37.664606,37.432978,37.643003,27.376521,51739988
2009-11-10,37.481133,38.195459,37.223986,37.98891,27.629525,48712819
2009-11-11,37.90299,37.976521,37.6799,37.951805,27.603975,34449260
2009-11-12,37.77638,37.926318,37.727061,37.885864,27.557447,33660427
2009-11-13,37.910135,38.087438,37.400802,37.571441,27.330163,40295202
2009-11-16,37.318051,37.859887,36.997131,37.756541,27.469094,43320772
2009-11-17,37.861253,37.958405,37.311722,37.458183,27.253447,46935243
2009-11-18,37.590557,37.629822,37.424059,37.550634,27.322133,27465678
2009-11-19,37.429572,37.467217,36.526466,36.830715,26.799709,63232872
2009-11-20,36.862243,37.539435,36.648273,37.333275,27.166807,65707212
2009-11-23,37.432499,37.504448,37.150803,37.298556,27.145779,20660646
2009-11-24,37.252994,37.283378,36.900353,37.120492,27.01759,40961244
2009-11-25,37.209718,37.28473,36.910263,37.175088,27.058734,24010184
2009-11-27,37.12758,37.579154,36.886068,37.37208,27.20495,44811239
2009-11-30,37.442007,37.690407,37.424175,37.643584,27.406867,32254390
2009-12-01,37.565932,38.213923,37.295839,37.904562,27.598311,47226608
2009-12-02,38.017975,38.352812,37.864529,37.921367,27.611983,31724943
2009-12-03,38.047508,38.305506,37.691702,37.746722,27.486247,36266593
2009-12-04,37.630074,37.807666,37.269669,37.416336,27.247085,43368343
2009-12-07,37.365945,37.390371,36.812586,36.93059,26.897556,39954345
2009-12-08,36.824951,36.908033,36.59146,36.693882,26.726545,17454056
2009-12-09,36.496412,36.683721,36.279874,36.645811,26.69292,28091014
2009-12-10,36.660903,37.019011,36.642668,36.764719,26.780926,49949908
2009-12-11,36.692403,36.833722,36.601847,36.734844,26.760556,38663663
2009-12-14,36.496492,37.236629,36.365895,37.075883,27.013211,34755225
2009-12-15,36.871429,37.466036,36.571053,37.306775,27.182851,31967910
2009-12-16,37.694904,37.771813,36.536904,36.625454,26.687808,31512191
2009-12-17,36.564181,36.647111,36.320359,36.453612,26.563974,42891184
2009-12-18,36.509805,36.527398,36.104038,36.444852,26.558973,48392559
2009-12-21,36.41891,36.663937,36.133258,36.633945,26.700939,53651951
2009-12-22,36.581739,37.172015,36.481828,37.097477,27.040195,49097092
2009-12-23,37.129171,37.5866,36.794556,37.479156,27.31982,34803413
2009-12-24,37.455103,37.531238,37.390292,37.410999,27.271557,40189451
2009-12-28,37.360782,37.501272,36.588047,36.613866,26.696024,45699160
2009-12-29,36.686558,37.070987,36.524182,36.994274,26.974791,54255196
2009-12-30,36.79177,37.167013,36.744708,37.064321,27.027273,34555286
2009-12-31,37.088552,37.325019,36.972372,37.176115,27.110203,23071165
2010-01-04,37.002241,37.857363,36.882125,37.749111,27.533781,20516023
2010-01-05,37.686013,37.892135,37.573439,37.702795,27.50143,32839330
2010-01-06,37.423195,38.356943,37.387955,38.284423,27.927138,46048369
2010-01-07,38.219912,38.458436,37.746907,37.913355,27.657895,36399416
2010-01-08,37.900992,38.322416,37.137444,37.410507,27.292486,44529941
2010-01-11,37.50559,37.832958,37.469132,37.782032,27.56783,57220236
2010-01-12,37.788615,38.00097,37.56013,37.815258,27.593509,44629575
2010-01-13,37.958063,38.559418,37.927631,38.33707,27.975727,32707070
2010-01-14,38.48928,38.530125,38.319407,38.453769,28.062345,35771337
2010-01-15,38.580819,39.287246,38.41568,38.945288,28.422519,54070776
2010-01-19,38.80283,39.579998,38.763624,39.53099,28.855972,57440335
2010-01-20,39.477751,40.69033,39.378425,40.387781,29.482927,45132658
2010-01-21,40.191082,40.781282,40.134161,40.632222,29.662911,21300509
2010-01-22,40.358385,41.780092,40.284984,41.535761,30.324102,30340524
2010-01-25,41.683697,42.037825,41.458062,41.969601,30.645619,57140576
2010-01-26,41.563419,42.304659,41.276761,42.17939,30.800406,35291010
2010-01-27,42.140976,42.507158,41.99536,42.263955,30.863763,35105116
2010-01-28,42.336428,42.956064,41.80673,42.667751,31.160261,30002900
2010-01-29,42.696593,43.291655,42.589335,42.792802,31.253211,42930646
2010-02-01,42.630067,43.079313,42.476967,42.905136,31.340143,74022769
2010-02-02,43.183353,44.150964,43.01412,44.115778,32.226136,59596116
2010-02-03,44.080388,45.022888,44.008486,44.772218,32.70736,52359251
2010-02-04,44.493764,44.774436,44.119421,44.222176,32.30722,53151613
2010-02-05,44.470047,44.496799,43.408958,43.957994,32.115888,46545682
2010-02-08,44.127267,44.577882,44.080803,44.455361,32.484335,54804534
2010-02-09,44.649333,45.231791,44.483213,44.994836,32.88025,51787725
2010-02-10,44.799903,45.834142,44.529093,45.459112,33.22125,33674349
2010-02-11,45.656185,46.089466,45.123011,45.146151,32.994257,26354984
2010-02-12,45.188377,45.914081,44.838216,45.517871,33.267652,34650018
2010-02-16,45.304763,46.228483,44.977034,45.892896,33.548727,28925081
2010-02-17,46.023877,46.373459,45.958559,46.11363,33.711842,41255358
2010-02-18,46.199493,46.997525,46.127312,46.94774,34.323412,39846365
2010-02-19,46.726016,46.955296,46.522323,46.640635,34.100662,38868694
2010-02-22,46.878425,47.26166,45.740253,46.055367,33.678006,39717100
2010-02-23,45.772576,45.908074,45.571625,45.84369,33.524961,29558711
2010-02-24,46.005614,46.275912,45.631166,45.780272,33.480326,54808503
2010-02-25,45.602904,45.704478,45.582589,45.618816,33.363984,48858730
2010-02-26,45.610875,46.216092,45.34772,46.066974,33.693504,43836802
2010-03-01,46.24199,46.388062,45.7724,45.859882,33.547271,53419382
2010-03-02,45.924751,46.277782,45.134167,45.530638,33.308157,30723210
2010-03-03,45.784441,45.918364,45.52602,45.817639,33.519857,42425633
2010-03-04,45.541921,46.757773,45.276257,46.554861,34.060975,39293956
2010-03-05,46.461055,46.909401,46.416121,46.439153,33.978087,37381919
2010-03-08,46.325913,46.456598,45.672036,46.116794,33.747493,44892308
2010-03-09,45.75598,46.157386,45.539848,45.960382,33.634783,25314546
2010-03-10,45.985981,46.14821,45.587217,45.664184,33.419757,38753881
2010-03-11,45.506694,45.922772,45.172257,45.888852,33.585929,51257100
2010-03-12,45.893423,46.14916,44.888323,45.112187,33.019208,54229613
2010-03-15,45.052068,45.305584,44.673709,44.83731,32.823138,73535454
2010-03-16,44.72586,45.103447,44.629595,45.070167,32.995317,27439848
2010-03-17,45.111874,45.307389,43.819441,44.154362,32.326549,45727189
2010-03-18,44.36217,44.948553,43.572462,43.69816,31.994216,32691466
2010-03-19,43.662984,44.409546,43.583304,44.343545,32.468433,37843156
2010-03-22,44.476674,44.628828,44.065395,44.20524,32.372217,46136417
2010-03-23,44.002424,44.29285,43.94277,43.979408,32.208512,38934874
2010-03-24,44.253728,44.786974,43.869743,44.745737,32.771441,39601498
2010-03-25,44.539873,44.746601,44.41615,44.639313,32.695197,35878306
2010-03-26,44.510306,44.609134,44.396669,44.530587,32.61726,28179479
2010-03-29,44.469576,44.630166,44.264994,44.382761,32.514056,44618402
2010-03-30,44.05882,45.006297,44.032018,44.647889,32.709985,34929020
2010-03-31,44.69691,44.910393,44.096257,44.882509,32.883584,53780273
2010-04-01,44.868159,45.282129,44.828825,45.168431,33.094789,62609963
2010-04-05,45.089774,45.124944,44.04068,44.405689,32.5427,57148764
2010-04-06,44.159207,44.277475,43.27197,43.739761,32.056343,45597987
2010-04-07,43.907417,44.25591,42.922805,43.238534,31.690647,54705635
2010-04-08,43.137426,44.334385,42.951919,44.248672,32.432691,44319513
2010-04-09,44.253277,44.734226,44.003527,44.487964,32.60978,28614139
2010-04-12,44.641413,45.08116,44.364236,44.405809,32.55464,37323882
2010-04-13,44.567611,44.982612,43.573834,44.016307,32.270769,60289138
2010-04-14,43.648025,44.200335,43.600847,43.917932,32.200319,55021800
2010-04-15,43.53488,44.904729,43.080643,44.712958,32.784932,61421329
2010-04-16,44.785418,44.996334,43.621918,43.751005,32.081267,68961584
2010-04-19,43.586635,43.676473,43.185703,43.607359,31.980926,34646259
2010-04-20,43.501188,43.665771,43.274981,43.337354,31.784562,60662633
2010-04-21,43.480392,43.955393,43.4154,43.674042,32.033163,42965042
2010-04-22,43.356834,43.898621,43.327641,43.829678,32.148988,51884650
2010-04-23,43.653584,43.676426,43.433201,43.648749,32.017943,38283993
2010-04-26,43.957393,44.182897,43.194557,43.265889,31.742054,41835161
2010-04-27,43.03838,43.563593,42.79608,43.295768,31.765628,33040474
2010-04-28,43.140701,43.225526,42.85943,43.099105,31.622983,51181217
2010-04-29,42.894204,43.164213,42.655177,42.931948,31.501974,37142416
2010-04-30,42.573688,42.844923,42.274364,42.350356,31.076838,46566234
2010-05-03,42.27761,43.086781,42.121082,43.045733,31.592038,60286415
2010-05-04,43.344099,43.749661,43.22947,43.51862,31.94076,47954826
2010-05-05,43.683161,43.728759,43.375064,43.421645,31.871242,30651321
2010-05-06,43.637255,43.671572,42.306396,42.768326,31.393343,50296689
2010-05-07,43.069831,43.377899,42.908293,43.266831,31.760914,28690133
2010-05-10,43.127669,43.420476,42.33015,42.488952,31.194764,83054965
2010-05-11,42.36392,42.996938,42.213448,42.778377,31.408889,45570734
2010-05-12,42.308993,43.552615,42.260996,43.079026,31.631278,25425358
2010-05-13,43.015734,43.284321,42.927685,43.179796,31.706919,49758200
2010-05-14,43.205743,43.315616,42.941981,43.151477,31.687773,52728758
2010-05-17,43.166864,43.515331,43.011958,43.418191,31.888607,29017514
2010-05-18,43.23261,43.547573,42.869502,43.216914,31.74243,27022709
2010-05-19,43.211987,43.899163,42.918546,43.728552,32.119894,36520664
2010-05-20,43.663842,43.785044,43.127233,43.178651,31.717625,51021204
2010-05-21,43.195362,44.154437,43.071218,43.860167,32.219921,29663018
2010-05-24,43.990399,44.01135,43.700081,43.865421,32.228809,26041344
2010-05-25,43.743304,43.996788,43.714901,43.909752,32.263058,38345800
2010-05-26,43.921157,44.621717,43.58212,43.964402,32.304894,55881136
2010-05-27,44.054828,44.731449,43.993456,44.633317,32.798116,44265698
2010-05-28,44.745109,45.418591,44.559061,45.150368,33.17979,28683240
2010-06-01,45.020533,45.438279,44.905363,45.186191,33.213024,29878187
2010-06-02,45.236913,45.616047,45.148635,45.53188,33.468856,44772139
2010-06-03,45.368982,45.637646,45.278535,45.40849,33.379893,40099996
2010-06-04,45.492441,45.883195,45.108005,45.298319,33.300639,42181408
2010-06-07,45.018125,45.468554,44.555881,45.267718,33.283336,24165126
2010-06-08,45.325345,45.890572,45.190339,45.746213,33.636902,45326379
2010-06-09,45.707337,46.190838,45.637418,46.027525,33.845509,20303715
2010-06-10,46.193746,46.586726,45.361108,45.633934,33.557835,32133236
2010-06-11,45.366826,45.688934,45.328095,45.630448,33.557017,37511924
2010-06-14,45.833283,46.079732,45.586894,45.666471,33.58875,29917641
2010-06-15,45.579117,45.795592,45.378571,45.495425,33.464683,59690101
2010-06-16,45.676755,45.93621,45.193189,45.414226,33.406693,35262657
2010-06-17,45.306084,45.868757,44.995001,45.6359,33.571503,26663606
2010-06-18,45.608591,45.770096,44.937079,45.275482,33.308098,37918196
2010-06-21,45.110714,46.038049,44.760099,45.966765,33.821937,40736815
2010-06-22,45.574712,45.729596,45.042864,45.317711,33.346103,18655447
2010-06-23,45.327946,45.613064,45.029491,45.521721,33.497962,32115660
2010-06-24,45.578659,46.080208,45.454491,45.920659,33.793286,35231381
2010-06-25,45.974776,46.211153,45.36196,45.433457,33.43649,38644712
2010-06-28,45.460673,45.809485,45.337618,45.78466,33.700214,21969429
2010-06-29,45.817882,45.881398,45.642009,45.80567,33.717433,28599758
2010-06-30,45.786005,46.686608,45.350782,46.554073,34.270113,52786433
2010-07-01,46.274417,47.010457,46.196395,46.741355,34.409768,35389471
2010-07-02,46.600326,46.912372,46.400674,46.580369,34.293038,41213129
2010-07-06,46.845392,46.935015,46.773429,46.840515,34.491737,52672187
2010-07-07,46.851782,47.417773,46.746244,47.027799,34.631448,67577068
2010-07-08,46.905367,46.940138,46.167394,46.352236,34.135736,22250648
2010-07-09,46.462069,46.639903,46.109769,46.390332,34.165569,45212548
2010-07-12,46.189993,46.449595,45.711475,46.207392,34.036149,32842169
2010-07-13,46.224162,47.26667,45.824263,47.042785,34.653298,62260303
2010-07-14,46.868403,47.101559,46.690541,46.912715,34.559281,25250638
2010-07-15,46.789343,46.941444,46.369358,46.488377,34.248465,66185656
2010-07-16,46.328687,46.484649,45.655294,45.97263,33.870271,33121537
2010-07-19,46.51068,46.943143,45.643469,46.084558,33.958033,48713928
2010-07-20,45.841527,46.081032,45.054732,45.352217,33.420136,62253748
2010-07-21,45.406776,46.115029,44.716364,45.750187,33.715154,44998692
2010-07-22,45.830379,46.537149,45.687482,46.48464,34.258185,50272811
2010-07-23,46.621553,47.008173,45.60444,45.876047,33.811423,37756867
2010-07-26,45.735789,46.175761,44.730983,44.947032,33.131893,37558750
2010-07-27,45.031266,45.907784,44.716057,45.842967,33.794073,48088660
2010-07-28,45.547188,46.650035,45.329207,46.351915,34.171032,41899249
2010-07-29,46.460058,46.863573,46.046425,46.158358,34.03011,26589620
2010-07-30,46.476938,46.832184,45.073305,45.111452,33.260012,40086499
2010-08-02,44.973108,46.033404,44.746218,45.873643,33.827243,33899669
2010-08-03,45.66268,46.103869,45.392382,45.955823,33.889606,62870882
2010-08-04,45.481883,46.482243,45.045245,45.966877,33.899521,33273008
2010-08-05,45.909539,46.159642,44.833237,44.94021,33.144102,39427318
2010-08-06,45.053689,45.333812,44.525866,44.84069,33.072424,35743723
2010-08-09,44.985805,45.181824,44.031103,44.541792,32.857098,39274185
2010-08-10,44.731014,45.813905,44.446579,45.460139,33.536279,37199390
2010-08-11,45.371669,45.465075,44.561046,44.790283,33.04384,72928323
2010-08-12,44.456168,45.015878,44.169279,44.860895,33.097655,43458510
2010-08-13,44.872732,45.34443,44.585573,45.1994,33.349133,44107781
2010-08-16,45.157126,45.677859,44.504017,44.985707,33.196646,59123762
2010-08-17,44.942361,45.278682,44.724734,44.932577,33.159165,33578914
2010-08-18,45.127359,45.545463,44.555908,44.798701,33.062087,35976512
2010-08-19,44.721245,45.384259,44.581759,45.293161,33.428744,34660902
2010-08-20,45.490879,45.656723,45.327089,45.527962,33.603788,44174093
2010-08-23,45.369555,45.476921,45.161441,45.261892,33.412618,40279861
2010-08-24,44.919369,45.352457,44.619401,45.279742,33.427534,64165287
2010-08-25,45.691428,46.687193,45.566273,46.429878,34.278399,43608358
2010-08-26,46.586935,47.52278,46.394627,47.299309,34.922101,30161113
2010-08-27,47.857508,48.253706,47.660685,48.18272,35.576194,36379320
2010-08-30,48.30238,49.172442,48.174091,48.938109,36.139582,29837483
2010-08-31,49.01818,49.151618,48.568717,48.767092,36.015163,61102954
2010-09-01,48.760929,49.517863,48.440277,49.465105,36.532557,47166918
2010-09-02,49.496452,49.611286,49.298628,49.325752,36.431532,33585989
2010-09-03,49.414239,49.85251,49.313481,49.821502,36.799602,42959850
2010-09-07,49.506995,50.1014,49.048548,49.617803,36.656771,24700850
2010-09-08,49.510945,49.813826,49.163599,49.538154,36.599832,41360640
2010-09-09,49.415409,50.174668,49.204377,49.842407,36.826535,35521771
2010-09-10,49.347995,49.546433,48.381831,48.458672,35.806012,40880795
2010-09-13,48.458025,48.613802,48.216963,48.253261,35.659799,44841300
2010-09-14,48.19251,48.845278,48.171363,48.7572,36.034092,27066354
2010-09-15,48.487411,49.71946,48.424572,49.128875,36.310667,44985960
2010-09-16,49.047762,49.254774,48.593736,48.90762,36.14902,32430961
2010-09-17,49.015938,49.46827,48.738938,49.039948,36.248714,27419571
2010-09-20,49.004987,49.667341,48.899009,49.444933,36.553769,52059962
2010-09-21,49.751279,50.088537,49.005833,49.554858,36.63694,44120628
2010-09-22,49.777769,49.945765,49.206233,49.806227,36.824698,49772231
2010-09-23,49.602504,50.356944,49.439388,50.187111,37.108239,62135303
2010-09-24,50.251972,50.577705,50.094916,50.172612,37.099448,44946458
2010-09-27,50.547243,50.630745,49.012514,49.142464,36.34339,48524342
2010-09-28,49.01659,50.211903,48.765084,49.875001,36.887058,68889718
2010-09-29,49.733268,51.527215,49.68156,51.355146,37.983734,38574614
2010-09-30,51.575959,51.641195,50.999852,51.345374,37.978483,63591057
2010-10-01,51.412657,52.550347,49.541055,50.047506,37.020418,46400723
2010-10-04,50.099006,50.830956,49.956776,50.594334,37.43075,35984721
2010-10-05,50.628183,51.154346,49.58132,49.852111,36.883557,63787959
2010-10-06,49.604687,50.676693,49.391296,50.411131,37.299093,46217180
2010-10-07,50.40634,50.637443,49.880568,50.102358,37.072562,37087631
2010-10-08,50.357303,50.587016,48.942206,48.966063,36.23366,50293329
2010-10-11,48.596332,48.904156,48.463522,48.742697,36.074004,39975714
2010-10-12,48.523915,48.547433,48.215177,48.297028,35.746028,34673298
2010-10-13,47.918002,48.930748,47.425284,48.748115,36.081767,46068412
2010-10-14,48.633934,48.669054,47.913601,47.967511,35.505837,28981037
2010-10-15,47.635194,48.572818,47.23254,48.337779,35.781772,33732222
2010-10-18,48.784052,48.922598,47.572699,47.673382,35.295464,66864095
2010-10-19,47.970391,48.013634,46.73404,46.88558,34.714013,23977917
2010-10-20,46.707344,47.140304,46.562934,47.000695,34.801054,37551990
2010-10-21,47.247345,47.519584,46.146821,46.836258,34.681103,34835872
2010-10-22,46.62269,47.228766,46.539561,47.110959,34.886327,42170059
2010-10-25,47.105619,47.239568,45.792438,45.834055,33.946058,40490299
2010-10-26,46.471938,46.5136,45.04976,45.605003,33.778173,53256627
2010-10-27,45.762592,46.840718,45.45269,46.169923,34.19837,28425226
2010-10-28,46.450432,47.09979,46.427354,46.763601,34.639914,37831050
2010-10-29,46.893615,47.524772,46.818035,47.2946,35.03507,64119163
2010-11-01,47.40974,47.641792,46.446549,46.467162,34.42749,34853455
2010-11-02,46.371936,46.589983,45.670636,46.061556,34.128752,23038957
2010-11-03,45.746334,46.404605,45.690416,46.194439,34.228991,25105214
2010-11-04,46.251726,46.622714,46.067882,46.115737,34.172452,42789883
2010-11-05,45.780581,46.194802,45.627451,46.167361,34.212486,38582621
2010-11-08,46.279822,46.370492,45.893271,45.98789,34.084807,57360748
2010-11-09,46.009024,47.391366,45.930462,47.180362,34.970449,43566362
2010-11-10,47.13902,48.223556,46.81995,48.173448,35.708391,41575554
2010-11-11,48.343843,48.894438,48.173376,48.256231,35.771613,46306542
2010-11-12,48.720707,48.804107,48.439074,48.650404,36.065684,42405129
2010-11-15,48.756938,49.608099,48.687637,49.433454,36.651897,68063536
2010-11-16,49.47992,49.897698,49.329747,49.4221,36.645385,38478762
2010-11-17,49.441038,50.395616,49.196157,50.17286,37.203992,74390913
2010-11-18,49.977198,50.080151,49.042011,49.362523,36.605018,40301370
2010-11-19,49.292713,49.619268,49.153866,49.398846,36.633859,34657480
2010-11-22,49.062361,49.637096,48.497374,49.565486,36.763175,40510944
2010-11-23,49.794375,49.919554,48.89808,49.164981,36.468014,42872082
2010-11-24,49.451887,49.479419,47.981979,48.300057,35.828322,35956717
2010-11-26,47.804851,49.465962,47.740737,48.952302,36.315926,48977087
2010-11-29,49.0741,49.128403,48.700407,48.768009,36.184852,33103940
2010-11-30,48.624919,49.467397,48.503728,49.316395,36.593647,33174307
2010-12-01,49.659406,49.867745,49.240791,49.533705,36.756807,36019643
2010-12-02,49.723656,49.947542,49.099965,49.293779,36.580671,39716614
2010-12-03,49.495245,49.685985,49.313069,49.616459,36.822046,50606994
2010-12-06,49.763358,50.319732,49.433433,50.100943,37.187401,42352569
2010-12-07,50.073373,50.751425,50.037631,50.565698,37.534317,34080809
2010-12-08,50.57887,50.771973,49.731489,49.920561,37.057367,41854785
2010-12-09,49.732772,50.350569,49.58046,50.206959,37.271908,27960257
2010-12-10,50.216855,51.710326,50.084791,51.613443,38.318026,30984603
2010-12-13,51.366976,51.558353,51.120138,51.468557,38.216425,40398525
2010-12-14,51.304179,53.423773,51.19384,53.271468,39.55718,39643230
2010-12-15,53.174262,53.704953,52.319342,52.847408,39.244332,80288488
2010-12-16,52.892151,52.919539,52.29988,52.606578,39.067525,55250548
2010-12-17,52.941895,53.072735,50.702508,50.84615,37.762132,46925664
2010-12-20,51.031635,51.485088,50.399574,51.190484,38.023793,32232182
2010-12-21,51.110008,51.49773,49.766325,49.979364,37.126116,45203028
2010-12-22,50.211839,50.716072,50.064909,50.535035,37.540838,41458904
2010-12-23,50.691045,50.893277,49.585695,49.727931,36.943188,40994607
2010-12-27,50.033423,50.21817,48.929982,49.24834,36.594511,25054513
2010-12-28,49.021729,49.447255,48.390036,48.437838,35.994131,37391393
2010-12-29,48.409815,48.526019,47.748506,47.948212,35.632143,29650873
2010-12-30,48.044824,48.371286,46.715607,46.947123,34.890011,38594113
2010-12-31,46.821605,47.125306,46.611583,46.936918,34.884241,57846668
2011-01-03,46.910078,46.977179,45.972148,46.003904,34.196148,40132020
2011-01-04,46.126311,46.179723,45.535433,45.810599,34.054229,49557780
2011-01-05,45.909548,46.247202,44.68907,44.795179,33.301128,48377135
2011-01-06,44.765181,45.472327,44.660011,45.128004,33.550299,33523313
2011-01-07,45.095245,45.966422,44.823017,45.409243,33.761141,61525095
2011-01-10,45.345501,45.881008,44.748393,45.552387,33.872852,31882509
2011-01-11,45.573141,46.094915,45.365807,46.01916,34.221726,30635782
2011-01-12,45.601255,46.940068,45.309119,46.28754,34.423095,26572411
2011-01-13,45.979314,46.262092,45.729769,45.764792,34.036108,36009355
2011-01-14,45.664957,45.713895,45.195355,45.286278,33.681981,55009673
2011-01-18,45.199485,45.485019,44.694201,45.435665,33.800121,47939372
2011-01-19,45.426675,45.977389,44.98355,45.656876,33.966449,31708453
2011-01-20,46.123644,46.186597,45.095239,45.213081,33.638037,46991813
2011-01-21,44.820025,45.652718,44.534562,45.451057,33.816848,31636092
2011-01-24,45.617187,45.667607,45.066642,45.089019,33.552718,44706027
2011-01-25,45.104722,45.252772,44.64025,45.094226,33.558338,57068543
2011-01-26,44.728275,44.963775,44.306023,44.887335,33.406111,34831148
2011-01-27,44.831029,45.838688,44.742017,45.700172,34.012811,30414897
2011-01-28,45.918017,46.2946,45.514971,45.553646,33.905521,59936699
2011-01-31,45.395397,45.512428,45.115884,45.414512,33.807239,49194821
2011-02-01,45.762617,46.240361,45.359373,45.500832,33.873259,53071391
2011-02-02,45.575923,46.014733,44.746799,45.033869,33.527371,41574572
2011-02-03,45.181997,45.433534,45.082082,45.286659,33.717325,59410009
2011-02-04,45.15965,45.952378,45.010221,45.921099,34.191464,27269997
2011-02-07,45.867474,46.211865,45.408741,45.936403,34.208197,36634861
2011-02-08,45.955138,46.223466,45.8137,46.085894,34.321306,30929438
2011-02-09,46.080761,46.661227,45.851137,46.58584,34.695433,72706856
2011-02-10,46.359525,46.669996,45.882092,46.376511,34.541329,62223116
2011-02-11,46.356239,47.288278,46.288402,46.86813,34.909304,33065904
2011-02-14,46.642396,47.592359,46.479725,47.237588,35.189983,31431790
2011-02-15,47.080053,47.242535,46.645207,46.916316,34.952467,36508103
2011-02-16,46.755159,47.362235,46.568972,46.669695,34.770544,52434134
2011-02-17,46.41586,46.570425,46.065401,46.294539,34.492834,77428280
2011-02-18,46.023758,47.397157,45.811834,47.104851,35.098402,37544220
2011-02-22,47.225312,47.259727,46.51511,46.535628,34.681482,38394878
2011-02-23,46.3739,46.65457,46.023194,46.564581,34.704866,44584798
2011-02-24,46.672707,47.077427,46.650198,46.877266,34.939729,39420236
2011-02-25,46.866473,46.99606,46.710884,46.828336,34.905075,28283547
2011-02-28,47.042139,47.629511,46.836023,47.200856,35.188236,34734041
2011-03-01,47.205249,47.438941,46.684596,46.763099,34.863702,44991619
2011-03-02,46.719081,47.397706,46.63574,47.058173,35.085516,30857835
2011-03-03,47.484541,47.687432,46.457419,46.575284,34.727291,32188983
2011-03-04,46.187059,47.182282,45.989094,46.956906,35.013656,18601172
2011-03-07,46.596229,47.165198,46.217758,47.114226,35.136445,55532889
2011-03-08,47.138101,47.620183,47.061984,47.410033,35.358889,39822655
2011-03-09,47.470308,47.616125,47.301517,47.568887,35.47921,30779775
2011-03-10,47.588715,48.678078,47.463392,48.215886,35.963644,43101391
2011-03-11,48.136629,48.482095,47.839258,48.334915,36.054302,42656602
2011-03-14,48.688569,49.011239,48.139818,48.340485,36.064084,33286303
2011-03-15,48.402229,48.729244,47.7328,47.913297,35.747243,42916947
2011-03-16,48.076827,48.313168,47.634286,47.685691,35.579281,37262521
2011-03-17,47.650578,47.867073,47.284947,47.817474,35.679463,42671989
2011-03-18,47.79625,48.094662,47.723848,47.747633,35.629204,44809183
2011-03-21,47.617228,48.136699,47.526208,47.881663,35.734793,47944202
2011-03-22,48.031857,48.645633,47.979589,48.573053,36.252673,45007204
2011-03-23,48.573434,48.730587,48.450141,48.49528,36.19651,22653746
2011-03-24,48.48222,49.44736,48.392813,49.33731,36.826911,26897209
2011-03-25,49.504243,49.701384,49.415924,49.517728,36.963503,38041600
2011-03-28,49.899713,50.231328,49.711332,50.039381,37.358731,43350247
2011-03-29,49.860861,51.346457,49.808146,50.943953,38.036051,27306176
2011-03-30,51.237419,51.33557,50.131222,50.40772,37.637644,43305091
2011-03-31,50.560807,50.761211,49.827441,49.894357,37.256272,41861207
2011-04-01,49.81405,50.647797,49.531275,50.442528,37.667552,27559410
2011-04-04,50.515379,50.62009,50.302875,50.428055,37.662621,22624776
2011-04-05,50.444754,51.230484,50.321376,50.945825,38.051302,28485679
2011-04-06,50.938263,51.771835,50.889395,51.544807,38.500683,38491727
2011-04-07,51.333623,51.395523,51.095717,51.15428,38.210972,43906308
2011-04-08,51.202159,51.586976,50.441694,51.519513,38.485794,34723384
2011-04-11,51.719903,51.765705,51.251949,51.41765,38.415695,34594687
2011-04-12,51.568083,51.762994,51.526857,51.696116,38.625755,38660990
2011-04-13,51.56315,52.646057,51.526899,52.172884,38.984009,72346272
2011-04-14,52.183513,53.253108,51.914604,52.545298,39.264322,37336865
2011-04-15,52.507855,52.876109,52.200653,52.696556,39.379397,25279158
2011-04-18,52.572758,53.003159,51.877875,52.83964,39.492485,65729033
2011-04-19,53.177636,54.276242,53.130712,53.887806,40.277982,41621946
2011-04-20,53.851018,54.496627,53.430025,54.184066,40.501526,28964733
2011-04-21,54.00152,54.243672,53.37118,53.525943,40.011673,43512603
2011-04-25,53.430726,53.9451,53.015275,53.777358,40.207976,44815080
2011-04-26,53.636674,54.122663,53.524073,53.986714,40.366606,42239165
2011-04-27,53.786149,54.793511,53.190921,54.769204,40.953815,43042043
2011-04-28,54.983493,56.228599,54.76242,55.604187,41.580339,58181674
2011-04-29,55.643618,55.674253,54.679478,54.991242,41.124123,28628909
2011-05-02,55.16808,55.598058,54.829464,55.37762,41.419532,41868294
2011-05-03,55.494723,55.845227,54.483342,54.829619,41.011789,29728711
2011-05-04,54.647825,54.888287,54.253873,54.684788,40.905586,38280334
2011-05-05,54.449394,54.769718,53.624305,54.060109,40.440413,32662883
2011-05-06,53.865451,54.609849,53.670153,54.498455,40.770445,43979298
2011-05-09,54.403425,55.41972,54.158909,54.750646,40.965502,48477265
2011-05-10,54.794841,55.906795,54.711024,55.872157,41.806814,63504411
2011-05-11,55.904789,57.27806,55.677372,57.002487,42.654811,44825185
2011-05-12,56.858308,57.271588,56.443072,56.619367,42.370327,27078018
2011-05-13,56.667685,57.046782,55.662959,56.027392,41.929512,49443916
2011-05-16,55.881645,57.318553,55.654834,56.87835,42.572992,29691213
2011-05-17,56.67578,57.74137,56.458588,57.613415,43.125425,30913645
2011-05-18,57.4977,57.769399,57.298126,57.633685,43.142842,73076621
2011-05-19,57.430606,57.892487,57.276163,57.854989,43.310756,20127347
2011-05-20,57.932822,58.09511,57.156921,57.33189,42.921392,37792235
2011-05-23,57.129799,57.541932,56.909821,57.147006,42.789656,39034655
2011-05-24,57.167967,57.383676,55.517991,55.725855,41.72772,42946027
2011-05-25,55.447857,55.663155,53.903178,54.046376,40.472225,37201717
2011-05-26,54.004482,54.135745,53.964105,54.036763,40.467131,45003370
2011-05-27,53.914936,54.583911,53.689149,54.510518,40.824042,58929895
2011-05-31,54.735968,54.774382,54.355039,54.486778,40.814754,24745534
2011-06-01,54.098185,54.305282,53.049454,53.427325,40.023224,44430072
2011-06-02,53.472859,54.341181,53.448209,54.137379,40.557247,28272602
2011-06-03,54.154895,54.618078,53.960274,54.206681,40.611276,41714463
2011-06-06,54.15392,54.403322,53.458299,54.374435,40.743315,39538195
2011-06-07,54.51206,54.891944,54.029241,54.139261,40.569207,45285014
2011-06-08,54.516599,54.688731,53.254013,53.642995,40.199421,37953059
2011-06-09,53.316069,54.08687,52.923811,53.765914,40.293631,45768471
2011-06-10,53.481764,53.566399,53.320182,53.35059,39.984456,39236888
2011-06-13,53.325265,53.546258,51.867332,51.9611,38.949159,63438049
2011-06-14,51.820214,53.129298,51.361004,52.846208,39.614681,37155387
2011-06-15,52.824365,52.870232,52.432634,52.804302,39.585327,30699999
2011-06-16,53.05,53.242738,52.021735,52.093749,39.054684,32445851
2011-06-17,52.006529,52.482297,51.74854,51.937903,38.939872,17715775
2011-06-20,51.751218,52.489442,51.080849,51.781312,38.828529,42210079
2011-06-21,51.828153,51.952508,51.657138,51.743826,38.802438,45587064
2011-06-22,52.0375,52.07171,51.514181,51.575117,38.677936,64134641
2011-06-23,51.585851,52.375315,51.518762,51.940744,38.954159,24545411
2011-06-24,52.098435,53.681653,51.84799,53.098321,39.824382,41499957
2011-06-27,53.057752,54.517893,52.947103,54.132186,40.606129,47421562
2011-06-28,54.014069,54.814393,53.9808,54.660586,41.00463,25853333
2011-06-29,54.396636,54.690572,53.928839,54.335285,40.76272,36993861
2011-06-30,54.157944,54.425889,53.965614,54.198432,40.662167,52155895
2011-07-01,54.037433,54.120154,53.940695,53.992954,40.510116,59023656
2011-07-05,53.797683,54.099637,53.446587,53.883293,40.436251,21277152
2011-07-06,53.590114,54.330261,53.201068,54.107686,40.606758,44736042
2011-07-07,53.961947,54.300323,53.75794,53.952192,40.492169,34086064
2011-07-08,53.839256,54.019209,53.513585,53.726307,40.324735,44946467
2011-07-11,53.771912,53.802139,53.369242,53.740336,40.34156,30756856
2011-07-12,53.965962,54.030343,53.887294,53.972681,40.518083,42233163
2011-07-13,53.901374,54.432341,53.766815,54.398832,40.840125,64620474
2011-07-14,54.460882,55.035097,54.293707,54.445469,40.877265,44486904
2011-07-15,54.07758,55.285437,53.862,55.216582,41.458367,37411127
2011-07-18,54.799461,55.09016,54.261888,54.962273,41.273865,20064496
2011-07-19,55.116054,55.744347,54.855293,54.99737,41.302369,28529898
2011-07-20,55.128423,55.854558,55.077705,55.619501,41.771755,30303510
2011-07-21,55.735741,56.611702,55.669965,55.873905,41.965003,33391723
2011-07-22,56.18992,56.452411,54.874577,55.276419,41.51841,33128595
2011-07-25,55.348463,55.64616,55.045387,55.399699,41.617501,58932327
2011-07-26,55.008052,55.159672,54.219509,54.557189,40.98672,46049972
2011-07-27,54.535433,54.888416,53.630981,53.894412,40.490908,36672119
2011-07-28,54.108527,54.197046,53.863642,54.021793,40.588721,46874810
2011-07-29,53.971623,54.939835,53.760808,54.668079,41.076438,72001450
2011-08-01,54.854068,55.270351,53.527394,53.727491,40.376,35404751
2011-08-02,53.283787,53.500774,52.550244,52.974757,39.812394,69131539
2011-08-03,52.957665,53.002082,51.996268,52.290458,39.300164,38371694
2011-08-04,52.367177,53.260058,52.31031,53.026051,39.85509,31514890
2011-08-05,53.166315,53.237522,52.829893,53.21242,39.997248,39860861
2011-08-08,52.948038,53.290912,51.932238,52.058441,39.135964,49224162
2011-08-09,51.64739,52.34625,51.440653,52.020464,39.109448,46033199
2011-08-10,51.830326,52.430853,51.656292,52.393468,39.391925,37013702
2011-08-11,52.257625,53.943398,52.165027,53.843553,40.484274,48419340
2011-08-12,53.812294,53.935587,53.541086,53.783911,40.441534,38382317
2011-08-15,53.926987,54.44957,52.942684,53.333834,40.109368,35430835
2011-08-16,53.460305,53.620211,52.97551,53.314929,40.097237,39784375
2011-08-17,53.557515,53.917893,53.030311,53.29369,40.083348,29147024
2011-08-18,53.148927,53.174055,52.81794,53.14212,39.971428,65880268
2011-08-19,53.199323,54.140173,52.85343,53.851639,40.507208,38926686
2011-08-22,54.023408,54.264975,53.69184,54.195507,40.772228,34893627
2011-08-23,54.382934,54.749495,52.910464,53.110547,39.958072,29513666
2011-08-24,52.959749,54.142499,52.758403,53.947872,40.59015,40614684
2011-08-25,53.576122,54.254334,52.930326,53.726366,40.425593,48776020
2011-08-26,53.723069,55.52907,53.700394,55.246288,41.571398,46943262
2011-08-29,55.23582,56.595548,55.006893,56.483312,42.50886,27569476
2011-08-30,56.521162,56.79573,55.787679,55.822875,42.014006,38095645
2011-08-31,55.834846,56.421201,54.888449,55.367117,41.673156,31811249
2011-09-01,55.307511,55.421654,54.178189,54.334206,40.897842,24185042
2011-09-02,54.702493,54.804608,54.311948,54.373299,40.929397,35112459
2011-09-06,54.132103,54.154331,52.244156,53.055178,39.945495,39125170
2011-09-07,53.325381,53.706948,53.011653,53.616335,40.370093,33970836
2011-09-08,53.574473,54.44453,53.081269,54.221439,40.827826,47748035
2011-09-09,54.226683,54.411737,52.735301,53.564501,40.335261,36007728
2011-09-12,53.657626,54.082957,53.363792,53.750654,40.481755,33871889
2011-09-13,53.904255,53.970732,53.055367,53.363058,40.191932,50069274
2011-09-14,53.423439,53.696564,53.251692,53.584758,40.361011,26880813
2011-09-15,53.176361,53.297034,53.039659,53.253447,40.113549,34750306
2011-09-16,53.260933,53.73156,52.83406,53.473217,40.281187,35482221
2011-09-19,53.316811,53.472076,52.420301,52.521919,39.570752,29545915
2011-09-20,52.557704,53.027091,52.207135,52.804265,39.785545,27534646
2011-09-21,52.573922,52.727048,52.348851,52.597504,39.631822,58361137
2011-09-22,52.606999,52.945965,51.857277,52.012786,39.193281,64723531
2011-09-23,52.351116,52.470019,51.699409,52.019329,39.20025,33339920
2011-09-26,51.930778,52.343016,51.099476,51.340219,38.694531,24517918
2011-09-27,51.059498,51.368251,50.851174,51.301933,38.667686,34117758
2011-09-28,51.533058,51.600825,51.089568,51.273873,38.648547,44761054
2011-09-29,50.920658,51.214733,50.2662,50.446028,38.026523,59847480
2011-09-30,50.140532,50.725427,50.055414,50.649456,38.181855,68764676
2011-10-03,50.328421,50.716414,50.209765,50.340309,37.954728,33386149
2011-10-04,50.320787,50.700977,50.248816,50.39819,38.000345,24561496
2011-10-05,50.441333,50.511816,49.022167,49.325423,37.193411,63370295
2011-10-06,49.210339,49.778895,49.021339,49.71891,37.492066,34231294
2011-10-07,50.111755,50.957762,49.742837,50.352629,37.971917,73124389
2011-10-10,50.541014,51.199869,49.664347,49.703007,37.487874,40074677
2011-10-11,49.378016,49.560951,48.929739,48.976299,36.941685,70226932
2011-10-12,48.925371,49.063841,48.077287,48.122611,36.299657,38569207
2011-10-13,48.073457,49.330982,47.81447,49.291178,37.183059,48107692
2011-10-14,49.17689,49.401724,48.395778,48.416724,36.52531,42329256
2011-10-17,48.134162,48.661678,47.38308,47.437693,35.79232,46345074
2011-10-18,47.449111,47.738057,45.975884,46.110663,34.79287,24455202
2011-10-19,46.078178,46.243966,45.718843,45.747642,34.520747,52167321
2011-10-20,45.677712,45.773394,44.393629,44.867791,33.858581,27377987
2011-10-21,44.843165,46.150743,44.670053,45.98902,34.7065,30542914
2011-10-24,46.074037,46.1124,45.077763,45.288662,34.183295,22710238
2011-10-25,45.31896,45.639199,45.275246,45.534656,34.370756,33282719
2011-10-26,46.251924,46.797686,45.876648,45.927816,34.669327,40641987
2011-10-27,46.015227,46.30047,45.892762,45.973991,34.705988,30641150
2011-10-28,46.043492,46.74542,45.628062,45.653648,34.465952,39904408
2011-10-31,45.728737,46.241341,45.664791,46.067543,34.783848,40760828
2011-11-01,46.40633,46.611498,46.081237,46.24714,34.921271,46717561
2011-11-02,46.056085,46.08811,45.824666,45.967118,34.711632,70180258
2011-11-03,46.167782,46.587945,46.03554,46.225506,34.908567,34668259
2011-11-04,45.9548,46.731184,45.866203,46.61955,35.207972,55686993
2011-11-07,46.692423,47.058043,45.867974,46.081862,34.807332,37650528
2011-11-08,45.982114,46.198935,45.722882,45.93758,34.700155,43114855
2011-11-09,45.820022,45.925458,45.660496,45.773043,34.577667,24062283
2011-11-10,45.525359,45.691946,45.066233,45.173596,34.12661,46545416
2011-11-11,45.497809,46.228756,45.30169,46.081333,34.814175,60394027
2011-11-14,45.910401,46.665877,45.679535,46.518058,35.149604,72689618
2011-11-15,46.621915,46.786659,45.904615,46.493945,35.133211,39216541
2011-11-16,46.690349,47.010848,45.947275,46.129011,34.859261,63986972
2011-11-17,46.061013,46.245459,45.82488,46.157687,34.882746,38280927
2011-11-18,46.010523,46.562893,45.613209,46.364468,35.040839,40918491
2011-11-21,46.163988,46.619833,45.982518,46.193534,34.917102,49214527
2011-11-22,46.351588,46.806891,46.230004,46.556018,35.192929,66721726
2011-11-23,46.440711,47.196989,46.354738,46.872383,35.433921,29121392
2011-11-25,46.898243,47.16586,46.832247,46.925848,35.47803,72971903
2011-11-28,46.866579,47.276337,46.424427,46.540913,35.192493,25069809
2011-11-29,46.224182,46.931851,46.050872,46.86105,35.436412,47868606
2011-11-30,47.125605,47.423552,46.939706,47.27602,35.752073,63401811
2011-12-01,47.143944,47.331824,46.599193,47.250658,35.734752,23249462
2011-12-02,47.328745,47.76532,47.013566,47.268051,35.749766,42348142
2011-12-05,47.183024,47.62517,47.110788,47.55758,35.974356,32312822
2011-12-06,47.422838,47.629086,46.803656,46.972206,35.533405,29639289
2011-12-07,47.008986,47.535284,46.83881,47.431777,35.882927,46299176
2011-12-08,47.311209,47.723342,47.129222,47.445658,35.895295,26431350
2011-12-09,47.172958,47.317434,47.080079,47.222166,35.728069,59781524
2011-12-12,47.246243,47.341202,46.46999,46.543772,35.220296,61312648
2011-12-13,46.730979,46.888187,46.229711,46.316093,35.049831,28258504
2011-12-14,46.658354,46.820952,45.686643,45.941205,34.767943,35341127
2011-12-15,45.969901,46.2479,45.585904,45.663575,34.559631,48292116
2011-12-16,45.456112,46.146901,45.047176,45.799712,34.664467,55585365
2011-12-19,45.789166,46.998594,45.738604,46.616392,35.288096,29997761
2011-12-20,46.389977,46.466654,46.174102,46.430827,35.149453,36639788
2011-12-21,46.307444,47.193066,46.058955,46.710872,35.363295,43834522
2011-12-22,46.740171,47.16896,46.504885,47.115496,35.671478,34636680
2011-12-23,47.291887,47.438749,46.680576,46.988238,35.576981,88606798
2011-12-27,46.999221,47.108011,46.897167,46.952097,35.557015,43060839
2011-12-28,47.010548,47.735978,46.757737,47.468574,35.950015,37107825
2011-12-29,47.711838,48.117439,47.49957,47.895798,36.275457,54086952
2011-12-30,48.067096,48.835266,47.902474,48.721753,36.902941,64184440
2012-01-03,48.44242,48.86693,47.908595,47.979316,36.348165,28668572
2012-01-04,48.181404,48.702839,48.145656,48.367119,36.643863,61721173
2012-01-05,48.089261,48.776012,47.799848,48.479512,36.730924,41364527
2012-01-06,48.504189,48.996367,48.086256,48.354202,36.637888,26754209
2012-01-09,48.109727,48.421873,47.886447,48.239875,36.556967,49289971
2012-01-10,48.291521,49.243667,48.263355,49.053956,37.175825,44169462
2012-01-11,49.093126,49.180705,48.946681,49.059842,37.18222,50266654
2012-01-12,49.028491,50.25266,48.902481,49.983394,37.884146,24741537
2012-01-13,50.208846,50.35334,49.248246,49.40002,37.443934,26760408
2012-01-17,49.536724,49.635416,48.597311,48.687538,36.911572,37865038
2012-01-18,48.523568,48.549484,48.167068,48.257539,36.587479,43431534
2012-01-19,48.150888,48.611279,48.072432,48.513434,36.783404,54220206
2012-01-20,48.806875,49.086858,48.315805,48.357174,36.666834,47370076
2012-01-23,48.517389,49.104606,47.580037,47.970154,36.379052,44856123
2012-01-24,48.06722,48.258808,47.856104,47.891152,36.321029,29060976
2012-01-25,48.011301,48.447009,47.911854,47.968928,36.381908,33129257
2012-01-26,48.357422,48.379555,47.060168,47.502383,36.029932,69920127
2012-01-27,47.636165,48.107018,47.599796,47.747413,36.217668,39445930
2012-01-30,47.455433,47.758495,47.244247,47.616578,36.124063,46445251
2012-01-31,47.472176,47.639462,47.425973,47.506467,36.042403,74032092
2012-02-01,47.666253,48.130298,47.224449,47.270057,35.864908,59502080
2012-02-02,47.284547,47.693385,46.691234,46.812773,35.519804,49976812
2012-02-03,46.430973,47.026469,46.253264,46.908995,35.594664,34100130
2012-02-06,46.882948,47.124308,46.550977,46.976476,35.651433,23218514
2012-02-07,46.959961,47.116749,46.416686,46.532655,35.316444,42640348
2012-02-08,46.648372,46.721095,45.971807,46.017601,34.927356,50681977
2012-02-09,45.888417,46.911277,45.737977,46.800338,35.523301,49082761
2012-02-10,46.702295,47.100773,46.448425,46.630793,35.396451,50518979
2012-02-13,46.556221,46.616141,46.079642,46.312585,35.160393,33892330
2012-02-14,45.957287,45.998648,45.575736,45.623256,34.638858,31561712
2012-02-15,45.457669,45.609383,45.186118,45.287026,34.385369,42926479
2012-02-16,44.922419,45.991993,44.901631,45.865518,34.826415,36291598
2012-02-17,46.118127,46.30223,45.406635,45.770854,34.756343,33889595
2012-02-21,45.924112,46.215764,45.629003,46.044742,34.971597,29801652
2012-02-22,46.157087,46.21949,45.376831,45.625995,34.655356,40411649
2012-02-23,45.742772,45.895954,45.482613,45.804399,34.792673,40034091
2012-02-24,45.995012,46.089095,45.68802,45.870481,34.844682,55472425
2012-02-27,45.675227,45.757477,45.063933,45.32199,34.433403,43931658
2012-02-28,45.305596,45.539364,44.658261,44.951749,34.153889,23724219
2012-02-29,44.946544,45.320056,44.19514,45.235595,34.37134,45770619
2012-03-01,45.29328,45.479631,45.151563,45.24808,34.382615,53413951
2012-03-02,45.529593,45.896545,45.499803,45.60739,34.657446,30246464
2012-03-05,45.803417,45.890891,45.687236,45.852371,34.849048,45375201
2012-03-06,45.992506,46.313789,44.421725,44.63582,33.9262,38800428
2012-03-07,44.861287,44.917647,44.283045,44.44031,33.779357,50688236
2012-03-08,44.556579,44.820805,44.071413,44.6474,33.938533,51421926
2012-03-09,44.779961,45.009789,44.413484,44.767195,34.031365,30261485
2012-03-12,44.636244,45.092193,44.365775,44.741181,34.016898,78424284
2012-03-13,44.540367,45.71748,44.462914,45.475767,34.577205,25349047
2012-03-14,45.514137,46.084208,45.479833,45.860903,34.871855,23404102
2012-03-15,45.993672,46.039414,45.886256,45.936138,34.930879,46148116
2012-03-16,46.13056,46.338173,45.925092,45.979523,34.965689,34188492
2012-03-19,45.801166,45.993431,45.747582,45.861543,34.881413,28386660
2012-03-20,46.233963,46.283067,45.804569,46.215421,35.152394,34743667
2012-03-21,46.173285,46.689311,45.93172,46.657119,35.490204,30336941
2012-03-22,46.877029,47.075735,46.603179,46.808964,35.607559,33751044
2012-03-23,47.044063,47.370326,46.885889,47.272686,35.962183,40782083
2012-03-26,47.258593,47.402714,47.099683,47.204444,35.915873,47741405
2012-03-27,47.129712,47.268836,46.909439,47.249341,35.951904,32805647
2012-03-28,47.335785,48.208012,46.891983,47.987551,36.515505,46864240
2012-03-29,47.628571,49.307772,47.544352,48.997683,37.286091,64697111
2012-03-30,48.838243,50.018265,48.647219,49.90898,37.981543,35705733
2012-04-02,50.176992,51.539454,49.985681,51.236656,38.998011,71385561
2012-04-03,51.331565,51.405697,50.814052,51.170041,38.949334,43546017
2012-04-04,51.195691,51.627043,50.967506,51.018746,38.836192,34630754
2012-04-05,51.302582,51.684623,51.057924,51.61345,39.290933,36972059
2012-04-09,51.396334,52.596772,51.180925,52.52236,39.991165,76896611
2012-04-10,52.586806,52.765485,52.064736,52.388611,39.891402,56312129
2012-04-11,52.266903,52.740928,51.658553,51.696297,39.366286,20849834
2012-04-12,51.970898,52.180762,51.656544,52.124027,39.694063,20438822
2012-04-13,51.805374,52.425648,51.49647,52.271408,39.80837,30408861
2012-04-16,52.043285,52.186942,51.588671,52.070026,39.661192,38394238
2012-04-17,52.157441,53.492725,52.065679,53.124521,40.466495,25012689
2012-04-18,52.84439,53.214444,51.891702,52.271948,39.819136,48493691
2012-04-19,52.273749,52.597579,51.953745,52.513984,40.005592,46568684
2012-04-20,52.777761,52.891784,52.385369,52.733415,40.174847,34377836
2012-04-23,52.949423,53.141786,52.156545,52.491578,39.996846,33653192
2012-04-24,52.245284,53.346454,52.076187,52.577009,40.064025,61190564
2012-04-25,52.287924,53.168888,52.091413,52.651661,40.122997,28612575
2012-04-26,52.736367,53.072123,52.186815,52.366296,39.907612,27333158
2012-04-27,52.195017,52.494515,52.067317,52.373563,39.915226,27704696
2012-04-30,52.225017,53.338097,51.966864,52.717649,40.183733,41646800
2012-05-01,52.680055,52.727147,52.224074,52.692281,40.166486,38826567
2012-05-02,52.541375,52.846119,52.29258,52.703403,40.177055,44089480
2012-05-03,52.941703,53.416788,51.974492,52.525565,40.043567,29405855
2012-05-04,52.397639,53.351761,52.228127,53.066489,40.458053,23280102
2012-05-07,53.374153,53.647737,52.945532,53.598834,40.870291,58322009
2012-05-08,53.512693,54.691204,53.351628,54.179191,41.314975,61849418
2012-05-09,54.189712,54.489601,53.810497,54.232697,41.357928,59998684
2012-05-10,54.083972,54.590776,53.329011,53.476484,40.783361,44783043
2012-05-11,53.593841,53.726957,53.08682,53.304352,40.654201,41560445
2012-05-14,53.410547,53.576108,53.20445,53.233666,40.606626,48943207
2012-05-15,53.20094,53.563249,52.512391,52.864229,40.326918,41140556
2012-05-16,53.158021,53.75233,52.760101,53.622807,40.907718,41547740
2012-05-17,53.834668,54.530055,53.495355,54.378215,41.486161,50609326
2012-05-18,54.336517,55.331525,54.110213,55.245776,42.150233,36389472
2012-05-21,55.616536,55.930941,55.177233,55.352815,42.23849,51112979
2012-05-22,55.182265,56.097303,55.096422,55.927361,42.679133,72501746
2012-05-23,55.910276,56.833176,55.762805,56.337559,42.994399,45827446
2012-05-24,56.635804,57.707048,56.202942,57.07572,43.559998,35826194
2012-05-25,57.051094,57.756325,56.880896,57.299458,43.733029,38209503
2012-05-29,57.358058,58.388254,57.265282,57.977387,44.259657,50833836
2012-05-30,58.105721,58.730379,58.009265,58.448602,44.621702,33631661
2012-05-31,58.117078,59.360273,57.961787,59.214135,45.208488,43053675
2012-06-01,59.393587,59.916474,59.260082,59.669183,45.558275,25776106
2012-06-04,59.537662,60.487508,59.442846,60.291484,46.040595,73757911
2012-06-05,60.137312,60.39135,59.7696,60.293935,46.044862,32094546
2012-06-06,60.211138,60.427325,59.230257,59.452128,45.404359,20841833
2012-06-07,59.333586,59.452316,59.168926,59.270763,45.268203,39570151
2012-06-08,59.442932,59.479871,58.784777,59.18647,45.206175,30637242
2012-06-11,59.027774,59.992886,58.971676,59.52522,45.472006,21964967
2012-06-12,59.549266,59.70295,58.233609,58.4747,44.671825,38914252
2012-06-13,58.719051,58.886035,58.29515,58.472493,44.672463,63966864
2012-06-14,58.231213,58.510725,58.100288,58.297709,44.541246,41709779
2012-06-15,58.646848,59.001304,57.370953,57.565756,43.984299,52434284
2012-06-18,57.421853,57.520068,56.561851,56.797515,43.404082,51109047
2012-06-19,56.892556,57.347197,56.180298,56.495616,43.17562,17595065
2012-06-20,56.988472,57.239005,56.532086,56.850318,43.448954,54954505
2012-06-21,56.790845,57.873696,56.152576,57.518732,43.962089,31551150
2012-06-22,57.134264,58.96724,57.078159,58.573362,44.770481,50206963
2012-06-25,58.802697,59.333929,57.937345,58.003688,44.341971,25453466
2012-06-26,58.411804,59.208306,58.084058,59.122418,45.199555,66738901
2012-06-27,59.277204,59.838226,59.119076,59.470718,45.468199,33959232
2012-06-28,59.528345,59.939194,58.470413,58.569561,44.781551,38737952
2012-06-29,58.274542,59.003902,57.994864,58.243497,44.534562,72420919
2012-07-02,58.541677,61.0084,58.455395,60.91639,46.585599,60961646
2012-07-03,60.472776,61.298069,60.271723,61.16513,46.778255,42733426
2012-07-05,61.083479,61.24726,60.779552,61.110862,46.741615,47944990
2012-07-06,61.041238,62.947077,60.940572,62.42327,47.747914,42040638
2012-07-09,62.805253,63.289102,60.123508,60.756489,46.480237,42896183
2012-07-10,60.880042,62.723993,60.207339,62.51443,47.827594,57437253
2012-07-11,62.617471,63.647765,61.818387,62.468097,47.794632,29036470
2012-07-12,62.530114,63.655141,62.165129,63.548418,48.62372,77463109
2012-07-13,63.718796,64.222914,61.813314,62.211679,47.603398,40165584
2012-07-16,62.558649,63.13754,60.447016,60.547166,46.336969,43415908
2012-07-17,60.584317,60.705874,60.206931,60.321889,46.166965,38008169
2012-07-18,59.786894,59.861837,58.406837,58.775163,44.985529,26838594
2012-07-19,58.063893,59.391831,57.183385,58.993423,45.15493,35274742
2012-07-20,58.646347,59.027909,57.40747,57.940301,44.351154,31056886
2012-07-23,58.283678,58.977173,56.360915,57.094124,43.710257,30528530
2012-07-24,57.105741,57.331846,56.508418,57.275338,43.851272,78692568
2012-07-25,57.560686,58.141299,56.772149,57.955297,44.374172,86387793
2012-07-26,57.387852,59.219378,56.883685,58.442995,44.749912,35074562
2012-07-27,58.775042,59.235376,58.34473,58.458648,44.764226,41878296
2012-07-30,58.082787,58.686675,58.018786,58.396794,44.723841,36163070
2012-07-31,58.686007,59.713549,58.157838,58.709096,44.96536,59968284
2012-08-01,59.068779,60.425765,58.187587,60.08264,46.019752,43475031
2012-08-02,60.253731,61.68583,59.788047,61.537097,47.136232,49386678
2012-08-03,61.563013,61.707446,60.363083,60.760377,46.543701,33465566
2012-08-06,60.951829,61.192234,60.488072,60.672259,46.483455,75849956
2012-08-07,61.378377,61.490653,59.854706,60.441202,46.308842,25265516
2012-08-08,60.708033,61.347507,58.560663,59.19091,45.353252,45485837
2012-08-09,58.585244,60.294075,57.75783,60.202188,46.130513,44228397
2012-08-10,60.192426,60.468637,60.088951,60.117376,46.067921,35966594
2012-08-13,60.167578,60.532549,57.691251,57.727207,44.243239,39515264
2012-08-14,58.46591,58.8829,55.615141,57.470379,44.048693,60721563
2012-08-15,58.022379,58.206398,57.27122,57.343577,43.95379,33512824
2012-08-16,57.696518,57.78263,55.210412,56.050675,42.965017,46997034
2012-08-17,56.847813,57.240821,56.541888,56.959509,43.663945,59970450
2012-08-20,57.217006,57.829093,55.662298,55.728224,42.726736,31937351
2012-08-21,55.974152,56.101138,53.532217,54.438194,41.739844,44633556
2012-08-22,54.577231,55.009427,54.538778,54.771852,41.997856,24201190
2012-08-23,55.196434,55.421547,54.108983,54.201411,41.562617,36464378
2012-08-24,54.34329,54.574774,53.148994,53.489345,41.018725,41281431
2012-08-27,53.79938,54.139938,53.679009,53.832488,41.28831,34938023
2012-08-28,53.436427,54.026704,52.946589,53.095718,40.725342,29603459
2012-08-29,53.224908,53.346305,53.113167,53.153859,40.772059,30512843
2012-08-30,52.928546,53.964566,52.469696,53.783349,41.25706,52581067
2012-08-31,53.712335,54.018587,53.177075,53.623768,41.136785,32926542
2012-09-04,53.306224,53.36114,53.103056,53.287919,40.88765,58056540
2012-09-05,53.043407,53.535993,52.963326,53.435991,41.003398,33225983
2012-09-06,53.221568,53.892499,53.168094,53.639155,41.161434,44760147
2012-09-07,53.987017,54.174762,53.830199,53.906386,41.368653,66779626
2012-09-10,54.09472,55.610655,53.969264,54.940579,42.16889,43089595
2012-09-11,55.002869,55.486505,54.676584,55.433851,42.549708,37488618
2012-09-12,55.516576,56.433095,55.315411,55.973245,42.965968,32920329
2012-09-13,55.622923,58.119694,55.531586,57.728148,44.315365,33108045
2012-09-14,57.816737,58.984212,57.697761,58.803452,45.143177,42762472
2012-09-17,58.827041,59.380974,58.610684,58.735183,45.097805,37774942
2012-09-18,58.588378,58.738011,57.111395,57.356478,44.041504,87191340
2012-09-19,56.755776,57.213839,56.509646,57.055695,43.812825,49505585
2012-09-20,57.121991,57.331344,56.042438,56.506732,43.393537,25467906
2012-09-21,56.188506,57.227386,55.902036,57.169078,43.90446,31347936
2012-09-24,57.442045,60.035346,57.127751,59.177645,45.454083,24095533
2012-09-25,59.547436,60.757005,59.398784,60.148178,46.201948,23888878
2012-09-26,60.487843,60.593785,58.957528,59.075597,45.380421,53722079
2012-09-27,58.759726,59.604933,58.664902,59.332478,45.580122,43366016
2012-09-28,59.643174,60.746784,59.449835,60.619365,46.571151,39533497
2012-10-01,60.545568,61.413729,60.356967,61.207323,47.030191,35402851
2012-10-02,61.758233,62.374921,59.717856,59.807963,45.957349,36501132
2012-10-03,60.246235,60.529731,58.691648,59.766604,45.927956,35378122
2012-10-04,59.645599,61.784251,59.301949,61.339513,47.139119,51907425
2012-10-05,61.664908,62.283478,60.8059,62.195392,47.799344,22144775
2012-10-08,62.107861,62.373988,61.141759,61.409862,47.203002,20191258
2012-10-09,60.89214,60.97223,60.482331,60.745938,46.695103,51222214
2012-10-10,60.948748,61.026209,60.177012,60.437082,46.460103,67439808
2012-10-11,60.669384,62.090073,59.93045,61.045545,46.930292,91323311
2012-10-12,60.894115,61.061749,60.010739,60.46592,46.487108,46801227
2012-10-15,60.714099,60.761882,60.038179,60.272052,46.345292,25614859
2012-10-16,60.051699,60.496137,60.012375,60.059388,46.18417,44538810
2012-10-17,60.339842,60.432343,58.258675,58.651302,45.103733,22924658
2012-10-18,58.409121,59.134392,58.056887,58.316903,44.848908,25259367
2012-10-19,58.228275,58.494592,57.221619,57.311982,44.078361,39724396
2012-10-22,57.050052,58.574804,56.954707,57.871611,44.515715,38901487
2012-10-23,57.694792,58.8159,57.57053,58.517885,45.015181,30485478
2012-10-24,58.466378,58.669438,57.790565,58.446323,44.96247,53545439
2012-10-25,58.28622,58.838466,58.136196,58.457249,44.973215,58261087
2012-10-26,58.786245,59.004759,58.485621,58.643577,45.11891,35804722
2012-10-29,58.491751,59.033262,58.297355,58.904743,45.326919,44596763
2012-10-30,58.832465,59.233482,58.094063,58.310699,44.872139,36323773
2012-10-31,58.449056,58.494646,57.344097,57.8185,44.495688,30180247
2012-11-01,57.593791,57.915007,57.386386,57.547395,44.289357,70325450
2012-11-02,57.589688,58.804489,57.248302,58.372678,44.926844,44806349
2012-11-05,58.582851,58.842776,57.371974,57.487381,44.252376,42896387
2012-11-06,57.412272,57.442478,56.006481,56.067391,43.161548,31718504
2012-11-07,55.939637,57.158593,55.518235,56.489961,43.489111,48803393
2012-11-08,56.047378,56.396372,55.853731,55.975894,43.095595,39662967
2012-11-09,55.637215,55.923279,55.101105,55.790275,42.954923,49156076
2012-11-12,55.774416,55.896287,54.700784,54.893419,42.270997,80341414
2012-11-13,54.789922,55.397074,54.569355,55.325314,42.605796,36963972
2012-11-14,55.378768,55.580093,53.964388,54.354607,41.860437,40938623
2012-11-15,54.07313,54.908982,53.930903,54.752598,42.169138,36724145
2012-11-16,54.392781,56.478641,54.120352,56.217255,43.299433,54185026
2012-11-19,56.251543,57.065428,55.325719,55.983256,43.125933,23365458
2012-11-20,55.778258,56.8108,55.431037,56.23103,43.319056,32252773
2012-11-21,55.874067,56.673138,55.423717,56.278999,43.358266,30231197
2012-11-23,56.382633,57.763809,56.283782,57.047659,43.955026,41237226
2012-11-26,57.266129,57.536731,56.105542,56.323509,43.403844,44281005
2012-11-27,56.227827,56.413032,55.006291,55.25737,42.584475,37288035
2012-11-28,55.074743,55.544462,54.594798,55.380079,42.681262,54155563
2012-11-29,55.582529,56.653076,55.501304,56.599404,43.623261,46236508
2012-11-30,56.63354,57.065362,56.311744,56.680261,43.687853,52650884
2012-12-03,56.942118,57.361719,55.98214,56.040092,43.201167,29020475
2012-12-04,55.984665,57.674931,55.231318,57.014897,43.954928,40374286
2012-12-05,57.204424,58.367808,56.583668,57.953672,44.680989,36352541
2012-12-06,57.905034,58.169966,57.078666,57.202905,44.104458,29817110
2012-12-07,57.035818,57.906549,56.687391,57.847936,44.604109,34753094
2012-12-10,57.945654,58.321357,57.260604,57.970339,44.705465,39955172
2012-12-11,57.879503,58.346186,57.824069,58.202797,44.887067,89068116
2012-12-12,57.661262,57.734079,57.028407,57.50303,44.3497,39673857
2012-12-13,57.572602,58.471546,57.504266,58.16551,44.862977,40812167
2012-12-14,58.013944,59.567789,57.563335,59.197097,45.661014,43481586
2012-12-17,59.376402,59.78358,59.080266,59.193079,45.665041,33606254
2012-12-18,59.243776,59.398029,57.010518,57.3071,44.212385,55597763
2012-12-19,57.118734,57.200799,56.595939,57.156633,44.098593,59162122
2012-12-20,56.711118,57.466847,56.31048,57.120444,44.072965,44037773
2012-12-21,57.458399,57.576273,56.508998,56.734515,43.777467,29318077
2012-12-24,56.892873,57.745952,55.014979,55.714844,42.997379,37571953
2012-12-26,55.872373,56.177628,55.316485,55.445056,42.793624,37108429
2012-12-27,55.347669,55.54029,54.669307,55.09558,42.526104,40787612
2012-12-28,55.179763,55.503595,53.175318,53.579867,41.358336,41173238
2012-12-31,53.527195,53.598376,52.908781,53.229397,41.094221,38560538
2013-01-02,53.051556,54.325366,52.811171,54.165235,41.821058,65105382
2013-01-03,54.268284,54.602033,52.939557,53.22369,41.096228,31374712
2013-01-04,53.172788,55.69805,52.976949,54.932511,42.417886,54754367
2013-01-07,55.194152,55.674053,54.972123,55.643632,42.973707,38989152
2013-01-08,56.179444,56.742125,54.89187,55.178151,42.616431,42170617
2013-01-09,55.162743,55.51183,54.49632,54.544309,42.129079,54295233
2013-01-10,54.867171,55.705126,54.070692,54.186849,41.855161,52322582
2013-01-11,54.019766,54.411603,53.414866,53.535487,41.354185,28268593
2013-01-14,53.78015,54.507089,53.467957,54.311667,41.960303,46570641
2013-01-15,54.207614,56.532481,54.010749,56.48768,43.643725,47126502
2013-01-16,56.416571,56.646893,54.538278,54.581317,42.173017,36452030
2013-01-17,54.888674,56.164867,54.64032,56.11087,43.357104,59287253
2013-01-18,55.431586,56.836905,55.1105,56.232736,43.45353,59469570
2013-01-22,56.503815,56.96758,55.82287,56.567797,43.721543,47787534
2013-01-23,56.515169,57.618113,55.51235,55.560219,42.945015,52462550
2013-01-24,55.906524,56.21444,54.376494,54.621799,42.221863,26940735
2013-01-25,54.49347,54.793107,52.570252,53.155948,41.090919,49589598
2013-01-28,53.203252,54.066635,51.669473,52.130664,40.304638,38169335
2013-01-29,51.845401,52.629041,51.392123,51.862468,40.099369,42643330
2013-01-30,52.064867,53.011596,50.747472,50.928477,39.379268,22547752
2013-01-31,50.958853,51.070405,50.7832,51.029315,39.459291,29449482
2013-02-01,51.020473,51.85185,50.761735,51.090508,39.508665,36078469
2013-02-04,50.774154,51.37083,50.675318,51.052005,39.485052,51263813
2013-02-05,51.009827,51.410553,50.436082,50.676416,39.196599,38798650
2013-02-06,50.658166,50.762157,50.061953,50.490778,39.055046,35813067
2013-02-07,50.713908,51.397688,50.294514,50.389768,38.978942,39697335
2013-02-08,50.296418,51.108947,50.135776,50.627301,39.164722,29375394
2013-02-11,50.569552,51.302377,50.173672,50.86497,39.354721,25693161
2013-02-12,50.719029,51.004462,50.072986,50.631384,39.176032,31811608
2013-02-13,50.871764,50.941852,50.776453,50.80352,39.311267,60299730
2013-02-14,51.050867,51.126057,50.482414,50.711825,39.242355,51435700
2013-02-15,50.587249,50.895657,50.211453,50.865529,39.363344,30785347
2013-02-19,50.601208,50.70602,49.76266,49.979207,38.685493,64324394
2013-02-20,49.676997,50.330016,49.509462,50.085177,38.769535,54276174
2013-02-21,50.076879,50.489736,50.000996,50.430099,39.03856,45842377
2013-02-22,50.405742,50.466215,49.498443,49.525189,38.340052,54530411
2013-02-25,49.563758,49.782928,49.102402,49.322659,38.189222,36179767
2013-02-26,49.454017,50.631925,49.18992,50.461546,39.073065,45696511
2013-02-27,50.56771,51.835658,50.373815,51.41082,39.810172,48938634
2013-02-28,51.645965,51.886539,50.195249,50.806887,39.34456,31021815
2013-03-01,50.512787,50.921356,50.035512,50.291504,38.947476,27797307
2013-03-04,49.87958,50.627525,49.446031,50.566262,39.166371,27349791
2013-03-05,50.415066,50.759848,49.626487,50.128083,38.828996,41898561
2013-03-06,49.788802,50.492439,49.508843,50.40541,39.045844,21276010
2013-03-07,50.379302,50.769494,50.00506,50.060864,38.780963,26578739
2013-03-08,50.16264,50.667333,50.060077,50.583861,39.188155,30103508
2013-03-11,50.382921,50.745556,50.282169,50.644362,39.24115,72295328
2013-03-12,50.562354,50.66326,49.270611,49.634216,38.460451,45723071
2013-03-13,49.664858,50.744474,49.468677,50.612573,39.220598,44504722
2013-03-14,50.740037,51.717106,50.713458,51.580002,39.972356,51438465
2013-03-15,51.867332,52.17916,51.204717,51.557629,39.957096,40788545
2013-03-18,51.463716,52.050885,51.259785,51.880507,40.213602,22169545
2013-03-19,52.036976,52.357097,51.423928,51.839924,40.184235,79536445
2013-03-20,51.884717,51.942199,51.51001,51.726234,40.098193,31332846
2013-03-21,51.503466,51.846424,51.144994,51.735478,40.107445,45553503
2013-03-22,51.740415,52.3839,51.513537,51.818939,40.174237,39696953
2013-03-25,51.706323,53.176846,51.566991,52.577833,40.768955,36947380
2013-03-26,52.644997,53.090536,52.428927,52.739665,40.896568,28714130
2013-03-27,52.752518,52.96551,52.372702,52.698472,40.86675,36633433
2013-03-28,52.802951,54.011087,52.779513,53.51636,41.503167,34025709
2013-04-01,53.315741,54.364577,53.285667,54.200855,42.042756,32554682
2013-04-02,54.135404,54.296145,53.561109,53.928719,41.83384,33964458
2013-04-03,53.740967,55.526754,53.598962,55.049708,42.705641,43295193
2013-04-04,55.003469,55.600195,54.511172,55.261757,42.872371,39372334
2013-04-05,55.147387,55.608385,54.17017,54.481484,42.26923,23448822
2013-04-08,54.662233,54.87752,54.497793,54.642498,42.400768,25851736
2013-04-09,54.553085,56.128023,54.250789,55.774987,43.281794,43763396
2013-04-10,55.801401,56.780907,55.757492,56.386817,43.758854,42528239
2013-04-11,55.988621,56.871834,55.51307,56.507543,43.854825,84476343
2013-04-12,56.492037,56.927246,55.857865,56.860815,44.13129,38510180
2013-04-15,56.718996,57.9835,56.635045,57.906029,44.949525,60733158
2013-04-16,57.469295,57.674385,57.131274,57.408338,44.565511,74803281
2013-04-17,57.111952,57.591961,56.812283,57.496834,44.636532,64494101
2013-04-18,57.882939,58.518359,56.197591,56.498296,43.863618,20357084
2013-04-19,56.476418,57.496204,55.914836,57.376872,44.548036,44421534
2013-04-22,57.292595,58.58938,57.034757,58.398738,45.3485,48165164
2013-04-23,58.21516,58.701564,57.607634,57.750792,44.847682,45357650
2013-04-24,58.196512,59.143345,57.910748,58.832903,45.690397,56803574
2013-04-25,59.213175,60.158256,58.976001,59.909752,46.529112,25244385
2013-04-26,59.972761,60.393491,58.744058,59.021025,45.841264,55971861
2013-04-29,59.000283,59.040365,57.551323,57.64736,44.781335,47581611
2013-04-30,57.788233,58.454072,57.475358,58.278848,45.274239,29606403
2013-05-01,58.587022,58.82884,58.340808,58.584856,45.51433,48880521
2013-05-02,58.491301,58.700628,57.986906,58.61058,45.536684,30301335
2013-05-03,58.25779,58.785187,57.839065,58.656572,45.574787,47387775
2013-05-06,58.725311,59.027898,58.036865,58.43424,45.409126,18135067
2013-05-07,58.162095,58.593638,57.955062,58.220244,45.245184,24264085
2013-05-08,58.161685,58.751539,58.122745,58.396733,45.384701,26561132
2013-05-09,58.558706,59.33038,58.177827,59.019173,45.870835,25600139
2013-05-10,59.161648,60.183916,59.081749,60.053224,46.676947,43006485
2013-05-13,59.877283,61.072665,59.774056,60.868894,47.318318,32085266
2013-05-14,61.024666,62.24494,60.864694,61.813946,48.055484,64981641
2013-05-15,62.120521,62.45458,61.274932,61.550101,47.852854,34677373
2013-05-16,61.382218,61.492342,60.380799,60.798578,47.271032,31118515
2013-05-17,60.801191,61.369353,60.221603,61.075015,47.488433,29103684
2013-05-20,61.112237,61.963835,61.046186,61.651672,47.94429,28851134
2013-05-21,61.676763,61.852771,61.469938,61.693217,47.979093,38832030
2013-05-22,61.951401,62.549784,61.738476,62.238153,48.405411,18135615
2013-05-23,62.221665,63.532892,62.016439,62.96615,48.974155,48322419
2013-05-24,63.02307,63.19369,62.45452,62.792422,48.841572,31055591
2013-05-28,62.700222,63.281176,62.371601,63.147391,49.127897,50185163
2013-05-29,63.339038,63.682082,62.778702,62.963223,48.987165,46112134
2013-05-30,62.90787,63.327562,61.839591,62.054621,48.282759,55634098
2013-05-31,61.950019,62.223313,60.583669,61.20088,47.620967,44824654
2013-06-03,60.941152,62.509709,60.604262,61.871975,48.150665,67677423
2013-06-04,61.608479,62.132994,61.236796,61.503225,47.866182,63200504
2013-06-05,61.559158,61.944087,61.480992,61.719164,48.036741,53622317
2013-06-06,61.942081,62.473389,60.998916,61.579486,47.930521,69260551
2013-06-07,61.355594,61.618911,61.125917,61.53927,47.90171,46037239
2013-06-10,61.498468,61.674181,60.419048,60.683607,47.243041,54855183
2013-06-11,60.588584,60.782983,60.317526,60.662038,47.228706,53357686
2013-06-12,60.417266,62.165409,60.160734,62.000064,48.272943,39554429
2013-06-13,61.657564,63.894283,61.481273,63.473317,49.422581,50362460
2013-06-14,63.027615,63.165402,62.465459,62.773868,48.880508,59672828
2013-06-17,62.890968,63.006889,61.622439,61.891866,48.201236,48026193
2013-06-18,61.825119,62.062597,61.41885,61.683467,48.041434,34602215
2013-06-19,61.643402,61.889276,60.456082,60.946849,47.470197,36220265
2013-06-20,60.980591,61.992227,60.450877,60.490364,47.117102,30006057
2013-06-21,60.052778,60.599574,59.617531,60.360221,47.018177,40211387
2013-06-24,59.940309,60.460844,59.649342,59.922023,46.684123,60377881
2013-06-25,60.361736,61.542731,60.253222,60.757815,47.337735,35204487
2013-06-26,60.927879,61.053885,59.615806,59.810052,46.601737,52307886
2013-06-27,59.90382,60.157476,58.633999,59.055084,46.015887,63052042
2013-06-28,59.705166,59.808224,59.087653,59.353676,46.250957,31858619
2013-07-01,59.283999,59.716276,58.947643,59.637607,46.479461,22660005
2013-07-02,59.649665,60.1761,59.164353,59.543392,46.408447,31372909
2013-07-03,59.989689,60.837271,59.824141,60.76113,47.360023,30988705
2013-07-05,60.454194,61.431937,60.214715,61.362774,47.833948,61967027
2013-07-08,61.10953,62.024358,60.239341,61.621104,48.04282,27230688
2013-07-09,61.820711,62.634746,61.685527,62.539909,48.761702,29732362
2013-07-10,62.782176,64.201308,62.581294,64.130225,50.004256,36614030
2013-07-11,64.135712,65.327255,63.610836,64.287778,50.129712,41876890
2013-07-12,64.606653,64.953723,64.423019,64.684566,50.441739,52548570
2013-07-15,64.34896,66.313273,64.233967,66.080602,51.538426,44245594
2013-07-16,66.092565,66.417668,65.405032,65.503164,51.090721,34364340
2013-07-17,65.544843,66.2617,64.984212,65.428338,51.035014,40197498
2013-07-18,65.384651,65.819958,64.535355,65.204135,50.862778,61077144
2013-07-19,65.327807,66.682728,64.941478,66.193037,51.636861,38628219
2013-07-22,66.216051,66.465819,65.918037,65.985119,51.482699,65783518
2013-07-23,65.224655,68.127002,64.627511,67.52646,52.68802,39415088
2013-07-24,67.351635,67.437078,65.982808,66.868251,52.177161,29532195
2013-07-25,67.214707,68.318083,67.004942,67.572705,52.729589,43092389
2013-07-26,67.928274,68.017475,66.457763,66.777692,52.11192,41482190
2013-07-29,66.138059,67.507927,65.780577,67.357404,52.572519,44603408
2013-07-30,67.759462,67.919898,66.637338,67.160307,52.421412,26808824
2013-07-31,67.432447,68.703206,67.33075,68.382586,53.378227,44204060
2013-08-01,68.444708,69.096239,67.681061,68.007886,53.088505,38653046
2013-08-02,68.052203,68.206488,67.704802,67.770804,52.906186,47308463
2013-08-05,67.471379,68.17827,67.441249,68.112384,53.181143,47978072
2013-08-06,68.240691,68.808754,67.580175,67.912779,53.028053,42266667
2013-08-07,68.198666,69.076604,68.121801,68.932973,53.827446,49240739
2013-08-08,68.738886,69.651607,68.579083,69.590428,54.343658,22650752
2013-08-09,70.011364,71.109038,69.974531,70.987458,55.437493,33949177
2013-08-12,70.718068,71.36515,70.621681,70.716213,55.234283,26207184
2013-08-13,70.777338,70.957207,70.419803,70.690074,55.216739,33440408
2013-08-14,70.454969,70.971007,70.08516,70.923161,55.401688,65059161
2013-08-15,70.490931,70.796043,69.994453,70.723154,55.248326,48280017
2013-08-16,70.933037,70.993864,68.909086,69.420848,54.233797,32180940
2013-08-19,69.65763,69.957801,68.681919,69.08622,53.980798,41332998
2013-08-20,69.213751,69.582468,68.809094,68.971189,53.893722,44711270
2013-08-21,69.434136,71.16839,69.045204,70.260308,54.903889,30466083
2013-08-22,69.985036,70.601268,69.5711,69.679561,54.452904,80091233
2013-08-23,69.610344,69.76354,69.032053,69.429694,54.260462,37922640
2013-08-26,68.86367,69.61603,68.76238,69.5245,54.343034,59931037
2013-08-27,69.73412,69.928895,69.094598,69.683604,54.47023,42552866
2013-08-28,69.523483,69.92148,67.260291,67.511099,52.774772,84188906
2013-08-29,67.326254,67.772791,67.074977,67.721329,52.941868,65278027
2013-08-30,67.979001,68.303309,66.847299,67.259432,52.58351,27916973
2013-09-03,66.639001,67.983336,65.958426,67.619866,52.876299,34241603
2013-09-04,67.83328,68.206346,67.489154,67.678597,52.924977,69874426
2013-09-05,66.871139,67.937375,66.753996,67.026013,52.41738,63435944
2013-09-06,67.351673,68.762128,67.169767,68.479009,53.556475,39131896
2013-09-09,68.690879,69.316408,68.175329,69.051069,54.012303,35644159
2013-09-10,69.277094,69.933697,68.860688,69.61088,54.453025,26158077
2013-09-11,69.650383,69.946685,67.82559,68.314035,53.441349,76649922
2013-09-12,68.01546,68.732454,67.369067,67.897017,53.117884,34931839
2013-09-13,67.943034,68.753577,67.742608,68.22003,53.373362,29000137
2013-09-16,68.628571,68.916833,67.959191,68.124248,53.306744,37370940
2013-09-17,68.267638,68.368126,67.717041,67.878613,53.117299,31852071
2013-09-18,68.083703,68.325433,67.627219,67.772046,53.036666,52455521
2013-09-19,67.811095,68.249199,67.328472,67.587094,52.894679,26199147
2013-09-20,67.227731,68.315746,67.166337,68.128716,53.321334,28862808
2013-09-23,67.664659,68.466755,67.42707,67.622605,52.933483,42028875
2013-09-24,67.649061,68.049605,66.67006,67.299106,52.682996,53747331
2013-09-25,67.182498,67.341042,66.556654,67.097443,52.527862,40131445
2013-09-26,67.129073,68.113659,67.073601,67.780238,53.065155,36345456
2013-09-27,67.561778,67.70355,67.104594,67.179242,52.597372,46472830
2013-09-30,67.1302,67.632327,67.041455,67.407289,52.784156,32355642
2013-10-01,67.43174,68.445691,66.867128,68.304398,53.489431,40107067
2013-10-02,68.394211,69.1548,67.922559,69.082292,54.101417,28110219
2013-10-03,69.502643,69.846527,69.154728,69.635578,54.537557,67643858
2013-10-04,69.765164,70.341363,69.614198,70.130099,54.927716,30723392
2013-10-07,69.804948,71.201392,69.478055,71.107449,55.701894,49077067
2013-10-08,71.10826,71.577582,69.880358,70.496208,55.225951,50084316
2013-10-09,70.324519,70.66331,70.123671,70.394852,55.149419,42441484
2013-10-10,70.192757,72.034979,69.899312,71.930233,56.355214,47753379
2013-10-11,71.759551,72.115783,71.657134,71.727456,56.199268,34870517
2013-10-14,71.715788,72.868413,71.5268,72.836652,57.077242,79131707
2013-10-15,72.771419,75.39376,72.727966,74.28467,58.214985,39985831
2013-10-16,74.308379,76.26701,73.92046,76.114228,59.651865,64180366
2013-10-17,76.056105,76.810768,75.9584,76.385477,59.867562,22514877
2013-10-18,76.983445,77.113085,76.036372,76.119008,59.661819,40419539
2013-10-21,76.01666,76.074309,75.596846,75.711036,59.351313,61975700
2013-10-22,75.88583,76.238111,74.651136,75.332931,59.057981,65361791
2013-10-23,75.151841,76.832793,74.604753,76.474238,59.955839,36759373
2013-10-24,76.312325,76.572866,75.545271,76.115282,59.677521,32665645
2013-10-25,76.099508,76.143125,75.123733,75.638685,59.306934,38600797
2013-10-28,75.313339,76.313283,74.883491,76.259687,59.803183,28443582
2013-10-29,76.679974,77.253181,76.623327,76.918495,60.322961,53410004
2013-10-30,76.483994,78.17696,76.195032,77.862544,61.066503,22996000
2013-10-31,78.241069,78.314215,77.759503,77.932223,61.124331,51399407
2013-11-01,77.744562,77.997756,77.35221,77.734227,60.97221,46057422
2013-11-04,78.14377,78.65009,77.681804,78.165464,61.320027,29676521
2013-11-05,77.888478,79.139241,77.513194,79.089558,62.048197,17231012
2013-11-06,79.265894,80.59365,78.902613,79.844298,62.643572,36762955
2013-11-07,79.738414,81.366754,78.908439,80.668694,63.293662,54606764
2013-11-08,80.295691,81.903922,78.00042,78.854524,61.87346,43985899
2013-11-11,79.641575,81.665366,77.112195,77.938298,61.164085,36764890
2013-11-12,77.805332,78.932824,75.496931,75.765936,59.462361,22828004
2013-11-13,75.412951,76.259632,75.350554,76.010037,59.657039,22881916
2013-11-14,74.855937,79.653092,74.408836,78.267432,61.431968,24533347
2013-11-15,78.102886,78.759317,77.340214,77.389174,60.745784,36112554
2013-11-18,77.557783,77.798364,74.280974,74.651167,58.605761,51185952
2013-11-19,73.494106,73.830571,69.443271,71.454705,56.099259,38146671
2013-11-20,71.728846,72.443191,71.381471,71.774606,56.353346,29767992
2013-11-21,72.378262,72.694534,71.549875,72.412986,56.857523,27499383
2013-11-22,72.59648,73.153851,67.787667,68.827718,54.04524,32417451
2013-11-25,68.272226,70.509085,67.746761,69.301215,54.425534,36207750
2013-11-26,69.594301,72.88818,69.147396,72.829412,57.19937,31685815
2013-11-27,74.847262,76.735931,73.538294,76.349802,59.967363,40097456
2013-11-29,77.592109,79.219031,77.411624,78.68627,61.808923,38481760
2013-12-02,78.676872,82.400145,77.164895,80.757067,63.445457,50838843
2013-12-03,80.438423,83.536825,79.672738,81.873854,64.326188,42478314
2013-12-04,81.382372,83.935573,76.926835,77.273493,60.714961,56749874
2013-12-05,77.547731,81.427839,76.35754,79.144775,62.18849,40302538
2013-12-06,78.991819,80.093228,78.201717,79.437654,62.421869,24786045
2013-12-09,79.550763,81.527456,78.150027,79.675218,62.618317,70289037
2013-12-10,78.600747,82.695375,78.176527,82.246935,64.642843,33780905
2013-12-11,84.136387,85.022328,78.123559,80.375978,63.175631,28589177
2013-12-12,80.798641,82.453321,79.20485,81.848331,64.336249,38231179
2013-12-13,81.699305,84.371215,80.14248,84.255579,66.231893,61506609
2013-12-16,85.339654,85.574028,78.811676,78.974098,62.089898,44774474
2013-12-17,79.859826,79.957435,77.39969,78.746469,61.914156,60303380
2013-12-18,79.865152,82.259205,79.07721,81.171089,63.823825,39210569
2013-12-19,81.689268,81.986185,79.369823,79.664239,62.642266,53520698
2013-12-20,79.338172,79.739686,76.696212,77.885331,61.246646,47179572
2013-12-23,77.779159,78.76585,75.125099,75.637151,59.488028,46046037
2013-12-24,75.439458,82.203065,74.877601,79.235284,62.321174,47783542
2013-12-26,79.275198,82.165667,79.242235,80.565678,63.374166,29234525
2013-12-27,80.293643,83.298323,79.079239,82.563562,64.94911,39975633
2013-12-30,83.163958,83.471017,78.009229,79.247034,62.349873,46860752
2013-12-31,77.968348,80.042658,77.850526,79.566943,62.604828,31194450
2014-01-02,79.925521,80.720648,77.830056,78.531165,61.796286,63186748
2014-01-03,79.912517,80.978805,78.629703,79.075599,62.227938,27953369
2014-01-06,80.041162,82.51,78.916895,82.358038,64.821144,44775726
2014-01-07,82.470619,84.992,81.399062,84.859148,66.793154,47993418
2014-01-08,85.146927,85.352074,79.222313,80.429162,63.309579,38196138
2014-01-09,79.338044,80.12889,75.911599,76.217371,59.997401,37307740
2014-01-10,75.820344,77.036992,74.73258,76.250177,60.026348,43856088
2014-01-13,76.235555,77.424982,74.305162,74.92632,58.993375,39350256
2014-01-14,74.334897,75.130801,73.709786,74.723188,58.836499,49653346
2014-01-15,74.050772,74.18057,71.508433,72.108233,56.780456,76848089
2014-01-16,72.253605,74.252017,71.00351,74.000368,58.273418,30428074
2014-01-17,73.728547,76.268444,72.859278,74.746906,58.86436,36646889
2014-01-21,73.401875,74.64956,72.415105,74.18486,58.433898,35404563
2014-01-22,74.33019,75.442572,72.163648,73.414183,57.829859,41626136
2014-01-23,73.929693,75.81702,67.46739,68.497395,53.959611,57662263
2014-01-24,69.508467,70.840636,68.244487,68.479949,53.948674,31076320
2014-01-27,69.869649,69.929433,68.357478,68.838917,54.239934,36610186
2014-01-28,70.002737,71.050931,66.366802,67.750837,53.385385,32693284
2014-01-29,68.910333,69.418429,66.564787,67.873035,53.484455,48535372
2014-01-30,67.402697,68.392411,65.30651,67.656579,53.316659,45148380
2014-01-31,69.105229,70.485522,67.935703,68.533942,54.010874,29726981
2014-02-03,68.248146,68.819651,66.687048,67.201559,52.969102,29549526
2014-02-04,67.654911,67.703355,64.837121,66.43403,52.36685,58133585
2014-02-05,67.207579,69.118687,64.515914,64.728661,51.025242,27262790
2014-02-06,64.881192,65.740924,63.472159,65.409099,51.56431,38899221
2014-02-07,65.496741,66.451639,64.523113,65.240388,51.433984,56104888
2014-02-10,64.8275,65.770439,64.203448,64.747061,51.053023,55092167
2014-02-11,65.078906,65.330917,62.554373,63.878255,50.37059,24742757
2014-02-12,63.165124,63.951304,60.738354,61.820739,48.750691,23213452
2014-02-13,62.036342,64.047735,61.670421,63.226868,49.862132,42375342
2014-02-14,63.892378,63.971009,60.740853,60.874993,48.009888,38404964
2014-02-18,59.850248,63.410638,59.772236,62.77228,49.516511,31062783
2014-02-19,62.867275,63.007236,60.480958,61.346255,48.394141,38497109
2014-02-20,62.485645,63.72784,61.574728,61.980284,48.89685,51079109
2014-02-21,62.286402,62.947886,59.993198,60.828836,47.990958,40347135
2014-02-24,61.223557,61.703903,59.37392,60.723016,47.914948,34862635
2014-02-25,60.690346,60.914379,57.726063,58.438636,46.114802,48589407
2014-02-26,57.182028,59.508423,56.693926,59.475756,46.935651,19200938
2014-02-27,60.351945,61.317988,57.840571,58.041454,45.806145,40304270
2014-02-28,58.666186,59.167825,57.469387,57.803351,45.620608,33847280
2014-03-03,57.944221,58.656167,57.464185,58.040607,45.815009,46788205
2014-03-04,58.61395,58.940197,57.779733,58.585681,46.247675,73805905
2014-03-05,58.842816,61.331099,57.269717,59.722758,47.147738,45839836
2014-03-06,59.933252,60.200057,58.717444,59.557243,47.01952,34309333
2014-03-07,59.62813,60.007837,57.311044,57.62105,45.493292,27432913
2014-03-10,57.53868,57.959068,55.854191,56.964162,44.981681,57480050
2014-03-11,57.658815,57.760687,55.822036,56.627057,44.717813,54051002
2014-03-12,55.995512,58.282032,55.062147,57.647771,45.526228,32401967
2014-03-13,58.302209,58.524425,57.996498,58.246685,46.001603,50796806
2014-03-14,57.880706,58.075551,56.82805,57.271422,45.23372,41419175
2014-03-17,57.288011,58.532731,55.282575,55.330555,43.707618,42230324
2014-03-18,54.751454,57.779457,54.538776,57.533353,45.450053,48924046
2014-03-19,56.599369,58.576602,56.242594,57.146988,45.147181,47914884
2014-03-20,57.62035,59.258216,57.202625,58.161929,45.951394,59213273
2014-03-21,59.206705,60.587136,57.742972,57.939987,45.778428,24305277
2014-03-24,58.523849,59.024661,56.759597,56.922865,44.981818,67971840
2014-03-25,56.796381,57.174954,54.77711,56.00488,44.258706,42650318
2014-03-26,56.267678,57.186318,53.584202,54.375647,42.973415,33200137
2014-03-27,54.227457,55.415471,53.594796,55.161076,43.596413,48589958
2014-03-28,55.075323,55.627219,52.860616,53.617381,42.378562,33353855
2014-03-31,53.888924,54.645607,53.717585,54.369048,42.979378,38218636
2014-04-01,53.987878,54.977589,53.919552,54.475578,43.065831,37700373
2014-04-02,54.565525,55.040713,52.26285,53.672342,42.433038,34344472
2014-04-03,52.96144,53.699515,51.560674,52.159769,41.239352,36063168
2014-04-04,52.566277,54.1719,52.355064,52.637422,41.619166,36033730
2014-04-07,53.361688,53.516958,51.782145,52.773324,41.733133,45010953
2014-04-08,53.112893,53.589839,50.330571,51.286011,40.559076,43882295
2014-04-09,52.070078,52.750153,51.368841,51.93653,41.07567,44593549
2014-04-10,51.89243,53.93274,51.601533,53.504268,42.317767,49056372
2014-04-11,53.130793,55.130189,52.802872,54.82028,43.360886,56099240
2014-04-14,54.673717,55.06657,51.968314,52.949516,41.887716,61439302
2014-04-15,53.596532,53.80137,52.07544,52.815987,41.784255,50586035
2014-04-16,51.992293,52.785393,51.905945,52.517616,41.550367,27925584
2014-04-17,52.18209,52.297286,51.259016,51.682353,40.891659,55158079
2014-04-21,51.961808,52.521762,51.631598,51.707866,40.920359,42646485
2014-04-22,52.237404,52.418526,49.300401,49.988087,39.561426,26204006
2014-04-23,49.086273,51.041606,48.206017,50.282737,39.796686,32559565
2014-04-24,50.83598,50.899639,47.81243,48.160073,38.11867,48709081
2014-04-25,48.296912,48.856028,45.983647,46.038215,36.441116,31040874
2014-04-28,46.15122,47.469065,45.436265,46.427212,36.754758,41653627
2014-04-29,46.58858,46.714694,43.756316,44.231865,35.018602,52889607
2014-04-30,44.765062,45.391632,43.043147,43.119919,34.140044,27026728
2014-05-01,44.187088,44.35319,43.493209,44.000802,34.839293,46519359
2014-05-02,43.877897,44.487988,41.062096,41.54436,32.896023,64862802
2014-05-05,40.526806,40.730289,39.828158,40.318786,31.930561,28440823
2014-05-06,40.547632,41.058184,38.264131,38.577188,30.552888,25335554
2014-05-07,38.11461,40.889248,37.743347,40.466059,32.050529,56133511
2014-05-08,40.578645,40.977113,39.796998,39.982892,31.669491,29479210
2014-05-09,39.629329,39.683192,38.965807,39.19656,31.048271,34808886
2014-05-12,38.956636,40.299589,38.914708,39.716416,31.464968,28441695
2014-05-13,39.413705,40.727057,39.222629,40.595082,32.162756,68349639
2014-05-14,40.709722,41.1412,40.176895,40.985068,32.473424,44110313
2014-05-15,40.826475,41.647835,40.7899,41.485779,32.871859,37163707
2014-05-16,41.279842,42.885454,41.15769,42.495215,33.673452,36120070
2014-05-19,42.25434,43.094132,41.934991,42.770533,33.896905,69819334
2014-05-20,42.638824,42.829478,42.379124,42.452034,33.646235,59253424
2014-05-21,42.564161,43.437314,42.217085,43.349124,34.35903,32180825
2014-05-22,43.63376,44.116023,43.605516,43.816362,34.731175,33840372
2014-05-23,43.784913,44.546607,43.621012,44.243342,35.071447,42295193
2014-05-27,44.336221,45.603524,44.002905,45.074609,35.737822,63607072
2014-05-28,44.900441,45.437728,44.755086,44.982783,35.666873,45391344
2014-05-29,45.25756,46.076943,45.121043,45.653745,36.200762,28275026
2014-05-30,45.634545,45.756472,44.96791,45.320295,35.938225,58370778
2014-06-02,44.977929,45.673433,44.850185,45.460985,36.055416,37931002
2014-06-03,45.752925,46.162087,43.832863,44.082374,34.963849,69730316
2014-06-04,43.921286,44.861195,43.88436,44.34518,35.174123,37184116
2014-06-05,44.354063,45.08556,44.333586,44.519444,35.314184,28435539
2014-06-06,44.674111,44.906326,44.150083,44.252523,35.10428,33427368
2014-06-09,44.515896,45.114154,43.993742,44.660764,35.433656,35017336
2014-06-10,44.494099,44.872669,43.767052,44.090523,34.983048,33368552
2014-06-11,43.988626,44.552553,43.805818,44.140419,35.02446,36688460
2014-06-12,44.261994,44.474784,43.836797,43.969742,34.890846,50452730
2014-06-13,43.974112,45.148122,43.924401,44.827211,35.573115,38243690
2014-06-16,44.915101,45.68058,44.629767,45.551391,36.153437,38411550
2014-06-17,45.373203,46.014229,45.228446,45.706621,36.278528,44365704
2014-06-18,45.497211,46.208748,45.313463,46.04263,36.547128,36697633
2014-06-19,45.714783,47.513568,45.686293,47.265482,37.51974,39999180
2014-06-20,47.205758,47.692623,47.050902,47.271307,37.526316,44822939
2014-06-23,46.709615,47.508171,46.342235,47.325543,37.575234,46455102
2014-06-24,47.405609,49.249662,47.250373,48.637051,38.618546,47964217
2014-06-25,48.466134,50.267286,48.138828,49.732449,39.490363,51764419
2014-06-26,49.540873,49.92295,49.456098,49.819519,39.561559,68558462
2014-06-27,50.013612,51.364996,49.983103,51.148439,40.618964,52504583
2014-06-30,50.978461,52.88099,50.8777,52.453696,41.66202,47988726
2014-07-01,52.799668,54.004029,52.636333,53.495842,42.491969,57297603
2014-07-02,53.27227,54.250871,53.166077,53.673083,42.63497,64852236
2014-07-03,53.304889,54.644364,52.845007,54.438975,43.245602,51883574
2014-07-07,54.187679,54.301885,52.964113,53.222406,42.287974,33670531
2014-07-08,52.893309,53.853651,51.411676,51.828435,41.182534,51507715
2014-07-09,51.682089,52.19937,50.644671,51.002656,40.528483,40595988
2014-07-10,51.160162,51.33598,50.82036,51.31305,40.777255,55004444
2014-07-11,51.476685,52.301297,51.341638,52.260698,41.532488,44189909
2014-07-14,52.607922,53.006044,51.39073,51.682024,41.079016,29473374
2014-07-15,51.8648,52.43723,50.143094,50.357557,40.028357,33295358
2014-07-16,49.981661,51.219561,49.295441,50.973682,40.520212,40726806
2014-07-17,51.04431,52.24499,50.917047,51.823745,41.19809,37516903
2014-07-18,52.080709,52.463512,50.390977,50.986681,40.534762,29355741
2014-07-21,51.228234,51.331295,50.701119,51.013373,40.562312,34696801
2014-07-22,50.979584,51.244116,50.21212,50.632338,40.261434,47382387
2014-07-23,51.213266,51.371216,50.700061,50.910586,40.484795,41778237
2014-07-24,50.332485,51.461567,49.793932,51.016355,40.571014,41350890
2014-07-25,50.739038,50.911611,50.257648,50.812473,40.410978,45318561
2014-07-28,50.726277,50.799602,50.603418,50.636018,40.276929,28101149
2014-07-29,50.675663,51.10134,49.861686,50.339185,40.042904,44916578
2014-07-30,50.420396,50.847027,49.790297,50.527788,40.195022,45774656
2014-07-31,49.972742,50.101333,49.371746,50.00495,39.781172,40613582
2014-08-01,50.08725,50.169637,48.86241,49.045209,39.019684,31080937
2014-08-04,49.064044,49.221214,48.375678,48.732148,38.776669,44140700
2014-08-05,48.413664,49.402633,48.171028,48.90473,38.916018,47801722
2014-08-06,49.010474,49.718484,48.620366,49.440474,39.344384,27932859
2014-08-07,49.383433,49.685757,48.966661,49.100343,39.075743,61947088
2014-08-08,49.266913,49.59649,47.664661,48.035731,38.230477,36108235
2014-08-11,48.117413,48.571355,47.860991,48.108939,38.294717,27144923
2014-08-12,47.991495,48.061502,46.459452,46.939498,37.365785,72266619
2014-08-13,46.661123,47.252978,46.51891,46.898228,37.334875,41859190
2014-08-14,46.760375,47.171408,46.156029,47.006534,37.423042,44764585
2014-08-15,47.077319,47.275984,46.060492,46.093214,36.697835,45555412
2014-08-18,46.232945,46.546273,44.511425,45.167161,35.966156,38023312
2014-08-19,45.36276,45.53729,44.768559,44.790051,35.667722,41106194
2014-08-20,44.468876,45.719119,44.27499,45.63306,36.340927,31464002
2014-08-21,45.372034,46.552755,45.094498,46.213791,36.80532,67747743
2014-08-22,46.105438,46.477682,45.873804,46.398005,36.953952,24885429
2014-08-25,46.319309,46.576754,46.131864,46.534761,37.068657,46615048
2014-08-26,46.273171,46.692709,46.228741,46.489668,37.034664,35655536
2014-08-27,46.511277,46.817248,46.239666,46.68698,37.193781,25727944
2014-08-28,46.242964,46.480131,46.202636,46.355651,36.931744,52879931
2014-08-29,46.426358,46.55509,45.167049,45.360034,36.140413,47654229
2014-09-02,45.16318,46.63384,44.835087,46.431644,37.001911,38859116
2014-09-03,46.125145,47.482911,45.750833,47.375107,37.755732,29899547
2014-09-04,47.362565,47.718902,46.382488,46.662762,37.189961,81998155
2014-09-05,46.883319,48.134493,46.435745,47.998608,38.256613,55926170
2014-09-08,48.173477,48.644049,46.37358,46.603703,37.150621,24435128
2014-09-09,46.628505,46.75477,45.317245,45.728933,36.455185,56483257
2014-09-10,45.52032,46.087897,44.792309,45.863495,36.56436,26247696
2014-09-11,45.577581,45.729445,44.984358,45.474385,36.256031,34904636
2014-09-12,45.323478,46.007727,45.302218,45.582291,36.343953,41591223
2014-09-15,45.533958,47.215791,44.722066,46.667745,37.215222,46290089
2014-09-16,47.051151,47.717868,46.84795,47.423132,37.819573,31466690
2014-09-17,47.660158,48.076708,47.110366,47.618409,37.97728,25173139
2014-09-18,47.705482,48.881124,47.417265,48.226166,38.463987,46300405
2014-09-19,48.141597,48.391742,47.651925,47.712329,38.056143,33511071
2014-09-22,48.065397,48.22468,47.625218,47.973694,38.270584,37732294
2014-09-23,47.897775,48.155132,47.085292,47.816811,38.147417,52007918
2014-09-24,47.907425,47.983958,47.149876,47.291816,37.730548,40631558
2014-09-25,47.222912,47.680698,46.691061,47.384883,37.806765,27545640
2014-09-26,47.437293,47.598209,47.112253,47.393608,37.815693,37214409
2014-09-29,47.675668,48.130863,47.289064,47.98873,38.296522,46497229
2014-09-30,48.000453,49.099423,47.972106,48.438509,38.65747,48149387
2014-10-01,48.620825,48.733191,47.349826,47.693529,38.064902,37570074
2014-10-02,47.483629,47.820722,47.43172,47.538773,37.943363,24854734
2014-10-03,47.748428,47.941509,47.112282,47.14236,37.628921,45959764
2014-10-06,47.036086,47.499302,46.791212,47.350087,37.800626,51144144
2014-10-07,47.219016,47.866761,46.881671,47.737648,38.112008,32182573
2014-10-08,47.808283,48.988702,47.690066,48.824432,38.981684,32085096
2014-10-09,49.062832,49.130503,48.50278,48.542419,38.758539,23515608
2014-10-10,48.430119,49.004402,48.26864,48.749758,38.926114,35078500
2014-10-13,48.247162,48.896729,48.099327,48.772209,38.950118,40515567
2014-10-14,48.649717,49.082998,48.428679,48.984696,39.121848,42983677
2014-10-15,49.18616,49.339755,48.146922,48.238473,38.527878,48823897
2014-10-16,47.945877,48.643284,47.811965,48.398612,38.657791,45166933
2014-10-17,48.066845,49.64576,47.657389,49.297419,39.37775,69601138
2014-10-20,49.2604,49.28886,49.012448,49.079399,39.209719,31662315
2014-10-21,49.259629,49.442132,48.612849,48.633838,38.85578,30938395
2014-10-22,48.557139,48.591452,48.175558,48.422361,38.688834,38893953
2014-10-23,48.470546,48.796819,47.629066,47.696723,38.111041,68211388
2014-10-24,47.80778,48.26177,47.748768,48.039453,38.386889,59196926
2014-10-27,47.8261,48.726542,47.765576,48.277284,38.582953,59098290
2014-10-28,48.380639,48.613274,47.377154,47.744441,38.159093,51706563
2014-10-29,47.738987,48.658866,47.485742,48.518587,38.779836,31600232
2014-10-30,48.534293,48.954892,48.072943,48.238029,38.557597,33756321
2014-10-31,48.251088,48.9786,47.873076,48.490084,38.761086,35465457
2014-11-03,48.747939,48.803327,48.349358,48.378048,38.677565,30631314
2014-11-04,48.288938,48.515206,47.492986,47.56042,38.025861,51417416
2014-11-05,47.800417,48.101063,46.734587,46.76221,37.389615,42400166
2014-11-06,46.678499,46.810203,45.374975,45.968938,36.757252,30015139
2014-11-07,45.789793,46.606646,45.746669,46.413975,37.115038,40453509
2014-11-10,46.701172,47.384887,46.287859,46.859234,37.476939,68625964
2014-11-11,46.697984,46.977427,46.552959,46.948058,37.549931,36827646
2014-11-12,46.95419,47.111812,46.614301,46.774805,37.413306,36634102
2014-11-13,46.838952,46.942098,46.504348,46.57665,37.256748,28191194
2014-11-14,46.766731,47.004339,46.309832,46.708105,37.363843,32598855
2014-11-17,46.609728,46.872693,46.136838,46.246501,37.000359,46331002
2014-11-18,46.408129,46.565356,45.414789,45.539266,36.436419,39784273
2014-11-19,45.424552,46.239733,45.3802,46.075627,36.867484,58853351
2014-11-20,46.243335,46.521123,45.92137,46.346206,37.085918,22649554
2014-11-21,46.20869,46.792286,46.120973,46.721108,37.387856,50406709
2014-11-24,46.63149,47.835815,46.458711,47.542377,38.051002,26576139
2014-11-25,47.749414,48.498778,47.386724,48.046417,38.456415,39270806
2014-11-26,47.959695,48.188799,47.363315,47.685137,38.169232,22920405
2014-11-28,47.424282,48.768888,47.179277,48.609909,38.913507,43893500
2014-12-01,48.6383,48.826101,48.2834,48.357531,38.717514,28402825
2014-12-02,48.255254,48.672706,47.664261,48.110326,38.521593,50016082
2014-12-03,48.459475,48.923245,48.303548,48.665503,38.968146,33373365
2014-12-04,48.67654,48.919347,48.496167,48.652775,38.959981,40852733
2014-12-05,48.601565,48.961044,48.526561,48.636288,38.948805,56482128
2014-12-08,48.510554,48.707643,48.112364,48.423593,38.784527,59854891
2014-12-09,48.354755,48.499583,47.058792,47.533601,38.073675,28099306
2014-12-10,47.48144,47.596155,45.986601,46.039212,36.87861,41662603
2014-12-11,46.226323,47.012444,46.038621,46.405053,37.173593,35925021
2014-12-12,45.93038,46.162718,44.898336,45.318857,36.305365,50684915
2014-12-15,45.538518,46.0198,44.132215,44.349962,35.534719,62828443
2014-12-16,44.471323,44.629088,43.374409,43.575476,34.91599,37403796
2014-12-17,43.537874,43.565253,43.086575,43.136886,34.566356,28156022
2014-12-18,43.268364,43.784696,41.767399,41.812181,33.50659,22238937
2014-12-19,41.710243,42.007646,39.861668,40.144075,32.171511,44140343
2014-12-22,40.443323,40.529791,38.028568,38.754874,31.06305,36898506
2014-12-23,38.781151,39.402011,38.553394,39.233497,31.448315,51947701
2014-12-24,39.259937,39.934493,37.821931,37.893416,30.375729,35091601
2014-12-26,37.948465,38.632107,36.864633,37.652322,30.185606,37839496
2014-12-29,38.090726,38.833096,37.28692,37.385464,29.976346,58837558
2014-12-30,37.258411,38.011383,36.606884,36.910958,29.597418,45074798
2014-12-31,37.223551,37.537469,37.176358,37.436727,30.020573,58016946
2015-01-02,36.826521,37.046227,36.423746,36.812457,29.523041,44071106
2015-01-05,36.918636,37.039823,36.082159,36.274068,29.095801,29685815
2015-01-06,35.901074,36.620209,35.622213,36.218455,29.052704,51177426
2015-01-07,36.530629,36.739905,36.484981,36.718495,29.455345,34554707
2015-01-08,36.392884,38.281968,36.235867,37.855661,30.369152,26498606
2015-01-09,37.477466,38.763289,37.327413,38.554773,30.931613,62666016
2015-01-12,38.747134,39.087281,38.661221,38.916874,31.226991,79610489
2015-01-13,38.829038,39.102361,37.316065,37.606627,30.177216,26873107
2015-01-14,37.25324,37.481581,36.16811,36.562159,29.340615,34375131
2015-01-15,36.419045,36.805356,36.403877,36.722759,29.471027,39507540
2015-01-16,37.041473,37.305565,36.013965,36.466747,29.267093,45697776
2015-01-20,36.019128,36.199309,35.185793,35.501973,28.498724,35395040
2015-01-21,35.609474,36.087268,35.358256,36.007263,28.905842,38623341
2015-01-22,35.953826,37.299784,35.472382,36.539116,29.334328,39096122
2015-01-23,36.927351,37.189284,35.313612,35.443667,28.456361,67465252
2015-01-26,35.790906,36.456715,35.726276,36.2936,29.143286,56044087
2015-01-27,36.533503,36.876853,35.166502,35.666452,28.641185,46289296
2015-01-28,35.943853,36.194236,34.748103,35.283619,28.335233,51451077
2015-01-29,35.20814,36.300036,34.865849,35.551155,28.551568,63029447
2015-01-30,35.573673,36.117961,35.046502,35.396025,28.428461,51524686
2015-02-02,35.232952,36.23102,35.15005,36.087584,28.988413,31774199
2015-02-03,36.07552,36.904165,35.9321,36.724803,29.501812,40121602
2015-02-04,37.331477,37.43962,36.264285,36.3686,29.217186,28170885
2015-02-05,36.558874,37.025878,36.428753,36.840921,29.598171,35311726
2015-02-06,36.788532,37.078654,36.190968,36.289327,29.156534,30812961
2015-02-09,36.627777,36.723318,35.76335,36.067059,28.982476,69564244
2015-02-10,36.201521,36.855639,35.971637,36.628587,29.435236,41903599
2015-02-11,36.730258,37.096872,35.638835,36.016587,28.94493,56470406
2015-02-12,36.053631,37.471742,35.682168,36.923232,29.675104,19785670
2015-02-13,36.753335,38.931506,36.465836,38.110876,30.631203,41218184
2015-02-17,37.937558,38.126708,37.098025,37.685573,30.295674,41206712
2015-02-18,37.350654,37.895279,36.959669,37.351837,30.028943,60912135
2015-02-19,37.220948,39.070338,36.682498,38.854953,31.238996,19326068
2015-02-20,38.91444,38.976157,38.18014,38.752011,31.157852,43872781
2015-02-23,38.855546,38.907778,38.667461,38.734091,31.148305,37226813
2015-02-24,38.777098,38.889619,38.350983,38.480564,30.946038,41756063
2015-02-25,38.85639,39.359629,38.694807,39.05883,31.412714,30867448
2015-02-26,38.780781,39.651674,38.383494,39.293663,31.60322,23299974
2015-02-27,39.291141,39.503874,39.055956,39.134702,31.477008,24278874
2015-03-02,39.25346,39.43565,39.19248,39.310946,31.6237,36617254
2015-03-03,39.40318,39.633667,38.975857,39.102879,31.457957,49300266
2015-03-04,39.146259,40.092181,38.623298,39.752859,31.982524,32124948
2015-03-05,39.908321,40.69246,39.874191,40.188423,32.334632,31194318
2015-03-06,40.528383,40.794596,40.422458,40.532365,32.613056,55422270
2015-03-09,40.521447,40.963634,39.83488,39.962612,32.159641,33602190
2015-03-10,40.011679,40.049234,38.962265,39.181338,31.532557,34173945
2015-03-11,39.11805,39.300946,38.990412,39.062643,31.438668,35005684
2015-03-12,39.004737,39.3238,38.143712,38.379915,30.890797,24561127
2015-03-13,38.189457,38.380665,37.435118,37.827858,30.448047,27389635
2015-03-16,37.878285,38.336525,37.063347,37.220879,29.964159,49376670
2015-03-17,36.873233,37.071848,36.791076,36.918632,29.722385,41372941
2015-03-18,37.0503,37.246975,36.187625,36.505183,29.391055,34736880
2015-03-19,36.933709,37.023069,35.827429,35.865311,28.877384,19357026
2015-03-20,35.67929,35.796387,35.407166,35.546837,28.62245,45695905
2015-03-23,35.353008,35.866595,35.122796,35.750888,28.791245,45101844
2015-03-24,35.865925,35.999279,34.776118,34.897626,28.10555,36169072
2015-03-25,35.09652,35.225977,34.646518,34.866559,28.08199,24042673
2015-03-26,34.982168,35.031698,34.812337,34.932599,28.136643,34643672
2015-03-27,34.859749,34.907174,34.697936,34.886018,28.100586,19142009
2015-03-30,34.94948,35.085497,34.845561,34.878088,28.098583,41542104
2015-03-31,34.888993,35.16994,34.864059,34.941126,28.150832,54279866
2015-04-01,35.089476,35.206416,34.311519,34.412574,27.726439,48232080
2015-04-02,34.337407,34.854681,34.044793,34.374793,27.697439,44339718
2015-04-06,34.59604,35.102879,34.565576,34.989541,28.198639,46016497
2015-04-07,34.963723,35.106973,34.428915,34.499935,27.805503,78938240
2015-04-08,34.42517,34.494908,34.216651,34.336275,27.67504,39730090
2015-04-09,34.447253,34.519968,33.883024,34.127575,27.508259,49636685
2015-04-10,34.200997,34.78157,34.140588,34.634293,27.918147,33641683
2015-04-13,34.763852,34.896468,33.934593,34.15102,27.532884,62060990
2015-04-14,34.286556,34.513873,33.641441,33.688601,27.161491,26381537
2015-04-15,33.553971,33.675568,33.45174,33.497469,27.008795,45955719
2015-04-16,33.698621,33.926118,33.48451,33.519853,27.028249,54283752
2015-04-17,33.481355,33.575241,33.053965,33.338184,26.883161,39368731
2015-04-20,33.355837,33.787617,33.215614,33.576811,27.079811,40836704
2015-04-21,33.473724,34.095898,33.305838,33.954758,27.386051,64027445
2015-04-22,34.111633,34.192137,33.838649,33.937402,27.373476,29956191
2015-04-23,33.958702,34.188931,33.897071,34.12542,27.526561,46043165
2015-04-24,34.317258,34.571883,34.197671,34.455143,27.793971,38053082
2015-04-27,34.496639,34.762684,34.275325,34.647171,27.953236,56066248
2015-04-28,34.718942,34.890233,34.538111,34.855549,28.122818,50030292
2015-04-29,35.088554,35.220295,34.592447,34.62371,27.937214,34321998
2015-04-30,34.755727,35.079246,34.655179,35.0464,28.279746,41163918
2015-05-01,35.352122,35.454598,34.733343,34.76601,28.054952,54623524
2015-05-04,34.845739,34.987875,34.633515,34.743214,28.040932,31328731
2015-05-05,34.987294,35.349007,34.864848,35.246003,28.448208,51975464
2015-05-06,35.270257,35.520336,35.051581,35.159179,28.379606,35147705
2015-05-07,35.160655,35.382903,34.898438,35.225265,28.434428,44679569
2015-05-08,35.091326,35.775734,34.683559,35.736639,28.848719,41632248
2015-05-11,36.045786,36.373756,35.809236,35.988684,29.056719,48884606
2015-05-12,36.079882,36.487685,34.936215,35.238836,28.452783,46607870
2015-05-13,35.148997,35.644406,35.032074,35.48878,28.656085,43334142
2015-05-14,35.450922,35.912362,34.551565,34.860678,28.150376,44862160
2015-05-15,34.512791,34.828925,34.02929,34.788603,28.093637,59092584
2015-05-18,35.006774,35.116015,34.880514,34.959276,28.23587,47922667
2015-05-19,34.877923,35.547882,34.461874,35.298116,28.511027,24816242
2015-05-20,35.460566,35.541043,35.253016,35.308587,28.520968,75734351
2015-05-21,35.127879,35.167904,34.56272,34.594883,27.945918,41664492
2015-05-22,34.40222,35.081582,34.311602,34.81515,28.125314,52193383
2015-05-26,34.782421,35.07868,34.512626,34.697838,28.036377,43049722
2015-05-27,34.52339,34.537296,34.083314,34.296325,27.71339,29848074
2015-05-28,34.357586,34.380534,34.094362,34.183955,27.624025,47031027
2015-05-29,34.302807,34.372434,34.06666,34.203583,27.641325,42139642
2015-06-01,34.138826,34.307731,33.689752,33.769992,27.295181,43904531
2015-06-02,33.913314,34.190674,33.610659,33.723625,27.259122,31279738
2015-06-03,33.790691,33.89573,33.645267,33.856115,27.367638,55570411
2015-06-04,33.773523,33.949125,33.490772,33.703414,27.24562,44292445
2015-06-05,33.751563,33.791508,33.594106,33.69244,27.238165,50325878
2015-06-08,33.727997,33.840315,33.223662,33.456056,27.051285,38284510
2015-06-09,33.422056,34.138085,33.378447,34.010714,27.501191,27218803
2015-06-10,34.22818,34.409091,33.747488,33.783002,27.318483,53188490
2015-06-11,33.584141,34.123865,33.435,33.987341,27.485151,35786687
2015-06-12,33.910345,34.435406,33.754014,34.314854,27.751451,40580458
2015-06-15,34.294431,34.323391,33.508782,33.540254,27.129242,33766234
2015-06-16,33.467742,33.514377,33.02965,33.263367,26.90668,50330567
2015-06-17,33.336061,33.443612,32.977165,32.99066,26.687476,31308611
2015-06-18,32.840686,32.899838,32.783577,32.847432,26.572995,60335641
2015-06-19,32.819624,33.12996,32.723464,33.03846,26.728923,42023119
2015-06-22,32.932712,33.42788,32.69095,33.173813,26.842616,48757429
2015-06-23,33.285053,33.508211,33.032927,33.349943,26.986536,48543692
2015-06-24,33.433011,33.578686,32.708273,32.889279,26.615154,44376692
2015-06-25,32.936774,33.602512,32.885277,33.417752,27.04422,42648528
2015-06-26,33.259743,34.029956,33.019346,33.806355,27.36013,37272351
2015-06-29,33.771694,33.84027,33.257587,33.398596,27.034341,29927958
2015-06-30,33.29181,33.85327,33.13365,33.759269,27.327708,46542161
2015-07-01,33.845429,34.055492,33.111243,33.149393,26.835418,49971097
2015-07-02,33.129694,33.380009,32.823539,32.912262,26.644838,39235862
2015-07-06,33.050683,33.094964,32.570846,32.675375,26.458566,41734836
2015-07-07,32.761599,32.938369,31.741785,32.010985,25.921932,54817153
2015-07-08,32.157604,32.546775,31.950865,32.266926,26.130547,40053357
2015-07-09,32.12341,32.231381,31.106804,31.219681,25.283778,56672242
2015-07-10,31.315994,31.343017,31.182306,31.197749,25.26733,27105304
2015-07-13,31.443886,31.590623,31.232319,31.465153,25.487881,40173040
2015-07-14,31.589189,31.798871,31.306363,31.367513,25.410111,27717522
2015-07-15,31.401669,32.098733,31.377908,31.930445,25.867474,39579291
2015-07-16,31.903451,32.271346,31.848621,32.07648,25.987132,53050111
2015-07-17,32.023617,32.610063,31.970114,32.553721,26.375147,37890627
2015-07-20,32.978844,33.034229,31.64922,32.047012,25.968661,41520630
2015-07-21,32.039573,32.675906,31.924975,32.350908,26.21628,45805613
2015-07-22,32.441246,32.650513,31.823057,32.171321,26.072105,30952915
2015-07-23,32.309025,32.411955,32.218847,32.306286,26.182845,48417310
2015-07-24,32.317532,32.868474,32.213911,32.615232,26.434607,45700433
2015-07-27,32.591819,33.070085,32.421331,32.720565,26.524118,42991473
2015-07-28,32.718747,32.841299,32.111407,32.380181,26.24956,38088510
2015-07-29,32.345072,32.383797,31.852313,32.03944,25.974683,45369948
2015-07-30,32.004985,32.090528,31.362746,31.52982,25.562859,26608438
2015-07-31,31.541234,31.856533,31.269734,31.717173,25.716093,37203070
2015-08-03,31.897989,32.310063,31.873675,32.149144,26.070401,31362055
2015-08-04,32.271971,32.287487,32.013542,32.038594,25.982105,37908699
2015-08-05,32.030193,32.188913,31.151985,31.358211,25.431663,50032450
2015-08-06,31.448068,31.876779,31.34139,31.656635,25.675022,31592006
2015-08-07,31.658248,32.12282,31.5404,31.956179,25.919315,48049561
2015-08-10,32.158688,32.520069,31.962443,32.244838,26.157525,51323867
2015-08-11,32.480307,32.577403,32.129868,32.261043,26.172032,49846881
2015-08-12,32.064396,32.416947,32.046743,32.366957,26.259321,27462155
2015-08-13,32.297399,33.342832,32.123163,33.309042,27.025041,40983875
2015-08-14,33.210333,33.376919,32.669119,32.861852,26.663604,56992102
2015-08-17,32.806315,33.545391,32.619293,33.453295,27.147728,23097618
2015-08-18,33.630322,34.148125,33.537997,34.003004,27.595258,62538438
2015-08-19,34.187195,34.532925,32.555062,32.952555,26.744153,60837365
2015-08-20,32.958211,33.529029,32.675354,33.334798,27.055787,28105315
2015-08-21,33.366341,33.690162,32.912229,33.245783,26.984943,47092202
2015-08-24,32.819662,33.595584,32.702118,33.393942,27.109432,41117153
2015-08-25,33.27874,33.631072,32.964014,33.51008,27.205128,34965142
2015-08-26,33.625037,33.664648,32.678528,32.818725,26.645239,59549914
2015-08-27,32.65206,32.938119,32.148448,32.238887,26.175835,65968344
2015-08-28,32.056234,32.397482,31.342575,31.3797,25.479557,59277944
2015-08-31,31.237202,31.616686,31.078275,31.142227,25.290682,52902591
2015-09-01,31.054973,31.259865,30.982828,31.065043,25.229312,51333899
2015-09-02,31.149862,31.535751,30.712448,31.014659,25.189704,82351176
2015-09-03,31.03122,32.377885,30.800542,32.316215,26.248176,50105315
2015-09-04,32.11037,32.160723,31.815091,31.874303,25.890588,46785785
2015-09-08,31.770817,32.530718,31.676847,32.282705,26.227779,44174572
2015-09-09,32.261257,32.286354,31.910474,32.116,26.093699,30758747
2015-09-10,32.405293,32.798426,31.502196,31.758802,25.804823,32565601
2015-09-11,31.786761,31.82722,31.623642,31.74736,25.796869,37020037
2015-09-14,31.775546,32.042588,31.579726,31.698479,25.761169,18870152
2015-09-15,31.672097,31.807943,30.947657,31.074267,25.255189,27530226
2015-09-16,30.831328,30.866224,30.580678,30.841297,25.06715,41787486
2015-09-17,30.886588,31.259586,30.798029,30.983117,25.183729,38892947
2015-09-18,31.166274,31.31302,31.09418,31.128669,25.303353,39459085
2015-09-21,30.979995,32.772011,30.95256,32.479134,26.405216,51910493
2015-09-22,32.221606,32.600528,31.963417,32.386255,26.331076,31344990
2015-09-23,32.477064,32.613327,31.901596,32.147196,26.138073,38616280
2015-09-24,32.140255,32.295517,31.309612,31.3704,25.507807,48881092
2015-09-25,31.699707,31.715116,30.662511,30.722603,24.982372,50798003
2015-09-28,30.55182,31.420686,30.510028,31.258261,25.421914,25008958
2015-09-29,31.479752,32.250418,31.392631,32.206714,26.19464,52463906
2015-09-30,32.225074,32.457788,31.696978,32.174406,26.169724,43416760
2015-10-01,32.168279,32.226172,31.46705,31.529481,25.646495,37600559
2015-10-02,31.530367,31.794078,30.874498,31.192148,25.373424,52347753
2015-10-05,30.830612,30.974863,30.538784,30.848716,25.097974,24871740
2015-10-06,30.846563,31.223627,30.448137,30.630015,24.921339,30258973
2015-10-07,30.668724,30.98583,30.474986,30.79569,25.057439,41714846
2015-10-08,31.013165,31.70884,30.990957,31.516983,25.645666,53848115
2015-10-09,31.626192,31.750128,31.396904,31.604531,25.718242,30620568
2015-10-12,31.736724,31.801924,30.568188,30.857996,25.114667,37508490
2015-10-13,30.800432,31.329935,30.750997,31.140737,25.346103,47387072
2015-10-14,31.018938,31.946843,30.970633,31.825302,25.904632,31378592
2015-10-15,31.809566,32.16395,31.636287,32.034894,26.076589,44471427
2015-10-16,31.844838,33.217374,31.625308,33.003215,26.866205,79098948
2015-10-19,33.176816,33.456836,32.775334,32.967054,26.840957,28614640
2015-10-20,32.917759,33.098329,32.891205,33.065735,26.922701,30995204
2015-10-21,32.982322,33.16545,32.878466,33.095826,26.948603,41914617
2015-10-22,33.086798,33.171134,33.01057,33.035432,26.900826,57085324
2015-10-23,33.093594,33.451159,33.071012,33.419286,27.214815,37087195
2015-10-26,33.307999,34.237359,32.98889,33.784742,27.516716,35766175
2015-10-27,33.80948,34.024657,33.75762,33.79448,27.526079,38766858
2015-10-28,33.793081,34.531792,33.693665,34.421368,28.038147,24353405
2015-10-29,34.470302,34.598571,34.180222,34.257417,27.906051,72896969
2015-10-30,34.509219,34.546578,34.376429,34.454242,28.067845,50282497
2015-11-02,34.248389,34.632284,33.911507,34.09574,27.780129,63280679
2015-11-03,33.981842,34.446457,33.947801,34.363605,27.999833,45634533
2015-11-04,34.541908,35.583431,34.40383,35.352974,28.80748,38166445
2015-11-05,34.905163,34.98539,34.523702,34.544141,28.149865,43953053
2015-11-06,34.456668,35.161609,34.219058,35.139481,28.636494,38674746
2015-11-09,35.394312,35.577164,34.606286,34.704341,28.286296,40106535
2015-11-10,34.489853,34.847225,34.34445,34.741332,28.317919,54615973
2015-11-11,34.799319,35.890303,34.569846,35.579541,29.002658,27886967
2015-11-12,35.695289,36.266909,35.68015,36.020503,29.363636,40031882
2015-11-13,36.006617,36.218358,35.752581,35.937019,29.297104,31908255
2015-11-16,36.058595,36.16147,35.053455,35.103971,28.622441,37160801
2015-11-17,35.089484,35.355644,34.970618,35.073727,28.599269,48962661
2015-11-18,35.018309,36.806074,34.989256,36.569752,29.820685,65723210
2015-11-19,36.011435,37.332134,35.942056,37.044249,30.209184,40896994
2015-11-20,37.261318,37.604134,36.672961,37.335965,30.448658,49170635
2015-11-23,37.261913,37.532733,37.046511,37.175876,30.322833,34409034
2015-11-24,37.200826,38.31387,37.181028,38.230146,31.18438,25105865
2015-11-25,38.046978,38.931838,37.787601,38.638774,31.519337,43269972
2015-11-27,38.622377,39.851453,38.360704,39.641807,32.34092,29775943
2015-11-30,39.687239,39.789688,39.355282,39.767978,32.448917,36643743
2015-12-01,40.043047,40.219729,39.215217,39.774888,32.456244,41689326
2015-12-02,39.767515,39.821712,38.167339,38.40486,31.339934,55802288
2015-12-03,38.524024,38.949203,37.813038,38.021302,31.028549,38800735
2015-12-04,38.276492,38.296798,37.458324,37.842469,30.884212,31813470
2015-12-07,38.000981,38.492068,37.626494,38.469032,31.400467,41122861
2015-12-08,38.063105,38.38201,37.92683,38.322706,31.282655,47531874
2015-12-09,38.575338,38.786165,38.251551,38.295485,31.262061,28021619
2015-12-10,38.622122,39.946233,38.170997,39.377788,32.147258,47388684
2015-12-11,39.273648,39.523309,38.29814,38.334711,31.297338,67164677
2015-12-14,38.537503,38.663121,37.987397,38.012512,31.039131,53803103
2015-12-15,37.842158,38.522698,37.608792,38.397154,31.354841,29233014
2015-12-16,38.41696,38.47283,37.259982,37.528854,30.647389,29386960
2015-12-17,37.318036,37.39528,37.238294,37.37932,30.526861,39826386
2015-12-18,37.255632,37.562825,36.888154,37.072688,30.278017,36527209
2015-12-21,37.165362,37.347614,36.973548,37.152345,30.34781,51429171
2015-12-22,37.060204,37.195583,36.386224,36.67875,29.962514,46799269
2015-12-23,36.620075,37.058878,36.493915,36.723538,30.000661,21562171
2015-12-24,36.698811,37.09294,35.834217,36.098423,29.491518,37194752
2015-12-28,36.063858,36.924262,35.775691,36.671694,29.966101,36842262
2015-12-29,36.601629,37.068199,36.298548,36.985636,30.224209,51614972
2015-12-30,37.015839,38.035236,36.982095,37.801191,30.892278,28125517
2015-12-31,37.621654,38.030095,37.501228,37.948082,31.013935,51807509
2016-01-04,38.047875,38.327154,37.456489,37.874589,30.960313,39079027
2016-01-05,38.09434,38.749935,37.933466,38.238449,31.259373,53363406
2016-01-06,38.282139,39.174531,38.233064,39.12502,31.985796,47179675
2016-01-07,38.863517,39.166035,38.83616,39.074787,31.946391,32942018
2016-01-08,39.097001,39.334449,38.445787,38.705112,31.645802,67883433
2016-01-11,38.754823,38.81821,38.446648,38.49094,31.475604,26121222
2016-01-12,38.26484,38.442619,37.231543,37.5047,30.670711,21680327
2016-01-13,37.528631,38.27405,37.226954,37.661199,30.800295,31879922
2016-01-14,37.558665,37.918067,37.166623,37.86392,30.967696,43560333
2016-01-15,37.821411,38.274263,37.565137,38.04104,31.114175,30869824
2016-01-19,37.787916,37.920829,37.498974,37.771637,30.900257,59020791
2016-01-20,37.713651,39.284056,37.322303,38.734945,31.68997,47577604
2016-01-21,38.615858,39.34612,38.529365,38.835749,31.774093,46009634
2016-01-22,38.729626,39.01259,38.601825,38.777785,31.728319,35568755
2016-01-25,38.813788,39.141322,38.65555,38.937151,31.863685,68646332
2016-01-26,38.722271,38.959391,37.934469,37.974043,31.077156,25943998
2016-01-27,37.911635,38.088983,37.689218,37.743288,30.889918,27837098
2016-01-28,37.754824,37.847739,37.500651,37.575962,30.754574,28239449
2016-01-29,37.456831,37.782048,37.4082,37.75167,30.899992,78659196
2016-02-01,37.71614,37.847549,37.275612,37.388493,30.607506,36305003
2016-02-02,37.402192,37.52875,37.304643,37.363423,30.588573,69957832
2016-02-03,37.55954,37.871648,36.905491,37.026493,30.314314,21266088
2016-02-04,36.901374,37.739109,36.73519,37.609802,30.793482,54483367
2016-02-05,37.452232,38.038822,37.341123,37.875559,31.012687,72309566
2016-02-08,37.914127,38.052387,36.960453,36.98579,30.288866,49839984
2016-02-09,37.142412,37.360976,36.605024,36.798444,30.13701,61765796
2016-02-10,36.90854,36.996903,36.651424,36.84805,30.179206,34371289
2016-02-11,36.855222,37.204657,36.792406,37.124108,30.406884,49142399
2016-02-12,37.197018,37.248931,36.687522,36.911832,30.23459,23474835
2016-02-16,37.051584,37.362145,36.469854,37.152188,30.437799,48983720
2016-02-17,37.244178,37.327367,37.128567,37.309649,30.568393,65177540
2016-02-18,37.345407,37.467763,36.798272,36.96568,30.288149,27057904
2016-02-19,36.973026,37.161996,36.765132,37.020791,30.334883,54075748
2016-02-22,37.129487,37.820194,36.992149,37.53889,30.764214,43057606
2016-02-23,37.633819,37.965541,37.539138,37.923903,31.08136,31259535
2016-02-24,37.727974,37.870734,37.562533,37.661281,30.867728,33360027
2016-02-25,37.651119,37.920385,37.604253,37.792874,30.977195,58685974
2016-02-26,37.854411,37.974721,37.450661,37.800557,30.985104,44025825
2016-02-29,37.798966,38.738624,37.708998,38.594714,31.641012,27262262
2016-03-01,38.761002,39.197505,38.240884,38.649836,31.687851,35864467
2016-03-02,38.554421,38.645657,38.130151,38.22593,31.341933,36052270
2016-03-03,38.488098,38.684271,37.73189,38.117883,31.25497,47160861
2016-03-04,38.156716,38.353306,37.657224,37.986458,31.148828,26322148
2016-03-07,38.329036,38.564155,37.275859,37.500664,30.755277,31632596
2016-03-08,37.61336,37.778718,37.265349,37.751854,30.962895,51101979
2016-03-09,37.814153,38.182126,37.789928,38.131543,31.275931,39605779
2016-03-10,37.948325,38.202804,37.808246,37.833468,31.033061,50578987
2016-03-11,37.806612,38.193554,37.320334,37.48548,30.749221,56678158
2016-03-14,37.145341,37.796464,37.003917,37.568051,30.821764,34522269
2016-03-15,37.694229,38.093245,37.668672,38.060684,31.227557,55676900
2016-03-16,38.110061,38.300054,37.835272,38.031289,31.205062,43429677
2016-03-17,37.91553,38.317558,37.777769,38.129621,31.287372,40252960
2016-03-18,38.160613,38.383633,37.640632,38.3493,31.469267,28973337
2016-03-21,38.459441,39.377237,38.309217,39.008338,32.015067,40038863
2016-03-22,39.198527,39.253815,38.914512,39.094561,32.087502,54558402
2016-03-23,38.885785,39.352698,38.507024,39.034132,32.03957,70279423
2016-03-24,38.724461,39.029925,38.671306,38.740819,31.80047,24337449
2016-03-28,38.782585,39.264331,37.508975,38.017237,31.21301,57184375
2016-03-29,38.11304,38.509334,37.861779,38.416196,31.542205,34913017
2016-03-30,38.809786,39.037842,38.29986,38.435664,31.559832,39760304
2016-03-31,38.373192,38.560895,37.53151,37.651441,30.917508,35968781
2016-04-01,37.492249,38.786834,37.213447,38.271023,31.427914,30803760
2016-04-04,38.443703,39.631213,38.076563,39.203076,32.198333,31979465
2016-04-05,39.376847,40.491507,39.125793,40.381062,33.167564,26290314
2016-04-06,40.215335,40.491387,39.664116,40.145798,32.976042,70223388
2016-04-07,40.28515,40.588963,39.971045,40.06885,32.914548,36700418
2016-04-08,39.975719,40.325816,39.581278,39.749926,32.654267,37517542
2016-04-11,39.605278,39.94364,39.43639,39.844345,32.73694,69875923
2016-04-12,40.094272,40.40117,38.4683,38.75525,31.843774,75390957
2016-04-13,38.759776,38.804579,37.116767,37.499365,30.813461,31703090
2016-04-14,37.39542,38.315056,37.311691,38.076119,31.289011,85780828
2016-04-15,37.970519,38.400313,37.667621,38.2014,31.393594,53411522
2016-04-18,37.979046,38.222315,36.900769,37.2906,30.649889,42760403
2016-04-19,37.655097,37.674736,36.018711,36.510481,30.010255,37061522
2016-04-20,36.621194,37.351405,36.604412,36.908149,30.338701,40242038
2016-04-21,36.860185,37.031245,35.632315,35.988698,29.584446,43895066
2016-04-22,36.035081,36.264664,35.828293,36.12109,29.694823,42064370
2016-04-25,36.020454,36.046225,35.832931,35.968241,29.573782,55034947
2016-04-26,36.06379,36.674335,35.538859,36.245835,29.803576,41687607
2016-04-27,36.081351,36.352816,35.829623,36.283599,29.83618,37616273
2016-04-28,36.21821,36.328211,35.928828,36.225925,29.790304,40273896
2016-04-29,36.240599,36.2662,35.042244,35.237044,28.978607,40540826
2016-05-02,35.352693,35.926297,35.190051,35.543527,29.235218,42115956
2016-05-03,35.795809,35.969652,35.062728,35.36857,29.092826,58920685
2016-05-04,35.133195,35.242016,34.493618,34.562751,28.431469,60250374
2016-05-05,34.749268,35.877624,34.547155,35.801291,29.451829,41618423
2016-05-06,35.974934,36.555984,35.911335,36.446774,29.984394,39954386
2016-05-09,36.513379,36.540678,36.103577,36.396168,29.947434,55949962
2016-05-10,36.899036,37.808049,36.652292,37.760618,31.071745,77134118
2016-05-11,37.812161,37.919549,36.660875,37.142718,30.564889,74685986
2016-05-12,36.788067,37.473268,36.547466,37.237045,30.644105,73225675
2016-05-13,37.333996,37.422407,36.205202,36.570091,30.096803,30081667
2016-05-16,36.572447,37.329525,36.371328,37.039183,30.487618,54448913
2016-05-17,37.178326,37.650893,36.864935,37.437631,30.817191,33198132
2016-05-18,37.276844,38.745821,37.041962,38.576319,31.756166,49233975
2016-05-19,38.756872,38.943293,37.635968,38.237832,31.47916,38870584
2016-05-20,38.851226,38.876607,37.440022,37.566341,30.927966,53903040
2016-05-23,37.720162,38.357674,37.528574,37.948646,31.247589,28516405
2016-05-24,37.942998,39.172215,37.893555,39.023702,32.134481,42615278
2016-05-25,39.042878,39.785836,38.686993,39.570252,32.586239,34558245
2016-05-26,39.573716,39.640748,39.259663,39.282236,32.350739,46369533
2016-05-27,39.050908,39.070234,38.289521,38.46397,31.678507,38270502
2016-05-31,38.775733,38.87126,36.817141,37.481323,30.875634,46833083
2016-06-01,37.390558,38.852458,37.17457,38.702788,31.883487,48706338
2016-06-02,39.038739,39.534282,38.410839,38.839651,31.9979,36644973
2016-06-03,38.538659,39.2004,38.468926,39.030435,32.156749,41543151
2016-06-06,39.350929,39.429941,38.570896,38.712446,31.89974,41384616
2016-06-07,38.856963,39.01443,38.37309,38.434358,31.672237,30277956
2016-06-08,38.304476,39.072302,38.063184,38.379593,31.628753,57681153
2016-06-09,38.680976,38.720837,38.575874,38.656554,31.858654,43386921
2016-06-10,38.551102,38.697987,38.400689,38.612981,31.8244,30903265
2016-06-13,38.466762,38.869273,38.099403,38.591175,31.811392,35748750
2016-06-14,38.218809,38.373283,37.216738,37.483573,30.899983,41314269
2016-06-15,37.824585,37.904955,36.696856,36.952545,30.463809,56976655
2016-06-16,36.976374,37.028854,36.200566,36.351782,29.970097,43277936
2016-06-17,36.264598,36.630839,36.011367,36.510144,30.102223,33715842
2016-06-20,36.312652,37.405598,35.931324,37.226589,30.697715,63059085
2016-06-21,37.431796,38.000618,37.387695,37.953921,31.299114,45425053
2016-06-22,37.951252,38.267157,37.576531,38.202828,31.506017,57619232
2016-06-23,37.474698,39.317861,37.447514,39.184536,32.317316,40910646
2016-06-24,38.838017,40.557571,38.40866,40.283133,33.225109,55742384
2016-06-27,40.278951,40.544648,40.076944,40.162198,33.130532,32043771
2016-06-28,40.076741,40.848166,39.710325,39.971654,32.975065,30882083
2016-06-29,40.034937,40.977822,39.98403,40.48167,33.397546,45359685
2016-06-30,40.548814,40.761517,39.834185,40.278587,33.231729,21678942
2016-07-01,40.385818,40.600868,40.288604,40.57315,33.4765,30105349
2016-07-05,40.605218,40.946272,39.38066,40.005756,33.015218,28792266
2016-07-06,40.185493,40.428605,39.279938,39.694,32.759641,47010792
2016-07-07,39.870477,40.118215,39.457489,39.687413,32.755909,50001840
2016-07-08,39.377114,39.492992,39.012163,39.123698,32.292328,28623374
2016-07-11,39.05251,39.640176,38.812107,39.016741,32.209072,39720656
2016-07-12,39.052771,39.272886,38.699534,39.20856,32.369107,32797844
2016-07-13,39.613601,39.898749,38.407772,38.560306,31.835588,44028754
2016-07-14,38.663117,38.86414,38.49635,38.738156,31.984086,46260238
2016-07-15,39.004571,39.32027,37.589428,37.717068,31.142647,47931585
2016-07-18,37.873036,38.092494,37.384462,38.054495,31.426162,39836754
2016-07-19,37.930863,39.03487,37.877865,38.965338,32.180027,24644079
2016-07-20,38.991701,39.334985,38.605049,38.796273,32.042069,30949997
2016-07-21,38.786276,38.992187,38.510164,38.711235,31.973499,46715589
2016-07-22,38.698302,38.853857,38.370832,38.819425,32.064526,28755387
2016-07-25,39.099779,39.421459,39.057459,39.079069,32.284028,52872412
2016-07-26,39.08802,40.265645,39.057791,39.900125,32.964034,45923408
2016-07-27,39.716594,39.816492,39.208349,39.329057,32.493929,46990572
2016-07-28,38.948598,40.429197,38.743693,39.952548,33.010778,42416601
2016-07-29,40.012067,41.209223,39.470872,40.741317,33.66425,31217611
2016-08-01,41.015058,42.415423,40.754401,42.00359,34.712674,35914301
2016-08-02,41.887665,42.172044,41.64638,42.115151,34.806681,49317611
2016-08-03,41.947338,42.233781,41.635146,41.915658,34.643608,21280610
2016-08-04,42.107929,42.252723,42.079508,42.229439,34.904767,37777343
2016-08-05,41.715243,42.400078,41.641596,41.996836,34.714314,38152187
2016-08-08,42.293677,42.523789,40.735725,40.935966,33.842687,27959982
2016-08-09,41.016097,42.145449,40.729726,41.971322,34.700444,32838318
2016-08-10,42.271213,42.505686,39.302609,40.517437,33.500165,43955375
2016-08-11,39.913573,41.368699,39.700027,41.066269,33.95571,35300667
2016-08-12,41.456992,42.349793,41.2881,42.273989,34.956134,28437864
2016-08-15,42.392123,42.434715,42.271517,42.296205,34.979963,39058425
2016-08-16,42.619235,43.014025,41.767661,41.797718,34.5695,45677077
2016-08-17,41.799567,42.583854,41.726493,42.56459,35.205586,41939395
2016-08-18,42.572712,42.832342,42.071489,42.604478,35.24041,29742847
2016-08-19,42.358299,43.018792,41.878494,42.251107,34.949937,39138664
2016-08-22,42.458232,43.169253,42.039258,43.03223,35.601633,36947886
2016-08-23,42.946501,43.268924,41.712029,42.103642,34.835202,51067477
2016-08-24,41.799208,42.806951,41.353,42.338475,35.031318,62937438
2016-08-25,42.400547,43.056802,41.622747,41.771757,34.564207,33598321
2016-08-26,41.643777,42.204474,40.433074,40.628627,33.620068,62437165
2016-08-29,40.516765,40.93237,40.038428,40.677725,33.66595,36336872
2016-08-30,40.566009,41.090687,39.49861,39.776509,32.921793,30616657
2016-08-31,40.171123,40.300441,38.790969,39.010561,32.289521,41751128
2016-09-01,38.834256,39.224242,38.675017,38.737071,32.064817,35503570
2016-09-02,38.638142,39.754906,38.487156,39.214832,32.461975,52471215
2016-09-06,38.972964,39.062627,38.331972,38.687757,32.032328,36226591
2016-09-07,38.722129,39.506216,38.256297,39.350651,32.58288,54175186
2016-09-08,39.31397,39.770623,38.584401,38.803389,32.131411,33984147
2016-09-09,39.123526,39.469123,38.298355,38.572266,31.941689,23709490
2016-09-12,38.423917,38.755891,38.159641,38.711606,32.06208,53660683
2016-09-13,38.630019,39.016544,38.32774,38.695629,32.050515,57600663
2016-09-14,38.773141,39.361889,38.334967,39.056995,32.351507,41824806
2016-09-15,38.601962,39.1071,38.257643,39.046677,32.344643,29774553
2016-09-16,39.188739,39.341627,38.098965,38.308942,31.735184,36619016
2016-09-19,38.414584,38.627146,37.865257,37.958003,31.449374,29376759
2016-09-20,37.95109,38.506301,37.633333,38.012436,31.496111,37637403
2016-09-21,38.060801,38.339439,37.721854,37.898959,31.403721,53931968
2016-09-22,37.955456,38.534969,37.160206,38.436377,31.850691,54098810
2016-09-23,38.490999,38.562987,38.024338,38.082607,31.559178,29700693
2016-09-26,38.180073,38.33833,37.733519,37.751152,31.289382,41866360
2016-09-27,37.971347,38.001714,37.596807,37.706639,31.254114,40179116
2016-09-28,37.718253,38.041944,37.600346,37.861442,31.384059,30582185
2016-09-29,37.966018,38.565002,37.792771,38.225546,31.687521,37338546
2016-09-30,38.223846,38.321932,38.016094,38.090848,31.577503,50983685
2016-10-03,38.029927,38.243267,37.394392,37.483599,31.078941,49205478
2016-10-04,37.302237,37.534893,36.936011,37.223198,30.864639,29651414
2016-10-05,37.242657,38.114686,37.226499,38.085895,31.581611,38426765
2016-10-06,38.175094,38.515358,38.119594,38.39538,31.839899,54792225
2016-10-07,38.125027,38.89191,38.101667,38.68985,32.08576,52251359
2016-10-10,38.710577,39.610641,38.477791,39.52287,32.781705,46350794
2016-10-11,39.799193,39.97652,39.296213,39.536462,32.794685,23219225
2016-10-12,39.438012,39.527229,38.896157,38.934395,32.296963,26335284
2016-10-13,38.759326,39.599627,38.511993,39.340789,32.635773,32356708
2016-10-14,39.152814,39.31852,38.230822,38.480377,31.923666,50092954
2016-10-17,38.477606,38.888638,38.174917,38.516264,31.958425,33325910
2016-10-18,38.459498,38.516585,37.311123,37.576938,31.180652,62397124
2016-10-19,37.536235,38.440536,37.455426,38.333953,31.810463,29163047
2016-10-20,38.238159,38.605559,37.36863,37.557858,31.168062,29751983
2016-10-21,37.601527,37.999762,37.369233,37.749766,31.32895,18492686
2016-10-24,37.970585,38.548543,37.867178,38.311261,31.799903,39342747
2016-10-25,38.848339,38.986197,37.784712,38.177761,31.690742,31296419
2016-10-26,38.416791,39.076634,38.183906,38.791787,32.202109,37883718
2016-10-27,38.950922,39.156976,38.548587,38.638681,32.07668,40124889
2016-10-28,38.576934,39.195825,38.212489,38.585572,32.034258,44779172
2016-10-31,38.650818,38.681337,38.445536,38.521623,31.986157,37556641
2016-11-01,38.483025,38.521754,38.235437,38.403879,31.890049,54723481
2016-11-02,38.091925,38.168051,37.569654,37.847815,31.429936,45758645
2016-11-03,37.640654,38.100379,37.546062,38.00374,31.561062,61257706
2016-11-04,38.069124,38.555918,37.630078,37.9343,31.505033,61516798
2016-11-07,37.954529,37.992487,37.897012,37.922842,31.500432,42615220
2016-11-08,37.851899,38.456116,37.544011,38.322389,31.83397,37551858
2016-11-09,38.118145,38.50775,37.730822,38.450245,31.94184,36773653
2016-11-10,38.464184,39.141899,38.216944,38.906217,32.322312,33972818
2016-11-11,38.617339,39.008508,38.576777,38.842937,32.271419,30925396
2016-11-14,38.770464,39.138145,38.416641,38.994643,32.402516,28675344
2016-11-15,38.780035,40.149893,38.756682,40.070451,33.298187,39997574
2016-11-16,40.49554,40.698773,39.062249,39.646647,32.947724,38703082
2016-11-17,39.376164,39.888793,39.194271,39.831053,33.102694,41758373
2016-11-18,39.544682,39.780091,38.687034,39.242397,32.615172,43606800
2016-11-21,39.48528,39.702599,37.9227,37.948832,31.544985,45478335
2016-11-22,37.714441,38.028195,37.643268,37.68424,31.326673,50874221
2016-11-23,37.736182,37.94059,37.032245,37.311389,31.018337,24623466
2016-11-25,37.0486,37.435681,37.012329,37.121236,30.863467,42907762
2016-11-28,37.266793,37.397222,36.778244,37.069719,30.825445,33928317
2016-11-29,37.071439,37.908271,37.048501,37.78829,31.424609,44255460
2016-11-30,37.709808,37.838267,37.368217,37.395418,31.099516,40602852
2016-12-01,37.084699,37.966052,37.02413,37.801407,31.438788,64056892
2016-12-02,37.462229,38.240926,37.180313,37.992007,31.598951,41826356
2016-12-05,38.211711,38.351872,37.802304,37.90511,31.531596,34436571
2016-12-06,37.798823,38.501204,37.708769,38.457241,31.992555,35810965
2016-12-07,38.56527,38.620758,37.886319,38.044169,31.650566,71661289
2016-12-08,38.094565,38.438367,37.874088,38.375465,31.927846,57487026
2016-12-09,37.986781,38.075551,37.622618,37.659756,31.334016,46736043
2016-12-12,37.646635,38.397715,37.351036,37.961593,31.590083,29950651
2016-12-13,38.23984,38.311488,37.795717,37.830427,31.48257,56680831
2016-12-14,37.612713,38.100239,37.535384,38.012523,31.635756,46344005
2016-12-15,38.086369,38.836488,37.980514,38.459057,32.009047,35433152
2016-12-16,38.260048,38.729336,38.11679,38.532387,32.071747,29913358
2016-12-19,38.732043,38.766321,38.541412,38.570177,32.108211,44668404
2016-12-20,38.522887,38.694321,38.052077,38.206617,31.807216,28072557
2016-12-21,38.025646,38.918582,37.700707,38.89907,32.385372,44615012
2016-12-22,38.876699,39.948494,38.833872,39.652168,33.01408,59172462
2016-12-23,39.724367,40.559163,39.357563,40.041595,33.340048,35401187
2016-12-27,40.020328,40.183558,39.472986,39.64649,33.017939,40620141
2016-12-28,39.873899,40.198478,38.535699,38.945852,32.436129,57452599
2016-12-29,38.969634,39.018273,38.360157,38.60435,32.15338,44840175
2016-12-30,38.361865,38.660633,38.129821,38.222857,31.837293,27593674
2017-01-03,38.020042,39.464291,37.914069,39.432883,32.852006,66218001
2017-01-04,39.513434,39.541505,39.02683,39.175595,32.639354,43067175
2017-01-05,39.15473,39.505165,38.841383,39.404169,32.831499,44840919
2017-01-06,39.516005,39.73128,39.249097,39.278173,32.728222,30049568
2017-01-09,39.23885,39.795737,39.095012,39.702602,33.087037,44672992
2017-01-10,39.868895,39.943037,39.610351,39.904499,33.257023,69831947
2017-01-11,40.127138,40.20851,39.662177,39.927594,33.278001,57354108
2017-01-12,39.973135,40.057554,39.461956,39.743687,33.126445,33246753
2017-01-13,39.974692,40.092236,39.3698,39.426877,32.864093,61250341
2017-01-17,39.347419,39.639187,39.045036,39.56336,32.984721,49473395
2017-01-18,39.580901,40.443052,39.514772,40.320337,33.617575,57614559
2017-01-19,40.331792,40.418919,40.201639,40.389768,33.677216,24671200
2017-01-20,40.43725,41.332914,40.377936,41.102042,34.272897,60701389
2017-01-23,41.077941,41.184927,40.408908,40.648263,33.899803,30089635
2017-01-24,40.595538,40.88929,40.336802,40.828416,34.051818,35053461
2017-01-25,40.852898,41.400649,40.49155,41.184827,34.35086,35905435
2017-01-26,41.335584,41.453637,40.381522,40.530364,33.806753,56202217
2017-01-27,40.334077,40.634562,39.910842,40.181176,33.517236,44019798
2017-01-30,40.072299,40.732953,39.794137,40.462229,33.756945,29058285
2017-01-31,40.288735,40.740415,40.220747,40.56664,33.845814,36016882
2017-02-01,40.544173,41.740298,40.389359,41.713707,34.804652,41492672
2017-02-02,41.493747,41.812879,41.273109,41.529786,34.652997,34627949
2017-02-03,41.622665,41.647431,41.321941,41.443246,34.582585,21523442
2017-02-06,41.458564,43.60135,41.348007,43.28163,36.122274,45112183
2017-02-07,43.168525,43.243613,42.39107,43.161832,36.024166,51389512
2017-02-08,43.136224,43.236872,42.500904,42.686958,35.629675,25014137
2017-02-09,42.37722,43.043251,42.139713,42.944294,35.846332,26158355
2017-02-10,42.779468,42.930784,42.490998,42.621517,35.578755,43072141
2017-02-13,42.657311,42.679049,41.891253,41.978868,35.047766,21189149
2017-02-14,42.139366,42.421369,40.77364,41.01462,34.244505,23815808
2017-02-15,41.059898,41.156552,40.710723,40.769078,34.041265,23678678
2017-02-16,40.769489,40.868826,40.366483,40.607662,33.90825,43223627
2017-02-17,40.969925,41.892083,40.644714,41.255606,34.451089,57723427
2017-02-21,41.305997,42.740983,41.03974,42.22236,35.265728,66281089
2017-02-22,42.402258,42.811574,42.085594,42.586113,35.571399,34674263
2017-02-23,42.312911,44.076114,42.074429,43.674211,36.482164,41671263
2017-02-24,43.582883,45.047478,43.305018,44.652348,37.301168,40240322
2017-02-27,44.350414,46.049496,44.228732,45.785171,38.253461,34170820
2017-02-28,45.703085,46.223614,45.513639,46.077515,38.499717,30692393
2017-03-01,46.160686,46.502881,45.325793,45.689362,38.177384,47449913
2017-03-02,45.715899,45.815755,45.232909,45.410518,37.946361,36204459
2017-03-03,45.606,45.649589,45.361292,45.434263,37.968177,38200815
2017-03-06,45.892544,46.067327,44.762725,45.240539,37.812188,42649279
2017-03-07,44.978013,45.07167,44.87261,44.917253,37.543938,29060896
2017-03-08,44.777514,45.462633,44.545743,45.171566,37.758469,38223682
2017-03-09,45.10602,45.906469,45.059829,45.275034,37.846925,35636890
2017-03-10,45.437925,45.56819,45.018198,45.036802,37.649737,50265827
2017-03-13,45.056405,45.407027,44.568635,44.727679,37.397153,59012391
2017-03-14,44.596521,44.951896,44.456894,44.86869,37.517005,27529321
2017-03-15,45.136013,45.635353,44.890914,45.436849,37.994048,42625510
2017-03-16,45.39469,45.456397,44.55591,44.818669,37.479079,29852864
2017-03-17,44.67732,45.972738,44.535613,45.830164,38.326923,37178665
2017-03-20,45.783632,45.956568,45.664823,45.690004,38.215673,26310129
2017-03-21,45.745581,45.847579,45.277191,45.426696,37.997416,45121273
2017-03-22,45.408163,45.619268,44.767605,45.026655,37.664759,29185959
2017-03-23,44.912627,45.817625,44.703308,45.381361,37.963445,46705530
2017-03-24,45.725426,46.00122,44.92328,45.363787,37.950717,33245223
2017-03-27,45.259175,46.367853,44.973399,46.168275,38.629769,52343116
2017-03-28,46.193946,46.561534,45.542108,45.820887,38.341098,54716442
2017-03-29,45.70141,46.17249,45.378657,45.976043,38.472928,33201649
2017-03-30,46.118375,46.151901,44.732634,44.964173,37.628148,52669378
2017-03-31,44.786776,45.314029,44.300382,45.26364,37.880727,45341539
2017-04-03,45.119026,45.245771,44.668943,44.858245,37.547314,37815988
2017-04-04,44.915347,44.995474,44.404989,44.660362,37.383627,30387789
2017-04-05,44.48632,44.616175,44.061345,44.154849,36.962402,33060999
2017-04-06,44.49635,44.655699,43.426878,43.622139,36.518366,43262545
2017-04-07,43.497908,44.16609,43.318968,43.818853,36.684954,52281795
2017-04-10,43.736577,44.456392,43.558796,44.33581,37.12354,52402101
2017-04-11,44.33973,45.004966,44.129717,44.930092,37.623106,40002257
2017-04-12,45.004434,45.128535,43.992116,44.173815,36.991747,42373142
2017-04-13,44.01636,44.331494,43.894572,44.115849,36.945127,53800685
2017-04-17,43.811377,43.946131,43.728431,43.783727,36.674619,34687353
2017-04-18,43.547971,43.902096,43.178863,43.468653,36.412598,41640387
2017-04-19,43.228557,43.45239,43.137889,43.394986,36.352779,44655765
2017-04-20,43.302353,43.5136,42.810521,43.243709,36.227936,29130001
2017-04-21,43.554905,43.60425,43.146014,43.434176,36.389395,43186318
2017-04-24,43.1352,44.339301,42.853936,44.080408,36.936576,44533475
2017-04-25,44.087663,44.226769,43.415222,43.699509,36.619312,46503321
2017-04-26,43.479295,44.71183,43.191536,44.420281,37.22524,53532801
2017-04-27,44.655861,45.05594,43.864994,44.028135,36.898533,21758560
2017-04-28,44.030229,44.238739,43.629076,43.719994,36.642196,63926376
2017-05-01,43.304237,43.607734,43.00684,43.389175,36.370608,50443090
2017-05-02,43.638229,43.681116,43.019982,43.300739,36.298366,61542758
2017-05-03,43.411435,43.567509,43.304404,43.331087,36.325695,40536185
2017-05-04,43.428747,43.599796,43.070482,43.138053,36.165751,34640718
2017-05-05,43.020365,43.280901,42.566156,42.712933,35.811205,56934763
2017-05-08,42.803536,42.934734,42.429616,42.465397,35.609223,33696219
2017-05-09,42.391737,42.416234,42.267888,42.31041,35.481105,38323828
2017-05-10,42.32242,43.438039,42.208509,43.27482,36.291738,38682760
2017-05-11,43.315028,43.519782,42.668935,42.798134,35.89384,44497345
2017-05-12,42.732082,42.90912,42.653888,42.859268,35.946981,40735012
2017-05-15,42.609022,42.849268,42.343521,42.67137,35.794973,26555530
2017-05-16,42.567714,42.62128,42.143509,42.415954,35.582568,34639090
2017-05-17,42.146379,42.687115,42.124567,42.400539,35.571487,53314810
2017-05-18,42.361624,42.857686,42.286561,42.606974,35.746532,33734307
2017-05-19,42.609294,43.706537,42.38018,43.364198,36.383723,27007903
2017-05-22,43.043827,43.998645,42.887065,43.731229,36.697398,38275810
2017-05-23,43.638733,44.010121,43.340325,43.848393,36.797631,38258433
2017-05-24,43.951691,45.078158,43.617803,45.02561,37.787519,34907303
2017-05-25,44.860513,45.513243,44.777413,45.409058,38.111309,39549307
2017-05-26,45.668803,45.964407,45.638781,45.912953,38.536227,32585758
2017-05-30,45.796046,46.069711,45.210775,45.338987,38.062398,37315069
2017-05-31,45.261972,45.289207,44.212978,44.325844,37.213792,35652755
2017-06-01,44.778615,44.869715,43.083142,43.519863,36.539031,24835202
2017-06-02,43.48113,44.039493,43.434256,43.905445,36.864681,60167946
2017-06-05,44.240348,44.286141,42.701336,42.813547,35.953493,43191929
2017-06-06,42.943559,43.1601,42.633624,42.771668,35.920192,36646372
2017-06-07,42.94662,44.713644,42.612273,44.462551,37.34216,44855659
2017-06-08,44.734137,44.95774,44.290537,44.513361,37.386778,39849977
2017-06-09,44.542788,44.961664,44.172955,44.59211,37.454867,29196732
2017-06-12,44.42069,44.507797,44.068198,44.199609,37.130983,30898463
2017-06-13,43.771268,45.758363,43.662216,45.217701,37.988233,34785415
2017-06-14,44.746029,44.961815,44.563993,44.877162,37.7041,27745492
2017-06-15,45.126775,45.182582,44.755572,44.778378,37.623063,48020671
2017-06-16,44.683917,45.661567,44.452172,45.07893,37.877559,49894800
2017-06-19,45.3919,45.512035,43.735235,43.88799,36.882627,31939739
2017-06-20,43.81009,44.222468,43.738282,43.909175,36.902351,38969838
2017-06-21,43.975496,44.892174,43.723425,44.319448,37.249092,55378649
2017-06-22,44.696547,45.166261,44.421124,44.872249,37.715665,45697350
2017-06-23,44.958214,45.461661,43.806022,43.995923,36.981026,45978200
2017-06-26,43.978687,44.012791,42.847213,42.880549,36.049118,58788983
2017-06-27,42.840585,42.90144,42.283978,42.622287,35.833864,25296486
2017-06-28,42.535233,42.710962,42.177793,42.240698,35.514898,48093171
2017-06-29,42.36151,42.46897,41.894793,42.407487,35.656984,50646709
2017-06-30,42.490564,42.552967,41.499266,41.839878,35.181559,29381736
2017-07-03,41.477877,41.50166,41.184801,41.404479,34.820882,30588707
2017-07-05,41.655744,41.677467,40.759985,40.820476,34.333312,53861492
2017-07-06,41.104094,41.299734,40.855068,40.992698,34.479958,33289791
2017-07-07,40.80769,41.454489,40.412476,41.169063,34.630104,47271804
2017-07-10,40.864619,41.491072,40.770801,40.872776,34.386242,46719773
2017-07-11,40.27911,42.148901,40.152717,41.772468,35.144981,30459664
2017-07-12,41.925107,42.014254,40.657194,40.855985,34.375692,37740397
2017-07-13,40.975746,41.041139,40.163598,40.213796,33.837123,32502050
2017-07-14,40.216569,40.520723,39.588512,39.682986,33.39222,23256569
2017-07-17,39.812201,40.072103,39.640559,39.964028,33.633958,41284916
2017-07-18,39.658493,40.492409,39.291643,40.436846,34.033655,47285289
2017-07-19,40.151916,40.477807,39.886126,40.431133,34.030617,21827801
2017-07-20,40.68488,41.394786,39.90757,40.043737,33.706301,40187396
2017-07-21,40.030336,40.071262,39.628756,39.748695,33.459694,35273603
2017-07-24,39.603793,41.313169,39.269902,40.925952,34.456063,30527379
2017-07-25,41.060507,41.658575,40.46683,40.701229,34.268649,61643413
2017-07-26,40.765815,41.512203,40.072301,40.110403,33.772956,34766721
2017-07-27,40.044897,40.489484,39.756521,40.422438,34.03746,44771786
2017-07-28,40.549252,40.920679,39.778219,40.075798,33.74733,57857662
2017-07-31,40.136671,40.392826,39.784955,39.82268,33.539416,39739112
2017-08-01,39.842641,39.912761,39.274978,39.403178,33.18783,39351308
2017-08-02,39.074613,39.399532,38.84898,39.12059,32.95153,27972296
2017-08-03,39.186271,39.20573,38.773827,38.912881,32.778281,40184895
2017-08-04,39.056328,39.739298,38.81244,39.326895,33.128749,38220569
2017-08-07,39.31184,39.641273,38.597711,38.65008,32.563685,32819504
2017-08-08,38.638048,39.044581,38.600648,38.876599,32.756237,38479892
2017-08-09,39.288889,39.475952,39.119407,39.261999,33.082685,23635565
2017-08-10,39.379631,39.73107,39.302759,39.704321,33.457132,43704279
2017-08-11,39.723258,40.074952,39.540142,39.895088,33.619631,33683944
2017-08-14,40.078937,41.031853,40.026261,40.743324,34.339799,26488314
2017-08-15,40.556202,40.641914,39.458947,39.666252,33.433747,48154727
2017-08-16,39.655657,39.775214,39.056088,39.123813,32.978253,29273345
2017-08-17,39.365389,40.303348,38.973276,40.156776,33.85072,32907424
2017-08-18,40.221874,40.572993,39.184043,39.398176,33.212975,33823909
2017-08-21,39.537411,40.599631,39.216255,40.559629,34.197425,30686290
2017-08-22,40.322449,40.621967,39.829102,40.022479,33.746288,46626529
2017-08-23,40.367616,40.522941,39.825659,39.95305,33.689499,30975463
2017-08-24,40.278538,40.590627,40.177205,40.549615,34.194318,34932158
2017-08-25,40.633273,41.358666,40.002763,40.494114,34.149292,37569025
2017-08-28,40.343359,41.984173,40.104612,41.521042,35.02078,41704932
2017-08-29,41.665483,42.515839,41.638707,41.990249,35.418374,49015439
2017-08-30,41.614098,41.999196,41.290141,41.628067,35.114704,27261357
2017-08-31,41.180151,42.537786,41.01237,42.292122,35.676713,35427596
2017-09-01,42.531073,42.577926,41.743232,41.936478,35.378539,24850552
2017-09-05,42.129589,42.674975,41.531593,41.605018,35.106216,50592267
2017-09-06,42.110031,42.171973,41.794894,41.837823,35.304493,38861011
2017-09-07,42.0029,42.144927,41.517769,42.03582,35.473417,52388178
2017-09-08,41.520501,43.046087,41.278343,42.880187,36.187847,66467362
2017-09-11,42.945057,43.850852,42.539071,43.561137,36.768259,30131219
2017-09-12,43.225531,44.097675,43.030171,43.913685,37.067759,51226334
2017-09-13,44.138941,44.189673,42.559291,42.578637,35.942708,74789211
2017-09-14,42.364543,44.227056,42.19305,43.788356,36.965814,30406791
2017-09-15,43.644768,43.8586,43.400717,43.764527,36.947619,30951500
2017-09-18,43.611812,44.235754,43.130722,43.944218,37.105111,36321124
2017-09-19,44.142968,44.411389,43.031612,43.277577,36.544122,22646785
2017-09-20,43.268726,43.504202,42.766609,42.794518,36.138101,46675089
2017-09-21,42.921134,43.55355,42.724562,43.526386,36.758043,44509056
2017-09-22,43.652973,43.674411,43.568547,43.605029,36.826373,45250440
2017-09-25,43.502184,44.930233,43.304287,44.270203,37.393976,44461300
2017-09-26,43.875769,44.98669,43.754886,44.963125,37.981247,42312760
2017-09-27,44.724967,46.157177,44.68977,46.115513,38.956719,44868593
2017-09-28,45.933509,46.751204,45.659972,46.439999,39.232874,36772704
2017-09-29,46.105496,47.245508,45.782035,46.787014,39.528091,24593636
2017-10-02,46.982254,47.376526,45.985987,46.038668,38.90192,33879717
2017-10-03,45.917229,46.326361,45.642638,46.218392,39.055815,19205204
2017-10-04,46.004631,48.134119,45.939492,47.993105,40.557606,68491798
2017-10-05,48.39735,48.580809,47.144795,47.554663,40.189182,33704385
2017-10-06,47.404581,48.444441,47.072944,48.22661,40.759175,38981657
2017-10-09,47.757266,48.227729,47.694652,48.087849,40.648243,32593689
2017-10-10,47.693289,48.172538,47.009502,47.349194,40.025946,58248705
2017-10-11,47.216513,48.02025,46.946942,47.68211,40.309468,45867883
2017-10-12,47.81958,48.81806,47.568999,48.614892,41.100161,67264782
2017-10-13,48.613608,49.827966,48.296206,49.731696,42.04652,41126566
2017-10-16,49.441503,50.458983,49.045542,50.193147,42.443285,34332122
2017-10-17,50.560839,50.977977,50.410076,50.866113,43.014582,38553467
2017-10-18,50.817011,51.425017,50.725167,51.36508,43.43879,54930663
2017-10-19,51.46085,52.860908,51.347679,52.338953,44.264684,42105511
2017-10-20,52.23464,52.371392,51.53732,51.970907,43.955702,31218862
2017-10-23,51.637472,52.387969,51.298551,51.809641,43.826147,48245205
2017-10-24,51.658291,52.431941,51.522663,52.17948,44.141292,47916102
2017-10-25,52.177007,53.723909,51.479916,53.406655,45.181773,37517676
2017-10-26,53.336009,53.535815,52.534663,52.876199,44.735337,53594544
2017-10-27,52.875389,53.140984,52.214865,52.241939,44.201027,40349942
2017-10-30,52.328228,52.84232,51.614573,52.804892,44.684305,41511187
2017-10-31,52.942857,53.913203,52.796196,53.509555,45.282957,39160098
2017-11-01,53.5355,54.515649,53.351455,54.268787,45.927854,28173179
2017-11-02,54.218595,54.927352,53.674909,54.680158,46.278405,55039307
2017-11-03,54.680377,54.743215,52.903873,53.480968,45.265828,56703162
2017-11-06,53.383434,53.465715,52.372517,52.72281,44.631095,61980217
2017-11-07,51.935835,52.600203,51.832265,52.17025,44.165637,22812751
2017-11-08,52.058864,52.372248,51.469177,51.790283,43.84625,39177095
2017-11-09,52.146212,52.2533,51.347151,51.438165,43.550408,51174637
2017-11-10,51.203599,51.548342,50.663066,50.749227,42.969351,37543413
2017-11-13,50.652302,51.69873,50.470615,51.442644,43.563264,48635596
2017-11-14,51.232119,52.840167,50.943301,52.410818,44.385453,29503149
2017-11-15,52.312578,52.641022,51.781329,51.858705,43.920167,27812447
2017-11-16,52.173919,52.296053,51.944971,52.147342,44.166916,38784377
2017-11-17,52.301605,53.024831,52.216335,52.673849,44.61517,30990421
2017-11-20,52.611837,53.112265,52.358854,52.391531,44.38297,33858193
2017-11-21,52.310816,53.251246,52.125075,53.049208,44.942452,49348858
2017-11-22,53.207913,53.267321,52.283795,52.41172,44.404692,36361560
2017-11-24,52.580388,53.430633,52.462514,53.379738,45.22953,25841941
2017-11-27,53.172528,53.93708,53.036034,53.893969,45.672374,48668200
2017-11-28,54.205423,54.404633,53.142317,53.27097,45.146762,47226226
2017-11-29,53.353494,54.159439,53.119515,54.027784,45.790538,37277986
2017-11-30,53.714763,54.010296,52.291032,52.60451,44.586581,54238475
2017-12-01,52.5336,52.807117,51.982877,52.466793,44.472167,53015131
2017-12-04,52.603021,53.182314,51.593286,52.111027,44.177505,44999708
2017-12-05,52.683903,53.302294,50.960359,51.25671,43.455513,72383850
2017-12-06,51.120933,52.185037,50.62741,52.017172,44.102527,38908710
2017-12-07,52.395007,53.047856,52.225284,52.341762,44.380038,20478845
2017-12-08,52.34168,53.678109,52.095539,53.537245,45.396037,60597226
2017-12-11,53.272276,53.737088,52.789147,53.703294,45.543942,24416528
2017-12-12,54.161809,54.565132,53.913954,54.145577,45.921416,39667015
2017-12-13,53.928807,55.424665,53.144882,55.080142,46.71646,23933086
2017-12-14,55.130003,56.768511,54.67935,55.884879,47.401468,37648833
2017-12-15,56.226793,56.733899,55.368741,55.827506,47.355267,24800080
2017-12-18,55.532092,55.720715,55.159809,55.615412,47.182722,30971075
2017-12-19,55.245837,57.260783,54.847651,56.613636,48.032089,46684302
2017-12-20,56.547216,56.830276,56.174594,56.29662,47.765612,50176210
2017-12-21,56.078399,56.112219,55.110858,55.32513,46.94378,33318012
2017-12-22,55.277818,56.13957,55.0232,56.032166,47.546178,49931345
2017-12-26,56.342687,56.434816,55.242719,55.412637,47.030261,29860535
2017-12-27,55.840831,56.496573,55.585817,56.36631,47.842159,46816650
2017-12-28,56.647594,57.090543,55.611653,56.037484,47.565535,36742312
2017-12-29,56.11996,56.701573,55.893091,56.213957,47.71781,32332380
2018-01-02,56.217896,56.563472,55.235736,55.482266,47.106507,35431116
2018-01-03,55.458563,56.782761,55.032667,56.414457,47.900464,19424189
2018-01-04,56.538957,56.904981,56.456613,56.86541,48.285871,36850555
2018-01-05,56.744054,57.334249,56.619287,56.901273,48.318837,33827475
2018-01-08,57.280738,57.907948,56.151634,56.629985,48.095972,52819316
2018-01-09,56.68212,56.756829,55.83443,56.121784,47.666836,54255890
2018-01-10,56.074991,56.466415,55.671074,56.368039,47.878482,42975758
2018-01-11,56.355629,56.47505,56.170811,56.406589,47.913718,32394118
2018-01-12,55.793622,56.897969,55.676131,56.809431,48.258417,34376603
2018-01-16,56.735624,57.299799,56.53787,57.216421,48.61426,31610877
2018-01-17,57.140299,57.322294,55.996463,56.243115,47.789771,30711343
2018-01-18,56.224717,58.366777,55.923204,57.856247,49.163007,44899214
2018-01-19,57.779621,58.136469,56.44315,57.295949,48.689429,27384872
2018-01-22,57.482847,58.991572,57.423253,58.879845,50.043215,63240480
2018-01-23,58.805482,59.710091,58.265144,59.626214,50.680206,42869270
2018-01-24,60.048004,60.269757,59.657919,59.819253,50.846927,27175736
2018-01-25,59.451108,60.02832,58.902299,59.653119,50.70835,36939191
2018-01-26,59.776453,59.874507,59.097531,59.18621,50.314069,30066536
2018-01-29,59.40022,59.771414,57.997056,58.479353,49.72093,61774502
2018-01-30,58.427447,58.790277,57.28682,57.482656,48.87605,49711859
2018-01-31,57.808937,59.099711,57.488386,58.815243,50.011717,56959845
2018-02-01,58.348766,59.396915,58.306467,59.137181,50.288083,50523930
2018-02-02,58.916414,59.104701,58.490323,59.071424,50.234778,74244753
2018-02-05,59.029329,59.992344,58.900451,59.780128,50.8454,31792196
2018-02-06,59.644707,61.29186,59.456046,61.247513,52.09618,50707304
2018-02-07,61.097698,61.937349,60.809582,61.675162,52.46266,27167847
2018-02-08,61.474399,61.749004,60.644769,60.933107,51.834143,47759888
2018-02-09,61.47317,61.620368,60.526435,60.935893,51.83921,51409397
2018-02-12,60.910008,61.509602,60.450466,61.161273,52.039065,23011715
2018-02-13,61.309535,61.545806,60.579057,60.62218,51.583061,73717838
2018-02-14,60.485222,61.509683,60.385434,61.049834,51.949652,67326544
2018-02-15,60.915491,60.98831,59.570297,59.682725,50.788968,17184548
2018-02-16,59.920417,60.698198,59.254971,59.550899,50.679423,24839101
2018-02-20,59.642007,59.807753,58.96002,59.386032,50.549633,47147361
2018-02-21,59.127476,59.975508,58.59409,59.919437,51.006323,31160923
2018-02-22,60.087318,61.010363,59.914774,60.916656,51.857902,54107130
2018-02-23,61.177589,61.612378,60.737157,60.800983,51.762122,34247754
2018-02-26,61.619763,61.878379,59.491934,59.518913,50.678557,54994597
2018-02-27,59.533339,59.666555,58.407084,58.579356,49.881147,49079510
2018-02-28,58.545135,58.980984,58.345122,58.911356,50.16646,45933923
2018-03-01,59.181261,59.754061,59.093043,59.217417,50.429712,34597927
2018-03-02,58.997652,59.186392,58.426305,58.623274,49.926335,43956229
2018-03-05,58.72009,59.142336,57.312433,57.761585,49.200158,37318655
2018-03-06,57.698957,57.913762,57.16457,57.51172,48.989876,23818074
2018-03-07,57.380125,58.497606,57.01303,58.272096,49.640165,73599754
2018-03-08,58.05552,59.395697,57.988725,59.267179,50.490471,32706474
2018-03-09,59.217406,59.531886,58.130451,58.775751,50.074422,30871650
2018-03-12,59.166428,61.296351,58.835468,60.904153,51.895828,20320484
2018-03-13,60.917177,61.342606,60.549658,60.789877,51.801149,47101519
2018-03-14,60.915193,61.66613,59.259954,59.73219,50.902505,46271580
2018-03-15,59.872776,61.14799,59.749416,60.498715,51.558403,45420170
2018-03-16,60.664993,60.815831,60.071183,60.711178,51.742161,37500706
2018-03-19,60.621785,60.992598,59.43056,59.889309,51.049675,39090830
2018-03-20,59.742906,60.589392,59.696826,60.376415,51.467561,39372154
2018-03-21,60.143483,60.974129,60.052049,60.687198,51.735178,55514567
2018-03-22,60.67069,62.404168,60.209025,61.794113,52.681551,32904819
2018-03-23,61.486648,62.379092,61.278481,61.938862,52.807701,55431353
2018-03-26,62.473243,62.704821,62.091018,62.14556,52.992197,37196937
2018-03-27,62.16451,63.57724,61.775149,63.409944,54.073163,40804407
2018-03-28,63.265483,64.398824,62.89739,63.78755,54.397999,43571159
2018-03-29,63.720593,64.265985,63.526564,64.130159,54.69302,30552116
2018-04-02,63.876876,65.027984,63.636951,64.275366,54.828267,57078584
2018-04-03,64.100614,65.815833,63.87961,65.292484,55.698787,34160631
2018-04-04,65.582128,66.029547,64.882147,65.040019,55.486305,58808882
2018-04-05,65.435148,66.995171,65.287275,66.585616,56.807824,67440905
2018-04-06,66.962233,68.802893,66.867098,68.498403,58.442767,32680718
2018-04-09,69.162501,69.445477,68.389716,69.002777,58.882287,62039032
2018-04-10,68.914191,69.669241,68.377081,69.39026,59.216019,41455406
2018-04-11,69.175867,69.42872,68.514104,68.569984,58.519058,32491839
2018-04-12,68.340737,69.673241,68.301311,69.459023,59.280867,74876846
2018-04-13,69.336711,69.67379,68.956004,69.212739,59.073745,33848497
2018-04-16,69.557071,70.023479,69.414203,69.91253,59.680336,37494193
2018-04-17,69.924271,71.537702,69.775583,71.479985,61.021557,28941468
2018-04-18,71.345709,73.017684,71.296183,72.048305,61.509924,43741733
2018-04-19,71.978136,72.135021,71.117038,71.741682,61.251337,24288954
2018-04-20,71.660694,71.912788,71.033561,71.745137,61.257473,38006250
2018-04-23,71.771515,72.47,71.577582,71.937321,61.43115,34164147
2018-04-24,71.260943,72.578984,71.184475,72.17068,61.633634,40259015
2018-04-25,72.302829,72.934485,71.450892,72.826969,62.197339,66109682
2018-04-26,72.254269,72.709356,72.10189,72.287612,61.739917,24772082
2018-04-27,71.840064,72.153364,71.5419,71.959847,61.463174,50265334
2018-04-30,71.395828,72.368078,70.917348,72.338699,61.796407,35980592
2018-05-01,72.509848,73.749857,72.307226,73.554694,62.838457,48954260
2018-05-02,73.791078,74.181385,72.515836,72.671665,62.087306,56503174
2018-05-03,72.519069,72.646901,71.814184,71.91945,61.447846,54270704
2018-05-04,71.8515,73.084277,71.633534,72.582583,62.01765,26590340
2018-05-07,72.10217,73.73876,71.987147,73.006579,62.389667,36684320
2018-05-08,72.138092,72.261499,71.919399,72.063246,61.586721,39831492
2018-05-09,72.103011,72.265423,71.30432,71.509581,61.116726,24660454
2018-05-10,71.525044,72.145269,70.992993,72.029253,61.564074,35651566
2018-05-11,72.253582,72.543583,72.028073,72.114911,61.640494,32222071
2018-05-14,72.035445,73.011669,71.948877,72.777597,62.216635,53085215
2018-05-15,73.060637,73.66416,72.950676,73.592485,62.916546,40295733
2018-05-16,73.578564,74.049682,73.38533,73.804464,63.101055,47863236
2018-05-17,73.841124,74.011615,73.363991,73.7289,63.039729,43443384
2018-05-18,73.368694,74.170412,72.624523,73.992205,63.268152,40741065
2018-05-21,73.530735,75.4954,73.094416,75.346148,64.435915,45611296
2018-05-22,75.74748,77.440219,75.099108,76.559838,65.477267,57638465
2018-05-23,76.129995,76.230234,74.776249,74.950567,64.104285,34399572
2018-05-24,75.082646,75.543177,74.598029,75.198221,64.319445,28082773
2018-05-25,75.351616,75.7978,75.078364,75.178019,64.305511,35513655
2018-05-29,75.408249,76.179171,74.911938,75.537654,64.62658,41919455
2018-05-30,75.51147,76.385702,75.19526,76.109133,65.118899,35884966
2018-05-31,75.93982,76.600256,75.815404,76.415471,65.384403,34350203
2018-06-01,76.17202,76.206536,74.263085,74.603505,63.837326,44138607
2018-06-04,74.368468,75.401519,72.794145,72.949066,62.431385,33875901
2018-06-05,72.981752,73.224407,72.110888,72.519201,62.066725,34429049
2018-06-06,72.638582,72.870601,72.267514,72.738926,62.25802,36932355
2018-06-07,73.01567,73.5529,72.439725,72.705214,62.232402,40814123
2018-06-08,72.492879,72.729665,72.0773,72.432969,62.002598,57838666
2018-06-11,72.004615,72.848288,71.54047,72.617976,62.170665,35617048
2018-06-12,72.520163,74.372418,72.394552,73.509817,62.937474,68345739
2018-06-13,73.402094,75.175761,72.769194,74.666871,63.931443,42219460
2018-06-14,74.725367,75.250722,73.867339,74.077233,63.429882,77978931
2018-06-15,74.811109,75.059068,73.606644,74.155908,63.500551,83673376
2018-06-18,74.208545,74.62559,74.178153,74.370485,63.694236,57919868
2018-06-19,74.37842,75.26138,74.129757,75.210532,64.41704,40712816
2018-06-20,74.926763,77.848997,74.551441,77.538336,66.414235,73391155
2018-06-21,77.462867,77.514363,76.908121,77.059517,66.007544,56043621
2018-06-22,76.873368,77.063248,76.550963,76.890316,65.866036,44296824
2018-06-25,77.002185,77.159933,75.790532,76.221991,65.303724,19864301
2018-06-26,76.367669,77.327509,76.023168,76.694619,65.71207,57029179
2018-06-27,76.445013,76.890024,75.485833,76.465376,65.519061,36792707
2018-06-28,76.339537,76.836536,75.986479,76.693228,65.717714,21376228
2018-06-29,76.48216,77.719908,75.85949,76.316265,65.3981,42673542
2018-07-02,76.138887,78.163834,75.822847,76.960178,65.960184,48221032
2018-07-03,76.4718,78.097562,75.955998,77.20098,66.170011,28058935
2018-07-05,77.368267,77.580464,76.83324,76.944633,65.957153,19993729
2018-07-06,77.251466,78.461132,77.189442,78.147438,66.991686,50366361
2018-07-09,78.186229,78.428588,77.012774,77.912239,66.800486,36322583
2018-07-10,78.08063,79.197737,75.66349,76.406585,65.512975,36438111
2018-07-11,75.788214,76.324038,75.419453,76.123698,65.273816,60137873
2018-07-12,76.479047,76.579228,75.346082,75.864591,65.055023,36720468
2018-07-13,75.83075,77.240609,75.294318,77.125607,66.139804,34630759
2018-07-16,76.605924,77.139838,75.637893,76.736559,65.816442,41748005
2018-07-17,76.952488,77.240836,76.761497,76.79893,65.873364,36409084
2018-07-18,76.858391,77.291812,76.417087,76.913278,65.974877,40270288
2018-07-19,77.008592,77.279763,76.225217,76.592546,65.703176,28966294
2018-07-20,76.662018,78.04238,76.445689,77.786252,66.730641,79200767
2018-07-23,78.452453,78.546148,75.244827,75.71146,64.960872,72759424
2018-07-24,75.77382,76.546922,74.320677,74.901187,64.268996,32246136
2018-07-25,75.120358,76.410611,74.880864,75.795335,65.039603,19231247
2018-07-26,75.607115,75.996346,75.166106,75.86917,65.106347,39676460
2018-07-27,75.75656,77.710132,75.66546,77.24693,66.292106,32116733
2018-07-30,77.977361,78.201662,77.278797,77.315581,66.361377,54024217
2018-07-31,77.428317,78.244308,76.998185,77.829228,66.805724,40139657
2018-08-01,77.88368,78.592904,76.895525,77.334201,66.384265,27231396
2018-08-02,76.777541,77.295568,76.637587,76.859296,65.980035,22759000
2018-08-03,77.225539,77.479907,76.657366,77.419579,66.464468,35461143
2018-08-06,77.921158,78.079979,76.149955,76.430736,65.625791,33173975
2018-08-07,76.504252,77.674258,76.429401,77.612627,66.644065,44362273
2018-08-08,78.232026,79.219862,78.175199,79.143788,67.962371,43219856
2018-08-09,79.191551,79.839792,78.96018,79.351389,68.144187,63976257
2018-08-10,79.474621,79.552776,77.969929,78.199383,67.158378,33342254
2018-08-13,78.004203,79.540171,77.695148,79.434912,68.230109,32305728
2018-08-14,79.21872,79.429515,78.583133,78.680782,67.58587,42385224
2018-08-15,78.626109,79.794472,78.289908,79.473779,68.270596,40593380
2018-08-16,78.892908,79.738037,78.852222,79.354055,68.171295,46739459
2018-08-17,79.046516,80.839994,78.967629,80.695094,69.326958,59575313
2018-08-20,80.997748,82.191422,80.681411,81.322279,69.876691,43254024
2018-08-21,81.425946,81.638238,81.063955,81.412557,69.957902,57018115
2018-08-22,81.758777,82.627648,79.130111,79.51006,68.326638,39723633
2018-08-23,79.307689,79.500704,78.709251,79.085434,67.965273,40947394
2018-08-24,79.207664,80.042117,78.745316,79.830589,68.609221,46290006
2018-08-27,79.886024,80.268612,78.174422,79.365919,68.220513,64145584
2018-08-28,79.208031,80.666635,78.868479,80.102368,68.857124,30469480
2018-08-29,80.106128,80.489697,79.61774,79.937937,68.719351,44206684
2018-08-30,80.325052,80.455375,78.43072,78.910474,67.839612,53378307
2018-08-31,78.829462,79.522308,77.702701,78.183168,67.217841,34673744
2018-09-04,78.170912,78.806668,76.116703,76.681611,65.9406,46119191
2018-09-05,76.743258,77.121773,76.526685,77.014663,66.230445,45563068
2018-09-06,76.85279,78.246453,76.791284,77.477556,66.631986,57645750
2018-09-07,77.895233,78.020967,77.646742,77.987395,67.073945,31695119
2018-09-10,77.487863,79.125211,77.180846,78.857518,67.83289,47486261
2018-09-11,78.304147,79.056885,77.490305,78.685955,67.688833,29489502
2018-09-12,79.181949,79.438742,78.294998,78.355944,67.40845,31131310
2018-09-13,78.512069,79.449908,78.169874,78.575039,67.600451,73430586
2018-09-14,78.75411,78.833285,78.395789,78.717513,67.726549,40372861
2018-09-17,78.579698,80.049025,78.397719,79.587788,68.485998,35370129
2018-09-18,79.941672,81.283621,79.410185,80.970956,69.679851,52145393
2018-09-19,80.726718,81.180325,80.131112,80.594632,69.359612,42080037
2018-09-20,80.553205,81.397795,80.008826,80.777365,69.520488,55224692
2018-09-21,80.894173,81.14438,80.528205,81.08687,69.790491,38674116
2018-09-24,80.955131,81.066169,79.504556,80.001864,68.867386,35188464
2018-09-25,80.5939,81.506987,80.270423,81.311183,69.998119,37599942
2018-09-26,81.017879,81.190578,80.280545,80.63684,69.42121,29602941
2018-09-27,81.040667,81.284588,79.849718,80.325189,69.156504,25095844
2018-09-28,80.422768,81.043865,79.349981,79.721034,68.639922,19761744
2018-10-01,79.175833,80.938501,78.845224,80.038273,68.923821,52466607
2018-10-02,79.694558,79.739543,78.090206,78.194033,67.339183,54778199
2018-10-03,77.702793,78.847072,76.107433,76.238051,65.658144,45210345
2018-10-04,76.257206,76.292195,75.268491,75.586664,65.10054,44698299
2018-10-05,75.662944,76.068083,75.524337,75.89737,65.371542,39099511
2018-10-08,76.410667,77.113087,74.636119,75.593739,65.120182,31443492
2018-10-09,75.551068,76.911496,75.252415,76.65185,66.035126,41576675
2018-10-10,76.643283,77.181462,75.44057,76.806464,66.171768,34812709
2018-10-11,76.586121,77.864645,76.116195,77.764625,67.000745,42330380
2018-10-12,77.577464,78.000228,76.722261,77.185976,66.505651,34322258
2018-10-15,76.796944,78.264248,76.377072,77.459513,66.751754,48526250
2018-10-16,77.813826,77.897069,77.343749,77.734887,66.992546,47401391
2018-10-17,77.848274,79.061126,77.69819,78.833166,67.942586,61331676
2018-10-18,79.199773,79.726349,77.86876,78.149381,67.356768,112993231
2018-10-19,77.85204,78.962435,77.618944,78.544688,67.701003,38835872
2018-10-22,78.559468,78.662783,76.96335,76.995311,66.375887,53824388
2018-10-23,77.127363,79.086157,76.715417,78.718414,67.864865,50621529
2018-10-24,78.369247,80.7634,78.27864,79.854392,68.847797,28925314
2018-10-25,79.738817,80.204275,78.537141,78.924989,68.050037,38802131
2018-10-26,78.72347,79.778835,78.628362,79.46418,68.518498,62176424
2018-10-29,79.543432,79.75218,78.921242,79.19215,68.294596,37770074
2018-10-30,79.550076,80.199128,78.437083,78.993151,68.126524,33804026
2018-10-31,79.836535,80.483189,78.812303,79.301608,68.396107,47609746
2018-11-01,79.37878,80.086513,78.945342,79.940924,68.951091,46546025
2018-11-02,80.092059,80.137516,79.624758,79.936249,68.950645,29435391
2018-11-05,79.477147,79.71548,77.965638,78.063773,67.346012,34951288
2018-11-06,77.864915,79.120739,77.510942,78.701087,67.899358,28645907
2018-11-07,78.645878,78.72119,78.003713,78.595101,67.811446,21962502
2018-11-08,78.745371,79.073952,78.371279,78.601092,67.820142,41088710
2018-11-09,78.415261,79.214185,77.948638,79.16266,68.308239,29101396
2018-11-12,79.343697,79.877311,78.723265,79.514269,68.622345,24923271
2018-11-13,79.300412,82.457595,79.193939,82.094637,70.852938,48133387
2018-11-14,82.075824,83.248068,79.942366,80.451817,69.438691,54050557
2018-11-15,80.723979,84.276221,80.631184,83.640831,72.194914,54734148
2018-11-16,84.288759,84.427495,82.600114,82.727098,71.409935,36345912
2018-11-19,82.404082,85.199055,81.87158,84.420757,72.883273,36875646
2018-11-20,84.334641,85.600805,83.584609,84.838236,73.247507,40610796
2018-11-21,85.073987,86.509671,84.486041,85.515287,73.835899,42871402
2018-11-23,85.31537,86.412471,85.275836,85.983109,74.247552,41799939
2018-11-26,85.333719,88.202387,85.170491,87.800659,75.828863,29445296
2018-11-27,87.722842,88.305846,86.360367,86.638898,74.829403,48245554
2018-11-28,86.327148,87.775199,85.602352,86.960183,75.110802,45459421
2018-11-29,86.855757,90.166785,86.68738,89.867963,77.626399,70086342
2018-11-30,89.777025,90.710167,88.041272,90.359353,78.054913,42741378
2018-12-03,90.408042,92.963517,90.303618,92.416867,79.84471,39602811
2018-12-04,91.765126,91.811604,90.729767,91.374825,78.948532,43277181
2018-12-05,91.499181,94.456856,91.197802,93.589349,80.866104,53581208
2018-12-06,93.949949,94.708346,93.775503,94.584705,81.730396,47492829
2018-12-07,94.970738,95.210533,93.01451,93.219396,80.554825,49626169
2018-12-10,93.837163,95.473958,93.143858,95.209592,82.287479,59789675
2018-12-11,94.88106,95.893546,94.301394,95.759902,82.767405,35553603
2018-12-12,95.738105,96.620867,95.164242,95.700223,82.720126,41760414
2018-12-13,95.478499,96.868545,94.124955,96.747719,83.629897,65321610
2018-12-14,96.732355,97.727627,95.487525,95.895328,82.897392,35318291
2018-12-17,96.211042,98.986466,95.495775,97.608095,84.391174,60197712
2018-12-18,97.82724,98.913997,97.617052,98.590746,85.245201,44526813
2018-12-19,98.988915,100.077793,98.053603,98.291287,84.990698,65515424
2018-12-20,98.310696,99.080283,98.054342,98.357093,85.052024,41283918
2018-12-21,98.091414,98.349675,97.328002,97.614372,84.414164,36775674
2018-12-24,98.229236,99.207106,96.521167,97.559795,84.380134,41888713
2018-12-26,97.17073,97.593974,95.38274,96.222874,83.232481,37548133
2018-12-27,96.212673,96.421662,94.916631,95.187271,82.340971,29470645
2018-12-28,95.404836,97.417686,94.779503,96.889385,83.817731,35114793
2018-12-31,96.552955,97.830278,95.245433,97.631734,84.473109,26404788
2019-01-02,98.033151,99.373733,97.582135,98.297551,85.058037,59460118
2019-01-03,97.757624,99.034753,97.387686,98.833056,85.525865,60304325
2019-01-04,99.276557,99.570437,98.691859,98.759256,85.466447,29003391
2019-01-07,98.731746,99.643266,94.541721,94.986604,82.214416,29408204
2019-01-08,95.014597,95.106102,92.762522,92.805509,80.330777,38381890
2019-01-09,92.259665,92.380904,90.86148,91.482315,79.189563,26730139
2019-01-10,92.340437,92.781684,89.051006,89.441996,77.427435,30193287
2019-01-11,90.011171,90.921204,89.696437,90.570457,78.408392,37765945
2019-01-14,90.843538,92.405835,90.215182,92.306092,79.923432,38738517
2019-01-15,92.802581,94.695018,92.065176,93.501755,80.96291,33747183
2019-01-16,93.312668,93.76922,90.159213,91.532393,79.261769,39214894
2019-01-17,91.278384,94.089217,89.922374,93.424996,80.904862,72182087
2019-01-18,94.233438,94.652864,92.240615,92.661164,80.247568,45593387
2019-01-22,92.424213,94.750518,92.143941,94.05442,81.471122,24870338
2019-01-23,93.80643,95.747847,92.540742,95.224559,82.489002,33483282
2019-01-24,95.148539,95.559644,93.778249,94.186869,81.594341,39327572
2019-01-25,94.599641,96.618665,93.504415,96.453639,83.562396,35587646
2019-01-28,97.563786,97.815145,93.002971,93.186227,80.744281,46309833
2019-01-29,92.647107,94.57488,92.015399,93.82125,81.298747,48008130
2019-01-30,94.531108,97.524608,93.58731,97.42734,84.427916,38800896
2019-01-31,96.607441,98.393645,96.540985,97.805768,84.760261,34701000
2019-02-01,98.257483,98.692309,97.805532,98.459661,85.331375,31177501
2019-02-04,97.844391,100.332217,97.289598,99.324839,86.094628,25007078
2019-02-05,98.473564,99.306271,97.217107,98.076248,85.016774,67783249
2019-02-06,97.917959,98.28677,97.129258,97.575522,84.587122,53911135
2019-02-07,98.533224,99.341383,98.488223,99.161205,85.966205,25897984
2019-02-08,99.735843,100.562746,98.052605,98.296531,85.221023,33376857
2019-02-11,98.691189,99.499847,98.557915,99.375169,86.169626,45060441
2019-02-12,99.367088,99.561077,98.351616,99.357641,86.158909,30443608
2019-02-13,99.762063,99.803351,97.034094,97.533481,84.581471,42067455
2019-02-14,97.190571,98.075949,95.334767,96.441599,83.638937,95548245
2019-02-15,96.351356,98.159246,96.252215,97.553222,84.607392,65992147
2019-02-19,98.15208,101.461822,97.624726,100.516889,87.195906,38851328
2019-02-20,100.406261,100.543877,98.43134,98.500569,85.451243,64008005
2019-02-21,98.078293,98.948974,96.540842,96.799643,83.980024,40934493
2019-02-22,96.577508,98.308861,96.242688,98.220347,85.217011,60289186
2019-02-25,98.091791,99.37381,97.111828,98.320777,85.317458,44766579
2019-02-26,98.59253,99.190289,96.855711,97.9787,85.025045,39100855
2019-02-27,98.131814,99.947625,97.991597,99.809809,86.618571,54412143
2019-02-28,99.162225,99.401952,97.266713,98.051694,85.097242,25670978
2019-03-01,98.775354,99.644884,97.127132,97.650663,84.753604,41557721
2019-03-04,97.666364,98.516854,96.247876,97.293105,84.456448,66312704
2019-03-05,97.051246,98.851865,97.006055,98.307392,85.341352,36955670
2019-03-06,97.539452,97.901231,96.779963,97.733834,84.847855,33597171
2019-03-07,98.450122,98.837017,97.939241,98.232401,85.285123,50063626
2019-03-08,98.713371,101.412424,98.145167,99.991346,86.816751,39762906
2019-03-11,100.351684,100.516891,96.643333,97.493826,84.661509,24470754
2019-03-12,97.813449,98.158886,94.543254,95.10705,82.593181,29685297
2019-03-13,94.849567,96.953673,94.437321,96.640881,83.929562,36315089
2019-03-14,97.059783,99.527403,95.810297,98.955045,85.943811,72205452
2019-03-15,98.90773,100.837042,97.646701,99.306106,86.253198,68593442
2019-03-18,99.675234,100.403296,99.578155,100.167302,87.014776,42768638
2019-03-19,100.082424,101.209018,99.700939,99.990308,86.865541,43609795
2019-03-20,100.251404,103.512417,100.194173,103.382262,89.816938,41452537
2019-03-21,102.829467,104.476622,102.662371,103.787709,90.173875,74098324
2019-03-22,102.396425,106.437545,102.107712,105.704337,91.843877,59222384
2019-03-25,105.466721,106.081961,104.893536,105.194268,91.414955,39442796
2019-03-26,105.008188,106.063146,103.417631,103.884204,90.281191,40434865
2019-03-27,103.288628,103.548855,102.307206,102.432963,89.024612,33197444
2019-03-28,101.734954,102.72219,101.082141,102.42405,89.021497,53144687
2019-03-29,102.316412,103.334692,101.852447,102.150271,88.788161,35003692
2019-04-01,102.667991,102.731131,99.610951,101.085876,87.876711,42248866
2019-04-02,101.032721,104.671504,100.730415,104.504724,90.853535,55196481
2019-04-03,104.271415,104.649272,103.622926,103.766361,90.216315,58575444
2019-04-04,104.817591,106.463346,103.94535,104.999384,91.293076,37280605
2019-04-05,104.489619,105.984463,102.900853,104.670547,91.011898,36325559
2019-04-08,104.986168,106.995421,104.298169,106.705667,92.795933,41706333
2019-04-09,106.234533,107.455029,104.664631,105.086238,91.39236,63803599
2019-04-10,105.210088,107.926226,104.747651,107.698991,93.669515,28607853
2019-04-11,106.093542,109.735321,105.966396,109.212389,94.990711,37608755
2019-04-12,109.22752,109.339921,107.110793,108.048227,93.983035,43079425
2019-04-15,107.06325,109.374346,106.099469,108.530357,94.417137,34473659
2019-04-16,107.68582,109.519052,106.293087,109.134062,94.947276,32121622
2019-04-17,109.272576,109.898305,109.200525,109.793987,95.526384,37740576
2019-04-18,110.330273,111.274936,109.560687,110.559439,96.19737,31600789
2019-04-22,111.137423,111.190786,109.695856,109.82498,95.578205,43066904
2019-04-23,110.746985,111.247414,108.207159,108.257119,94.218632,54462055
2019-04-24,108.200618,111.263575,106.932457,110.634569,96.29279,59359377
2019-04-25,110.318067,111.672569,108.203737,109.078515,94.94339,43306590
2019-04-26,109.004721,109.37837,107.355194,108.736629,94.65073,48515850
2019-04-29,107.86285,108.552376,107.076187,108.48919,94.450083,34052491
2019-04-30,107.996087,108.855555,106.302741,107.109597,93.253869,70532556
2019-05-01,107.31599,108.839058,107.245312,108.601221,94.557454,45390061
2019-05-02,107.713993,109.681521,107.182033,108.767946,94.707546,34725220
2019-05-03,108.738183,110.985475,108.608603,110.175378,95.93803,19987175
2019-05-06,109.538241,110.673425,109.352166,110.316443,96.075859,88843062
2019-05-07,109.611198,110.824834,109.314857,110.053655,95.851979,66458598
2019-05-08,110.409811,111.526667,109.265775,110.734233,96.449751,39172087
2019-05-09,110.63499,111.182364,109.908877,110.114137,95.914635,50644763
2019-05-10,110.373848,110.921177,109.442639,110.012553,95.831135,55192453
2019-05-13,109.658877,110.835417,108.808006,109.79445,95.656074,53741914
2019-05-14,109.924258,111.217588,109.423067,111.120316,96.816243,42683831
2019-05-15,111.173301,111.25488,109.237219,110.262029,96.073437,47462811
2019-05-16,110.207799,110.365318,107.882563,108.418689,94.472213,34355844
2019-05-17,108.3745,109.761612,107.224291,109.442856,95.369597,39805452
2019-05-20,109.635905,109.971268,109.243776,109.77738,95.676035,34702665
2019-05-21,110.01468,113.237872,109.530124,111.973219,97.594885,32017605
2019-05-22,111.67177,112.502567,111.046224,111.519665,97.204628,40426553
2019-05-23,110.976883,113.015564,110.628225,112.055617,97.676865,27269508
2019-05-24,112.544443,112.954788,110.939417,111.092183,96.842094,44372214
2019-05-28,111.471414,111.796612,109.524019,110.155264,96.045339,46525995
2019-05-29,110.790188,110.854076,108.078281,108.514779,94.619908,29044526
2019-05-30,108.803584,110.533775,108.688073,109.942317,95.869643,47690361
2019-05-31,109.386089,111.870753,108.729892,111.824811,97.516248,51983866
2019-06-03,111.522322,115.480371,110.309385,115.130497,100.414624,50563241
2019-06-04,115.086104,117.288639,114.684698,116.966491,102.02125,36056550
2019-06-05,117.358226,117.416412,117.185356,117.346099,102.357678,30682202
2019-06-06,117.07041,117.602819,115.241825,115.972605,101.164881,59179720
2019-06-07,116.870912,117.523295,116.343252,117.251371,102.285691,55445933
2019-06-10,117.835348,120.151968,117.228469,119.450895,104.220736,23327493
2019-06-11,118.948579,118.996931,116.143552,116.725289,101.847947,66893704
2019-06-12,117.014189,118.235564,115.706738,116.052738,101.266384,74722670
2019-06-13,116.224003,117.055237,115.741905,116.800782,101.924421,58960896
2019-06-14,117.393299,118.238917,115.704807,116.517475,101.682487,41638175
2019-06-17,116.143446,117.997958,116.019106,117.735649,102.761599,41879172
2019-06-18,117.806717,117.937216,117.135955,117.443814,102.512213,37423933
2019-06-19,118.494108,118.902037,116.085675,116.860312,102.008203,75075353
2019-06-20,116.859656,117.027451,116.161287,116.741477,101.909772,25625308
2019-06-21,117.225183,117.600885,114.226941,115.866954,101.151616,34144586
2019-06-24,115.946647,116.00466,114.912084,115.457677,100.81005,31763661
2019-06-25,115.467324,116.287493,115.329375,116.025259,101.310895,41213709
2019-06-26,115.968329,116.718785,114.65134,115.004954,100.425209,35650172
2019-06-27,115.412919,116.378391,114.245538,114.87742,100.319061,48679442
2019-06-28,115.177567,115.370682,112.54128,113.346131,98.986981,29738609
2019-07-01,113.841913,114.461043,112.337519,112.69283,98.431803,28975669
2019-07-02,112.86226,113.953184,112.706843,113.120314,98.81033,24055598
2019-07-03,113.742862,114.286787,112.664677,112.795728,98.531929,33848962
2019-07-05,111.687258,113.092385,111.064557,112.966742,98.691585,31887584
2019-07-08,112.228887,114.100289,111.314758,113.482523,99.157662,50995709
2019-07-09,113.062744,115.427487,112.742216,114.974708,100.466715,58654339
2019-07-10,115.669346,115.976055,112.728211,113.244333,98.959834,51785222
2019-07-11,112.814847,115.406911,112.349926,114.190254,99.791628,30236700
2019-07-12,114.769132,115.384427,113.526747,113.591019,99.273117,39423863
2019-07-15,113.660486,114.314482,112.996133,113.846035,99.511517,39842228
2019-07-16,113.760029,114.298193,113.033515,113.881118,99.547361,47879904
2019-07-17,113.402603,115.212213,113.161953,115.091764,100.610862,31201405
2019-07-18,115.404249,116.9566,113.482588,113.958973,99.625781,43126650
2019-07-19,114.651844,114.921726,111.691922,111.773114,97.719931,47019385
2019-07-22,111.608393,112.02669,110.308527,110.394653,96.529846,38262169
2019-07-23,110.365159,111.845699,110.282076,111.415862,97.427867,58567078
2019-07-24,112.015615,113.068022,111.576652,112.236033,98.150173,29603915
2019-07-25,112.16974,113.053176,111.527553,112.724872,98.58279,38699055
2019-07-26,112.498364,113.537532,112.406852,113.316365,99.105232,34202592
2019-07-29,113.592265,114.649485,112.84226,114.298337,99.979655,52712990
2019-07-30,114.860424,115.161181,111.632476,111.726533,97.735116,30683079
2019-07-31,112.30734,112.528385,109.462784,109.832248,96.083049,48511762
2019-08-01,110.441403,111.321317,108.996282,109.246302,95.575425,51319699
2019-08-02,108.428515,112.407288,107.365523,111.80982,97.823238,30356823
2019-08-05,112.591276,113.878803,111.906538,112.134457,98.122577,59268496
2019-08-06,111.780647,112.269811,111.394085,111.974259,97.987493,50723385
2019-08-07,111.698495,113.407677,109.925016,112.747557,98.669331,39200943
2019-08-08,112.91618,113.075413,112.537566,112.79021,98.711793,61851969
2019-08-09,113.101683,113.90336,110.634071,110.960103,97.115171,41564185
2019-08-12,110.866606,112.112345,108.478394,109.123845,95.522936,48023730
2019-08-13,109.425778,109.758667,107.584495,107.938135,94.489925,44487964
2019-08-14,108.228883,111.990755,107.767896,111.75631,97.837476,28457087
2019-08-15,111.852302,111.994959,110.06533,110.489589,96.733552,38743664
2019-08-16,109.538427,113.585902,109.307504,113.052076,98.982156,39628788
2019-08-19,113.56602,113.965204,112.358168,113.366919,99.273307,37403418
2019-08-20,113.39193,114.231756,111.203058,111.395522,97.552066,38194617
2019-08-21,111.26389,111.770816,108.313388,109.103673,95.550002,44959954
2019-08-22,109.930438,110.320972,105.389357,105.496082,92.395379,51389528
2019-08-23,106.082645,108.422671,105.270437,108.331676,94.883779,34200338
2019-08-26,109.493108,112.011904,106.632338,107.398455,94.081085,21159814
2019-08-27,107.105077,107.849732,106.974275,107.735814,94.381522,34808846
2019-08-28,108.419855,109.586615,105.670656,105.985438,92.852942,51533869
2019-08-29,106.68145,108.595819,103.905374,104.603414,91.64693,43100307
2019-08-30,104.508593,104.660294,102.973598,103.523069,90.705117,39441028
2019-09-03,103.973469,107.206106,103.422647,106.319951,93.175082,49841654
2019-09-04,106.822966,107.790653,103.732547,105.143075,92.148503,62721085
2019-09-05,103.977515,107.047402,103.423774,106.993815,93.775389,23321701
2019-09-06,107.418837,109.020623,106.898488,107.650807,94.356122,43272564
2019-09-09,108.811036,109.302603,108.309747,109.254592,95.776788,24361104
2019-09-10,108.758015,109.480462,108.292254,109.147122,95.687553,48757917
2019-09-11,108.570521,110.087357,108.516934,109.177701,95.71934,23989229
2019-09-12,109.163852,109.254451,108.109492,108.818192,95.409111,63294446
2019-09-13,109.419199,109.643935,105.574314,105.966104,92.913303,38295689
2019-09-16,105.188626,108.004489,104.778863,106.925463,93.769122,45690552
2019-09-17,107.585435,107.790549,105.956786,106.19373,93.132267,38445340
2019-09-18,105.976447,107.093226,104.699117,106.84168,93.705396,20642633
2019-09-19,106.981851,107.781914,106.812508,107.160542,93.989943,28320964
2019-09-20,107.144723,108.089683,106.348556,107.904913,94.64775,72930020
2019-09-23,107.495295,108.58384,107.444776,108.109943,94.84239,39646107
2019-09-24,108.68184,110.041788,107.660099,109.828149,96.354745,62277513
2019-09-25,109.570019,113.126793,109.483446,111.909174,98.185584,44484468
2019-09-26,110.874641,114.436554,110.758257,114.327349,100.312432,53527252
2019-09-27,114.292623,117.344049,113.709428,116.518906,102.240654,36254600
2019-09-30,116.427087,117.33808,115.376216,116.598129,102.326136,29005049
2019-10-01,115.655514,116.484819,115.214685,116.134709,101.924742,27040715
2019-10-02,116.125415,116.349123,113.74748,114.198273,100.230458,37411889
2019-10-03,113.674051,115.348552,111.662911,114.724485,100.697546,27058697
2019-10-04,114.410184,115.931875,114.182442,115.492308,101.376763,36058404
2019-10-07,114.925551,115.003491,113.45734,114.081867,100.154335,45650406
2019-10-08,113.997796,114.484088,113.86436,114.398807,100.437807,50616945
2019-10-09,114.042815,115.204081,113.449529,114.475864,100.510688,58947928
2019-10-10,114.264251,115.535709,114.101249,115.146367,101.104655,52077243
2019-10-11,115.864815,116.017538,113.502186,114.19063,100.270682,43708250
2019-10-14,114.559016,115.516096,114.431205,115.184925,101.159557,51148456
2019-10-15,115.158978,117.561906,114.323845,117.248185,102.976943,62258594
2019-10-16,117.829148,118.068906,112.653702,112.996676,99.248083,37202617
2019-10-17,112.871508,113.95747,111.414711,112.017478,98.393145,44925098
2019-10-18,111.912286,112.320255,108.885264,109.466893,96.157781,70212902
2019-10-21,109.836273,111.380661,107.669694,107.8,94.70833,41087344
2019-10-22,107.776582,108.688695,107.368013,107.442103,94.398808,33075038
2019-10-23,107.961368,108.212927,104.924076,107.172478,94.166813,37893738
2019-10-24,108.496977,109.348082,108.177267,108.30971,95.170989,36668360
2019-10-25,108.827683,110.736029,108.749299,110.296013,96.921382,42141620
2019-10-28,109.906183,112.434306,109.366827,112.359232,98.749822,43161670
2019-10-29,113.157812,114.155255,112.758684,113.794969,100.01686,38100443
2019-10-30,113.999776,114.569477,113.245794,113.338008,99.620408,26049650
2019-10-31,113.34636,114.495487,112.658359,114.057997,100.258471,53926635
2019-11-01,113.56669,113.721228,110.932687,111.824485,98.300298,48314527
2019-11-04,111.5268,112.976578,110.863701,112.077722,98.538284,44286746
2019-11-05,111.669377,112.082591,110.105318,111.111498,97.693866,38009564
2019-11-06,110.886584,112.45436,110.117208,110.946163,97.553571,25169422
2019-11-07,110.891258,113.110068,110.171262,112.969046,99.337434,53945102
2019-11-08,113.04567,113.425806,111.710073,112.216157,98.680526,32087082
2019-11-11,112.526098,113.917921,112.084217,113.267722,99.620796,34468076
2019-11-12,113.679544,114.159349,113.320419,113.849012,100.137259,35142368
2019-11-13,113.64115,115.884916,113.50449,115.264214,101.387291,31878159
2019-11-14,115.240284,116.615157,114.418907,116.302128,102.30557,54667200
2019-11-15,116.275715,116.337398,115.062341,115.821262,101.887874,46775042
2019-11-18,116.498262,116.728386,113.321762,113.437268,99.806251,61246404
2019-11-19,113.990319,114.495033,113.046087,113.361361,99.744654,37493226
2019-11-20,113.176812,113.811506,112.89295,113.415272,99.79728,22015334
2019-11-21,113.527969,114.105286,112.504036,113.376888,99.768694,26225910
2019-11-22,113.759943,113.838376,113.275924,113.693545,100.052549,66288656
2019-11-25,113.256609,113.691668,113.046595,113.280492,99.704613,25258491
2019-11-26,113.187087,115.598467,112.761049,114.454019,100.742741,26753278
2019-11-27,114.671167,115.423821,112.294382,112.710024,99.212833,50378862
2019-11-29,112.327007,112.436716,111.948307,112.296719,98.859307,21170099
2019-12-02,112.839844,112.997054,111.334428,111.735428,98.380531,77150350
2019-12-03,113.022669,113.45664,111.932164,112.660263,99.199988,35445868
2019-12-04,113.009731,114.412341,112.925353,113.813754,100.220877,56435496
2019-12-05,113.121081,114.692609,112.640046,114.393637,100.736744,38661593
2019-12-06,114.323163,115.376334,113.422566,114.775317,101.078115,24854129
2019-12-09,114.921526,117.387863,114.331199,116.982226,103.037732,22806490
2019-12-10,116.466841,117.484294,115.810355,116.152925,102.312607,58653473
2019-12-11,116.086654,118.056995,115.410041,116.895896,102.972405,43445953
2019-12-12,116.108076,116.886408,114.039517,114.230917,100.630087,38253625
2019-12-13,113.751766,117.157882,113.034572,117.10011,103.163027,18706198
2019-12-16,117.132689,119.719586,115.830581,118.915913,104.779066,27738565
2019-12-17,119.031369,121.193978,117.957082,120.443572,106.130636,34400138
2019-12-18,120.266409,121.736871,119.788288,121.623385,107.175821,57510371
2019-12-19,121.59324,122.569488,120.911566,120.971272,106.606717,34190463
2019-12-20,120.949301,122.246242,120.208573,122.129694,107.633183,30387715
2019-12-23,122.75257,124.037032,120.987091,121.836031,107.391135,52405353
2019-12-24,121.920223,122.613444,120.794607,121.236292,106.86806,42992956
2019-12-26,120.98668,123.553973,120.915411,123.288681,108.68852,40989252
2019-12-27,122.592683,124.467387,122.274229,123.354714,108.752389,60534990
2019-12-30,123.251736,124.710035,122.491781,124.247028,109.55617,30183168
2019-12-31,123.866584,125.454706,123.229123,124.191893,109.513251,45702414
2020-01-02,124.111949,124.8312,121.527288,121.798801,107.41418,31130661
2020-01-03,122.740235,123.616848,120.505977,120.660688,106.416016,34455902
2020-01-06,121.123956,123.229749,120.19077,122.394382,107.961884,39642438
2020-01-07,122.379514,125.659493,121.631016,125.126096,110.377222,36128175
2020-01-08,125.471541,126.964917,121.873207,122.146422,107.754374,44112778
2020-01-09,121.535406,124.393155,120.199221,124.109078,109.491473,56044676
2020-01-10,123.985323,127.061309,123.868295,126.18955,111.332697,45608452
2020-01-13,125.912123,131.569973,124.742378,129.806663,114.541826,42431645
2020-01-14,129.237004,133.845283,128.333696,132.023204,116.503769,54358098
2020-01-15,132.380241,134.59605,132.074053,134.003141,118.257114,27754786
2020-01-16,133.307866,137.906693,131.700834,135.895461,119.933316,18569598
2020-01-17,135.962812,141.269358,135.033774,140.128695,123.675752,70174263
2020-01-21,138.377403,142.183043,137.865598,141.14871,124.601928,44436393
2020-01-22,141.825375,142.111918,140.212824,141.05673,124.527208,41986702
2020-01-23,142.497486,143.656359,136.939474,138.839375,122.576066,30149834
2020-01-24,138.824117,139.851882,136.944647,137.564294,121.456663,48135202
2020-01-27,136.33228,141.268222,135.380195,140.778325,124.313757,39674894
2020-01-28,140.18898,140.957325,139.212465,139.954746,123.592927,29167546
2020-01-29,140.772738,142.499287,140.20395,141.685504,125.127855,55704468
2020-01-30,141.963015,142.115319,141.069926,141.700913,125.147973,38723174
2020-01-31,141.252251,144.584802,140.44973,144.406251,127.543919,30783876
2020-02-03,144.847922,145.635247,144.000119,145.112579,128.187772,38203822
2020-02-04,143.986982,144.25802,142.033456,142.2293,125.647312,47918171
2020-02-05,141.183575,142.826968,140.98394,142.210687,125.637405,34468453
2020-02-06,142.875102,144.553171,142.473315,143.8515,127.093608,35697285
2020-02-07,146.765253,147.843361,144.061692,145.599967,128.64508,24247972
2020-02-10,145.598875,146.167516,144.719541,145.262293,128.366759,43405887
2020-02-11,145.97546,146.144301,143.893091,145.561958,128.638261,40053153
2020-02-12,146.293859,147.154972,145.64305,146.403849,129.389,36447956
2020-02-13,146.608676,146.991878,145.120104,145.211921,128.342273,33758011
2020-02-14,145.124263,145.406177,143.625049,144.196122,127.451112,37394792
2020-02-18,143.72352,146.424285,143.549316,146.163336,129.216763,37071155
2020-02-19,145.74836,146.566408,143.440313,144.545153,127.792845,33299655
2020-02-20,145.189907,145.942234,142.991338,143.911077,127.238875,30479373
2020-02-21,144.268903,144.44183,142.230942,142.604747,126.090443,51840076
2020-02-24,142.11656,143.137307,141.609279,142.746102,126.235127,34461208
2020-02-25,141.274547,143.439995,140.438706,142.422099,125.955152,35328032
2020-02-26,141.599097,143.462004,140.889049,141.837358,125.444545,59722776
2020-02-27,140.736278,141.500362,140.142724,141.287332,124.964588,28671851
2020-02-28,141.183684,142.671189,141.033418,142.223378,125.799038,51640230
2020-03-02,142.605092,143.695509,141.779492,143.024081,126.527017,46641894
2020-03-03,142.321206,144.034568,141.409003,143.755417,127.180613,52684924
2020-03-04,144.060939,144.204499,142.76542,143.495711,126.957455,36417095
2020-03-05,143.79764,144.480286,141.672259,142.175818,125.796227,42045586
2020-03-06,141.454663,143.158658,140.428588,141.819048,125.487087,36179520
2020-03-09,142.81158,143.50344,140.581705,140.877155,124.673118,37625323
2020-03-10,140.359561,143.185693,140.093297,142.571476,126.179117,43454676
2020-03-11,142.261046,143.819034,141.98069,142.707623,126.306181,38961013
2020-03-12,142.454382,144.05374,141.94191,143.040238,126.607154,68211550
2020-03-13,142.984258,143.820474,142.81609,143.405126,126.936724,36550564
2020-03-16,142.83878,143.924913,142.373219,143.494637,127.035779,38543933
2020-03-17,144.0865,145.170662,143.866883,144.834295,128.228449,48625484
2020-03-18,144.774355,144.837024,143.34626,143.648115,127.184885,49017748
2020-03-19,143.967316,144.630639,143.366201,144.054953,127.551731,32566018
2020-03-20,144.977634,145.952387,143.189082,144.080968,127.581402,45057406
2020-03-23,143.837206,146.214102,143.55411,145.698176,129.033549,34131957
2020-03-24,146.052697,147.213154,145.592029,147.029591,130.219454,31227046
2020-03-25,147.29782,147.503,146.71982,146.990467,130.191575,45910244
2020-03-26,147.295456,148.388692,147.148099,147.42669,130.584737,81640129
2020-03-27,149.00376,149.063906,147.090948,147.500957,130.657316,26052597
2020-03-30,147.301329,147.384563,144.893033,145.395548,128.812432,28183790
2020-03-31,145.513564,146.907919,144.702474,146.314778,129.633563,30069246
2020-04-01,146.408256,148.449889,145.930234,147.564205,130.747344,71794327
2020-04-02,148.11419,150.471367,147.303682,149.834071,132.765436,38919651
2020-04-03,149.544354,150.182723,148.25903,148.894564,131.939817,34140829
2020-04-06,148.252062,150.200017,147.647864,149.770504,132.736727,42740368
2020-04-07,150.267964,150.927617,148.834155,149.439303,132.450084,36672714
2020-04-08,149.278517,150.584065,148.912186,150.449621,133.352479,43568538
2020-04-09,150.674532,152.321627,150.278202,152.109149,134.830431,41417202
2020-04-13,152.149061,153.228881,148.932483,150.54368,133.47056,34321173
2020-04-14,150.721525,151.18721,148.265644,148.588098,131.743613,29450891
2020-04-15,148.093745,151.207492,147.658421,150.843932,133.750675,50400355
2020-04-16,150.278758,151.548995,149.585423,151.082676,133.969334,76558609
2020-04-17,151.260938,151.809482,150.375354,151.240894,134.116607,43834988
2020-04-20,151.769852,152.403285,149.446931,150.156714,133.175964,63647571
2020-04-21,150.925565,153.084977,150.681033,152.186208,134.982971,37948146
2020-04-22,154.010897,157.15666,146.892115,150.204015,133.231777,32401306
2020-04-23,151.315854,151.845113,148.922648,151.087307,134.022233,33558732
2020-04-24,152.79317,154.313864,145.499867,147.236725,130.613362,48198279
2020-04-27,148.890294,149.072737,146.42852,148.267236,131.548054,41963388
2020-04-28,150.330174,152.22986,147.853636,148.394898,131.668169,91142395
2020-04-29,147.973207,155.694385,145.389764,153.964191,136.616811,29326990
2020-04-30,153.398994,154.267596,146.228146,146.705882,130.183079,29999663
2020-05-01,146.477555,148.479222,142.220065,144.107095,127.883633,29344679
2020-05-04,143.312752,148.454022,141.613485,145.851199,129.451588,25262114
2020-05-05,145.227203,151.405627,144.490704,149.790752,132.955091,37245738
2020-05-06,150.816121,151.702718,147.375477,149.034234,132.290483,31341670
2020-05-07,147.532371,148.398262,143.877716,146.597345,130.134143,25149081
2020-05-08,147.362018,149.094722,147.047256,148.163777,131.531504,38794421
2020-05-11,147.596611,149.215321,142.610479,143.504471,127.415116,39261226
2020-05-12,145.33099,153.210668,143.778413,150.736334,133.843122,33156445
2020-05-13,154.50133,155.830729,134.401318,135.140682,120.001537,74253557
2020-05-14,136.701972,140.61271,135.531826,140.311713,124.599765,29403900
2020-05-15,140.575472,152.432065,140.203596,150.066083,133.268783,54085107
2020-05-18,148.128373,151.40381,136.788272,143.494137,127.452341,35046988
2020-05-19,143.553272,143.887786,136.78575,137.998957,122.577866,49704370
2020-05-20,139.606693,148.155445,134.949331,143.493265,127.464828,25092730
2020-05-21,141.501922,142.179145,137.634226,140.03136,124.396093,42569547
2020-05-22,142.02626,143.057855,133.721589,138.71151,123.230022,53798622
2020-05-26,139.282679,143.129155,122.566264,125.981687,111.944256,48422093
2020-05-27,121.973393,124.473468,116.938706,121.068529,107.58414,33394801
2020-05-28,121.820299,127.930935,121.593128,127.069424,112.92254,39064369
2020-05-29,129.990304,131.684807,121.894006,126.043803,112.01693,34342823
2020-06-01,124.925168,129.912765,119.293111,122.326391,108.73018,34038206
2020-06-02,123.916393,126.558451,112.754503,113.70043,101.068226,33011410
2020-06-03,114.511379,117.557662,108.707246,108.768323,96.689109,33220270
2020-06-04,109.413857,112.445741,104.573455,108.474419,96.432861,35996405
2020-06-05,104.910622,112.475271,102.312367,110.160958,97.937275,35892906
2020-06-08,111.251373,112.569608,110.724219,111.558381,99.195116,39946032
2020-06-09,111.883577,113.251805,106.964828,110.245822,98.033119,58030514
2020-06-10,111.452204,113.705335,100.022157,101.271399,90.05754,33706826
2020-06-11,103.66422,105.624463,98.607071,98.661281,87.741006,35979667
2020-06-12,98.226269,99.281449,93.85543,95.564231,84.991173,40789776
2020-06-15,95.780092,100.869209,91.386348,100.686377,89.560589,46397930
2020-06-16,98.790442,101.736337,98.635908,101.107592,89.939939,32098214
2020-06-17,100.591183,103.146455,98.925894,102.963899,91.595975,35962295
2020-06-18,103.464008,105.417483,103.187436,103.796407,92.341372,35821617
2020-06-19,103.202601,105.651815,99.87418,100.845671,89.720948,51921235
2020-06-22,100.9173,104.135922,97.613182,101.543739,90.356108,65268373
2020-06-23,101.32681,104.793092,101.108913,104.057266,92.597523,37866133
2020-06-24,101.603945,103.850535,100.2651,103.117271,91.765823,43955679
2020-06-25,102.724618,106.825869,97.030482,98.036731,87.249102,84316769
2020-06-26,98.204183,101.169468,92.274704,94.914376,84.474715,59374684
2020-06-29,93.867577,98.034639,93.233342,96.666869,86.047877,45414807
2020-06-30,98.201504,101.761208,94.947625,96.641324,86.029614,27332322
2020-07-01,95.986826,99.725433,94.932996,98.600623,87.778338,29614255
2020-07-02,99.660407,100.238167,94.927707,95.105614,84.671341,24192772
2020-07-06,92.827275,98.115939,89.27474,95.7027,85.22065,30400682
2020-07-07,96.780133,102.95326,95.055163,100.122073,89.16062,25461154
2020-07-08,100.091198,105.037375,95.306524,98.001459,87.276712,32128068
2020-07-09,96.883772,102.636232,94.64082,102.1255,90.954172,30559512
2020-07-10,102.422075,105.624965,102.168213,103.435838,92.125966,38866547
2020-07-13,102.969305,104.970761,99.828044,99.989252,89.070136,49436653
2020-07-14,100.504291,101.308544,95.405671,97.74641,87.076748,25163386
2020-07-15,97.55005,100.306592,96.471343,98.554353,87.801066,48346797
2020-07-16,96.420591,98.167608,94.426515,98.11703,87.416006,33302739
2020-07-17,98.600124,100.646076,98.197765,99.936082,89.041297,28032366
2020-07-20,102.493037,102.914825,100.077238,100.224215,89.311955,49549902
2020-07-21,100.752838,101.673326,92.975453,93.466556,83.294392,53199627
2020-07-22,92.676841,95.536036,92.351398,93.215949,83.075381,53391034
2020-07-23,92.495684,93.020098,89.789024,90.625813,80.771216,25867907
2020-07-24,89.643368,93.80307,86.133578,92.648811,82.57853,42592892
2020-07-27,92.589044,94.09382,91.803774,91.940609,81.960095,28779087
2020-07-28,92.870264,93.615085,89.53097,89.83602,80.088133,42138846
2020-07-29,89.890865,90.445515,89.126474,89.856931,80.110942,33933734
2020-07-30,89.6176,95.104286,88.169048,93.792543,83.624043,44202396
2020-07-31,95.157147,95.729728,90.521154,92.467791,82.447202,46018531
2020-08-03,92.63993,94.146973,92.404052,93.020757,82.953189,29683685
2020-08-04,92.782736,93.37416,88.97806,90.947443,81.108487,45291588
2020-08-05,91.617484,92.121003,90.327907,91.551641,81.651569,54725857
2020-08-06,91.608991,93.146768,89.934372,91.757655,81.839562,24227704
2020-08-07,91.286348,91.621744,88.53722,89.723222,80.029194,37827531
2020-08-10,90.013908,90.997374,86.887145,87.906379,78.420886,55911711
2020-08-11,88.148659,89.677687,85.250252,85.669723,76.429551,41245616
2020-08-12,85.216545,85.992065,82.579219,83.359162,74.372072,34034133
2020-08-13,83.625103,85.400574,81.820531,81.879938,73.056126,31537036
2020-08-14,81.788637,83.801681,81.545432,82.894755,73.965428,44623404
2020-08-17,81.600322,83.52498,79.301265,80.318628,71.677984,45388248
2020-08-18,81.097413,81.548333,78.103124,80.135667,71.518426,31004261
2020-08-19,80.666547,84.521303,80.631494,83.196366,74.253861,60304913
2020-08-20,82.929622,83.887606,79.689927,81.122703,72.406856,41629003
2020-08-21,80.679591,80.877345,79.52757,79.888083,71.308593,46605895
2020-08-24,79.586971,80.655503,77.746445,77.925731,69.567841,29867367
2020-08-25,78.829038,79.898414,72.864639,74.052102,66.113116,92467791
2020-08-26,72.682628,74.921917,72.075325,74.648202,66.648775,47259534
2020-08-27,73.627836,74.82687,72.133235,74.419733,66.448247,37419511
2020-08-28,74.999281,78.275157,74.558914,77.890261,69.550646,33339435
2020-08-31,78.440194,78.814327,74.038121,74.324921,66.3774,40915585
2020-09-01,75.445128,75.555858,74.723215,75.216145,67.17682,41077301
2020-09-02,74.749435,75.371813,72.739668,73.819562,65.932938,48182753
2020-09-03,72.342604,73.394066,67.225645,67.256451,60.074132,67275239
2020-09-04,67.115011,74.316204,67.068572,71.978815,64.295539,72680802
2020-09-08,72.21857,73.017485,68.070109,70.285453,62.795998,51692341
2020-09-09,69.283644,72.961174,67.21812,72.931735,65.163688,36268563
2020-09-10,71.407026,80.058049,70.827112,78.677456,70.301082,52521181
2020-09-11,79.416924,81.189218,75.768635,77.270982,69.04794,26343629
2020-09-14,78.2383,79.132375,78.029574,78.844098,70.464643,60582014
2020-09-15,78.399474,79.811573,76.104841,79.056995,70.658589,37928754
2020-09-16,78.386666,80.904871,78.240043,80.14726,71.636759,53894242
2020-09-17,80.1156,81.258679,78.337525,79.344722,70.923129,33829665
2020-09-18,78.619086,78.668261,78.056444,78.411482,70.092588,37734985
2020-09-21,78.648161,78.790373,73.112598,73.661069,65.856436,55085371
2020-09-22,74.87872,75.703247,71.760497,75.439629,67.45006,49492689
2020-09-23,76.537124,77.839994,71.114925,72.436649,64.768485,39560995
2020-09-24,73.13508,75.592038,65.148241,68.890824,61.601227,63815304
2020-09-25,68.252497,71.352387,68.076979,70.27325,62.840642,28557009
2020-09-28,70.948506,71.644695,66.118815,68.440017,61.210857,67868624
2020-09-29,69.037593,69.948183,66.630227,67.193114,60.098788,41694281
2020-09-30,65.265222,68.300495,64.473327,67.062645,59.985214,31528536
2020-10-01,66.565407,67.361945,64.569339,66.42071,59.414116,16207941
2020-10-02,65.406899,70.106112,64.869201,70.008055,62.626296,60084270
2020-10-05,69.661885,69.8319,67.56136,67.722342,60.591047,48226302
2020-10-06,66.792936,67.998583,66.549411,67.89005,60.744255,30440656
2020-10-07,68.051329,69.638854,67.107418,69.059918,61.794203,60095564
2020-10-08,68.570665,69.549953,66.33955,66.509139,59.514884,47920991
2020-10-09,67.130111,69.221669,63.755213,64.386331,57.618312,56518447
2020-10-12,63.989093,64.634957,63.310018,64.249172,57.504545,38598591
2020-10-13,63.764381,63.881471,61.161171,63.202328,56.570537,32721507
2020-10-14,64.542174,64.678559,63.021407,63.1155,56.495758,54272366
2020-10-15,63.672626,63.913347,59.387446,60.042615,53.747962,47626674
2020-10-16,59.52407,60.441697,58.261957,59.221264,53.015476,46911672
2020-10-19,59.355241,61.054223,54.935374,55.997057,50.136957,34942071
2020-10-20,55.959018,56.300236,55.588465,55.716285,49.888164,33357480
2020-10-21,56.778524,56.889282,56.14088,56.262185,50.379581,50469544
2020-10-22,57.32697,58.00753,52.888263,53.730706,48.115288,34778065
2020-10-23,54.500776,55.062047,52.671556,53.00825,47.470806,36425392
2020-10-26,53.134161,55.232796,52.791695,54.989887,49.253119,37487721
2020-10-27,55.744131,57.219892,53.959135,54.97921,49.246118,52068893
2020-10-28,55.231145,55.625032,54.312386,55.186626,49.434477,27082830
2020-10-29,54.445592,58.517034,53.787915,57.394803,51.415168,35036755
2020-10-30,55.8277,57.440877,55.52781,56.484711,50.602526,52036225
2020-11-02,57.339546,57.462655,52.684713,53.599791,48.025529,38571190
2020-11-03,53.448572,56.498621,52.976601,56.016417,50.193441,52931152
2020-11-04,55.560412,56.782004,55.383818,56.616756,50.734013,24891597
2020-11-05,56.376623,57.38413,56.228613,57.18032,51.241686,41287982
2020-11-06,57.329316,59.493763,56.954614,59.089101,52.954979,55850648
2020-11-09,58.742082,60.72481,58.04025,59.942659,53.728312,36585015
2020-11-10,60.458944,60.75994,60.407893,60.655886,54.370426,37996520
2020-11-11,60.845566,61.418449,60.814283,61.142033,54.809047,32224688
2020-11-12,60.723799,61.833546,60.516578,60.731029,54.443447,39436944
2020-11-13,60.957835,61.743888,60.407595,61.466474,55.105617,66020836
2020-11-16,61.363136,61.966324,61.263264,61.765513,55.382351,29340235
2020-11-17,61.860275,61.944744,60.919338,61.117997,54.804603,54060013
2020-11-18,60.853378,61.742081,60.409794,61.389518,55.050941,73577385
2020-11-19,60.929032,62.705598,60.601799,62.063608,55.658325,61896603
2020-11-20,62.193437,63.217772,61.775776,62.760889,56.286571,40942611
2020-11-23,62.627398,62.703878,62.342173,62.38035,55.954019,24899437
2020-11-24,62.493007,62.758934,61.497267,62.248139,55.838333,44889358
2020-11-25,62.388032,63.839004,62.148604,63.077038,56.584822,35428010
2020-11-27,62.928251,63.222878,62.255767,62.596416,56.159511,41407158
2020-11-30,62.527233,62.579208,61.873436,62.028522,55.658699,33223560
2020-12-01,62.51379,63.111291,62.125066,62.928145,56.468876,38518375
2020-12-02,62.911599,63.261696,62.286048,62.570341,56.15072,53769070
2020-12-03,62.099568,62.803755,61.727569,62.623171,56.201053,38605569
2020-12-04,62.589813,63.340263,62.543906,62.764934,56.331208,38429123
2020-12-07,62.696682,62.952979,62.366885,62.488809,56.09214,26291668
2020-12-08,62.5306,62.854982,62.261014,62.586133,56.182424,23532631
2020-12-09,62.592141,62.758348,61.906493,62.042317,55.697148,33805846
2020-12-10,61.712036,62.054481,61.37948,61.889193,55.562574,26057778
2020-12-11,62.01319,62.604171,61.464529,61.717285,55.411122,26579961
2020-12-14,61.793263,61.919152,61.662324,61.824553,55.516092,45137540
2020-12-15,62.095514,62.2819,61.380232,61.548277,55.270883,50471954
2020-12-16,61.067177,61.118693,60.712797,60.845073,54.642241,44428960
2020-12-17,60.89014,62.25393,60.826885,61.812027,55.513507,31734866
2020-12-18,61.522178,62.241655,61.235285,62.146792,55.817064,57824250
2020-12-21,61.879458,62.045426,60.930366,61.196715,54.972331,41019224
2020-12-22,60.961664,61.417909,60.145969,60.741226,54.566009,36235125
2020-12-23,60.862045,61.246487,60.604156,61.110495,54.900593,44780110
2020-12-24,60.725933,61.442169,60.29649,61.328989,55.099749,41019532
2020-12-28,61.025239,61.225914,59.918816,60.182707,54.081148,54315319
2020-12-29,60.13666,60.680777,59.659816,60.168556,54.071245,44136618
2020-12-30,60.156833,60.262926,59.270687,59.775974,53.721241,36348328
2020-12-31,59.453838,60.635053,58.833142,60.513876,54.387229,65281959
2021-01-04,60.583002,60.672764,59.236465,59.519562,53.504715,35771993
2021-01-05,59.693521,60.186544,59.471013,59.831751,53.788153,30829639
2021-01-06,59.86207,60.180726,59.820916,60.127614,54.056943,19044828
2021-01-07,59.879129,59.979797,59.171671,59.718204,53.691661,40968982
2021-01-08,59.524853,59.744625,58.62963,58.883492,52.943939,33695600
2021-01-11,58.828142,60.108743,58.726667,59.692694,53.679894,44660615
2021-01-12,59.668964,59.77639,59.016705,59.176173,53.218171,60988652
2021-01-13,59.220068,60.230982,58.560697,59.832415,53.811139,67256378
2021-01-14,60.230712,60.424498,58.566162,58.665658,52.764544,51534159
2021-01-15,58.698736,58.962355,58.564124,58.679664,52.779887,30371376
2021-01-19,58.625361,59.077913,56.964542,57.683063,51.894283,58714033
2021-01-20,57.474475,57.677994,56.760364,57.081772,51.356006,34378812
2021-01-21,56.918242,57.299149,56.131768,56.447833,50.788298,46586749
2021-01-22,56.701596,56.947162,55.739279,55.814372,50.220961,65253916
2021-01-25,55.594579,56.108502,54.474183,54.726276,49.249593,36050395
2021-01-26,54.672738,55.373463,54.260701,55.072732,49.563956,37335042
2021-01-27,55.024947,55.066733,54.862372,54.978412,49.481645,34473523
2021-01-28,55.103872,55.44217,54.183689,54.484572,49.03973,43004199
2021-01-29,54.578125,54.687946,52.810423,52.840391,47.562332,53080122
2021-02-01,53.048653,53.23508,52.074883,52.269839,47.056113,39155949
2021-02-02,52.592471,53.230429,52.324523,52.953499,47.674061,43935275
2021-02-03,52.996123,53.144307,52.225836,52.687336,47.436902,47534435
2021-02-04,52.638874,52.898863,51.718805,52.008933,46.82854,42941150
2021-02-05,51.829623,53.126105,51.671606,52.912508,47.644591,53689186
2021-02-08,52.70117,52.855341,51.772018,51.919343,46.757601,37426842
2021-02-09,51.608825,52.009054,51.195172,51.433967,46.32289,44733146
2021-02-10,51.380178,51.772864,50.490859,50.583049,45.558899,45768195
2021-02-11,50.492347,52.005959,49.856513,51.730532,46.594832,35609247
2021-02-12,51.821961,52.192593,51.79208,52.01836,46.856523,35097187
2021-02-16,52.373891,52.981545,52.335519,52.932099,47.689512,34054267
2021-02-17,52.593759,52.78302,52.085939,52.415385,47.226432,53216534
2021-02-18,52.004811,52.488343,51.551703,51.810628,46.683973,44822232
2021-02-19,51.626384,51.792211,50.640344,51.054742,46.005274,54975132
2021-02-22,50.869921,51.316399,50.668486,50.955329,45.92286,41642494
2021-02-23,50.902089,50.928615,50.443847,50.528767,45.540795,35253904
2021-02-24,50.362444,50.432304,50.169384,50.228786,45.272782,36240786
2021-02-25,50.244616,50.590386,50.089916,50.115342,45.172881,64501491
2021-02-26,50.18976,50.221677,49.937246,50.09402,45.156011,37230878
2021-03-01,50.270062,51.119466,50.202001,50.921063,45.908693,50046115
2021-03-02,50.297132,50.711332,49.823122,49.978444,45.061203,38628910
2021-03-03,50.012305,50.832521,49.693652,50.191745,45.255872,54980827
2021-03-04,50.659761,50.922775,49.379783,49.54165,44.672032,33236634
2021-03-05,49.409435,49.5014,49.206768,49.43093,44.574513,38242579
2021-03-08,49.440767,49.513968,48.850352,48.888175,44.091962,22105071
2021-03-09,48.941209,49.605934,48.771995,49.576019,44.714651,46234250
2021-03-10,49.403538,49.556716,48.376504,48.70113,43.927837,42317375
2021-03-11,48.517001,49.275631,47.61667,47.747569,43.069977,38434377
2021-03-12,47.920865,47.963636,47.587673,47.845917,43.160936,25143557
2021-03-15,48.097133,49.13716,47.616465,48.78785,44.017505,35606472
2021-03-16,48.54012,49.641888,48.38564,49.11912,44.31869,47865988
2021-03-17,49.103541,50.419221,48.424818,50.369684,45.4494,38919778
2021-03-18,50.088253,50.465355,48.932526,48.958653,44.178502,27657583
2021-03-19,48.846297,49.171576,48.166221,48.233628,43.526529,44770212
2021-03-22,48.302305,49.893579,47.98948,49.540406,44.712757,38845212
2021-03-23,50.0431,50.20935,47.987612,48.51623,43.790663,49771561
2021-03-24,48.640262,49.552819,48.511727,49.322146,44.520398,40117110
2021-03-25,49.249287,50.080091,49.11623,49.652185,44.820637,39131273
2021-03-26,49.65318,51.421736,49.267901,50.701384,45.770121,40205672
2021-03-29,50.438982,51.630595,49.481167,51.228038,46.252771,52517416
2021-03-30,51.295823,51.581152,51.191621,51.251553,46.276408,29959433
2021-03-31,51.323729,51.903733,50.888645,51.852311,46.821285,19241602
2021-04-01,51.870864,52.052594,51.135402,51.225451,46.257653,57194453
2021-04-05,51.104334,51.970559,50.381454,51.671828,46.67045,67835606
2021-04-06,51.524591,51.548735,51.160349,51.272314,46.312015,39689324
2021-04-07,51.220275,52.218789,51.158767,51.930195,46.90869,72871084
2021-04-08,51.876894,52.031766,50.601694,50.847831,45.933377,45288451
2021-04-09,50.773993,51.215156,50.204148,50.524703,45.643854,44826239
2021-04-12,50.559204,51.134549,50.396184,51.050355,46.125923,65064874
2021-04-13,51.255745,52.214612,51.206574,51.985347,46.973168,35861935
2021-04-14,52.43939,52.905756,50.925442,51.154645,46.224962,44150999
2021-04-15,51.389134,52.805053,51.01049,52.696875,47.621047,32422276
2021-04-16,52.86781,53.584209,52.807194,53.169622,48.050758,28805509
2021-04-19,53.22069,53.246509,52.698751,52.929682,47.841384,54011398
2021-04-20,52.622708,52.837165,52.154584,52.394229,47.35987,69583015
2021-04-21,52.60593,53.297809,52.568962,53.235143,48.122487,57077545
2021-04-22,52.983342,53.475002,52.724756,52.81628,47.746334,44786414
2021-04-23,52.729552,52.774446,52.184858,52.560147,47.51726,41456502
2021-04-26,52.832402,52.950062,51.7851,52.042379,47.056512,42644378
2021-04-27,51.867308,53.320713,51.590727,53.00847,47.932541,69291960
2021-04-28,53.27012,53.529973,52.20396,52.581109,47.548576,38527846
2021-04-29,52.329569,52.414537,51.197281,51.58637,46.65147,57965761
2021-04-30,51.771828,52.222725,51.65245,52.139617,47.154245,29479891
2021-05-03,52.45592,52.657987,52.020989,52.138138,47.160266,21474540
2021-05-04,52.373295,52.602983,52.106284,52.222254,47.238809,59405795
2021-05-05,51.946034,52.21551,51.631585,52.025456,47.063239,61773261
2021-05-06,52.022242,54.01507,51.976547,53.097105,48.035172,30116460
2021-05-07,53.092389,53.631176,52.784548,53.000748,47.950496,35178969
2021-05-10,53.209654,53.560811,52.409983,52.638591,47.63028,45293234
2021-05-11,52.541087,52.744815,52.475023,52.689432,47.678764,24197196
2021-05-12,52.480769,53.132581,52.378282,53.046583,48.004447,36886908
2021-05-13,53.102553,53.299662,52.498984,53.227956,48.171086,37705245
2021-05-14,53.288695,53.920575,53.058117,53.567005,48.480446,59896384
2021-05-17,53.493137,53.798461,53.327236,53.432983,48.366697,14371166
2021-05-18,53.739716,55.010209,53.39141,54.68382,49.50151,40089930
2021-05-19,54.864969,55.679183,53.49383,53.677968,48.593509,60622317
2021-05-20,54.182666,54.216299,53.098451,53.255007,48.21312,39461751
2021-05-21,52.835724,53.675645,52.316054,53.483597,48.422587,50465905
2021-05-24,53.509628,54.658515,53.275886,54.427359,49.284735,46521894
2021-05-25,54.413371,55.924299,54.004897,55.593058,50.34291,46439801
2021-05-26,55.178164,55.958138,54.425432,55.849478,50.577744,33112189
2021-05-27,56.329329,56.441943,54.779095,54.977883,49.791011,64044413
2021-05-28,55.509583,56.077272,54.891477,55.776052,50.516505,42594385
2021-06-01,55.853515,56.095359,53.278304,53.771518,48.711128,32997393
2021-06-02,53.606438,53.805212,52.6775,53.52344,48.488919,35441900
2021-06-03,53.229669,53.361078,53.088693,53.303334,48.292028,36189125
2021-06-04,53.178658,53.452078,53.118617,53.333816,48.322158,19674209
2021-06-07,53.677121,54.260336,51.012716,51.806148,46.945368,59015281
2021-06-08,51.855509,52.108488,51.562339,51.68072,46.834144,38771307
2021-06-09,51.16372,52.65403,50.894084,52.382555,47.472631,32762241
2021-06-10,52.097735,53.805782,51.682298,53.655045,48.628378,50307396
2021-06-11,53.512142,53.800351,53.384191,53.64714,48.623742,29608660
2021-06-14,53.278982,54.723529,52.899727,54.593152,49.488895,50731789
2021-06-15,55.049451,56.095903,54.951834,55.851391,50.632127,61273920
2021-06-16,55.482191,55.859886,54.10376,54.995797,49.859081,29083123
2021-06-17,54.531297,54.650831,54.051182,54.389169,49.311678,43343169
2021-06-18,54.430762,55.660999,53.964834,55.081616,49.94208,27227174
2021-06-21,55.2907,55.379404,54.164362,54.553635,49.471083,67847203
2021-06-22,54.618773,54.774623,54.17534,54.352028,49.290823,50772004
2021-06-23,54.929203,55.224614,54.884835,55.037084,49.914684,30526503
2021-06-24,54.735313,56.623194,54.3616,56.468658,51.215683,27549492
2021-06-25,56.569977,57.507494,56.390202,57.077538,51.770615,29761051
2021-06-28,57.193576,57.248419,55.747638,55.872333,50.685376,33551919
2021-06-29,56.046921,56.939065,55.780312,56.831697,51.558359,43092144
2021-06-30,56.270067,56.764454,56.017396,56.650992,51.397094,46455163
2021-07-01,57.261546,57.594019,56.067691,56.374385,51.148801,31584377
2021-07-02,55.998355,57.21878,55.788926,56.873166,51.604032,56466821
2021-07-06,56.789431,57.864326,56.639148,57.724721,52.387593,54525768
2021-07-07,57.850024,58.420592,57.553171,58.012512,52.651514,48948047
2021-07-08,57.967247,58.446348,57.326814,58.376883,52.984969,29447461
2021-07-09,58.415682,58.49618,57.488561,58.089964,52.727294,26371945
2021-07-12,58.391436,58.78535,57.99702,58.124737,52.767091,63209379
2021-07-13,58.208563,59.041845,58.096223,58.284668,52.915032,31748381
2021-07-14,58.204045,59.09695,57.520546,58.781953,53.36928,40816772
2021-07-15,58.754571,58.93597,58.292438,58.736204,53.330518,41950245
2021-07-16,58.853598,58.970697,57.944652,58.392923,53.021588,26714864
2021-07-19,58.544181,59.07255,58.026408,58.42806,53.061773,27470968
2021-07-20,58.240522,59.219037,58.09501,59.194415,53.760539,53431383
2021-07-21,59.294389,59.335329,58.00302,58.34307,52.990101,53147778
2021-07-22,58.305169,58.807591,57.846148,57.961047,52.645868,30694433
2021-07-23,58.290097,58.840682,58.047015,58.427292,53.072118,47599576
2021-07-26,58.382093,58.763141,57.219447,57.488146,52.227199,29135331
2021-07-27,57.483212,57.964694,57.339775,57.766219,52.482554,54156804
2021-07-28,57.779118,58.317478,57.537239,57.945908,52.648546,51979135
2021-07-29,58.42997,59.13684,57.855306,58.648764,53.289921,46028120
2021-07-30,58.651575,58.821601,57.996642,58.416015,53.081199,39798062
2021-08-02,57.978945,58.175104,57.549345,57.743863,52.47862,26016807
2021-08-03,57.994163,59.571512,57.639685,59.214384,53.817854,33283148
2021-08-04,59.430539,59.667856,59.161094,59.445775,54.030968,51896382
2021-08-05,59.31889,59.533268,57.37591,57.552245,52.312638,45920884
2021-08-06,57.551405,59.353072,57.158206,58.358196,53.047973,39430104
2021-08-09,58.333558,59.780122,58.291488,59.624035,54.207088,37687431
2021-08-10,59.331833,59.86187,58.024957,58.720951,53.388828,50585152
2021-08-11,58.740788,59.70696,58.488011,59.442829,54.047967,50287373
2021-08-12,59.184197,59.729704,58.392627,58.821956,53.486225,39288628
2021-08-13,58.888534,59.603591,58.423559,59.132798,53.771668,40225761
2021-08-16,58.968119,59.147241,58.760016,59.050262,53.704996,40889734
2021-08-17,59.086939,59.166142,58.842919,59.064143,53.720414,59390210
2021-08-18,59.375064,59.677001,59.185706,59.302744,53.940234,33550223
2021-08-19,59.291954,59.369939,58.918469,59.333928,53.971406,21187444
2021-08-20,59.189168,59.763611,58.497737,58.901438,53.58079,54889932
2021-08-23,58.700504,59.955733,58.621667,59.908766,54.505631,41440554
2021-08-24,60.169784,60.906032,59.802591,60.597837,55.135423,42931145
2021-08-25,60.863616,61.075199,58.840825,59.158539,53.828666,51018001
2021-08-26,58.778858,59.608275,58.663068,59.545049,54.183172,60956641
2021-08-27,59.132172,59.795008,58.694164,59.37643,54.032547,22872155
2021-08-30,59.231377,59.828683,58.584615,59.589429,54.23484,32881426
2021-08-31,59.848384,60.023263,59.343495,59.525789,54.179736,48513072
2021-09-01,59.563186,59.795273,59.088588,59.642932,54.289183,30462843
2021-09-02,59.58453,59.965672,58.211085,59.017781,53.722942,46927349
2021-09-03,59.027527,59.261291,57.736751,57.94697,52.750944,45511404
2021-09-07,58.032689,60.206481,57.702857,59.97947,54.612555,35027952
2021-09-08,59.836436,60.149317,57.632548,58.380488,53.159414,69081153
2021-09-09,58.099233,60.164424,57.751667,59.665261,54.332114,53431474
2021-09-10,59.601426,61.012062,58.656537,60.449162,55.04881,59988160
2021-09-13,60.950327,61.220957,60.836254,61.128291,55.675955,37080575
2021-09-14,61.970277,62.480472,61.714336,62.271357,56.720016,37721399
2021-09-15,62.610145,62.858875,61.731751,61.914575,56.397974,24143881
2021-09-16,62.586396,62.980635,61.553315,61.829458,56.32337,47470532
2021-09-17,61.386426,63.549828,61.246996,62.774856,57.187553,32326330
2021-09-20,62.646009,63.305189,62.400608,62.813665,57.231839,26482534
2021-09-21,62.704557,63.120117,61.572732,61.945621,56.443867,40732984
2021-09-22,62.103664,62.933198,61.676573,62.897276,57.313982,35702591
2021-09-23,62.318848,63.32662,61.981611,63.091268,57.493744,35126408
2021-09-24,62.695268,63.804436,62.490407,63.383309,57.762879,36606805
2021-09-27,63.25526,64.169898,62.785435,64.097718,58.423056,54033683
2021-09-28,64.111278,64.677462,63.911706,64.241186,58.556868,32431791
2021-09-29,64.218403,64.757256,64.070461,64.466167,58.764999,38767644
2021-09-30,64.416333,66.078151,64.024774,65.472338,59.685292,47636271
2021-10-01,65.573896,66.098512,65.150534,65.314416,59.544427,63142897
2021-10-04,65.356771,67.598758,64.770538,67.494368,61.541401,32294992
2021-10-05,67.538221,67.865694,66.06914,66.590611,60.720514,35647450
2021-10-06,66.292949,66.844675,65.39622,65.815548,60.016896,40996017
2021-10-07,65.677288,67.598564,65.207088,67.519728,61.574133,87045072
2021-10-08,67.338635,69.283532,66.987195,68.115295,62.120488,32941140
2021-10-11,68.669288,69.573195,68.578415,68.973585,62.913057,41919613
2021-10-12,68.483098,69.414701,68.069364,69.237257,63.156846,42972337
2021-10-13,69.138504,70.630815,68.752466,69.90987,63.773708,35624268
2021-10-14,69.926879,70.197274,69.586245,70.080469,63.932658,47104940
2021-10-15,70.204869,71.132711,70.12627,70.659613,64.46435,31861289
2021-10-18,71.434528,71.790151,70.567586,70.899524,64.693322,30095968
2021-10-19,71.117128,71.759887,70.298165,71.36828,65.124432,33323856
2021-10-20,71.106374,72.731459,70.651127,72.650303,66.297743,32909939
2021-10-21,73.165727,73.724347,72.86919,73.549286,67.12161,57174234
2021-10-22,73.596841,74.566176,73.385983,74.031765,67.565438,23821711
2021-10-25,74.343922,74.740778,73.842827,74.233244,67.759893,35948823
2021-10-26,73.890332,74.38607,73.464357,73.99418,67.545189,25668167
2021-10-27,73.775724,74.993671,73.608564,74.719674,68.211001,26921125
2021-10-28,74.542177,74.795213,74.401597,74.724674,68.219114,26363526
2021-10-29,74.939704,75.094032,73.140803,73.395843,67.009457,23940136
2021-11-01,73.22167,73.351279,72.891397,73.036892,66.692147,63670154
2021-11-02,72.985173,73.997596,72.817367,73.650784,67.256208,36832418
2021-11-03,73.801334,74.507114,73.692482,74.138804,67.705378,32906767
2021-11-04,74.446556,74.604872,73.574119,74.093766,67.667769,32352734
2021-11-05,74.124332,74.208799,73.663502,73.94015,67.530989,56399439
2021-11-08,73.98038,74.144416,72.671201,72.804383,66.504047,60879529
2021-11-09,72.791139,73.102199,72.067298,72.336367,66.07997,21295927
2021-11-10,72.231712,74.205784,71.790464,73.802008,67.422354,29720355
2021-11-11,74.133751,75.925105,73.863398,74.697412,68.243907,53497871
2021-11-12,74.732054,74.963636,74.591044,74.641774,68.196624,55591263
2021-11-15,74.506145,74.69061,74.185431,74.216139,67.818324,30591506
2021-11-16,74.379685,75.01343,73.92501,74.723588,68.28558,54688369
2021-11-17,74.514918,74.668474,72.137789,72.486804,66.244958,57944067
2021-11-18,72.632852,72.909705,70.950582,71.006046,64.895084,36725652
2021-11-19,71.685001,71.814178,70.477471,70.685094,64.605115,52913156
2021-11-22,70.694044,70.763897,69.790818,69.8841,63.882986,40404954
2021-11-23,69.33106,71.643408,68.851398,71.178575,65.069687,34873440
2021-11-24,70.866997,72.65276,70.711348,72.457408,66.24221,30155533
2021-11-26,72.721419,72.929339,70.80135,71.318429,65.207713,38666925
2021-11-29,71.184974,71.36622,69.056688,69.440407,63.500513,24652138
2021-11-30,68.605579,69.185627,68.068025,69.027342,63.126065,29818813
2021-12-01,68.619455,71.421482,68.314583,70.786268,64.737985,34481924
2021-12-02,71.008472,71.288241,70.624879,70.746064,64.704582,52820870
2021-12-03,70.748444,71.253484,70.649416,70.778741,64.737836,78497821
2021-12-06,70.085006,71.282645,69.385675,70.714148,64.688851,37093102
2021-12-07,70.894019,71.587734,70.152813,71.081225,65.028032,41206282
2021-12-08,71.147801,72.251396,70.915201,71.486292,65.402007,45517083
2021-12-09,71.502529,71.82188,71.337045,71.518835,65.435183,28534353
2021-12-10,71.605728,71.658978,70.42332,70.522902,64.527325,17508343
2021-12-13,70.787292,71.98806,70.496247,71.380883,65.322557,40422604
2021-12-14,71.517068,72.325725,70.879244,71.219933,65.178658,45575682
2021-12-15,70.971908,72.771233,70.806097,72.571918,66.419414,48740668
2021-12-16,72.27816,72.315392,71.839466,72.164003,66.049518,32304929
2021-12-17,72.136035,72.377387,70.769942,70.945695,64.937815,56365938
2021-12-20,70.852103,71.062074,70.289729,70.640674,64.668716,37927203
2021-12-21,70.960567,71.439733,69.70252,69.822124,63.922691,47407924
2021-12-22,69.416832,70.728617,69.147415,70.612012,64.649203,45787957
2021-12-23,70.466712,70.923945,70.132678,70.874613,64.893004,38978895
2021-12-27,70.709131,71.458532,70.422378,71.3733,65.363202,50324284
2021-12-28,71.144072,71.657529,70.695341,71.164687,65.175546,66560243
2021-12-29,71.141205,71.357684,70.333806,71.090427,65.110922,28002117
2021-12-30,71.518299,72.195012,70.026311,70.507981,64.580827,25008708
2021-12-31,70.021395,70.205608,69.685449,70.060034,64.173873,36921368
2022-01-03,70.605575,70.827693,69.426957,69.520607,63.689706,33716742
2022-01-04,69.269941,71.756887,68.560426,71.396893,65.412024,41752765
2022-01-05,71.700918,73.164411,71.201349,72.81194,66.711924,27157354
2022-01-06,72.657159,73.25906,72.382615,72.960651,66.851654,31511208
2022-01-07,73.5959,74.371318,71.4504,72.200575,66.158661,44357144
2022-01-10,72.189053,72.304077,71.823587,72.147558,66.120399,28534784
2022-01-11,72.165064,72.509535,71.240676,71.837755,65.839901,90761148
2022-01-12,72.257791,72.318033,72.099685,72.201875,66.177062,68296308
2022-01-13,72.40819,73.800451,71.647279,73.228666,67.121665,35413201
2022-01-14,73.305003,73.836633,72.665276,73.467947,67.344495,28262584
2022-01-18,73.50351,74.853442,73.250324,74.220426,68.048413,45510178
2022-01-19,74.383098,74.903937,73.837993,74.034058,67.881074,21159207
2022-01-20,73.738381,74.625353,73.415272,74.501323,68.313058,28505956
2022-01-21,74.62648,74.811484,74.446536,74.750748,68.545331,33978221
2022-01-24,75.517369,75.864991,73.583229,73.795249,67.679714,29179313
2022-01-25,73.942196,74.857392,73.539024,73.836364,67.720944,57275979
2022-01-26,73.288109,74.358172,72.917423,74.055764,67.925705,59110432
2022-01-27,73.788494,74.520742,73.249922,73.514487,67.432741,35760502
2022-01-28,73.400335,74.240102,72.72248,72.841871,66.819246,33146976
2022-01-31,73.031,73.333234,72.393396,72.811262,66.801592,35680306
2022-02-01,72.582058,72.647136,71.66079,71.74895,65.830385,23210632
2022-02-02,71.646917,71.750707,71.267043,71.633908,65.728251,46194678
2022-02-03,71.881619,72.236577,71.256522,71.352773,65.473699,36316594
2022-02-04,71.184381,71.544503,70.651044,71.238901,65.372611,33274736
2022-02-07,71.250005,71.475998,70.933116,71.338979,65.474664,45980158
2022-02-08,71.161648,71.773988,71.121708,71.40647,65.540017,53855268
2022-02-09,71.449397,71.590398,71.231303,71.560006,65.684356,32364293
2022-02-10,71.635346,72.371606,71.48858,72.260587,66.330864,29812497
2022-02-11,72.550947,72.782917,71.52434,71.592586,65.721097,34557245
2022-02-14,71.468393,71.521571,70.819584,71.368709,65.525806,40613216
2022-02-15,71.416632,71.782901,71.295225,71.602564,65.743936,55727360
2022-02-16,71.582268,71.670897,70.556449,70.634899,64.85882,39736229
2022-02-17,70.490035,70.587813,68.803967,69.373222,63.703629,31481079
2022-02-18,69.532885,71.111738,69.176089,70.477559,64.72108,38226032
2022-02-22,70.80483,71.549005,70.749333,70.946747,65.165503,42243834
2022-02-23,70.932518,72.199882,70.612121,71.930262,66.072311,46544878
2022-02-24,71.936639,72.812589,71.518557,71.910749,66.057824,26214025
2022-02-25,71.94761,72.234696,71.471039,72.007101,66.149774,53176109
2022-02-28,71.985644,72.217067,71.670594,72.000177,66.153737,35828821
2022-03-01,71.929545,73.435325,71.892035,73.278106,67.3314,31211657
2022-03-02,73.267326,73.98526,72.954086,73.949652,67.951983,32909578
2022-03-03,74.194688,74.563649,73.942076,74.212901,68.197429,37775392
2022-03-04,74.309872,74.647683,72.480239,73.042162,67.125078,38745395
2022-03-07,73.877825,74.038105,72.327559,72.79192,66.905548,31886535
2022-03-08,73.165067,73.319884,71.930644,72.262873,66.422738,40185741
2022-03-09,72.684762,73.04515,72.485198,72.666474,66.797196,70048642
2022-03-10,72.939675,73.264134,72.436529,72.568404,66.710517,19552587
2022-03-11,72.436584,73.107183,72.18112,72.774438,66.9034,29685926
2022-03-14,72.991819,73.048898,71.910735,72.377763,66.54911,39367523
2022-03-15,72.552816,72.949738,72.062909,72.385579,66.559759,18141686
2022-03-16,72.653369,73.04691,71.561654,72.198262,66.390971,39260614
2022-03-17,72.26836,72.567666,72.156533,72.507157,66.678489,30905920
2022-03-18,72.480573,73.163361,72.330528,72.948549,67.087889,25795923
2022-03-21,72.413546,72.575174,72.100604,72.255068,66.460493,63850763
2022-03-22,72.448822,73.403466,72.12159,72.888006,67.046159,63491398
2022-03-23,72.698492,73.74651,72.293246,73.700786,67.797322,33720815
2022-03-24,73.308754,73.736263,72.898839,73.378934,67.504763,61980780
2022-03-25,73.70315,74.188817,72.330903,72.550215,66.745856,56300474
2022-03-28,72.840045,73.207441,72.615741,72.844105,67.026693,38480209
2022-03-29,72.929619,74.164893,72.867289,73.971,68.067134,48643453
2022-03-30,73.901452,74.350013,73.358217,73.776138,67.891356,55544587
2022-03-31,73.412169,74.659276,73.278564,74.2154,68.299133,30158716
2022-04-01,74.071553,75.74218,73.845568,75.67902,69.6497,42422705
2022-04-04,75.713805,75.983979,75.500541,75.923536,69.885641,51415702
2022-04-05,75.94987,76.863777,75.437796,76.413882,70.340651,52399968
2022-04-06,76.253124,76.720221,75.362591,75.959984,69.926465,30013204
2022-04-07,76.007412,76.873062,75.927568,76.172223,70.125493,26886187
2022-04-08,76.422257,77.431063,75.983758,76.85817,70.760669,45061435
2022-04-11,76.776107,77.180888,75.568648,75.731821,69.73456,29752737
2022-04-12,75.6062,76.159691,75.045859,75.85859,69.854924,22118389
2022-04-13,76.262105,76.49144,75.624801,75.963903,69.955541,21688234
2022-04-14,75.487478,76.613605,75.335018,76.537275,70.487229,27975895
2022-04-18,76.846095,76.936938,74.934095,75.525384,69.569799,72979737
2022-04-19,75.430468,75.759515,73.78651,74.243792,68.392825,26518383
2022-04-20,73.51996,73.852061,72.426044,72.881414,67.141305,24102830
2022-04-21,72.764021,75.080474,72.140739,73.92551,68.106712,17551495
2022-04-22,73.731103,74.469958,73.695811,74.024181,68.201163,73779849
2022-04-25,73.606525,73.728631,73.294369,73.426885,67.661411,32379146
2022-04-26,73.78097,75.57391,73.603238,75.485042,69.56158,49530679
2022-04-27,75.685234,76.248942,75.103735,76.000853,70.040558,59682210
2022-04-28,76.022971,76.723385,75.882506,76.30491,70.324428,31501175
2022-04-29,75.85714,76.619863,75.48885,75.691001,69.762263,52636925
2022-05-02,75.897595,76.558639,75.631328,76.062692,70.115782,37197778
2022-05-03,76.066072,76.434748,75.63097,76.304647,70.342479,35386115
2022-05-04,75.960403,78.277304,75.720685,78.129362,72.028364,50698391
2022-05-05,78.761185,78.846168,76.639198,76.770201,70.77902,56596600
2022-05-06,76.53418,77.097932,76.137433,76.872975,70.87746,51255088
2022-05-09,76.89592,78.493546,76.594476,78.144491,72.061052,29327820
2022-05-10,78.78907,79.169242,77.675909,77.891321,71.831328,40522395
2022-05-11,77.28186,77.607419,75.554724,75.60225,69.723975,45207365
2022-05-12,75.43775,75.510664,75.229307,75.454055,69.590922,64750725
2022-05-13,75.336221,76.10421,74.92346,75.465046,69.60468,50906643
2022-05-16,75.622171,76.633677,75.493824,76.001467,70.110384,38110576
2022-05-17,76.293733,76.780294,75.933756,76.209825,70.306249,62643621
2022-05-18,76.488896,77.335514,75.670783,76.98106,71.021435,34837873
2022-05-19,76.930846,77.166294,76.729219,77.115206,71.148897,26915047
2022-05-20,77.367075,77.577016,76.435363,76.467002,70.554514,85115040
2022-05-23,76.433955,77.025356,76.015267,76.87357,70.940715,27525732
2022-05-24,76.693966,77.562421,76.589731,76.977092,71.039943,30732546
2022-05-25,76.951362,77.254159,75.867222,76.581969,70.678972,42218990
2022-05-26,76.639622,77.087056,76.183393,76.909843,70.985266,34128717
2022-05-27,77.06482,77.929261,76.749457,77.878208,71.882774,37203215
2022-05-31,78.264174,79.849669,77.809903,79.13571,73.058668,73994318
2022-06-01,79.874436,80.04964,78.543538,78.633629,72.598919,44599361
2022-06-02,78.969382,79.315246,77.90873,78.220731,72.221466,43840883
2022-06-03,78.680608,79.343678,78.270597,79.153507,73.086503,45602097
2022-06-06,79.082453,80.063253,78.905963,79.842976,73.734631,35318320
2022-06-07,79.67189,81.185689,79.505204,80.667395,74.499854,47361187
2022-06-08,80.635565,80.683852,80.600563,80.647247,74.485121,37015969
2022-06-09,80.897238,81.32273,78.761735,79.260324,73.207979,62589501
2022-06-10,79.816875,80.5849,79.436791,79.54923,73.478646,54310898
2022-06-13,79.80161,80.131896,79.260839,79.300033,73.259897,42770507
2022-06-14,78.888815,79.150797,77.950684,78.164581,72.214687,36551548
2022-06-15,77.796458,78.852351,77.41052,78.247673,72.295215,54180667
2022-06-16,78.361255,78.619932,76.972138,77.270528,71.396117,31751068
2022-06-17,77.137719,77.498174,76.636394,77.462181,71.576923,47893482
2022-06-21,77.297638,77.421411,76.749386,76.817604,70.996089,36754156
2022-06-22,77.013622,77.221053,75.804539,75.952057,70.199788,48280956
2022-06-23,75.995264,76.763374,75.535509,76.328926,70.551785,42727088
2022-06-24,76.223644,76.875393,75.512052,76.226115,70.46042,36537756
2022-06-27,76.444441,77.437095,76.004349,77.270519,71.436974,54830059
2022-06-28,76.84943,77.823869,76.420459,77.641677,71.783845,50481387
2022-06-29,77.592398,77.627181,76.843977,77.166235,71.347986,33993639
2022-06-30,77.389405,78.000997,76.915859,77.019443,71.215966,46626310
2022-07-01,76.976486,77.015685,76.805517,76.975687,71.179209,54852731
2022-07-05,76.913283,77.227804,76.785594,77.177102,71.380309,44824203
2022-07-06,77.262823,77.297961,76.092115,76.27692,70.55141,55287159
2022-07-07,76.524338,77.351043,76.299983,76.96336,71.190027,40816987
2022-07-08,76.934525,77.060261,75.158683,75.722515,70.045906,18581055
2022-07-11,75.603644,76.363195,75.500842,76.138154,70.441378,66386867
2022-07-12,75.651802,76.126767,74.769195,75.310219,69.679016,45470784
2022-07-13,75.496328,75.939964,75.314552,75.808785,70.143951,43717334
2022-07-14,75.585051,76.138119,75.465779,75.658603,70.008633,51877968
2022-07-15,75.338283,75.712304,75.02038,75.491557,69.857696,59177227
2022-07-18,75.141713,76.163821,74.91068,75.323425,69.712989,50905746
2022-07-19,75.822717,75.909622,74.854907,75.220265,69.621134,61812890
2022-07-20,74.854747,76.119855,74.649091,75.481357,69.866426,36198705
2022-07-21,75.888258,76.425038,74.668834,75.161692,69.57416,50728819
2022-07-22,74.874024,75.386529,74.605334,75.187123,69.60132,70976637
2022-07-25,75.420342,75.847317,74.040505,74.138304,68.641132,47733445
2022-07-26,74.342623,74.55518,72.919643,73.109555,67.692183,33241914
2022-07-27,73.109344,73.678565,72.87272,73.116616,67.702242,63610117
2022-07-28,72.99546,73.063345,72.021092,72.129786,66.791963,41537424
2022-07-29,72.118235,72.460993,72.023361,72.135968,66.801162,32689383
2022-08-01,72.373899,73.08818,71.727475,72.063423,66.744397,38216249
2022-08-02,71.645673,71.985994,71.136804,71.539166,66.262283,36902511
2022-08-03,71.570659,72.468565,71.399622,72.429636,67.090559,32403954
2022-08-04,72.521154,72.850222,72.282708,72.493915,67.153594,26398541
2022-08-05,72.719858,72.988232,71.993111,72.950339,67.57991,42464054
2022-08-08,72.953962,73.000311,71.979834,72.388657,67.070044,61353472
2022-08-09,72.65888,72.7052,72.571168,72.666013,67.330524,26487756
2022-08-10,72.669655,73.126825,71.740299,71.925464,66.647817,41609189
2022-08-11,72.068529,72.54126,71.617778,72.04257,66.759802,47404635
2022-08-12,72.354625,72.640045,72.162644,72.328689,67.028427,55318675
2022-08-15,72.085816,73.36582,71.714935,73.010897,67.671202,34411235
2022-08-16,72.601169,73.053382,72.278091,72.350375,67.062477,32239878
2022-08-17,72.587496,73.022639,72.370504,72.681696,67.373087,38071040
2022-08-18,72.293443,73.47173,71.97941,72.949796,67.625123,48573375
2022-08-19,72.824496,73.385059,72.169874,73.268633,67.924221,33052107
2022-08-22,73.261938,73.367293,72.205699,72.548898,67.267482,38213128
2022-08-23,72.340439,72.413791,71.840951,72.195555,66.943344,44540131
2022-08-24,72.136886,72.321556,71.041908,71.485665,66.288547,23490748
2022-08-25,71.553899,71.916107,71.491852,71.735712,66.523875,61566436
2022-08-26,71.60481,74.31467,71.522927,73.534881,68.195876,79942597
2022-08-29,73.686357,75.510902,73.183814,75.093605,69.652298,37849968
2022-08-30,75.296948,75.457236,74.880891,74.945639,69.518669,36750006
2022-08-31,74.473673,76.221875,74.442452,75.970689,70.47316,85659472
2022-09-01,75.402683,78.615514,75.287761,77.670492,72.053706,40336086
2022-09-02,77.817159,80.019383,77.27991,79.982585,74.202459,25353134
2022-09-06,79.739181,79.952463,78.956452,79.04565,73.348494,26411494
2022-09-07,80.175799,80.550534,78.998872,79.10505,73.407432,27570232
2022-09-08,79.392636,79.813492,78.09146,78.159428,72.533692,69207619
2022-09-09,77.936755,80.092877,77.580033,79.461945,73.746293,39736189
2022-09-12,79.380156,81.679661,79.343968,80.888606,75.082051,40161735
2022-09-13,80.26491,81.045668,80.20006,80.837528,75.038543,36729726
2022-09-14,80.57149,82.355631,79.864159,81.605926,75.755759,31574305
2022-09-15,81.332369,82.224303,80.782244,82.00421,76.129451,49251900
2022-09-16,81.943159,82.428567,80.546735,80.727487,74.948091,39737071
2022-09-19,80.697399,81.714049,78.878924,79.098626,73.447303,40734998
2022-09-20,79.528974,80.612395,79.330647,80.54102,74.790534,48126941
2022-09-21,80.755262,81.057198,80.5115,80.995152,75.216155,43440896
2022-09-22,81.891552,82.556922,80.38023,80.848457,75.083832,76276041
2022-09-23,80.837484,82.361305,80.652349,82.093328,76.243907,52067412
2022-09-26,82.673382,82.81315,81.503265,81.693147,75.884082,59438802
2022-09-27,82.16265,82.466858,80.004178,80.620166,74.891295,46423680
2022-09-28,80.792613,81.177731,80.418207,80.741144,75.007578,69121534
2022-09-29,80.912458,82.097806,80.879751,81.94827,76.132944,37470191
2022-09-30,80.991064,82.089737,80.848633,81.959301,76.147154,35232705
2022-10-03,82.494896,82.761751,80.720203,81.019372,75.285627,41578834
2022-10-04,80.851294,82.374978,79.965842,82.231138,76.415612,48729198
2022-10-05,82.630739,82.940308,80.977359,81.485871,75.72699,57709489
2022-10-06,81.359335,81.416748,80.73116,81.373733,75.626711,42562924
2022-10-07,81.133927,82.479702,80.40193,81.991073,76.204416,39577689
2022-10-10,82.07013,82.511572,81.188937,81.441298,75.705256,35457349
2022-10-11,81.835924,82.160972,81.315996,82.125085,76.344854,38828544
2022-10-12,82.142503,82.591328,81.904144,81.958094,76.193579,72259747
2022-10-13,81.68423,82.586266,79.16403,79.672383,74.072487,33024474
2022-10-14,80.09216,80.378768,79.484791,79.960582,74.344297,47077838
2022-10-17,80.518191,80.693449,78.927589,79.056323,73.515022,31204547
2022-10-18,78.532865,79.201626,78.210815,78.896013,73.369765,62902190
2022-10-19,78.650804,78.803733,78.118603,78.455217,72.963641,40889711
2022-10-20,78.772272,78.960662,76.809096,77.679395,72.245882,40068819
2022-10-21,77.401777,78.013039,76.604155,76.854513,71.482417,33747165
2022-10-24,76.594213,76.686242,75.031799,75.100404,69.861821,48240369
2022-10-25,75.262653,76.304708,74.584061,75.844848,70.558007,35074045
2022-10-26,75.927936,76.256939,75.458956,75.890563,70.604207,43787300
2022-10-27,76.608651,77.184384,76.569765,76.604697,71.272304,52307501
2022-10-28,76.463323,76.812999,75.859081,76.141797,70.845311,58192883
2022-10-31,75.878931,76.378495,75.493143,76.179943,70.891867,39878356
2022-11-01,76.885649,77.339292,74.604958,74.941646,69.743154,42455622
2022-11-02,75.116665,75.833109,75.045904,75.359096,70.135295,35652552
2022-11-03,75.746841,76.566856,75.625711,76.379084,71.088277,33439965
2022-11-04,76.32132,76.466941,74.380453,74.715249,69.543314,49422828
2022-11-07,74.905073,76.737749,74.570727,76.433913,71.154112,35600225
2022-11-08,76.239179,76.418852,75.689852,75.925074,70.684099,25634776
2022-11-09,76.186558,76.505117,74.452606,75.159222,69.974752,45265847
2022-11-10,75.23564,76.419625,74.740589,76.328911,71.067453,31420700
2022-11-11,76.487157,78.558683,75.554179,78.194774,72.808486,39917132
2022-11-14,78.197991,79.964303,77.777989,79.795205,74.310271,21317533
2022-11-15,79.627186,80.22118,78.553249,79.158971,73.721605,45503666
2022-11-16,79.43576,81.965409,79.369114,81.603812,76.002466,33327175
2022-11-17,81.356694,82.599468,80.418822,81.105229,75.542035,26812082
2022-11-18,81.021978,83.129913,80.932557,81.832302,76.223201,65329157
2022-11-21,81.669167,83.232661,81.161602,82.236088,76.611265,46105256
2022-11-22,81.830103,81.916152,81.071759,81.479408,75.910289,37703016
2022-11-23,81.67412,83.476538,81.410153,83.328753,77.63727,36108400
2022-11-25,83.916328,84.342983,82.270701,82.616897,76.982044,48885264
2022-11-28,83.352917,83.683687,80.407665,81.194184,75.668174,35112910
2022-11-29,81.373323,82.800098,79.620238,80.42545,74.955659,30853793
2022-11-30,80.847544,81.234613,78.46754,78.601126,73.259219,39812781
2022-12-01,78.890982,79.266164,78.525213,78.618187,73.278932,32445191
2022-12-02,78.897744,79.819527,78.789046,79.201118,73.826114,51121075
2022-12-05,79.808752,79.855557,78.136569,78.924516,73.579766,43408856
2022-12-06,79.373971,81.089355,79.207595,80.340886,74.904116,81062144
2022-12-07,80.112666,80.431101,77.878884,78.701186,73.379194,84912882
2022-12-08,78.693956,80.869883,78.418881,79.938402,74.536623,35777082
2022-12-09,79.823697,79.981615,78.601272,78.740289,73.423291,42216552
2022-12-12,78.748895,80.599304,77.972385,80.065265,74.670449,41214656
2022-12-13,80.04528,80.23492,78.667538,79.261434,73.924625,37822233
2022-12-14,79.078843,79.406331,76.468563,76.745392,71.581716,50334133
2022-12-15,76.846252,77.819056,76.738228,77.784308,72.554504,40721918
2022-12-16,77.750328,80.010905,77.442541,79.577203,74.230717,49393835
2022-12-19,80.519304,80.644751,78.246791,78.573127,73.305539,28720724
2022-12-20,78.565898,79.109139,76.775827,76.925952,71.772526,55227407
2022-12-21,76.465376,76.687245,75.776448,76.006051,70.917939,32417055
2022-12-22,76.49841,76.911501,74.694989,75.620719,70.562073,38932572
2022-12-23,75.246571,76.026588,73.623815,74.558194,69.574245,36654515
2022-12-27,74.048577,76.976916,73.737747,76.863017,71.739925,40233798
2022-12-28,76.6278,78.135454,76.388552,77.977535,72.783944,38257703
2022-12-29,77.624386,79.035797,76.983916,78.246047,73.038371,38441108
2022-12-30,78.063871,79.860982,76.751692,79.622304,74.326897,50703110
2023-01-03,79.992796,80.385822,78.861319,79.493284,74.2219,43056268
2023-01-04,79.722313,79.819484,78.820487,79.76598,74.480388,48159667
2023-01-05,80.113068,80.896941,79.727573,79.760531,74.479174,36437661
2023-01-06,80.402805,81.2317,79.853556,80.457619,75.134013,46595228
2023-01-09,80.159497,83.274301,80.103772,82.28511,76.852577,65754039
2023-01-10,82.849808,83.282736,81.118289,81.442917,76.069943,32406926
2023-01-11,81.451739,81.524416,80.057336,80.780061,75.454743,50700502
2023-01-12,80.08176,81.071526,79.877708,80.780463,75.459044,43564180
2023-01-13,80.851168,81.74206,80.703043,81.072713,75.735981,44404314
2023-01-17,81.269522,82.043949,80.759296,81.546488,76.194422,40104437
2023-01-18,81.991387,83.111269,81.602204,82.797322,77.367185,32841609
2023-01-19,82.411726,82.791488,81.95112,82.512814,77.105347,30315823
2023-01-20,82.934911,83.393472,81.636236,82.684203,77.269523,69648792
2023-01-23,82.628327,83.786878,82.457606,83.213838,77.776611,37144322
2023-01-24,82.492255,83.772912,82.340947,83.458507,78.009351,36683870
2023-01-25,83.397774,84.971231,82.498782,84.402032,78.895376,42945258
2023-01-26,84.505164,84.811082,82.968957,84.040539,78.561555,110738800
2023-01-27,84.03057,84.23337,83.435317,83.581393,78.136407,29063186
2023-01-30,83.903574,84.330678,83.015612,83.081939,77.681612,27745102
2023-01-31,82.836545,84.715284,82.686951,84.064426,78.604327,36806534
2023-02-01,83.507079,85.367105,83.288903,84.95281,79.439141,48566772
2023-02-02,84.782206,85.731043,84.271829,85.287097,79.755881,44656096
2023-02-03,85.295056,85.407182,82.175612,82.265927,76.934648,39631141
2023-02-06,82.415079,83.554467,81.101799,81.315538,76.057717,37597498
2023-02-07,80.823284,82.506319,79.996361,82.256849,76.942166,44112920
2023-02-08,82.221318,84.507471,81.429834,83.898813,78.482124,23156741
2023-02-09,83.532133,83.863947,81.992056,82.348781,77.036172,25364091
2023-02-10,81.85005,83.05845,81.185227,82.072261,76.781486,54669793
2023-02-13,82.892438,83.027553,81.456809,81.592346,76.344422,36542258
2023-02-14,80.76983,82.671909,80.564307,81.731248,76.478368,58102677
2023-02-15,81.233373,83.144313,81.088068,83.083645,77.747891,35302850
2023-02-16,83.51318,83.60895,79.671879,80.82543,75.638636,26068661
2023-02-17,81.194187,81.402633,78.604616,80.112003,74.974891,30542255
2023-02-21,80.234789,81.048011,78.914282,79.136279,74.077147,46922498
2023-02-22,78.997536,81.774004,78.699409,81.673485,76.456128,26680961
2023-02-23,80.084826,81.381871,78.882403,80.718413,75.565998,62519069
2023-02-24,81.048969,81.139808,77.387612,78.734246,73.712318,63985179
2023-02-27,78.64146,82.645956,78.251509,82.256693,77.022111,80036703
2023-02-28,82.875622,83.137315,81.784623,82.422158,77.181061,36210875
2023-03-01,82.562013,83.035661,79.960247,80.672402,75.546499,44632778
2023-03-02,81.513954,81.961735,80.22146,80.468888,75.359836,47897491
2023-03-03,80.453542,80.770708,80.338161,80.602244,75.488652,52246289
2023-03-06,79.204446,80.980331,78.592664,80.774509,75.661795,44950028
2023-03-07,81.465868,82.640872,80.457376,82.39162,77.180564,25609009
2023-03-08,81.647922,82.304776,81.310663,81.516924,76.365162,37063456
2023-03-09,81.735253,84.93364,81.349287,84.779031,79.42524,43528031
2023-03-10,84.635316,85.812917,83.397147,85.525825,80.129043,32558457
2023-03-13,85.45935,86.342977,82.264606,83.666771,78.39953,37445133
2023-03-14,84.288882,85.317024,82.563533,82.655629,77.456074,39954902
2023-03-15,82.745061,82.989122,80.543797,80.797136,75.718431,37581559
2023-03-16,80.667379,80.991546,80.301141,80.951713,75.867238,31719979
2023-03-17,80.539716,81.031795,79.217034,80.46847,75.41827,25273106
2023-03-20,81.189931,82.023582,81.086318,81.890915,76.76342,53960908
2023-03-21,81.711052,82.703556,80.983431,82.386386,77.231886,39956440
2023-03-22,81.564064,81.972631,81.489225,81.676962,76.57083,43244725
2023-03-23,81.947889,84.185265,81.877433,83.962655,78.717725,46765902
2023-03-24,84.278617,85.020736,83.809366,84.418833,79.149524,44719020
2023-03-27,83.644545,84.164777,80.557124,80.630941,75.609866,37198739
2023-03-28,80.448117,80.531921,79.025456,79.442932,74.499712,52654586
2023-03-29,79.642053,80.874352,79.167842,79.485419,74.543433,40775531
2023-03-30,78.622767,79.221156,77.36339,77.742862,72.913011,49787660
2023-03-31,77.925765,78.132058,76.743862,77.064161,72.280235,28807092
2023-04-03,76.499602,77.678722,75.502861,76.682662,71.933643,32653181
2023-04-04,76.830397,77.435578,76.065531,76.960028,72.197588,44630111
2023-04-05,77.621922,77.806913,74.672676,75.619468,70.943675,36618480
2023-04-06,75.542432,75.781786,73.520736,74.190915,69.607075,56753100
2023-04-10,74.187575,74.645057,73.639254,73.886819,69.336192,27803018
2023-04-11,73.542219,74.83719,73.011906,74.024679,69.469176,37765956
2023-04-12,74.0501,74.529227,73.454145,73.769632,69.233426,30486757
2023-04-13,73.70246,75.932416,73.17826,74.957692,70.352089,26905498
2023-04-14,75.218623,76.121323,73.40896,73.614176,69.094717,26933206
2023-04-17,73.406986,73.515022,72.405775,72.604486,68.157651,39355317
2023-04-18,72.691067,74.493999,72.44651,73.586549,69.083159,48833766
2023-04-19,73.579887,73.886987,72.700672,73.200156,68.723988,42803511
2023-04-20,73.287424,74.86894,72.821137,74.031439,69.508053,56316796
2023-04-21,73.987379,74.979837,73.290371,74.113871,69.589069,52685673
2023-04-24,74.360875,74.458651,73.42159,73.453598,68.979871,40801446
2023-04-25,73.094385,73.807799,72.862633,73.5418,69.066294,93490946
2023-04-26,73.473584,73.826284,72.619651,73.36065,68.899752,93322254
2023-04-27,73.453989,74.410818,72.911437,74.31453,69.799259,26306721
2023-04-28,74.12125,74.206492,73.31864,73.435342,68.977078,45349338
2023-05-01,73.225609,73.749089,72.848724,73.145063,68.715144,35883720
2023-05-02,73.587848,74.246966,72.94786,73.019346,68.60061,25616104
2023-05-03,72.862488,74.344409,72.201517,74.305751,69.8128,31949109
2023-05-04,74.422387,74.878456,73.053713,73.369504,68.93675,69610545
2023-05-05,73.124929,73.606774,73.061242,73.263853,68.841063,31215034
2023-05-08,73.28398,73.730586,72.561764,72.790978,68.407409,20051679
2023-05-09,72.395295,72.834646,72.345463,72.604959,68.236141,49390160
2023-05-10,72.394643,73.021602,72.293023,72.620889,68.254663,32350435
2023-05-11,72.326119,72.583313,71.445981,71.988869,67.664162,20103533
2023-05-12,71.687416,72.559896,71.514385,72.5049,68.152738,24254132
2023-05-15,72.497954,72.65465,71.63832,71.713615,67.419471,42881177
2023-05-16,71.185662,71.759865,70.155722,70.524908,66.305392,40297483
2023-05-17,70.530737,70.664679,69.269772,69.671521,65.506471,51280363
2023-05-18,69.746242,70.810728,69.688029,70.421431,66.214994,44265560
2023-05-19,70.593847,70.844204,70.440266,70.808682,66.582578,45760485
2023-05-22,71.220346,71.539225,70.929575,71.429265,67.176605,45470547
2023-05-23,71.452718,71.706696,71.392601,71.654323,67.391769,37101936
2023-05-24,71.789521,72.433205,71.120191,71.434795,67.188796,28965206
2023-05-25,70.995467,71.522284,70.269901,70.355521,66.177115,40911861
2023-05-26,70.276368,70.37013,69.917214,70.204062,66.038086,26461767
2023-05-30,70.575131,70.729837,69.39393,69.805592,65.676926,48062763
2023-05-31,70.052563,70.77347,69.895318,70.544296,66.375392,34407419
2023-06-01,70.148241,70.610921,69.885998,70.483017,66.321184,43679370
2023-06-02,70.444882,70.51626,69.516569,70.119436,65.982504,33368710
2023-06-05,70.289642,70.521878,69.136415,70.113859,65.987553,28836901
2023-06-06,69.943888,70.014801,69.755993,69.843138,65.736183,31270811
2023-06-07,69.862044,69.961369,68.874965,69.10445,65.044316,41513299
2023-06-08,68.846967,69.861153,68.701913,69.673164,65.583027,38229682
2023-06-09,69.507079,70.90515,69.412949,70.869523,66.712625,33824883
2023-06-12,71.117778,71.523529,69.507631,69.894657,65.805209,30564524
2023-06-13,70.068481,70.291446,69.248386,69.408813,65.351191,15195218
2023-06-14,69.098375,70.002145,68.877945,69.815977,65.737971,71716668
2023-06-15,69.911282,70.913151,69.553223,70.592041,66.472163,26303446
2023-06-16,70.712397,71.970469,70.578823,71.16872,67.018672,51974301
2023-06-20,71.093008,71.480674,70.153335,70.250241,66.167518,48395825
2023-06-21,69.970572,71.087587,69.875662,70.913224,66.795445,70101685
2023-06-22,70.694231,71.61647,70.643476,71.40307,67.260346,23128586
2023-06-23,71.693883,71.760829,71.023786,71.278546,67.146539,34196982
2023-06-26,71.413176,72.444338,71.023417,72.289091,68.109131,24895224
2023-06-27,72.469875,72.943534,72.194061,72.7454,68.54262,50089690
2023-06-28,72.30296,72.654303,71.820462,72.426991,68.246157,59552455
2023-06-29,72.493543,72.651815,70.711058,71.08597,66.986031,43600296
2023-06-30,71.117074,72.182533,70.687242,71.462764,67.344596,43083035
2023-07-03,71.984891,73.574809,71.702301,73.413423,69.193642,88553206
2023-07-05,72.785208,74.946065,72.74506,74.74424,70.455294,36042382
2023-07-06,74.805779,75.237555,73.942246,73.988053,69.746127,58261686
2023-07-07,74.197477,74.374384,72.757869,73.589855,69.374367,46284139
2023-07-10,73.80699,75.384016,73.060404,75.223438,70.92544,48416340
2023-07-11,75.137575,75.391441,73.690862,73.767541,69.556346,30310723
2023-07-12,73.999856,74.456616,72.58026,73.354903,69.170862,34450701
2023-07-13,73.778975,75.270125,73.434303,74.669836,70.414457,41125983
2023-07-14,75.18488,75.966837,74.826428,75.22912,70.945558,31943007
2023-07-17,75.149713,77.296896,74.96828,76.670016,72.315693,20337239
2023-07-18,76.842499,79.023701,75.881058,78.730106,74.262647,28844292
2023-07-19,78.26646,78.372785,75.918859,76.051414,71.739687,55757846
2023-07-20,76.311496,80.152648,76.169382,79.110387,74.629113,52759036
2023-07-21,79.084052,79.129135,76.637544,77.013974,72.655233,30557940
2023-07-24,77.330005,77.67951,75.227063,75.726774,71.452035,39019390
2023-07-25,75.978981,77.181143,75.422748,76.678504,72.353803,56572497
2023-07-26,76.296394,76.387144,75.189957,76.051715,71.766099,49196974
2023-07-27,75.384066,77.560367,74.942858,76.993024,72.658143,65665013
2023-07-28,76.654885,77.354466,74.925658,75.507648,71.260104,27386424
2023-07-31,75.320713,76.42121,74.968925,76.204103,71.928606,36400492
2023-08-01,76.745921,78.3899,76.443258,77.725109,73.368091,40479961
2023-08-02,78.230438,78.538911,77.404682,77.514359,73.172961,45534648
2023-08-03,77.26346,78.430638,76.698435,78.07557,73.706574,39582848
2023-08-04,77.684029,79.604532,77.587708,79.221066,74.791859,64029287
2023-08-07,79.646319,80.923639,78.333986,78.727739,74.337714,36225726
2023-08-08,78.965379,79.594057,78.662303,78.924016,74.526924,30136655
2023-08-09,78.28354,83.20278,78.140595,82.705604,78.10189,30817496
2023-08-10,81.765055,84.461268,81.224056,84.085533,79.409138,24919563
2023-08-11,84.246572,84.84042,82.192319,83.146589,78.526498,44309872
2023-08-14,83.221979,83.438332,82.313914,82.789006,78.200987,46349682
2023-08-15,82.490266,83.515748,81.368979,82.980425,78.385875,65334069
2023-08-16,83.314742,84.410554,81.928871,82.19229,77.645417,41759767
2023-08-17,82.776096,83.871624,82.412906,83.374007,78.765859,36238581
2023-08-18,82.46024,82.673251,80.220503,81.198708,76.714781,47182101
2023-08-21,80.499795,84.213363,80.016996,83.782997,79.168716,48522729
2023-08-22,83.963373,86.222238,82.893535,84.96583,80.290582,41184385
2023-08-23,85.177604,87.710361,84.638467,86.308924,81.564014,62075919
2023-08-24,86.42658,86.585454,85.408403,86.381039,81.636411,30536995
2023-08-25,85.444386,87.004113,85.143776,86.694566,81.936979,40159975
2023-08-28,86.159273,86.699263,85.563219,86.433696,81.703175,70243464
2023-08-29,86.666633,87.261088,86.538527,86.835357,82.087123,60969800
2023-08-30,86.826488,87.389596,85.866985,86.857272,82.112111,46254179
2023-08-31,86.400869,88.485211,85.983758,87.825295,83.031568,49501678
2023-09-01,88.374958,89.181482,84.914143,85.142837,80.499713,38670847
2023-09-05,85.668463,85.780184,84.475988,84.534695,79.941367,31521319
2023-09-06,84.320685,85.124368,83.776845,85.048198,80.431153,20834728
2023-09-07,85.029282,87.193555,84.187781,86.808461,82.100126,33135764
2023-09-08,87.385616,88.5015,86.687136,87.945953,83.180249,64029973
2023-09-11,88.023897,88.063756,85.706141,86.171561,81.51473,71180418
2023-09-12,86.2461,86.597051,85.518609,86.212614,81.557807,44215107
2023-09-13,85.856033,87.028271,84.329917,84.892882,80.313507,33651814
2023-09-14,85.700413,86.015143,84.915884,84.967673,80.388446,23110987
2023-09-15,85.615987,85.929126,84.023106,84.718514,80.156884,47923941
2023-09-18,85.186126,85.910297,83.417098,84.063147,79.549218,63095569
2023-09-19,83.632048,85.008231,83.251776,84.968544,80.410181,24886281
2023-09-20,85.150439,85.739248,83.408779,83.525322,79.048497,49041079
2023-09-21,83.366238,84.013685,82.572069,83.604944,79.127967,37586686
2023-09-22,83.589404,83.639334,81.401181,82.445075,78.034267,24254115
2023-09-25,83.049345,84.196742,82.739075,84.034688,79.55125,51443918
2023-09-26,83.653717,85.867637,82.991075,85.506851,80.94908,26219310
2023-09-27,85.789561,87.12874,85.482272,85.930849,81.35471,35458514
2023-09-28,86.163654,87.695462,86.071409,87.090842,82.457218,39166191
2023-09-29,87.088256,87.454558,85.712902,86.391345,81.799192,37607317
2023-10-02,87.285812,89.604925,86.811315,89.458433,84.716468,37969796
2023-10-03,90.171402,90.492577,86.569457,86.880422,82.279392,42613415
2023-10-04,86.849086,88.319977,86.267601,87.386879,82.763332,56884358
2023-10-05,87.265791,87.87809,83.946986,84.232986,79.780459,35179701
2023-10-06,84.131489,84.314534,82.327571,82.620952,78.257707,41288616
2023-10-09,83.268836,84.321206,82.637274,83.748632,79.338214,29732594
2023-10-10,83.820737,84.106113,80.19664,81.316291,77.037974,52042209
2023-10-11,81.190748,81.556976,78.786865,80.425764,76.198264,36928611
2023-10-12,80.259708,80.773369,79.974064,80.052789,75.84884,32002549
2023-10-13,79.86348,80.503307,79.375489,79.648288,75.469507,56318957
2023-10-16,80.208364,80.394497,79.987983,80.074767,75.885452,65080976
2023-10-17,80.866839,82.351782,80.175758,81.901837,77.620972,29980549
2023-10-18,81.445184,83.269101,81.087544,82.714473,78.39521,40961440
2023-10-19,82.283777,82.74959,81.77146,82.538159,78.232172,76188577
2023-10-20,82.179536,84.369723,81.684788,84.319246,79.924499,28332116
2023-10-23,84.809615,85.168233,82.988962,83.313408,78.983411,58126259
2023-10-24,83.596957,86.254834,83.376923,85.607406,81.162405,69475877
2023-10-25,85.267528,85.372602,84.324192,84.776369,80.3787,34052037
2023-10-26,84.854566,85.791535,84.691313,85.343726,80.920835,32594084
2023-10-27,85.059296,85.87603,84.971555,85.165694,80.75623,37421511
2023-10-30,85.838154,86.29428,83.847605,84.453868,80.093757,28921623
2023-10-31,84.656482,84.698861,82.346032,82.831601,78.55933,56560433
2023-11-01,82.868889,84.2538,82.579753,84.034778,79.704596,47868901
2023-11-02,83.895636,85.389021,83.499292,84.970376,80.596177,64074364
2023-11-03,84.145042,84.742115,83.928743,84.360675,80.022025,21634234
2023-11-06,84.376146,85.814678,83.315058,85.237179,80.866069,25673732
2023-11-07,85.055465,85.941924,84.591637,85.451032,81.073172,30870610
2023-11-08,85.795115,85.973603,84.98531,85.570155,81.190416,24243160
2023-11-09,86.050226,86.846931,85.65872,86.470565,82.049008,68463917
2023-11-10,86.266371,88.356198,85.729205,87.421172,82.955322,21769906
2023-11-13,87.196816,88.452778,86.761291,87.888507,83.4118,30969982
2023-11-14,87.774165,88.490801,85.613172,85.903301,81.531954,45531668
2023-11-15,85.708005,85.844948,84.876129,85.269695,80.9348,29852718
2023-11-16,86.286959,86.818327,85.606831,86.587921,82.190287,46188438
2023-11-17,86.431754,87.613884,86.059762,87.343161,82.911482,45892153
2023-11-20,87.382309,87.593902,85.990309,86.370521,82.000988,76643958
2023-11-21,86.252159,87.534885,85.950379,87.409211,82.991447,27893329
2023-11-22,86.815846,87.317166,86.512062,86.847061,82.461999,26916465
2023-11-24,86.812962,88.331542,86.671171,87.26492,82.86738,38966561
2023-11-27,86.942784,87.613522,84.62737,85.918372,81.601422,26371056
2023-11-28,86.224671,86.261832,85.475142,85.924468,81.611457,29762786
2023-11-29,86.566385,86.698985,85.311985,85.529155,81.240212,61473910
2023-11-30,85.3361,85.911405,83.9959,84.102312,79.889076,32936106
2023-12-01,84.130515,84.544923,83.038538,83.208399,79.044057,42180687
2023-12-04,83.028412,83.130109,82.052046,82.325245,78.217308,52772445
2023-12-05,82.098846,82.955657,81.261461,81.507353,77.444255,49641126
2023-12-06,80.920709,81.173041,79.097075,80.082031,76.093943,44264463
2023-12-07,80.277498,82.359972,79.940379,81.69882,77.634255,22037453
2023-12-08,81.61643,81.881396,79.646754,80.146779,76.163391,73194890
2023-12-11,80.315531,80.5518,79.687364,80.040821,76.07457,33756530
2023-12-12,79.410852,79.526771,77.477231,77.957792,74.098615,27513361
2023-12-13,77.691803,79.120113,77.492849,78.832231,74.933664,53381909
2023-12-14,78.930693,79.024239,78.279674,78.601552,74.71828,43101360
2023-12-15,78.608718,79.005687,77.253001,77.724543,73.888443,42688813
2023-12-18,77.52987,77.950589,74.357839,75.432702,71.720907,38755941
2023-12-19,75.10579,76.340971,74.213771,75.885071,72.154771,54194580
2023-12-20,75.851503,75.954092,74.844,75.19775,71.504956,59234554
2023-12-21,75.048166,76.062579,74.91462,75.338598,71.642613,32894710
2023-12-22,75.709364,76.387535,73.907362,74.191669,70.555621,44192175
2023-12-26,74.301766,75.273711,74.081527,75.167056,71.498081,29606506
2023-12-27,74.859256,76.498886,74.632026,76.452172,72.724253,21102994
2023-12-28,76.761897,76.983261,76.001394,76.414463,72.692163,78687970
2023-12-29,76.374701,76.705487,75.748892,76.376818,72.660132,38287292
2024-01-02,76.78509,76.888093,74.327241,74.724014,71.102551,42730820
2024-01-03,74.741619,75.115497,74.17975,74.413386,70.81066,56670565
2024-01-04,74.526438,74.923607,72.797741,73.251389,69.708547,25853668
2024-01-05,73.62372,74.093189,73.500454,73.954779,70.381579,38669659
2024-01-08,74.223128,74.474713,73.457759,73.95023,70.388233,52240265
2024-01-09,74.723659,75.150714,73.409627,73.809521,70.257957,29652534
2024-01-10,73.493836,73.687031,72.449001,72.815178,69.315066,32000359
2024-01-11,72.870207,73.432778,72.615002,73.38411,69.860283,36281478
2024-01-12,72.986431,73.166864,72.232903,72.558577,69.077985,33617767
2024-01-16,72.316992,73.046366,72.087111,72.73422,69.259612,58228021
2024-01-17,72.837413,73.229334,71.536012,71.592593,68.176068,32593906
2024-01-18,71.578779,71.901447,69.898454,70.470007,67.110546,62730292
2024-01-19,70.745632,71.581217,70.64035,70.933635,67.555585,39673948
2024-01-22,71.021291,71.257744,69.855639,70.019578,66.695465,53677173
2024-01-23,69.709437,70.3534,69.625596,70.013234,66.692892,47078866
2024-01-24,69.940063,70.194564,69.380986,69.418944,66.130226,33596217
2024-01-25,69.629572,70.027125,68.941912,69.20663,65.9314,27896662
2024-01-26,68.970597,70.700068,68.444446,70.298648,66.975222,43932392
2024-01-29,70.367981,70.971294,70.24988,70.897726,67.556519,62518567
2024-01-30,70.47451,73.452308,70.108241,72.961753,69.526892,27541673
2024-01-31,73.111638,74.637377,72.498549,74.49436,70.99104,53901221
2024-02-01,74.35371,74.924282,74.156453,74.501381,71.001424,34728693
2024-02-02,74.411268,75.761302,74.38092,75.498435,71.955381,48044406
2024-02-05,75.513732,75.773657,74.21031,74.719944,71.224538,39329126
2024-02-06,74.327691,74.429262,73.871251,73.90639,70.452707,34945284
2024-02-07,73.938126,74.291646,73.35895,74.058153,70.60105,30014841
2024-02-08,74.066892,75.075399,73.899619,74.760927,71.274726,31129839
2024-02-09,74.700671,75.104549,74.549197,74.882971,71.394792,30810291
2024-02-12,75.132724,75.87802,74.390328,74.551085,71.08946,47411989
2024-02-13,74.271739,74.699151,73.729211,74.582022,71.12266,30374980
2024-02-14,74.278785,74.322235,73.591012,74.029745,70.599672,29192141
2024-02-15,73.81591,74.160934,73.511519,73.821775,70.405,39400741
2024-02-16,74.120974,74.39876,73.258339,73.805338,70.392986,75609030
2024-02-20,74.080502,74.327233,73.203521,73.503547,70.119736,34948285
2024-02-21,73.566553,73.847914,73.103429,73.362652,69.988968,27372170
2024-02-22,73.517292,75.028878,73.163339,74.858824,71.420052,30952022
2024-02-23,74.802111,76.872869,74.645872,76.766368,73.24378,33270368
2024-02-26,76.51216,77.255517,76.060769,77.121832,73.594416,41292535
2024-02-27,77.090873,78.194893,76.221774,76.383252,72.893409,34522078
2024-02-28,76.115061,76.431823,74.114463,74.548807,71.146478,54921747
2024-02-29,74.520118,75.349094,74.164951,74.861695,71.448804,25672219
2024-03-01,75.024362,75.695289,73.441367,74.155102,70.778105,45631001
2024-03-04,74.202164,74.391284,73.910627,73.972603,70.614936,35672952
2024-03-05,74.211574,74.332055,72.786682,73.203937,69.884796,34363347
2024-03-06,73.730116,74.177995,71.761367,72.086771,68.821863,49654070
2024-03-07,72.162632,72.939882,70.841458,71.231598,68.00896,28052779
2024-03-08,71.216475,71.718223,69.682212,69.788623,66.634734,48703244
2024-03-11,69.707574,71.680783,69.283336,71.600324,68.375229,103928634
2024-03-12,71.283805,71.921038,70.571023,70.822785,67.636232,25573754
2024-03-13,70.996897,71.742931,70.520335,71.501062,68.287543,40520312
2024-03-14,71.535723,72.809878,70.607744,70.911964,67.728444,50083673
2024-03-15,71.425637,71.855334,71.040687,71.417722,68.215045,24189114
2024-03-18,71.488672,73.708686,71.415255,73.502981,70.217749,63909408
2024-03-19,73.149258,73.365509,72.82611,73.270307,69.999116,31100832
2024-03-20,73.205804,73.832722,72.746697,73.264809,69.997505,41883794
2024-03-21,73.729967,74.393268,73.578438,74.123472,70.821558,66664253
2024-03-22,74.06645,74.149618,72.994692,73.356999,70.092875,34785200
2024-03-25,73.532492,73.725152,73.328581,73.448441,70.191202,63444666
2024-03-26,73.678675,74.210012,72.421078,73.281513,70.035319,38373787
2024-03-27,73.396486,73.992888,71.776712,72.464255,69.257866,33105531
2024-03-28,72.167862,73.054622,71.96983,72.386907,69.18754,37880731
2024-04-01,72.014751,72.383812,71.123178,71.534983,68.387497,39234677
2024-04-02,72.175535,72.208735,72.040805,72.134942,68.964647,43200710
2024-04-03,72.651435,72.702252,72.199122,72.627015,69.438705,53763418
2024-04-04,72.596964,72.687407,70.915511,71.178531,68.057349,35708323
2024-04-05,70.930155,72.507115,70.597411,72.273252,69.107661,34071836
2024-04-08,71.987458,73.277704,71.852997,72.759186,69.58317,45819627
2024-04-09,72.713546,72.961685,72.459349,72.778752,69.605502,35045160
2024-04-10,72.624449,73.180634,71.809982,72.901955,69.726961,57262659
2024-04-11,73.185114,73.499429,72.931948,73.144564,69.962643,52608689
2024-04-12,73.630509,73.757589,73.221207,73.425851,70.235347,36568270
2024-04-15,73.509081,73.886079,72.040895,72.26799,69.138586,38940696
2024-04-16,72.356695,72.67901,71.490905,71.600104,68.503185,39808372
2024-04-17,72.242189,73.657468,72.155145,72.790778,69.645981,49236552
2024-04-18,72.453675,72.5904,71.517476,71.949093,68.844241,46214191
2024-04-19,72.136167,73.172835,70.229835,70.361433,67.328596,62178379
2024-04-22,70.588462,70.980076,69.475998,69.825755,66.826436,36006821
2024-04-23,70.390333,70.805309,69.332642,69.467117,66.486661,39084868
2024-04-24,69.215637,69.336023,68.261092,68.620514,65.679798,61125172
2024-04-25,69.136466,69.696514,67.714727,67.81904,64.916048,45512986
2024-04-26,68.136482,68.19411,66.483608,66.87349,64.014302,41836257
2024-04-29,66.938369,67.557269,66.375004,67.042132,64.185749,42907921
2024-04-30,67.36576,67.698058,66.345011,66.477883,63.648851,53830366
2024-05-01,66.981454,67.324051,66.552698,66.952326,64.106439,40291386
2024-05-02,66.89662,67.030162,66.70388,66.789242,63.953614,45085397
2024-05-03,66.668823,67.249927,66.615709,66.871384,64.035599,34920444
2024-05-06,66.732075,67.314565,66.647761,67.041815,64.208822,45038342
2024-05-07,66.800878,68.692869,66.352237,67.95552,65.087302,37056051
2024-05-08,67.694781,69.253264,67.360103,68.800163,65.899723,41392376
2024-05-09,68.406591,70.949197,68.000197,70.374163,67.410874,51995746
2024-05-10,70.570709,71.177952,70.330879,70.503069,67.537865,23331164
2024-05-13,70.045761,70.290263,69.991461,70.224743,67.281745,33082399
2024-05-14,70.297362,70.506716,69.734726,69.957176,67.028877,35339530
2024-05-15,69.772226,70.272568,68.918115,69.50921,66.603127,36578084
2024-05-16,69.52207,70.393734,69.24499,69.789144,66.874836,32178400
2024-05-17,69.760811,70.068536,68.878599,69.994806,67.075399,32742836
2024-05-20,69.993252,70.033144,69.691802,69.82588,66.923962,30998747
2024-05-21,69.499815,71.51919,69.320574,71.355449,68.393521,33172026
2024-05-22,71.564219,71.894234,69.816117,70.047885,67.143726,36074109
2024-05-23,70.098494,70.151319,69.872769,69.916145,67.020934,48390169
2024-05-24,69.512801,70.649512,69.475779,70.086632,67.187856,55167515
2024-05-28,70.29061,70.97841,69.004356,69.226318,66.376934,49925700
2024-05-29,68.765415,70.221115,68.165136,69.567962,66.707986,29001281
2024-05-30,69.454048,69.755999,68.285156,68.731865,65.90969,50200063
2024-05-31,68.749262,69.144267,68.31685,68.995025,66.165486,28672452
2024-06-03,68.769591,69.101786,68.668454,69.041791,66.220668,58956545
2024-06-04,68.889676,69.14276,67.75908,68.502959,65.707271,34564262
2024-06-05,68.650843,68.727212,67.990383,68.371335,65.584431,44767308
2024-06-06,68.428742,68.459451,67.857208,68.105783,65.333101,29747321
2024-06-07,68.388958,68.883664,67.880162,68.806152,66.008391,21843165
2024-06-10,69.285835,69.532002,67.516931,67.893543,65.143055,52341566
2024-06-11,67.758537,68.030958,66.666003,66.797521,64.094769,62066607
2024-06-12,66.718797,68.448957,66.22167,68.341083,65.579287,26466277
2024-06-13,68.361493,68.489168,68.013403,68.160254,65.409168,26616458
2024-06-14,68.646228,69.004972,67.540187,67.917347,65.179456,39668873
2024-06-17,67.90549,67.970802,66.944369,67.354022,64.648928,22056752
2024-06-18,67.787203,68.110542,67.326687,67.561048,64.851012,56532341
2024-06-20,67.31486,68.892907,66.878648,68.221497,65.491782,39419987
2024-06-21,68.409159,68.627241,67.085718,67.345033,64.653751,36218696
2024-06-24,67.427016,67.901288,67.383895,67.632076,64.939457,63243206
2024-06-25,67.962727,68.802029,67.920549,68.547831,65.822177,31220224
2024-06-26,68.492452,68.874424,68.180491,68.403939,65.687423,42396507
2024-06-27,68.448513,69.254337,68.33375,68.999439,66.262721,39528041
2024-06-28,68.973657,69.78558,68.721656,69.587988,66.831403,24311956
2024-07-01,69.797442,70.129039,69.489122,69.870229,67.112936,39126824
2024-07-02,69.457406,71.033759,69.231306,70.992858,68.19481,55054957
2024-07-03,71.171802,71.304529,71.044893,71.258065,68.453126,51000441
2024-07-05,70.927756,73.634825,70.250803,73.091865,70.222047,46526078
2024-07-08,73.342743,73.403242,72.090207,72.706668,69.862876,31450031
2024-07-09,72.783643,72.925462,72.716068,72.843664,69.998154,62427715
2024-07-10,72.869084,73.496272,71.589769,71.684289,68.887651,28045205
2024-07-11,71.429453,71.519627,70.752792,71.112257,68.341491,43782298
2024-07-12,71.278051,72.656342,70.779688,71.492092,68.710101,31867200
2024-07-15,71.47251,71.524392,70.442377,71.222303,68.461493,46433939
2024-07-16,71.214749,72.057247,70.991644,71.574226,68.803354,43280054
2024-07-17,71.331571,72.288637,70.964041,72.116619,69.328356,35060460
2024-07-18,71.928445,72.078154,70.71934,71.146687,68.399482,38231645
2024-07-19,70.957776,70.998816,70.281604,70.551389,67.830699,43320114
2024-07-22,70.391933,71.655747,69.885185,71.122771,68.390719,32296041
2024-07-23,71.159188,71.394992,70.17894,70.575399,67.867903,46850737
2024-07-24,70.739622,70.934017,70.591831,70.815624,68.102455,47046749
2024-07-25,70.953867,71.610577,70.524208,70.831502,68.121268,58961249
2024-07-26,70.794397,72.194131,70.395508,71.738578,68.997226,61360320
2024-07-29,71.855938,73.608362,71.803343,73.223726,70.436613,39952566
2024-07-30,73.253802,75.751872,73.195485,75.430486,72.563152,71270321
2024-07-31,75.238533,75.835825,74.320198,75.192801,72.338265,19197051
2024-08-01,75.065732,76.530252,74.905115,76.201711,73.312687,43603510
2024-08-02,75.913786,77.35589,75.461413,76.862901,73.952657,53396541
2024-08-05,77.105873,77.77054,75.306375,75.559865,72.710303,67522021
2024-08-06,75.127853,76.010578,75.006165,75.467779,72.625468,31026415
2024-08-07,75.493936,75.698216,73.724435,74.008844,71.225185,65971479
2024-08-08,73.434149,74.990093,73.335118,74.749936,71.942145,43852446
2024-08-09,74.376143,75.165786,73.705865,74.730614,71.92729,51726012
2024-08-12,75.012403,75.457969,74.418729,75.347656,72.532504,37954871
2024-08-13,75.423343,76.834083,75.25906,76.25581,73.410546,64691125
2024-08-14,76.0164,77.235924,75.699499,77.097823,74.225003,37030855
2024-08-15,76.674204,77.448867,76.025341,77.219456,74.345971,44882386
2024-08-16,77.094124,77.424452,75.562407,75.650444,72.839133,56488543
2024-08-19,75.412874,75.633504,74.893891,75.59494,72.797052,67964955
2024-08-20,75.594703,76.009315,75.289222,75.793752,72.992302,26363454
2024-08-21,75.494225,76.342079,75.323257,75.993742,73.188707,45702370
2024-08-22,75.917111,78.038926,75.74373,77.912342,75.040393,75703180
2024-08-23,78.008871,78.222214,76.545806,76.968673,74.135365,47115523
2024-08-26,76.84842,78.872328,76.327336,78.251688,75.382914,45074425
2024-08-27,78.286909,78.51083,77.311893,77.69735,74.852792,58928271
2024-08-28,77.796388,78.002225,75.980073,76.052597,73.272066,56335846
2024-08-29,75.339374,77.944358,74.541725,77.305233,74.482779,63967803
2024-08-30,77.045354,77.840453,76.904805,77.40736,74.585058,47886526
2024-09-03,77.163637,78.299828,76.841054,78.086867,75.255446,42208711
2024-09-04,77.985714,78.099994,75.77352,76.725282,73.947079,54432714
2024-09-05,76.880258,77.609986,76.367299,76.629072,73.858195,50275253
2024-09-06,76.230303,77.101536,75.310917,76.634656,73.867419,45031642
2024-09-09,77.426407,77.565425,76.217132,76.548705,73.796087,63114377
2024-09-10,76.003114,77.399097,75.530097,76.902088,74.14062,44578387
2024-09-11,77.514828,78.276345,75.979574,76.506721,73.763287,38509238
2024-09-12,76.383539,76.584163,74.405537,75.032398,72.345594,25946628
2024-09-13,74.991862,75.480086,74.500831,74.847906,72.171463,23267864
2024-09-16,75.169247,75.341864,73.076844,73.229588,70.622034,47521850
2024-09-17,73.806169,74.234111,73.378378,74.198386,71.560057,44273459
2024-09-18,74.389213,74.66233,73.498643,73.842954,71.220969,56214696
2024-09-19,73.250087,74.015744,73.056616,73.692284,71.079346,40193574
2024-09-20,73.901459,75.034297,73.813587,74.955012,72.301061,43304223
2024-09-23,74.766389,74.839417,73.923411,74.224252,71.60735,40234936
2024-09-24,74.310128,75.132964,73.934961,74.767946,72.135627,42259827
2024-09-25,74.484089,75.058914,74.341657,74.395904,71.780417,25269396
2024-09-26,74.61734,74.66408,73.653386,73.779614,71.189497,30394037
2024-09-27,74.259856,74.75979,71.733849,72.456043,69.916028,32050482
2024-09-30,72.179044,73.921433,71.969033,73.447211,70.883511,47252568
2024-10-01,73.448431,75.052772,73.156051,74.89496,72.284486,59615678
2024-10-02,75.084137,76.134991,74.512633,75.847868,73.207989,36244058
2024-10-03,76.359072,76.646929,74.433002,74.463412,71.875457,29809828
2024-10-04,74.59338,75.068576,73.989647,74.85602,72.258179,48155166
2024-10-07,74.750779,75.188364,73.712176,74.283885,71.717091,23773976
2024-10-08,73.917711,74.628769,72.856948,73.059337,70.538525,44577666
2024-10-09,73.092542,73.97895,72.537807,73.633761,71.096827,41996514
2024-10-10,73.470235,75.556688,73.267502,75.158101,72.572423,46923114
2024-10-11,75.077658,75.986256,75.038074,75.572129,72.976004,43293774
2024-10-14,75.411891,75.925751,73.956746,74.355892,71.812754,39875434
2024-10-15,74.058271,74.335292,73.808796,74.126675,71.595101,35489420
2024-10-16,74.396374,74.522623,72.34658,73.10881,70.615672,44519171
2024-10-17,73.004501,74.517524,72.319214,74.197131,71.670607,39206474
2024-10-18,74.764082,75.18564,73.797888,74.009992,71.49356,25890286
2024-10-21,74.129222,75.12312,74.034553,74.263553,71.749695,30918602
2024-10-22,74.373283,75.016471,74.290173,74.527777,72.008721,23122162
2024-10-23,74.657901,74.736151,73.479063,73.858041,71.365334,50927552
2024-10-24,73.523912,74.72298,73.358089,74.5068,71.995943,27356446
2024-10-25,74.044285,74.481226,73.856501,74.306695,71.806316,31678022
2024-10-28,74.573322,75.203736,73.833061,74.757054,72.252796,48120065
2024-10-29,74.609609,74.731138,74.048726,74.078695,71.600885,31988319
2024-10-30,73.700478,75.099917,73.510232,74.975877,72.471828,53086993
2024-10-31,75.190036,75.572424,74.08057,74.578339,72.091317,67961136
2024-11-01,74.417235,74.635255,73.856237,74.04083,71.575456,62388219
2024-11-04,74.022862,74.542329,73.79842,74.443276,71.975733,27525569
2024-11-05,74.23322,75.416676,73.946034,75.263275,72.772337,43800909
2024-11-06,75.201848,75.563997,74.595468,75.4451,72.951939,31745509
2024-11-07,75.990898,76.350183,75.654615,75.907935,73.403298,38576113
2024-11-08,75.818326,77.698266,75.569725,76.962595,74.42703,45596818
2024-11-11,77.017691,77.067435,76.447091,76.57438,74.063162,36660440
2024-11-12,76.608139,77.438473,75.564032,75.791161,73.309442,30682808
2024-11-13,75.474633,75.643153,74.520099,74.966872,72.515916,42997882
2024-11-14,75.395036,76.366706,74.985443,76.189169,73.702084,37928800
2024-11-15,75.481825,75.969726,74.979709,75.8989,73.425111,46316135
2024-11-18,75.674628,75.782232,74.977672,75.082969,72.64711,53311382
2024-11-19,75.252521,75.720168,73.866795,73.949797,71.554422,67923340
2024-11-20,74.272056,74.628524,72.714196,73.545678,71.167096,64071866
2024-11-21,73.368604,73.907347,72.969638,73.048227,70.68941,38484791
2024-11-22,73.2594,73.681111,72.61961,73.089806,70.733325,43709987
2024-11-25,73.304392,73.779216,71.713513,71.998674,69.688247,35505146
2024-11-26,72.157582,72.449377,71.877312,72.0979,69.787919,30111409
2024-11-27,71.804399,74.612147,71.451574,73.287319,70.942921,53094635
2024-11-29,73.011499,74.201483,72.514903,73.434639,71.092924,45074911
2024-12-02,73.300265,73.56322,72.279558,73.003606,70.686666,23428982
2024-12-03,72.854905,74.252971,72.528559,74.047049,71.700723,37547017
2024-12-04,73.778214,74.0968,72.942215,73.025734,70.715449,63016550
2024-12-05,72.90649,73.020277,71.925097,72.032328,69.757099,48458212
2024-12-06,72.247642,72.982954,71.931726,72.785304,70.489958,81409751
2024-12-09,72.774466,72.967816,72.33273,72.748416,70.465229,57676592
2024-12-10,72.448835,72.987374,72.108364,72.718953,70.440355,60894590
2024-12-11,73.013232,73.141426,72.085443,72.252494,69.992153,36247160
2024-12-12,71.856987,73.2036,71.129068,72.741407,70.469437,54283740
2024-12-13,73.040484,73.499991,71.863917,72.365147,70.108575,23399976
2024-12-16,72.150563,74.028457,72.011864,73.594445,71.310668,25460610
2024-12-17,72.832042,74.061183,72.745783,73.858748,71.570492,28968304
2024-12-18,73.686701,74.154116,72.063779,72.809296,70.557224,46327066
2024-12-19,73.103469,73.169292,72.045788,72.140765,69.913008,83616759
2024-12-20,72.0736,73.55494,71.692049,72.861149,70.61482,75396055
2024-12-23,72.841887,73.560225,72.662165,73.406518,71.154477,28297100
2024-12-24,72.874104,73.558125,72.158516,72.32115,70.106054,38918099
2024-12-26,72.356299,72.741148,71.190898,71.714347,69.525069,56234018
2024-12-27,72.135529,73.298618,71.934604,72.900398,70.67859,29462994
2024-12-30,73.406521,74.824837,73.372045,74.221495,71.970654,26453963
2024-12-31,74.236723,74.413436,72.247258,72.698394,70.49741,26892272
2025-01-02,73.273762,74.979195,72.769939,74.352858,72.109286,59602273
2025-01-03,74.508974,75.430926,74.405072,75.121796,72.858811,43801355
2025-01-06,75.933852,76.210483,75.02615,75.684287,73.415814,50558263
2025-01-07,75.994126,77.514629,75.517703,77.260553,74.948733,63048499
2025-01-08,77.78903,77.964991,77.108332,77.622025,75.303306,45650787
2025-01-09,77.253044,77.528509,77.088278,77.417171,75.108479,40735317
2025-01-10,77.559953,78.422444,76.615552,77.061868,74.767661,41103323
2025-01-13,77.003103,78.990979,76.949018,78.306887,75.987472,44151772
2025-01-14,78.502464,79.021491,77.760069,78.106181,75.796653,65695614
2025-01-15,78.027198,79.508864,77.714667,79.342258,77.000186,41485107
2025-01-16,79.956619,80.301257,78.628509,79.330881,76.99315,62531439
2025-01-17,78.884003,79.412147,78.068538,79.253888,76.922427,43967792
2025-01-21,79.082935,80.367763,78.905531,80.05006,77.711346,30073093
2025-01-22,80.352198,80.911906,79.607113,80.326739,77.983998,48248308
2025-01-23,80.453741,80.905272,80.266856,80.575358,78.229435,31572138
2025-01-24,80.33588,81.1264,80.235166,80.838024,78.488537,18683557
2025-01-27,80.279441,82.612307,79.661128,82.135627,79.760872,36027068
2025-01-28,82.283491,82.653512,79.057847,79.96048,77.652654,39111325
2025-01-29,79.948759,80.238039,79.258199,79.498673,77.208191,33316291
2025-01-30,79.600303,81.019235,79.080946,80.586709,78.268951,32655443
2025-01-31,80.789738,81.708466,80.154023,80.469491,78.15917,37299773
2025-02-03,80.443505,81.268263,80.099382,81.089332,78.773507,46513794
2025-02-04,81.084173,82.001285,80.817173,81.662004,79.333951,43672175
2025-02-05,81.59099,83.122999,80.948907,82.200504,79.861254,62637663
2025-02-06,82.481381,82.594778,82.06916,82.104068,79.771711,41688271
2025-02-07,81.95417,83.353535,81.8504,83.317541,80.954924,53438269
2025-02-10,83.512215,84.336471,82.655698,83.317957,80.967963,58568785
2025-02-11,82.681262,83.907804,82.304962,83.813481,81.453748,41831447
2025-02-12,84.194613,84.415918,83.301806,83.821073,81.465363,48916376
2025-02-13,84.452114,85.495618,84.233355,85.185688,82.795934,28747271
2025-02-14,85.012181,85.518334,84.748771,84.826203,82.450823,35042679
2025-02-18,84.256792,85.914202,83.969767,85.762111,83.37787,44346888
2025-02-19,85.637895,85.682833,85.169951,85.241749,82.876286,41381575
2025-02-20,84.713846,86.52461,84.199967,85.920334,83.540385,31793804
2025-02-21,85.887928,87.02069,85.209078,86.843137,84.44202,60511394
2025-02-24,86.885543,87.286493,86.551797,87.227428,84.828922,51416851
2025-02-25,87.133055,87.225376,86.779883,87.037399,84.648522,29883243
2025-02-26,86.906339,87.470084,86.667322,86.868679,84.488827,43568566
2025-02-27,87.403386,89.593214,86.777786,88.987088,86.553703,52721026
2025-02-28,88.279804,90.610195,87.802804,90.537079,88.06589,44852487
2025-03-03,90.297862,93.080855,90.122172,92.047946,89.549492,32881837
2025-03-04,92.303259,92.982052,91.813738,92.686716,90.175614,33670384
2025-03-05,93.14247,93.476194,91.857308,92.178562,89.685893,42542979
2025-03-06,91.693533,92.094722,90.397067,90.905139,88.451507,38547482
2025-03-07,90.918907,91.196581,89.178303,89.455961,87.045972,49725904
2025-03-10,88.971445,89.749187,88.679387,89.502754,87.105096,58229832
2025-03-11,89.623611,90.193197,89.484359,90.114493,87.705009,41422860
2025-03-12,90.24377,91.231266,89.926628,91.128587,88.696603,30038339
2025-03-13,91.39374,91.879786,90.080832,90.46958,88.059764,74063427
2025-03-14,90.424643,90.876181,89.968837,90.084272,87.68928,60562039
2025-03-17,90.423498,90.720928,90.076307,90.313406,87.926043,41739105
2025-03-18,90.426242,92.272521,90.100054,91.507311,89.093023,59668124
2025-03-19,91.721149,92.544966,91.380101,92.13796,89.7117,47538919
2025-03-20,91.924878,93.869016,91.850724,92.835426,90.395501,42420793
2025-03-21,92.269657,95.4242,92.000226,94.758591,92.272921,30314516
2025-03-24,94.796442,95.478392,92.738694,92.993102,90.567877,57715214
2025-03-25,93.018699,94.668748,92.884571,94.562296,92.100937,37048790
2025-03-26,94.061536,94.525136,93.122368,93.556791,91.126345,44099942
2025-03-27,93.451243,95.437204,92.84295,94.878501,92.418526,34188556
2025-03-28,95.249812,95.848238,94.898082,95.716961,93.240097,46348334
2025-03-31,95.786592,98.509067,95.671015,97.818824,95.302442,41629535
2025-04-01,98.504134,98.681271,96.656939,97.50777,95.004331,40497101
2025-04-02,96.450698,98.674202,95.799049,97.008234,94.522538,34517572
2025-04-03,96.949353,98.855659,96.696522,98.507345,95.988229,30600251
2025-04-04,98.162717,98.787936,96.682457,98.220146,95.713354,39770755
2025-04-07,97.454613,100.96027,96.228654,100.530774,97.980299,53516041
2025-04-08,100.963076,104.067863,100.672645,102.450706,99.856716,47765604
2025-04-09,102.561592,103.000404,102.175423,102.712959,100.117536,21446631
2025-04-10,102.84017,103.522882,101.816519,103.195484,100.593101,30942176
2025-04-11,103.719794,103.995885,101.611816,103.076189,100.482041,75007597
2025-04-14,103.065087,105.882926,102.814934,105.478224,102.839672,36511089
2025-04-15,106.053189,106.758002,103.920225,104.631456,102.019393,38504811
2025-04-16,104.429559,106.874437,104.114705,105.215555,102.594247,29596264
2025-04-17,105.955869,106.25991,104.437285,105.030103,102.418743,43849957
2025-04-21,104.629928,104.832149,104.360004,104.414851,101.839976,14911132
2025-04-22,103.922722,104.760059,102.851921,104.19517,101.630999,34290619
2025-04-23,103.16791,104.572742,103.031308,104.394901,101.831112,47220447
2025-04-24,104.979493,105.453378,103.48011,104.181698,101.628431,51180120
2025-04-25,103.308109,106.748928,102.847004,106.40972,103.807249,58891592
2025-04-28,106.060535,106.588535,104.001525,104.803113,102.255891,47466926
2025-04-29,105.761915,106.657744,104.528337,105.390944,102.834784,47438726
2025-04-30,104.842754,107.124545,104.668423,106.899269,104.311953,55073069
2025-05-01,106.991086,107.464776,104.616188,105.646891,103.095249,43764791
2025-05-02,105.4924,107.631766,105.010285,106.873097,104.297264,66873975
2025-05-05,107.216098,108.232627,105.874372,107.545658,104.969996,34925293
2025-05-06,106.585416,112.347244,106.1581,111.683558,109.014465,44612520
2025-05-07,111.821273,113.370923,111.409526,112.086664,109.41363,33443393
2025-05-08,111.796591,113.751125,111.004977,113.100366,110.4089,62085597
2025-05-09,113.366675,114.000543,111.409504,111.991299,109.331913,52015258
2025-05-12,111.268116,111.442974,109.443388,110.79392,108.179848,30338541
2025-05-13,110.670117,112.652492,108.557109,109.020742,106.454044,37175015
2025-05-14,108.465111,112.378728,107.589492,112.130957,109.49673,30179118
2025-05-15,112.913505,114.363228,109.630832,109.752006,107.179242,12731722
2025-05-16,109.777102,109.936672,106.1452,106.67741,104.182138,41787671
2025-05-19,106.828842,108.618597,103.680729,106.652995,104.174551,62108798
2025-05-20,105.988539,110.060519,104.626571,109.615256,107.073543,46502828
2025-05-21,111.893509,112.14221,109.835136,110.434094,107.879006,43726036
2025-05-22,111.643752,113.433447,110.076805,112.098409,109.510511,43489791
2025-05-23,112.437307,113.614975,111.387268,112.634814,110.040256,36023403
2025-05-27,112.72046,115.98647,112.610065,114.554411,111.938924,58936924
2025-05-28,114.004491,115.182293,113.599136,114.785165,112.170245,28765469
2025-05-29,114.098088,115.224059,113.489679,114.986287,112.372631,48956653
2025-05-30,114.19588,114.731784,113.273495,114.423854,111.828799,40129151
2025-06-02,114.12524,114.803873,113.238648,113.541006,110.983292,28624571
2025-06-03,114.406462,116.159286,113.933022,115.795509,113.192896,22002169
2025-06-04,116.140631,117.220029,115.806497,116.133489,113.529185,32662981
2025-06-05,115.780935,116.604579,114.814618,116.134325,113.535908,37923753
2025-06-06,116.640335,116.74098,113.946424,114.296646,111.745159,56547835
2025-06-09,114.521058,114.826543,113.797372,114.643672,112.101931,34247680
2025-06-10,115.317179,115.392031,112.949384,113.452871,110.943301,70144521
2025-06-11,113.359142,115.30263,112.833893,114.565616,112.037261,50611555
2025-06-12,113.834981,117.033984,113.480528,115.927239,113.374731,28284115
2025-06-13,116.262599,116.58066,116.187609,116.470757,113.912208,28936839
2025-06-16,117.354511,117.473791,115.219114,116.56386,114.021058,25359121
2025-06-17,115.899385,116.351876,114.658286,115.369341,112.858467,43558545
2025-06-18,115.186487,115.851374,114.684187,114.801846,112.309166,32971753
2025-06-20,115.832776,117.513563,114.919566,117.437927,114.899963,30495329
2025-06-23,116.810472,118.694558,116.704663,117.268148,114.75176,45259221
2025-06-24,116.831291,118.456508,115.494863,117.771191,115.250003,39597307
2025-06-25,116.803752,117.548727,116.657446,117.273272,114.768713,38872137
2025-06-26,116.519525,116.940946,114.22701,114.884478,112.436785,36911156
2025-06-27,113.779281,115.160173,111.517522,111.768117,109.392511,23389960
2025-06-30,111.961968,113.061795,105.830782,107.145193,104.884212,69556779
2025-07-01,106.866191,109.610148,106.738429,108.653384,106.36611,29561480
2025-07-02,108.473658,111.531064,107.760152,110.862673,108.534537,43902197
2025-07-03,111.888557,113.250506,107.57855,108.984597,106.701451,32759173
2025-07-07,108.897804,110.582646,108.247205,110.413388,108.122806,34337832
2025-07-08,110.069331,111.347951,108.568253,109.0004,106.744684,52676215
2025-07-09,108.482163,109.124227,108.068407,108.439516,106.200931,55404063
2025-07-10,109.172656,109.927355,106.064628,106.358214,104.168013,35963675
2025-07-11,107.049336,107.968352,105.938481,106.024284,103.846362,43606226
2025-07-14,107.26426,110.467309,106.85128,109.799262,107.560579,40477808
2025-07-15,109.902495,111.990941,108.059147,109.310094,107.086956,43647100
2025-07-16,108.661091,112.16164,107.500129,110.122179,107.888137,57173716
2025-07-17,109.675101,112.194491,108.927547,111.336955,109.083942,47234910
2025-07-18,110.582213,112.14515,108.469276,109.379983,107.172147,38164396
2025-07-21,109.394768,111.151825,109.018607,110.969327,108.74638,45301754
2025-07-22,111.308213,111.475927,109.424379,110.959137,108.74205,23385032
2025-07-23,110.20008,111.65244,109.348979,110.501811,108.299495,36831361
2025-07-24,110.148229,111.147608,109.00388,110.755584,108.553857,36702580
2025-07-25,111.08275,111.498603,110.616572,110.82837,108.630847,37733148
2025-07-28,110.96368,111.469845,109.636639,110.005905,107.841518,33246673
2025-07-29,110.089178,112.220157,109.364932,111.592728,109.402811,30708715
2025-07-30,111.940883,113.225259,111.012405,112.575298,110.37184,26711580
2025-07-31,112.467576,112.900389,110.542816,110.921467,108.756037,25952187
2025-08-01,111.338997,113.040804,110.776501,112.137157,109.953714,19049580
2025-08-04,112.509264,113.52597,111.139342,111.281985,109.132223,25667830
2025-08-05,112.005476,112.44274,110.78568,111.278297,109.134282,32697532
2025-08-06,111.741082,113.086466,111.482119,112.907887,110.738236,33672264
2025-08-07,113.030314,116.603589,112.559754,116.066664,113.842235,44075585
2025-08-08,116.50739,118.215964,115.683151,117.910738,115.656983,41485700
2025-08-11,117.812139,118.627177,113.829369,115.528864,113.338323,45910475
2025-08-12,115.46772,115.753064,114.55381,115.669891,113.482579,31568585
2025-08-13,116.029535,116.851757,113.094922,113.884913,111.737166,36653623
2025-08-14,113.852075,114.555991,112.787902,113.145229,111.017208,33063110
2025-08-15,112.739474,113.787806,112.400865,113.263613,111.139146,27593278
2025-08-18,114.272784,115.013209,112.524388,113.200441,111.094495,42681511
2025-08-19,113.080591,113.269088,110.856401,111.892547,109.816645,29192160
2025-08-20,112.154552,112.758305,111.839173,112.671971,110.587361,41597731
2025-08-21,112.298916,114.945749,111.60519,114.773473,112.655842,38323088
2025-08-22,114.177503,114.83721,114.120983,114.676512,112.566526,24088943
2025-08-25,115.496164,116.338927,114.473172,115.078474,112.978722,31144312
2025-08-26,115.112691,116.280122,114.3128,116.160499,114.046935,34804381
2025-08-27,116.474129,116.706954,114.34568,114.58998,112.510845,53160316
2025-08-28,114.71838,115.779759,114.407846,115.632253,113.540113,65896365
2025-08-29,115.930761,116.082242,114.794768,115.396493,113.314514,48574818
2025-09-02,114.557805,115.635454,114.232488,115.31343,113.256513,24643487
2025-09-03,116.005848,116.918422,114.676409,115.011986,112.966322,27688386
2025-09-04,115.000888,115.916991,112.834715,113.1539,111.147066,34433542
2025-09-05,113.497308,113.863328,111.50921,111.615597,109.641749,29581932
2025-09-08,111.035117,111.316272,108.032212,108.209617,106.312591,55353523
2025-09-09,107.869357,108.713678,107.080231,108.315484,106.422138,48708486
2025-09-10,107.869319,109.729928,107.570238,109.094889,107.193495,17146470
2025-09-11,110.122874,110.963067,108.556672,110.026349,108.114345,32371590
2025-09-12,109.803756,112.639719,109.330116,111.941936,110.002366,33243412
2025-09-15,111.35036,112.705148,111.26557,112.111107,110.185799,39275265
2025-09-16,111.763097,112.985722,110.857945,112.568573,110.641164,33848087
2025-09-17,111.605642,113.648333,110.945037,113.535643,111.597481,26796265
2025-09-18,113.262403,114.122341,111.490213,112.091557,110.183779,45214483
2025-09-19,112.624963,114.220451,111.758021,113.833018,111.901421,37933807
2025-09-22,113.554618,113.932369,113.296043,113.663128,111.751852,43390016
2025-09-23,113.864558,115.482196,113.203091,114.838513,112.913346,32370444
2025-09-24,115.32881,115.397199,114.079058,114.228495,112.319398,50269049
2025-09-25,114.80425,114.87386,112.290029,113.252433,111.365441,41687211
2025-09-26,113.549163,115.441718,113.139679,115.137839,113.225323,40157124
2025-09-29,115.053545,116.908596,114.391705,115.524661,113.62345,30252334
2025-09-30,116.242005,116.666663,113.480752,113.571748,111.708487,26216513
2025-10-01,113.772422,115.542797,113.490981,114.826479,112.948508,51688257
2025-10-02,114.537419,116.166566,114.328212,115.939284,114.049046,32866587
2025-10-03,115.315102,115.777571,114.923346,115.545905,113.667993,48962307
2025-10-06,115.021376,116.752714,114.773654,116.12114,114.251707,55510274
2025-10-07,116.033324,116.525075,115.49787,116.445184,114.576495,37396302
2025-10-08,116.374849,117.387532,116.061636,116.804126,114.935656,39463989
2025-10-09,116.269878,118.766208,115.883072,118.714447,116.821495,27847336
2025-10-10,118.395022,119.783681,117.07059,117.623751,115.754211,44489900
2025-10-13,118.141293,119.852087,115.653915,116.880438,115.040664,40449323
2025-10-14,116.58064,117.867223,116.027978,116.789163,114.956806,41554829
2025-10-15,116.411564,117.039448,113.263862,113.726064,111.947589,29888257
2025-10-16,112.431298,115.959184,112.10375,115.695278,113.891932,36900606
2025-10-17,115.491224,116.992509,113.977874,116.108066,114.304232,38800725
2025-10-20,115.537732,115.585116,114.700687,115.477061,113.700773,22393616
2025-10-21,114.877188,120.936347,113.575372,119.916922,118.07848,52282273
2025-10-22,120.061875,120.117939,119.1184,119.652653,117.824393,34826942
2025-10-23,119.3849,124.290795,118.476149,124.011101,122.122597,35840951
2025-10-24,124.133645,124.470719,120.811539,121.072362,119.234813,31035322
2025-10-27,121.134575,123.396833,118.731487,119.06062,117.271903,47921001
2025-10-28,121.156438,121.639609,116.202557,117.382426,115.624936,45583038
2025-10-29,116.654341,119.64838,115.217819,118.810733,117.037946,43585308
2025-10-30,118.023418,119.397553,116.54716,119.211239,117.438585,40249064
2025-10-31,119.879954,120.234,118.686716,119.412126,117.642605,45305170
2025-11-03,120.20311,123.273658,119.377953,121.729427,119.944283,57036666
2025-11-04,121.577786,124.918117,121.216072,123.835481,122.025799,26686166
2025-11-05,123.301232,127.263818,123.123619,125.548854,123.72057,33257086
2025-11-06,126.363743,126.501481,122.622246,123.620317,121.826454,35501657
2025-11-07,123.109039,129.15069,122.947501,128.229272,126.375102,42555188
2025-11-10,126.6945,131.75925,126.52289,131.706201,129.822013,30415478
2025-11-11,130.391689,130.550548,126.35445,126.564605,124.760462,47322951
2025-11-12,126.182419,132.51102,126.016818,131.578056,129.709195,42217832
2025-11-13,130.58795,131.19155,126.20388,128.820101,126.997019,43720413
2025-11-14,128.767603,129.774322,124.531071,124.685647,122.927471,45759570
2025-11-17,124.71159,126.453773,118.864011,119.621369,117.953009,47413186
2025-11-18,120.312036,123.753614,118.142134,123.559142,121.842201,48505121
2025-11-19,123.804392,125.324497,113.965975,115.511281,113.912096,58022525
2025-11-20,115.400722,116.054348,114.423139,115.006755,113.420454,23483007
2025-11-21,116.796186,117.482933,110.591802,112.255295,110.712705,33344634
2025-11-24,111.05087,116.647477,110.153113,115.67293,114.10118,37955010
2025-11-25,115.601064,116.878219,114.834371,116.747306,115.166948,53166451
2025-11-26,118.27802,122.081223,117.668124,121.380999,119.744146,40611415
2025-11-28,121.146942,121.434383,117.14434,117.386469,115.815532,52417518
2025-12-01,117.415595,118.12496,112.857644,114.468434,112.954174,60981111
2025-12-02,114.913471,116.29113,113.973762,115.465796,113.944269,64708945
2025-12-03,115.641504,119.120731,114.429285,116.455115,114.92653,30963909
2025-12-04,116.003991,117.98987,115.011524,115.070802,113.566295,34715666
2025-12-05,114.397826,117.209672,113.880835,116.737564,115.217257,38697199
2025-12-08,116.227409,117.881861,115.255449,116.517105,115.017618,20422147
2025-12-09,116.003235,118.055781,115.447806,117.466308,115.960637,40325785
2025-12-10,118.345861,119.736774,114.049502,115.546615,114.071484,77155729
2025-12-11,115.694048,116.084097,111.684042,111.891893,110.469167,51661860
2025-12-12,110.806679,110.933376,109.606929,109.942637,108.550343,46378245
2025-12-15,109.959702,112.701282,109.517997,112.1963,110.792754,41913678
2025-12-16,110.883223,115.844772,110.374458,115.371848,113.934504,48280317
2025-12-17,116.00171,118.69229,114.525937,118.108832,116.643457,52525992
2025-12-18,118.037896,120.09397,117.977336,119.899634,118.4182,49846229
2025-12-19,120.262481,121.780244,119.113596,119.825237,118.350879,37965931
2025-12-22,120.548113,121.776238,119.214756,119.969278,118.511641,44317307
2025-12-23,119.507113,119.894702,117.362198,118.108305,116.679348,34090025
2025-12-24,117.831047,118.236221,115.727869,116.150712,114.751408,26929439
2025-12-26,114.546205,114.732626,112.129503,114.030539,112.6685,38017967
2025-12-29,114.338101,114.441968,113.324658,113.642679,112.302797,72292808
2025-12-30,113.011336,115.247184,111.527467,114.051709,112.712866,38372194
2025-12-31,113.922765,116.308577,113.482653,115.370334,114.021943,29933631
2026-01-02,115.561744,118.201671,113.905432,117.178628,115.821152,93587516
2026-01-05,117.473254,118.789301,114.94581,115.598932,114.27759,38201926
2026-01-06,116.649385,120.324181,115.599193,118.959489,117.605851,23750706
2026-01-07,118.556844,118.606328,117.32507,118.188533,116.849747,60518238
2026-01-08,119.299977,120.545937,115.412249,116.375267,115.063005,25964398
2026-01-09,116.248616,117.993324,115.474595,117.02156,115.708029,76046344
2026-01-12,117.316307,117.827207,116.626848,116.763174,115.470563,26200674
2026-01-13,115.974705,118.620143,114.870524,117.139077,115.84833,28519924
2026-01-14,115.965586,116.516165,115.772269,116.070639,114.797637,36926891
2026-01-15,116.07641,116.780089,115.697794,116.622081,115.349031,34020019
2026-01-16,115.85344,117.656918,114.601061,116.01918,114.758681,28796544
2026-01-20,116.087045,116.164717,113.139309,113.778655,112.565918,48671550
2026-01-21,114.264747,114.362936,113.290969,113.46468,112.261129,67740377
2026-01-22,113.810237,114.672491,111.769346,111.893921,110.712791,45329945
2026-01-23,112.319612,114.215304,109.602399,113.067427,111.87973,51004486
2026-01-26,113.355037,114.350168,111.269044,112.046126,110.88646,33270879
2026-01-27,111.497619,112.705721,110.905227,111.729995,110.579353,35378192
2026-01-28,112.142153,115.351812,110.760975,114.09427,112.925154,46414430
2026-01-29,114.344914,114.90029,112.302547,112.661134,111.512503,74571591
2026-01-30,112.208863,112.363662,111.948873,112.186537,111.048521,32987181
2026-02-02,111.690455,112.699694,111.262833,112.189017,111.068308,22674865
2026-02-03,112.307451,112.703367,110.643296,111.02995,109.926538,24980568
2026-02-04,110.609844,113.842834,110.168655,113.183925,112.064936,43854588
2026-02-05,112.942694,114.509962,111.313889,111.5407,110.443702,36156242
2026-02-06,112.111917,112.188037,110.018758,110.840497,109.756095,37356653
2026-02-09,110.662911,112.58544,110.075626,112.230608,111.14995,43462811
2026-02-10,112.04503,112.887991,110.849735,111.898565,110.826869,61517874
2026-02-11,112.01405,115.936314,111.343137,112.747072,111.673058,51897250
2026-02-12,112.708297,113.110392,109.036976,109.345155,108.309182,31403929
2026-02-13,108.650826,110.158906,107.60141,110.005259,108.9687,32993063
2026-02-17,110.626526,111.303397,109.405495,110.2026,109.186898,43730329
2026-02-18,110.647394,111.573591,108.496336,109.349971,108.347764,36367691
2026-02-19,108.312088,109.222999,107.694701,108.861356,107.869238,48051982
2026-02-20,108.096222,108.328304,106.489671,107.271061,106.298966,37590602
2026-02-23,105.659532,109.389636,104.53598,108.372039,107.406727,44599495
2026-02-24,108.568343,108.799535,106.973794,107.110944,106.162387,29290519
2026-02-25,107.560208,108.32397,105.248189,106.277703,105.342005,44175299
2026-02-26,106.118032,107.727322,105.641774,107.318079,106.378755,39203118
2026-02-27,107.563792,108.707828,105.984716,107.734312,106.7969,36122816
2026-03-02,107.248084,107.81775,104.855922,105.773924,104.869934,58451798
2026-03-03,106.135346,106.417264,103.134963,103.789423,102.907747,49682073
2026-03-04,103.612827,104.150466,99.184693,99.672813,98.831248,25036868
2026-03-05,99.767114,100.461184,96.967168,97.051053,96.23663,40163869
2026-03-06,97.506654,97.691922,91.896955,92.78419,92.01036,39512097
2026-03-09,93.315179,93.357778,91.167933,91.632016,90.881976,61201432
2026-03-10,92.032641,93.27486,87.274492,88.085602,87.369135,60327501
2026-03-11,88.729079,89.686446,87.617017,87.758305,87.049029,32792756
2026-03-12,86.995259,87.07855,85.811166,86.624061,85.928422,48065274
2026-03-13,86.761585,86.805243,85.667812,86.587131,85.896257,39780849
2026-03-16,87.202757,87.630711,84.165821,85.237523,84.570614,47081190
2026-03-17,85.474276,88.478469,83.961868,87.584668,86.903915,48929201
2026-03-18,86.502191,87.939002,85.671771,86.638544,85.969617,35465977
2026-03-19,85.84223,86.03355,85.301974,85.70822,85.050899,41761616
2026-03-20,86.114315,86.192476,82.910788,83.974869,83.335177,34312504
2026-03-23,85.32544,86.013236,81.227966,82.341748,81.72725,42119357
2026-03-24,81.749197,84.621019,81.219531,84.047689,83.424799,24462923
2026-03-25,84.216409,84.527475,83.684231,83.926482,83.308825,32619487
2026-03-26,83.248103,83.38624,81.091798,81.57469,80.978553,48127943
2026-03-27,81.048542,81.728224,79.880269,80.969622,80.382088,33997007
2026-03-30,80.455719,81.008724,80.220407,80.512956,79.94121,48857581
2026-03-31,80.612385,80.855973,79.742809,79.966711,79.402975,26360241
2026-04-01,79.706993,80.357597,79.068909,80.243623,79.682079,21919663
2026-04-02,79.902059,81.267399,79.385255,80.504462,79.945251,43035817
2026-04-06,80.360009,83.092957,79.738423,82.09355,81.540266,31729675
2026-04-07,82.295337,83.037509,81.868557,82.246787,81.69672,30235235
2026-04-08,82.791268,83.550114,80.729317,81.300035,80.760501,27435283
2026-04-09,80.839782,83.096202,80.58908,83.059167,82.51225,42824742
2026-04-10,82.674581,83.416578,81.653553,82.786718,82.245874,43075512
2026-04-13,83.018513,83.769113,81.91473,82.599512,82.072698,33808729
2026-04-14,83.015256,83.472649,82.456045,82.676848,82.153814,41952154
2026-04-15,83.256762,83.444528,80.611338,81.115507,80.606544,44049139
2026-04-16,81.510172,83.304992,81.43897,83.211157,82.693346,41632443
2026-04-17,82.090037,84.016636,81.008289,83.25675,82.742959,36117134
2026-04-20,82.760564,85.275774,82.115428,84.694536,84.185009,37810218
2026-04-21,84.985267,86.725195,84.715142,86.322424,85.807567,37175045
2026-04-22,87.5884,88.142741,84.321579,84.809945,84.308495,43455884
2026-04-23,85.126058,85.839602,83.440035,84.126895,83.633834,66114801
2026-04-24,82.971015,84.313519,82.843761,83.843456,83.356392,53170537
2026-04-27,84.530112,85.209733,83.555817,83.730543,83.257127,46020015
2026-04-28,83.100838,85.59947,81.799171,85.365242,84.886998,29650031
2026-04-29,84.891387,88.789626,84.36925,87.039865,86.556743,52650688
2026-04-30,87.399436,88.42553,86.581729,87.698492,87.216251,37850300
2026-05-01,88.020507,91.014463,86.480759,89.471925,88.98456,50062192
2026-05-04,89.640381,91.2185,89.245664,90.621725,90.142164,22635540
2026-05-05,90.601693,91.756795,90.396796,91.239745,90.761635,22685167
2026-05-06,90.871662,91.050183,90.297707,91.010083,90.537885,36971224
2026-05-07,91.115874,91.772435,89.033024,89.755915,89.294869,35786776
2026-05-08,88.627776,92.203429,87.357025,92.099783,91.631464,59942250
2026-05-11,91.77524,93.867842,91.732145,93.527612,93.066556,51512154
2026-05-12,93.09269,93.491539,90.268544,90.83337,90.390297,38778349
2026-05-13,90.459751,91.220997,88.46851,88.802305,88.373736,60976433
2026-05-14,89.162152,89.693279,89.090585,89.131267,88.705725,33737032
2026-05-15,89.218588,89.630376,87.238218,87.74861,87.334212,40861463
2026-05-18,88.476429,90.967943,86.862223,90.09361,89.682132,41637999
2026-05-19,89.947173,90.446122,89.132967,89.892972,89.487066,30292540
2026-05-20,89.935707,91.416733,86.944771,87.731934,87.340329,40373090
2026-05-21,87.705265,88.293971,85.048073,85.641509,85.26367,30771802
2026-05-22,85.924431,88.189246,85.811483,87.564852,87.183062,52055005
2026-05-26,88.601126,88.667253,84.625271,85.928875,85.572023,36044356
2026-05-27,85.719893,87.571508,85.327481,86.151318,85.798005,32008078
2026-05-28,86.383644,86.920791,86.291478,86.480021,86.129839,29603913
2026-05-29,86.493818,87.027817,83.250614,83.862765,83.527526,26974299
2026-06-01,83.869285,84.891475,83.718837,83.944198,83.621683,84099889
2026-06-02,83.657293,84.004214,82.931563,83.25845,82.942884,41019701
2026-06-03,82.358286,83.562198,81.258005,82.971068,82.660891,41071110
2026-06-04,82.433891,82.79776,79.937276,80.689289,80.391824,45071835
2026-06-05,81.029391,81.481803,79.140484,80.156316,79.86497,22477525
2026-06-08,80.202239,80.234514,79.336902,80.001456,79.723113,43888635
2026-06-09,80.951668,82.261473,80.544607,80.799926,80.522994,26247178
2026-06-10,81.124433,81.849642,77.446057,77.762287,77.499798,53981124
2026-06-11,77.468139,79.402504,76.279294,78.41609,78.155459,42188507
2026-06-12,78.194997,80.376521,77.500489,80.25805,79.995458,45243539
2026-06-15,80.151656,80.492883,77.700892,78.398615,78.154303,26308846
2026-06-16,78.654325,78.977967,78.49127,78.600941,78.360075,40526433
2026-06-17,78.373782,80.586308,77.255894,79.503328,79.263819,32462677
2026-06-18,79.034355,79.23017,78.721517,79.041339,78.807321,51845115
2026-06-22,79.064335,80.191388,78.092212,79.697889,79.478463,60890847
2026-06-23,79.324885,80.76848,77.874121,80.001906,79.785793,44210696
2026-06-24,80.087016,80.239706,78.550316,78.641533,78.433175,39810222
2026-06-25,78.555813,79.40454,78.264578,78.73167,78.527158,40461395
2026-06-26,78.90011,79.689235,78.087306,79.05741,78.856154,19547899
2026-06-29,79.280031,79.815485,78.146301,78.43485,78.247389,34898044
2026-06-30,77.609777,79.452912,77.05568,79.359398,79.173845,35445978
