date,open,high,low,close,adj_close,volume
2006-01-03,29.996957,30.0568,29.825982,29.875395,21.930473,9254072
2006-01-04,29.786497,30.057823,29.645028,29.985762,22.012393,8571399
2006-01-05,29.969088,30.102174,29.821148,29.998746,22.022829,6793357
2006-01-06,29.964175,29.979207,29.63282,29.66552,21.779094,7223564
2006-01-09,29.767273,29.918455,29.70234,29.73192,21.830531,6850625
2006-01-10,29.669978,29.809249,29.594516,29.669547,21.785629,14144027
2006-01-11,29.685668,29.724468,29.425898,29.480991,21.648066,5907558
2006-01-12,29.488179,29.562011,29.259349,29.358589,21.55907,4979381
2006-01-13,29.408229,29.790519,29.23381,29.704621,21.814071,8304880
2006-01-17,29.613415,29.659258,29.539574,29.626774,21.760477,8736598
2006-01-18,29.753586,29.826885,29.704479,29.773971,21.869489,8986699
2006-01-19,29.796147,29.874202,29.382188,29.545741,21.702741,10381838
2006-01-20,29.611732,29.664679,29.117703,29.16318,21.422612,8484351
2006-01-23,29.262578,29.486369,29.204118,29.332232,21.549448,11566638
2006-01-24,29.338145,29.788377,29.240018,29.655309,21.787697,7788939
2006-01-25,29.749866,29.851031,29.398916,29.457823,21.643494,9367843
2006-01-26,29.450151,29.502647,29.365575,29.450912,21.639305,4733370
2006-01-27,29.391454,29.486284,29.25804,29.305113,21.533062,7417649
2006-01-30,29.364148,29.511462,29.26908,29.404583,21.608813,12753543
2006-01-31,29.346352,29.416396,29.054788,29.072563,21.365696,12484306
2006-02-01,29.005999,29.24419,28.972465,29.169646,21.437924,8581586
2006-02-02,29.136064,29.691466,29.118519,29.563936,21.728596,5380955
2006-02-03,29.512885,29.785509,29.450934,29.758939,21.872815,9563017
2006-02-06,29.570917,29.916447,29.490658,29.850135,21.942547,12533479
2006-02-07,29.673444,30.232846,29.650197,30.144671,22.159968,9645349
2006-02-08,30.101259,30.606668,29.965095,30.558964,22.465446,11151332
2006-02-09,30.656653,30.891961,30.380334,30.863431,22.690207,8985538
2006-02-10,30.794629,30.852005,30.666081,30.779207,22.629216,11857190
2006-02-13,30.797915,30.897623,30.503157,30.536338,22.453423,9283674
2006-02-14,30.341542,30.760685,30.177429,30.595109,22.497561,7057223
2006-02-15,30.561421,30.669035,30.537312,30.613146,22.511748,7229322
2006-02-16,30.585002,30.618489,30.387705,30.440705,22.385861,8309630
2006-02-17,30.343185,30.553272,30.19833,30.51924,22.444537,17912962
2006-02-21,30.491361,30.834469,30.408593,30.784406,22.643266,12189944
2006-02-22,30.74646,30.81871,30.429085,30.551742,22.473054,6391361
2006-02-23,30.632992,30.777363,30.378311,30.460655,22.406973,9089834
2006-02-24,30.345014,30.539824,30.3026,30.502467,22.438651,7047051
2006-02-27,30.52093,30.780985,30.234974,30.346216,22.326458,7326491
2006-02-28,30.324959,30.783069,30.191387,30.734993,22.61342,7288500
2006-03-01,30.814227,30.84934,30.632167,30.655901,22.556154,7900095
2006-03-02,30.690491,30.783245,30.471182,30.58705,22.506419,14239392
2006-03-03,30.69314,30.7512,30.487384,30.552248,22.481734,15197590
2006-03-06,30.457588,30.513344,30.30769,30.335833,22.325236,5625511
2006-03-07,30.324996,30.719717,30.239928,30.515926,22.458696,5469882
2006-03-08,30.436494,30.637176,30.390997,30.588854,22.513293,13575953
2006-03-09,30.645177,31.048148,30.624766,30.814202,22.680079,5056874
2006-03-10,30.759686,31.031234,30.395291,30.514734,22.460585,6183940
2006-03-13,30.455454,30.539918,30.360162,30.500043,22.452538,10147028
2006-03-14,30.432444,30.572444,30.395193,30.540482,22.48323,9834197
2006-03-15,30.480608,30.706491,30.428045,30.60161,22.529157,10239754
2006-03-16,30.724164,30.772674,30.471316,30.636811,22.555998,6042162
2006-03-17,30.594069,30.741088,30.429279,30.558651,22.499377,5147652
2006-03-20,30.446697,30.589178,30.391673,30.546058,22.492877,10822325
2006-03-21,30.698523,30.872813,30.627679,30.721583,22.623056,11179753
2006-03-22,30.801588,31.061661,30.712852,30.992422,22.823436,13568613
2006-03-23,31.024277,31.266693,30.989734,31.155344,22.944357,7980733
2006-03-24,31.30179,31.72929,31.15169,31.578329,23.256819,8154013
2006-03-27,31.667451,31.691207,31.351738,31.497094,23.19985,16749566
2006-03-28,31.562191,31.682533,31.502619,31.559717,23.246931,13549723
2006-03-29,31.58339,31.769945,31.445155,31.630161,23.299777,18928343
2006-03-30,31.663195,31.780131,31.302798,31.347045,23.092173,5862815
2006-03-31,31.368522,31.509032,30.960016,30.990905,22.830756,7022734
2006-04-03,31.031826,31.074521,30.938576,30.960148,22.810907,7987382
2006-04-04,31.058508,31.201726,30.887342,30.961755,22.813028,11871665
2006-04-05,30.997529,31.019639,30.928018,31.00225,22.843803,9828672
2006-04-06,30.976693,31.42127,30.884708,31.229382,23.01211,9377098
2006-04-07,31.333062,31.39831,31.160189,31.233474,23.01607,7938321
2006-04-10,31.193264,31.466544,31.177236,31.382254,23.128555,8888716
2006-04-11,31.339956,31.726729,31.263083,31.552139,23.254715,9731645
2006-04-12,31.657737,31.680013,31.269387,31.323236,23.086956,9761316
2006-04-13,31.329117,31.421648,31.067364,31.098919,22.922563,11161910
2006-04-17,31.168986,31.230519,30.980023,30.996609,22.850905,13530967
2006-04-18,31.06785,31.125583,30.961575,30.984758,22.843107,14104973
2006-04-19,30.894596,31.288906,30.827282,31.191723,22.996634,8872241
2006-04-20,31.143797,31.274529,30.935706,31.255603,23.044677,7709471
2006-04-21,31.19581,31.30673,31.153352,31.24114,23.034959,12677210
2006-04-24,31.363699,31.473378,31.315068,31.441147,23.185286,9569432
2006-04-25,31.567776,31.616064,31.520057,31.539862,23.259036,7441461
2006-04-26,31.672907,31.752178,31.349735,31.363929,23.130244,17716690
2006-04-27,31.316553,31.944936,31.262093,31.78273,23.440064,8415780
2006-04-28,31.728588,32.056521,31.509356,31.961585,23.572939,10698721
2006-05-01,31.816167,31.902898,31.525526,31.685698,23.37234,4604169
2006-05-02,31.745611,31.802466,31.630944,31.757028,23.425918,9148201
2006-05-03,31.778488,31.797791,31.33997,31.411727,23.172154,8271228
2006-05-04,31.461461,31.64527,31.382511,31.56812,23.288481,8910509
2006-05-05,31.686467,31.82979,31.619287,31.649623,23.349566,9188732
2006-05-08,31.676172,32.248282,31.502529,32.087941,23.675853,8402429
2006-05-09,32.047816,32.437338,31.90231,32.374859,23.888534,7257601
2006-05-10,32.271939,32.555254,32.220131,32.453885,23.947828,10990475
2006-05-11,32.511017,32.533504,32.42462,32.489216,23.974884,10729257
2006-05-12,32.540843,32.594138,32.10649,32.335201,23.862211,8047916
2006-05-15,32.30157,32.45839,32.147742,32.377089,23.896066,6989206
2006-05-16,32.427429,32.518963,32.221534,32.374128,23.894863,6099716
2006-05-17,32.261924,32.293747,32.161263,32.181515,23.753674,9592519
2006-05-18,32.168094,32.369989,31.831352,31.970672,23.599016,7515813
2006-05-19,31.969856,32.026695,31.796185,31.833769,23.498927,8640535
2006-05-22,31.814512,31.914327,31.509026,31.571989,23.308558,9183011
2006-05-23,31.550609,31.827986,31.5271,31.690359,23.396908,6102038
2006-05-24,31.761653,31.870266,31.596912,31.675286,23.38674,9505541
2006-05-25,31.649132,31.714584,31.390678,31.43585,23.210911,8467756
2006-05-26,31.423596,31.941401,31.358959,31.863162,23.527386,11951701
2006-05-30,31.955649,32.006021,31.919492,31.93276,23.58265,12122523
2006-05-31,31.915942,32.078207,31.897606,32.035847,23.659753,7857934
2006-06-01,32.029773,32.674148,31.850446,32.646492,24.111729,5907532
2006-06-02,32.636609,32.882405,32.528143,32.779816,24.211192,9306151
2006-06-05,32.892586,33.057261,32.707778,32.775947,24.211317,11058383
2006-06-06,32.790993,32.924529,32.134858,32.179726,23.77187,6374831
2006-06-07,32.083873,32.151761,31.733185,31.802951,23.494503,8756138
2006-06-08,31.791909,31.865792,31.720874,31.827342,23.513488,11065546
2006-06-09,31.70217,31.819842,31.512286,31.528507,23.29367,7542286
2006-06-12,31.581795,31.981307,31.465117,31.799568,23.496828,7683338
2006-06-13,31.614925,32.40413,31.598324,32.230333,23.8161,10452231
2006-06-14,32.329572,32.448325,31.774764,31.955729,23.614155,10211036
2006-06-15,31.811171,32.187238,31.742569,31.999791,23.647687,8893340
2006-06-16,32.137815,32.191216,31.495673,31.575235,23.3349,10989509
2006-06-19,31.614349,32.04011,31.590991,31.91449,23.588525,12817720
2006-06-20,31.894428,32.100118,31.719523,31.886015,23.568446,12838419
2006-06-21,31.867532,32.105279,31.694885,32.069505,23.705045,14455300
2006-06-22,32.041381,32.14766,31.856269,32.01822,23.668109,5705856
2006-06-23,31.956087,32.441837,31.854776,32.292637,23.87194,7164712
2006-06-26,32.30004,32.48265,32.043354,32.20045,23.806725,8725106
2006-06-27,32.104073,32.129072,32.004076,32.03372,23.684429,10603452
2006-06-28,31.955739,32.241723,31.899119,31.979567,23.645362,6630748
2006-06-29,31.941768,32.479355,31.863726,32.4403,23.987008,10797913
2006-06-30,32.35185,32.859194,32.295915,32.686188,24.169815,18016547
2006-07-03,32.70106,32.98394,32.240336,32.257362,23.855658,4901413
2006-07-05,32.212548,32.409544,32.068802,32.158742,23.784679,6602697
2006-07-06,32.132002,32.364535,31.482716,31.613019,23.382021,7280299
2006-07-07,31.517328,31.596344,31.346539,31.373392,23.205738,12170951
2006-07-10,31.366722,31.561752,31.312255,31.3648,23.202241,10714937
2006-07-11,31.447072,31.646034,31.404167,31.512591,23.312528,10116758
2006-07-12,31.413828,31.837402,31.280737,31.806695,23.531067,13598014
2006-07-13,31.85922,32.059394,31.544615,31.657187,23.421421,11217671
2006-07-14,31.683782,31.789244,31.274025,31.40883,23.23863,9915036
2006-07-17,31.521748,31.981372,31.445844,31.898782,23.604041,5743769
2006-07-18,31.802414,32.078811,31.780578,31.917188,23.618631,8117863
2006-07-19,32.115883,32.264081,31.258129,31.271204,23.141555,9438006
2006-07-20,31.229341,31.341556,31.12313,31.310297,23.171436,7762264
2006-07-21,31.492903,31.670048,31.212284,31.579506,23.371626,12940264
2006-07-24,31.544591,31.746961,31.356458,31.711431,23.472155,12874386
2006-07-25,31.709132,31.756554,31.21941,31.268472,23.145236,11371251
2006-07-26,31.354179,31.422736,31.090985,31.168319,23.072049,6481187
2006-07-27,31.238598,31.367706,30.635671,30.870675,22.852659,7550586
2006-07-28,30.950213,31.217718,30.530223,30.771968,22.780524,6577376
2006-07-31,30.976657,31.100828,30.899744,30.987658,22.943026,7937720
2006-08-01,31.022671,31.267994,30.9636,31.218228,23.114688,10631786
2006-08-02,31.327687,31.933603,30.901949,31.777422,23.529695,12537717
2006-08-03,31.721014,32.269526,31.416496,31.994785,23.691615,16379898
2006-08-04,31.967688,32.335058,31.897272,32.040378,23.72635,10149543
2006-08-07,32.062993,32.689514,31.912061,32.53957,24.098978,9080033
2006-08-08,32.49131,33.012251,32.338916,32.990658,24.434059,12406515
2006-08-09,32.995612,33.130487,32.66531,32.828556,24.314999,8763558
2006-08-10,33.025959,33.041058,32.769717,32.87084,24.347317,7383464
2006-08-11,32.805599,33.01377,32.348462,32.822414,24.312447,8445386
2006-08-14,33.026047,33.1559,32.440449,32.489362,24.068711,11889341
2006-08-15,32.427405,32.765825,32.279049,32.593501,24.146851,8655317
2006-08-16,32.30832,32.714125,32.212778,32.642378,24.184054,10129664
2006-08-17,32.728442,32.990011,32.631028,32.94489,24.409182,6923508
2006-08-18,33.049429,33.586364,32.965865,33.512562,24.830795,15054566
2006-08-21,33.502855,33.759061,33.318262,33.669936,24.950474,8936861
2006-08-22,33.63961,33.775965,33.282246,33.334108,24.702629,9322562
2006-08-23,33.320316,34.011066,33.225813,33.76112,25.020099,9112065
2006-08-24,33.663077,34.012479,33.599005,33.986345,25.188046,7333541
2006-08-25,33.97454,34.501816,33.897077,34.385071,25.484597,5427663
2006-08-28,34.454721,34.984235,34.302599,34.94021,25.899231,7550937
2006-08-29,34.782516,35.080703,34.61119,34.921765,25.886622,5099891
2006-08-30,34.799678,35.304209,34.66107,34.998812,25.9448,7589316
2006-08-31,35.063057,35.128274,34.577753,34.763175,25.771179,11057937
2006-09-01,34.701058,34.903417,34.68461,34.878469,25.857713,18650794
2006-09-05,34.923514,35.067139,34.670547,34.818041,25.817154,10147097
2006-09-06,34.803567,35.069446,34.74529,34.939694,25.908423,6570509
2006-09-07,35.023899,35.070604,34.634168,34.794253,25.801635,9783625
2006-09-08,34.662458,34.817656,34.311155,34.460518,25.555204,6622052
2006-09-11,34.493766,34.546934,34.034899,34.058716,25.260348,9415545
2006-09-12,33.992308,34.171579,33.752238,33.853848,25.109434,10837684
2006-09-13,33.720562,34.001094,33.658848,33.78941,25.062669,7167366
2006-09-14,33.595252,34.272589,33.530398,34.194478,25.364163,10776825
2006-09-15,34.233856,34.406788,33.53239,33.569234,24.901403,9051773
2006-09-18,33.597909,33.73916,33.401221,33.464566,24.82682,5271382
2006-09-19,33.4687,33.591485,32.557961,32.802037,24.3363,12082721
2006-09-20,32.699646,33.016943,32.314991,32.419597,24.05355,12894714
2006-09-21,32.428705,32.690844,32.366257,32.462809,24.0866,8980197
2006-09-22,32.610528,32.776438,32.170596,32.198682,23.891606,5399496
2006-09-25,32.230673,32.2502,31.874505,31.906582,23.677783,6161473
2006-09-26,32.158648,32.214638,31.799824,32.088144,23.813497,5952087
2006-09-27,32.035616,32.462645,31.916256,32.208069,23.903478,4687879
2006-09-28,32.221389,32.407065,31.954393,32.393709,24.04224,12801292
2006-09-29,32.28476,32.309952,32.056901,32.165433,23.873797,6831474
2006-10-02,32.396192,32.493862,32.02564,32.174326,23.88334,14367627
2006-10-03,32.183766,32.211059,32.015643,32.125783,23.848285,5893178
2006-10-04,32.137045,32.211181,31.865954,32.006644,23.760819,11277090
2006-10-05,31.988087,32.219045,31.962331,32.0855,23.820338,6655984
2006-10-06,31.853715,32.242476,31.703348,32.184958,23.895157,6915678
2006-10-09,32.286884,32.367238,31.715468,31.729097,23.559613,11199091
2006-10-10,31.755081,32.173237,31.72173,32.141544,23.866845,10694648
2006-10-11,32.149236,32.343428,31.978268,32.26714,23.961091,7506036
2006-10-12,32.356461,32.536163,31.783462,32.010671,23.771617,11795149
2006-10-13,32.115048,32.151591,31.684738,31.827398,23.636486,9121644
2006-10-16,31.791584,31.819795,31.227533,31.436801,23.349288,12552078
2006-10-17,31.405946,31.532652,31.235234,31.276711,23.231337,10114240
2006-10-18,31.3158,31.584652,31.241651,31.507266,23.403547,7893281
2006-10-19,31.411318,31.462324,30.859492,31.042166,23.059018,5254218
2006-10-20,30.950725,32.059798,30.691119,31.802884,23.625072,6318138
2006-10-23,31.692256,32.182047,31.642444,31.807058,23.631084,9679583
2006-10-24,31.697606,31.751068,31.535116,31.589419,23.470353,12733951
2006-10-25,31.347043,31.669365,30.84795,30.920935,22.974625,7726995
2006-10-26,30.973901,31.040209,30.819922,30.855058,22.926619,13957895
2006-10-27,30.914716,31.058961,30.508697,30.62186,22.754277,9974651
2006-10-30,30.837082,31.06034,29.807782,29.996381,22.292247,6796472
2006-10-31,30.123684,30.210741,29.477518,29.640057,22.028344,9543130
2006-11-01,29.717654,29.833087,29.649795,29.729375,22.095632,7668490
2006-11-02,29.76969,29.960347,29.633502,29.862856,22.195751,10138837
2006-11-03,29.982947,30.366083,29.786814,30.205368,22.451246,12646112
2006-11-06,30.050247,30.31314,29.918698,30.164979,22.423989,20869841
2006-11-07,30.219296,30.387242,29.711853,29.841696,22.184578,16075416
2006-11-08,29.831446,30.222049,29.670518,30.191556,22.445589,6231053
2006-11-09,30.21932,31.085792,30.031044,30.894159,22.968875,8552270
2006-11-10,31.005153,31.934951,30.788264,31.484227,23.408534,17443824
2006-11-13,31.543055,32.330122,31.452934,32.223775,23.96134,9312627
2006-11-14,32.166226,32.249189,32.123058,32.174513,23.925691,13217824
2006-11-15,32.082544,32.258942,31.95546,32.011938,23.805775,5821944
2006-11-16,32.145025,32.29912,31.673868,31.757653,23.617645,6294489
2006-11-17,31.52428,32.634857,31.331995,32.339293,24.051189,7885832
2006-11-20,32.428943,32.501332,31.955645,32.279115,24.009391,16879144
2006-11-21,32.167865,32.81806,32.112672,32.692971,24.318219,10394677
2006-11-22,32.682448,33.216054,32.641169,33.197979,24.694876,12185673
2006-11-24,33.483831,33.806101,33.105858,33.192465,24.692802,8611112
2006-11-27,33.117171,33.484738,32.988621,33.292923,24.770588,11395597
2006-11-28,33.571157,33.810368,33.46107,33.580557,24.985619,7830093
2006-11-29,33.756358,33.798088,33.202304,33.447021,24.887284,11879674
2006-11-30,33.672553,33.782829,33.29684,33.506681,24.9327,7473500
2006-12-01,33.603446,33.688089,33.273088,33.353946,24.820066,7876075
2006-12-04,33.443402,33.574749,32.895145,33.097557,24.632312,7440246
2006-12-05,33.10512,33.367206,32.930802,33.2085,24.715894,6547293
2006-12-06,33.180561,33.340953,33.006462,33.182515,24.697569,7016423
2006-12-07,33.110443,33.306537,33.029791,33.158928,24.681027,6779112
2006-12-08,33.19967,33.360784,33.10331,33.304042,24.790056,11921042
2006-12-11,33.318192,33.686166,33.289817,33.539554,24.968438,13745174
2006-12-12,33.677702,33.72905,33.307659,33.562345,24.98643,6622642
2006-12-13,33.607226,33.754865,33.486237,33.676551,25.072484,8273774
2006-12-14,33.790788,33.982853,33.449192,33.468692,24.918754,7228772
2006-12-15,33.382529,33.43766,33.202412,33.39714,24.866502,8755768
2006-12-18,33.288046,33.607455,33.240122,33.516481,24.958434,7747489
2006-12-19,33.358181,33.387045,32.925962,33.181797,24.710223,7045709
2006-12-20,33.356085,33.719834,33.312551,33.557852,24.991295,7289164
2006-12-21,33.446029,33.492613,33.006758,33.149151,24.68794,7487778
2006-12-22,33.149413,33.635243,33.077606,33.322989,24.818425,6865762
2006-12-26,33.512753,33.588094,33.496935,33.561276,25.000004,11720543
2006-12-27,33.504653,33.550845,33.221216,33.364862,24.854714,9831676
2006-12-28,33.378597,33.446735,33.268454,33.321789,24.823647,8543381
2006-12-29,33.474114,33.616984,33.377298,33.433714,24.908051,11808729
2007-01-02,33.527725,33.566592,33.189709,33.338312,24.841057,8002188
2007-01-03,33.401856,33.470099,33.221574,33.289361,24.805601,5855863
2007-01-04,33.365966,33.432977,32.978615,33.09853,24.664416,7814847
2007-01-05,33.080069,33.107128,32.961339,33.047421,24.627342,9678187
2007-01-08,33.04355,33.094123,32.83602,33.077453,24.652759,8638499
2007-01-09,33.075944,33.457371,32.968374,33.377274,24.877239,8286365
2007-01-10,33.324657,33.55846,33.114319,33.54225,25.001228,5029178
2007-01-11,33.502841,33.772559,33.343243,33.737293,25.147639,9145054
2007-01-12,33.723141,33.822852,33.576594,33.760535,25.165997,16432297
2007-01-16,33.880229,33.910158,33.750799,33.89628,25.271336,6944962
2007-01-17,33.909802,33.955231,33.854414,33.901938,25.276592,9592821
2007-01-18,33.834332,33.902766,33.626072,33.736388,25.154194,13829075
2007-01-19,33.78467,33.882293,33.470887,33.723395,25.145539,10042381
2007-01-22,33.645362,33.771712,33.500711,33.683005,25.118517,4600815
2007-01-23,33.673169,33.890899,33.224409,33.424116,24.926479,8873896
2007-01-24,33.500901,33.580051,33.284922,33.353045,24.874498,7282351
2007-01-25,33.31633,33.558284,33.205156,33.528171,25.006133,8183210
2007-01-26,33.602352,33.732175,33.555723,33.70546,25.139392,6738510
2007-01-29,33.659595,33.75151,33.568509,33.704025,25.141419,11675161
2007-01-30,33.703415,33.769118,33.373632,33.554303,25.030762,6189604
2007-01-31,33.505547,33.626956,33.30736,33.612794,25.075425,9051259
2007-02-01,33.42145,34.116143,33.274618,33.989774,25.357697,7706236
2007-02-02,33.9683,33.995508,33.808392,33.822672,25.234068,6848981
2007-02-05,33.831953,33.937364,33.386091,33.454968,24.962811,9755055
2007-02-06,33.353099,33.503583,33.25294,33.457668,24.965851,7279468
2007-02-07,33.403489,33.503545,33.167817,33.390493,24.916749,12268756
2007-02-08,33.346215,33.443388,33.267159,33.366402,24.899794,9544312
2007-02-09,33.257281,33.302354,32.906583,32.974038,24.608002,6964366
2007-02-12,32.980969,32.996673,32.848673,32.911892,24.564649,9268799
2007-02-13,33.019386,33.142134,32.847425,33.028651,24.652808,8863194
2007-02-14,32.961333,32.997754,32.798682,32.899606,24.557496,5923481
2007-02-15,32.803514,32.848927,32.639776,32.735659,24.436124,18030977
2007-02-16,32.707448,32.721992,32.462114,32.655602,24.377364,7377001
2007-02-20,32.806688,32.901566,32.639944,32.775328,24.47076,6460222
2007-02-21,32.657024,33.163191,32.643836,33.144552,24.747446,7910409
2007-02-22,33.13789,33.262902,33.100709,33.200692,24.790382,7224589
2007-02-23,33.175702,33.655125,33.157647,33.605654,25.09379,7145576
2007-02-26,33.691705,33.792442,33.595587,33.62904,25.114347,7248307
2007-02-27,33.742399,34.167918,33.693364,34.062138,25.438831,7916960
2007-02-28,34.090368,34.12883,33.776917,33.895931,25.315741,9291320
2007-03-01,33.97929,34.02956,33.890629,33.953871,25.360056,8157953
2007-03-02,33.811438,34.351914,33.773607,34.245544,25.578957,9233845
2007-03-05,34.305673,34.412418,34.144126,34.257129,25.590763,9450285
2007-03-06,34.19392,34.409981,34.156986,34.352564,25.663108,8457674
2007-03-07,34.265701,34.45133,34.151189,34.41298,25.709298,8621682
2007-03-08,34.356084,34.557668,34.173025,34.423739,25.718392,5655459
2007-03-09,34.434002,34.516983,34.316183,34.482665,25.763474,12643912
2007-03-12,34.585931,34.68063,34.376176,34.410311,25.712583,7929961
2007-03-13,34.353328,34.768945,34.325902,34.693904,25.925558,4441717
2007-03-14,34.736887,35.208469,34.635131,35.110899,26.238242,12525873
2007-03-15,35.166225,35.251662,35.052497,35.165846,26.280383,11382156
2007-03-16,35.224585,35.658992,35.178989,35.619401,26.62043,12468232
2007-03-19,35.552602,35.611012,35.314951,35.449336,26.496595,15285092
2007-03-20,35.493464,36.077173,35.362119,35.799599,26.759498,12846747
2007-03-21,35.818896,36.069627,35.558952,35.675859,26.6681,12084321
2007-03-22,35.679355,35.980619,35.42139,35.720596,26.702638,9003177
2007-03-23,35.767904,36.014182,35.733853,35.864324,26.811181,3548424
2007-03-26,35.729218,36.05801,35.580282,35.933553,26.866245,5711369
2007-03-27,35.894868,35.974564,35.400593,35.435062,26.494629,11487888
2007-03-28,35.294234,35.699375,35.062835,35.634233,26.644643,10212459
2007-03-29,35.670398,35.865957,35.276858,35.690362,26.687707,11267374
2007-03-30,35.709321,35.818149,35.579546,35.681433,26.682126,10048868
2007-04-02,35.506791,35.602824,35.489514,35.588215,26.615698,4876789
2007-04-03,35.443675,35.649948,35.364226,35.529236,26.57268,10189588
2007-04-04,35.537247,35.67524,35.114492,35.280609,26.387813,8247205
2007-04-05,35.209127,35.785802,35.158554,35.665936,26.677111,8310683
2007-04-09,35.55004,35.884834,35.502511,35.64029,26.662308,6552293
2007-04-10,35.595999,35.656845,35.504772,35.581694,26.619566,12190484
2007-04-11,35.343625,35.516772,35.235448,35.471013,26.537852,7855001
2007-04-12,35.384121,35.428419,35.150429,35.309913,26.418409,13439247
2007-04-13,35.432132,35.697418,34.98762,35.124262,26.280587,6959933
2007-04-16,35.133874,35.653758,34.930482,35.491191,26.558401,5147494
2007-04-17,35.619639,35.901782,35.383549,35.86751,26.841107,10853576
2007-04-18,35.952697,36.080021,35.798136,35.818975,26.805887,6871884
2007-04-19,35.758788,36.153859,35.518522,35.941036,26.898338,8340336
2007-04-20,35.912741,35.98689,35.562762,35.728506,26.740378,7595043
2007-04-23,35.85143,35.869359,35.310206,35.36638,26.472613,10910753
2007-04-24,35.174875,35.54019,35.012004,35.401785,26.500203,10135668
2007-04-25,35.412604,35.629004,35.114816,35.191689,26.344016,6225568
2007-04-26,35.351201,35.745047,35.333779,35.690117,26.71823,4959204
2007-04-27,35.676687,36.427133,35.562752,36.317465,27.18899,12970106
2007-04-30,36.381743,36.555848,35.50182,35.774992,26.786168,7198715
2007-05-01,35.818094,36.005793,35.570445,35.604678,26.659742,8355678
2007-05-02,35.577978,36.025527,35.450289,35.828627,26.828531,6823935
2007-05-03,35.875342,35.93014,35.464991,35.571515,26.637098,11461587
2007-05-04,35.356972,35.593353,35.324636,35.574984,26.64079,7444450
2007-05-07,35.587665,35.737513,35.230985,35.418256,26.52669,9196618
2007-05-08,35.340496,35.435569,35.130986,35.321985,26.455675,12892178
2007-05-09,35.489563,35.519029,35.178767,35.348895,26.476917,8169604
2007-05-10,35.372098,35.714523,35.337451,35.637264,26.694006,5598860
2007-05-11,35.728867,35.888038,35.004746,35.252192,26.406653,10008864
2007-05-14,35.201116,35.415308,35.075088,35.379301,26.505133,13630472
2007-05-15,35.353587,35.698852,34.94224,35.008924,26.228735,9652387
2007-05-16,34.862929,34.919218,34.663974,34.69856,25.997278,9254070
2007-05-17,34.655241,34.739666,34.613579,34.717294,26.012382,5049765
2007-05-18,34.795124,34.826352,34.403985,34.592356,25.919835,8586712
2007-05-21,34.614395,34.744699,34.170993,34.316626,25.716401,9945330
2007-05-22,34.358592,34.43196,34.206877,34.24422,25.663194,7166937
2007-05-23,34.144299,34.271477,33.720382,33.8142,25.341971,12104547
2007-05-24,33.781947,33.894471,33.395382,33.464497,25.080917,11172063
2007-05-25,33.680354,33.732577,33.296655,33.47398,25.089054,10975186
2007-05-29,33.421845,33.623486,33.26679,33.462253,25.084385,7226676
2007-05-30,33.503723,33.602242,33.020666,33.106356,24.818612,9285888
2007-05-31,33.065105,33.138275,32.79445,32.867334,24.640438,6248077
2007-06-01,32.86393,33.338521,32.82633,33.080046,24.800925,5156856
2007-06-04,33.071411,33.151141,32.302401,32.403924,24.297013,6865587
2007-06-05,32.455185,32.726913,32.281516,32.669998,24.497527,11987888
2007-06-06,32.891566,33.217909,32.783948,33.204215,24.899131,11553477
2007-06-07,33.266536,33.328155,32.976259,33.164723,24.870538,6913626
2007-06-08,33.438715,33.467488,32.589061,32.685807,24.5124,5499695
2007-06-11,32.735873,32.828374,32.593755,32.77099,24.579311,10791684
2007-06-12,32.708799,32.857996,32.689765,32.831666,24.625831,8287558
2007-06-13,32.811742,32.850742,32.637775,32.826435,24.622919,5725755
2007-06-14,32.901158,33.062164,31.77315,31.941496,23.960115,11280307
2007-06-15,32.014369,32.192164,31.903163,31.979991,23.989976,8179914
2007-06-18,32.01752,32.210383,31.327986,31.353668,23.523034,7156260
2007-06-19,31.262622,31.707097,31.130711,31.589061,23.700611,11521098
2007-06-20,31.689565,32.221751,31.619259,32.1623,24.131691,9933341
2007-06-21,32.273306,32.719876,31.99929,32.681382,24.52217,9559650
2007-06-22,32.731754,33.366002,32.480933,33.176349,24.894587,7571639
2007-06-25,33.116457,33.482933,32.823288,33.341632,25.021693,9740068
2007-06-26,33.288787,34.245688,32.930561,34.223237,25.684361,9801770
2007-06-27,34.364884,34.427372,33.222425,33.480136,25.127699,7178366
2007-06-28,33.873865,33.913117,33.374488,33.652775,25.258307,8156284
2007-06-29,33.631759,34.742602,33.564797,34.606458,25.975166,5938853
2007-07-02,34.591077,34.662605,32.717884,33.216724,24.935121,16885434
2007-07-03,33.079829,33.437549,32.942926,33.304562,25.002087,11105383
2007-07-05,33.673672,34.737637,33.639312,34.485362,25.890652,8665538
2007-07-06,34.367081,34.832146,33.895341,34.531577,25.926413,8856831
2007-07-09,34.629362,35.464186,34.517121,35.254603,26.472525,8579520
2007-07-10,35.562306,36.893581,35.358821,36.106182,27.113085,11037719
2007-07-11,36.328612,36.762192,36.247598,36.731772,27.58399,10104339
2007-07-12,36.993898,38.133388,36.187858,37.626398,28.256976,7219302
2007-07-13,37.926652,38.39706,37.738064,38.184263,28.677104,7987901
2007-07-16,37.80578,38.709777,37.768014,38.23367,28.717747,10941872
2007-07-17,38.423998,38.946711,38.39211,38.907409,29.225001,8343910
2007-07-18,39.259494,40.729801,38.821704,40.325752,30.291622,6962757
2007-07-19,40.310505,40.689345,40.197695,40.601168,30.49976,6277980
2007-07-20,40.614596,40.718156,40.077663,40.335006,30.301062,7797283
2007-07-23,40.595751,41.453688,39.860223,40.447982,30.389677,8702331
2007-07-24,39.97831,40.979957,36.83898,36.977429,27.783297,14324054
2007-07-25,37.806855,37.996279,37.188283,37.408209,28.108121,6551198
2007-07-26,36.366025,38.89812,35.908466,38.822018,29.17164,10880344
2007-07-27,38.633785,40.312924,37.975354,40.227661,30.229109,9670036
2007-07-30,40.003392,41.166451,39.330464,40.237398,30.240152,11386958
2007-07-31,39.79334,40.898203,39.174653,39.400933,29.612728,7970331
2007-08-01,39.249009,41.023666,37.971621,40.145381,30.173476,16514923
2007-08-02,41.278934,42.519606,40.886904,42.374832,31.85045,13698449
2007-08-03,41.303619,41.588919,40.680153,40.865337,30.717121,8630000
2007-08-06,40.660457,41.339291,40.280924,40.460931,30.41689,7658149
2007-08-07,39.80324,39.94072,38.388942,39.276774,29.527901,9989738
2007-08-08,39.208372,39.895433,39.148857,39.671481,29.825863,13231755
2007-08-09,39.607405,43.126261,38.699313,41.282856,31.038604,6145981
2007-08-10,41.291647,41.485754,39.240942,39.257509,29.517054,8899546
2007-08-13,38.833239,40.776401,38.243087,40.194696,30.225432,7809796
2007-08-14,41.206853,41.362547,39.543694,39.760974,29.900512,8354335
2007-08-15,39.494021,39.763201,38.266117,38.333113,28.827936,15968367
2007-08-16,38.15786,38.458052,36.826185,37.89181,28.497229,7326572
2007-08-17,37.268481,38.99996,36.897588,38.477842,28.939154,5164217
2007-08-20,38.671421,39.7554,35.923121,36.306789,27.309671,7710254
2007-08-21,36.617689,37.009023,33.943597,34.500179,25.951819,4693505
2007-08-22,34.553855,35.100557,31.603053,31.773781,23.901942,8497030
2007-08-23,31.877021,32.091825,30.491262,30.836048,23.197482,8023203
2007-08-24,30.546846,31.030235,29.493624,29.554029,22.233952,13166375
2007-08-27,29.484429,29.935761,27.490897,27.515436,20.702838,5679294
2007-08-28,27.423021,28.058907,27.107685,27.973338,21.048231,6355524
2007-08-29,29.014605,29.044654,27.539538,27.88306,20.981164,9129256
2007-08-30,28.343028,29.582714,27.990825,29.247355,22.008659,5847859
2007-08-31,29.504529,29.806258,28.560392,29.084399,21.886933,9686340
2007-09-04,29.069298,30.120334,28.92854,29.995205,22.576051,8726121
2007-09-05,30.150572,30.277901,29.461973,29.584143,22.267578,9076624
2007-09-06,29.904614,30.31369,28.215984,28.368903,21.35376,11101434
2007-09-07,28.066157,28.392673,27.214343,27.529954,20.72312,10077336
2007-09-10,27.860754,28.873722,27.611014,28.519019,21.470283,14009287
2007-09-11,28.806422,29.493114,27.416299,27.91114,21.013509,7576756
2007-09-12,28.090187,28.325688,27.963728,28.065137,21.130317,10370631
2007-09-13,28.065781,28.430015,27.702249,28.189485,21.224811,12264155
2007-09-14,28.135082,28.351252,27.603147,27.788454,20.92372,14257392
2007-09-17,27.991186,28.074365,27.417945,27.821722,20.951351,8446305
2007-09-18,28.277211,28.332947,27.610352,27.796021,20.932856,8847610
2007-09-19,27.664723,28.534445,27.085254,28.509313,21.47091,9240501
2007-09-20,28.463117,28.867846,28.40771,28.680362,21.600617,9230782
2007-09-21,28.817393,28.869481,27.606671,28.058623,21.133222,7610013
2007-09-24,28.066889,28.577477,27.25296,27.298645,20.563354,7756446
2007-09-25,27.224003,27.310825,25.693723,25.9595,19.555414,14544011
2007-09-26,26.143309,26.212203,25.145986,25.186507,18.973895,14849079
2007-09-27,25.17911,25.904396,25.037587,25.782564,19.423723,5112294
2007-09-28,25.739935,25.926882,24.976243,25.016898,18.84767,12696311
2007-10-01,24.700546,24.765911,24.325586,24.362985,18.357275,12518994
2007-10-02,24.35815,24.754875,24.077624,24.241721,18.266654,7571789
2007-10-03,24.072144,24.29188,23.060198,23.690897,17.852329,8266769
2007-10-04,23.913008,23.964297,23.613871,23.753909,17.900548,6795886
2007-10-05,23.837271,23.860564,23.432492,23.473596,17.690035,8406004
2007-10-08,23.333804,23.883418,23.281137,23.743989,17.896012,13450310
2007-10-09,23.639654,23.690434,22.509522,22.78597,17.174651,7129390
2007-10-10,22.801874,22.859776,22.386382,22.465072,16.933474,11790217
2007-10-11,22.32825,23.368158,21.981913,23.094676,17.408764,14097433
2007-10-12,22.993735,23.121742,22.48199,22.662279,17.083525,7827316
2007-10-15,22.698621,23.355515,22.534095,23.266279,17.541,5917537
2007-10-16,23.195734,23.409077,21.799348,21.822069,16.452852,12819247
2007-10-17,22.013931,22.704318,21.975723,22.129804,16.685555,5021543
2007-10-18,22.397059,23.027946,21.964759,22.779725,17.176291,6002667
2007-10-19,23.323286,23.423717,21.804976,21.946619,16.548795,7478435
2007-10-22,21.950413,22.187726,20.892217,21.000593,15.837398,7432080
2007-10-23,21.072332,21.983847,20.910469,21.781681,16.427123,9433805
2007-10-24,21.929403,23.717989,21.816896,23.635541,17.825982,11729731
2007-10-25,23.434047,24.291034,22.904518,23.857742,17.994306,6037965
2007-10-26,23.476875,24.28211,22.550642,22.864047,17.245536,11968811
2007-10-29,22.684682,23.324718,21.706985,21.982729,16.582832,10681913
2007-10-30,22.041651,23.06573,21.724106,22.975619,17.332538,8678313
2007-10-31,22.430089,24.053219,22.159914,23.879994,18.015528,4907690
2007-11-01,23.92089,24.05535,23.534056,23.998706,18.10583,10055052
2007-11-02,23.937943,24.302313,23.885959,24.171945,18.237279,5573187
2007-11-05,24.262508,24.429846,23.312964,23.550343,17.770481,12133212
2007-11-06,23.686238,24.686025,23.265218,24.50818,18.494,10345994
2007-11-07,24.144684,24.221361,23.759706,24.202581,18.264144,9079309
2007-11-08,24.523538,24.733857,24.10013,24.278923,18.322506,4748340
2007-11-09,24.520266,24.806052,23.954052,24.290031,18.331642,8708673
2007-11-12,24.371016,24.424289,23.082664,23.688948,17.880209,10439684
2007-11-13,23.548467,23.84719,23.174366,23.749784,17.926863,9263128
2007-11-14,23.665514,23.735384,22.66076,22.800334,17.210904,12743693
2007-11-15,23.007706,23.120006,22.509877,22.786713,17.201329,8674204
2007-11-16,22.601122,22.664495,21.0965,21.600229,16.306341,11082359
2007-11-19,21.840325,21.852506,20.924994,21.246652,16.041396,6375231
2007-11-20,21.226784,21.380449,19.917783,20.084732,15.16476,11140820
2007-11-21,19.929213,20.502729,19.908549,20.343159,15.360513,5952143
2007-11-23,20.435661,20.679941,19.884268,20.249277,15.290881,9911522
2007-11-26,20.125668,20.675486,19.598448,19.645812,14.837013,13608330
2007-11-27,19.79496,20.150264,19.551391,19.993803,15.100445,6034540
2007-11-28,20.052452,20.214592,19.918362,20.094974,15.177479,14486595
2007-11-29,20.250182,20.325975,19.994243,20.03408,15.132108,7468368
2007-11-30,19.999777,20.033403,19.799613,19.901396,15.032506,5493406
2007-12-03,19.937704,20.051361,19.731469,19.743834,14.915329,11987795
2007-12-04,19.693794,19.804469,19.571923,19.783787,14.946126,8529392
2007-12-05,19.745704,20.316314,19.668519,20.182351,15.247856,12509672
2007-12-06,20.120641,20.271079,19.946845,20.242321,15.293792,9507605
2007-12-07,20.236903,20.642594,20.21986,20.613959,15.575217,6118302
2007-12-10,20.488395,20.673773,20.407267,20.642281,15.598538,8467117
2007-12-11,20.608371,21.146229,20.316771,20.985408,15.858476,11302723
2007-12-12,20.890217,21.916282,20.785064,21.808655,16.481273,11318155
2007-12-13,21.878671,21.933952,21.429535,21.555901,16.290931,20115348
2007-12-14,21.606458,21.910131,21.517983,21.81511,16.487505,9345277
2007-12-17,21.868994,22.04108,21.457228,21.486669,16.241276,11805885
2007-12-18,21.538162,21.550037,21.198744,21.448563,16.213138,6293139
2007-12-19,21.448921,21.505229,21.112793,21.157314,15.993638,11744157
2007-12-20,21.154095,21.798612,21.132087,21.748559,16.441258,7497792
2007-12-21,21.707645,22.308198,21.546503,22.210353,16.79105,10725890
2007-12-24,22.165888,22.288079,21.217045,21.452865,16.220387,4171940
2007-12-26,21.369588,21.826007,21.340037,21.517441,16.270549,14352808
2007-12-27,21.479524,21.530903,21.117809,21.194287,16.026852,13204469
2007-12-28,21.196306,21.263022,20.485156,20.659159,15.622836,8046680
2007-12-31,20.803498,20.951773,20.785644,20.890754,15.799919,11634875
2008-01-02,20.947799,21.000931,20.61207,20.729042,15.678902,7055633
2008-01-03,20.763105,20.863174,20.623123,20.714528,15.668568,5721342
2008-01-04,20.76331,21.105082,20.722852,21.080439,15.946,6428502
2008-01-07,21.240609,21.327104,21.098992,21.181476,16.024401,6912141
2008-01-08,21.173077,21.273979,21.142843,21.259592,16.084159,10584271
2008-01-09,21.394255,21.951351,21.275467,21.927926,16.590475,6425867
2008-01-10,21.976919,22.617486,21.776636,22.5143,17.03482,8805318
2008-01-11,22.584079,22.689551,22.415379,22.579586,17.084919,9151563
2008-01-14,22.414379,23.000613,22.161823,22.860879,17.299891,10037535
2008-01-15,22.669602,22.954606,22.411888,22.916219,17.342481,6799435
2008-01-16,22.883317,22.91272,22.546584,22.573322,17.083686,11000175
2008-01-17,22.667322,22.89518,22.593487,22.749899,17.218029,5405001
2008-01-18,22.657549,23.182149,22.434244,23.093344,17.478679,9065592
2008-01-22,23.193073,23.466251,22.902954,23.423035,17.731125,10326199
2008-01-23,23.456507,23.466676,23.066948,23.143629,17.520336,10963383
2008-01-24,23.107378,23.533528,23.000113,23.500601,17.791303,3729212
2008-01-25,23.570721,23.658295,23.427137,23.53049,17.814663,13269720
2008-01-28,23.607024,23.867907,23.593125,23.735412,17.972021,8126813
2008-01-29,23.758621,23.90582,22.777685,23.056768,17.458881,19852285
2008-01-30,23.108642,23.639909,22.986469,23.459559,17.764609,9136434
2008-01-31,23.548437,23.714174,23.189759,23.339264,17.674243,7276719
2008-02-01,23.455106,23.468505,22.788312,22.872802,17.321714,8214231
2008-02-04,22.898211,22.912827,22.477674,22.591874,17.111074,11188688
2008-02-05,22.514715,22.607763,22.242022,22.312764,16.900369,11929899
2008-02-06,22.329297,22.383784,21.767796,21.98758,16.654749,10488747
2008-02-07,22.043562,22.056683,21.86564,21.964685,16.63809,16646148
2008-02-08,21.910561,22.726554,21.838907,22.674962,17.176826,5010524
2008-02-11,22.604629,22.730117,22.518697,22.568677,17.098418,6616320
2008-02-12,22.581562,23.203282,22.415049,22.949923,17.387971,9458677
2008-02-13,23.195662,23.600096,23.115108,23.567881,17.856899,11998722
2008-02-14,23.488068,23.545393,23.307962,23.330039,17.677417,6430397
2008-02-15,23.399216,23.816416,23.244168,23.743581,17.991501,10415245
2008-02-19,23.797405,24.085933,23.151817,23.494917,17.806003,5647180
2008-02-20,23.446523,23.590617,22.903357,23.001976,17.433136,7064494
2008-02-21,23.006395,23.057097,22.787576,22.839295,17.310551,8220207
2008-02-22,23.053273,23.455411,22.868184,22.897757,17.355573,8966087
2008-02-25,23.048222,23.097161,22.750648,22.834455,17.309726,11660129
2008-02-26,22.897934,22.92727,22.713123,22.725719,17.228005,4784452
2008-02-27,22.596959,22.625809,22.362399,22.445611,17.016359,6047816
2008-02-28,22.243657,22.590786,22.163171,22.397879,16.98087,8401364
2008-02-29,22.362775,22.591593,22.23313,22.57833,17.118381,17250719
2008-03-03,22.639458,22.679652,22.382465,22.410988,16.9936,11081734
2008-03-04,22.367202,22.42711,22.233075,22.307745,16.916008,11335533
2008-03-05,22.319281,22.546664,22.307386,22.504524,17.065927,8878189
2008-03-06,22.433197,22.680885,22.375369,22.590517,17.131842,10143962
2008-03-07,22.516139,22.582717,22.400082,22.458201,17.032198,6521229
2008-03-10,22.451582,22.595098,22.396573,22.580178,17.126815,8316053
2008-03-11,22.541315,22.678209,22.494281,22.644432,17.176256,8620279
2008-03-12,22.682544,22.864159,22.658475,22.704077,17.222205,11611756
2008-03-13,22.702972,22.775221,22.635124,22.706591,17.22482,5812830
2008-03-14,22.640541,22.923554,22.556285,22.817159,17.309405,9800031
2008-03-17,22.804585,22.988419,22.662848,22.926738,17.394676,5565625
2008-03-18,22.942547,23.03711,22.854574,22.927762,17.396168,9315957
2008-03-19,22.94218,23.170079,22.880509,23.034386,17.477785,9805278
2008-03-20,22.988316,23.12488,22.948649,23.113995,17.53891,16603733
2008-03-24,23.098883,23.450682,23.07058,23.348087,17.71945,8834042
2008-03-25,23.231093,23.458055,23.202928,23.400284,17.759793,15587902
2008-03-26,23.407751,23.459571,23.384038,23.437579,17.788829,8330167
2008-03-27,23.490965,23.725979,23.35573,23.665266,17.962378,7966463
2008-03-28,23.661966,23.741476,23.447686,23.530623,17.860915,14339108
2008-03-31,23.492766,23.787604,23.386472,23.748279,18.028348,16825795
2008-04-01,23.787759,23.90281,23.66757,23.822899,18.085737,5687558
2008-04-02,23.693854,24.071186,23.600297,23.983805,18.208641,5871935
2008-04-03,24.014263,24.036055,23.783465,23.880597,18.13103,8955337
2008-04-04,23.836471,23.848662,23.716063,23.738838,18.024141,8846144
2008-04-07,23.718907,24.190056,23.639389,24.061683,18.271518,10041772
2008-04-08,24.059271,24.192151,23.987217,24.181634,18.363358,10462874
2008-04-09,24.271662,24.366662,24.216293,24.338372,18.483143,9304414
2008-04-10,24.347424,24.498077,24.108853,24.322077,18.471526,9726201
2008-04-11,24.365637,24.433812,24.048177,24.085931,18.292936,11589200
2008-04-14,24.189817,24.230243,23.925716,24.009047,18.23679,12180901
2008-04-15,23.926902,24.050828,23.879935,24.003088,18.233013,6280883
2008-04-16,24.009453,24.261237,23.968192,24.251238,18.422266,6015436
2008-04-17,24.387436,24.452623,24.115527,24.177535,18.367033,7700932
2008-04-18,24.195072,24.226122,24.134762,24.158503,18.353329,7596159
2008-04-21,24.156705,24.195375,23.993076,24.003018,18.237453,7405288
2008-04-22,24.04378,24.110364,23.911558,23.921977,18.176624,5406766
2008-04-23,23.993722,24.070088,23.917418,23.987325,18.227026,8377170
2008-04-24,23.961107,24.103386,23.729534,23.762673,18.057063,7207074
2008-04-25,23.710128,24.282165,23.636602,24.238061,18.419063,6538886
2008-04-28,24.258031,24.403588,24.130658,24.150675,18.354918,9262978
2008-04-29,24.209332,24.238547,24.048614,24.105174,18.321089,10075517
2008-04-30,24.164128,24.389857,24.127553,24.274849,18.450808,7762627
2008-05-01,24.178862,24.350205,23.855897,23.967432,18.217895,9898381
2008-05-02,24.050074,24.405241,24.000913,24.20338,18.397997,8386507
2008-05-05,24.129759,24.611913,24.056654,24.510557,18.63379,4148128
2008-05-06,24.548857,24.85252,24.513805,24.823536,18.872503,6190183
2008-05-07,24.884342,24.950483,24.539747,24.661028,18.749724,6179500
2008-05-08,24.711207,24.743028,24.462176,24.503418,18.630658,4535391
2008-05-09,24.561054,24.595031,24.293072,24.506934,18.634097,7139286
2008-05-12,24.532458,24.603278,24.40811,24.462471,18.60258,13257871
2008-05-13,24.522621,24.630515,24.444788,24.476908,18.614324,13505353
2008-05-14,24.396116,24.756197,24.333693,24.674981,18.765726,7957302
2008-05-15,24.748911,24.959485,24.604462,24.933184,18.962872,8114706
2008-05-16,24.849476,24.868183,24.781643,24.843058,18.895103,9188729
2008-05-19,24.850311,24.998835,24.828748,24.953092,18.981131,8819738
2008-05-20,24.956576,25.141764,24.879466,25.112309,19.103028,11575648
2008-05-21,25.141153,25.156526,24.820249,24.879705,18.926862,16222097
2008-05-22,24.860198,25.050526,24.808711,24.929106,18.965222,7145450
2008-05-23,24.916519,25.075826,24.899577,25.045479,19.054537,8097098
2008-05-27,24.997353,25.196901,24.962049,25.079091,19.083244,7633721
2008-05-28,24.965701,24.996277,24.847464,24.90727,18.95328,9135192
2008-05-29,24.884862,24.934852,24.771793,24.803548,18.875127,9482344
2008-05-30,24.820616,25.23139,24.802248,25.111188,19.110021,7041673
2008-06-02,25.117861,25.158335,25.032922,25.054505,19.069234,9705571
2008-06-03,24.966285,25.278783,24.837672,25.229507,19.203218,14303495
2008-06-04,25.244555,25.274568,25.103036,25.215749,19.193534,7115737
2008-06-05,25.142983,25.30907,25.105911,25.293111,19.253211,10554548
2008-06-06,25.299346,25.491825,24.953997,25.04083,19.061957,9337393
2008-06-09,25.153802,25.164356,25.062564,25.086816,19.099316,9246680
2008-06-10,25.141834,25.24894,25.093398,25.189956,19.178627,10052048
2008-06-11,25.091776,25.212544,24.839382,24.886084,18.948049,7964790
2008-06-12,24.977523,25.327016,24.908526,25.315906,19.276104,7713259
2008-06-13,25.221791,25.562125,25.208074,25.493102,19.411821,13060613
2008-06-16,25.47895,25.67265,25.463832,25.567611,19.470955,9729891
2008-06-17,25.603964,25.704973,25.586216,25.669795,19.549577,12338628
2008-06-18,25.705959,25.807927,25.525087,25.701394,19.574445,9779932
2008-06-19,25.707367,25.78604,25.535009,25.586549,19.487778,7124145
2008-06-20,25.732242,25.873973,25.508592,25.533421,19.448113,11861656
2008-06-23,25.511776,25.610511,25.456242,25.532735,19.449986,10159216
2008-06-24,25.602391,25.71186,25.483723,25.616597,19.514671,7411836
2008-06-25,25.618866,25.63974,25.26434,25.295321,19.270715,7946227
2008-06-26,25.363151,25.432309,25.308301,25.412213,19.360562,11142149
2008-06-27,25.427532,25.482905,25.262034,25.303853,19.278798,14423298
2008-06-30,25.317581,25.503898,25.264461,25.46056,19.400582,15437934
2008-07-01,25.4847,25.564903,25.38998,25.407488,19.360937,7362683
2008-07-02,25.438417,25.562899,24.84683,24.948609,19.012044,8426771
2008-07-03,24.914141,25.384938,24.860408,25.304406,19.283971,7467833
2008-07-07,25.366934,25.54046,25.226497,25.500745,19.436789,8395749
2008-07-08,25.483106,25.69392,25.434832,25.509894,19.444561,9453313
2008-07-09,25.457658,25.838155,25.401152,25.797029,19.664234,9917270
2008-07-10,25.731738,25.848548,25.624555,25.799846,19.667189,5599893
2008-07-11,25.709531,25.84682,25.614505,25.784302,19.656146,8958047
2008-07-14,25.793067,25.835401,25.745183,25.801314,19.671538,6477254
2008-07-15,25.855961,25.999319,25.502519,25.517409,19.455881,6527200
2008-07-16,25.447991,25.807878,25.428279,25.652292,19.559527,13135517
2008-07-17,25.58662,25.870678,25.493642,25.853771,19.713961,17729161
2008-07-18,25.987004,26.088724,25.696029,25.833,19.698933,9671711
2008-07-21,25.835261,25.894434,25.695281,25.802068,19.67777,8033817
2008-07-22,25.834082,25.933261,25.453279,25.581262,19.510174,11904226
2008-07-23,25.465856,25.623778,25.384934,25.593899,19.520614,7008050
2008-07-24,25.649764,25.822369,25.574977,25.724728,19.621204,6336152
2008-07-25,25.750449,25.78506,25.268798,25.388834,19.365801,11690452
2008-07-28,25.45492,25.531248,25.332558,25.354125,19.341709,5183421
2008-07-29,25.43064,25.73383,25.28772,25.701819,19.607756,8941999
2008-07-30,25.80241,25.861047,25.529457,25.574307,19.511279,12429901
2008-07-31,25.603004,25.690803,25.383738,25.428875,19.401122,10352006
2008-08-01,25.452812,25.589153,25.412616,25.511344,19.464842,8979510
2008-08-04,25.568647,25.697676,25.272854,25.345568,19.34074,11573095
2008-08-05,25.260707,25.507099,25.236294,25.348147,19.343502,11306514
2008-08-06,25.40854,25.5181,25.216094,25.416466,19.396434,16346098
2008-08-07,25.316828,25.381013,25.277843,25.357074,19.351904,13690620
2008-08-08,25.40101,25.446247,25.140542,25.262737,19.2807,7543195
2008-08-11,25.369044,25.392172,24.94102,25.031075,19.106248,9694923
2008-08-12,25.012532,25.023296,24.823908,24.927842,19.028231,12802670
2008-08-13,25.01068,25.141357,24.978651,25.110941,19.168784,5529483
2008-08-14,25.11223,25.20392,25.044393,25.070968,19.139056,4794869
2008-08-15,25.065827,25.107849,25.007828,25.04497,19.119995,7211836
2008-08-18,25.088054,25.16893,24.823404,24.841309,18.966851,15899821
2008-08-19,24.721803,25.120093,24.591615,24.984232,19.076759,8762151
2008-08-20,24.941342,24.992493,24.516502,24.674669,18.841165,10057726
2008-08-21,24.618048,24.629633,24.369735,24.508192,18.714815,11693107
2008-08-22,24.474519,24.626125,24.454121,24.515462,18.721135,10937826
2008-08-25,24.500831,24.732149,24.451872,24.668736,18.840503,10737062
2008-08-26,24.606393,24.647486,24.232482,24.296746,18.557161,5572125
2008-08-27,24.231456,24.325763,24.198576,24.293806,18.555678,5687623
2008-08-28,24.286802,24.525285,24.158985,24.499404,18.713483,8576107
2008-08-29,24.501814,24.667213,24.34637,24.36503,18.611608,4155950
2008-09-02,24.304486,24.325006,24.02651,24.053222,18.376447,11565194
2008-09-03,24.031156,24.063596,23.46659,23.577071,18.013411,7055572
2008-09-04,23.657307,24.076082,23.593757,23.977769,18.320306,11241989
2008-09-05,23.981223,24.36926,23.940622,24.180382,18.475872,6801398
2008-09-08,24.33418,24.531846,24.285659,24.373989,18.626099,8456472
2008-09-09,24.300165,24.878165,24.257249,24.695143,18.872294,9901596
2008-09-10,24.809755,25.076719,24.419416,24.471099,18.701845,16401089
2008-09-11,24.367702,24.71395,24.274532,24.580664,18.78635,8822375
2008-09-12,24.656613,24.748393,24.21045,24.391489,18.642534,11380785
2008-09-15,24.345939,24.531136,24.157332,24.456444,18.694482,9441601
2008-09-16,24.413855,24.560035,24.327044,24.474368,18.708952,12661503
2008-09-17,24.461622,24.62512,24.364046,24.553472,18.770193,10291684
2008-09-18,24.630702,24.642602,24.489114,24.629329,18.828956,10817264
2008-09-19,24.655191,24.69035,24.545021,24.666285,18.857983,6113929
2008-09-22,24.671327,24.870213,24.491487,24.831533,18.986658,10438267
2008-09-23,24.874887,24.915159,24.85001,24.89086,19.032802,4804935
2008-09-24,24.805911,24.914239,24.557986,24.617847,18.824816,12838747
2008-09-25,24.55372,24.738896,24.434063,24.580078,18.796706,12175468
2008-09-26,24.629695,24.833351,24.525105,24.76496,18.938866,13127960
2008-09-29,24.683379,25.10325,24.63702,24.971503,19.099171,9010453
2008-09-30,25.003602,25.060519,24.907248,24.938739,19.074895,12815929
2008-10-01,24.911818,25.016114,24.761554,24.795556,18.966158,7751473
2008-10-02,24.919605,24.990636,24.728966,24.836836,18.998513,9297273
2008-10-03,24.859604,24.96174,24.645557,24.701372,18.895668,9010158
2008-10-06,24.746061,25.145362,24.670722,25.099609,19.202671,9963744
2008-10-07,25.041931,25.179548,24.864012,24.9502,19.089149,12797611
2008-10-08,24.884599,24.899108,24.64835,24.692863,18.893038,8129813
2008-10-09,24.729186,24.76176,24.183365,24.274262,18.573521,9233413
2008-10-10,24.326779,24.359707,24.003974,24.087667,18.431504,7736650
2008-10-13,24.062686,24.426098,24.037671,24.305578,18.600538,6393154
2008-10-14,24.287236,24.441768,24.170439,24.287176,18.587218,8027726
2008-10-15,24.229642,24.815311,23.986714,24.747892,18.940586,9705807
2008-10-16,24.756094,24.921347,24.664507,24.836673,19.009315,5701297
2008-10-17,24.890143,24.97332,24.675183,24.75839,18.950177,7498230
2008-10-20,24.61197,24.648607,24.291098,24.337574,18.630378,6869806
2008-10-21,24.278778,24.448073,24.231269,24.408717,18.685606,8993958
2008-10-22,24.333438,24.364329,24.138788,24.354524,18.644885,6952653
2008-10-23,24.283128,24.347307,24.235173,24.315967,18.616132,5775138
2008-10-24,24.139878,24.370056,24.121263,24.324909,18.623742,18298527
2008-10-27,24.319704,24.402864,24.307361,24.366842,18.658146,5643427
2008-10-28,24.432715,24.512217,24.282291,24.292755,18.60218,5477013
2008-10-29,24.269205,24.482252,24.206723,24.386465,18.674705,9260357
2008-10-30,24.243747,24.472539,24.213699,24.392739,18.680277,12387235
2008-10-31,24.461735,24.546056,24.415599,24.462905,18.73478,9089786
2008-11-03,24.496894,24.601234,24.343047,24.433352,18.714453,12068993
2008-11-04,24.482289,24.857233,24.428578,24.774093,18.976219,8095327
2008-11-05,24.721015,24.823603,24.62685,24.793295,18.991707,10918926
2008-11-06,24.771684,25.211052,24.746415,25.140512,19.258467,11101985
2008-11-07,25.082665,25.102988,24.981219,25.073669,19.208052,9037383
2008-11-10,25.076112,25.130235,24.998659,25.05233,19.194069,8162527
2008-11-11,25.083465,25.127811,24.89832,24.98935,19.146603,20192343
2008-11-12,24.878744,24.976115,24.690976,24.722249,18.942731,7442626
2008-11-13,24.736546,25.105816,24.718606,24.982895,19.143229,8782015
2008-11-14,25.044012,25.508519,24.959228,25.464782,19.513278,10413087
2008-11-17,25.480817,25.638782,25.430526,25.445298,19.50075,8183624
2008-11-18,25.546688,25.697782,25.385906,25.455746,19.509558,12033204
2008-11-19,25.525711,25.72049,25.257493,25.356958,19.434644,8541005
2008-11-20,25.329882,25.375212,24.907424,25.032319,19.186615,9653968
2008-11-21,25.049828,25.335981,24.972378,25.265039,19.365784,6204919
2008-11-24,25.30681,25.454079,25.255181,25.351707,19.43461,10563637
2008-11-25,25.313338,25.550685,25.204984,25.540442,19.580099,9140179
2008-11-26,25.460688,25.521643,25.329885,25.467207,19.524756,9375120
2008-11-28,25.482358,25.923636,25.458573,25.883629,19.845641,6205756
2008-12-01,25.875794,25.94131,25.666365,25.866379,19.834858,9549912
2008-12-02,25.98046,26.058576,25.843945,25.873133,19.840852,8907687
2008-12-03,25.796571,25.827789,25.529521,25.565237,19.605547,8960131
2008-12-04,25.60767,26.147608,25.560554,25.998386,19.938541,8226474
2008-12-05,26.020217,26.260351,25.964164,26.1213,20.033628,8328897
2008-12-08,26.182534,26.287523,25.686297,25.946641,19.902126,8403741
2008-12-09,26.055705,26.091804,25.751667,25.858593,19.835404,10396934
2008-12-10,25.830156,26.152615,25.737473,26.099736,20.021201,8388950
2008-12-11,26.206412,26.342533,25.798826,25.899591,19.868485,10605469
2008-12-12,25.89424,26.161893,25.878399,26.075377,20.004157,10521198
2008-12-15,26.149278,26.279301,26.059053,26.268293,20.154639,7775760
2008-12-16,26.190924,26.297397,25.910046,25.964165,19.922112,9347574
2008-12-17,26.029262,26.112262,25.779842,25.865875,19.847509,10766404
2008-12-18,25.860043,26.005002,25.834606,25.912987,19.884477,9240054
2008-12-19,25.855394,26.149832,25.699217,25.990525,19.944795,8267481
2008-12-22,25.992474,26.242181,25.953446,26.15786,20.075678,8003030
2008-12-23,26.279174,26.29864,25.940283,26.014969,19.966832,14642794
2008-12-24,26.067406,26.159003,25.82876,25.943647,19.91291,18107364
2008-12-26,25.955522,26.119788,25.818822,26.007536,19.963587,11052507
2008-12-29,25.880354,26.124425,25.790697,26.058809,20.005409,8922310
2008-12-30,26.024913,26.311305,26.008418,26.252004,20.154553,11960403
2008-12-31,26.27894,26.636007,26.100918,26.570747,20.4001,10834411
2009-01-02,26.475865,26.716633,26.464106,26.705503,20.505246,15224526
2009-01-05,26.704472,26.752788,26.474644,26.489188,20.341658,8714315
2009-01-06,26.550501,26.570945,26.246092,26.322105,20.214182,5105028
2009-01-07,26.283235,26.559906,26.204207,26.541799,20.383734,9037337
2009-01-08,26.463848,26.688007,26.390574,26.66454,20.478839,11125386
2009-01-09,26.626457,26.860768,26.602478,26.820495,20.599461,11257565
2009-01-12,26.885009,26.976457,26.709822,26.740069,20.54022,13019617
2009-01-13,26.838945,27.004393,26.707983,26.938625,20.69359,10374201
2009-01-14,26.958022,27.141418,26.929159,27.126551,20.838806,9217914
2009-01-15,27.093325,27.127004,26.967255,27.009853,20.75001,7345586
2009-01-16,27.077757,27.113768,26.777781,26.872646,20.645449,6562646
2009-01-20,26.849786,27.129419,26.797911,27.079314,20.807644,6492903
2009-01-21,27.057894,27.324406,27.002304,27.213151,20.911343,14135832
2009-01-22,27.30374,27.365959,27.262827,27.321186,20.995222,7619656
2009-01-23,27.365574,27.382033,27.342124,27.360197,21.026063,11207266
2009-01-26,27.267662,27.52841,27.114445,27.490229,21.128595,8898609
2009-01-27,27.604046,27.686165,27.503455,27.593472,21.208817,11050769
2009-01-28,27.565785,27.612125,27.452973,27.496859,21.135427,7669215
2009-01-29,27.63999,27.730895,27.333947,27.391843,21.055571,23090969
2009-01-30,27.39761,27.567811,27.197897,27.547526,21.176111,6218825
2009-02-02,27.536119,27.855406,27.474671,27.825517,21.392442,12255445
2009-02-03,27.815756,27.926132,27.759117,27.838253,21.403112,11458085
2009-02-04,27.89421,28.086523,27.475948,27.657814,21.265257,8663984
2009-02-05,27.806095,28.186663,27.701543,28.065562,21.579649,7196921
2009-02-06,27.961097,28.20275,27.909693,28.000188,21.530267,6517808
2009-02-09,27.992145,28.378685,27.935528,28.315178,21.775155,6574985
2009-02-10,28.440284,28.773454,28.15566,28.749116,22.109774,5954318
2009-02-11,28.773596,29.157037,28.732783,29.093963,22.375901,4227638
2009-02-12,29.04885,29.068012,28.867328,28.891592,22.221171,11636630
2009-02-13,28.829958,29.041301,28.59092,28.793171,22.146383,4687675
2009-02-17,28.748204,28.865578,28.536138,28.83718,22.183877,11131970
2009-02-18,28.806442,29.146156,28.770592,29.058664,22.355178,7746228
2009-02-19,28.990518,29.595386,28.799742,29.478709,22.679255,7802619
2009-02-20,29.443904,29.55237,29.112267,29.278392,22.526067,9675085
2009-02-23,29.202998,29.356816,29.086062,29.322395,22.562702,7039584
2009-02-24,29.286899,29.365243,29.015369,29.056271,22.358846,13468719
2009-02-25,29.073547,29.166321,28.911837,28.956787,22.283207,8925971
2009-02-26,29.052725,29.214586,28.870983,29.137292,22.423033,7221530
2009-02-27,29.072919,29.287934,28.990914,29.265434,22.522572,16999208
2009-03-02,29.310253,29.694905,29.181404,29.491604,22.699427,6008511
2009-03-03,29.601625,29.641215,29.311944,29.337089,22.581426,8474271
2009-03-04,29.282225,29.490067,29.195854,29.301512,22.554968,10316238
2009-03-05,29.495683,29.599474,29.176274,29.278223,22.537966,10467450
2009-03-06,29.087763,29.515661,28.950557,29.42619,22.652799,7990365
2009-03-09,29.579463,29.730713,29.050163,29.105984,22.40906,6530337
2009-03-10,29.1478,29.3778,29.12005,29.239094,22.512468,11404127
2009-03-11,29.157421,29.268607,28.859478,29.034743,22.356047,8857151
2009-03-12,29.001348,29.199654,28.984364,29.074931,22.38791,13235221
2009-03-13,28.96042,29.102464,28.840647,28.857855,22.221673,13616406
2009-03-16,28.693968,28.737966,28.338005,28.485949,21.937994,14490107
2009-03-17,28.50361,28.589685,28.351119,28.479674,21.934062,11771074
2009-03-18,28.524899,28.79427,28.463072,28.736589,22.132838,7562382
2009-03-19,28.774558,28.883736,28.538614,28.572135,22.007079,7821137
2009-03-20,28.561821,28.591634,28.36773,28.383574,21.862742,6045335
2009-03-23,28.327856,29.106939,28.240034,28.922267,22.28042,7515164
2009-03-24,29.088767,29.452539,29.036159,29.276771,22.554441,12140106
2009-03-25,29.263006,29.794713,29.218187,29.62421,22.82304,10510564
2009-03-26,29.62635,29.797158,29.275934,29.424095,22.669799,13922931
2009-03-27,29.473342,29.492801,29.022998,29.268791,22.551072,15982056
2009-03-30,29.128914,29.550742,28.943653,29.465693,22.705578,6696049
2009-03-31,29.546544,29.717218,29.221537,29.320043,22.594271,6303013
2009-04-01,29.46925,29.646935,28.495263,28.644215,22.074379,9498404
2009-04-02,28.620801,28.72738,28.456951,28.655617,22.084073,11021275
2009-04-03,28.77483,28.819296,28.489722,28.755654,22.162079,6044832
2009-04-06,28.664222,28.830065,28.312186,28.588404,22.035893,7881533
2009-04-07,28.584027,28.831259,28.418308,28.45321,21.932587,10927951
2009-04-08,28.491819,28.732589,28.421725,28.618003,22.06052,11417425
2009-04-09,28.731115,28.743263,28.592298,28.708497,22.131188,10057917
2009-04-13,28.954931,29.042753,28.53839,28.720938,22.144415,11754570
2009-04-14,28.72909,28.792859,28.562749,28.688988,22.12069,7951133
2009-04-15,28.7473,28.811857,28.52631,28.613382,22.0633,6159501
2009-04-16,28.672084,28.803788,28.540563,28.718079,22.144939,9732671
2009-04-17,28.669898,29.021122,28.622059,28.698418,22.130687,9989783
2009-04-20,28.813137,28.893712,28.668426,28.708664,22.141316,11764007
2009-04-21,28.796508,28.823958,28.424292,28.573688,22.038122,13522338
2009-04-22,28.515852,29.11007,28.451837,29.021597,22.384502,6821562
2009-04-23,28.982457,29.014344,28.787952,28.990919,22.361757,7059638
2009-04-24,28.93787,29.416352,28.895088,29.338366,22.630686,5145435
2009-04-27,29.350119,29.371519,29.268201,29.325349,22.623432,14060122
2009-04-28,29.252279,29.480617,29.204698,29.442277,22.714571,10578058
2009-04-29,29.444214,29.602506,28.981228,29.001185,22.375189,14718835
2009-04-30,28.996881,29.397319,28.907013,29.319363,22.621601,17847552
2009-05-01,29.353065,29.414009,29.025067,29.120082,22.468767,8548615
2009-05-04,29.271235,29.313623,28.913975,28.931094,22.325695,8955408
2009-05-05,28.900182,28.949138,28.773777,28.806614,22.230549,13692525
2009-05-06,28.855923,29.47168,28.562311,29.281209,22.59773,10448051
2009-05-07,29.361014,29.411774,28.94966,29.038664,22.411467,16129872
2009-05-08,28.972909,29.404652,28.882661,29.356666,22.657825,12139359
2009-05-11,29.267945,29.329294,29.130188,29.304655,22.620469,8769697
2009-05-12,29.363299,29.564356,29.156014,29.175708,22.521859,11792817
2009-05-13,29.1196,29.570834,29.008106,29.401248,22.696894,12395234
2009-05-14,29.461559,29.612346,28.541729,28.795138,22.229908,12142481
2009-05-15,28.934462,29.011129,28.087889,28.276059,21.830074,5555382
2009-05-18,28.172061,28.266357,27.987072,28.170479,21.751243,5866850
2009-05-19,28.104759,28.237465,27.939594,28.13947,21.728192,10974943
2009-05-20,28.299706,28.361561,27.837389,28.070536,21.675854,6780491
2009-05-21,27.988487,28.237578,27.6885,27.781246,21.453348,5910688
2009-05-22,27.729431,27.991975,27.349832,27.455998,21.203054,8268824
2009-05-26,27.284889,27.583967,27.232291,27.523935,21.259011,12081295
2009-05-27,27.432596,27.468589,26.781018,27.002075,20.856792,9356408
2009-05-28,27.264789,27.419989,26.444814,26.67556,20.605433,13077309
2009-05-29,26.696,26.774914,26.430054,26.588553,20.539068,9370655
2009-06-01,26.591955,26.813496,26.084225,26.263693,20.290621,9007919
2009-06-02,26.207166,26.326278,26.138515,26.269853,20.296213,5250149
2009-06-03,26.345414,26.511385,25.842903,25.960985,20.058404,7146842
2009-06-04,26.014886,26.155126,25.866462,25.877893,19.995025,9057804
2009-06-05,25.89389,25.920501,25.598384,25.716005,19.870756,7414369
2009-06-08,25.760373,26.016324,25.543578,25.679359,19.844884,5647054
2009-06-09,25.841688,25.919445,25.433064,25.57943,19.768472,6499361
2009-06-10,25.671421,25.923,25.600273,25.682738,19.849126,14964373
2009-06-11,25.720521,25.926909,25.652519,25.87326,19.997193,9068206
2009-06-12,25.933667,26.101186,25.865905,26.076784,20.155323,5738538
2009-06-15,26.025463,26.069915,25.869988,25.976847,20.080553,5454186
2009-06-16,25.969708,25.995658,25.738693,25.842364,19.977416,10962774
2009-06-17,25.819397,25.873342,25.539143,25.580851,19.776066,13616311
2009-06-18,25.522109,25.576538,25.374377,25.475874,19.695719,10065536
2009-06-19,25.49506,25.570616,25.218806,25.295622,19.557166,7177701
2009-06-22,25.352046,25.584275,25.170988,25.394423,19.635974,8719685
2009-06-23,25.299302,25.532607,25.276573,25.408599,19.647741,3157974
2009-06-24,25.32298,25.489701,25.265916,25.384233,19.629706,20022347
2009-06-25,25.420002,25.452436,25.22132,25.326093,19.585551,6288809
2009-06-26,25.335316,25.590575,25.236019,25.499758,19.720662,8705575
2009-06-29,25.485421,25.599736,25.352383,25.486779,19.713053,7274214
2009-06-30,25.489578,25.678515,25.410899,25.485807,19.71311,10060167
2009-07-01,25.530668,25.562488,25.172722,25.254586,19.535065,6838142
2009-07-02,25.259959,25.279492,25.10833,25.168068,19.46894,6769106
2009-07-06,25.193255,25.273732,25.001954,25.04871,19.379794,11128870
2009-07-07,25.115266,25.22705,25.097266,25.181016,19.482957,6980966
2009-07-08,25.212807,25.335201,25.194162,25.315339,19.587689,14372925
2009-07-09,25.364798,25.470515,25.174577,25.241186,19.531115,8237768
2009-07-10,25.273077,25.440142,25.113684,25.150232,19.461536,6246794
2009-07-13,25.178642,25.27036,25.117457,25.164916,19.475298,8592942
2009-07-14,25.162677,25.397083,25.133475,25.279888,19.565079,11583852
2009-07-15,25.287497,25.301933,25.246744,25.281875,19.56742,13555485
2009-07-16,25.274767,25.32416,25.182499,25.221941,19.521835,8963216
2009-07-17,25.209177,25.278788,25.104097,25.230559,19.529307,11643429
2009-07-20,25.331956,25.367388,24.993059,25.076034,19.412091,14139119
2009-07-21,25.103057,25.148492,24.960663,24.997077,19.351763,11600975
2009-07-22,24.973043,25.01056,24.860066,24.932195,19.302327,5861229
2009-07-23,24.962668,25.18999,24.876213,25.128094,19.45479,6217445
2009-07-24,25.145284,25.165115,25.039663,25.152181,19.474238,11483722
2009-07-27,25.122558,25.251556,25.014613,25.234176,19.540131,11868566
2009-07-28,25.112806,25.500473,25.085756,25.429875,19.692479,9778119
2009-07-29,25.423173,25.45171,25.219924,25.335767,19.620409,12101422
2009-07-30,25.383131,25.465371,25.280362,25.345108,19.628449,8492375
2009-07-31,25.356712,25.405734,25.085585,25.238355,19.546577,8306084
2009-08-03,25.275932,25.425565,25.252823,25.341656,19.629,9201354
2009-08-04,25.35503,25.517062,25.259322,25.414952,19.686581,9122796
2009-08-05,25.47265,25.836287,25.346248,25.783618,19.972973,9190075
2009-08-06,25.863682,26.01496,25.780938,25.893561,20.058962,5957557
2009-08-07,25.777225,25.991365,25.760251,25.943135,20.098191,7426688
2009-08-10,25.994577,26.05316,25.947693,26.011636,20.153742,4417336
2009-08-11,26.081978,26.132602,25.906801,25.982197,20.13176,5191278
2009-08-12,25.957879,26.052324,25.674525,25.825734,20.011349,9467743
2009-08-13,25.886917,26.031605,25.866096,25.899646,20.069445,8012797
2009-08-14,25.86902,25.915183,25.822809,25.90377,20.073465,12553339
2009-08-17,25.868259,26.115086,25.768397,25.976886,20.132604,12733383
2009-08-18,26.02927,26.276592,25.970253,26.143546,20.262601,8708221
2009-08-19,26.170984,26.253913,25.909969,25.946721,20.110877,11475579
2009-08-20,25.972663,25.985662,25.800388,25.870409,20.052553,8301719
2009-08-21,25.81901,25.959177,25.775865,25.883421,20.063463,8149969
2009-08-24,25.887977,25.988909,25.464082,25.512811,19.778622,12099032
2009-08-25,25.501061,25.908222,25.43873,25.888257,20.070508,13133280
2009-08-26,25.964197,25.980437,25.807037,25.924727,20.099608,10989253
2009-08-27,25.959347,26.057977,25.782137,25.796737,20.001198,8853830
2009-08-28,25.790687,26.108225,25.742846,25.933032,20.107698,8333343
2009-08-31,26.003876,26.062588,25.794771,25.882128,20.070702,4971242
2009-09-01,26.008949,26.396796,25.947374,26.170235,20.294952,8957275
2009-09-02,26.108397,26.301285,26.025079,26.214823,20.330365,8449762
2009-09-03,26.183178,26.551877,26.110637,26.443946,20.508899,9000987
2009-09-04,26.449861,26.490295,26.244941,26.289057,20.38961,4526538
2009-09-08,26.363001,26.384279,26.231438,26.247527,20.360744,6368626
2009-09-09,26.159647,26.535517,26.143727,26.395019,20.475997,10307175
2009-09-10,26.296627,26.578175,26.275988,26.504294,20.561612,13186789
2009-09-11,26.589974,26.795882,26.488709,26.769127,20.767918,8534536
2009-09-14,26.707146,26.898437,26.453069,26.497009,20.559337,7769289
2009-09-15,26.493528,26.511437,26.288702,26.432081,20.509801,9659020
2009-09-16,26.479951,26.618234,26.289547,26.312515,20.417864,12361487
2009-09-17,26.310693,26.427902,26.270428,26.355723,20.452232,6386953
2009-09-18,26.387667,26.520692,26.196693,26.238236,20.361897,8036625
2009-09-21,26.264145,26.335861,25.960028,26.100968,20.257868,7272992
2009-09-22,26.096347,26.168603,26.048227,26.13906,20.288265,12335021
2009-09-23,26.05588,26.099096,25.930279,26.020757,20.197272,7105312
2009-09-24,26.085986,26.142136,25.866586,25.902783,20.106526,13531583
2009-09-25,25.958497,26.188968,25.895346,26.130656,20.284242,7170412
2009-09-28,26.191803,26.321478,26.124863,26.250181,20.379535,9922244
2009-09-29,26.23866,26.497426,26.19393,26.413499,20.50717,9095807
2009-09-30,26.392466,26.531885,26.271018,26.300633,20.420381,13217063
2009-10-01,26.424689,26.502892,26.252612,26.273737,20.400336,9137712
2009-10-02,26.386535,26.60386,26.289042,26.536078,20.604878,10617167
2009-10-05,26.567237,26.667674,26.461688,26.644366,20.691511,6510455
2009-10-06,26.601086,26.845273,26.56686,26.789943,20.805418,15121927
2009-10-07,26.880456,26.963693,26.708081,26.74505,20.771406,11702041
2009-10-08,26.759615,26.907279,26.690355,26.811174,20.823616,8280756
2009-10-09,26.925865,26.964468,26.578743,26.616059,20.672924,7311646
2009-10-12,26.685326,26.907453,26.621011,26.879211,20.879889,7265048
2009-10-13,26.973994,27.009286,26.600497,26.691974,20.735294,11436425
2009-10-14,26.628443,26.667638,26.361193,26.452596,20.55018,10469384
2009-10-15,26.495387,26.722659,26.450671,26.703457,20.745918,7334911
2009-10-16,26.807591,26.881121,26.649334,26.832385,20.846938,9998092
2009-10-19,26.810724,27.186691,26.720172,27.124374,21.076391,10518067
2009-10-20,27.045195,27.926287,27.029184,27.845549,21.637652,9844942
2009-10-21,27.924228,27.942913,27.562037,27.675763,21.506601,7691832
2009-10-22,27.606531,27.675237,27.499802,27.525458,21.390679,7851414
2009-10-23,27.572523,27.877592,27.482254,27.698547,21.526075,7176210
2009-10-26,27.522208,27.574466,27.275716,27.468701,21.350078,8895579
2009-10-27,27.458554,27.503958,27.313421,27.442391,21.330505,12237122
2009-10-28,27.467309,28.094651,27.357313,27.824054,21.628053,8891115
2009-10-29,27.760976,28.138725,27.703312,28.069172,21.819483,14374747
2009-10-30,28.124046,28.175006,27.79156,27.934618,21.71578,7905420
2009-11-02,27.814398,28.127814,27.740376,28.116001,21.859476,6318063
2009-11-03,28.170416,28.472533,28.026623,28.425375,22.100915,5652863
2009-11-04,28.441166,28.619186,28.089395,28.255702,21.969895,10597990
2009-11-05,28.432785,28.480958,28.278609,28.366064,22.056611,13992048
2009-11-06,28.406948,28.420797,28.269157,28.344663,22.040876,8019987
2009-11-09,28.304411,28.336728,28.156198,28.306928,22.014245,10252977
2009-11-10,28.309164,28.662398,28.127097,28.602674,22.245159,14912783
2009-11-11,28.695522,28.715351,28.674563,28.694821,22.317742,12026939
2009-11-12,28.570131,28.75991,28.433454,28.613643,22.255519,4996837
2009-11-13,28.65327,28.67946,28.520756,28.548166,22.205502,10554163
2009-11-16,28.573492,28.736814,28.520575,28.622275,22.26589,9048386
2009-11-17,28.738599,28.756287,28.562109,28.629579,22.272487,7424161
2009-11-18,28.602065,28.855177,28.469561,28.693722,22.323304,13990223
2009-11-19,28.713062,28.79315,28.473187,28.50872,22.180285,11285178
2009-11-20,28.428945,28.653871,28.385238,28.623954,22.270854,9789437
2009-11-23,28.530682,28.691429,28.497452,28.664017,22.304773,8114239
2009-11-24,28.76501,28.875864,28.442269,28.516929,22.191228,7652080
2009-11-25,28.516297,28.616493,28.407882,28.567727,22.231671,8389311
2009-11-27,28.523439,28.668105,28.426908,28.640839,22.290399,10051451
2009-11-30,28.712547,28.88639,28.602899,28.742778,22.372491,6177932
2009-12-01,28.668458,28.900319,28.622656,28.885521,22.484521,8718852
2009-12-02,28.858684,28.911231,28.829535,28.888044,22.487408,14777278
2009-12-03,28.872402,28.932241,28.77414,28.899239,22.497047,12855956
2009-12-04,28.873001,29.003368,28.809215,28.963364,22.547892,10392491
2009-12-07,28.993789,29.071446,28.690263,28.76375,22.395252,10502876
2009-12-08,28.837479,28.917351,28.750636,28.781405,22.409918,11475105
2009-12-09,28.795138,28.877871,28.717434,28.777427,22.407741,6595611
2009-12-10,28.798283,28.861772,28.730261,28.844468,22.460866,13029679
2009-12-11,28.913534,28.979271,28.860563,28.891419,22.49835,8206053
2009-12-14,28.892778,29.199478,28.821402,29.184687,22.729524,10648990
2009-12-15,29.112539,29.394913,29.071555,29.356624,22.86437,14128053
2009-12-16,29.255212,29.319991,29.08667,29.15679,22.709662,8001896
2009-12-17,29.067452,29.146813,28.91995,29.088479,22.657386,7894993
2009-12-18,29.085334,29.216345,28.939722,29.143722,22.701349,6892087
2009-12-21,29.095502,29.360073,29.05569,29.234763,22.77507,6150387
2009-12-22,29.214294,29.432578,29.080078,29.406542,22.909834,9633036
2009-12-23,29.389932,29.443387,29.258803,29.425838,22.925808,12053775
2009-12-24,29.459404,29.697376,29.419595,29.52404,23.003263,6603835
2009-12-28,29.561149,29.578818,29.122348,29.317138,22.84581,10165862
2009-12-29,29.297586,29.365977,29.277048,29.309578,22.840857,9870600
2009-12-30,29.35789,29.371875,29.219994,29.293798,22.829497,13243388
2009-12-31,29.304977,29.468173,29.202219,29.42262,22.930834,7024208
2010-01-04,29.344965,29.958169,29.27541,29.853856,23.270745,11542592
2010-01-05,29.883644,30.214979,29.833154,30.070374,23.44048,8231646
2010-01-06,30.034733,30.190512,29.978959,30.102036,23.466125,11038138
2010-01-07,30.132578,30.190485,29.930408,29.969604,23.363847,6716663
2010-01-08,29.953794,30.008436,29.861654,29.98564,23.377309,9406456
2010-01-11,29.926,29.99333,29.888155,29.953925,23.355461,10250659
2010-01-12,30.007501,30.056555,29.854917,29.88839,23.305319,7961960
2010-01-13,29.888798,30.357951,29.732119,30.285365,23.615828,9113762
2010-01-14,30.299822,30.480798,30.179617,30.370571,23.683242,6628907
2010-01-15,30.288262,30.642052,30.213845,30.514117,23.796158,11385594
2010-01-19,30.361487,30.872172,30.300242,30.8097,24.030613,5402198
2010-01-20,30.859212,31.309433,30.815209,31.275307,24.394774,9569785
2010-01-21,31.309404,31.334373,31.063399,31.302994,24.417372,9430123
2010-01-22,31.260074,31.802194,31.1651,31.653695,24.691944,8183317
2010-01-25,31.695746,32.008126,31.629443,31.872695,24.865842,12806770
2010-01-26,31.955886,32.151883,31.8076,31.952445,24.929084,8018402
2010-01-27,32.01863,32.043944,31.800763,31.946327,24.925335,8430066
2010-01-28,32.129704,32.192485,31.754016,31.866126,24.863781,9373264
2010-01-29,31.861416,32.028336,31.840715,31.902653,24.893303,6013790
2010-02-01,31.892131,31.991427,31.818008,31.902709,24.896414,7298738
2010-02-02,31.961192,32.59365,31.861186,32.494536,25.359309,6682186
2010-02-03,32.452903,32.920656,32.379445,32.712006,25.530074,7709865
2010-02-04,32.62375,32.756315,32.544513,32.583236,25.43062,8568827
2010-02-05,32.429663,32.803059,32.19584,32.601761,25.446124,11169655
2010-02-08,32.481081,32.680282,32.409514,32.661193,25.495652,8979943
2010-02-09,32.645653,32.704605,32.597002,32.658298,25.49444,9063106
2010-02-10,32.602008,33.145025,32.485305,32.972522,25.740793,12196392
2010-02-11,33.080253,33.109322,33.007703,33.086438,25.830785,7815929
2010-02-12,33.033514,33.318346,32.985936,33.219954,25.936087,8150182
2010-02-16,33.129672,33.519074,32.922045,33.386091,26.070079,7413621
2010-02-17,33.44614,33.521928,33.194936,33.402284,26.083794,9288352
2010-02-18,33.555533,33.665841,33.452072,33.62885,26.261798,8774104
2010-02-19,33.547608,33.573775,33.468359,33.518804,26.176935,14434467
2010-02-22,33.519853,33.607799,33.188141,33.285476,25.997917,9872150
2010-02-23,33.2831,33.310357,32.884949,33.079697,25.838253,8284654
2010-02-24,32.955584,33.104612,32.819689,32.955169,25.742042,12587911
2010-02-25,33.038781,33.408283,32.988658,33.195843,25.931103,10126669
2010-02-26,33.210513,33.517782,33.189761,33.43331,26.117674,8127336
2010-03-01,33.272681,33.565308,33.25296,33.440866,26.126796,8618355
2010-03-02,33.646988,33.79613,33.273548,33.31847,26.032239,5938753
2010-03-03,33.314164,33.48533,33.29262,33.406198,26.101854,7798551
2010-03-04,33.35118,33.699657,33.226934,33.615261,26.266283,9638703
2010-03-05,33.689444,33.723208,33.46502,33.545684,26.212994,14889020
2010-03-08,33.618512,33.634607,33.284257,33.364726,26.074803,18208416
2010-03-09,33.383445,33.435019,33.133438,33.283399,26.012314,7696145
2010-03-10,33.336911,33.450183,33.037008,33.150812,25.909756,8438028
2010-03-11,33.020592,33.439329,32.902673,33.345505,26.062993,8129602
2010-03-12,33.419649,33.447832,33.027646,33.131648,25.896905,6295502
2010-03-15,33.133811,33.242351,32.843726,32.922314,25.736452,8668657
2010-03-16,32.94752,33.097065,32.789435,33.056127,25.84212,6003309
2010-03-17,33.080568,33.145764,32.752626,32.832944,25.668697,10288839
2010-03-18,32.680919,32.838267,32.546747,32.6447,25.522577,7533397
2010-03-19,32.638547,32.860403,32.617457,32.753612,25.608778,26274808
2010-03-22,32.706844,32.891383,32.517053,32.7382,25.599883,8766904
2010-03-23,32.954577,33.060195,32.795185,32.912239,25.737031,8664802
2010-03-24,32.919131,33.085227,32.768769,32.928987,25.751185,9432212
2010-03-25,32.947962,33.137997,32.712995,32.82601,25.671709,7836485
2010-03-26,32.842643,32.951247,32.662725,32.81987,25.667961,11040487
2010-03-29,32.822698,32.919898,32.568201,32.733178,25.603315,9292178
2010-03-30,32.672468,32.882815,32.633988,32.846421,25.692947,12182965
2010-03-31,32.828197,32.985972,32.783104,32.839848,25.68886,9960893
2010-04-01,32.945728,33.122251,32.689698,32.853165,25.700332,8620944
2010-04-05,32.920672,32.984973,32.351435,32.463176,25.399425,8063560
2010-04-06,32.520766,32.565916,32.240294,32.265509,25.245805,4889088
2010-04-07,32.227586,32.464012,31.931248,31.957119,25.005536,9315275
2010-04-08,32.01563,32.5834,31.972665,32.495847,25.428119,10931266
2010-04-09,32.503511,32.689453,32.440408,32.620295,25.526549,10046511
2010-04-12,32.660568,32.84207,32.589581,32.825672,25.690429,5658956
2010-04-13,32.89343,33.017132,32.81998,32.952798,25.79098,8048729
2010-04-14,33.119389,33.300962,32.837016,32.916063,25.763288,8380512
2010-04-15,32.898268,33.275799,32.83437,33.187427,25.97675,14604349
2010-04-16,33.191775,33.298171,32.882797,32.929979,25.776296,6883987
2010-04-19,32.877245,33.107031,32.328777,32.641859,25.553916,6965307
2010-04-20,32.716703,32.809559,32.331847,32.44221,25.398662,10349681
2010-04-21,32.445828,32.645709,32.349096,32.504758,25.448675,5071567
2010-04-22,32.451733,32.631827,32.36306,32.554363,25.488559,11289110
2010-04-23,32.622115,32.776702,32.306952,32.341226,25.322722,5675270
2010-04-26,32.408119,32.483193,32.256626,32.45592,25.415657,7917907
2010-04-27,32.456373,32.524735,32.267776,32.441828,25.405666,7094219
2010-04-28,32.353896,32.460925,32.160107,32.429167,25.396793,8236856
2010-04-29,32.470452,32.521898,32.170251,32.233591,25.244666,8874083
2010-04-30,32.293702,32.331873,32.204239,32.231955,25.24442,8276245
2010-05-03,32.252744,32.642248,32.194581,32.515322,25.469495,10556721
2010-05-04,32.500171,32.627598,32.435573,32.563636,25.508387,4851171
2010-05-05,32.539892,32.644055,32.494616,32.548249,25.49738,10610294
2010-05-06,32.508533,32.586377,32.377976,32.453058,25.423855,12720223
2010-05-07,32.467413,32.571957,32.20333,32.548104,25.499361,8240937
2010-05-10,32.467052,32.490202,32.229164,32.274326,25.287989,5991168
2010-05-11,32.362582,32.542382,32.31956,32.451991,25.42824,8798670
2010-05-12,32.36927,32.526676,32.305073,32.420324,25.40447,13381191
2010-05-13,32.3663,32.774287,32.346194,32.706106,25.629461,7660731
2010-05-14,32.822087,32.94151,32.688705,32.83232,25.729422,12537297
2010-05-17,32.769497,32.893036,32.649379,32.803041,25.709644,8739897
2010-05-18,32.818256,32.859419,32.571015,32.83972,25.739449,13260479
2010-05-19,32.806292,33.000507,32.784061,32.977999,25.848893,7659929
2010-05-20,32.98047,33.127776,32.763963,32.856525,25.754736,17078511
2010-05-21,32.769425,33.191471,32.729795,33.148534,25.984696,5253353
2010-05-24,33.260546,33.347061,33.186606,33.233463,26.05448,6011630
2010-05-25,33.265481,33.504251,33.126819,33.173192,26.008296,8863920
2010-05-26,33.21227,33.360253,33.065008,33.341189,26.141082,6465646
2010-05-27,33.263332,33.717212,33.230002,33.672632,26.402034,11726683
2010-05-28,33.573323,33.742724,33.410459,33.712965,26.434744,8344840
2010-06-01,33.794222,33.943911,33.738347,33.786597,26.496832,10294891
2010-06-02,33.764219,34.047846,33.655058,33.925926,26.607192,7687626
2010-06-03,34.056815,34.132673,33.734494,33.819199,26.524578,9727040
2010-06-04,33.800689,33.980041,33.752625,33.933664,26.615447,10750849
2010-06-07,33.932457,34.070597,33.87276,34.019594,26.686133,6987136
2010-06-08,34.012474,34.516166,33.980466,34.404466,26.989148,6388953
2010-06-09,34.407339,34.666452,34.239563,34.551752,27.105801,9225780
2010-06-10,34.51369,34.71951,34.455628,34.606823,27.15012,13869081
2010-06-11,34.607387,34.751959,34.587292,34.686431,27.213692,7618259
2010-06-14,34.743048,34.909299,34.513789,34.561472,27.118995,11376171
2010-06-15,34.496206,34.567672,34.411375,34.448132,27.031172,12623591
2010-06-16,34.448782,34.536344,34.314211,34.385683,26.983277,13063468
2010-06-17,34.409013,34.721748,34.328387,34.630228,27.176293,9468156
2010-06-18,34.665454,34.691584,34.277153,34.47139,27.052755,7500116
2010-06-21,34.524449,34.774003,34.474319,34.75548,27.279066,10111933
2010-06-22,34.751729,34.896026,34.503594,34.608589,27.164889,9297510
2010-06-23,34.598469,35.212593,34.419975,34.988251,27.464021,9392273
2010-06-24,34.884175,35.268478,34.67034,35.242815,27.664976,10518902
2010-06-25,35.189823,35.387073,34.896925,34.918345,27.411399,8421478
2010-06-28,34.93458,35.048973,34.872742,34.973823,27.458333,9094486
2010-06-29,34.98148,35.018286,34.679825,34.697798,27.242741,10123085
2010-06-30,34.642189,35.286478,34.61943,35.084923,27.547821,13022064
2010-07-01,35.08627,35.188954,34.952854,35.079347,27.544574,9331478
2010-07-02,35.070812,35.223445,34.945717,35.129657,27.585211,7086331
2010-07-06,35.143969,35.362753,35.033816,35.286463,27.712893,12943949
2010-07-07,35.284463,35.445846,35.093335,35.393388,27.79801,9227288
2010-07-08,35.409932,35.490013,34.929367,34.944578,27.446641,13838564
2010-07-09,34.957825,35.092166,34.783828,34.829527,27.3574,11933835
2010-07-12,34.786395,34.971774,34.346509,34.405511,27.02768,9296353
2010-07-13,34.523724,34.871152,34.474252,34.766497,27.312379,9108815
2010-07-14,34.798444,34.880581,34.684475,34.7265,27.282078,5543581
2010-07-15,34.810157,34.876481,34.603394,34.620991,27.200304,6875803
2010-07-16,34.691557,34.736458,34.273476,34.458527,27.073774,9215921
2010-07-19,34.237131,34.65169,34.080707,34.419404,27.046367,10660471
2010-07-20,34.503245,34.629187,34.175789,34.252218,26.9161,12328907
2010-07-21,34.398276,34.478287,34.035645,34.256249,26.920374,6819649
2010-07-22,34.188095,34.972105,34.074863,34.772667,27.327324,10553051
2010-07-23,34.792003,34.811921,34.365442,34.42317,27.053771,7537367
2010-07-26,34.427668,34.442341,34.045265,34.093623,26.798076,4757192
2010-07-27,34.120361,34.381717,34.014438,34.248701,26.921075,9544639
2010-07-28,34.3313,34.526906,34.124906,34.380247,27.025586,14929642
2010-07-29,34.444187,34.472089,34.404333,34.420286,27.058171,9727826
2010-07-30,34.360232,34.436663,33.764727,33.856139,26.615782,8084069
2010-08-02,33.859303,34.492181,33.685766,34.39434,27.042216,5181051
2010-08-03,34.281747,34.878155,34.165693,34.599548,27.204676,8294471
2010-08-04,34.64485,34.733078,34.535933,34.558831,27.173778,11795800
2010-08-05,34.639,34.871611,33.987917,34.124793,26.833593,9100967
2010-08-06,34.373539,34.40914,34.022546,34.143726,26.849583,11352909
2010-08-09,34.171116,34.390344,34.08013,34.363957,27.026096,8518167
2010-08-10,34.411992,34.73697,34.262929,34.674738,27.271635,6271598
2010-08-11,34.705794,34.730364,34.411702,34.53491,27.162776,8817104
2010-08-12,34.311252,34.624912,34.233356,34.47643,27.117893,10997376
2010-08-13,34.348067,34.585826,34.220318,34.564673,27.188418,5364951
2010-08-16,34.622874,34.745569,34.528357,34.649427,27.258443,11389706
2010-08-17,34.716112,34.92599,34.627793,34.736949,27.328419,6751677
2010-08-18,34.715291,34.797632,34.596042,34.778265,27.362046,11197659
2010-08-19,34.81576,34.931072,34.61088,34.739112,27.332365,9195222
2010-08-20,34.701906,34.911375,34.650828,34.850971,27.421501,10275628
2010-08-23,34.847891,34.900919,34.744024,34.757987,27.351708,8476446
2010-08-24,34.6299,35.057638,34.529431,34.85036,27.425525,5664409
2010-08-25,34.895122,35.228288,34.85319,35.191159,27.694854,4734746
2010-08-26,35.387456,35.535531,34.983207,35.18964,27.694796,8152446
2010-08-27,35.17926,35.719896,35.079902,35.607684,28.024954,10768539
2010-08-30,35.652368,35.948676,35.48165,35.902579,28.260532,7503680
2010-08-31,35.840354,35.913741,35.571853,35.874625,28.239688,4996817
2010-09-01,36.021304,36.440995,35.970327,36.418679,28.669133,9789911
2010-09-02,36.572756,36.638705,36.158279,36.371548,28.633206,6302042
2010-09-03,36.490332,36.646656,36.435841,36.50018,28.735651,15063718
2010-09-07,36.493349,36.577857,36.233994,36.30483,28.586553,10808655
2010-09-08,36.362882,36.746539,36.280621,36.660158,28.867525,7735131
2010-09-09,36.904748,36.9443,36.674218,36.77259,28.957246,9297567
2010-09-10,36.84231,36.90662,36.3676,36.496988,28.741399,10415910
2010-09-13,36.566607,36.685613,36.077943,36.334294,28.616803,18346165
2010-09-14,36.462659,36.705262,36.419468,36.631187,28.85182,10662587
2010-09-15,36.615826,37.031588,36.488639,36.73643,28.935901,5637451
2010-09-16,36.719918,37.078528,36.452136,36.880058,29.050225,5426361
2010-09-17,36.936196,37.12331,36.807179,36.984937,29.134034,9621626
2010-09-20,37.131795,37.164509,36.777242,36.836405,29.020606,9117926
2010-09-21,36.821208,37.14572,36.655773,37.112401,29.239243,4229377
2010-09-22,37.204294,37.332855,37.042581,37.125451,29.250726,7537655
2010-09-23,37.106596,37.15922,36.919404,37.043733,29.187539,8093364
2010-09-24,37.078745,37.312067,36.930641,37.247219,29.349076,11254935
2010-09-27,37.184592,37.242634,36.769488,36.887148,29.068938,7070835
2010-09-28,36.853729,37.518701,36.79344,37.317907,29.409605,14589523
2010-09-29,37.444127,37.863019,37.324419,37.823842,29.809548,7635403
2010-09-30,38.026333,38.259941,37.932599,38.143458,30.062677,9143607
2010-10-01,38.229724,38.295804,37.804896,38.010439,29.959069,10343436
2010-10-04,38.003269,38.167899,37.813787,38.144898,30.068751,10759796
2010-10-05,38.163465,38.199512,37.570043,37.775755,29.778988,8037821
2010-10-06,37.780696,38.41883,37.729829,38.29193,30.187133,8445990
2010-10-07,38.263594,38.298937,37.949447,38.13601,30.065449,13204959
2010-10-08,38.172329,38.225812,37.297731,37.601159,29.645004,10956403
2010-10-11,37.748386,38.106797,37.361675,37.481209,29.554075,6309844
2010-10-12,37.457532,37.537319,37.15821,37.197446,29.331532,6695877
2010-10-13,37.017213,37.140184,36.685415,37.102413,29.257796,8656669
2010-10-14,37.06998,37.187276,36.742715,36.813466,29.031134,7847943
2010-10-15,36.962563,37.037608,36.327637,36.64473,28.899255,8824849
2010-10-18,36.691635,36.826759,36.36892,36.510954,28.797303,7589958
2010-10-19,36.674469,36.873337,35.776741,35.994457,28.391092,9599039
2010-10-20,35.876327,36.128864,35.790381,36.105744,28.48004,9678813
2010-10-21,36.218036,36.364973,35.695945,35.745796,28.197273,7428936
2010-10-22,35.717336,36.232605,35.664653,36.102019,28.479441,8670196
2010-10-25,36.094101,36.263452,35.624783,35.680102,28.150075,7181777
2010-10-26,35.884235,35.951627,35.405031,35.735525,28.19496,7531943
2010-10-27,35.757746,35.891278,35.4299,35.626413,28.110026,9391008
2010-10-28,35.616541,35.779125,35.552351,35.720165,28.185156,8680381
2010-10-29,35.739428,36.346363,35.518495,36.237399,28.594456,8798378
2010-11-01,36.221123,36.347625,35.949473,36.042868,28.444458,7054564
2010-11-02,35.876516,36.227505,35.799024,36.086905,28.480382,9775695
2010-11-03,36.159477,36.242822,35.905613,36.141034,28.524273,8270855
2010-11-04,36.017719,36.364465,35.94507,36.251334,28.612501,7510264
2010-11-05,36.317441,36.486478,36.167796,36.297915,28.650444,8489253
2010-11-08,36.36745,36.512619,36.188539,36.274126,28.635194,6878701
2010-11-09,36.318585,36.633464,36.099046,36.61824,28.908029,10595669
2010-11-10,36.439676,37.026365,36.211997,36.84535,29.088514,13730092
2010-11-11,36.900291,37.215017,36.795475,37.116431,29.303729,9609466
2010-11-12,37.192468,37.545834,36.92719,37.313987,29.460912,8002320
2010-11-15,37.354153,37.867086,37.335101,37.660641,29.738272,7170350
2010-11-16,37.580058,38.028492,37.526599,37.858181,29.895485,11985940
2010-11-17,37.887043,37.937111,37.559784,37.820453,29.866919,7985967
2010-11-18,37.862622,37.980589,37.513127,37.722512,29.790798,8031413
2010-11-19,37.819544,37.91163,37.673205,37.851513,29.893903,7860926
2010-11-22,37.968015,38.39287,37.926625,38.206593,30.178051,7345015
2010-11-23,38.18022,38.216828,37.909132,37.996568,30.013392,8771038
2010-11-24,37.955173,38.083629,37.581983,37.713139,29.790736,6917264
2010-11-26,37.652305,38.256074,37.555595,38.031577,30.044747,8519355
2010-11-29,37.851189,38.170618,37.794657,38.054158,30.06629,16826270
2010-11-30,38.054571,38.545701,37.906179,38.408182,30.347247,6552686
2010-12-01,38.431128,38.697815,38.327431,38.613042,30.510365,8240085
2010-12-02,38.432828,38.635354,38.324433,38.509786,30.430027,9841783
2010-12-03,38.726126,38.751732,38.60921,38.633535,30.529065,10748422
2010-12-06,38.821619,38.928847,38.427256,38.546233,30.463831,6602813
2010-12-07,38.463495,38.851035,38.348488,38.777612,30.647953,6214749
2010-12-08,38.857024,38.920064,38.399859,38.540674,30.46194,11238355
2010-12-09,38.478398,38.586589,38.331131,38.51709,30.444549,10595759
2010-12-10,38.624193,39.098396,38.557202,38.924098,30.767518,7267892
2010-12-13,38.848986,39.076797,38.731534,39.048865,30.869944,9946193
2010-12-14,38.99332,40.11571,38.821908,40.034692,31.650585,6186940
2010-12-15,40.043569,40.260858,39.688768,39.944354,31.580463,8239249
2010-12-16,39.792816,40.115473,39.728282,40.00763,31.631789,9699040
2010-12-17,39.977126,40.030042,39.014637,39.25353,31.036839,6752132
2010-12-20,39.302632,39.538925,39.066381,39.40782,31.162671,6173123
2010-12-21,39.449744,39.470616,38.713584,38.887,30.752083,12852446
2010-12-22,39.000811,39.656504,38.896254,39.222838,31.01894,8554497
2010-12-23,39.086291,39.401326,38.578773,38.640017,30.559278,7480227
2010-12-27,38.485139,39.266566,38.444429,39.089587,30.919908,6499914
2010-12-28,39.18528,39.277329,38.671358,38.841113,30.724627,9749638
2010-12-29,38.699326,38.915036,38.559821,38.674278,30.593911,4761615
2010-12-30,38.589781,38.641959,38.144132,38.179081,30.203418,6717507
2010-12-31,38.324197,38.379231,37.929427,38.144943,30.177651,8276691
2011-01-03,38.085865,38.258243,37.393409,37.537314,29.700596,12351964
2011-01-04,37.628276,37.733667,37.216001,37.283614,29.501073,6700005
2011-01-05,37.40245,37.485089,36.523691,36.605068,28.965355,6386673
2011-01-06,36.290192,37.099614,36.160995,37.018469,29.29368,9759309
2011-01-07,37.094871,37.189321,36.867042,37.144313,29.39447,9878034
2011-01-10,37.186981,37.597157,37.139489,37.517396,29.69337,7616564
2011-01-11,37.445647,37.826223,37.374294,37.556157,29.725269,9478766
2011-01-12,37.627512,37.702663,37.381516,37.555526,29.72599,10761751
2011-01-13,37.357488,37.568932,37.254006,37.286083,29.513933,10924799
2011-01-14,37.305555,37.439623,36.636552,36.799078,29.129638,12213661
2011-01-18,36.904063,37.024136,36.60888,36.902705,29.216467,8273383
2011-01-19,36.967641,37.1636,36.803365,37.100183,29.37402,13949579
2011-01-20,37.161017,37.285143,37.014404,37.122076,29.392561,9639600
2011-01-21,37.290149,37.366689,37.110643,37.26041,29.503303,9564784
2011-01-24,37.359524,37.556563,37.243806,37.283661,29.525351,12403550
2011-01-25,37.298051,37.513681,37.020748,37.047313,29.339389,6655840
2011-01-26,37.09864,37.191092,36.783504,36.828942,29.167649,14763057
2011-01-27,36.848333,37.179354,36.761153,37.103258,29.386108,6393218
2011-01-28,37.019903,37.12829,36.587928,36.720834,29.084419,6572793
2011-01-31,36.746652,36.797482,36.543072,36.616376,29.005257,7675462
2011-02-01,36.597443,36.891522,36.480969,36.868391,29.206087,13609783
2011-02-02,36.894095,37.036005,36.75446,36.831804,29.178302,11322440
2011-02-03,36.817452,37.092956,36.621202,36.995697,29.309342,13399563
2011-02-04,36.957055,37.290582,36.879464,37.241127,29.504993,7521065
2011-02-07,37.207931,37.273842,37.002109,37.092646,29.390977,12124666
2011-02-08,37.033928,37.340824,36.927737,37.259137,29.524111,10888940
2011-02-09,37.207158,37.410794,37.143261,37.351318,29.598371,6011319
2011-02-10,37.339791,37.732156,37.269485,37.60244,29.798592,8715019
2011-02-11,37.616355,38.126237,37.474299,38.043893,30.149666,12915649
2011-02-14,37.886823,38.549859,37.842152,38.51571,30.52734,6013875
2011-02-15,38.495103,38.565527,37.904273,38.011088,30.128616,8361835
2011-02-16,38.03428,38.209797,37.645024,37.813938,29.973581,6774254
2011-02-17,37.787294,38.046838,37.705612,37.867034,30.016901,12188694
2011-02-18,37.917632,38.226293,37.807747,38.167206,30.256087,13003512
2011-02-22,38.234538,38.266356,37.875869,37.947646,30.086979,6227297
2011-02-23,37.8684,38.585452,37.791187,38.187772,30.278607,7026415
2011-02-24,38.101893,38.692857,37.906465,38.568631,30.581842,13797025
2011-02-25,38.469112,38.538055,38.178798,38.513726,30.539561,8154786
2011-02-28,38.505663,38.675071,38.441476,38.460306,30.500958,5299827
2011-03-01,38.464357,38.574991,38.167698,38.29041,30.36747,9006103
2011-03-02,38.305119,38.479294,38.203877,38.407918,30.461914,8167113
2011-03-03,38.556884,38.642729,37.91454,38.012472,30.149518,7205090
2011-03-04,38.097936,38.146256,37.770462,37.856832,30.027305,6299255
2011-03-07,37.802222,37.913798,37.684387,37.880276,30.049603,4940817
2011-03-08,37.879992,38.200652,37.843756,37.976405,30.127097,5749168
2011-03-09,38.023331,38.104127,37.989561,38.006622,30.152307,5911791
2011-03-10,38.11081,38.355221,38.05635,38.291623,30.379658,7475974
2011-03-11,38.222551,38.473847,38.121672,38.349692,30.426978,7467124
2011-03-14,38.388808,38.520774,38.286716,38.448513,30.509143,7397610
2011-03-15,38.542522,38.60096,38.35797,38.462663,30.521624,5818925
2011-03-16,38.507834,38.653249,38.479643,38.584014,30.619178,9201056
2011-03-17,38.470848,38.527628,38.403811,38.475532,30.534343,8399820
2011-03-18,38.367545,38.607272,38.330455,38.558803,30.601685,6645424
2011-03-21,38.492783,38.659387,38.358916,38.516982,30.572261,8284564
2011-03-22,38.538838,38.952718,38.50161,38.751113,30.759361,8462512
2011-03-23,38.840929,38.874216,38.518979,38.71428,30.731387,8120417
2011-03-24,38.823874,38.968288,38.740376,38.94929,30.919208,7566195
2011-03-25,38.990202,39.110253,38.683299,38.807838,30.808184,7020095
2011-03-28,38.808025,38.856845,38.616976,38.778359,30.788574,8338339
2011-03-29,38.702455,39.117941,38.57319,39.089084,31.036552,6818633
2011-03-30,39.273917,39.3764,38.601918,38.737231,30.758446,5521612
2011-03-31,38.640859,38.726933,38.503051,38.662528,30.700391,7485907
2011-04-01,38.615837,39.155016,38.524112,39.110347,31.057261,10512128
2011-04-04,39.240752,39.43149,39.027999,39.106341,31.057906,7795075
2011-04-05,39.024489,39.357869,38.858641,39.260095,31.181298,14397196
2011-04-06,39.212857,39.802576,39.128938,39.539819,31.404751,15904039
2011-04-07,39.568039,39.610048,39.209198,39.290975,31.208386,6575720
2011-04-08,39.216551,39.416428,39.050561,39.32892,31.239808,10755518
2011-04-11,39.34029,39.458986,39.140819,39.221237,31.158112,8972381
2011-04-12,39.303349,39.509514,39.025181,39.195311,31.138794,12310398
2011-04-13,39.207429,39.490195,39.05448,39.392437,31.296687,10228402
2011-04-14,39.390871,39.716258,39.326187,39.611679,31.472164,7635756
2011-04-15,39.571688,39.938759,39.522799,39.788425,31.61389,7354087
2011-04-18,39.740601,40.205635,39.61668,40.178215,31.927531,8623609
2011-04-19,40.00716,40.935356,39.855961,40.895119,32.498551,7973826
2011-04-20,40.757775,41.106068,40.713163,40.973305,32.562022,8065565
2011-04-21,40.9026,41.083272,40.752022,41.044011,32.619552,8042586
2011-04-25,41.111167,41.198563,40.55456,40.624716,32.291623,9970071
2011-04-26,40.668156,40.812654,40.387378,40.595774,32.269944,7969216
2011-04-27,40.514522,41.009955,40.420216,40.926439,32.534128,9344402
2011-04-28,41.14636,41.262456,41.077337,41.132534,32.699305,15791243
2011-04-29,41.090013,41.217642,40.86483,40.89547,32.51218,10424025
2011-05-02,40.91886,41.205899,40.748996,41.093756,32.673844,11444960
2011-05-03,41.20956,41.259151,40.963655,40.989523,32.592306,5767469
2011-05-04,40.865864,41.07519,40.844643,41.053408,32.644444,9453588
2011-05-05,40.982441,41.038552,40.636417,40.687442,32.354767,10315432
2011-05-06,40.581454,40.951777,40.479517,40.878718,32.508206,9433075
2011-05-09,40.939868,41.067643,40.754922,40.997676,32.606822,7440767
2011-05-10,41.079499,41.608357,40.990054,41.422598,32.94613,9479559
2011-05-11,41.454918,41.91052,41.384224,41.821701,33.264929,10699755
2011-05-12,41.780172,41.808176,41.670253,41.701289,33.170516,10321110
2011-05-13,41.595951,41.681248,41.458318,41.553363,33.054208,13581372
2011-05-16,41.473016,41.66401,41.27647,41.581692,33.080818,10624093
2011-05-17,41.550281,42.146441,41.475909,42.018464,33.429671,6194351
2011-05-18,42.042536,42.107769,41.706217,41.752512,33.219444,8901050
2011-05-19,41.780683,41.929537,41.74076,41.905071,33.342194,15262091
2011-05-20,41.837528,42.093169,41.708551,42.006218,33.424045,9678564
2011-05-23,41.961638,42.223791,41.874314,42.005783,33.427817,6580259
2011-05-24,42.057322,42.082382,41.65814,41.676689,33.16729,8283353
2011-05-25,41.605385,41.622777,41.09832,41.375102,32.928632,10189904
2011-05-26,41.337161,41.664969,41.247671,41.491497,33.022622,10173396
2011-05-27,41.315965,41.603978,41.111867,41.562094,33.080168,8531567
2011-05-31,41.666443,42.071436,41.630421,41.819307,33.290357,5659239
2011-06-01,42.047671,42.20145,41.76265,41.80286,33.278631,11665320
2011-06-02,41.714927,42.297885,41.608239,42.237836,33.62629,5433041
2011-06-03,42.262817,42.447883,42.181607,42.252519,33.639361,7798495
2011-06-06,42.207414,42.716545,42.15402,42.584632,33.90795,6782439
2011-06-07,42.521534,42.674644,42.203282,42.453463,33.804895,9669973
2011-06-08,42.499451,42.633665,42.1993,42.220182,33.620518,10067019
2011-06-09,42.322331,42.343586,42.087811,42.187951,33.596232,9813045
2011-06-10,42.135335,42.154993,41.804284,41.882097,33.354036,9339771
2011-06-13,42.024834,42.058456,41.205456,41.370113,32.950362,9134057
2011-06-14,41.372488,41.874266,41.332886,41.827511,33.316037,9273084
2011-06-15,41.863389,41.984057,41.486661,41.628762,33.159094,6354644
2011-06-16,41.969577,42.025825,41.326634,41.62458,33.157124,7535948
2011-06-17,41.669061,41.810333,41.543238,41.712181,33.22827,8554781
2011-06-20,41.670528,41.825696,41.525336,41.592509,33.13702,8199657
2011-06-21,41.77406,41.816984,41.15253,41.241575,32.858778,9841598
2011-06-22,41.274074,41.518763,41.03531,41.144609,32.782868,9876787
2011-06-23,41.158887,41.179108,40.962105,41.091677,32.742037,8672481
2011-06-24,41.214637,41.581332,41.168977,41.452822,33.031156,9170249
2011-06-27,41.369429,41.766954,41.251974,41.637833,33.182668,6631307
2011-06-28,41.545616,42.12915,41.404818,41.835434,33.341513,15976207
2011-06-29,41.854386,42.115398,41.806079,42.045869,33.510599,4821943
2011-06-30,41.907696,42.407147,41.852519,42.240432,33.667048,7215093
2011-07-01,42.461119,42.54133,41.598504,41.732557,33.26362,6909028
2011-07-05,41.830861,42.061074,41.756704,41.839647,33.354457,9715799
2011-07-06,41.766166,41.845313,41.539845,41.593994,33.159985,12799510
2011-07-07,41.516373,41.718287,41.331121,41.688259,33.236501,12719372
2011-07-08,41.761822,41.81083,41.548155,41.690472,33.23963,8756360
2011-07-11,41.742656,42.039654,41.59244,41.840063,33.363009,5256733
2011-07-12,41.833247,42.052279,41.750637,41.867793,33.386491,9669489
2011-07-13,41.973192,42.7843,41.954343,42.737918,34.081752,9012656
2011-07-14,42.635908,42.787073,42.309175,42.692324,34.046791,8755867
2011-07-15,42.705487,43.105274,42.63937,43.010778,34.302164,7784040
2011-07-18,42.979597,43.50943,42.886288,43.262591,34.507242,9705622
2011-07-19,43.301491,43.74739,42.995507,43.655994,34.82246,7007160
2011-07-20,43.968573,44.30619,43.756244,43.8019,34.940277,11838121
2011-07-21,43.674432,44.176996,43.581645,44.097474,35.177498,7350403
2011-07-22,44.185744,44.316604,43.458198,43.744031,34.896981,7698995
2011-07-25,43.75005,44.276391,43.609893,44.101107,35.186175,11171804
2011-07-26,44.135192,44.273573,43.85085,44.059228,35.154205,8613536
2011-07-27,44.101003,44.1451,43.707899,43.802619,34.950897,7025942
2011-07-28,43.792528,43.832166,43.59585,43.741372,34.90346,16906298
2011-07-29,43.495584,44.418027,43.471694,44.377092,35.412187,7640099
2011-08-01,44.429579,44.519173,43.738902,44.16744,35.249231,14611557
2011-08-02,44.284881,44.334604,44.010667,44.095968,35.193636,11948705
2011-08-03,44.04268,44.271113,43.908319,43.927691,35.060771,15840958
2011-08-04,44.024916,44.171813,43.910121,44.105184,35.203883,13497620
2011-08-05,43.995069,44.42882,43.966929,44.198739,35.280005,9891010
2011-08-08,44.085817,44.120922,43.692372,43.855025,35.009962,8295123
2011-08-09,43.802199,43.927098,43.558453,43.795685,34.964025,15559969
2011-08-10,43.811348,43.919635,43.731247,43.795691,34.965466,9649359
2011-08-11,43.746793,44.211932,43.64634,44.053384,35.172647,5909197
2011-08-12,44.097474,44.441909,43.914666,44.26669,35.344404,9910681
2011-08-15,44.081577,44.670112,43.852228,44.643191,35.64941,17670062
2011-08-16,44.763831,44.834176,44.463056,44.585339,35.604675,13096213
2011-08-17,44.569293,44.836841,44.316723,44.672368,35.675639,10940132
2011-08-18,44.513428,44.737719,44.251307,44.640125,35.651354,9234850
2011-08-19,44.65757,44.864297,44.439324,44.846311,35.817493,8167445
2011-08-22,44.814695,45.314258,44.784223,45.267013,36.157951,10592406
2011-08-23,45.205492,45.327141,44.24639,44.525033,35.566739,12180994
2011-08-24,44.300736,44.986688,44.214921,44.890591,35.860221,7124918
2011-08-25,44.809014,45.160905,44.723099,45.015225,35.96126,8086550
2011-08-26,45.041281,45.529786,44.919378,45.498096,36.348503,7796943
2011-08-29,45.446348,46.250387,45.331333,46.138192,36.864419,12650671
2011-08-30,46.240098,46.349671,45.581678,45.778445,36.578483,5827039
2011-08-31,45.794313,45.893359,45.079721,45.324224,36.217033,12979122
2011-09-01,45.171715,45.191722,44.821874,44.84103,35.8324,8159681
2011-09-02,44.855081,45.368929,44.818097,45.124046,36.060039,9246346
2011-09-06,44.935579,44.960076,44.125631,44.388522,35.478086,10845714
2011-09-07,44.420618,44.865172,44.266682,44.608933,35.655717,7078997
2011-09-08,44.597983,45.087953,44.514214,44.946474,35.926987,6815616
2011-09-09,44.981886,45.191363,44.53631,44.926078,35.912159,8995995
2011-09-12,44.820097,44.92949,44.613411,44.829243,35.839168,13746322
2011-09-13,44.627979,44.732352,44.479819,44.581129,35.642275,18878187
2011-09-14,44.45999,44.760725,44.332899,44.62395,35.677975,10327519
2011-09-15,44.436611,44.651763,43.985273,44.180839,35.325147,8666012
2011-09-16,43.981331,44.443263,43.724152,44.286753,35.411285,11527502
2011-09-19,44.348414,44.476556,43.653205,43.740164,34.978547,6245513
2011-09-20,43.66485,43.728783,43.549602,43.597922,34.866229,4737594
2011-09-21,43.822957,43.840727,43.492736,43.556937,34.834883,13901048
2011-09-22,43.577139,43.752695,43.052021,43.165727,34.523429,9369749
2011-09-23,43.26076,43.339759,43.187696,43.232521,34.57827,13195945
2011-09-26,43.232198,43.568237,42.889771,42.926708,34.337905,7392874
2011-09-27,42.827844,43.044219,42.799812,43.00888,34.405049,10613141
2011-09-28,42.91808,43.095091,42.718614,43.026097,34.420235,8513854
2011-09-29,43.077467,43.104463,42.642745,42.679996,34.144762,12394852
2011-09-30,42.726966,42.921928,42.700643,42.861412,34.291306,6623919
2011-10-03,42.763955,42.802114,42.52389,42.658312,34.133021,7293922
2011-10-04,42.554214,42.613001,42.314332,42.533501,34.034551,6872340
2011-10-05,42.39964,42.467835,41.87329,41.977567,33.591082,9871893
2011-10-06,42.063047,42.396315,42.036437,42.307017,33.856104,6968729
2011-10-07,42.420104,42.837952,42.263426,42.740577,34.204463,8099967
2011-10-10,42.801248,42.899723,42.321367,42.622133,34.113878,8448729
2011-10-11,42.649796,42.71657,41.966945,42.297332,33.855304,9711748
2011-10-12,42.486372,42.616852,41.878873,42.125407,33.719078,5296694
2011-10-13,42.141509,42.723787,42.05999,42.494695,34.016069,7704284
2011-10-14,42.505267,42.5479,41.767112,41.926571,33.562677,10007804
2011-10-17,42.031299,42.125254,41.548002,41.624684,33.325119,11007789
2011-10-18,41.553444,41.911837,41.194271,41.244589,33.022167,6420932
2011-10-19,41.260083,41.415837,41.202615,41.389815,33.139802,10624172
2011-10-20,41.619394,41.685761,41.446213,41.546938,33.266973,7395726
2011-10-21,41.565931,41.705761,41.518161,41.593557,33.305669,10536597
2011-10-24,41.46821,41.705273,41.038574,41.072975,32.89287,9329301
2011-10-25,40.896641,40.985788,40.617354,40.844247,32.711038,12974212
2011-10-26,40.799538,40.916556,40.551389,40.682844,32.583113,9177337
2011-10-27,40.752934,41.049894,40.718489,40.879142,32.741674,6599856
2011-10-28,40.885896,40.955303,40.734392,40.933414,32.786489,12371513
2011-10-31,40.755453,41.33523,40.609215,40.950065,32.803867,7137482
2011-11-01,40.962132,41.080869,40.85773,41.017551,32.859277,8395467
2011-11-02,41.123566,41.286058,40.616486,40.816915,32.699891,15266397
2011-11-03,40.795554,41.059135,40.761761,41.001863,32.849408,8904112
2011-11-04,41.127185,41.275197,40.975218,41.078016,32.911771,10814455
2011-11-07,41.227611,41.30287,40.561467,40.894886,32.769084,8963277
2011-11-08,40.989475,41.089334,40.679737,40.701177,32.615204,12844404
2011-11-09,40.812819,40.901977,40.636281,40.802748,32.69794,7801306
2011-11-10,40.714225,40.885751,40.082321,40.223384,32.234981,6859023
2011-11-11,40.21444,40.820441,40.184104,40.594982,32.534115,10931048
2011-11-14,40.681192,41.097079,40.497949,40.901496,32.783803,11956695
2011-11-15,40.924361,41.171491,40.740597,41.078021,32.926646,15931158
2011-11-16,41.102706,41.164703,40.80496,40.96636,32.838491,2977986
2011-11-17,40.874788,40.897655,40.492536,40.618717,32.561159,11524898
2011-11-18,40.552006,40.910193,40.507591,40.814053,32.71909,8965886
2011-11-21,40.791042,40.970149,40.62794,40.902842,32.794309,13203476
2011-11-22,40.959461,41.26741,40.828167,41.098937,32.952883,10812248
2011-11-23,41.056273,41.398839,41.013959,41.338986,33.146714,8958461
2011-11-25,41.411725,41.510023,41.126023,41.459177,33.245817,10040641
2011-11-28,41.347595,41.602259,41.285765,41.464741,33.254376,12117120
2011-11-29,41.591017,41.944819,41.520865,41.84517,33.560855,13721228
2011-11-30,41.634288,42.16897,41.617353,42.137982,33.797085,12386451
2011-12-01,42.191254,42.489329,42.153972,42.389134,33.99992,7133444
2011-12-02,42.401145,42.560633,42.306985,42.342928,33.964253,15590199
2011-12-05,42.218674,42.842282,42.04284,42.820597,34.351635,6656939
2011-12-06,42.833571,42.971701,42.27824,42.301204,33.93636,13127696
2011-12-07,42.176138,42.578006,42.155468,42.342891,33.971199,6334061
2011-12-08,42.298269,42.417179,42.011085,42.07805,33.760107,12085153
2011-12-09,41.995807,42.287567,41.863184,42.146024,33.816032,9318951
2011-12-12,42.156688,42.19106,41.501571,41.650452,33.422526,7993649
2011-12-13,41.634309,41.818432,41.27692,41.300509,33.143073,6930896
2011-12-14,41.310776,41.396931,40.970347,41.245566,33.100342,11178781
2011-12-15,41.242583,41.308245,41.060912,41.09779,32.983104,9565511
2011-12-16,41.076978,41.222672,40.975031,41.091264,32.97922,8614470
2011-12-19,41.070163,41.638174,41.033579,41.441789,33.264645,10786750
2011-12-20,41.519566,41.550375,41.131722,41.2562,33.117035,6821810
2011-12-21,41.068949,41.424347,40.955078,41.391562,33.227057,10666555
2011-12-22,41.106858,41.729389,41.055476,41.693375,33.470712,9228522
2011-12-23,41.762152,41.967386,41.653896,41.89116,33.630871,12320066
2011-12-27,41.972852,42.197533,41.739255,42.066188,33.776934,9960043
2011-12-28,42.065019,42.245984,41.907117,42.111551,33.814747,7024662
2011-12-29,42.093491,42.339132,41.936674,42.293427,33.962185,8653890
2011-12-30,42.350513,42.711704,42.246839,42.509297,34.136933,15332954
2012-01-03,42.474228,42.524633,41.886585,42.040305,33.765857,14086582
2012-01-04,42.173598,42.315824,42.081436,42.269157,33.951061,11763712
2012-01-05,42.269314,42.588086,42.120992,42.44247,34.091668,11233118
2012-01-06,42.56105,42.654033,42.307175,42.544127,34.174726,13460284
2012-01-09,42.478672,42.517655,42.282415,42.368498,34.037841,6590652
2012-01-10,42.359623,43.031737,42.281507,42.872475,34.444139,11594532
2012-01-11,42.804557,43.031844,42.746769,42.926058,34.488604,7967730
2012-01-12,42.813214,43.377915,42.506884,43.191239,34.703087,9091023
2012-01-13,43.333747,43.435432,42.903062,42.995087,34.546902,9772410
2012-01-17,42.962708,43.031254,42.807539,42.840729,34.428529,13775094
2012-01-18,42.940644,43.016393,42.541352,42.71004,34.324912,15362041
2012-01-19,42.785355,42.825936,42.600449,42.777306,34.380384,10468470
2012-01-20,42.831217,42.944741,42.608171,42.875532,34.460744,12323952
2012-01-23,42.897686,43.134733,42.873536,42.903511,34.487481,10502481
2012-01-24,42.792049,43.052364,42.63664,42.933565,34.513057,8407406
2012-01-25,42.861805,42.942662,42.571805,42.7804,34.391343,8705798
2012-01-26,42.751278,42.850245,42.356144,42.384516,34.07449,11884351
2012-01-27,42.370938,42.686419,42.248367,42.621854,34.266702,4965423
2012-01-30,42.535354,42.587755,42.241251,42.467556,34.146858,8138647
2012-01-31,42.472512,42.857097,42.407549,42.528385,34.197173,11766615
2012-02-01,42.438473,42.512078,42.148776,42.361632,34.064486,14960934
2012-02-02,42.445875,42.577859,41.840257,42.032059,33.800853,6507200
2012-02-03,41.991148,42.209174,41.786525,41.926255,33.717153,7507110
2012-02-06,41.8125,41.996078,41.771625,41.821287,33.636881,6582334
2012-02-07,41.945268,42.027478,41.601274,41.627087,33.482062,12162722
2012-02-08,41.689925,41.765081,41.562008,41.599079,33.460908,8515528
2012-02-09,41.361646,41.902933,41.312191,41.881753,33.689664,6671618
2012-02-10,41.78112,41.881829,41.692628,41.844708,33.661248,7978345
2012-02-13,41.994933,42.162666,41.580414,41.687214,33.538687,8456447
2012-02-14,41.798589,41.918506,41.369395,41.506399,33.394587,12492173
2012-02-15,41.411771,41.67122,41.164635,41.554051,33.434299,9561120
2012-02-16,41.63167,41.868187,41.393324,41.796298,33.630591,8426395
2012-02-17,41.833396,41.890439,41.768351,41.830789,33.659726,17496459
2012-02-21,41.683043,42.130742,41.639661,41.910263,33.729216,13237363
2012-02-22,41.898002,41.97129,41.618757,41.717751,33.575662,10027409
2012-02-23,41.688976,42.009131,41.528987,41.959979,33.772001,10181415
2012-02-24,41.755358,42.124113,41.671169,42.102001,33.887701,6741930
2012-02-27,41.932355,42.319438,41.813426,42.037623,33.840052,6876687
2012-02-28,42.131957,42.169987,41.839786,42.020924,33.827999,6054244
2012-02-29,42.013531,42.076264,41.888583,41.97831,33.795082,7712225
2012-03-01,41.789703,42.079341,41.523265,41.999597,33.813608,10830748
2012-03-02,42.02918,42.347154,42.009296,42.266949,34.030248,7942452
2012-03-05,42.237395,42.394973,41.950673,42.206672,33.985905,6363834
2012-03-06,42.315469,42.471672,41.436113,41.568654,33.47353,7444653
2012-03-07,41.58636,41.667556,41.087947,41.409906,33.347067,12616494
2012-03-08,41.423223,41.60844,41.244195,41.547287,33.459073,11013185
2012-03-09,41.560635,41.601553,41.481709,41.566364,33.475811,11760238
2012-03-12,41.493154,42.150216,41.470296,41.909769,33.756533,17638935
2012-03-13,41.904524,42.256331,41.863804,42.22872,34.014832,11668161
2012-03-14,42.101451,42.743997,42.073974,42.394756,34.149975,7408772
2012-03-15,42.549548,42.657724,42.199674,42.537154,34.266087,5366567
2012-03-16,42.451838,42.698255,42.294621,42.588122,34.308554,8375682
2012-03-19,42.672903,42.714228,42.444795,42.511708,34.251214,10426937
2012-03-20,42.538842,42.744439,42.210513,42.440685,34.195396,10243975
2012-03-21,42.466629,42.606507,42.357943,42.455461,34.208707,10333829
2012-03-22,42.552415,42.67869,42.364792,42.603787,34.329631,9530883
2012-03-23,42.604428,42.765809,42.302901,42.522101,34.265216,7938208
2012-03-26,42.487848,42.689197,42.438076,42.553045,34.294377,14289346
2012-03-27,42.616611,43.070739,42.518464,42.883414,34.562047,8846801
2012-03-28,42.784377,43.549745,42.573102,43.456572,35.025424,4829645
2012-03-29,43.43407,43.727702,43.396241,43.632017,35.168275,13103044
2012-03-30,43.587026,44.227047,43.426516,44.091813,35.54034,6104569
2012-04-02,44.06046,44.692496,43.965933,44.447943,35.831813,7632504
2012-04-03,44.400363,45.225103,44.200844,44.946604,36.235298,8133354
2012-04-04,44.898241,45.100467,44.744356,44.911321,36.208341,9122861
2012-04-05,44.903699,45.000602,44.877778,44.977533,36.263211,10613685
2012-04-09,45.123232,45.411194,44.971504,45.371345,36.586732,9392710
2012-04-10,45.423717,45.546992,44.965923,45.027575,36.311013,5777446
2012-04-11,44.987072,45.030458,44.660805,44.766814,36.102214,10535930
2012-04-12,44.750623,45.027821,44.684,45.00633,36.296861,5414398
2012-04-13,45.027128,45.632875,44.994245,45.52909,36.719967,11903223
2012-04-16,45.524509,46.063178,45.290659,45.883948,37.010725,8441840
2012-04-17,45.791201,46.13043,45.594243,45.864824,36.996819,9334436
2012-04-18,45.938278,46.038199,45.431293,45.63639,36.814065,10566933
2012-04-19,45.654987,45.86507,45.505181,45.774282,36.926816,7867564
2012-04-20,45.931852,46.123528,45.804953,45.994553,37.106036,6051545
2012-04-23,45.987944,46.110316,45.702846,45.857319,36.999881,9161467
2012-04-24,45.763526,46.006234,45.610172,45.974455,37.095915,4804016
2012-04-25,45.976012,46.090683,45.742811,45.974981,37.097863,7670962
2012-04-26,45.941302,46.137641,45.639346,45.810933,36.967008,4971341
2012-04-27,45.808081,46.144861,45.666764,45.890102,37.032414,4585728
2012-04-30,45.849279,46.177696,45.81994,46.151355,37.24783,11571071
2012-05-01,46.227587,46.389467,46.149122,46.237951,37.319252,6074916
2012-05-02,46.219883,46.320359,46.056094,46.182486,37.276017,10689616
2012-05-03,46.095273,46.180906,45.913161,45.932298,37.0756,9071111
2012-05-04,45.939932,46.597404,45.870068,46.265619,37.346184,13459797
2012-05-07,46.252025,46.651967,46.152944,46.487645,37.530029,9912198
2012-05-08,46.432409,46.82026,46.318854,46.758648,37.750364,7923649
2012-05-09,46.769984,47.054717,46.748716,46.859996,37.83374,8861059
2012-05-10,46.891867,46.955191,46.400575,46.537957,37.575276,8796165
2012-05-11,46.629701,46.782478,46.477046,46.518204,37.56087,10907822
2012-05-14,46.473897,46.863066,46.451963,46.741547,37.745857,11746019
2012-05-15,46.698787,46.996569,46.594087,46.80175,37.796026,6190740
2012-05-16,46.919713,47.356049,46.819212,47.156058,38.083721,8381614
2012-05-17,47.400572,47.520074,47.353742,47.478841,38.345978,6462907
2012-05-18,47.416711,47.843664,47.367368,47.714126,38.537588,9820793
2012-05-21,47.771618,48.168214,47.573465,48.045511,38.810021,10788416
2012-05-22,48.081428,48.242052,47.966939,48.05498,38.819264,9166915
2012-05-23,48.019617,48.570194,47.999661,48.259863,38.986371,13135433
2012-05-24,48.421191,48.744706,48.396197,48.618605,39.277791,9315867
2012-05-25,48.435443,49.004095,48.372191,48.950819,39.547803,4188031
2012-05-29,48.975359,49.085937,48.883856,49.005008,39.598087,8484952
2012-05-30,48.99037,49.237994,48.760387,49.175706,39.73765,10033309
2012-05-31,49.2594,49.545916,49.141053,49.409385,39.92812,8757357
2012-06-01,49.351254,49.563408,49.325707,49.357358,39.887715,6117760
2012-06-04,49.383428,49.865944,49.193238,49.690156,40.16161,8122393
2012-06-05,49.836937,49.87173,49.335928,49.641899,40.124255,10570174
2012-06-06,49.654013,49.755585,49.03525,49.212543,39.778851,7931147
2012-06-07,49.165396,49.460833,49.125422,49.209572,39.778083,8487483
2012-06-08,49.322296,49.354952,48.924841,49.166193,39.74465,6185874
2012-06-11,49.12299,49.427077,49.063546,49.274047,39.836744,13912975
2012-06-12,49.23189,49.315814,48.873655,48.918671,39.551057,7576897
2012-06-13,48.847064,48.868023,48.556919,48.736338,39.405257,7961961
2012-06-14,48.726566,48.788156,48.150806,48.237163,39.003256,5268337
2012-06-15,48.289112,48.393859,47.717033,47.949649,38.772373,7353527
2012-06-18,48.047041,48.355431,47.312435,47.5266,38.435028,7811606
2012-06-19,47.516395,47.579565,46.891647,47.159761,38.139929,20224515
2012-06-20,47.203829,47.405573,47.087038,47.291753,38.248247,9408074
2012-06-21,47.304634,47.894972,47.272782,47.659524,38.547273,12445423
2012-06-22,47.579882,48.380423,47.37004,48.188567,38.976766,13230681
2012-06-25,48.281853,48.372705,48.126826,48.153303,38.953042,6554918
2012-06-26,48.106985,48.670926,47.922729,48.455426,39.199051,12854332
2012-06-27,48.400729,49.263374,48.273606,49.046791,39.679078,12715036
2012-06-28,49.102454,49.159241,48.824168,48.977903,39.624975,10993843
2012-06-29,48.815833,49.367923,48.524752,49.154956,39.76985,7586666
2012-07-02,49.003509,49.919901,48.693128,49.803744,40.299731,11778463
2012-07-03,49.773217,50.116168,49.559906,49.626685,40.158108,11498980
2012-07-05,49.780327,50.067066,49.686236,49.96978,40.439064,6796148
2012-07-06,49.991734,51.064306,49.638827,50.725748,41.052532,7480712
2012-07-09,50.968309,51.085314,49.953791,50.208529,40.638952,7976997
2012-07-10,50.09117,50.961817,49.684914,50.889494,41.191819,8907424
2012-07-11,50.752423,51.497269,50.670366,51.047406,41.321335,10826831
2012-07-12,51.231725,51.914924,51.056469,51.433734,41.635766,7647845
2012-07-13,51.379453,51.593567,50.039335,50.32001,40.735876,6805888
2012-07-16,50.362201,50.806921,49.143154,49.615434,40.170445,8879841
2012-07-17,49.2517,49.838371,49.043495,49.712568,40.250741,12355916
2012-07-18,49.533774,49.833247,48.805004,48.861817,39.563539,9921843
2012-07-19,49.144049,49.464456,47.910196,48.195794,39.025861,8372525
2012-07-20,48.187287,48.681054,47.588242,47.630202,38.569464,6847159
2012-07-23,47.405025,47.480109,46.806106,46.926988,38.004706,19935252
2012-07-24,46.903959,47.419866,46.485056,46.681569,37.807501,8569792
2012-07-25,46.643425,47.139755,46.477712,46.727374,37.846153,12961028
2012-07-26,46.688314,46.800192,46.336615,46.537436,37.693863,5246222
2012-07-27,46.680249,47.164258,45.866056,46.285791,37.491579,11522407
2012-07-30,46.354649,46.624865,45.791433,45.871823,37.160842,9405575
2012-07-31,45.759995,46.350185,45.614734,46.141512,37.380853,7482650
2012-08-01,46.008009,47.530189,45.981531,47.295881,38.317621,8210893
2012-08-02,47.457802,48.014089,47.296402,47.931551,38.834215,5352189
2012-08-03,48.009114,48.476769,47.788332,48.382391,39.201096,4225174
2012-08-06,48.157489,48.393883,47.954797,48.148414,39.016326,10952664
2012-08-07,48.113496,48.311622,47.711626,47.930025,38.840954,14870697
2012-08-08,47.929943,48.213556,47.627252,47.878405,38.800716,8685637
2012-08-09,48.078268,48.56177,47.714021,48.235213,39.091479,7288560
2012-08-10,48.331562,48.3622,47.674668,48.202799,39.066814,10273289
2012-08-13,48.34605,48.773415,47.208106,47.300736,38.340444,14307501
2012-08-14,47.365235,47.921035,47.125539,47.314698,38.353337,8080184
2012-08-15,47.260884,47.609787,47.088901,47.300103,38.34308,9419570
2012-08-16,47.449294,47.664612,47.260128,47.516702,38.520245,14251201
2012-08-17,47.466445,47.747864,47.359185,47.677693,38.652342,10589339
2012-08-20,47.609537,47.665759,46.7934,46.821874,37.963206,7755434
2012-08-21,47.206867,47.24388,45.736028,45.964091,37.269246,5710094
2012-08-22,45.741419,46.288796,45.428596,46.036795,37.32973,13368692
2012-08-23,46.154276,46.207942,45.711746,45.886929,37.209736,8632603
2012-08-24,46.019822,46.079489,45.162792,45.402287,36.818252,6246708
2012-08-27,45.503777,45.706702,44.947384,45.094108,36.572844,7261226
2012-08-28,45.14834,45.249728,44.766521,45.036229,36.527402,6257622
2012-08-29,44.895697,45.060092,44.574991,44.690764,36.248696,6540022
2012-08-30,44.606825,45.322596,44.548995,45.107236,36.588,11492345
2012-08-31,45.274794,45.477049,45.080072,45.204636,36.668509,7413213
2012-09-04,45.180164,45.238049,45.02028,45.199059,36.670009,7705870
2012-09-05,45.327556,45.406809,45.117457,45.145527,36.628082,8376816
2012-09-06,45.174934,45.924353,45.031649,45.50896,36.924464,11280507
2012-09-07,45.364004,46.273666,45.307386,46.176224,37.467399,7201177
2012-09-10,46.334947,46.623121,46.117252,46.505756,37.739431,14788331
2012-09-11,46.620495,47.348313,46.47506,47.092067,38.216792,13205905
2012-09-12,47.174784,47.643308,46.984557,47.557652,38.596215,11125888
2012-09-13,47.242422,48.2089,47.208722,48.104,39.041216,11586816
2012-09-14,48.124665,48.574366,47.956777,48.310711,39.210592,9388717
2012-09-17,48.409754,48.513591,48.153641,48.344508,39.242858,14189781
2012-09-18,48.411825,48.437056,47.743233,47.908007,38.890133,14409691
2012-09-19,47.794993,48.168947,47.045517,47.230887,38.342044,13710196
2012-09-20,47.064446,47.321794,46.63278,47.254565,38.362841,7103745
2012-09-21,47.344271,47.782667,46.895481,47.507434,38.569713,12294167
2012-09-24,47.399737,48.588251,47.338173,48.487757,39.370455,10360653
2012-09-25,48.446291,49.03439,48.334334,48.676673,39.525471,18578477
2012-09-26,48.648034,48.884315,48.1398,48.231886,39.165912,9550593
2012-09-27,48.062712,48.772005,47.79028,48.339393,39.254824,12848827
2012-09-28,48.549261,49.078566,48.359056,48.89396,39.7068,11796694
2012-10-01,48.789376,49.646372,48.401638,49.405442,40.127118,9295670
2012-10-02,49.135877,49.525502,48.877419,49.405045,40.128444,10082621
2012-10-03,49.444511,49.659848,49.146628,49.617631,40.302768,12996175
2012-10-04,49.637134,50.441271,49.372644,50.399473,40.939514,9107119
2012-10-05,50.75078,50.994341,50.655557,50.678573,41.167917,12433821
2012-10-08,50.78316,51.020713,50.522918,50.626685,41.130834,9680968
2012-10-09,50.47871,50.742971,50.391012,50.543047,41.06457,13414895
2012-10-10,50.578597,50.655473,50.225262,50.596565,41.109741,6890437
2012-10-11,50.512096,50.808035,50.330307,50.545472,41.069914,11398755
2012-10-12,50.597158,50.670713,50.136262,50.222459,40.80913,5054877
2012-10-15,50.298921,50.423324,50.088879,50.132701,40.741215,7692763
2012-10-16,50.288574,50.406871,49.861504,50.130849,40.741384,9870115
2012-10-17,50.161588,50.240059,49.693883,49.843576,40.50958,11215847
2012-10-18,49.919672,49.992195,49.596996,49.699591,40.394218,6736355
2012-10-19,49.742771,50.029834,48.98238,49.159505,39.956894,16287839
2012-10-22,49.153792,49.918521,49.124293,49.814872,40.494566,6294615
2012-10-23,49.8876,50.397734,49.605689,50.004102,40.65006,18274253
2012-10-24,49.818765,50.055349,49.707103,50.02887,40.671865,7836643
2012-10-25,50.060935,50.218101,49.675437,50.019379,40.665819,9302443
2012-10-26,50.08895,50.149999,49.599482,49.810574,40.497724,11336125
2012-10-29,49.939116,50.203209,49.489941,49.560551,40.299411,8082382
2012-10-30,49.688796,49.94105,49.201325,49.297504,40.087165,14279885
2012-10-31,49.081404,49.249079,48.814651,49.220675,40.026334,7876749
2012-11-01,49.280978,49.302938,49.073973,49.203278,40.013829,9415383
2012-11-02,49.19239,49.312332,48.9868,49.155468,39.976591,8048380
2012-11-05,49.183304,49.23774,48.516303,48.708096,39.617637,12918214
2012-11-06,48.786473,48.964941,48.256686,48.576849,39.512508,10449497
2012-11-07,48.253222,48.669756,48.129817,48.645578,39.570037,9393101
2012-11-08,48.524599,48.780192,48.315879,48.542322,39.487667,7648242
2012-11-09,48.601498,48.817802,48.177441,48.244087,39.246674,10012491
2012-11-12,48.274643,48.431488,47.49641,47.736881,38.838845,7962070
2012-11-13,47.455367,48.031437,47.423159,47.859659,38.940337,10549226
2012-11-14,47.943951,48.25471,47.361771,47.634021,38.758341,9981264
2012-11-15,47.653881,48.103475,47.509048,48.041194,39.091252,4604727
2012-11-16,48.079818,48.866961,47.725512,48.836562,39.740077,8542892
2012-11-19,48.942389,49.092897,48.294137,48.548649,39.510658,7171536
2012-11-20,48.443593,48.922336,48.166347,48.747772,39.674342,8548209
2012-11-21,48.814096,49.417592,48.698036,49.10662,39.968038,7630564
2012-11-23,48.997689,49.558677,48.883174,49.359919,40.1775,8232661
2012-11-26,49.77572,49.875571,49.19033,49.211402,40.061546,6573784
2012-11-27,49.323564,49.520866,48.583558,48.786596,39.717355,8010062
2012-11-28,48.816702,49.267043,48.689474,49.083871,39.961009,11235999
2012-11-29,49.020923,49.647636,48.937169,49.518102,40.316188,12585667
2012-11-30,49.449311,49.668077,49.145768,49.211257,40.06801,10544742
2012-12-03,49.112877,49.418123,48.468563,48.738475,39.687958,7100054
2012-12-04,48.63595,49.018465,48.574901,48.942595,39.855811,12667861
2012-12-05,48.86694,49.621214,48.68125,49.539424,40.343487,8259472
2012-12-06,49.358305,49.393023,49.055461,49.136045,40.01663,11399058
2012-12-07,49.098781,49.925032,49.04239,49.829819,40.583311,10485864
2012-12-10,49.85901,50.190385,49.787769,50.04159,40.760806,16444762
2012-12-11,50.018956,50.68428,49.875441,50.459079,41.102555,9276817
2012-12-12,50.531066,50.657644,50.307856,50.351965,41.016987,6439031
2012-12-13,50.133538,50.9396,50.089806,50.856945,41.430049,9407713
2012-12-14,50.812421,51.629703,50.690771,51.577378,42.018667,9622269
2012-12-17,51.364009,51.801736,51.165965,51.59857,42.041111,9975460
2012-12-18,51.660051,51.825355,50.57348,50.682848,41.296701,9878596
2012-12-19,50.74169,50.988773,50.644175,50.86104,41.443595,10240634
2012-12-20,50.845731,51.493231,50.715646,51.322754,41.821535,10990321
2012-12-21,51.37042,51.557441,50.932823,50.968239,41.534356,9235992
2012-12-24,50.955872,51.21793,49.838581,50.132575,40.858402,9705752
2012-12-26,50.226135,50.292731,49.539695,49.705894,40.513981,9417111
2012-12-27,49.454433,49.660466,49.333287,49.386194,40.255055,9650506
2012-12-28,49.417499,49.593171,48.771757,48.856922,39.825277,6740659
2012-12-31,48.945859,49.070963,48.632982,48.739655,39.734583,9281663
2013-01-02,48.519643,49.660747,48.464848,49.546599,40.395755,9200542
2013-01-03,49.181499,49.529196,48.813674,49.059659,40.000392,8461635
2013-01-04,49.008732,49.733364,48.780589,49.61361,40.453712,8037794
2013-01-07,49.717224,50.051371,49.367237,49.937126,40.722516,11442099
2013-01-08,50.152645,50.179618,49.086876,49.152383,40.084223,7352024
2013-01-09,49.367459,49.510387,48.924131,48.949784,39.920641,7424279
2013-01-10,48.764942,48.959746,48.675789,48.69791,39.716858,8711515
2013-01-11,48.912664,49.298635,48.510333,48.537245,39.58745,15196005
2013-01-14,48.388374,48.690917,48.288634,48.423544,39.49958,8777514
2013-01-15,48.380036,49.636718,48.17998,49.327095,40.238268,7049488
2013-01-16,49.120931,49.217087,48.458479,48.70549,39.73283,7559694
2013-01-17,49.08514,49.749123,48.720232,49.607519,40.470347,10180003
2013-01-18,49.581881,50.247062,49.522311,50.141793,40.907893,9969545
2013-01-22,50.038965,50.510076,49.997626,50.465925,41.179098,7816950
2013-01-23,50.429894,50.628764,49.93823,50.506322,41.213753,11074650
2013-01-24,50.075617,50.299501,49.766142,49.819521,40.654986,8587822
2013-01-25,49.733896,49.874405,49.557074,49.618058,40.492245,7945691
2013-01-28,49.526743,49.769451,48.898547,48.949516,39.951585,8317852
2013-01-29,48.978066,49.480125,48.787225,49.416295,40.334216,6932086
2013-01-30,49.374027,49.612973,48.975328,49.13149,40.103401,6332187
2013-01-31,49.364648,49.751351,48.940967,49.283312,40.228978,6314237
2013-02-01,49.491321,49.688564,49.325374,49.480147,40.391309,7510041
2013-02-04,49.758227,50.086778,49.399866,49.491395,40.405469,7929361
2013-02-05,49.671141,49.771698,49.022251,49.080919,40.071996,10061209
2013-02-06,48.68692,48.991886,48.408896,48.882507,39.911642,7243754
2013-02-07,48.989921,49.331348,48.880209,49.147852,40.129939,5693743
2013-02-08,49.450419,49.60437,48.950993,49.104708,40.096359,8194473
2013-02-11,49.229436,49.568085,48.91144,49.390416,40.334622,14856375
2013-02-12,49.392016,49.499388,49.195784,49.323373,40.281525,9066111
2013-02-13,49.318024,49.426849,49.222705,49.27819,40.246278,6697360
2013-02-14,49.542336,49.685891,49.158379,49.314987,40.277985,10718386
2013-02-15,49.322182,49.500454,49.189798,49.257987,40.233082,8730385
2013-02-19,49.28751,49.44215,49.002313,49.099931,40.110573,14026652
2013-02-20,49.068145,49.309927,48.880442,49.021792,40.048384,9740028
2013-02-21,49.037521,49.408715,48.949134,49.209358,40.203268,13141716
2013-02-22,49.249732,49.432411,49.023729,49.172945,40.175169,13212578
2013-02-25,49.281186,49.34984,48.583401,48.693523,39.788374,7186399
2013-02-26,48.671274,49.554703,48.603348,49.479505,40.432275,8403847
2013-02-27,49.42785,50.113827,49.260719,50.06602,40.913227,7621449
2013-02-28,49.985514,50.018337,49.139011,49.663214,40.585726,12107602
2013-03-01,49.745773,49.809612,49.303486,49.423647,40.391607,13444203
2013-03-04,49.21625,49.551436,49.149896,49.349869,40.336281,9829875
2013-03-05,49.310373,49.551391,48.836444,49.093217,40.128153,5908961
2013-03-06,48.900404,49.439019,48.622008,49.211371,40.226383,7782299
2013-03-07,49.166338,49.558914,49.00858,49.254299,40.263126,11434332
2013-03-08,49.448071,49.530353,49.295477,49.450274,40.424987,8390579
2013-03-11,49.491309,49.780408,49.449494,49.731806,40.660146,4990339
2013-03-12,49.949584,49.998966,49.074614,49.217334,40.241172,10775048
2013-03-13,49.18382,49.970486,49.158544,49.668982,40.612117,12629986
2013-03-14,49.655531,50.35559,49.569434,50.260821,41.097725,9294651
2013-03-15,50.432975,50.699379,49.766096,49.970458,40.861977,9468467
2013-03-18,49.842977,50.048825,49.625035,49.989033,40.882202,14292589
2013-03-19,49.907743,50.384451,49.707599,50.138754,41.006331,11335693
2013-03-20,50.323508,50.358769,49.848713,49.942125,40.847195,8893328
2013-03-21,49.918835,50.105205,49.624301,49.867404,40.787756,10501218
2013-03-22,49.737084,50.068688,49.637356,49.970979,40.874151,9875964
2013-03-25,50.071926,50.568794,49.926763,50.509254,41.319528,11303434
2013-03-26,50.724913,50.846671,49.981743,50.10166,40.987775,6195103
2013-03-27,50.124889,50.425596,49.880163,50.287768,41.141718,12311840
2013-03-28,50.258201,50.933709,50.114731,50.667505,41.454093,8349825
2013-04-01,50.626643,51.504108,50.58709,51.223241,41.915659,9327748
2013-04-02,51.198857,51.34256,51.063082,51.130002,41.84108,9956187
2013-04-03,51.070372,51.650518,50.925166,51.571537,42.204133,8918511
2013-04-04,51.578249,52.007768,51.382197,51.738533,42.342535,7178310
2013-04-05,51.857012,51.900126,51.291306,51.363391,42.037247,9330136
2013-04-08,51.319119,51.365575,51.073181,51.316522,42.004063,12150658
2013-04-09,51.383531,51.963306,51.251318,51.7872,42.391068,6933059
2013-04-10,51.706921,52.40452,51.490373,52.071388,42.625444,13377967
2013-04-11,52.092795,52.138001,51.803001,51.848634,42.444842,11578314
2013-04-12,51.70361,52.05542,51.585226,51.613378,42.253989,5405338
2013-04-15,51.747158,52.467913,51.654419,52.331178,42.846904,13732354
2013-04-16,52.564108,52.659966,52.439531,52.46488,42.958139,10866178
2013-04-17,52.318016,52.551232,52.209711,52.475822,42.968863,5814694
2013-04-18,52.587783,52.797466,51.971702,52.214306,42.756482,10305095
2013-04-19,52.274213,53.042397,52.121503,52.902581,43.321865,14346649
2013-04-22,52.84841,53.509329,52.588531,53.473966,43.795167,10621118
2013-04-23,53.677185,53.814201,52.784187,52.932272,43.353299,6424272
2013-04-24,52.982997,53.444044,52.830506,53.283505,43.642764,11278483
2013-04-25,53.197633,54.231584,52.808831,53.838996,44.099559,7574090
2013-04-26,53.728279,53.755297,53.167097,53.38457,43.729134,8660216
2013-04-29,53.193472,53.255548,52.309718,52.642338,43.126459,10624842
2013-04-30,52.681334,53.472409,52.603986,53.158209,43.550868,10736695
2013-05-01,53.133224,53.5963,52.937405,53.428726,43.774292,12789391
2013-05-02,53.627328,53.697549,53.328244,53.449112,43.792793,15290625
2013-05-03,53.449606,53.479184,52.732646,53.211329,43.599758,6648288
2013-05-06,53.399662,53.739978,53.250583,53.54464,43.878269,5992803
2013-05-07,53.506496,53.552716,52.391092,52.812172,43.279811,9884472
2013-05-08,53.011986,53.120282,52.640892,52.821522,43.28925,13314859
2013-05-09,52.786297,53.099495,52.76301,53.057373,43.484325,11460542
2013-05-10,52.966944,53.561443,52.880514,53.183864,43.589784,12845944
2013-05-13,53.108819,53.373982,52.961344,53.052181,43.487213,8166553
2013-05-14,52.955025,54.269557,52.680497,53.793687,44.096841,7899133
2013-05-15,53.886452,54.028272,53.528478,53.63775,43.970819,7598689
2013-05-16,53.473343,53.526201,53.104057,53.41742,43.791997,7833649
2013-05-17,53.498081,53.792676,53.401223,53.437804,43.810507,4880058
2013-05-20,53.472497,53.621939,53.251387,53.504661,43.870723,7312247
2013-05-21,53.678334,53.750436,53.263344,53.301687,43.706091,10960730
2013-05-22,53.357204,53.399645,53.013116,53.231189,43.650078,9367214
2013-05-23,53.12742,53.799845,52.961748,53.708393,44.043198,6658004
2013-05-24,53.758111,53.901763,53.516409,53.796108,44.11694,6272073
2013-05-28,53.740144,53.906553,53.682251,53.829687,44.15173,12496032
2013-05-29,53.806573,54.007072,53.269791,53.56808,43.938961,12884402
2013-05-30,53.561535,53.767195,53.099392,53.147583,43.59584,7036063
2013-05-31,53.318563,53.484782,52.50425,52.601639,43.149786,11398899
2013-06-03,52.817128,52.992385,52.300236,52.639623,43.186265,14000642
2013-06-04,52.738479,52.860435,52.481592,52.691324,43.230457,4795942
2013-06-05,52.603234,53.118386,52.454434,53.033777,43.513209,19071324
2013-06-06,52.723384,53.066589,52.529084,53.004868,43.491275,6965284
2013-06-07,52.963913,52.991654,52.895689,52.929737,43.431413,13343022
2013-06-10,52.863571,52.936491,52.300952,52.463163,43.05387,10617368
2013-06-11,52.423551,52.747026,52.369556,52.502908,43.088257,7902945
2013-06-12,52.604099,53.773769,52.527344,53.659606,44.039348,6774275
2013-06-13,53.642174,54.367495,53.310758,54.234125,44.512693,9101925
2013-06-14,53.995072,54.159422,53.655638,53.751568,44.118446,8627270
2013-06-17,53.722267,53.945268,53.193471,53.378935,43.817993,8354293
2013-06-18,53.491071,53.7962,53.187778,53.372149,43.814221,8991124
2013-06-19,53.368476,53.448911,52.489095,52.599823,43.181977,13439119
2013-06-20,52.441243,53.12425,52.228227,52.741464,43.300037,7107370
2013-06-21,52.619443,52.706387,51.892925,52.254783,42.90224,9535055
2013-06-24,52.168552,52.338731,51.758284,51.83883,42.565978,11067793
2013-06-25,51.952687,52.569527,51.772942,52.316824,42.960233,5645896
2013-06-26,52.460685,52.807319,52.183812,52.458456,43.078304,21223082
2013-06-27,52.296155,52.605861,52.171936,52.232686,42.894666,9702601
2013-06-28,52.278588,52.552043,52.111746,52.279553,42.934918,9675606
2013-07-01,52.404898,52.497785,52.157077,52.219773,42.891107,5331999
2013-07-02,52.517552,52.729351,51.744942,52.000052,42.712391,6773294
2013-07-03,51.984599,53.121872,51.938513,52.793147,43.365613,8479743
2013-07-05,52.781717,53.339645,52.599844,53.042709,43.574188,14580717
2013-07-08,53.207443,53.311653,52.504967,52.760404,43.347617,15926670
2013-07-09,52.61656,53.177964,52.528807,53.105065,43.63258,12250924
2013-07-10,53.235595,53.866584,53.168347,53.599254,44.040428,6996633
2013-07-11,53.695963,53.908339,53.240758,53.378581,43.860911,8130400
2013-07-12,53.39541,53.852144,53.316123,53.718739,44.142231,5998117
2013-07-15,53.703809,53.853714,53.185734,53.579784,44.033472,6367703
2013-07-16,53.477089,53.588971,53.443886,53.562321,44.020928,8187092
2013-07-17,53.602623,53.780601,53.098002,53.435998,43.918911,9333716
2013-07-18,53.332542,53.481421,53.122628,53.197066,43.72433,8745774
2013-07-19,53.198181,53.669726,53.067147,53.48562,43.963306,7049182
2013-07-22,53.488051,53.544464,53.105204,53.158016,43.699411,9118452
2013-07-23,53.171083,53.858738,52.924423,53.695887,44.143389,13822708
2013-07-24,53.771916,53.824496,52.883351,52.96348,43.543066,7747655
2013-07-25,53.132716,53.670719,52.986294,53.480852,43.97022,13465933
2013-07-26,53.552879,53.628615,52.997319,53.389846,43.897201,15173291
2013-07-29,53.311313,53.976073,53.106599,53.756087,44.203771,6290961
2013-07-30,53.613194,53.852406,53.184177,53.441292,43.946719,11285729
2013-07-31,53.496719,53.592564,53.471509,53.564464,44.049817,11981178
2013-08-01,53.644237,53.985766,53.525488,53.578269,44.062978,9716159
2013-08-02,53.51743,53.792382,53.089977,53.497045,43.997987,12490966
2013-08-05,53.578199,53.881819,53.243153,53.484784,43.993322,4987804
2013-08-06,53.424813,53.728456,53.251952,53.653646,44.13403,9491605
2013-08-07,53.718902,54.121098,53.590922,54.055312,44.466256,11783956
2013-08-08,53.981857,54.560131,53.710388,54.501306,44.834975,10868475
2013-08-09,54.463839,54.883266,54.425512,54.750132,45.041519,7132411
2013-08-12,54.811302,54.879333,54.520545,54.571341,44.899964,8952392
2013-08-13,54.61933,55.068706,54.561726,54.916143,45.185514,8982531
2013-08-14,54.88654,55.399422,54.822878,55.210133,45.429278,14405411
2013-08-15,55.174398,55.273386,55.050864,55.103397,45.343313,8299916
2013-08-16,55.455176,55.589685,54.509382,54.670249,44.988733,10111473
2013-08-19,54.524321,54.728756,54.389047,54.583219,44.922649,8764675
2013-08-20,54.486745,55.005224,54.389881,54.71262,45.030997,11199265
2013-08-21,54.628164,55.444329,54.432751,55.2653,45.487746,5922716
2013-08-22,55.083023,55.683485,54.958446,55.142738,45.388732,12549268
2013-08-23,55.20528,55.361847,55.05804,55.29905,45.519263,7126773
2013-08-26,55.289043,55.478302,55.236424,55.332993,45.552815,8927141
2013-08-27,55.543133,55.682112,55.428323,55.578065,45.75645,10386063
2013-08-28,55.435582,55.514052,54.520134,54.695449,45.031657,6794869
2013-08-29,54.746288,54.804846,54.354933,54.617592,44.969402,7412075
2013-08-30,54.677195,55.019098,54.647713,54.835221,45.150442,10165463
2013-09-03,54.894263,54.960639,54.361205,54.518579,44.897098,10650477
2013-09-04,54.683667,54.974886,54.519528,54.63633,44.995916,8991265
2013-09-05,54.504082,54.665603,54.311,54.379831,44.786515,12589869
2013-09-06,54.356401,55.351135,54.284998,55.139626,45.414137,8063347
2013-09-09,55.149129,55.171354,54.913666,54.957752,45.269919,7560186
2013-09-10,55.119388,55.163782,54.794407,54.977383,45.287949,6677226
2013-09-11,55.084388,55.623586,54.625311,54.729609,45.085695,8949190
2013-09-12,54.768488,54.923594,54.57245,54.687017,45.052459,10167671
2013-09-13,54.713774,54.993362,54.570522,54.949708,45.270729,13279980
2013-09-16,54.966073,55.435183,54.770721,55.118983,45.415782,11518512
2013-09-17,55.039584,55.207614,54.377853,54.732686,45.099342,8381643
2013-09-18,54.821715,55.109044,53.928386,54.389684,44.818551,14983620
2013-09-19,54.363156,55.099619,54.293851,54.711689,45.085743,7830033
2013-09-20,54.798201,55.203047,54.760393,55.094287,45.402892,6870511
2013-09-23,54.996545,55.115544,54.773048,54.868363,45.222281,14976106
2013-09-24,54.624033,54.902917,54.555906,54.852156,45.210779,11723358
2013-09-25,54.79236,54.834885,54.3558,54.381039,44.824311,8086672
2013-09-26,54.609942,54.764161,54.281681,54.347435,44.798453,9961775
2013-09-27,54.032453,54.107167,53.901832,54.004924,44.51795,14875508
2013-09-30,54.067026,54.65888,53.848598,54.198836,44.683303,12695782
2013-10-01,54.274321,54.495736,53.845826,54.323704,44.788087,11293068
2013-10-02,54.269635,54.641184,54.171398,54.569869,44.992889,8911987
2013-10-03,54.46546,54.960269,54.278212,54.734633,45.130591,10158712
2013-10-04,54.468661,55.169287,54.400531,55.133114,45.461019,5688601
2013-10-07,55.104788,55.237832,54.962445,55.179837,45.505152,7135482
2013-10-08,55.138588,55.279756,54.879057,55.056325,45.40516,7933504
2013-10-09,55.112752,55.364425,54.996291,55.307943,45.614543,8845676
2013-10-10,55.170432,56.000209,55.028222,55.859815,46.071585,9278420
2013-10-11,55.831878,56.066808,55.537212,55.800042,46.024176,9982608
2013-10-14,55.599265,56.022961,55.450954,55.925125,46.133028,13413827
2013-10-15,55.917729,56.525608,55.89307,56.380509,46.510587,15131930
2013-10-16,56.246026,57.231294,56.122678,57.113601,47.11728,10574541
2013-10-17,57.277263,57.837615,57.198328,57.584013,47.507309,9730929
2013-10-18,57.369185,57.565474,57.196635,57.230657,47.217727,13679427
2013-10-21,57.237303,57.318655,56.842225,56.884468,46.937888,10178724
2013-10-22,56.933915,56.964664,56.577481,56.760404,46.837441,9143993
2013-10-23,56.579264,56.908597,56.541365,56.840952,46.905834,8220176
2013-10-24,56.74939,57.244135,56.511257,57.093394,47.116087,6081672
2013-10-25,57.280808,57.561696,56.699619,56.902235,46.960262,9086501
2013-10-28,56.834987,57.36026,56.642223,56.867897,46.937707,5661283
2013-10-29,56.723099,57.625744,56.693816,57.251936,47.256626,11093689
2013-10-30,57.288859,57.555289,56.994096,57.511577,47.472887,15700007
2013-10-31,57.466805,57.570349,56.996619,57.169588,47.19253,9311395
2013-11-01,57.086179,57.230364,56.542696,56.842617,46.924548,9713653
2013-11-04,57.016666,57.177199,56.904416,56.943814,47.01388,10381062
2013-11-05,57.136437,57.371201,56.921938,57.177913,47.209095,10708265
2013-11-06,56.948317,57.299033,56.887763,57.017079,47.078236,7844564
2013-11-07,56.70778,57.312715,56.479486,56.809586,46.908838,7971651
2013-11-08,56.790238,57.003806,56.233688,56.44499,46.609698,7404278
2013-11-11,56.176923,56.858408,56.000797,56.241035,46.447003,3822675
2013-11-12,56.453382,56.612539,55.574877,55.860967,46.135017,8171788
2013-11-13,55.581756,55.83036,55.274952,55.434952,45.785055,8130643
2013-11-14,55.480236,56.86473,55.289047,56.33284,46.528553,8230518
2013-11-15,56.436388,56.642518,56.072219,56.439863,46.618864,9089608
2013-11-18,56.145161,56.309186,54.921852,55.265034,45.65409,12900214
2013-11-19,54.999332,55.470756,53.574872,53.654429,44.325399,9538541
2013-11-20,53.576537,54.158965,52.513229,52.89622,43.700816,11423347
2013-11-21,52.185724,53.842422,51.78416,53.748677,44.406907,11368121
2013-11-22,53.891049,54.546889,51.907445,52.412891,43.305066,5492904
2013-11-25,52.022137,53.62648,51.973062,53.54166,44.243138,10091380
2013-11-26,53.282715,55.604653,53.048527,55.373035,45.758339,8948373
2013-11-27,54.642475,56.320485,53.9572,56.183392,46.429897,8944810
2013-11-29,55.810965,57.270647,54.927713,56.737086,46.89132,11525278
2013-12-02,56.315866,57.077248,55.424216,56.544961,46.738293,8062668
2013-12-03,56.177545,57.093225,56.049656,56.76635,46.923213,7850956
2013-12-04,56.541033,56.820651,55.141369,55.463444,45.848111,11953184
2013-12-05,56.361966,57.498394,55.87301,56.993662,47.11498,8382693
2013-12-06,57.584314,58.02034,56.12614,56.926259,47.061192,9102424
2013-12-09,56.638262,56.970498,56.563728,56.598532,46.796024,4598930
2013-12-10,56.513951,57.231663,55.88443,56.565598,46.770714,5413249
2013-12-11,56.51731,56.73746,54.77174,55.259326,45.692513,8530141
2013-12-12,55.273894,55.372513,54.937327,55.12594,45.584091,4516738
2013-12-13,55.307673,56.44255,55.114215,56.327138,46.579284,8215121
2013-12-16,56.667486,56.98369,54.820993,55.206156,45.657923,12542892
2013-12-17,55.217335,55.972403,54.75844,55.278853,45.719923,9689956
2013-12-18,55.94,56.947616,55.153427,56.682048,46.882401,6283896
2013-12-19,56.650474,56.95973,56.005244,56.334421,46.596787,6940728
2013-12-20,56.193763,56.371206,54.352945,54.950838,45.45423,5987677
2013-12-23,55.31201,55.548264,54.615485,54.976892,45.481383,5179284
2013-12-24,55.950702,57.625609,55.91864,57.053055,47.200894,8038363
2013-12-26,57.452961,57.725926,55.784174,56.55674,46.794128,9551762
2013-12-27,56.493828,57.326964,56.238285,57.212017,47.338238,13135599
2013-12-30,56.907624,57.916521,55.894186,56.54867,46.795137,7524770
2013-12-31,57.063519,57.395339,55.829718,55.987977,46.333056,8019619
2014-01-02,56.274447,56.666041,54.551981,55.059017,45.568034,6895363
2014-01-03,54.64318,54.956811,54.421777,54.880258,45.421955,10620185
2014-01-06,54.426925,56.448334,54.197108,56.014626,46.366533,12402423
2014-01-07,55.992069,57.789617,55.858694,57.569242,47.655336,10352619
2014-01-08,58.323986,58.553623,54.898783,55.367924,45.834985,15861144
2014-01-09,54.365525,54.441718,53.429812,53.533246,44.318012,8553788
2014-01-10,54.192669,54.875409,53.381053,53.733549,44.485661,9534443
2014-01-13,53.898382,55.344317,52.617869,54.862969,45.426297,10974278
2014-01-14,54.978001,55.900288,54.117263,54.439254,45.077315,7448586
2014-01-15,53.881305,53.954309,52.301341,52.487699,43.463154,9534827
2014-01-16,52.996783,53.707926,52.916512,53.507334,44.309296,3355363
2014-01-17,53.00284,53.470517,52.836533,53.01555,43.903854,6892771
2014-01-21,53.484866,53.667331,52.483325,52.615839,43.579999,9515985
2014-01-22,52.940653,53.370281,51.969096,52.068049,43.128054,11524293
2014-01-23,51.781425,52.307451,49.949559,50.178602,41.564728,15255250
2014-01-24,50.408606,51.398841,50.267659,50.979562,42.229926,10191724
2014-01-27,51.064599,51.406077,50.566315,51.077891,42.316592,11600500
2014-01-28,51.177391,51.239679,48.986945,49.109719,40.687688,8976610
2014-01-29,49.325654,49.584234,49.188831,49.426896,40.952153,8040793
2014-01-30,49.373056,49.628647,48.885517,49.455589,40.977609,5465823
2014-01-31,49.162824,49.53471,48.6467,49.07824,40.666618,6733471
2014-02-03,48.75545,49.780532,48.178985,49.337167,40.886203,7345691
2014-02-04,50.004951,50.160133,49.103034,49.397885,40.938202,4469265
2014-02-05,49.537861,49.652639,48.137843,48.599946,40.278569,7089817
2014-02-06,48.615859,49.633703,48.475644,49.258198,40.825791,8934267
2014-02-07,49.344862,49.696151,48.632457,49.341691,40.89667,7910077
2014-02-10,49.032854,49.559431,48.740869,49.133665,40.729266,8103889
2014-02-11,48.985226,49.828548,48.799082,49.327581,40.891692,11568794
2014-02-12,49.050244,49.186765,48.512937,48.663929,40.343193,7414486
2014-02-13,48.978831,49.983699,48.901472,49.500304,41.038246,10201351
2014-02-14,48.797037,49.145061,48.438147,48.493805,40.20546,11560397
2014-02-18,48.55516,48.917705,48.500202,48.803624,40.468973,8597354
2014-02-19,49.013823,49.475059,48.017987,48.285562,40.041029,7182570
2014-02-20,48.455945,48.59165,47.540278,47.738769,39.589225,7715196
2014-02-21,47.908714,48.635682,46.892028,47.142889,39.096674,8451949
2014-02-24,47.242898,47.313722,46.957248,47.161981,39.117326,11004928
2014-02-25,47.258886,48.036836,45.979997,46.543332,38.605789,7933914
2014-02-26,46.894319,47.133019,46.476618,46.568607,38.62834,9080020
2014-02-27,46.157919,46.628504,45.925017,46.01537,38.171001,6735419
2014-02-28,45.981798,46.231512,45.908118,45.937872,38.108279,5581555
2014-03-03,45.562795,46.172392,45.338637,45.923203,38.100804,7215876
2014-03-04,46.085577,46.762601,45.875429,46.728507,38.770527,8074409
2014-03-05,46.537266,47.51132,46.342294,47.317359,39.260709,13843565
2014-03-06,47.331673,47.601881,46.792387,46.939593,38.948864,5660456
2014-03-07,46.737246,47.087532,46.500551,47.018027,39.015548,8636415
2014-03-10,47.300453,47.84878,45.693535,45.98898,38.166347,15010963
2014-03-11,46.118319,46.223001,44.978378,45.55008,37.803656,5908067
2014-03-12,45.420131,45.737607,45.098057,45.554259,37.808676,3886529
2014-03-13,45.429667,45.791824,45.162878,45.233711,37.544173,7101309
2014-03-14,45.224488,45.437422,44.651249,44.819452,37.201864,10948652
2014-03-17,44.887161,45.090012,43.318575,43.668964,36.251381,12894401
2014-03-18,43.648062,44.697531,43.055496,44.467566,36.915849,11887219
2014-03-19,44.498258,45.019129,43.860648,44.205859,36.700094,7336274
2014-03-20,44.006665,44.845187,43.855739,44.677644,37.093297,5527538
2014-03-21,44.638856,45.294272,44.138229,44.915029,37.291916,6503173
2014-03-24,44.860602,44.973421,43.649385,43.946849,36.492554,9222409
2014-03-25,43.951482,44.554652,43.763222,44.24575,36.742264,6512784
2014-03-26,44.371339,44.785754,43.717613,43.942406,36.491862,12180811
2014-03-27,43.863407,45.013119,43.797878,44.754099,37.167456,11199686
2014-03-28,45.115594,45.42894,44.72083,44.805977,37.212069,8336456
2014-03-31,44.726344,45.684331,44.194862,45.56579,37.847768,7646625
2014-04-01,45.416363,46.025033,44.903019,45.781528,38.028525,12964193
2014-04-02,45.946055,46.077968,45.321514,45.372942,37.69068,11000175
2014-04-03,45.63793,45.976929,44.290772,44.631788,37.076537,3427164
2014-04-04,44.595411,45.242357,43.953306,44.768187,37.191373,14475122
2014-04-07,44.956164,45.230348,44.438988,44.660921,37.106833,7550853
2014-04-08,44.587289,44.940249,43.606855,43.771005,36.368934,10860796
2014-04-09,44.326964,44.637027,44.005255,44.070138,36.618985,9083942
2014-04-10,44.257753,44.72192,44.094085,44.432694,36.921758,11611697
2014-04-11,44.614031,45.104713,44.20461,44.91526,37.324283,7081536
2014-04-14,44.907658,45.084444,44.149641,44.625082,37.087716,6441947
2014-04-15,44.466383,44.819127,44.331759,44.645333,37.106071,6630092
2014-04-16,44.4234,44.740376,44.264295,44.443361,36.939723,8910935
2014-04-17,44.599964,44.99341,44.040702,44.208957,36.746403,7771577
2014-04-21,44.80952,45.167778,43.664791,44.030948,36.604455,10593648
2014-04-22,44.331405,44.407555,42.890551,43.205452,35.919667,8818076
2014-04-23,43.291378,43.573019,43.074264,43.498141,36.164484,10231231
2014-04-24,43.631921,44.094522,42.790441,42.819277,35.601537,6404434
2014-04-25,42.653559,43.101773,42.151613,42.265748,35.142756,12759909
2014-04-28,42.371575,43.012149,41.911085,42.759732,35.55787,11256850
2014-04-29,42.988122,43.112737,41.184961,41.557994,34.559955,10326286
2014-04-30,41.872199,42.621659,40.459655,40.584391,33.751685,6680408
2014-05-01,40.523074,40.733052,40.263317,40.488187,33.673061,10007445
2014-05-02,41.041777,41.382732,39.750707,40.038728,33.300624,7843328
2014-05-05,39.730606,40.079173,39.263609,39.549904,32.898117,6605507
2014-05-06,40.070141,40.211288,38.420038,38.646797,32.148222,13943217
2014-05-07,38.571642,39.128576,38.220337,39.094865,32.522281,15859442
2014-05-08,39.220501,39.238875,38.62305,38.761737,32.246482,9610524
2014-05-09,38.766368,38.849495,38.447311,38.597723,32.111355,6710274
2014-05-12,38.451233,38.694107,38.421995,38.668109,32.173876,9138222
2014-05-13,38.876985,39.312452,38.631614,39.218199,32.63292,10264079
2014-05-14,39.266815,39.614423,39.057074,39.421917,32.803778,13852638
2014-05-15,39.550092,39.894978,39.40369,39.754713,33.082063,6318690
2014-05-16,39.76871,40.456631,39.626383,40.272113,33.513996,5161667
2014-05-19,40.408214,40.483241,39.909557,40.298917,33.540434,5527191
2014-05-20,40.046707,40.48696,39.970322,40.265757,33.514212,11356052
2014-05-21,40.242912,40.957142,40.201879,40.733616,33.905015,7224444
2014-05-22,40.766594,40.981691,40.727775,40.868418,34.018616,10628922
2014-05-23,40.911458,41.110807,40.850801,41.044619,34.166688,12306950
2014-05-27,40.993447,41.550347,40.885659,41.482027,34.536471,13065406
2014-05-28,41.558785,41.923116,41.272151,41.802838,34.804996,10228940
2014-05-29,42.046575,42.38881,42.003534,42.311721,35.230138,11233614
2014-05-30,42.459648,42.487035,41.946416,42.066165,35.027119,12674402
2014-06-02,42.142688,42.494642,41.886689,42.375599,35.289122,10024379
2014-06-03,42.276645,42.419251,41.404507,41.519101,34.577276,8660570
2014-06-04,41.368044,41.584787,40.690511,40.968143,34.119837,11620973
2014-06-05,40.853698,40.906686,40.600282,40.882925,34.050262,9367610
2014-06-06,40.768906,40.953694,40.626073,40.68611,33.887733,6327502
2014-06-09,40.845078,41.367834,40.728755,41.164387,34.290317,7609910
2014-06-10,41.190799,41.249887,41.098175,41.232018,34.348065,11031478
2014-06-11,41.262319,41.310289,41.018543,41.202484,34.324871,5770952
2014-06-12,41.308603,41.552073,41.162938,41.246952,34.363328,8712654
2014-06-13,41.181157,41.518701,41.028357,41.404427,34.495939,11886685
2014-06-16,41.417048,41.588687,41.389306,41.46218,34.548312,7448205
2014-06-17,41.549259,41.813554,41.426757,41.742752,34.783527,11241403
2014-06-18,41.868143,42.203307,41.831908,42.051476,35.04222,5169351
2014-06-19,42.053638,42.813488,41.990987,42.627999,35.524106,15268234
2014-06-20,42.827817,42.864547,42.589184,42.617479,35.516797,10202768
2014-06-23,42.562097,42.906392,42.342903,42.759968,35.639936,7551884
2014-06-24,42.617392,42.907424,42.415548,42.804278,35.678333,9178175
2014-06-25,43.106627,43.696361,42.713747,43.525944,36.281348,7105105
2014-06-26,43.306613,43.535676,43.100299,43.452316,36.221462,7916003
2014-06-27,43.420521,43.711104,42.812962,43.647658,36.385792,10580697
2014-06-30,43.802986,44.477132,43.696856,44.379247,37.000221,11158144
2014-07-01,44.477787,45.201448,44.45006,45.016749,37.533266,11442652
2014-07-02,45.022427,45.375795,44.851205,45.290334,37.762922,5309701
2014-07-03,45.366431,45.669685,45.316142,45.522112,37.957736,8139915
2014-07-07,45.282696,45.342109,44.559996,44.95628,37.492087,9025874
2014-07-08,44.991191,45.467746,43.843056,44.385012,37.017188,8803971
2014-07-09,44.566347,44.651727,43.671228,43.694493,36.44279,21513387
2014-07-10,43.662734,43.776036,43.280154,43.639018,36.398017,9987204
2014-07-11,43.525679,44.045416,43.479374,43.955742,36.663692,5334515
2014-07-14,43.66413,43.838831,43.274042,43.596698,36.368693,9694065
2014-07-15,43.619898,43.644522,42.492251,42.767359,35.678317,10998240
2014-07-16,42.720479,43.276829,42.377093,42.991071,35.86642,7159354
2014-07-17,43.004535,43.136941,42.806971,43.069879,35.933643,7841450
2014-07-18,42.982156,43.535262,42.742411,42.792577,35.703753,11455680
2014-07-21,42.779148,43.077617,42.258258,43.021235,35.898955,12965050
2014-07-22,42.744583,43.65399,42.434397,43.543383,36.336153,12417664
2014-07-23,43.595853,43.8339,43.307651,43.489505,36.292683,16206316
2014-07-24,43.34774,43.760975,43.284338,43.64247,36.42183,8593670
2014-07-25,43.752687,43.893591,43.327328,43.584539,36.374978,9190734
2014-07-28,43.552951,43.957825,42.986185,43.411768,36.23525,9517649
2014-07-29,43.561729,44.03029,43.343109,43.507573,36.316709,10103946
2014-07-30,43.310282,43.577797,43.151794,43.557503,36.359879,3670455
2014-07-31,43.519141,43.7303,43.458856,43.629848,36.421765,10901195
2014-08-01,43.739355,43.762835,42.851723,43.078623,35.963086,9489857
2014-08-04,42.823485,42.880641,42.532063,42.627619,35.590961,9846409
2014-08-05,42.622558,42.835304,42.399848,42.657862,35.617674,7924841
2014-08-06,42.71141,43.142795,42.444944,42.849331,35.779013,9045661
2014-08-07,42.91853,43.023898,42.695456,42.764085,35.7093,8414437
2014-08-08,43.021373,43.196624,42.219606,42.317847,35.338128,8712914
2014-08-11,42.465952,43.075223,42.256629,42.639115,35.610795,6367726
2014-08-12,42.755294,43.139289,42.086742,42.199358,35.244972,7879984
2014-08-13,42.028086,42.373539,41.777435,42.244877,35.284438,8292618
2014-08-14,42.359083,42.448023,41.944627,42.055489,35.127697,7562060
2014-08-15,42.096836,42.30559,41.526222,41.711341,34.841672,14150179
2014-08-18,41.931186,41.992375,40.9409,41.058616,34.300673,12244276
2014-08-19,40.95801,40.987256,40.846056,40.938919,34.202082,8200782
2014-08-20,40.960042,41.410047,40.933632,41.047806,34.294459,9037146
2014-08-21,40.827067,41.6228,40.706181,41.573626,34.735195,7825911
2014-08-22,41.454773,41.485829,41.173259,41.260953,34.47537,13102990
2014-08-25,41.201724,41.298105,41.081631,41.185906,34.416904,7642885
2014-08-26,41.100062,41.20413,40.7412,40.895285,34.175451,8078894
2014-08-27,40.812236,41.468384,40.549602,41.367119,34.571175,6105198
2014-08-28,41.409149,41.510703,41.105867,41.318131,34.531652,7390028
2014-08-29,41.458763,41.672284,40.717379,40.742623,34.052069,6306774
2014-09-02,40.737797,41.45789,40.671812,41.440257,34.640831,11847440
2014-09-03,41.362115,42.286934,41.21059,42.126539,35.215956,12240579
2014-09-04,42.182427,42.275766,41.648484,41.825902,34.966072,8690026
2014-09-05,41.602639,42.536769,41.565432,42.306194,35.369045,7142566
2014-09-08,42.39245,42.704867,41.875254,42.00139,35.118547,8125703
2014-09-09,41.89407,42.160778,41.715128,42.040852,35.152986,6407476
2014-09-10,42.103764,42.612035,42.046182,42.528249,35.56199,9624159
2014-09-11,42.314341,42.678692,41.88512,42.659543,35.673243,12526374
2014-09-12,42.501351,42.623229,42.174079,42.326102,35.395862,5628911
2014-09-15,42.428099,42.861693,42.38917,42.832244,35.823545,15465004
2014-09-16,42.865952,43.416227,42.687931,43.124982,36.069863,8363250
2014-09-17,42.997655,43.641264,42.904621,43.582034,36.45364,10279829
2014-09-18,43.499365,44.067685,43.47242,43.959959,36.77126,4109046
2014-09-19,44.045691,44.100701,43.798933,43.838775,36.671399,9979993
2014-09-22,43.850386,44.177387,43.632423,44.006582,36.816307,8399629
2014-09-23,44.051376,44.310926,43.680538,43.840387,36.678772,7336533
2014-09-24,43.795067,44.091636,43.722737,44.005666,36.818564,10195203
2014-09-25,43.95814,44.345061,43.866404,44.21826,36.997956,9788149
2014-09-26,44.139301,44.182822,44.028165,44.096868,36.897901,9316984
2014-09-29,44.156179,44.623602,44.132274,44.45923,37.20569,7740989
2014-09-30,44.429748,45.122746,44.228565,44.80414,37.495868,6659269
2014-10-01,44.758507,44.831178,44.410205,44.554085,37.288132,8509579
2014-10-02,44.363475,44.476911,44.255466,44.455986,37.207559,9290031
2014-10-03,44.592131,44.709317,44.396031,44.525224,37.267038,8749502
2014-10-06,44.418319,44.678256,44.336891,44.576884,37.314874,17738246
2014-10-07,44.629992,44.971117,44.555788,44.792874,37.497217,9925991
2014-10-08,44.665443,45.315238,44.443332,45.291692,37.916347,10295195
2014-10-09,45.286154,45.611228,45.097496,45.249826,37.882855,16250968
2014-10-10,45.274611,45.598027,45.224547,45.573273,38.155209,5596163
2014-10-13,45.759609,45.989345,45.601607,45.724462,38.286506,15613283
2014-10-14,45.604825,45.977001,45.556238,45.823477,38.37099,10371804
2014-10-15,45.673724,45.725145,45.626981,45.660582,38.236157,6457981
2014-10-16,45.798241,45.8861,45.504842,45.600385,38.187316,11178398
2014-10-17,45.545736,46.074585,45.410135,45.945978,38.478308,15027721
2014-10-20,45.825182,45.941203,45.738552,45.910449,38.45329,9732488
2014-10-21,46.008367,46.162144,45.498217,45.563359,38.164145,13937542
2014-10-22,45.586709,45.825759,45.494358,45.647095,38.235853,10198888
2014-10-23,45.68989,45.827644,45.165423,45.322683,37.965672,12992521
2014-10-24,45.381633,45.896044,45.258461,45.745297,38.321259,11058405
2014-10-27,45.834906,46.269773,45.546034,46.077088,38.603959,7183022
2014-10-28,45.919704,46.051632,45.577446,45.712678,38.300224,10564042
2014-10-29,45.794462,46.093627,45.75079,46.027033,38.56519,9456996
2014-10-30,45.910736,46.104815,45.69136,45.751724,38.336088,9667699
2014-10-31,45.753751,46.015366,45.639533,45.988034,38.535678,8339338
2014-11-03,45.979757,46.061776,45.841331,45.909234,38.474387,9434204
2014-11-04,45.779704,45.839233,45.474784,45.55382,38.1781,7279150
2014-11-05,45.411677,45.794263,45.140987,45.250241,37.925231,12282573
2014-11-06,45.294352,45.430974,44.707844,44.799074,37.54864,11311132
2014-11-07,44.774607,45.378774,44.705578,45.321319,37.987923,16558683
2014-11-10,45.295791,45.695784,45.254398,45.418987,38.074479,15738818
2014-11-11,45.39596,45.787334,45.321471,45.57468,38.206564,14866251
2014-11-12,45.680716,45.761756,45.191283,45.481359,38.129896,8895037
2014-11-13,45.354384,45.877993,45.278075,45.837723,38.430237,14168879
2014-11-14,45.746599,46.449578,45.533722,46.341725,38.854386,8837508
2014-11-17,46.224982,46.252947,45.985115,46.006662,38.578211,5225058
2014-11-18,45.957771,46.053691,45.734061,45.942019,38.525588,7925527
2014-11-19,46.007557,46.299523,45.87885,46.197523,38.741438,14472477
2014-11-20,46.380624,46.432474,46.01615,46.081607,38.645817,9291555
2014-11-21,46.212181,46.558586,46.120216,46.418876,38.930262,9021044
2014-11-24,46.430286,46.716209,46.212622,46.64593,39.125507,13447443
2014-11-25,46.533449,47.198511,46.360063,47.048628,39.4649,6002134
2014-11-26,47.084654,47.690429,46.974682,47.391194,39.753881,10406741
2014-11-28,47.302856,47.934807,47.040095,47.680108,39.999521,23358194
2014-12-01,47.603575,48.060659,47.549686,47.910148,40.197456,9267482
2014-12-02,47.869329,47.970291,47.299431,47.497356,39.852754,7305435
2014-12-03,47.398133,47.902197,46.96832,47.813453,40.119623,7354558
2014-12-04,47.697583,47.914731,47.574053,47.844165,40.147041,10834810
2014-12-05,47.793314,48.075079,47.646019,48.029981,40.304619,8939787
2014-12-08,48.10198,48.340058,47.940106,48.282437,40.521461,11319286
2014-12-09,48.348209,48.495901,47.698893,47.87073,40.177582,9984129
2014-12-10,47.732509,47.832667,46.800079,47.012522,39.458914,11124082
2014-12-11,47.085684,47.555356,46.984185,47.393445,39.780267,10244059
2014-12-12,46.989565,47.448285,46.970535,47.346541,39.74253,7518775
2014-12-15,47.361303,47.69007,46.689235,46.907413,39.378779,13047633
2014-12-16,46.747376,46.913448,46.184458,46.546288,39.077219,14580006
2014-12-17,46.89552,47.122616,45.995328,46.089739,38.69552,6840476
2014-12-18,46.059662,46.278978,45.29219,45.409288,38.1258,8790272
2014-12-19,45.595627,45.798799,44.622441,44.640551,37.481905,18245068
2014-12-22,44.357424,44.506016,44.166236,44.366178,37.25612,12019808
2014-12-23,44.555587,44.577539,44.112144,44.390021,37.277673,9382420
2014-12-24,44.19222,44.257274,43.184776,43.560252,36.582355,5261633
2014-12-26,43.572008,44.182028,42.907971,43.444183,36.487876,7337409
2014-12-29,43.528279,43.82198,42.81,43.066429,36.175065,8864761
2014-12-30,43.430295,43.704145,42.705772,42.926524,36.059028,9605270
2014-12-31,42.936768,43.451425,42.618271,43.243985,36.327192,5259093
2015-01-02,43.296371,43.364866,42.697765,42.723258,35.892703,6720676
2015-01-05,42.956833,43.181545,41.996839,42.362493,35.594002,6836957
2015-01-06,42.332676,42.792265,42.148128,42.399862,35.626863,6585768
2015-01-07,42.178259,42.764515,42.066573,42.687142,35.869726,11837132
2015-01-08,42.79211,43.765735,42.76146,43.725273,36.74357,9233539
2015-01-09,43.744478,44.130834,43.702336,44.099362,37.059448,5622382
2015-01-12,44.109255,44.301717,43.723171,43.978151,36.962141,8135149
2015-01-13,44.005348,44.228274,42.928191,42.993993,36.136474,11945339
2015-01-14,43.211052,44.007792,42.164862,42.23403,35.499183,7960586
2015-01-15,42.002738,42.475774,41.961065,42.318347,35.571515,5391206
2015-01-16,42.482255,43.062491,42.383838,42.709477,35.901761,13121202
2015-01-20,42.567615,42.622465,42.408465,42.525799,35.753233,10720811
2015-01-21,42.793355,42.844589,42.255468,42.345542,35.603145,14443248
2015-01-22,42.263342,42.803258,42.075837,42.713064,35.913624,10951609
2015-01-23,42.946845,43.172005,41.840128,42.053268,35.360313,6084044
2015-01-26,42.15519,42.891149,42.076668,42.699605,35.908206,14444247
2015-01-27,42.526761,42.722527,42.056378,42.48385,35.728234,10375134
2015-01-28,42.510108,42.853719,41.697183,42.024788,35.343622,5346937
2015-01-29,42.07616,42.967152,41.952566,42.573057,35.806197,7896881
2015-01-30,42.555815,42.95271,42.507752,42.681723,35.899065,9808553
2015-02-02,42.697715,43.442321,42.66334,43.278702,36.405662,7337789
2015-02-03,43.133532,43.796332,42.885476,43.295703,36.421458,9356280
2015-02-04,43.331694,43.353031,43.037794,43.124952,36.279308,7389659
2015-02-05,43.034582,43.853447,42.561663,43.761749,36.816532,14548350
2015-02-06,43.594652,44.030952,43.573704,43.97074,36.993874,12359933
2015-02-09,43.797851,44.161081,43.673625,43.828052,36.87837,8445267
2015-02-10,43.814586,44.020723,43.434895,43.901292,36.941514,9566419
2015-02-11,43.616071,43.741592,42.929819,43.179332,36.3355,6906057
2015-02-12,43.386278,43.510701,43.265369,43.417196,36.537164,9561101
2015-02-13,43.285146,44.60402,43.165863,44.37461,37.344396,14366909
2015-02-17,44.417462,44.743388,44.237885,44.558428,37.505252,11502057
2015-02-18,44.42976,44.660119,43.763685,43.784907,36.855686,10352861
2015-02-19,43.727452,44.690712,43.327895,44.388653,37.36542,11862080
2015-02-20,44.49264,44.51769,44.181701,44.389066,37.367303,6667584
2015-02-23,44.307826,44.596185,44.235111,44.551082,37.50831,6526829
2015-02-24,44.558266,44.630926,43.966803,44.031845,37.072678,16072772
2015-02-25,44.060742,44.684425,43.865437,44.515687,37.481589,11914270
2015-02-26,44.587743,44.626512,44.525003,44.561367,37.521592,9800386
2015-02-27,44.464093,44.598718,43.696586,43.88848,36.956525,7738159
2015-03-02,43.735785,44.11124,43.577143,43.898488,36.969506,7410698
2015-03-03,43.888337,44.059163,43.310412,43.5087,36.642748,16335867
2015-03-04,43.370505,43.963326,43.32929,43.804554,36.893429,9361271
2015-03-05,43.945163,44.350414,43.898845,44.262668,37.280797,8361281
2015-03-06,44.152763,44.331948,44.075779,44.244139,37.266721,10408302
2015-03-09,44.099776,44.646014,43.850732,44.30833,37.325388,9316758
2015-03-10,44.074678,44.25314,43.869793,44.17298,37.212897,5308322
2015-03-11,44.320382,44.523102,44.257117,44.351758,37.36504,9874504
2015-03-12,44.450544,44.515565,43.503066,43.757178,36.865638,9903520
2015-03-13,43.906237,43.998109,43.101825,43.285856,36.470044,8560690
2015-03-16,43.050784,43.177336,42.937623,43.000713,36.234264,8597259
2015-03-17,43.096545,43.212035,42.982261,43.033961,36.26377,15904468
2015-03-18,43.166373,43.331787,42.59876,42.678645,35.96583,7354628
2015-03-19,42.436381,42.513307,42.019269,42.22413,35.584266,8824028
2015-03-20,42.273199,42.355803,41.743162,41.880004,35.295704,7651524
2015-03-23,41.894892,42.137365,41.861272,42.070336,35.460481,10065918
2015-03-24,41.989466,42.578645,41.850054,42.066521,35.458721,6609434
2015-03-25,42.072184,42.518492,41.841761,42.342654,35.692946,6566614
2015-03-26,42.482962,42.593004,42.364634,42.531946,35.853982,5834385
2015-03-27,42.449145,42.763846,42.259097,42.631594,35.939461,8963829
2015-03-30,42.463795,42.690346,42.433779,42.608449,35.924374,8415089
2015-03-31,42.763518,42.811148,42.227173,42.359808,35.716205,10033431
2015-04-01,42.317451,42.561753,41.848049,41.925502,35.351467,9792526
2015-04-02,42.014482,42.173794,41.6897,41.787121,35.236231,9382941
2015-04-06,41.682017,42.251503,41.66264,42.199393,35.589718,10151555
2015-04-07,42.413361,42.438067,41.641148,41.956513,35.386333,9133669
2015-04-08,42.023251,42.376063,41.902047,42.044714,35.462178,9092492
2015-04-09,42.222408,42.272989,42.059348,42.100027,35.51029,8236877
2015-04-10,42.121096,42.460576,41.894298,42.325033,35.701543,11821286
2015-04-13,42.535946,42.700518,42.042589,42.152074,35.560031,11377166
2015-04-14,42.256572,42.30863,41.896432,42.007052,35.439144,9994436
2015-04-15,42.166791,42.249958,42.038818,42.186263,35.591797,7146103
2015-04-16,42.271438,42.351212,41.972052,42.141313,35.555333,8255600
2015-04-17,42.236175,42.273203,41.80276,41.917277,35.367763,13179427
2015-04-20,41.99195,42.08382,41.900834,41.984311,35.428688,7415127
2015-04-21,41.934041,42.111053,41.886639,42.060772,35.494667,9464665
2015-04-22,42.10947,42.557631,42.075604,42.353253,35.742957,8678747
2015-04-23,42.454087,42.778345,42.374156,42.54654,35.907551,11109752
2015-04-24,42.545976,42.847532,42.495436,42.816131,36.136559,4867405
2015-04-27,42.805761,43.301404,42.691435,43.150658,36.423385,7924403
2015-04-28,43.216097,43.457141,42.994028,43.345135,36.589045,7524169
2015-04-29,43.39411,43.526807,43.325447,43.362349,36.60508,9498509
2015-04-30,43.359785,43.908814,43.31738,43.804539,36.97988,7630557
2015-05-01,43.92287,44.042301,43.332098,43.356359,36.603029,6299654
2015-05-04,43.234561,43.49336,43.076648,43.433957,36.673058,11757275
2015-05-05,43.345605,44.224769,43.293055,44.157511,37.285515,9631044
2015-05-06,44.2491,44.31847,43.818801,43.855185,37.03176,9049860
2015-05-07,43.918263,44.022102,43.755116,43.872242,37.047684,12467473
2015-05-08,43.941679,44.143657,43.864181,44.107894,37.248209,5088654
2015-05-11,44.186965,44.336242,44.018109,44.1023,37.248074,11577965
2015-05-12,44.133549,44.212507,43.633577,43.772226,36.970817,10342601
2015-05-13,43.799304,44.021475,43.722876,43.927407,37.103409,7952842
2015-05-14,43.766777,44.060221,43.632121,43.979517,37.14895,8130815
2015-05-15,43.944003,44.292823,43.624409,43.993282,37.162103,7210987
2015-05-18,44.017825,44.146409,43.751913,44.082517,37.24207,8641337
2015-05-19,44.122437,44.270313,43.827763,44.218055,37.358111,8861615
2015-05-20,44.227476,44.658566,44.139092,44.521123,37.615706,11215101
2015-05-21,44.470449,44.695084,44.190067,44.246356,37.385091,13411414
2015-05-22,44.253066,44.608582,44.111183,44.455058,37.562972,6012601
2015-05-26,44.386547,44.598675,44.365694,44.497053,37.604633,9666635
2015-05-27,44.720521,44.938551,44.075471,44.235508,37.385136,6365905
2015-05-28,44.30239,44.445406,44.095721,44.124297,37.292679,7917224
2015-05-29,44.262779,44.376825,44.219488,44.259696,37.408651,11710017
2015-06-01,44.356282,44.379802,44.091452,44.238636,37.395458,11946980
2015-06-02,44.331342,44.440405,44.176059,44.262347,37.417037,5690759
2015-06-03,44.313429,44.388198,44.253555,44.357669,37.499158,7386102
2015-06-04,44.444052,44.497916,44.421082,44.478861,37.603155,9928904
2015-06-05,44.596925,44.704979,44.304003,44.415672,37.551276,7160379
2015-06-08,44.331206,44.486647,44.234135,44.394338,37.537864,11229333
2015-06-09,44.413155,44.692021,44.292546,44.662883,37.766485,10428183
2015-06-10,44.725863,44.847024,44.466084,44.668549,37.772827,10811715
2015-06-11,44.608946,44.850595,44.403347,44.676688,37.781261,9985992
2015-06-12,44.616423,45.293003,44.590183,45.049309,38.097936,8309120
2015-06-15,45.188553,45.389319,44.373835,44.428084,37.577199,19034140
2015-06-16,44.476753,44.617616,44.078561,44.112674,37.311958,7839554
2015-06-17,43.865348,44.203966,43.820117,44.086754,37.291565,8542216
2015-06-18,44.081735,44.133411,43.962744,44.066543,37.276001,11902791
2015-06-19,44.177267,44.475666,44.118694,44.361706,37.527221,11872187
2015-06-22,44.386964,44.562253,44.317599,44.415251,37.577146,14786042
2015-06-23,44.286241,44.586074,44.19247,44.506006,37.655475,6872426
2015-06-24,44.431022,44.585002,43.813606,44.00367,37.231989,8216587
2015-06-25,43.995071,44.605571,43.680035,44.50636,37.658867,6321130
2015-06-26,44.357548,45.03937,44.314395,44.894517,37.988865,11183652
2015-06-29,44.96483,45.139101,44.844972,44.973762,38.060609,5847501
2015-06-30,45.116489,45.669721,45.025902,45.394629,38.41836,9202889
2015-07-01,45.340214,45.459665,44.807717,45.021434,38.104083,14179521
2015-07-02,45.048773,45.245257,44.984699,45.02698,38.110342,10949031
2015-07-06,45.120867,45.220305,44.578573,44.638533,37.787771,10281176
2015-07-07,44.779359,44.807969,43.93352,44.142238,37.369179,7413284
2015-07-08,44.1882,44.36843,43.895431,44.318491,37.519929,8969658
2015-07-09,44.391269,44.596974,43.611912,43.760474,37.049034,7789338
2015-07-10,43.681163,43.828498,43.514868,43.53785,36.862067,9871771
2015-07-13,43.654442,44.119614,43.601206,44.058253,37.307272,11776836
2015-07-14,44.005514,44.448572,43.877734,44.381738,37.582733,8118627
2015-07-15,44.256563,44.82023,44.100765,44.716002,37.867345,13164979
2015-07-16,44.851607,44.948651,44.387617,44.43667,37.63234,11167002
2015-07-17,44.260799,44.915148,44.14753,44.688429,37.847104,9695392
2015-07-20,44.560472,44.730707,44.099022,44.206676,37.443714,6049172
2015-07-21,44.189337,44.726549,44.167701,44.471624,37.669677,5172905
2015-07-22,44.669707,44.701571,44.581364,44.601036,37.780846,9900123
2015-07-23,44.604096,45.180666,44.405379,45.092745,38.198934,9782977
2015-07-24,45.037776,45.483652,44.83069,44.972305,38.098471,8055476
2015-07-27,44.882561,45.377407,44.646156,45.272485,38.357496,9693510
2015-07-28,45.412377,45.579557,44.841205,44.907756,38.050039,11564352
2015-07-29,44.769416,44.909448,44.610384,44.706175,37.880796,18173443
2015-07-30,44.623183,44.669584,44.423596,44.496157,37.704391,11085566
2015-07-31,44.615135,44.726768,44.357981,44.548617,37.750393,8342993
2015-08-03,44.681796,44.830899,44.503399,44.715718,37.896663,13720278
2015-08-04,44.552401,45.006009,44.497105,44.920549,38.071821,13078129
2015-08-05,44.964835,45.022615,44.48229,44.65661,37.849678,6869843
2015-08-06,44.775814,44.806459,44.565889,44.781753,37.957304,5494269
2015-08-07,44.823333,45.110239,44.687427,45.084834,38.215767,10979371
2015-08-10,45.074453,45.286695,44.902761,45.218605,38.333879,8255956
2015-08-11,45.182909,45.248648,44.896008,44.994483,38.145448,9005860
2015-08-12,44.787759,44.831675,44.662684,44.77423,37.96028,11407424
2015-08-13,44.614256,45.73404,44.468426,45.665702,38.717673,6690688
2015-08-14,45.709712,45.989114,44.763184,44.933832,38.098722,9367849
2015-08-17,44.691251,45.520455,44.543434,45.16313,38.297859,8151657
2015-08-18,45.146635,45.680751,45.110456,45.593001,38.663973,7943929
2015-08-19,45.551,45.663147,44.836893,44.893826,38.072619,4120310
2015-08-20,44.812325,45.414322,44.7137,45.341293,38.453676,11530390
2015-08-21,45.595287,45.729628,44.897199,45.118454,38.26626,5878923
2015-08-24,45.342982,45.37023,44.876056,45.15377,38.300931,9636619
2015-08-25,45.218087,45.475118,45.097071,45.224418,38.362431,8235706
2015-08-26,45.247781,45.348278,44.550836,44.720886,37.93686,7836527
2015-08-27,44.862066,44.880085,43.92054,44.154145,37.45763,10061284
2015-08-28,43.967245,44.190149,43.229477,43.450173,36.861937,6784917
2015-08-31,43.25023,43.3338,43.021432,43.136422,36.600269,9692746
2015-09-01,43.059882,43.417061,42.753393,43.254501,36.701963,10983776
2015-09-02,43.03336,43.818784,42.855095,43.511662,36.921684,6090696
2015-09-03,43.348332,44.57744,43.291621,44.53043,37.787708,15294217
2015-09-04,44.58785,44.776087,44.091488,44.384232,37.665194,5754774
2015-09-08,44.473173,44.68762,44.053279,44.222988,37.534524,10556321
2015-09-09,44.136501,44.604265,44.034426,44.15802,37.480922,9661527
2015-09-10,44.217962,44.301574,43.706585,43.81431,37.190711,9844315
2015-09-11,43.795041,44.112603,43.420874,43.612654,37.021061,10404110
2015-09-14,43.521718,43.563425,43.364203,43.507983,36.93676,11243596
2015-09-15,43.566908,43.624122,42.825082,42.88317,36.407811,9619960
2015-09-16,42.816048,42.888865,42.743304,42.853281,36.383929,6871900
2015-09-17,42.89029,43.318617,42.804977,43.035598,36.540223,7640660
2015-09-18,43.087492,43.558795,42.979754,43.374734,36.829686,8586391
2015-09-21,43.499347,44.202473,43.330123,44.122748,37.469444,14713062
2015-09-22,44.217695,44.464692,43.926602,44.301415,37.622715,12412585
2015-09-23,44.20995,44.253036,43.769613,43.964455,37.338087,10787881
2015-09-24,43.91402,43.952703,43.144206,43.34149,36.810528,9661705
2015-09-25,43.389831,43.665584,42.926563,43.194923,36.687553,4990229
2015-09-28,43.235489,43.655673,43.176684,43.568027,37.009008,7157657
2015-09-29,43.551626,44.529384,43.373492,44.390753,37.709424,8506174
2015-09-30,44.239756,44.325104,44.080416,44.108514,37.471204,6824882
2015-10-01,44.162677,44.364671,43.243896,43.302457,36.78795,10907728
2015-10-02,43.201449,43.272128,43.018667,43.096985,36.614894,7901304
2015-10-05,43.151473,43.373439,42.797722,43.023026,36.556563,11442040
2015-10-06,43.075545,43.238695,42.878354,42.947858,36.494191,9042698
2015-10-07,42.912985,43.469584,42.615507,43.216421,36.723906,5963378
2015-10-08,43.062729,43.95905,42.878391,43.738378,37.168975,10978791
2015-10-09,43.620323,43.925088,43.578973,43.818664,37.238731,12512117
2015-10-12,43.874958,43.942176,43.350432,43.498829,36.971478,8419510
2015-10-13,43.142746,43.821484,43.08298,43.7467,37.183681,9012369
2015-10-14,43.958056,44.178668,43.681084,44.036128,37.431225,8923179
2015-10-15,44.128102,44.201898,43.699041,43.743969,37.184414,5413793
2015-10-16,43.583072,44.649904,43.503147,44.381861,37.728201,2182678
2015-10-19,44.428383,44.592885,44.097621,44.258001,37.627546,10330887
2015-10-20,44.334965,44.649807,44.091612,44.184659,37.566734,10364917
2015-10-21,44.137737,44.628506,44.028008,44.59598,37.918005,9112676
2015-10-22,44.372088,44.747845,44.223972,44.649012,37.964655,7957367
2015-10-23,44.721863,45.083148,44.637057,44.803782,38.097819,11826422
2015-10-26,44.817301,45.410107,44.758464,45.035552,38.299618,5612895
2015-10-27,44.919403,45.151222,44.760869,45.046398,38.310415,8772966
2015-10-28,45.040497,45.78119,45.012056,45.594632,38.778261,7899202
2015-10-29,45.477654,45.65166,45.335085,45.574982,38.76314,9518867
2015-10-30,45.478427,45.857257,45.070003,45.591953,38.779167,3559837
2015-11-02,45.626125,45.884837,45.122528,45.246458,38.490042,7993582
2015-11-03,45.433414,45.657568,45.203936,45.308851,38.544701,11544095
2015-11-04,45.21424,46.472953,45.137362,46.048666,39.175678,10002329
2015-11-05,46.120148,46.277003,45.599335,45.727624,38.90415,7168356
2015-11-06,45.771451,46.279964,45.668535,46.18998,39.299128,7604242
2015-11-09,46.07232,46.286714,45.978267,46.099829,39.227258,9459765
2015-11-10,46.028158,46.1151,45.931977,45.971319,39.119513,7648484
2015-11-11,46.197181,46.499783,46.134401,46.39446,39.481208,12626036
2015-11-12,46.446385,46.718539,46.367324,46.638084,39.69016,5099519
2015-11-13,46.795031,47.032949,46.361977,46.719464,39.761049,8693293
2015-11-16,46.856545,46.974682,46.007307,46.190898,39.316052,11409522
2015-11-17,46.153135,46.178066,46.064426,46.108765,39.247754,4322118
2015-11-18,45.984487,47.196926,45.960558,47.136321,40.124058,13346861
2015-11-19,47.350482,47.507763,46.795466,46.933586,39.953123,9898392
2015-11-20,47.209916,47.455693,46.699881,46.927238,39.949359,9612128
2015-11-23,46.716104,47.621489,46.691486,47.274872,40.250261,10282379
2015-11-24,47.186948,47.656673,46.940917,47.621295,40.546873,7402287
2015-11-25,47.549525,48.476928,47.359769,48.3842,41.198137,10547315
2015-11-27,48.81409,49.087479,48.740694,48.87563,41.619997,8975053
2015-11-30,49.228986,49.531065,48.851223,48.876884,41.626193,11635563
2015-12-01,48.855771,49.278455,48.652386,49.040788,41.767498,7746447
2015-12-02,49.05577,49.305947,47.800995,47.853191,40.757709,8553653
2015-12-03,47.942232,48.005178,46.83352,47.195436,40.199134,7280445
2015-12-04,47.173006,47.368945,46.841796,47.251157,40.248248,6902965
2015-12-07,47.338461,47.962862,46.936836,47.785565,40.708468,8726217
2015-12-08,47.998071,48.396831,47.480477,47.547455,40.507286,6966217
2015-12-09,47.348905,47.602169,47.119565,47.442075,40.419169,13033498
2015-12-10,47.319769,48.652141,46.966672,48.280079,41.134812,7474096
2015-12-11,48.441547,48.48262,47.775796,47.816291,40.741335,9760627
2015-12-14,47.564194,48.273792,47.29262,48.234098,41.102387,6186409
2015-12-15,48.241264,48.952587,48.177792,48.541952,41.366422,11867129
2015-12-16,48.598189,49.049412,48.141963,48.195089,41.072519,11033281
2015-12-17,48.298627,48.720523,47.68642,47.837953,40.769837,12970514
2015-12-18,47.763473,48.223058,47.459745,47.564452,40.538411,10287534
2015-12-21,47.609649,47.725779,47.09297,47.21098,40.242111,9396649
2015-12-22,47.044238,47.40447,46.937025,47.327928,40.343452,9857708
2015-12-23,47.385473,48.031883,47.038481,47.87105,40.808099,9157419
2015-12-24,47.968616,48.11931,47.509834,47.622012,40.597471,5835318
2015-12-28,47.859494,48.111753,47.607944,47.703301,40.67345,10828961
2015-12-29,47.783438,48.053923,47.661876,47.798791,40.756542,13060723
2015-12-30,47.744244,48.131696,47.628664,48.088077,41.004891,8934130
2015-12-31,48.249942,48.317812,48.139463,48.220402,41.119414,7244645
2016-01-04,48.255935,48.476601,48.108295,48.269694,41.168209,11363285
2016-01-05,48.347279,48.66723,48.160026,48.228285,41.134582,9542721
2016-01-06,48.302112,49.100323,48.279623,49.06205,41.84743,10971739
2016-01-07,48.795206,49.147642,48.659196,49.000361,41.796529,5914880
2016-01-08,49.072191,49.140992,48.863335,48.905624,41.717433,10502055
2016-01-11,48.79255,49.243485,48.590982,48.95158,41.761779,6036856
2016-01-12,48.803088,48.839456,48.38848,48.434059,41.321967,14096736
2016-01-13,48.555649,48.641016,48.231766,48.450377,41.337585,7743093
2016-01-14,48.366577,48.632243,48.127729,48.232412,41.153309,11326876
2016-01-15,47.99582,48.73721,47.880527,48.441163,41.333119,12038640
2016-01-19,48.313864,48.480932,48.153148,48.203062,41.136713,15397599
2016-01-20,48.111029,48.788999,47.960836,48.76433,41.617411,9178196
2016-01-21,48.479694,49.188734,48.380649,48.956454,41.783093,8804488
2016-01-22,48.849291,49.032795,48.790674,48.966941,41.79376,11010006
2016-01-25,49.078972,49.341966,48.985464,49.211351,42.007541,11868581
2016-01-26,49.304848,49.445859,48.5257,48.724886,41.593996,5669798
2016-01-27,48.727626,48.882947,48.619916,48.716754,41.588762,10479973
2016-01-28,48.737785,48.968511,48.672444,48.722116,41.595047,6101722
2016-01-29,48.817105,49.387156,48.76166,49.293828,42.084858,11758050
2016-02-01,49.309486,49.367997,48.688031,48.924181,41.774416,6345132
2016-02-02,49.011705,49.151594,48.615701,48.755004,41.631672,9099447
2016-02-03,49.013513,49.112375,48.353002,48.589596,41.492135,12417708
2016-02-04,48.592664,48.925082,48.432907,48.859337,41.724188,8029856
2016-02-05,49.024966,49.134439,48.810356,48.909139,41.768433,15018078
2016-02-08,48.905036,48.935747,47.784521,48.222584,41.187189,4882242
2016-02-09,48.11168,48.388449,47.952969,48.096623,41.081292,8816814
2016-02-10,48.019146,48.061028,47.696623,47.863555,40.883898,14106939
2016-02-11,47.931025,48.156021,47.863635,48.006361,41.007564,11379491
2016-02-12,47.995876,48.335955,47.954987,48.242012,41.210552,12385874
2016-02-16,48.219469,48.631546,48.145783,48.480648,41.421209,13044088
2016-02-17,48.473925,48.954783,48.295029,48.598085,41.52325,5227268
2016-02-18,48.485369,48.516222,48.244197,48.446336,41.395293,8749896
2016-02-19,48.366851,48.760477,48.217245,48.490532,41.434759,10529154
2016-02-22,48.430404,48.719545,48.351146,48.672782,41.595613,10086180
2016-02-23,48.80234,49.097826,48.707507,49.029984,41.902598,7749244
2016-02-24,49.060578,49.147414,48.581919,48.715909,41.63589,14560070
2016-02-25,48.736521,49.0283,48.655096,49.001142,41.881389,10714480
2016-02-26,48.870315,48.927004,48.814322,48.841059,41.74628,10318718
2016-02-29,48.888469,49.21294,48.578602,49.098759,41.971717,4919355
2016-03-01,49.015996,49.358514,48.901056,49.24222,42.096082,5301145
2016-03-02,49.43248,49.49355,48.487077,48.58972,41.53998,11842099
2016-03-03,48.711816,48.752344,48.367769,48.435438,41.409783,6217075
2016-03-04,48.400828,48.859145,48.282719,48.662055,41.605237,6241031
2016-03-07,48.434481,48.720208,48.250122,48.306145,41.306029,6360642
2016-03-08,48.270047,48.539497,48.237497,48.333561,41.33117,16146153
2016-03-09,48.29197,48.54307,48.077469,48.517535,41.490193,15506323
2016-03-10,48.413334,48.724221,48.293822,48.558127,41.526612,12523880
2016-03-11,48.495737,48.646395,48.109327,48.20053,41.22249,8584028
2016-03-14,48.192104,48.390742,47.708119,47.968772,41.029338,6686685
2016-03-15,47.956835,48.076191,47.793915,47.952012,41.016687,12191136
2016-03-16,48.035362,48.172312,47.77807,47.969061,41.032956,13195847
2016-03-17,47.951229,48.108814,47.758892,48.044194,41.098913,15418978
2016-03-18,48.05786,48.231846,48.026243,48.149689,41.190849,7802258
2016-03-21,48.162705,48.825108,48.060011,48.718523,41.682607,12381294
2016-03-22,48.800266,48.935363,48.528825,48.661789,41.635777,7640628
2016-03-23,48.659955,48.735599,48.562973,48.638367,41.617446,6407623
2016-03-24,48.606522,48.69114,48.038055,48.395338,41.411198,7296821
2016-03-28,48.495299,48.571677,47.629869,47.732411,40.850651,12131166
2016-03-29,47.912267,48.105213,47.586271,47.845313,40.948957,9694224
2016-03-30,47.889114,48.010094,47.675682,47.906995,41.003433,5171369
2016-03-31,47.823547,48.156146,46.636858,46.875698,40.122397,6372438
2016-04-01,46.856756,47.350663,46.639719,47.22424,40.422384,8294595
2016-04-04,47.08611,47.542689,46.992384,47.330091,40.517981,9281567
2016-04-05,47.109581,47.430672,47.04482,47.370873,40.554559,6818202
2016-04-06,47.593917,47.754748,47.441641,47.471859,40.642683,7497018
2016-04-07,47.557367,47.89632,47.386574,47.498913,40.667516,5665394
2016-04-08,47.424242,47.556955,47.382939,47.488501,40.66027,5064574
2016-04-11,47.52612,47.625791,47.301268,47.416917,40.603981,15281933
2016-04-12,47.600961,47.649871,46.792762,46.955479,40.210495,13173475
2016-04-13,47.14916,47.383946,46.308962,46.451393,39.780453,6745282
2016-04-14,46.253318,46.970132,46.118387,46.929661,40.191687,12650666
2016-04-15,46.636049,47.305973,46.568474,46.933018,40.196213,6559434
2016-04-18,46.966943,47.417654,45.967278,46.248372,39.614722,6295648
2016-04-19,46.074238,46.168759,45.358799,45.499981,38.975277,8305042
2016-04-20,45.461222,45.689789,45.157162,45.259402,38.770789,5628050
2016-04-21,45.122134,45.231628,44.440209,44.686925,38.281958,12653863
2016-04-22,44.8043,44.975031,44.563911,44.927159,38.489339,6881580
2016-04-25,45.127821,45.487689,44.795277,44.97765,38.537343,5743945
2016-04-26,45.353181,45.607315,45.20751,45.37774,38.881741,12027108
2016-04-27,45.45278,45.650761,45.04268,45.208242,38.738098,7417456
2016-04-28,45.278947,45.485414,45.060573,45.146893,38.687118,9081557
2016-04-29,45.18515,45.368189,44.960504,45.026433,38.585478,3787822
2016-05-02,44.721197,45.562649,44.450551,45.281203,38.808585,8082907
2016-05-03,45.537969,45.563638,44.967529,45.138626,38.687978,14189397
2016-05-04,45.074629,45.179655,44.805869,44.857838,38.448895,10625032
2016-05-05,45.08776,45.813982,45.019603,45.564576,39.056264,10010305
2016-05-06,45.735848,45.801129,45.288109,45.627185,39.111536,14600903
2016-05-09,45.711469,45.77742,45.287317,45.365041,38.891618,14049827
2016-05-10,45.104171,46.208398,44.994965,46.072894,39.500085,16669695
2016-05-11,46.120618,46.324539,45.904009,45.966828,39.410769,8429653
2016-05-12,45.72999,46.157045,45.656529,46.096253,39.523358,9936289
2016-05-13,45.71942,46.497434,45.555098,46.25126,39.657891,8413375
2016-05-16,46.047259,46.389268,45.944199,46.363719,39.759216,18188383
2016-05-17,46.591654,47.228637,46.157535,46.950905,40.264411,9182923
2016-05-18,46.619109,47.435597,46.33399,47.150875,40.437563,9963579
2016-05-19,47.119758,47.25705,46.757166,46.904784,40.228162,9154866
2016-05-20,46.832997,46.891425,46.261253,46.394217,39.791906,8403151
2016-05-23,46.481061,46.759941,46.374273,46.577595,39.95411,11259523
2016-05-24,46.572964,47.227038,46.305556,47.125216,40.425518,14476361
2016-05-25,47.075278,47.967458,46.792402,47.935162,41.122004,16137361
2016-05-26,47.895335,48.068351,47.398899,47.671657,40.897631,9020295
2016-05-27,47.59328,47.685352,47.092883,47.187004,40.483509,8888050
2016-05-31,47.410997,47.873704,46.136146,46.256227,39.691479,8017686
2016-06-01,46.375857,47.267191,46.311001,46.846835,40.199919,9561493
2016-06-02,46.496533,47.455712,46.393498,47.336806,40.622037,11370911
2016-06-03,47.255114,47.42449,46.830023,47.348849,40.634041,8406218
2016-06-06,47.072108,47.21743,46.876474,46.934119,40.283089,8155539
2016-06-07,47.03301,47.271331,46.451689,46.862401,40.223186,7583404
2016-06-08,46.847265,46.907836,46.510586,46.628942,40.024446,6528238
2016-06-09,46.632424,47.194785,46.588757,46.783853,40.159064,14501360
2016-06-10,46.911033,47.089786,46.873245,47.043869,40.38392,10899057
2016-06-13,47.037511,47.228094,46.945742,47.208879,40.530563,9531663
2016-06-14,47.373322,47.554917,46.923801,47.165698,40.495153,9162316
2016-06-15,47.125377,47.389632,47.033597,47.327506,40.635746,7579508
2016-06-16,47.29082,47.51053,47.17582,47.343923,40.651511,8140522
2016-06-17,47.507376,47.606145,47.015508,47.177696,40.510445,14865295
2016-06-20,47.065051,47.665304,47.017237,47.592888,40.871996,6385465
2016-06-21,47.662038,48.064791,47.628959,47.989452,41.214252,8041546
2016-06-22,48.085847,48.311287,47.962098,48.119571,41.327698,11922730
2016-06-23,48.076601,48.71595,48.046076,48.516227,41.670079,6753703
2016-06-24,48.453666,48.827693,48.400948,48.790824,41.907648,10912237
2016-06-27,48.886192,48.939009,48.218364,48.49206,41.656164,6091103
2016-06-28,48.785285,49.034012,48.257717,48.413441,41.590336,16596487
2016-06-29,48.454043,49.266638,48.324835,49.150741,42.225459,8256773
2016-06-30,49.435954,49.724421,48.628637,48.74163,41.875711,11715538
2016-07-01,48.541094,49.328843,48.491092,49.105629,42.190168,10417170
2016-07-05,48.878152,49.183089,48.5693,48.767544,41.906579,10021047
2016-07-06,48.916348,49.308082,48.419493,48.759628,41.901497,8049524
2016-07-07,48.797544,49.185565,48.564885,48.686006,41.839949,5881438
2016-07-08,48.540284,49.205363,48.383749,48.782819,41.92487,8782474
2016-07-11,48.721738,49.049907,48.66828,48.909723,42.039113,10340285
2016-07-12,48.829152,49.053764,48.447779,48.873633,42.009817,9593242
2016-07-13,48.773703,48.853775,48.187562,48.394066,41.59931,9993132
2016-07-14,48.292076,48.785871,47.927929,48.737651,41.896374,11062242
2016-07-15,49.163465,49.326418,48.117619,48.167262,41.407751,6708641
2016-07-18,48.171962,49.210052,47.99427,48.882331,42.027648,9684872
2016-07-19,48.962734,49.788002,48.777882,49.613032,42.657636,6364827
2016-07-20,49.337885,49.765162,48.934664,49.650825,42.691884,6874224
2016-07-21,49.715047,50.519545,49.491016,50.295912,43.248334,12883693
2016-07-22,50.436653,50.793473,49.908198,50.271527,43.229141,14320397
2016-07-25,50.383896,51.203033,50.146642,50.636211,43.548102,6327703
2016-07-26,50.669579,51.241032,50.227642,51.070249,43.923188,6985795
2016-07-27,51.24198,51.399377,50.168879,50.373521,43.325743,15013620
2016-07-28,50.53956,50.635421,50.380341,50.485555,43.423885,6055755
2016-07-29,50.605633,51.066166,50.475829,50.747281,43.650795,6308296
2016-08-01,50.807763,51.423418,50.627601,51.080127,43.94251,9209325
2016-08-02,50.977954,51.617032,50.881924,51.578168,44.372779,12835586
2016-08-03,51.556793,51.67476,51.315891,51.59866,44.392232,7330965
2016-08-04,51.641863,51.802917,51.384858,51.506948,44.315148,10841371
2016-08-05,51.284853,51.691489,51.219153,51.416644,44.23927,7581069
2016-08-08,51.631303,51.777025,50.365243,50.671595,43.603596,10943451
2016-08-09,50.880774,51.639003,50.77876,51.533658,44.347234,7362132
2016-08-10,51.312968,51.501244,50.912505,51.144004,44.013725,12480171
2016-08-11,50.957854,51.774446,50.688012,51.545152,44.360768,6792023
2016-08-12,51.579178,52.151992,51.515988,51.898476,44.666681,11292317
2016-08-15,51.849114,52.244209,51.733317,51.756082,44.549617,6174139
2016-08-16,51.446417,51.665388,50.852961,51.154637,44.033725,7617942
2016-08-17,51.294952,51.794025,51.116983,51.546906,44.373211,13831862
2016-08-18,51.534553,51.606179,51.227668,51.569479,44.394466,7076844
2016-08-19,51.633609,51.705048,50.659732,51.087364,43.981235,10083453
2016-08-22,51.088496,51.738657,50.85391,51.47812,44.323098,8898433
2016-08-23,51.645234,51.782105,50.417032,50.915947,43.840863,7921261
2016-08-24,50.642872,51.614075,50.60689,51.035713,43.945791,14658528
2016-08-25,51.151706,51.275846,50.87154,50.990325,43.908511,9808506
2016-08-26,51.067015,51.098944,50.071908,50.214454,43.242174,8700175
2016-08-29,50.237924,50.429584,49.719509,50.11315,43.160253,9596833
2016-08-30,50.022943,50.294444,49.262902,49.521211,42.652194,10222210
2016-08-31,49.470115,49.507108,49.016459,49.104041,42.294625,9433117
2016-09-01,48.97342,49.257284,48.608326,49.11969,42.309842,6015069
2016-09-02,49.455315,49.765266,49.152561,49.486063,42.627172,6524521
2016-09-06,49.609955,49.737524,49.393381,49.531795,42.673575,7921748
2016-09-07,49.867638,50.387533,49.697251,50.171032,43.226078,11835000
2016-09-08,50.494056,50.58607,49.77454,49.92319,43.01431,19889755
2016-09-09,50.180048,50.351919,49.483867,49.728835,42.848612,6193747
2016-09-12,49.502473,50.081613,49.477953,49.775743,42.894314,6292248
2016-09-13,49.75704,50.285595,49.4633,50.033091,43.117854,8891437
2016-09-14,50.18586,50.322987,49.611214,49.795545,42.914903,8738510
2016-09-15,49.560329,49.818404,49.215305,49.467422,42.63387,7679507
2016-09-16,49.433533,49.533726,48.836638,48.899446,42.146086,8196946
2016-09-19,48.695513,49.053107,48.615494,48.702968,41.981915,12293238
2016-09-20,48.863458,49.044266,48.507637,48.570892,41.869786,7642023
2016-09-21,48.610382,49.182625,48.424073,48.86699,42.126763,12945351
2016-09-22,49.0898,49.288815,49.05968,49.205555,42.420371,15150558
2016-09-23,49.171485,49.228891,48.907576,49.008545,42.252263,7223004
2016-09-26,49.008275,49.053629,48.669472,48.824114,42.098444,17540359
2016-09-27,48.655889,48.97777,48.410588,48.566781,41.878279,8897517
2016-09-28,48.537331,48.58168,48.268995,48.496901,41.81974,8623110
2016-09-29,48.443252,48.741466,48.323192,48.70174,41.998101,7540912
2016-09-30,48.660706,48.819227,48.460943,48.746664,42.038568,12345715
2016-10-03,48.755836,49.087565,48.127391,48.3406,41.69352,7509400
2016-10-04,48.121489,48.379184,48.060297,48.20189,41.57559,5818446
2016-10-05,48.195878,48.637255,48.122739,48.526415,41.857222,8688793
2016-10-06,48.444474,48.829293,48.267221,48.76889,42.0681,9584843
2016-10-07,48.657895,48.960497,48.570163,48.898309,42.181469,10534759
2016-10-10,48.945099,49.369185,48.904262,49.306819,42.539106,7308816
2016-10-11,49.280291,49.348158,49.174662,49.291467,42.527607,9155604
2016-10-12,49.228549,49.353929,49.193549,49.215275,42.463614,6709526
2016-10-13,49.295074,49.525784,49.224102,49.322306,42.55771,10774152
2016-10-14,49.45423,49.487712,48.745749,48.80596,42.113911,13227113
2016-10-17,48.849608,49.208685,48.702843,49.187957,42.448759,9034372
2016-10-18,49.119981,49.55009,47.902513,48.004061,41.428769,16059633
2016-10-19,48.14972,48.444324,48.063975,48.335183,41.71625,5588325
2016-10-20,48.406282,48.505973,47.827675,47.883501,41.328117,6058683
2016-10-21,47.804461,48.415844,47.60038,47.718575,41.187461,6079327
2016-10-24,47.622432,47.934418,47.398277,47.586011,41.078102,8389768
2016-10-25,47.575464,47.783774,47.300777,47.459075,40.970208,4657903
2016-10-26,47.518294,47.856093,47.258119,47.824906,41.287716,7518139
2016-10-27,47.744981,47.880441,47.287399,47.484423,40.995458,11305222
2016-10-28,47.492634,47.817283,47.057342,47.293461,40.832268,9405895
2016-10-31,47.218526,47.27659,47.108214,47.177608,40.737262,8906718
2016-11-01,47.233981,47.515933,47.022638,47.148502,40.713801,6336439
2016-11-02,47.187724,47.347474,46.878024,47.022368,40.606549,14090456
2016-11-03,47.155908,47.34488,47.087378,47.219821,40.778735,7893572
2016-11-04,47.341252,47.482885,46.915535,47.002459,40.59269,11811197
2016-11-07,46.892276,47.24811,46.607406,47.164635,40.737769,11866649
2016-11-08,47.247,47.441967,47.081482,47.39828,40.941258,11757916
2016-11-09,47.3744,47.682241,47.15485,47.379102,40.926373,13039224
2016-11-10,47.576455,47.785534,47.280721,47.365722,40.916496,12815223
2016-11-11,47.510223,47.68192,47.300428,47.323046,40.88131,7791977
2016-11-14,47.42317,47.562478,47.120386,47.233221,40.808739,9851023
2016-11-15,47.167256,48.292875,47.107908,48.171451,41.621064,10234819
2016-11-16,48.294043,48.333315,47.720114,47.898975,41.387339,8927647
2016-11-17,47.852042,48.422097,47.736858,48.219193,41.665736,17516606
2016-11-18,48.451911,48.754181,47.736391,47.913497,41.403288,8632750
2016-11-21,48.192947,48.314588,46.931705,47.116178,40.71932,10054052
2016-11-22,47.125695,47.160969,47.037876,47.127107,40.730437,9201180
2016-11-23,47.472844,47.604822,46.47441,46.760811,40.415519,6318438
2016-11-25,46.899038,47.125451,46.2252,46.463933,40.162226,7753093
2016-11-28,46.220108,46.531852,46.036448,46.489531,40.189303,8141397
2016-11-29,46.46823,47.573222,46.229615,47.328439,40.916203,11632463
2016-11-30,47.525902,47.732863,47.312275,47.391484,40.972389,6303538
2016-12-01,47.360059,48.009159,47.169818,47.599658,41.154056,6816315
2016-12-02,47.363539,47.954627,47.23895,47.834178,41.358518,6053413
2016-12-05,47.933113,48.431274,47.877709,48.173905,41.657385,5477993
2016-12-06,48.157372,48.630177,47.975194,48.537966,41.973924,10590855
2016-12-07,48.473267,48.686762,47.919959,48.032337,41.538379,16736256
2016-12-08,47.922657,48.455945,47.723626,48.281057,41.755187,7781567
2016-12-09,48.02223,48.443211,47.792088,47.855822,41.389129,10011352
2016-12-12,47.912195,48.11861,47.24055,47.62067,41.190826,6475217
2016-12-13,47.715283,47.792417,47.431142,47.601216,41.17569,10967098
2016-12-14,47.395256,47.953806,47.213923,47.772201,41.325291,14511471
2016-12-15,47.91246,48.020238,47.810724,47.924716,41.458927,13029652
2016-12-16,48.005257,48.663466,47.913314,48.327247,41.808868,8516367
2016-12-19,48.306368,48.649316,48.275835,48.390252,41.868532,9828025
2016-12-20,48.47336,48.528352,48.200516,48.333202,41.820889,12114066
2016-12-21,48.249628,48.88573,47.984153,48.824132,42.247407,7474850
2016-12-22,49.139974,49.428564,48.949657,49.333556,42.689963,12307999
2016-12-23,49.397553,49.832806,49.229513,49.805217,43.099877,7419589
2016-12-27,49.871766,50.113344,49.237432,49.26205,42.63684,10899003
2016-12-28,49.350738,49.66727,48.868979,49.088242,42.488153,10001804
2016-12-29,49.1885,49.255277,49.094283,49.186848,42.575249,14304267
2016-12-30,49.330343,49.751115,49.242119,49.562148,42.901865,9897364
2017-01-03,49.63819,50.645128,49.418308,50.483584,43.706654,8523728
2017-01-04,50.642926,50.919332,50.340776,50.516517,43.736963,7538309
2017-01-05,50.771383,50.90356,50.382666,50.49027,43.716033,16214039
2017-01-06,50.506064,50.572806,50.12369,50.245359,43.505769,6679589
2017-01-09,50.30215,50.848023,50.119698,50.495387,43.727647,7274274
2017-01-10,50.375291,51.098731,50.13425,50.936764,44.111679,9037018
2017-01-11,50.921148,51.065796,50.751126,51.015597,44.181764,9953286
2017-01-12,50.95461,50.993755,50.631476,50.751182,43.954574,7884398
2017-01-13,50.561375,50.684808,50.478625,50.519234,43.755485,14012513
2017-01-17,50.722486,50.9894,50.559671,50.590479,43.824389,7795876
2017-01-18,50.772711,50.894936,50.484769,50.64376,43.872346,6202337
2017-01-19,50.524668,50.7589,50.190071,50.349618,43.619325,8502831
2017-01-20,50.367939,51.025076,50.291476,50.910485,44.107031,10416136
2017-01-23,51.023178,51.157024,50.14675,50.215808,43.510548,11355048
2017-01-24,50.364732,50.764247,50.21887,50.596777,43.842447,14895301
2017-01-25,50.820346,51.014405,50.718053,50.889778,44.098145,10919292
2017-01-26,50.746713,50.887657,50.10415,50.256074,43.550803,18487283
2017-01-27,50.204559,50.706768,50.14118,50.33637,43.622177,7043247
2017-01-30,50.199519,50.641949,50.094743,50.441489,43.71866,4240795
2017-01-31,50.411751,50.740123,50.337734,50.475618,43.750037,9172159
2017-02-01,50.329719,51.86581,50.135995,51.776525,44.879449,9698038
2017-02-02,51.780781,52.040322,51.217255,51.554171,44.68855,11290076
2017-02-03,51.471179,51.923843,51.433885,51.877736,44.970872,9934122
2017-02-06,52.083364,53.155286,51.87883,53.090821,46.02812,9455941
2017-02-07,53.247983,53.66218,52.492682,52.768407,45.750475,7505356
2017-02-08,53.048646,53.095528,51.721605,52.018066,45.101778,13297405
2017-02-09,52.165749,52.791082,52.075157,52.74921,45.737588,7118210
2017-02-10,52.58043,52.954425,51.975968,52.408857,45.444343,6593851
2017-02-13,52.443987,52.525356,51.62553,51.934435,45.038514,10844469
2017-02-14,51.997183,52.185552,50.858373,51.310587,44.499329,13014481
2017-02-15,51.549662,51.801398,51.405608,51.552396,44.710875,17018303
2017-02-16,51.533762,52.276238,51.477896,51.991131,45.093237,9812912
2017-02-17,51.897877,52.844779,51.675987,52.662013,45.676986,8395695
2017-02-21,52.582677,52.947164,52.449319,52.728631,45.742281,8951134
2017-02-22,52.805527,53.202571,52.725044,53.106895,46.072319,10584020
2017-02-23,53.38183,53.847888,53.275625,53.719043,46.605296,7567216
2017-02-24,53.603084,54.19283,53.119061,53.845308,46.716758,6161143
2017-02-27,53.646835,54.987049,53.616673,54.788623,47.541045,7543176
2017-02-28,54.833446,55.100676,54.650362,55.054933,47.774089,11944081
2017-03-01,55.127235,55.205892,54.82389,54.902749,47.643987,8388689
2017-03-02,55.141234,55.332355,54.536875,54.637886,47.416089,6207724
2017-03-03,54.605205,54.707736,54.12885,54.231977,47.065764,9739807
2017-03-06,54.250116,54.287322,53.99993,54.023178,46.890333,7994531
2017-03-07,54.00842,54.218313,53.285571,53.360729,46.317251,5623800
2017-03-08,53.483712,53.557956,53.03315,53.272655,46.242702,6123917
2017-03-09,53.145568,53.27018,52.711534,53.034282,46.037675,8180207
2017-03-10,53.021225,53.200016,52.928078,53.031418,46.03708,6629114
2017-03-13,53.001242,53.02465,52.282898,52.433102,45.523285,11436272
2017-03-14,52.412756,52.700673,52.200017,52.564062,45.63886,11226916
2017-03-15,52.74524,53.050407,52.424946,52.92787,45.956624,12246412
2017-03-16,52.860936,53.198672,52.617938,52.886548,45.922631,6016837
2017-03-17,52.790265,53.514823,52.635916,53.354192,46.3306,6845587
2017-03-20,53.348298,53.494425,53.187491,53.46421,46.431855,9957156
2017-03-21,53.393941,53.48716,53.005852,53.076882,46.097368,7760756
2017-03-22,52.906669,53.051579,52.864697,52.925107,45.967439,16098930
2017-03-23,52.952661,53.10612,52.884513,52.99171,46.027176,12365953
2017-03-24,52.90091,53.384907,52.845961,53.185019,46.196976,7527723
2017-03-27,53.273148,53.953839,53.24281,53.661828,46.616879,13542478
2017-03-28,53.572485,53.762823,53.340081,53.739955,46.686667,7609665
2017-03-29,53.627168,53.959988,53.400201,53.914173,46.839942,11330526
2017-03-30,53.776176,53.840372,52.905845,53.353199,46.354479,9791551
2017-03-31,53.001815,53.369525,52.79675,53.32492,46.331813,6476860
2017-04-03,53.318043,53.475123,53.047817,53.407092,46.408925,8151582
2017-04-04,53.520972,53.925024,53.242848,53.424954,46.426354,4809044
2017-04-05,53.526124,53.815066,53.231827,53.420597,46.424473,11081356
2017-04-06,53.443588,53.542717,52.892998,52.972098,46.036602,7589129
2017-04-07,52.889581,53.245523,52.687588,53.187157,46.225402,6561333
2017-04-10,53.342603,54.011819,53.292326,53.921819,46.869678,10099561
2017-04-11,53.81411,54.51574,53.375893,54.221859,47.132413,7231789
2017-04-12,54.382995,54.529706,53.638455,53.797015,46.765037,11427529
2017-04-13,53.759391,54.222925,53.45335,54.068434,47.002908,10854617
2017-04-17,54.260015,54.358511,53.526943,53.595864,46.599747,7274751
2017-04-18,53.910516,54.093748,53.459242,53.496415,46.51519,6895712
2017-04-19,53.459115,53.94125,53.384383,53.509898,46.528824,9875463
2017-04-20,53.491883,54.097749,53.400242,53.753726,46.74276,6873572
2017-04-21,54.048141,54.394115,53.498562,53.56735,46.582607,5351283
2017-04-24,53.863122,53.940285,53.639089,53.763025,46.758528,10995820
2017-04-25,53.618805,53.666724,53.414363,53.512294,46.542374,16854673
2017-04-26,53.312238,53.728182,53.189211,53.694404,46.702682,6662806
2017-04-27,53.597293,53.631813,53.351846,53.503466,46.538518,8233478
2017-04-28,53.560185,53.773776,53.412743,53.469779,46.511126,8557022
2017-05-01,53.444773,54.057759,53.423313,53.966015,46.948565,8970308
2017-05-02,53.936133,54.294716,53.806575,53.96835,46.952525,8360678
2017-05-03,53.993155,54.144159,53.806253,53.928223,46.919541,6725989
2017-05-04,53.852742,54.171172,53.636861,54.014815,46.99681,10971377
2017-05-05,54.144835,54.379573,53.937153,54.024083,47.006804,6722464
2017-05-08,54.094732,54.119166,53.638327,53.857225,46.867393,10957977
2017-05-09,53.827649,53.851958,53.477425,53.592762,46.639169,7997173
2017-05-10,53.665794,54.048183,53.630636,53.986467,46.983721,10436784
2017-05-11,53.894644,53.960266,53.502751,53.580382,46.632225,12408902
2017-05-12,53.517307,53.700342,53.422104,53.612779,46.662337,13788101
2017-05-15,53.41149,53.594056,53.252249,53.335447,46.426678,7834071
2017-05-16,53.388604,53.467025,53.046628,53.152848,46.269632,10124333
2017-05-17,53.172716,53.605491,53.016441,53.488702,46.563906,14073563
2017-05-18,53.718145,53.7945,53.428408,53.529237,46.601107,6810083
2017-05-19,53.482656,54.225462,53.346621,54.098801,47.098888,7910430
2017-05-22,54.252362,54.368941,54.176804,54.335154,47.310488,14904332
2017-05-23,54.268357,54.910828,54.125721,54.577512,47.523464,6970685
2017-05-24,54.627901,55.293065,54.370385,55.029364,47.918883,10928470
2017-05-25,54.997563,55.606921,54.910085,55.501889,48.332337,8719419
2017-05-26,55.668365,56.507577,55.583977,56.25353,48.988895,9114527
2017-05-30,56.206105,56.470636,55.490688,55.665651,48.484899,6458816
2017-05-31,55.47124,55.508915,54.722896,54.903645,47.823154,6320786
2017-06-01,54.972044,55.058256,54.535018,54.570384,47.534824,6392041
2017-06-02,54.560855,54.930762,54.52047,54.693749,47.64424,12465152
2017-06-05,54.815838,54.859349,53.776285,53.832219,46.899531,18393636
2017-06-06,53.704523,54.271273,53.65305,53.905028,46.964893,7063723
2017-06-07,53.799676,54.841522,53.444863,54.76381,47.715068,8304838
2017-06-08,54.887277,54.978151,54.503366,54.692868,47.655214,8999526
2017-06-09,54.733122,55.225918,54.222632,55.115717,48.025624,13168346
2017-06-12,55.126609,55.175686,53.852432,53.904928,46.976379,10750696
2017-06-13,54.25376,54.828073,54.157927,54.760986,47.724366,10452881
2017-06-14,54.865518,55.36672,53.474242,53.555353,46.675569,7254208
2017-06-15,53.60571,54.016072,53.274076,53.403071,46.544761,5048776
2017-06-16,53.219839,53.771809,53.088687,53.239476,46.404081,7250273
2017-06-19,53.228252,53.281397,52.725593,52.859799,46.078828,6569736
2017-06-20,52.990445,53.795073,52.897617,53.593508,46.720333,9149339
2017-06-21,53.892042,53.977808,53.478463,53.63892,46.761842,6956703
2017-06-22,53.788813,53.830209,53.179317,53.248022,46.422968,7691491
2017-06-23,53.432903,53.522923,52.552386,52.610206,45.868787,7102492
2017-06-26,52.655004,52.696814,51.855763,52.084671,45.416189,6348221
2017-06-27,52.358505,52.453985,51.19832,51.315558,44.747385,9704439
2017-06-28,51.496221,51.532885,50.244155,50.428009,43.975244,7313384
2017-06-29,50.648486,50.86013,50.27508,50.444331,43.991284,10758287
2017-06-30,50.628975,50.875075,49.792467,49.959095,43.569911,9150357
2017-07-03,49.806399,50.055969,49.602571,49.715173,43.362526,10563225
2017-07-05,49.810074,50.011243,48.894337,49.176284,42.896019,10627952
2017-07-06,49.399735,49.548361,48.979061,49.211876,42.928829,13968436
2017-07-07,49.153583,49.254953,48.629697,48.732701,42.512578,10416500
2017-07-10,48.618648,48.74017,48.399137,48.499302,42.314182,12066343
2017-07-11,48.71805,49.176499,48.635061,48.950081,42.709227,7045603
2017-07-12,48.840304,49.046606,48.311304,48.340178,42.178815,11967433
2017-07-13,48.315808,48.401823,47.514288,47.643656,41.572778,8220158
2017-07-14,47.735701,48.070699,47.03884,47.239303,41.221642,8437056
2017-07-17,47.203936,47.411242,46.814658,47.192556,41.185923,9252948
2017-07-18,47.286349,47.717269,47.123414,47.319658,41.298544,7037125
2017-07-19,47.150036,47.724282,46.860782,47.552386,41.503364,5610346
2017-07-20,47.83219,47.944617,47.079898,47.357792,41.335221,20266168
2017-07-21,47.357997,47.460743,47.05688,47.150869,41.156303,11802443
2017-07-24,46.951101,47.873933,46.836529,47.793829,41.722659,7561691
2017-07-25,47.866154,48.217197,47.411466,47.455757,41.429233,7498382
2017-07-26,47.379415,47.603099,47.06119,47.207731,41.214397,7750201
2017-07-27,47.186325,47.571845,47.140017,47.443237,41.421705,13460847
2017-07-28,47.351396,47.422424,46.826152,46.941052,40.984941,7502112
2017-07-31,46.82535,47.47937,46.795792,47.21465,41.228903,4132786
2017-08-01,47.231301,47.355828,47.081301,47.298694,41.303988,7702674
2017-08-02,47.469958,47.618386,47.103213,47.325853,41.329402,9979504
2017-08-03,47.374643,47.418065,46.796507,46.981023,41.02995,7051565
2017-08-04,46.784067,47.184506,46.76348,47.165608,41.192845,7383976
2017-08-07,47.10938,47.177199,46.518892,46.545997,40.656706,7469938
2017-08-08,46.622665,46.965763,46.504491,46.897789,40.96567,15579646
2017-08-09,46.854622,47.632053,46.797409,47.272595,41.294763,8803844
2017-08-10,47.392483,47.744141,47.189105,47.413129,41.419226,9472879
2017-08-11,47.487785,48.101476,47.392795,47.778602,41.74021,9959083
2017-08-14,47.814799,48.532384,47.758672,48.31546,42.214419,5255869
2017-08-15,48.368039,48.523099,47.677336,47.791037,41.757933,17247493
2017-08-16,47.685824,47.813252,47.34837,47.424476,41.439348,8717368
2017-08-17,47.547357,48.597065,47.473653,48.282867,42.19114,14789858
2017-08-18,48.165835,48.332605,47.968268,48.212282,42.131191,9455503
2017-08-21,48.191902,49.206977,48.084408,49.039078,42.858982,7576194
2017-08-22,48.78319,48.849808,48.125423,48.250356,42.17139,9285857
2017-08-23,48.359642,49.017743,47.962124,48.716684,42.580714,8950382
2017-08-24,48.657568,49.673186,48.531516,49.313907,43.104486,6462355
2017-08-25,49.415292,49.468114,48.805826,48.939429,42.778918,15101570
2017-08-28,49.068381,49.629263,48.993366,49.499788,43.27407,7616371
2017-08-29,49.59897,50.652307,49.335206,50.518181,44.166191,11872705
2017-08-30,50.472282,50.530056,50.207371,50.413504,44.076485,12000457
2017-08-31,50.473966,51.349382,50.392423,51.267036,44.824569,9007352
2017-09-01,51.278098,51.640102,50.914851,50.956796,44.555144,16210678
2017-09-05,50.840015,50.914494,50.246054,50.489237,44.153577,7961026
2017-09-06,50.510505,50.79445,50.455009,50.635049,44.282911,5949621
2017-09-07,50.438879,51.253416,50.278803,50.990262,44.595393,5847103
2017-09-08,50.921433,52.231397,50.829204,51.936438,45.424772,10734628
2017-09-11,51.859494,52.079086,51.628893,52.031316,45.513361,11285248
2017-09-12,52.035679,52.240595,51.840151,52.033971,45.517553,6936913
2017-09-13,52.085594,52.13862,51.220257,51.274662,44.855177,13185141
2017-09-14,51.320846,52.528796,51.078762,52.272173,45.72968,8837771
2017-09-15,52.21706,52.500629,51.996442,52.02934,45.519109,5515388
2017-09-18,52.128911,52.335526,51.944264,52.161857,45.640667,7681059
2017-09-19,51.933626,52.559359,51.890404,52.395123,45.846654,10572286
2017-09-20,52.297454,52.548501,52.001041,52.516709,45.954931,7794755
2017-09-21,52.375848,53.201153,51.854014,52.86651,46.262926,7367940
2017-09-22,52.96745,53.099579,52.775218,53.016785,46.396336,11614321
2017-09-25,52.962345,53.592782,52.826482,53.563836,46.880849,9031219
2017-09-26,53.542223,53.812749,53.459968,53.717499,47.017271,11067438
2017-09-27,53.817269,54.963764,53.694757,54.73438,47.909283,9043613
2017-09-28,54.994228,55.754949,54.874724,55.474529,48.559133,9035817
2017-09-29,55.565888,56.071428,55.366939,55.92565,48.956029,6084612
2017-10-02,55.831904,56.183904,55.584785,55.70678,48.770443,4658478
2017-10-03,55.692828,55.717103,55.494627,55.554698,48.639294,9888792
2017-10-04,55.608136,56.636281,55.297799,56.547064,49.510165,7483456
2017-10-05,56.366496,56.563169,56.010866,56.156703,49.170401,12548091
2017-10-06,56.579238,56.705334,56.21104,56.256406,49.259724,7878301
2017-10-09,56.427063,56.699886,56.119067,56.358988,49.355628,6915606
2017-10-10,56.378969,56.531974,55.64361,55.749295,48.823702,12896707
2017-10-11,55.74708,56.343812,55.625036,56.083044,49.118008,6503151
2017-10-12,56.155926,56.525687,55.684381,56.501848,49.486832,11258283
2017-10-13,56.526903,57.405933,56.390628,57.176802,50.080043,8275308
2017-10-16,57.157398,57.553455,56.981955,57.425829,50.304359,13336732
2017-10-17,57.462644,58.167544,57.258906,57.948986,50.764722,9443806
2017-10-18,58.004161,58.566915,57.970245,58.335633,51.105533,9096309
2017-10-19,58.013764,58.887602,57.909031,58.654379,51.386884,10989032
2017-10-20,58.694136,59.077849,58.263728,58.659203,51.393222,8557225
2017-10-23,58.478856,58.705547,57.809418,58.56363,51.315808,10930898
2017-10-24,58.636586,59.428812,58.46991,59.372803,52.026976,15116224
2017-10-25,59.473543,60.501848,59.34182,60.090327,52.657887,11491293
2017-10-26,60.119309,60.435436,59.3946,59.535771,52.174065,9907111
2017-10-27,59.753655,59.965759,59.272839,59.383081,52.042393,8286524
2017-10-30,59.324516,59.902194,59.251501,59.465612,52.121143,7417223
2017-10-31,59.154627,60.37853,59.088646,60.166651,52.737764,11714851
2017-11-01,60.061568,60.501679,59.858939,60.342071,52.893696,8262205
2017-11-02,60.52673,60.851098,60.010511,60.404908,52.950952,10894110
2017-11-03,60.591098,60.643234,59.499977,59.607227,52.25385,11484366
2017-11-06,59.636976,59.710446,59.222529,59.402046,52.080397,8029428
2017-11-07,59.300291,59.50749,59.137975,59.379225,52.062527,5611080
2017-11-08,59.278749,59.716661,59.153582,59.389236,52.073443,6338264
2017-11-09,59.299679,59.421273,58.912848,59.308448,52.004743,10717916
2017-11-10,59.403529,59.513295,58.582358,58.911347,51.658666,8632815
2017-11-13,58.504781,59.193007,58.410697,58.983008,51.727876,13573553
2017-11-14,59.024858,59.89488,58.767383,59.717607,52.374268,11455046
2017-11-15,59.864972,59.905595,59.101688,59.156988,51.884717,9589287
2017-11-16,59.023259,59.0925,58.796732,59.064177,51.805444,5487233
2017-11-17,58.993298,59.147986,58.741641,59.040047,51.786406,12171532
2017-11-20,58.868725,59.054733,58.488147,58.571489,51.381745,12364193
2017-11-21,58.483774,59.022638,58.321295,58.857036,51.634361,7145949
2017-11-22,58.99841,59.07872,57.864422,58.102643,50.974637,14520360
2017-11-24,58.016806,58.558633,57.893229,58.535005,51.358176,9603311
2017-11-27,58.686495,59.130501,58.374756,58.96805,51.7445,8912895
2017-11-28,59.029826,59.054385,58.501158,58.596377,51.420469,9083049
2017-11-29,58.775044,59.682302,58.739759,59.638769,52.337356,7949860
2017-11-30,59.729014,59.892696,58.340531,58.409813,51.260962,4746370
2017-12-01,58.595101,58.654129,58.133986,58.534578,51.372567,12467743
2017-12-04,58.544405,58.663868,57.882168,58.075259,50.975728,5589736
2017-12-05,58.126387,58.195283,57.463676,57.497032,50.47026,8869160
2017-12-06,57.63418,58.19393,56.917901,57.923898,50.847047,10577174
2017-12-07,57.649927,58.297607,57.151181,58.132401,51.032171,5194053
2017-12-08,58.392735,58.711066,58.290754,58.33889,51.215544,10358775
2017-12-11,58.366092,58.522038,58.255147,58.283692,51.173389,14161104
2017-12-12,58.382461,58.800381,58.318092,58.651181,51.498162,18972585
2017-12-13,58.785151,59.680516,58.530269,59.567986,52.305302,6724094
2017-12-14,59.567819,59.997214,59.436363,59.847403,52.55281,7201440
2017-12-15,59.967753,60.625818,59.612615,60.158589,52.828236,12430776
2017-12-18,60.067159,60.500573,59.493986,60.31524,52.972325,11010286
2017-12-19,60.184832,60.422291,60.080184,60.3194,52.978154,11412258
2017-12-20,60.620762,60.71861,59.877665,60.004042,52.703342,5805805
2017-12-21,60.173269,60.380507,58.864282,59.541271,52.299024,7462850
2017-12-22,59.572915,59.949066,59.349296,59.88103,52.599617,10310851
2017-12-26,59.72397,60.097335,59.242308,59.737194,52.481891,9667828
2017-12-27,59.662127,60.63476,59.307863,60.519344,53.17123,8752216
2017-12-28,60.182245,60.94483,60.129526,60.918865,53.52444,11185837
2017-12-29,60.553911,61.437118,60.513969,61.078651,53.667035,10651875
2018-01-02,61.251295,61.369139,60.887491,61.058609,53.658239,9669948
2018-01-03,61.203089,61.752661,61.128858,61.681161,54.207563,8304842
2018-01-04,61.718369,61.791509,61.426716,61.499395,54.050041,12003909
2018-01-05,61.575607,61.937507,61.402142,61.892514,54.397775,9662395
2018-01-08,62.258563,62.417829,60.672508,61.461272,54.025409,5390581
2018-01-09,61.312347,61.543782,61.169172,61.364824,53.942846,10817352
2018-01-10,61.060764,61.580249,60.943208,61.547119,54.105314,7605585
2018-01-11,61.497552,61.785099,61.21496,61.572005,54.129414,6029313
2018-01-12,61.538805,61.89433,61.418996,61.594157,54.151112,5425850
2018-01-16,61.703065,62.390346,61.669681,62.203772,54.696045,7518993
2018-01-17,62.142328,62.360789,61.014027,61.231276,53.843136,9402776
2018-01-18,61.361925,62.003081,61.050039,61.724401,54.278991,6548805
2018-01-19,61.455721,61.567542,60.698356,60.870367,53.530171,7923128
2018-01-22,60.974201,62.283206,60.684432,61.694699,54.261784,9404953
2018-01-23,61.719159,62.072727,61.553318,61.882396,54.429103,7660993
2018-01-24,61.687757,61.944339,61.620298,61.672686,54.246879,6398748
2018-01-25,61.879166,62.131942,61.352719,61.598127,54.183522,7762114
2018-01-26,61.625148,61.836438,61.038714,61.150444,53.791937,6819255
2018-01-29,61.357734,61.623219,60.673497,60.837378,53.523137,7671010
2018-01-30,60.917867,60.958621,60.343967,60.577308,53.296523,9754048
2018-01-31,60.591332,61.277128,60.523305,60.93596,53.61427,9461668
2018-02-01,60.997928,61.27895,60.945644,61.115197,53.77418,13446292
2018-02-02,61.076722,61.474111,60.912361,61.122379,53.782708,5515620
2018-02-05,60.897559,61.839639,60.508272,61.729966,54.324027,7881270
2018-02-06,61.705477,62.711737,61.64102,62.394533,54.911119,13594852
2018-02-07,62.530849,62.586249,61.979918,62.458416,54.969597,5418385
2018-02-08,62.076428,62.156156,61.975554,62.073955,54.633477,11305774
2018-02-09,62.108282,62.481769,61.662078,61.789696,54.385524,10870040
2018-02-12,62.348127,62.639964,61.858834,62.145767,54.705667,8826929
2018-02-13,62.174419,62.265696,61.779996,61.906904,54.497639,5891194
2018-02-14,61.929102,62.391166,61.830342,62.098037,54.668141,7179892
2018-02-15,62.068332,62.308359,60.732572,60.921529,53.634602,9395109
2018-02-16,60.988047,61.092511,60.601593,61.067674,53.765475,5868240
2018-02-20,61.02595,61.498464,60.761014,61.376997,54.046688,8726905
2018-02-21,61.466675,61.715788,61.110455,61.246687,53.934156,5490985
2018-02-22,60.950268,62.067553,60.642432,61.943286,54.549825,5754514
2018-02-23,61.844153,62.108401,61.46629,61.987115,54.590664,9388093
2018-02-26,62.003822,62.035888,60.877258,61.101535,53.817384,4267787
2018-02-27,61.255061,61.464831,60.970711,61.054845,53.778468,14061470
2018-02-28,60.821642,61.230632,60.383657,60.815538,53.569882,8440961
2018-03-01,60.873645,61.356578,60.601426,61.193584,53.9051,9856373
2018-03-02,61.114803,61.60834,60.827416,61.313496,54.012948,8958221
2018-03-05,61.090946,61.199166,60.781617,60.97727,53.723375,8672232
2018-03-06,61.259851,61.472284,61.111436,61.14335,53.871911,13638709
2018-03-07,60.918865,61.267263,60.830104,61.174063,53.901184,13394172
2018-03-08,61.243129,62.031789,61.149367,62.000209,54.631355,9067770
2018-03-09,62.077266,62.283807,61.254225,61.572693,54.256878,12080862
2018-03-12,61.628198,62.691575,61.400378,62.64859,55.211744,11506942
2018-03-13,62.567656,63.196567,62.29201,63.070969,55.586265,8958746
2018-03-14,62.815337,62.968255,62.671856,62.933312,55.467222,6435733
2018-03-15,62.877564,63.096244,62.593306,62.846656,55.393122,11704244
2018-03-16,62.579104,63.97901,62.513531,63.250872,55.751688,14370992
2018-03-19,63.181607,63.365332,63.154455,63.24367,55.752208,11230538
2018-03-20,63.147427,63.719976,62.869069,63.677007,56.136519,11077283
2018-03-21,63.581442,64.192614,63.351533,64.028461,56.448674,9909854
2018-03-22,63.966566,65.270697,63.74126,64.805798,57.136335,10699960
2018-03-23,64.946074,65.18837,64.670711,65.116828,57.412913,15121932
2018-03-26,65.119402,65.360151,65.023775,65.068828,57.377661,9817836
2018-03-27,65.081409,65.946768,65.028879,65.708584,57.944177,8229775
2018-03-28,65.683448,66.346402,65.425675,65.964865,58.172564,7315925
2018-03-29,65.934937,66.29725,65.816149,66.245865,58.422769,6239908
2018-04-02,66.300056,66.429322,65.803371,65.919814,58.144773,8357829
2018-04-03,65.860528,66.253429,65.765402,66.163195,58.361845,13092372
2018-04-04,66.134262,66.301714,65.94419,66.111207,58.318381,6945604
2018-04-05,66.011372,67.090521,65.71737,66.868751,58.989053,7663355
2018-04-06,66.994031,68.477177,66.804028,68.082185,60.061965,12580353
2018-04-09,68.153464,68.962985,67.756827,68.500285,60.438257,11067003
2018-04-10,68.445025,69.127304,68.231719,69.052177,60.927697,9706877
2018-04-11,68.932157,69.309215,68.311592,68.433976,60.384712,11213830
2018-04-12,68.244724,69.267075,67.921675,68.938276,60.832193,10175192
2018-04-13,68.699592,69.448487,68.301845,69.291556,61.146445,14307807
2018-04-16,69.206218,69.583348,68.942884,69.324432,61.182993,8784546
2018-04-17,69.129531,69.861987,69.043658,69.810702,61.614686,13001071
2018-04-18,69.967173,70.227127,69.816096,70.054986,61.83283,13504340
2018-04-19,70.391718,70.767415,69.306598,69.571552,61.408657,10965818
2018-04-20,69.359754,69.836948,69.034196,69.707664,61.531325,16011370
2018-04-23,69.70326,69.795935,68.905209,69.223621,61.111587,8412956
2018-04-24,69.022429,69.672015,68.669445,69.36358,61.23766,5094643
2018-04-25,69.131756,70.273135,69.089795,69.829813,61.651805,11854516
2018-04-26,69.855711,70.198863,69.436023,69.546279,61.403999,14225974
2018-04-27,69.772766,69.98863,68.921313,69.120887,61.030917,8558406
2018-04-30,68.976711,69.285644,68.942516,69.127589,61.044355,7166881
2018-05-01,68.904561,69.712292,68.855283,69.527647,61.400155,21238916
2018-05-02,69.353984,69.898939,69.150801,69.515202,61.391686,6965330
2018-05-03,69.515744,69.619281,69.317198,69.449123,61.335848,8662973
2018-05-04,69.25847,69.435999,68.784999,68.935423,60.88466,15481838
2018-05-07,69.195908,69.298785,68.943878,69.068648,61.009842,8708301
2018-05-08,68.973674,69.159772,68.276926,68.553656,60.557425,9155055
2018-05-09,68.753545,69.069784,68.127112,68.385662,60.411507,5206953
2018-05-10,68.322963,68.717174,68.162105,68.573076,60.579556,8650391
2018-05-11,68.223309,69.062858,68.088474,68.923399,60.891543,9000205
2018-05-14,68.804591,69.320242,68.472673,69.191295,61.135752,7851000
2018-05-15,69.351217,69.850679,69.26405,69.81928,61.693158,9145941
2018-05-16,69.834464,70.352226,69.645168,70.098336,61.942279,6468121
2018-05-17,70.247219,70.477311,70.098724,70.292821,62.116685,10463424
2018-05-18,70.341876,70.396817,69.927128,70.354589,62.173822,6994378
2018-05-21,70.475299,71.461606,70.337265,71.223288,62.949265,9167240
2018-05-22,71.318136,72.330282,71.248455,72.043305,63.676636,7366154
2018-05-23,71.724366,71.756264,71.232101,71.464063,63.167257,16365448
2018-05-24,71.745047,72.216404,71.703499,72.175561,63.798772,10342303
2018-05-25,72.05408,72.652731,71.765228,72.247593,63.865066,11267402
2018-05-29,72.573054,72.794901,72.206095,72.496425,64.095556,5504123
2018-05-30,72.388815,72.614027,72.200429,72.372174,63.988331,8661682
2018-05-31,72.439562,72.944264,72.335691,72.502362,64.106071,8634543
2018-06-01,72.554113,72.632318,71.866352,71.949484,63.619832,15328916
2018-06-04,72.126917,72.248299,70.999742,71.063245,62.843936,6666290
2018-06-05,70.896913,71.251445,70.584215,71.157438,62.929818,7455020
2018-06-06,70.904147,71.850861,70.825742,71.620468,63.341912,8029402
2018-06-07,71.61322,71.716785,71.43855,71.58105,63.30965,16056413
2018-06-08,71.759977,72.202345,71.576292,71.768471,63.478021,9876063
2018-06-11,71.789063,72.553431,71.547727,72.07497,63.756969,5146582
2018-06-12,72.381894,72.681618,72.302222,72.572772,64.199957,10590987
2018-06-13,72.349941,73.3676,72.291435,73.179565,64.739402,8788291
2018-06-14,73.000638,73.154918,72.795939,73.04709,64.62486,8350077
2018-06-15,73.075916,73.361593,72.789219,73.040826,64.621972,5134596
2018-06-18,73.156377,74.049103,73.037883,73.762036,65.268095,12094878
2018-06-19,73.538342,73.899272,73.287508,73.79529,65.300201,7922300
2018-06-20,73.594699,75.165526,73.133753,75.075181,66.435483,8776034
2018-06-21,75.366398,75.866854,75.022537,75.65003,66.946927,7182080
2018-06-22,75.641958,75.739162,74.617864,74.952448,66.332322,12780690
2018-06-25,74.827988,75.011207,74.378286,74.518519,65.956424,9651441
2018-06-26,74.419974,75.186456,74.294766,75.118176,66.489912,10827159
2018-06-27,74.994619,75.972983,74.548567,75.813026,67.107705,15301362
2018-06-28,76.15029,76.235052,75.478059,75.615435,66.935552,9342121
2018-06-29,75.618291,75.932828,75.300993,75.435497,66.779011,14461880
2018-07-02,75.14317,76.063719,74.857177,76.001196,67.288084,8172669
2018-07-03,75.826254,76.264093,75.480758,76.194379,67.46189,10458900
2018-07-05,75.955914,76.231762,75.80795,75.977006,67.274955,8142525
2018-07-06,75.82892,76.684394,75.377633,76.50972,67.749437,4879746
2018-07-09,76.627155,77.060908,75.833877,76.045698,67.346842,8999220
2018-07-10,76.333292,76.48004,74.856902,75.084117,66.497987,7930718
2018-07-11,75.273178,75.749289,74.479651,74.661231,66.126175,7314549
2018-07-12,74.762299,74.934102,74.374002,74.421175,65.916269,5388737
2018-07-13,74.268845,75.44734,74.235848,75.383615,66.771462,7608913
2018-07-16,75.387551,76.039081,74.571877,74.686607,66.162234,12205307
2018-07-17,74.641362,75.201137,74.464942,74.784176,66.251388,11056324
2018-07-18,74.711693,75.004191,74.365409,74.80958,66.276615,10266695
2018-07-19,74.690852,74.762859,74.395896,74.691329,66.17457,7976004
2018-07-20,74.598274,75.56173,74.180915,75.447055,66.846868,14988588
2018-07-23,75.641162,75.699663,74.597175,74.690009,66.184271,5333244
2018-07-24,74.910625,75.024258,74.109576,74.433732,65.959888,7311970
2018-07-25,74.77032,74.819048,74.606684,74.745934,66.239268,5462858
2018-07-26,74.92915,75.191778,74.36102,74.600869,66.113428,12377903
2018-07-27,74.521577,75.02962,74.444116,74.973729,66.446596,10814496
2018-07-30,74.881168,75.146576,74.519321,74.714183,66.224728,12742308
2018-07-31,74.592369,75.02008,74.322895,74.686908,66.203271,8044174
2018-08-01,74.669637,74.798859,74.30288,74.505652,66.045316,10235107
2018-08-02,74.414817,74.706575,74.139438,74.648972,66.175079,11531889
2018-08-03,74.689408,74.867257,74.163196,74.785031,66.298415,6286882
2018-08-06,74.752275,74.824847,74.144382,74.334975,65.907552,19436181
2018-08-07,74.119249,74.810154,73.894443,74.452057,66.014071,8055520
2018-08-08,74.385882,75.227576,74.342056,75.183049,66.664954,11563354
2018-08-09,75.202541,75.734672,75.071213,75.631481,67.065334,7371675
2018-08-10,75.7231,76.11624,74.941876,75.051472,66.55375,8591848
2018-08-13,74.963625,75.789163,74.549439,75.565189,67.017558,14085447
2018-08-14,75.40456,75.845288,75.210457,75.592084,67.044164,8282654
2018-08-15,75.637189,76.088642,75.411392,75.681241,67.125996,8308003
2018-08-16,75.470216,75.699425,75.381719,75.596047,67.053186,9010723
2018-08-17,75.971262,76.600985,75.684665,76.426793,67.792836,10020141
2018-08-20,76.236867,76.697229,76.161754,76.660899,68.008874,12995626
2018-08-21,76.277511,76.8016,76.193683,76.747564,68.088554,7243727
2018-08-22,77.047801,77.244372,75.788967,75.930161,67.366141,6807634
2018-08-23,75.814979,76.06708,75.21464,75.364281,66.866831,10242380
2018-08-24,75.621743,75.658456,75.174218,75.533396,67.01963,8696936
2018-08-27,75.299368,75.629832,74.874957,75.406279,66.915085,5458405
2018-08-28,75.605048,75.860843,75.204205,75.486641,66.989148,14595298
2018-08-29,75.650973,76.02283,75.394157,75.481931,66.98772,6980504
2018-08-30,75.551142,75.81152,74.780446,75.214056,66.752731,8528266
2018-08-31,75.126413,75.54455,74.248286,74.520039,66.139504,7380831
2018-09-04,74.66037,74.871537,73.840606,74.165547,65.835693,7248833
2018-09-05,74.050145,74.465463,73.792705,74.255071,65.91787,10904486
2018-09-06,74.196143,74.605266,73.976457,74.470746,66.112044,8956328
2018-09-07,74.591909,74.843043,74.463176,74.796317,66.403799,6767076
2018-09-10,74.979242,75.227268,74.713054,75.127654,66.706176,15330489
2018-09-11,74.986339,75.438094,74.854282,75.259277,66.825789,7247796
2018-09-12,75.523211,75.765396,75.249921,75.462666,67.009139,9473924
2018-09-13,75.449651,75.983923,75.297922,75.692104,67.215635,5855187
2018-09-14,75.7383,76.017975,75.45259,75.962327,67.458367,9258765
2018-09-17,76.039958,76.608484,75.916195,76.44296,67.893557,10061786
2018-09-18,76.458186,77.74367,76.166064,77.503419,68.838242,6275950
2018-09-19,77.87172,78.029959,77.453612,77.507365,68.844573,6615657
2018-09-20,77.684631,77.852857,77.337574,77.609791,68.938382,9844098
2018-09-21,77.407189,77.949667,77.362181,77.806188,69.115674,6980395
2018-09-24,77.511611,77.555212,77.103889,77.418109,68.779415,9706720
2018-09-25,77.474301,78.800577,77.434936,78.54454,69.783019,19102767
2018-09-26,78.559651,78.944607,78.161563,78.307962,69.575688,9744585
2018-09-27,78.481134,78.556024,77.951104,78.01057,69.314306,9103371
2018-09-28,78.113383,78.317856,77.975746,78.084516,69.382858,8184419
2018-10-01,78.037725,78.937705,77.802145,78.672832,69.914225,5454507
2018-10-02,78.918914,79.358354,77.976891,78.081977,69.392,11487958
2018-10-03,77.865895,78.135599,76.577887,76.933337,68.374004,19947208
2018-10-04,76.662507,77.749266,76.560627,77.050926,68.481322,7347900
2018-10-05,77.215698,77.672138,77.064114,77.345532,68.745985,12591429
2018-10-08,77.327269,77.80464,76.710595,76.923255,68.379082,11544498
2018-10-09,77.082716,77.876671,76.782065,77.613809,68.995767,8432956
2018-10-10,77.802671,78.624349,77.586068,78.300723,69.609266,12631848
2018-10-11,78.588475,78.813889,78.433414,78.624465,69.899944,12479084
2018-10-12,78.959267,79.709422,78.273274,79.454114,70.640432,9806368
2018-10-15,79.27484,79.354872,78.7635,79.182572,70.407686,7826876
2018-10-16,79.541244,79.932795,79.281404,79.848154,71.002424,12368876
2018-10-17,79.751326,80.870876,79.23597,80.514201,71.597626,9546086
2018-10-18,80.694368,80.872681,80.07304,80.178536,71.302063,5893785
2018-10-19,80.215978,80.769328,79.934655,80.581805,71.663629,8787527
2018-10-22,80.671006,81.002977,80.244013,80.28827,71.411378,15730604
2018-10-23,80.344759,81.402549,79.994741,80.982249,72.031587,7099295
2018-10-24,81.363378,82.033095,80.797787,80.978136,72.030886,9044394
2018-10-25,81.048279,81.121604,80.772091,80.89718,71.96183,11694950
2018-10-26,80.444614,80.518656,80.185397,80.453976,71.570519,4882516
2018-10-29,80.568824,80.753352,79.770124,79.875279,71.064474,7896326
2018-10-30,79.635727,79.697677,79.359326,79.406181,70.650023,6247678
2018-10-31,79.00712,80.065804,78.93941,79.779012,70.984656,5698707
2018-11-01,79.786135,79.906922,79.697567,79.817484,71.021804,9534720
2018-11-02,79.778129,80.273712,79.728576,80.148168,71.318977,9688334
2018-11-05,80.134235,80.202172,79.538185,79.66146,70.894619,13345037
2018-11-06,79.564119,80.35168,79.328813,79.918699,71.126469,12002868
2018-11-07,80.010439,80.059225,79.679742,79.935306,71.14417,12866075
2018-11-08,79.839218,80.205146,79.241649,79.344775,70.621485,9481899
2018-11-09,79.135596,79.339767,79.008896,79.111917,70.41712,11930362
2018-11-12,78.992098,79.720395,78.955946,79.510162,70.780315,8063966
2018-11-13,79.605099,80.81462,79.408165,80.674326,71.81961,12538261
2018-11-14,80.682135,80.790079,79.864212,80.162421,71.366821,11108174
2018-11-15,80.115507,82.157532,79.984443,82.005318,73.01051,9671316
2018-11-16,81.489976,82.134309,80.856081,81.142001,72.244853,8218791
2018-11-19,81.383894,82.080886,81.161664,82.015936,73.03196,6918144
2018-11-20,81.836814,82.597589,81.675335,82.124998,73.132078,10357371
2018-11-21,82.211063,83.088516,81.824626,82.910337,73.834453,11785361
2018-11-23,83.418187,83.756566,83.090711,83.155289,74.058673,19359871
2018-11-26,83.203325,83.744042,82.344271,83.681048,74.5361,9507490
2018-11-27,83.97844,84.329184,82.736599,82.977565,73.912531,7434582
2018-11-28,82.787152,84.287632,81.960776,83.865743,74.706746,5517616
2018-11-29,83.986459,85.585439,83.846838,85.249985,75.942934,6440902
2018-11-30,85.64336,85.774811,85.214692,85.617825,76.273748,11305357
2018-12-03,85.269406,86.824991,84.607811,86.59557,77.15429,8501491
2018-12-04,86.626526,86.876472,86.367063,86.453408,77.030791,10660140
2018-12-05,86.213742,86.6287,86.109701,86.179553,76.789937,5016274
2018-12-06,86.260852,87.135177,86.052488,86.286838,76.888691,15042127
2018-12-07,86.351658,87.046707,85.550439,85.633258,76.30943,15478736
2018-12-10,85.741295,87.14036,85.009697,86.614515,77.193358,20359382
2018-12-11,86.6041,86.863158,86.147122,86.592913,77.177275,9277006
2018-12-12,86.395382,86.431776,85.689671,85.990089,76.643146,11283071
2018-12-13,86.098099,86.68325,85.576318,86.461994,77.066921,8958176
2018-12-14,86.414931,86.752876,85.479306,85.722086,76.410549,7773441
2018-12-17,86.209758,86.645633,85.770447,86.545512,77.154036,6318562
2018-12-18,86.667412,87.074146,86.371437,86.946652,77.51483,9639847
2018-12-19,87.225339,87.745505,86.331712,86.644556,77.248677,10334846
2018-12-20,86.435828,87.224718,86.091391,86.485429,77.109973,13287783
2018-12-21,86.656182,86.691122,85.177333,85.314728,76.069306,11609457
2018-12-24,85.087934,86.129061,84.659998,86.006098,76.695202,7466809
2018-12-26,86.132326,86.27937,84.46557,84.564576,75.415931,10930320
2018-12-27,84.689375,85.006286,84.242285,84.616847,75.465646,7659754
2018-12-28,84.18725,86.005654,84.006005,85.662798,76.401616,11570844
2018-12-31,86.081227,86.249091,85.397325,86.026569,76.735513,14400231
2019-01-02,85.970578,86.19714,85.569868,86.147915,76.850065,8205269
2019-01-03,85.961001,86.672368,85.881801,86.327809,77.013706,8926641
2019-01-04,86.225676,86.674189,86.149141,86.477549,77.150459,11985777
2019-01-07,86.694843,87.088184,84.616673,84.727443,75.598425,12431591
2019-01-08,84.756237,84.906145,82.9373,83.208057,74.245795,6587447
2019-01-09,83.081024,84.016433,83.026352,83.329595,74.357295,11291962
2019-01-10,83.056799,83.139624,82.53964,82.899231,73.976308,8366017
2019-01-11,82.644681,83.801558,82.214774,83.562758,74.571478,20001398
2019-01-14,83.553625,84.629603,83.035687,84.29972,75.238413,8816893
2019-01-15,84.244397,85.117325,84.002135,84.994966,75.862043,8990219
2019-01-16,85.217639,85.369206,83.647194,83.688346,74.69889,8120601
2019-01-17,83.490266,84.953832,83.380496,84.71958,75.622459,11168128
2019-01-18,84.523017,85.198877,83.791983,84.787621,75.686302,11961383
2019-01-22,84.799667,85.80946,84.284043,85.758694,76.565714,8948819
2019-01-23,85.760318,86.440675,85.710132,86.128444,76.898986,7651569
2019-01-24,86.277289,86.435029,85.232296,85.813488,76.620927,8609403
2019-01-25,86.001532,87.61763,85.799244,87.47638,78.108894,7871192
2019-01-28,87.284274,87.337184,85.798902,85.973061,76.776017,10873035
2019-01-29,86.495349,87.413131,85.723117,86.376908,77.13983,5821030
2019-01-30,86.403094,87.849165,85.741296,87.182633,77.86259,9848510
2019-01-31,87.359863,88.477408,86.950382,88.088013,78.674413,7465472
2019-02-01,88.48621,88.820329,88.425928,88.630482,79.162162,7866502
2019-02-04,88.3865,89.977604,88.161378,89.787333,80.205308,6105516
2019-02-05,89.757351,89.865785,88.837418,89.146958,79.636544,6846046
2019-02-06,88.609959,89.032855,88.137279,88.775723,79.30817,8550078
2019-02-07,88.769601,89.404829,88.531502,88.984948,79.498347,7414866
2019-02-08,88.690422,88.834346,88.30555,88.514407,79.081218,6159191
2019-02-11,88.13201,88.603171,87.968071,88.519335,79.095364,9658586
2019-02-12,88.687522,90.85807,88.42873,90.108525,80.518672,11914855
2019-02-13,89.80122,89.874107,89.461264,89.512693,79.989537,13533767
2019-02-14,89.899584,90.080321,89.342643,89.51014,79.99054,8842940
2019-02-15,89.7877,90.003294,89.007749,89.477495,79.964651,6161685
2019-02-19,89.532134,91.051534,89.300438,90.858564,81.212231,12309464
2019-02-20,91.055523,91.939477,89.86015,90.546099,80.936263,4787905
2019-02-21,90.596271,91.050915,89.701427,90.035116,80.482818,9636426
2019-02-22,90.043749,90.549698,89.299903,89.554955,80.056887,10609687
2019-02-25,89.284485,89.785947,89.062414,89.645836,80.148003,9249166
2019-02-26,89.898635,90.186138,89.11624,90.09728,80.554926,11256338
2019-02-27,89.572847,91.936619,89.268791,91.366999,81.693521,6173437
2019-02-28,91.269006,91.314093,90.769418,90.933202,81.308991,12125126
2019-03-01,91.070379,91.329213,90.177316,90.585267,81.001208,7605707
2019-03-04,90.745006,90.908178,89.155867,89.515277,80.054287,9245323
2019-03-05,89.093722,90.052863,88.720052,89.805602,80.317225,7511270
2019-03-06,89.612203,89.845167,89.457653,89.753531,80.273953,11182681
2019-03-07,89.457329,90.077135,89.058485,89.746073,80.270579,5695853
2019-03-08,89.759709,90.997348,89.59019,90.598275,81.036132,8914835
2019-03-11,91.197094,91.271598,89.229626,89.390587,79.965761,7272524
2019-03-12,89.370074,89.445021,87.856718,87.906023,78.64095,7300574
2019-03-13,88.324205,88.708393,88.044296,88.661617,79.320164,5960911
2019-03-14,88.824184,90.949589,88.603912,90.399885,80.878607,16770768
2019-03-15,90.307141,91.045832,90.23934,90.795261,81.235677,10778754
2019-03-18,90.78412,91.876603,90.291402,91.493708,81.870673,10475551
2019-03-19,91.625688,92.801013,91.422495,92.234608,82.537037,10755613
2019-03-20,91.524234,93.962454,90.764591,93.44764,83.625965,9550083
2019-03-21,93.656281,93.707416,93.23131,93.308878,83.505216,14773928
2019-03-22,93.500127,93.997935,93.179046,93.830307,83.975309,10012300
2019-03-25,94.422678,95.217991,93.33337,94.837721,84.887372,10683008
2019-03-26,94.698701,96.252738,94.479831,95.367798,85.365339,10017028
2019-03-27,95.396365,95.671623,94.525077,95.024291,85.061353,11405056
2019-03-28,95.113973,95.167158,93.736013,94.121629,84.256792,5416958
2019-03-29,93.818289,95.29705,92.896672,94.963919,85.014294,8173064
2019-04-01,94.977842,95.181665,94.27784,94.425727,84.542905,14268325
2019-04-02,94.205032,96.391515,94.08158,96.290092,86.215682,12058958
2019-04-03,96.628895,97.108467,96.12495,96.292656,86.221518,8677988
2019-04-04,96.229854,97.297299,95.801937,97.047209,86.900722,7990667
2019-04-05,97.709512,98.249956,96.360558,96.412126,86.335584,8797030
2019-04-08,96.304145,97.955132,96.201696,97.540322,87.356628,13335459
2019-04-09,97.576654,97.932471,96.506931,97.091936,86.958627,11371958
2019-04-10,97.003957,99.640305,96.571127,99.293212,88.933811,10275707
2019-04-11,99.433875,99.64727,98.921845,99.183684,88.839359,7213864
2019-04-12,99.17452,99.725241,98.15596,98.640311,88.356286,10011170
2019-04-15,98.92229,100.017911,98.720022,99.656882,89.27787,7867537
2019-04-16,99.582648,100.247605,99.24512,99.765573,89.378911,13052595
2019-04-17,99.576701,100.999909,98.412189,100.537974,90.074596,6146787
2019-04-18,100.680683,100.869278,100.547748,100.633511,90.163893,10809813
2019-04-22,100.805621,101.317635,100.544777,100.928844,90.443357,9499546
2019-04-23,101.119263,101.474355,99.747545,99.934634,89.556113,15118598
2019-04-24,100.005513,100.403146,99.410147,99.824127,89.460756,7248813
2019-04-25,99.388191,99.688438,98.804947,99.019324,88.74315,9783666
2019-04-26,99.017672,99.711411,98.598726,99.189778,88.899565,4800182
2019-04-29,98.713655,99.832891,98.552085,99.466182,89.158278,8435366
2019-04-30,99.461694,99.574231,97.974652,98.210558,88.036392,10367190
2019-05-01,97.38483,99.722999,97.225915,98.880755,88.6408,18975517
2019-05-02,98.670988,99.284581,97.768855,98.020189,87.872962,9004052
2019-05-03,97.864385,99.325235,97.001317,98.845613,88.616575,13406345
2019-05-06,99.175005,99.563605,98.653174,98.768087,88.557982,7406505
2019-05-07,98.702583,99.03188,98.455356,98.926271,88.703457,9787617
2019-05-08,99.152598,100.180646,98.865167,99.808173,89.4979,6877120
2019-05-09,99.825109,100.458019,99.471448,99.652983,89.362411,9108425
2019-05-10,99.70619,100.190109,99.44852,99.86886,89.559675,10924259
2019-05-13,100.700468,100.887624,98.403058,98.889711,88.692527,12879185
2019-05-14,98.886374,99.58994,98.710877,99.29769,89.062094,8198890
2019-05-15,99.129959,99.522763,98.988553,99.195807,88.974366,10485857
2019-05-16,99.31015,99.966618,97.934202,98.125912,88.018331,13883353
2019-05-17,97.800449,99.022191,97.753828,98.31097,88.187949,11138322
2019-05-20,98.759741,99.026463,97.862485,98.049956,87.964648,9391196
2019-05-21,98.444447,98.605251,98.310272,98.418629,88.299027,8747282
2019-05-22,97.965831,99.194393,97.778932,99.090894,88.905819,11080595
2019-05-23,99.237721,99.861488,99.176029,99.694481,89.451039,6065353
2019-05-24,99.544751,100.037221,98.998473,99.141182,88.958244,11674882
2019-05-28,99.165392,99.404108,98.718858,98.840226,88.70277,10842668
2019-05-29,98.879442,99.055517,98.4878,98.682731,88.565065,12648518
2019-05-30,98.369584,98.883976,97.895332,98.737803,88.61813,9081604
2019-05-31,98.34046,99.602241,98.299875,99.398493,89.214769,7306485
2019-06-03,99.504049,100.624642,99.302373,100.319282,90.052315,11102830
2019-06-04,100.696029,102.15023,100.585543,101.365382,90.99509,6232804
2019-06-05,101.125428,102.041367,101.073581,101.954752,91.527923,6514300
2019-06-06,101.897889,102.244481,100.990982,101.416678,91.048617,11943502
2019-06-07,101.504756,102.134981,101.325306,102.037527,91.609757,14067370
2019-06-10,102.326746,103.083677,102.065156,102.914454,92.408451,14570866
2019-06-11,103.122187,103.560647,102.222703,102.552618,92.087334,8914753
2019-06-12,102.207596,102.521188,101.712729,101.966506,91.564794,10300124
2019-06-13,102.111265,102.226652,101.705027,102.062195,91.654485,14614854
2019-06-14,102.110365,102.158248,101.664183,101.934248,91.543345,8146541
2019-06-17,101.820095,102.727846,101.742504,102.249229,91.837532,7223092
2019-06-18,102.119099,102.551719,101.852214,102.206087,91.802553,8457602
2019-06-19,102.387796,102.911091,101.735194,101.994584,91.616341,6643404
2019-06-20,102.065008,102.231792,102.007349,102.1513,91.760879,12032734
2019-06-21,101.962031,102.156043,101.818296,102.052299,91.675713,7138763
2019-06-24,101.990845,102.83719,101.506751,102.34453,91.949558,12318872
2019-06-25,102.243071,102.911381,102.047715,102.596823,92.180012,10952022
2019-06-26,102.565029,102.674649,101.190313,101.388097,91.09775,11771775
2019-06-27,101.305399,102.018901,101.129195,101.951165,91.607432,9342183
2019-06-28,101.900466,102.079046,100.935944,101.099333,90.845756,9323258
2019-07-01,101.242492,101.642906,100.265101,100.421965,90.248205,11372843
2019-07-02,100.381944,101.017802,100.245356,100.703626,90.505048,13069418
2019-07-03,101.268908,101.542002,100.055574,100.64121,90.452667,6522048
2019-07-05,100.576751,101.623226,99.725767,101.124918,90.894872,8531827
2019-07-08,101.193475,102.145093,100.714559,101.83713,91.546313,9976712
2019-07-09,101.62665,103.055124,101.48499,102.475491,92.12395,7541152
2019-07-10,102.187709,102.245637,101.179681,101.351549,91.117285,12941427
2019-07-11,101.113225,103.118916,100.730478,102.763007,92.39001,5343338
2019-07-12,102.558612,102.854528,102.164263,102.662039,92.303025,7542571
2019-07-15,102.572651,103.118877,102.375387,102.734637,92.379678,6001671
2019-07-16,103.039845,103.795233,102.533954,102.686259,92.339969,6416907
2019-07-17,102.688503,104.133041,102.546622,103.727003,93.279682,8559537
2019-07-18,104.090638,104.182123,102.453203,102.712948,92.371555,6856154
2019-07-19,102.690173,103.041465,102.182928,102.312614,92.015306,12989215
2019-07-22,102.245427,102.556924,101.946969,102.072825,91.810962,7645530
2019-07-23,102.195173,102.696084,102.125621,102.505265,92.203713,4469584
2019-07-24,102.2999,103.355959,101.903723,103.028439,92.678116,6605800
2019-07-25,102.700675,102.881214,102.353518,102.556974,92.257803,7551871
2019-07-26,102.496644,103.529107,102.396574,103.432,93.048777,7890565
2019-07-29,103.769609,104.059631,102.808013,102.936174,92.614135,10405538
2019-07-30,103.252474,103.480316,102.216003,102.337927,92.079659,8835422
2019-07-31,102.554511,103.468156,101.58337,101.748063,91.552682,5928553
2019-08-01,101.922025,102.076057,100.979774,101.068834,90.945249,7376213
2019-08-02,101.066742,102.072022,100.680207,101.982355,91.771035,11391868
2019-08-05,102.432005,102.709834,101.700661,102.251573,92.024634,9325937
2019-08-06,102.029116,102.260016,101.862912,101.959373,91.765428,7672650
2019-08-07,101.957871,102.40544,101.732019,102.28921,92.066068,6343405
2019-08-08,102.360655,102.877651,101.960405,102.255618,92.039614,11039109
2019-08-09,102.297187,102.503049,100.37102,100.67717,90.622584,15291716
2019-08-12,100.502895,101.205914,100.103656,100.703705,90.657638,10186147
2019-08-13,100.594564,101.123564,100.36699,100.819576,90.765677,5435603
2019-08-14,100.884991,103.431416,100.361156,102.897989,92.640631,13425114
2019-08-15,102.908502,102.953058,101.774211,102.096347,91.922676,13131433
2019-08-16,102.164812,104.056465,101.520102,103.531201,93.218379,10193658
2019-08-19,103.838502,104.226655,102.528286,103.443501,93.15089,7964825
2019-08-20,103.588289,104.30324,101.559155,102.092126,91.937753,8551163
2019-08-21,102.307802,102.457144,100.367593,100.569551,90.570337,11869483
2019-08-22,100.659215,100.795522,98.975095,99.403965,89.524316,8209714
2019-08-23,99.915214,100.403585,99.635209,100.014236,90.077632,7596784
2019-08-26,100.039227,100.427788,99.762039,100.103148,90.168819,9544451
2019-08-27,99.717738,100.980321,99.04525,100.494146,90.524732,12282977
2019-08-28,100.745917,100.968115,99.7587,99.848046,89.946421,7736947
2019-08-29,99.731743,100.498688,99.050325,99.265926,89.4257,7143560
2019-08-30,99.515375,99.599491,98.265859,98.502631,88.741715,10621813
2019-09-03,98.959134,101.296027,98.270963,100.359659,90.429579,13420519
2019-09-04,100.029695,100.082824,98.93511,99.26195,89.444156,5957803
2019-09-05,98.86931,99.771532,97.960784,99.488567,89.652041,12935979
2019-09-06,100.001937,100.316136,99.117926,100.107801,90.213755,10943356
2019-09-09,100.277196,101.136113,99.441015,100.745597,90.799701,11273890
2019-09-10,100.652499,101.078329,100.258332,100.385298,90.478688,8729635
2019-09-11,100.391439,101.466818,100.145275,101.245466,91.257717,11293390
2019-09-12,101.063789,101.876141,100.566484,101.76094,91.726106,7978829
2019-09-13,101.418387,101.673017,100.88718,101.079345,91.115467,5390729
2019-09-16,100.407341,102.223275,100.288455,101.70099,91.687128,8585656
2019-09-17,102.053636,103.292189,101.432965,102.61103,92.511362,9301492
2019-09-18,102.612691,103.522034,102.058282,103.015718,92.880032,8797065
2019-09-19,103.17564,104.311644,102.878831,103.671363,93.475007,8104413
2019-09-20,103.347237,103.627973,102.556076,103.476249,93.302915,4234342
2019-09-23,103.06457,103.967397,102.868545,103.822643,93.626787,7865473
2019-09-24,104.055001,104.994747,103.701132,104.578611,94.312389,12133771
2019-09-25,104.878311,106.714625,104.725472,106.178648,95.759286,8238674
2019-09-26,106.222912,107.276371,105.963716,106.963871,96.471418,6722635
2019-09-27,107.001116,107.274016,105.983426,106.839269,96.362995,6032636
2019-09-30,107.070521,107.328594,106.640733,106.703298,96.252215,6876172
2019-10-01,106.709005,106.9796,105.514073,106.130923,95.739833,11166160
2019-10-02,106.299271,106.359908,105.080102,105.836936,95.478551,11611399
2019-10-03,105.499905,106.124472,105.385378,105.742066,95.396884,9801891
2019-10-04,106.116016,106.34119,105.396964,105.886556,95.531161,6284456
2019-10-07,105.955913,106.075074,104.270469,104.809076,94.570706,7770691
2019-10-08,104.695063,104.95486,104.633087,104.770308,94.539608,11987690
2019-10-09,104.965114,105.021433,104.741766,104.79007,94.561323,12051219
2019-10-10,104.678331,105.674903,104.47594,105.530448,95.233342,6737832
2019-10-11,105.557202,105.610833,104.636248,105.060036,94.812724,6385405
2019-10-14,105.279263,105.72708,104.846385,105.664877,95.37032,7081535
2019-10-15,105.711021,107.202754,104.971013,106.908107,96.496389,15074449
2019-10-16,106.171797,106.460006,104.386879,104.712958,94.518906,8275426
2019-10-17,105.273652,105.630172,104.107846,104.30604,94.155469,5852404
2019-10-18,104.153888,104.868838,101.985017,102.133237,92.197899,10934853
2019-10-21,102.022244,102.376753,100.853877,101.436953,91.580631,9473440
2019-10-22,101.638245,102.138891,99.931102,100.936493,91.132541,8509264
2019-10-23,100.507089,101.65189,100.427237,101.035524,91.2257,11613817
2019-10-24,101.199499,101.800077,100.651318,101.719357,91.84691,13880491
2019-10-25,101.355871,103.837872,100.924953,103.137668,93.13139,9127814
2019-10-28,103.73879,105.570412,103.528345,104.990298,94.815961,5555766
2019-10-29,104.92192,105.680692,103.725738,105.3644,95.157718,11563201
2019-10-30,105.458477,105.999995,104.473586,104.693993,94.556136,11493623
2019-10-31,104.811484,105.17142,103.758404,104.282857,94.18868,8765640
2019-11-01,103.512995,104.514833,102.936634,103.630567,93.603373,10510121
2019-11-04,103.403275,103.902602,103.325623,103.761086,93.73281,9343465
2019-11-05,104.293655,104.411614,103.429949,103.826799,93.796025,6836081
2019-11-06,103.991091,104.11404,103.536607,103.931608,93.894564,6778313
2019-11-07,104.181447,105.549811,104.003977,104.801654,94.684475,8627891
2019-11-08,105.339552,105.511449,104.707612,104.950154,94.822533,10932196
2019-11-11,104.918891,105.456409,104.859159,105.213807,95.072456,8009957
2019-11-12,105.044364,106.327794,104.27354,106.160955,95.93225,12014619
2019-11-13,105.958803,107.28775,105.718264,106.801537,96.515075,12837271
2019-11-14,106.975952,107.602747,106.524126,107.235226,96.910974,9888145
2019-11-15,107.180798,107.681709,106.836257,107.583314,97.229542,12155753
2019-11-18,108.006427,108.379458,106.670258,106.990611,96.705794,5751134
2019-11-19,107.260422,108.022378,106.705069,106.895708,96.623982,11680526
2019-11-20,106.990275,107.230672,106.675497,106.78387,96.526855,13551125
2019-11-21,106.661518,106.929478,106.112718,106.815478,96.559392,8086356
2019-11-22,106.82191,107.446586,106.138938,107.124244,96.842489,12421844
2019-11-25,107.214164,107.581569,106.250748,106.341993,96.147163,6742482
2019-11-26,106.360411,107.512035,106.231756,107.323197,97.038285,8694175
2019-11-27,107.536715,107.836555,106.225623,106.33872,96.152101,8776594
2019-11-29,106.486473,106.763677,105.376943,106.350387,96.170549,9554133
2019-12-02,106.42331,106.664301,106.249633,106.348833,96.180992,9345920
2019-12-03,106.408281,106.829926,105.943978,106.64859,96.456052,12650844
2019-12-04,106.790289,107.923889,106.527711,107.581035,97.303377,6970747
2019-12-05,107.961433,108.272042,107.478255,107.710224,97.424225,12051325
2019-12-06,108.008925,108.258668,107.711933,108.203546,97.874456,6180918
2019-12-09,108.125444,109.617265,107.852769,108.959259,98.570173,7558767
2019-12-10,108.755282,109.162354,108.489437,108.782041,98.413893,14443604
2019-12-11,108.368684,109.308665,108.158998,109.254385,98.845276,12487658
2019-12-12,109.383823,109.618873,107.850056,108.273007,97.961422,8591668
2019-12-13,108.082923,109.986295,107.982108,109.617396,99.181848,7480094
2019-12-16,109.549383,111.199686,109.328518,111.070994,100.509447,11177923
2019-12-17,110.633711,111.308711,110.040953,111.112233,100.550894,5766001
2019-12-18,111.325141,111.577173,110.05238,110.842638,100.311043,6630159
2019-12-19,110.615428,111.150449,110.193249,110.993207,100.451432,8018845
2019-12-20,111.266098,112.203705,110.876341,111.99578,101.362946,14700295
2019-12-23,112.131202,112.465057,111.76239,112.270869,101.624438,7847458
2019-12-24,111.915834,112.521303,111.12764,111.702401,101.114029,4793499
2019-12-26,111.892234,113.238622,111.808927,112.903273,102.209464,12895293
2019-12-27,112.834781,113.367119,112.465853,112.88124,102.193714,8429949
2019-12-30,112.460132,113.806832,112.213076,113.566606,102.826858,13318290
2019-12-31,114.008995,114.405256,113.171409,113.240749,102.536027,9210007
2020-01-02,113.150775,113.617329,111.329453,111.584317,101.044478,10002279
2020-01-03,111.551832,111.955346,110.028178,110.524678,100.089039,10213777
2020-01-06,110.552585,111.954522,110.058546,111.38192,100.877769,11412638
2020-01-07,111.608592,113.014906,111.333893,112.325934,101.736933,7742926
2020-01-08,112.36564,112.529811,110.529699,111.153995,100.679608,6787786
2020-01-09,111.365599,112.346689,110.850029,112.127336,101.565399,6928669
2020-01-10,112.400374,112.894044,112.285885,112.374796,101.79373,10672648
2020-01-13,112.78288,113.963746,112.362633,113.513589,102.837965,6936111
2020-01-14,113.555743,114.946343,113.193385,114.368402,103.61664,10133646
2020-01-15,114.50833,116.88368,114.357974,116.64461,105.683202,11134088
2020-01-16,116.367926,118.009779,115.127647,117.029001,106.035825,7100360
2020-01-17,116.630233,118.198154,115.538787,117.91139,106.839714,4822259
2020-01-21,117.89252,118.37256,117.140689,118.265372,107.178063,7819213
2020-01-22,117.900827,118.140161,117.055469,117.486169,106.476282,17530009
2020-01-23,117.065537,117.339409,116.311025,116.395016,105.491716,8603904
2020-01-24,116.148486,116.207982,115.640993,115.999693,105.137742,7144422
2020-01-27,116.266896,117.470454,116.013244,116.927438,105.991674,21100951
2020-01-28,116.488987,116.553318,115.711228,115.928225,105.090228,9882524
2020-01-29,115.429962,117.542264,115.359419,117.03993,106.102359,9399720
2020-01-30,117.290025,117.838082,116.851164,117.363942,106.400461,6997300
2020-01-31,117.712007,117.956148,117.569464,117.68872,106.699282,8839908
2020-02-03,117.975026,118.059516,117.554734,117.9883,106.984068,7827773
2020-02-04,118.051484,118.768971,115.621164,116.600641,105.730171,14379576
2020-02-05,116.836441,117.132053,116.02486,116.371284,105.52653,8596508
2020-02-06,116.358311,118.866194,116.234759,117.91903,106.934432,10825507
2020-02-07,117.938106,119.621575,117.729815,118.743386,107.686418,6576669
2020-02-10,118.779657,118.989947,117.900085,118.186444,107.194543,10540300
2020-02-11,118.395609,118.997503,118.058007,118.750014,107.710122,8086808
2020-02-12,118.492449,119.695466,117.749155,119.532765,108.424555,9653621
2020-02-13,118.745363,119.533679,117.998583,118.927358,107.879838,9211852
2020-02-14,118.83144,119.329244,117.050631,118.068812,107.105444,11346112
2020-02-18,118.300937,119.295788,117.805416,118.470596,107.487576,6863405
2020-02-19,118.536307,118.970241,117.774334,118.333626,107.367713,13338501
2020-02-20,118.148352,118.773025,117.332082,117.632184,106.735657,8417413
2020-02-21,117.795422,118.013748,117.643878,117.794806,106.887604,5999346
2020-02-24,117.70963,117.901482,117.364324,117.46603,106.602404,12028198
2020-02-25,117.368275,117.790669,117.203989,117.450151,106.592371,8845636
2020-02-26,117.245009,118.013466,116.77367,117.028075,106.213676,14864208
2020-02-27,116.871261,117.175761,116.566189,117.0067,106.198637,10054696
2020-02-28,117.297573,117.382967,116.940388,117.149705,106.3328,7544688
2020-03-02,117.416678,117.739959,117.174589,117.544342,106.704144,8018768
2020-03-03,117.601805,118.235267,117.255238,117.856253,106.991684,7104632
2020-03-04,117.852501,118.281999,117.791389,117.838647,106.980094,12536184
2020-03-05,117.707417,117.900921,116.310091,116.737115,105.984418,14409968
2020-03-06,116.86955,117.04167,116.699888,116.921251,106.155952,11426571
2020-03-09,116.792429,117.125545,115.587845,116.052858,105.380497,8186416
2020-03-10,115.988229,117.403835,115.505796,117.137122,106.369419,12768450
2020-03-11,117.25893,118.095001,117.099305,117.158065,106.392806,6710798
2020-03-12,117.313297,117.671554,117.111676,117.160341,106.399243,7746929
2020-03-13,117.163313,117.41451,116.876362,116.969966,106.230717,7373129
2020-03-16,117.206099,117.477365,116.322633,116.560703,105.872072,10676521
2020-03-17,116.58332,117.346628,116.153264,117.043361,106.314836,7645067
2020-03-18,117.243215,117.468194,116.503451,116.946478,106.231196,5567658
2020-03-19,116.872094,117.575207,116.768199,117.434805,106.679161,6005207
2020-03-20,117.741283,117.835214,117.435675,117.654204,106.882854,5389900
2020-03-23,117.938843,118.990384,117.553904,118.728614,107.872191,9362077
2020-03-24,118.685742,119.165421,118.217962,119.070834,108.187562,8456335
2020-03-25,119.067239,119.516141,118.791838,118.979074,108.108628,13287995
2020-03-26,118.881944,119.171205,118.809073,118.870828,108.014708,9923779
2020-03-27,118.821867,119.284769,118.110215,118.561485,107.738041,13916014
2020-03-30,118.306044,118.486456,117.875536,117.971546,107.215166,8751012
2020-03-31,117.929713,118.446552,117.567735,118.30285,107.520678,8828079
2020-04-01,117.891913,119.789988,117.820259,119.69478,108.790214,8052846
2020-04-02,119.672405,120.205417,119.038003,120.142504,109.201634,12523984
2020-04-03,120.122119,120.479564,119.99448,120.25059,109.304366,7192919
2020-04-06,119.978581,121.635192,119.786615,121.039988,110.035462,6840664
2020-04-07,121.159168,121.312516,120.763525,120.900606,109.913265,5138943
2020-04-08,121.098294,121.442428,120.18713,120.28699,109.359906,10255434
2020-04-09,120.224173,121.408653,119.726149,121.210723,110.204251,15357850
2020-04-13,121.156375,121.637605,120.358993,120.886838,109.927832,8525088
2020-04-14,120.385046,120.608242,120.079287,120.180707,109.290204,8187920
2020-04-15,120.109276,121.554226,119.608321,121.476106,110.472754,11775417
2020-04-16,121.53205,121.892096,120.532384,121.047046,110.087079,9656308
2020-04-17,121.015212,121.852079,120.611954,121.273608,110.297657,14302061
2020-04-20,121.304697,121.673541,120.526053,120.752658,109.837388,11988336
2020-04-21,120.90001,121.802469,120.724121,121.327811,110.365083,10448059
2020-04-22,120.938839,122.605726,120.524642,122.311645,111.26459,9623456
2020-04-23,120.535017,122.193283,118.823468,121.932642,110.924374,10222591
2020-04-24,121.807871,122.043902,119.575065,120.652149,109.763993,13680707
2020-04-27,120.766706,124.455675,120.301654,124.293542,113.090705,9814519
2020-04-28,125.499211,126.394158,122.51415,123.329033,112.217737,9254856
2020-04-29,124.048565,127.500872,122.842942,125.230611,113.952673,8958728
2020-04-30,124.874472,125.326311,122.318185,122.534789,111.504208,5633312
2020-05-01,120.946285,124.062591,120.738088,123.114398,112.036242,8124639
2020-05-04,124.21096,125.579158,122.018622,123.358197,112.271935,11202086
2020-05-05,122.879849,124.565124,119.850013,121.826341,110.882301,6609690
2020-05-06,121.503353,121.831418,118.808473,119.270988,108.560961,12353167
2020-05-07,119.006451,120.417186,117.855796,120.291785,109.494592,8614346
2020-05-08,119.452958,123.242809,117.763319,122.409882,111.427147,6455735
2020-05-11,121.380998,125.663842,120.62073,123.822475,112.72689,9991648
2020-05-12,122.962078,129.160316,122.882804,128.970343,117.418285,8878440
2020-05-13,129.923994,130.156384,124.67449,125.090301,113.890461,8256679
2020-05-14,125.135373,127.286213,123.698595,126.234573,114.937001,7647828
2020-05-15,124.517819,129.411246,121.874323,128.718895,117.203798,7928617
2020-05-18,128.647706,129.387267,124.513564,126.608922,115.296786,11555878
2020-05-19,128.060712,129.626218,121.022478,124.143265,113.056071,6850867
2020-05-20,125.847657,127.204957,124.938053,126.722252,115.409469,10108942
2020-05-21,126.208781,126.321416,125.162929,126.187254,114.926951,8944766
2020-05-22,126.039287,129.923214,124.632532,129.017625,117.50958,10607592
2020-05-26,129.915363,130.732065,121.334765,122.917385,111.971858,10033780
2020-05-27,122.287383,124.370978,120.806723,122.93234,111.990081,10120326
2020-05-28,123.617866,129.065955,121.378272,124.395784,113.327917,10655002
2020-05-29,123.495802,125.480218,119.508168,121.954248,111.108175,8501843
2020-06-01,122.230847,127.319565,119.706432,120.068934,109.40401,8950679
2020-06-02,119.000772,119.78196,111.505568,112.761286,102.749672,12449755
2020-06-03,111.643103,113.127648,108.723912,109.147367,99.460702,8777698
2020-06-04,107.969346,111.734247,106.124754,109.332446,99.633448,9149738
2020-06-05,109.579611,114.091175,108.610436,113.519788,103.453575,10538295
2020-06-08,111.724677,114.69507,111.592677,113.707902,103.637775,12307104
2020-06-09,112.599255,114.236902,112.04376,113.327804,103.295581,8862618
2020-06-10,114.158481,114.848371,108.327168,109.947116,100.218281,9104664
2020-06-11,109.935957,111.099051,105.147295,106.42411,97.010997,7641133
2020-06-12,103.151986,103.451312,101.887675,102.511488,93.44828,10148196
2020-06-15,102.816086,104.733131,101.960226,103.660507,94.507356,4749458
2020-06-16,102.986735,104.297736,99.88877,101.379201,92.431283,10865040
2020-06-17,101.018115,103.430887,100.737299,103.35417,94.235808,5867124
2020-06-18,101.407788,106.948592,99.556516,106.367391,96.987172,18137534
2020-06-19,107.349435,107.825547,104.698869,106.956045,97.52792,12437866
2020-06-22,107.319401,108.329195,105.327849,106.452876,97.081065,6461130
2020-06-23,106.659068,108.243025,106.479323,107.769808,98.286095,10057698
2020-06-24,109.132637,110.856284,104.581278,105.243689,95.986215,11978140
2020-06-25,105.268714,105.944123,101.658606,101.843453,92.888886,6931741
2020-06-26,102.072632,103.123506,96.814699,98.258158,89.622508,9671901
2020-06-29,98.576011,101.989963,98.52868,99.526003,90.79011,7567140
2020-06-30,99.194816,103.134886,98.644026,100.310245,91.509273,9498729
2020-07-01,100.762925,101.52507,99.057482,100.306241,91.509379,19498597
2020-07-02,99.881263,100.840515,96.051276,96.865723,88.374224,7888777
2020-07-06,96.42038,96.767305,96.133465,96.415024,87.977485,10282664
2020-07-07,96.789571,101.251987,95.982774,100.522113,91.728918,13114519
2020-07-08,100.856662,102.391232,99.944713,100.892008,92.070238,8371671
2020-07-09,101.250575,107.024175,101.10705,105.16373,95.972391,12354961
2020-07-10,104.930845,108.114995,104.052345,107.040143,97.688817,9669539
2020-07-13,107.373715,108.250248,104.728102,105.732989,96.50775,13902245
2020-07-14,105.253001,106.431296,105.122777,105.842493,96.611667,5644517
2020-07-15,105.01619,110.019107,104.432321,108.013315,98.597214,7880181
2020-07-16,108.064283,112.130904,107.673249,110.79215,101.137957,6125327
2020-07-17,111.337456,112.371773,109.684998,110.955104,101.290871,11425966
2020-07-20,111.606201,112.433375,111.235557,111.36336,101.676094,4983984
2020-07-21,110.385837,111.462752,106.047316,107.166379,97.848218,15107300
2020-07-22,107.426904,107.506494,106.334954,106.477854,97.223553,9603950
2020-07-23,105.646167,106.07404,104.359205,105.589494,96.416363,9633436
2020-07-24,105.79653,106.985801,104.21871,105.466422,96.307938,10504613
2020-07-27,105.423819,107.539165,104.576603,106.846337,97.580045,13789735
2020-07-28,106.555705,107.987415,104.530605,105.234029,96.111512,8864868
2020-07-29,104.558912,106.319776,103.056837,104.941909,95.848652,16599169
2020-07-30,104.092898,108.545771,103.909676,107.426613,98.122084,5753310
2020-07-31,108.195206,108.371724,107.042877,107.460925,98.157455,7658144
2020-08-03,107.169872,109.501479,105.795545,107.64736,98.339865,10619158
2020-08-04,107.86358,108.007067,106.779224,107.383076,98.102461,9252962
2020-08-05,107.919233,108.374247,105.348256,106.207192,97.032187,7760379
2020-08-06,106.294802,106.783582,104.863768,105.322455,96.227833,10787061
2020-08-07,105.392138,105.552003,103.860615,104.500781,95.481032,11999645
2020-08-10,103.467666,104.726765,102.272938,103.426993,94.511568,8383734
2020-08-11,102.535789,103.900997,101.004394,101.265629,92.540314,11602111
2020-08-12,101.276532,101.901207,97.590032,97.919185,89.485884,13329966
2020-08-13,98.356636,98.898519,95.010813,96.802173,88.468708,9604337
2020-08-14,96.574996,97.386161,95.245152,95.928373,87.673732,6516484
2020-08-17,96.01139,97.945125,93.03038,94.270832,86.169438,6477822
2020-08-18,93.797632,94.004842,92.490113,92.855521,84.879241,10490854
2020-08-19,93.043211,93.474437,92.480165,92.730816,84.76873,2946742
2020-08-20,92.990771,93.624586,91.957927,92.246252,84.329235,7116499
2020-08-21,92.215807,92.525401,89.596413,90.906899,83.108244,8339020
2020-08-24,91.641197,91.865366,87.633953,88.980597,81.357218,6277338
2020-08-25,89.355278,89.551074,84.801828,85.746293,78.403231,7731497
2020-08-26,84.893064,88.009336,84.443598,87.927234,80.400704,12890510
2020-08-27,87.805404,88.077769,87.524335,87.601917,80.106524,6408234
2020-08-28,87.34188,90.574848,86.668002,90.380373,82.650643,7936981
2020-08-31,89.135273,91.160324,86.263741,87.328222,79.869365,17710406
2020-09-01,87.44511,88.570714,86.121017,86.390639,79.015108,11097709
2020-09-02,86.003894,86.044329,84.773434,84.882642,77.639044,12744809
2020-09-03,85.496292,86.042868,79.968132,80.653896,73.774194,12489254
2020-09-04,80.180108,86.915348,79.065302,85.414846,78.132248,11989979
2020-09-08,84.81337,86.357092,82.810067,82.916194,75.859095,5537676
2020-09-09,82.891395,86.848561,81.046015,85.392403,78.12776,10455382
2020-09-10,84.629657,86.793985,84.160193,85.599503,78.320458,6988255
2020-09-11,86.221509,87.929828,84.171189,86.999021,79.604235,9055803
2020-09-14,87.397137,89.277866,86.946419,87.526525,80.096769,9544415
2020-09-15,87.584927,89.286611,86.245972,86.572907,79.227354,12956830
2020-09-16,86.630068,88.072607,85.899858,87.973356,80.512284,10565102
2020-09-17,88.498351,90.073066,87.803505,89.575059,81.981512,9753035
2020-09-18,90.224728,90.873293,88.55098,88.909887,81.37607,7285801
2020-09-21,89.178727,89.317446,88.43497,88.628115,81.128169,10237539
2020-09-22,90.182356,91.454124,86.69783,88.230873,80.76786,6750262
2020-09-23,88.087422,88.238323,84.937594,85.723728,78.476005,13171478
2020-09-24,85.213136,86.709855,82.272013,83.591172,76.526893,13888909
2020-09-25,83.326958,86.551249,83.097735,84.689789,77.535851,8183694
2020-09-28,84.472273,87.127768,83.314742,83.828939,76.757175,8606778
2020-09-29,84.245848,84.448008,80.711108,82.551168,75.590301,10305852
2020-09-30,81.144203,84.475153,80.493986,83.388268,76.35995,10728178
2020-10-01,83.583411,84.511405,80.868845,81.963777,75.058604,12442773
2020-10-02,82.437248,83.165501,81.922098,82.844232,75.867999,12000926
2020-10-05,82.725158,83.312798,82.070317,82.977629,75.999525,9793737
2020-10-06,83.166776,84.121892,81.093989,81.8354,74.956432,13317727
2020-10-07,81.816041,82.092834,80.414872,81.260656,74.433057,9372980
2020-10-08,81.554639,83.032461,79.70683,79.974513,73.257986,5238385
2020-10-09,79.42192,79.774353,79.073602,79.620093,72.936326,8002881
2020-10-12,80.163479,81.480658,79.905227,80.562806,73.808995,8932461
2020-10-13,80.20339,80.309905,79.271501,80.112889,73.399811,10681453
2020-10-14,80.434372,81.228508,80.235106,80.500522,73.75799,11481214
2020-10-15,79.57539,80.309582,78.024631,78.16017,71.616602,8351834
2020-10-16,78.329123,78.521513,77.167125,77.836816,71.323249,5780910
2020-10-19,78.772907,79.40593,74.389072,75.339993,69.043871,5644009
2020-10-20,74.431505,76.951006,74.310701,75.972526,69.626403,4803884
2020-10-21,76.26742,76.541001,75.611486,76.455603,70.072005,5941302
2020-10-22,77.006326,77.513418,75.203309,75.234355,68.955556,10738184
2020-10-23,75.864691,76.389552,74.460584,75.419875,69.128433,8531066
2020-10-26,75.273778,76.083004,73.909976,75.928502,69.603205,8170200
2020-10-27,75.567171,76.483895,75.208683,75.342799,69.069131,8269494
2020-10-28,75.758403,76.283604,74.164214,74.675605,68.460305,10448777
2020-10-29,74.552509,76.237167,73.833165,75.659654,69.365299,13367503
2020-10-30,75.321283,76.534259,73.888198,74.00248,67.848777,15568426
2020-11-02,73.786244,74.22057,70.895444,71.846387,65.880091,6705633
2020-11-03,72.057406,73.763621,71.830374,73.721129,67.601925,12753689
2020-11-04,74.151416,74.643413,73.081659,73.56741,67.463737,7513081
2020-11-05,73.822634,73.900141,73.497925,73.593094,67.490061,8492492
2020-11-06,73.240088,74.024274,72.910887,73.755167,67.641472,10804836
2020-11-09,73.781244,74.739424,73.692677,74.662789,68.482296,12042799
2020-11-10,74.472617,74.828128,73.851705,74.708987,68.527484,8550623
2020-11-11,74.693891,74.759076,74.546721,74.685733,68.508968,9056239
2020-11-12,75.019485,75.406761,74.299491,74.406303,68.25545,9082109
2020-11-13,74.346188,75.450665,74.183712,74.929378,68.738108,20996904
2020-11-16,75.113315,75.659065,74.955662,75.50616,69.275766,7215164
2020-11-17,75.49039,75.596032,74.582332,74.698659,68.537711,5918219
2020-11-18,74.226525,75.64684,73.995153,74.954631,68.775395,6065111
2020-11-19,75.189096,75.776115,75.006302,75.639991,69.407105,11143777
2020-11-20,75.653909,75.999095,75.437047,75.692325,69.457979,6399444
2020-11-23,75.660501,75.997261,74.839239,75.099991,68.922922,12593924
2020-11-24,75.240689,75.517623,75.105762,75.439746,69.237576,9522100
2020-11-25,75.519247,77.000391,74.770234,76.546555,70.256275,7173449
2020-11-27,76.884201,77.203962,76.699744,76.924939,70.609364,10825348
2020-11-30,76.976946,77.01844,76.690826,76.812836,70.515152,9709295
2020-12-01,76.646076,77.611246,76.287673,77.526422,71.173156,6712763
2020-12-02,77.252556,77.572667,77.210387,77.273694,70.944053,9643900
2020-12-03,77.022996,77.806523,76.981759,77.695282,71.334037,7350977
2020-12-04,77.299665,77.926229,77.252392,77.563027,71.215535,15785356
2020-12-07,77.590504,77.762463,77.40125,77.467252,71.136361,10645183
2020-12-08,77.155893,77.660457,76.862381,77.449274,71.122774,10237342
2020-12-09,77.626871,77.664839,76.562899,76.762744,70.495218,6946814
2020-12-10,76.677819,76.893394,76.525995,76.767328,70.502323,12705688
2020-12-11,76.628402,77.621203,76.454076,77.268348,70.965369,11995091
2020-12-14,77.343973,77.559416,76.909074,77.169964,70.883743,8617551
2020-12-15,77.14296,77.214103,77.007637,77.12426,70.844672,9858276
2020-12-16,77.385054,77.561083,76.652439,76.813117,70.56176,7627185
2020-12-17,76.772874,77.426813,76.72691,77.074786,70.805041,12615707
2020-12-18,76.946375,77.495973,76.889312,77.416427,71.121812,9147118
2020-12-21,77.186787,77.506562,76.477839,76.730068,70.499945,11350588
2020-12-22,76.971903,77.134325,76.352127,76.839052,70.602979,11418244
2020-12-23,76.858447,78.309837,76.808367,77.957019,71.633157,5657669
2020-12-24,77.998049,78.979823,77.468868,78.651799,72.274544,10538074
2020-12-28,78.657948,78.718547,77.596751,77.977227,71.66644,10038654
2020-12-29,78.078797,78.588072,77.871995,78.462938,72.115803,9067586
2020-12-30,78.567463,78.847073,77.704809,77.746575,71.460323,14181738
2020-12-31,77.824468,77.94322,77.427888,77.536367,71.27004,12021482
2021-01-04,77.384214,77.656823,77.341636,77.483237,71.232903,11190330
2021-01-05,77.467067,77.748707,77.278548,77.635949,71.376228,10512514
2021-01-06,77.757786,78.021071,77.520107,77.898303,71.62037,6963787
2021-01-07,78.071622,78.325809,77.27231,77.638014,71.383989,3796837
2021-01-08,77.343399,77.983388,76.869606,77.146641,70.935111,6314953
2021-01-11,77.125032,77.941819,77.087455,77.565777,71.329287,9531094
2021-01-12,77.492428,77.574806,76.878145,76.983932,70.797132,12283384
2021-01-13,76.877767,76.996571,76.768729,76.949479,70.768354,7322212
2021-01-14,77.113836,77.248038,75.904864,76.145095,70.03146,6579144
2021-01-15,76.328863,76.871126,75.917655,76.025729,69.924549,6818741
2021-01-19,76.214554,76.463027,75.737333,76.029487,69.939494,10454532
2021-01-20,75.716214,76.199273,74.391796,74.869757,68.875487,9352999
2021-01-21,74.531059,75.087612,74.325298,74.639119,68.666134,4495431
2021-01-22,74.833979,75.044477,74.31851,74.392499,68.442061,10106419
2021-01-25,74.336312,74.687445,73.606175,74.387953,68.446311,6925921
2021-01-26,74.400631,74.712053,74.216502,74.283275,68.352801,10033937
2021-01-27,74.339157,74.718769,73.940387,74.563984,68.613917,5462070
2021-01-28,74.296795,75.086995,74.25518,74.611416,68.660384,8717434
2021-01-29,75.118561,75.229607,72.978577,73.504157,67.644218,11203245
2021-02-01,73.633108,73.973515,73.128296,73.316251,67.479605,15068587
2021-02-02,73.356258,73.852986,72.635594,73.659444,67.798261,10382564
2021-02-03,73.38196,73.750039,73.130243,73.295805,67.466329,9371109
2021-02-04,73.284063,73.541884,72.53336,72.992941,67.190311,11098228
2021-02-05,73.017008,74.553094,72.833258,74.032877,68.150376,11271269
2021-02-08,74.154969,74.22095,72.575436,73.011243,67.218199,8000792
2021-02-09,73.037275,73.52439,72.263991,72.407127,66.664755,15748129
2021-02-10,72.573095,72.814006,72.139824,72.293335,66.56272,5225069
2021-02-11,72.31483,73.278443,72.064071,73.027864,67.241785,6802417
2021-02-12,73.067437,73.618847,72.988763,73.384421,67.572867,6801071
2021-02-16,73.295674,74.241091,73.028129,74.13539,68.275579,8944312
2021-02-17,74.342124,74.395098,74.163018,74.236206,68.371235,7124537
2021-02-18,74.261866,74.486226,73.688356,73.816055,67.987069,10120303
2021-02-19,73.93171,74.320438,73.147977,73.236333,67.455896,8588208
2021-02-22,73.333507,73.620192,73.123262,73.499266,67.706417,7803752
2021-02-23,73.161101,73.452701,72.965631,73.244642,67.474633,8629046
2021-02-24,73.347291,73.60686,72.645764,73.005372,67.256974,10447994
2021-02-25,73.140303,73.347179,72.805239,73.240965,67.476787,7734330
2021-02-26,73.210367,73.589617,72.90265,73.004911,67.262073,9734155
2021-03-01,72.875765,74.183199,72.653023,74.030878,68.215737,3968767
2021-03-02,74.405662,74.481801,73.400609,73.742173,67.952501,6682754
2021-03-03,73.539085,73.808552,73.113858,73.227429,67.480942,8738569
2021-03-04,73.174502,73.334302,72.093373,72.442057,66.759944,13904038
2021-03-05,72.448701,72.666338,72.264428,72.420199,66.742541,10232560
2021-03-08,72.704226,72.780261,71.701706,71.852555,66.227558,6929742
2021-03-09,71.621554,72.594647,71.442491,72.277903,66.622344,9619797
2021-03-10,72.113798,72.208301,71.991087,72.097928,66.459181,8350408
2021-03-11,72.114732,72.363427,69.972786,70.470778,64.961957,15724798
2021-03-12,70.957355,71.349814,70.377703,70.422343,64.919974,15366730
2021-03-15,70.544654,72.360833,70.337076,72.051865,66.43036,6354038
2021-03-16,71.755548,72.870512,71.516777,72.608656,66.946459,10065753
2021-03-17,72.566815,73.766507,72.222218,73.735388,67.988117,7338827
2021-03-18,73.757762,74.528568,72.481009,72.710946,67.046279,8635494
2021-03-19,73.006333,73.538341,71.971473,72.421336,66.781974,7670264
2021-03-22,72.281068,73.536426,72.250504,73.441928,67.731437,6042293
2021-03-23,73.25692,73.773293,72.685581,72.897443,67.23205,11396995
2021-03-24,73.063932,74.185943,72.886681,73.511831,67.801474,7754277
2021-03-25,73.297521,74.77454,72.730821,74.508313,68.723372,6868413
2021-03-26,74.474301,75.488554,74.197067,75.24589,69.406532,6161257
2021-03-29,75.467129,75.512415,74.929567,75.054102,69.238158,8180967
2021-03-30,75.164064,75.792451,74.989513,75.143516,69.323491,12759133
2021-03-31,74.672084,75.043586,74.637829,74.961835,69.158721,10773426
2021-04-01,75.189927,75.53155,74.197965,74.852235,69.060442,10287726
2021-04-05,75.19192,75.582578,74.504655,74.805207,69.028391,6450229
2021-04-06,74.950418,75.406583,74.781621,74.979504,69.19207,10503453
2021-04-07,75.007844,76.639101,74.805281,76.070046,70.201319,7847630
2021-04-08,76.313187,76.674745,75.149508,75.362626,69.551332,11356518
2021-04-09,75.510125,75.829864,74.512835,74.903762,69.130691,6845990
2021-04-12,75.049257,75.530075,75.002379,75.448544,69.642064,6844991
2021-04-13,75.424909,76.749248,75.211779,76.576289,70.685921,6688613
2021-04-14,76.515411,77.428117,76.16958,76.71963,70.821145,7302517
2021-04-15,76.421105,78.170094,76.085553,77.721231,71.748685,11329934
2021-04-16,78.053297,78.476308,77.732309,78.30065,72.286547,10934391
2021-04-19,77.978118,78.573838,77.210112,78.295236,72.290455,8869512
2021-04-20,78.363728,78.447855,78.048937,78.123142,72.134522,14592933
2021-04-21,78.070234,79.142905,78.001,78.907439,72.861689,11857892
2021-04-22,78.83832,79.394436,78.426736,78.823001,72.78671,8526573
2021-04-23,78.713815,78.968272,78.36752,78.522248,72.511967,17639833
2021-04-26,78.663046,78.871342,78.597092,78.80039,72.777785,11378104
2021-04-27,79.01302,79.431946,78.625495,79.29148,73.23435,16005311
2021-04-28,79.581249,79.77802,79.107991,79.50148,73.431323,8122661
2021-04-29,79.344551,79.491285,78.699965,78.959674,72.933881,5708493
2021-04-30,78.863605,80.343098,78.49266,79.728081,73.646671,9290287
2021-05-03,79.429521,79.703107,78.661455,79.029513,73.010382,10731740
2021-05-04,79.141048,79.967283,78.635484,79.209442,73.179612,10961122
2021-05-05,79.033234,79.534033,78.772422,79.402309,73.36081,7279455
2021-05-06,79.367829,79.706623,78.797778,79.508884,73.462293,7497341
2021-05-07,79.550359,79.941821,79.173743,79.778267,73.714217,6874574
2021-05-10,79.874869,80.132695,78.829629,79.252516,73.237451,7095198
2021-05-11,79.404234,79.440394,79.164981,79.370529,73.34952,10587768
2021-05-12,79.562026,79.898374,79.238102,79.521002,73.491596,12376218
2021-05-13,79.479142,80.348237,79.395994,80.165004,74.089811,12378202
2021-05-14,80.078557,81.004875,79.95183,80.816381,74.694892,9452717
2021-05-17,80.938581,81.177162,79.503559,79.885392,73.843519,8344648
2021-05-18,79.914093,81.498361,79.869382,81.205966,75.067298,9200035
2021-05-19,80.819392,81.256408,80.068226,80.161822,74.105129,19621812
2021-05-20,80.426953,80.833448,79.647537,79.931331,73.895087,15730278
2021-05-21,79.979258,80.636264,79.635889,80.32606,74.263057,11416271
2021-05-24,79.832086,81.838925,79.688601,81.757451,75.595719,11243360
2021-05-25,81.577611,83.053919,80.933321,82.482159,76.268941,5474595
2021-05-26,82.696014,83.814959,82.380467,83.66362,77.364582,4532376
2021-05-27,83.017874,83.276033,82.459903,82.578452,76.364253,13665841
2021-05-28,82.759007,83.555729,82.622209,83.4231,77.148507,14846377
2021-06-01,83.383452,84.128697,82.073358,82.158415,75.991426,16268158
2021-06-02,81.866168,82.526063,81.082318,81.3061,75.206177,6962715
2021-06-03,81.453079,81.926352,80.132101,80.609557,74.564953,12877470
2021-06-04,80.752906,81.216107,79.794827,80.279903,74.263068,9025015
2021-06-07,80.27606,80.52018,79.294003,79.610301,73.652726,7704413
2021-06-08,79.575407,80.179961,79.253896,79.690538,73.729986,8440638
2021-06-09,79.872915,80.088673,79.511454,80.046582,74.062441,6899178
2021-06-10,80.231925,81.542658,79.875146,81.179206,75.113477,10572554
2021-06-11,81.293172,81.389271,80.609073,81.324343,75.25086,7519158
2021-06-14,81.486711,81.686977,80.984262,81.219781,75.163366,10517052
2021-06-15,81.115164,83.554028,80.922459,83.189496,76.989365,8987073
2021-06-16,83.499518,83.931837,82.959237,83.119175,76.927444,7087164
2021-06-17,83.069454,83.190511,82.327315,82.803178,76.638134,6996122
2021-06-18,82.586534,83.264588,82.499521,82.951129,76.778222,6814220
2021-06-21,82.94415,83.239698,82.512485,82.900339,76.740666,10909768
2021-06-22,82.960272,83.203435,82.112045,82.328385,76.214339,6161784
2021-06-23,81.993828,82.222544,81.534699,81.816353,75.743443,11097049
2021-06-24,82.236253,83.148286,82.016259,82.251043,76.148995,6952064
2021-06-25,81.933312,82.150688,81.624695,81.854557,75.785036,10556577
2021-06-28,82.107522,82.837803,80.385976,81.024135,75.025433,9457824
2021-06-29,81.378808,82.522653,81.20077,81.864676,75.806856,11691636
2021-06-30,81.807031,82.234864,81.227037,81.857644,75.803458,8664360
2021-07-01,81.964935,82.258692,80.435337,80.690325,74.725543,5475906
2021-07-02,80.803262,81.397426,79.518916,80.152182,74.230228,7944424
2021-07-06,80.74795,80.983668,80.521552,80.891064,74.926826,11884627
2021-07-07,81.189267,81.401245,80.863879,81.255268,75.267267,12055769
2021-07-08,81.10903,81.821479,80.863265,81.76477,75.742333,6659455
2021-07-09,81.651596,82.136036,81.568989,81.801315,75.779298,10773308
2021-07-12,81.793232,82.234454,81.716184,81.988341,75.961914,8947230
2021-07-13,81.602053,82.08759,81.391821,82.016765,75.99137,12747625
2021-07-14,82.065377,82.508771,81.969573,82.399688,76.349297,10760956
2021-07-15,82.674179,82.809388,82.034367,82.177907,76.146927,6049726
2021-07-16,81.938511,82.097722,81.657652,82.053896,76.03514,9245934
2021-07-19,82.050066,82.137437,81.137817,81.51128,75.541632,12842179
2021-07-20,81.604541,82.507755,81.481827,82.14198,76.129268,6250208
2021-07-21,82.128384,82.25595,81.149761,81.336638,75.385972,11748027
2021-07-22,81.157143,82.437701,81.053337,81.753254,75.775219,6535603
2021-07-23,81.855327,82.455627,81.758009,82.265214,76.252875,10026900
2021-07-26,82.500814,82.796511,81.903856,81.943889,75.964393,7690757
2021-07-27,81.931044,82.156124,81.785209,81.951233,75.974321,13119892
2021-07-28,81.726951,82.889786,81.374831,82.396815,76.390542,8700855
2021-07-29,82.453425,83.597842,82.187025,83.321329,77.250836,9047680
2021-07-30,83.457689,83.642984,82.781434,83.093457,77.042731,4418549
2021-08-02,82.809075,83.046031,82.418798,82.810972,76.790276,8549292
2021-08-03,82.759394,83.912575,82.64278,83.640935,77.563083,8301853
2021-08-04,83.392924,83.702755,83.252539,83.464432,77.402584,14402430
2021-08-05,83.785773,83.947132,81.9261,82.408939,76.426888,7621031
2021-08-06,82.476539,83.233394,82.418515,82.740834,76.737842,7805624
2021-08-09,82.60519,83.881387,82.144879,83.699431,77.636456,13692647
2021-08-10,83.93422,84.070463,82.329516,82.82741,76.830757,7626131
2021-08-11,82.99656,84.156503,82.862663,83.916147,77.843867,11026667
2021-08-12,83.578142,84.249781,83.285773,83.792367,77.732236,10990658
2021-08-13,83.844289,84.628876,83.698724,84.579079,78.465273,12562322
2021-08-16,84.419834,85.227602,84.153486,84.962454,78.830647,7469768
2021-08-17,85.044247,85.72928,84.539421,84.604607,78.50185,10356107
2021-08-18,84.581899,85.117356,84.338272,84.936842,78.813356,8543628
2021-08-19,84.914276,85.22296,84.206362,84.241618,78.171465,8729892
2021-08-20,84.492896,84.572846,83.33818,83.62646,77.603819,13004743
2021-08-23,83.678104,84.49844,83.506043,84.070884,78.02585,6857236
2021-08-24,84.046675,85.901189,84.011387,85.367218,79.232226,6242771
2021-08-25,85.364391,85.779093,84.641307,84.83727,78.743597,9969601
2021-08-26,84.921555,85.253577,84.648002,85.178836,79.063876,5028317
2021-08-27,84.989419,85.568469,84.562184,85.187803,79.075446,10198445
2021-08-30,85.329841,85.615296,85.128525,85.31014,79.198763,9703540
2021-08-31,85.056333,85.304853,84.929554,84.974685,78.890578,10081848
2021-09-01,84.842181,85.260316,84.368419,84.59464,78.54097,14346219
2021-09-02,84.482548,84.547605,83.941533,84.430365,78.391669,16460481
2021-09-03,84.488613,84.911162,82.052697,82.733724,76.819532,10307616
2021-09-07,82.73812,84.065812,82.459678,83.926198,77.939564,9094677
2021-09-08,83.410588,83.737964,82.865692,82.91957,77.007904,7725863
2021-09-09,83.074439,83.851543,82.558586,83.444555,77.498644,8174930
2021-09-10,83.253588,84.166626,83.148269,84.011607,78.028494,9401812
2021-09-13,84.327118,85.847971,84.048476,85.001524,78.957639,7007894
2021-09-14,84.977478,86.254361,84.660939,86.076142,79.959131,4796336
2021-09-15,86.218062,86.308709,85.486638,85.694972,79.608318,7431572
2021-09-16,85.829748,86.202316,85.399798,85.8869,79.789891,9282657
2021-09-17,86.394789,86.52607,85.682176,85.809445,79.721209,8602427
2021-09-20,86.049976,86.824581,85.60966,86.727998,80.584518,15742703
2021-09-21,86.82815,87.312839,85.159157,85.461035,79.410562,9359033
2021-09-22,85.319887,86.406513,85.15621,86.34229,80.232721,9340630
2021-09-23,86.42975,86.96232,86.003215,86.745258,80.610486,7653044
2021-09-24,87.076059,87.335897,85.961188,86.366144,80.261479,7952410
2021-09-27,86.440506,87.981603,86.277814,87.657655,81.471738,5022542
2021-09-28,87.513449,89.040666,87.372523,88.569913,82.323,8976030
2021-09-29,88.20595,88.865934,88.168479,88.441307,82.206841,8315907
2021-09-30,88.219372,89.976465,88.003842,89.890687,83.557481,12655997
2021-10-01,89.816378,90.517625,89.368737,90.417395,84.050532,12473778
2021-10-04,90.371962,93.520876,89.999052,92.897747,86.366867,7276794
2021-10-05,92.505751,93.338439,92.232058,93.013092,86.477654,11639496
2021-10-06,92.80648,93.240346,91.804567,92.73162,86.2195,13160860
2021-10-07,92.576281,94.447297,92.270268,94.196704,87.585295,7749997
2021-10-08,94.240305,95.121741,93.587728,94.531574,87.900271,8059945
2021-10-11,94.819512,95.57758,94.6265,95.155918,88.49172,11910787
2021-10-12,95.326019,95.675433,94.449482,94.77166,88.137993,4554725
2021-10-13,95.194181,96.179524,94.888304,95.26972,88.604829,8105489
2021-10-14,95.206147,96.44695,95.008487,96.240686,89.511544,10968526
2021-10-15,96.048373,97.185447,95.733672,96.96116,90.185346,9044789
2021-10-18,96.92672,97.338184,96.617965,97.190231,90.409547,5695304
2021-10-19,97.136882,97.771113,97.091699,97.633088,90.825237,7770740
2021-10-20,97.576658,99.566293,97.308958,99.173503,92.26203,10280407
2021-10-21,99.480156,99.826061,99.188124,99.644339,92.70386,7944422
2021-10-22,99.649022,100.016338,99.106304,99.814446,92.865932,8489209
2021-10-25,99.653258,100.502985,99.537392,99.979044,93.030533,6451138
2021-10-26,100.182451,100.488248,99.350032,99.544846,92.630316,12707423
2021-10-27,99.631382,100.477227,99.494879,100.24449,93.285192,6140403
2021-10-28,100.477175,100.704039,100.107767,100.185248,93.233892,8373451
2021-10-29,100.507985,100.585912,99.194841,99.431799,92.536521,11912981
2021-11-01,99.461873,99.764311,98.777297,99.063116,92.204764,6894994
2021-11-02,99.001765,99.92434,98.808074,99.844805,92.936152,8557448
2021-11-03,99.841906,100.192477,99.610848,99.730297,92.83338,5783583
2021-11-04,99.712938,99.802847,99.55348,99.618163,92.732809,8607691
2021-11-05,99.668723,100.009302,99.54729,99.748152,92.857626,10700608
2021-11-08,99.409104,99.662325,98.32227,98.390742,91.605271,11335462
2021-11-09,98.54341,98.719572,97.969841,98.135007,91.370925,12396571
2021-11-10,98.177263,99.941954,97.953604,99.349805,92.50579,8098362
2021-11-11,99.364416,99.820932,99.249549,99.502247,92.651535,14326379
2021-11-12,99.407221,99.592838,99.10645,99.534486,92.685361,10097067
2021-11-15,99.632258,99.869814,99.182889,99.258425,92.439685,23014202
2021-11-16,99.073909,99.6677,98.865322,99.575462,92.738751,6345673
2021-11-17,99.680074,99.981295,97.595721,98.003913,91.278851,12627998
2021-11-18,98.556933,98.902734,97.042753,97.652619,90.955398,5960304
2021-11-19,98.182628,98.35678,96.352378,97.192335,90.530398,9553402
2021-11-22,97.530205,97.623995,96.807068,97.08187,90.438647,10822870
2021-11-23,97.10932,97.994356,96.855611,97.913612,91.217219,11484806
2021-11-24,98.206832,98.414536,97.211749,98.242131,91.52703,4916522
2021-11-26,97.997612,98.143677,97.815538,97.961905,91.273454,7475495
2021-11-29,97.859714,98.012717,96.547906,97.055909,90.440458,6850995
2021-11-30,97.472507,97.736577,96.021209,96.487058,89.914073,5696116
2021-12-01,96.770872,98.764788,96.260861,98.318751,91.624749,14124141
2021-12-02,97.99388,98.552856,97.751999,98.155018,91.47592,5749917
2021-12-03,98.10065,99.117457,97.829376,98.553321,91.850892,7781214
2021-12-06,98.870817,99.203809,97.287277,97.857873,91.213977,9269722
2021-12-07,97.644195,98.32925,97.550242,97.854173,91.214274,11805823
2021-12-08,97.799138,98.38359,97.085171,97.854467,91.218294,12915608
2021-12-09,97.886845,97.978411,97.100081,97.640514,91.022588,9728385
2021-12-10,97.584555,97.970214,96.254211,96.654672,90.107266,12222354
2021-12-13,96.866822,97.783052,96.759064,97.367878,90.783344,17995255
2021-12-14,97.189074,97.747263,96.535697,97.396397,90.813663,8185067
2021-12-15,97.244107,98.745243,97.009615,98.332089,91.689881,10292830
2021-12-16,98.699242,99.117202,98.206452,98.308718,91.671853,10746286
2021-12-17,98.123086,98.309169,97.306281,97.518767,90.938966,8615951
2021-12-20,97.852731,98.209365,96.881978,97.231493,90.682247,11733341
2021-12-21,97.252383,97.455814,96.605246,97.068497,90.533947,6458689
2021-12-22,97.084589,98.17885,96.750947,98.095648,91.495709,9007961
2021-12-23,97.869224,98.479962,97.723031,97.810431,91.233428,8822851
2021-12-27,98.020992,98.425257,97.969483,98.095481,91.514343,12157938
2021-12-28,97.892394,98.966221,97.433852,98.814158,92.18859,10045900
2021-12-29,98.440954,99.633924,97.820353,99.086934,92.446873,10576093
2021-12-30,99.251387,99.35501,98.582754,98.859561,92.238525,11309417
2021-12-31,99.076829,99.13972,98.176663,98.358445,91.774739,6855604
2022-01-03,98.271165,98.427777,97.856818,98.142739,91.584755,10053789
2022-01-04,97.942317,99.193185,97.601249,99.017902,92.405234,11961469
2022-01-05,98.793882,99.215273,98.590469,99.16348,92.54489,11100835
2022-01-06,99.038354,99.402728,98.817368,99.10889,92.497743,9752008
2022-01-07,99.313345,99.813706,98.43987,98.659151,92.081785,13057065
2022-01-10,98.975557,99.358286,98.706365,99.293494,92.685257,9044408
2022-01-11,99.264074,99.81292,98.515767,98.937416,92.356669,11161017
2022-01-12,99.052024,100.184868,98.981586,99.674481,93.04853,10101357
2022-01-13,99.122619,100.636306,99.042392,100.341255,93.674827,8972274
2022-01-14,100.471368,101.448878,100.219418,100.942428,94.23993,9893609
2022-01-18,101.332818,101.43516,100.817531,101.01542,94.323568,7777502
2022-01-19,101.05943,101.179163,100.53991,100.952005,94.268225,7051142
2022-01-20,101.060333,101.935035,100.398591,101.513093,94.796058,16117881
2022-01-21,101.846664,102.284127,101.691059,102.067281,95.31749,9122118
2022-01-24,101.76121,102.312799,101.462106,101.831493,95.109012,7589336
2022-01-25,101.857724,102.097172,101.407844,101.670126,94.962198,6290931
2022-01-26,101.529977,101.885889,101.284013,101.821239,95.107246,10193043
2022-01-27,101.895519,101.987137,100.950118,101.163114,94.496398,10175437
2022-01-28,101.512685,101.653525,100.899159,101.028063,94.374122,13763819
2022-01-31,101.068711,101.60204,100.742644,101.380493,94.715009,5861924
2022-02-01,101.336063,101.549686,100.377258,100.601615,93.991201,7951250
2022-02-02,100.680093,101.46366,100.398494,101.148433,94.505969,11791757
2022-02-03,101.059008,101.327905,100.391112,100.948981,94.323489,10897334
2022-02-04,100.894523,101.036221,100.449446,100.667609,94.064446,11521551
2022-02-07,100.728304,101.108358,100.154088,101.007224,94.393414,10272804
2022-02-08,100.865677,101.159062,100.622905,100.777488,94.182589,5914375
2022-02-09,100.55727,101.628711,100.353276,101.263692,94.640862,15682227
2022-02-10,101.204707,101.860823,100.963192,101.518658,94.883049,8871234
2022-02-11,101.426609,101.775534,100.966341,101.073138,94.47053,6576501
2022-02-14,100.997052,101.632594,100.811884,101.124691,94.53036,8181006
2022-02-15,101.007725,101.423053,100.744432,101.137848,94.546542,9481953
2022-02-16,101.22352,101.432044,101.030839,101.254279,94.659272,6388619
2022-02-17,101.442324,101.559641,99.749435,99.990791,93.481918,8582083
2022-02-18,100.102145,101.116105,99.996202,100.78692,94.230093,9377636
2022-02-22,101.013743,101.249708,100.322762,100.934491,94.383567,9176556
2022-02-23,100.714126,102.066356,100.615494,101.684481,95.088786,11424066
2022-02-24,101.94274,102.059111,100.381041,100.928725,94.385927,8936199
2022-02-25,101.003878,101.230149,100.005786,100.53229,94.019053,6107900
2022-02-28,100.831838,101.359058,100.418576,100.523212,94.022146,12101257
2022-03-01,100.499122,101.067882,100.279452,100.867893,94.34841,16193704
2022-03-02,100.958755,101.762858,100.829595,101.572236,95.011131,15096471
2022-03-03,101.773835,101.895459,101.316044,101.658111,95.095364,7288038
2022-03-04,101.901013,102.418167,100.099094,100.407621,93.929459,16426380
2022-03-07,100.341852,100.743823,99.885785,100.080416,93.6349,9664840
2022-03-08,100.179947,100.351499,99.391689,99.511324,93.106283,8938780
2022-03-09,99.397808,100.566796,99.357647,99.895815,93.469865,7049571
2022-03-10,100.406529,100.460265,99.956774,100.337704,93.887184,7274097
2022-03-11,100.071678,100.901592,100.011404,100.228881,93.789209,5190105
2022-03-14,99.947726,100.59143,99.832924,100.244831,93.815693,10940221
2022-03-15,100.510398,100.834145,100.076892,100.642718,94.191929,11525016
2022-03-16,100.947416,101.094574,100.174996,100.421829,93.989058,10947486
2022-03-17,100.143649,101.09942,100.030155,100.727666,94.279175,9300745
2022-03-18,100.994683,101.870229,100.729884,101.801734,95.288396,5651385
2022-03-21,101.871556,102.061745,101.22231,101.744018,95.246107,7441229
2022-03-22,102.044675,102.492131,101.987442,102.41792,95.880908,12559055
2022-03-23,102.524283,103.101729,102.078063,103.059623,96.485615,9543007
2022-03-24,103.202451,103.259947,102.661204,102.814467,96.26005,15894827
2022-03-25,102.946512,103.205213,102.657033,102.883695,96.328821,17155295
2022-03-28,103.0964,103.626785,102.613414,103.481471,96.900449,3403893
2022-03-29,103.82547,104.65384,103.374465,104.539447,97.895162,7882479
2022-03-30,104.646012,104.715226,103.994493,104.452768,97.81801,9642687
2022-03-31,104.164548,104.53113,103.633901,104.361982,97.737004,7091959
2022-04-01,104.550588,105.843649,104.351274,105.528504,98.833533,11138299
2022-04-04,105.420974,105.505311,105.066064,105.398867,98.724282,8335660
2022-04-05,105.32646,106.583888,105.053246,106.515973,99.774743,7871869
2022-04-06,106.624643,106.981532,105.951646,106.085101,99.375222,8005292
2022-04-07,106.399041,106.520607,106.026512,106.336224,99.614552,10269795
2022-04-08,106.445432,106.727708,106.287149,106.627412,99.891435,10903897
2022-04-11,106.62257,106.963717,105.805751,106.041317,99.354606,9824739
2022-04-12,105.786815,106.099627,105.696253,105.951311,99.274353,7524691
2022-04-13,106.260412,106.675296,105.454436,105.855219,99.188389,15752001
2022-04-14,105.752127,107.035686,105.255674,106.593971,99.884717,15488705
2022-04-18,106.462578,106.855908,106.009066,106.631903,99.936676,8480037
2022-04-19,106.616971,106.883429,105.222874,105.273729,98.667831,8328793
2022-04-20,105.007325,105.773306,104.002373,104.152907,97.62135,6451133
2022-04-21,103.846871,105.615652,103.375989,104.888243,98.31461,10733187
2022-04-22,104.832203,105.359447,104.001253,104.269245,97.738419,8889101
2022-04-25,104.144653,104.493929,103.608732,103.923265,97.426112,8412314
2022-04-26,104.104763,105.175946,103.897732,105.108789,98.541566,9582869
2022-04-27,104.603426,105.383699,104.260679,104.949985,98.396725,5979376
2022-04-28,104.62613,104.839222,104.41316,104.477836,97.95808,9892738
2022-04-29,104.698998,104.84731,103.354042,103.510684,97.055268,15414029
2022-05-02,103.413254,103.847169,102.936859,103.521445,97.077317,11732738
2022-05-03,103.426114,103.918357,103.287438,103.61803,97.17188,10764178
2022-05-04,103.307251,105.278985,103.078689,104.584697,98.082438,9104917
2022-05-05,104.244445,104.43116,103.269947,103.519326,97.087291,6313447
2022-05-06,103.486934,104.622594,103.415714,103.937225,97.483228,4809231
2022-05-09,103.833617,105.078442,103.59395,104.97398,98.467736,10133494
2022-05-10,105.203436,105.295424,104.571796,104.802394,98.310822,5637276
2022-05-11,105.027641,105.650135,103.442562,103.822897,97.395995,7124352
2022-05-12,104.097346,105.445311,103.876826,104.961672,98.468321,12475129
2022-05-13,105.005516,105.225979,104.576653,104.725766,98.251044,5825544
2022-05-16,104.705937,104.795101,104.19828,104.617651,98.161706,11146731
2022-05-17,104.705603,105.001085,104.217105,104.728267,98.269532,9863177
2022-05-18,104.673268,105.486118,104.309739,104.973172,98.503379,11394383
2022-05-19,105.088759,106.273988,104.630375,105.714368,99.202967,10607243
2022-05-20,105.613217,105.878369,104.799768,105.103387,98.633669,5083678
2022-05-23,105.219012,105.802741,104.906954,104.989636,98.53906,7055775
2022-05-24,105.544838,106.596054,104.617322,105.132307,98.677018,6957109
2022-05-25,105.371768,105.557754,104.831661,105.110464,98.660567,9966412
2022-05-26,105.317375,105.753557,105.118204,105.475884,99.00763,16419441
2022-05-27,105.205885,105.935732,105.074075,105.81065,99.325946,6354088
2022-05-31,105.955001,106.478088,105.771334,106.31592,99.816645,8548689
2022-06-01,105.9276,106.916183,105.338624,106.767141,100.2444,15325098
2022-06-02,107.049983,107.21013,105.677258,106.422898,99.92529,6389734
2022-06-03,106.126952,107.481676,105.645451,107.155533,100.617327,7361614
2022-06-06,107.112315,107.923014,107.042642,107.695441,101.136752,13983082
2022-06-07,107.770608,108.536822,107.429945,108.461843,101.860662,6417273
2022-06-08,108.725981,109.147661,108.032507,108.208721,101.627119,8802847
2022-06-09,108.25753,108.411703,107.53833,107.746684,101.197341,10711770
2022-06-10,107.699977,108.435342,107.450704,108.242776,101.667453,8639286
2022-06-13,108.455153,109.078322,107.427906,107.511767,100.993292,12199800
2022-06-14,107.434151,108.062656,106.707004,106.769815,100.300444,5204860
2022-06-15,106.397303,106.793658,105.917491,106.296337,99.859756,14018624
2022-06-16,106.541047,106.88143,105.675165,106.13225,99.709699,7468680
2022-06-17,106.288245,107.237171,105.901477,107.016567,100.544632,5958564
2022-06-21,106.614102,107.923429,106.13868,107.261755,100.791547,11904793
2022-06-22,107.197684,107.309205,106.118457,106.421257,100.005856,10456888
2022-06-23,106.281634,106.436488,105.740881,105.91348,99.532778,10270555
2022-06-24,105.77812,105.900949,105.303945,105.636411,99.276477,8187037
2022-06-27,106.033186,106.196854,105.814523,106.140299,99.762318,6881181
2022-06-28,106.2931,106.353908,106.057412,106.293605,99.910516,10593078
2022-06-29,106.510843,106.753379,105.90702,106.163993,99.792785,7991784
2022-06-30,106.232956,106.546488,105.765039,106.203108,99.833652,15341002
2022-07-01,106.218531,106.721241,106.028983,106.226224,99.859483,7263383
2022-07-05,105.962962,106.22015,105.84248,106.085634,99.743703,8403003
2022-07-06,106.416938,106.507691,105.588042,105.71405,99.398414,9262406
2022-07-07,106.205823,106.75698,106.123687,106.555914,100.194098,10463132
2022-07-08,106.782735,107.029584,105.838028,106.173021,99.838165,8723594
2022-07-11,105.904556,106.441648,105.536234,106.270157,99.941818,6702840
2022-07-12,106.299791,106.520422,106.066468,106.205819,99.885414,6905795
2022-07-13,106.722485,106.799582,106.481599,106.617108,100.276344,6523743
2022-07-14,106.691535,106.806972,106.096615,106.489814,100.160734,8727080
2022-07-15,106.73188,107.158611,106.007925,106.174612,99.868367,9046516
2022-07-18,106.332594,106.50725,105.567699,105.763141,99.493593,9971365
2022-07-19,105.411243,106.598949,105.272143,106.510675,100.200928,6231705
2022-07-20,106.061517,106.507203,105.959204,106.29436,100.001534,13778828
2022-07-21,106.432378,107.640603,106.12028,107.321897,100.972386,10234741
2022-07-22,107.457167,107.645629,107.034573,107.203884,100.865498,6300034
2022-07-25,107.289228,107.67735,107.119814,107.306681,100.974656,14503356
2022-07-26,107.313082,107.604702,105.471491,105.801886,99.562746,12411030
2022-07-27,105.643225,105.761128,105.440128,105.647268,99.421329,11488333
2022-07-28,105.362419,105.503733,104.559799,105.303141,99.101551,10250792
2022-07-29,105.606099,106.179386,104.861217,104.94072,98.76453,8968271
2022-08-01,104.886611,105.03452,103.902446,104.153466,98.035687,10516343
2022-08-02,104.300127,104.538975,103.051071,103.629437,97.546444,9237254
2022-08-03,103.875209,104.422916,103.32917,103.597231,97.520133,10679852
2022-08-04,103.577348,104.582598,103.414666,104.195816,98.087633,8851884
2022-08-05,104.110792,105.403621,103.928792,105.205378,99.04208,8146005
2022-08-08,105.178577,105.262262,104.426574,104.605437,98.489419,9891593
2022-08-09,104.743054,104.938577,104.068463,104.369187,98.271017,11061705
2022-08-10,104.391585,104.714287,103.358401,103.525918,97.481023,9521149
2022-08-11,103.383973,103.644651,103.339135,103.464806,97.427481,5987039
2022-08-12,103.224462,103.697402,102.858175,103.466462,97.433041,11175664
2022-08-15,103.632666,104.087785,103.302859,103.810333,97.768905,5426911
2022-08-16,103.794286,103.927736,103.195666,103.458821,97.441852,10112175
2022-08-17,103.653375,104.217657,103.412938,103.928747,97.888468,9642579
2022-08-18,104.072493,104.282351,103.881306,104.104009,98.05757,7081930
2022-08-19,104.04416,104.409013,103.595775,104.294836,98.241348,6875082
2022-08-22,104.622467,104.988175,103.99403,104.147174,98.114344,9889521
2022-08-23,104.40412,104.738473,103.154356,103.393668,97.408486,8745397
2022-08-24,103.195966,103.458992,102.410524,102.475176,96.547128,10907209
2022-08-25,102.655018,103.977775,102.588793,103.660191,97.667603,14366796
2022-08-26,104.036572,104.660069,103.966264,104.554656,98.514404,8888271
2022-08-29,105.090104,106.174063,104.895413,105.624212,99.534433,6762631
2022-08-30,105.276916,105.368005,104.417409,105.306162,99.238795,7916187
2022-08-31,105.088444,105.316215,104.615525,105.164893,99.109736,5713820
2022-09-01,105.059078,106.123463,104.784739,106.038411,99.937063,10120121
2022-09-02,105.6403,108.365868,105.091091,107.925235,101.719498,10551873
2022-09-06,108.152665,108.912199,106.99094,107.140478,100.996454,7298143
2022-09-07,107.044468,107.880985,106.973726,107.296305,101.147499,14512890
2022-09-08,107.031672,107.267756,106.14808,106.276156,100.189926,9815868
2022-09-09,106.408599,106.820014,105.941521,106.736737,100.628263,6212992
2022-09-12,106.827989,108.47847,105.972202,108.114358,101.939602,8169898
2022-09-13,107.384392,107.877179,107.212401,107.561617,101.422595,8601541
2022-09-14,107.551631,109.700667,107.219946,109.190198,102.962454,10318955
2022-09-15,109.054796,110.210759,108.420208,109.589815,103.343523,8792153
2022-09-16,109.635384,109.795913,107.572143,107.968599,101.818892,11168188
2022-09-19,107.309327,108.13016,106.206768,106.639622,100.578003,10267471
2022-09-20,106.592053,107.707689,105.594958,107.416167,101.314568,7262481
2022-09-21,106.710738,108.07118,106.492548,107.164935,101.081758,8815010
2022-09-22,107.303557,107.373469,106.379339,106.469626,100.430042,11618814
2022-09-23,106.719443,107.842509,105.893983,107.318474,101.234896,6378601
2022-09-26,107.328921,107.453849,106.710686,106.882156,100.835734,12651426
2022-09-27,106.521797,107.539943,105.849208,107.084856,101.031116,6760631
2022-09-28,106.357866,108.181027,106.103766,107.41506,101.346815,18035238
2022-09-29,107.128945,108.379106,107.07957,108.198083,102.089795,9143942
2022-09-30,107.883186,108.577354,107.22776,108.095439,101.997134,9718163
2022-10-03,107.87342,108.069239,106.685837,107.086529,101.057592,13277680
2022-10-04,106.683562,108.142592,106.366983,108.019608,101.942326,16505260
2022-10-05,107.971903,108.884035,107.245127,107.340391,101.305483,8960049
2022-10-06,106.87579,107.470632,106.351173,107.151765,101.131615,7217197
2022-10-07,107.478758,107.744352,107.228835,107.563933,101.524795,13740202
2022-10-10,107.465726,107.733368,106.714904,107.194311,101.188392,9512926
2022-10-11,107.168376,107.918473,106.483592,107.578233,101.554974,12514105
2022-10-12,108.147451,108.696775,107.610971,107.685396,101.660311,8942111
2022-10-13,107.937936,108.088833,105.587824,105.822008,99.905284,7797510
2022-10-14,106.159663,106.830849,105.975457,106.018574,100.09497,8430902
2022-10-17,106.138073,106.272164,104.830201,105.19183,99.326656,11674045
2022-10-18,105.862645,106.109576,104.371445,105.042167,99.189411,8647806
2022-10-19,104.877155,105.304934,103.974648,105.196282,99.339018,9557368
2022-10-20,105.536412,105.712577,104.174792,104.832808,98.999848,13759679
2022-10-21,104.621175,104.962382,104.093689,104.552164,98.738874,8536899
2022-10-24,104.255518,104.375739,103.134779,103.561624,97.815461,9514012
2022-10-25,103.633479,103.735085,103.13387,103.29734,97.569847,8080968
2022-10-26,103.500886,104.491164,103.084292,104.38903,98.605056,5994991
2022-10-27,104.875328,105.401364,104.580136,105.111201,99.29129,8827023
2022-10-28,104.985302,105.278993,104.455197,104.697476,98.904535,11145685
2022-10-31,105.371422,105.523696,104.3495,104.552226,98.779491,14545249
2022-11-01,104.091946,104.248946,103.298261,103.759627,98.034681,8049003
2022-11-02,103.576684,104.21478,103.301255,103.945686,98.214507,8017278
2022-11-03,104.095035,105.099199,103.617958,104.606222,98.842683,7024075
2022-11-04,104.285497,104.399872,103.508247,103.580968,97.877937,7681411
2022-11-07,103.780709,104.839334,103.499564,104.728433,98.974417,9273608
2022-11-08,104.660914,105.076349,104.188138,104.780916,99.028084,10279398
2022-11-09,105.07134,105.210107,104.434204,104.734562,98.98834,7210036
2022-11-10,104.893603,105.501155,104.542441,105.301904,99.528642,11826502
2022-11-11,105.074702,107.098614,105.019597,106.590323,100.75056,8507995
2022-11-14,106.603872,107.813977,106.430151,107.352843,101.483806,6034926
2022-11-15,106.903415,108.181796,106.418842,107.505876,101.632647,6968776
2022-11-16,107.596096,108.645256,106.840579,108.258335,102.348201,9003599
2022-11-17,108.14419,108.544879,107.089164,107.689112,101.814235,11434993
2022-11-18,107.999545,108.531847,107.47371,107.711395,101.839484,8818636
2022-11-21,107.427568,108.11379,107.152005,107.727409,101.867175,6179720
2022-11-22,107.901584,108.536482,106.73187,106.93824,101.125088,13605986
2022-11-23,106.795508,109.160196,106.67147,108.742481,102.835474,4114669
2022-11-25,109.170694,109.315449,107.746569,108.526839,102.639976,6458020
2022-11-28,108.911849,109.176727,108.110772,108.335934,102.472051,6533775
2022-11-29,107.978974,108.840431,107.520559,108.695725,102.81659,13347486
2022-11-30,109.179887,109.481845,106.876343,107.113447,101.324055,7874953
2022-12-01,107.198807,107.394505,106.67502,106.854766,101.083506,10718834
2022-12-02,107.058629,107.545724,106.875586,106.951934,101.179581,6859556
2022-12-05,106.587334,107.135879,105.568915,106.441855,100.709439,15124129
2022-12-06,106.79938,107.404155,106.500259,107.019693,101.260316,14675286
2022-12-07,106.630435,106.805904,104.202371,104.634003,99.00708,9543464
2022-12-08,105.016593,107.402115,104.610068,106.726269,100.990978,13288010
2022-12-09,107.001158,107.296456,104.792238,105.379996,99.721147,7589134
2022-12-12,105.386617,106.339693,104.475061,106.259685,100.565986,11936338
2022-12-13,106.39317,106.575475,105.671021,105.868322,100.199708,5811006
2022-12-14,106.259651,106.669663,104.113928,104.234747,98.657653,13533906
2022-12-15,104.927415,105.867193,103.927879,105.410046,99.774165,10095129
2022-12-16,105.223206,108.261153,104.748119,108.064162,102.290576,13262601
2022-12-19,107.739983,108.104968,107.551667,107.778035,102.032306,8824277
2022-12-20,108.211464,108.610946,106.000121,106.768546,101.080784,9083038
2022-12-21,106.742016,106.912927,104.754019,105.227286,99.625721,8463560
2022-12-22,104.924834,104.968861,103.672444,104.785565,99.211589,8576547
2022-12-23,104.309052,105.451516,103.749467,103.950156,98.424661,6946655
2022-12-27,103.750116,106.192033,103.25682,105.59267,99.996292,7382077
2022-12-28,105.036162,106.007671,104.962766,105.586989,99.995018,6298262
2022-12-29,105.682316,106.293434,105.016385,105.866102,100.263467,10904089
2022-12-30,105.95744,108.929769,105.849322,108.646947,102.90137,13088809
2023-01-03,108.211556,109.14633,107.444922,108.982574,103.236206,8348390
2023-01-04,109.599514,110.034096,108.432122,108.580168,102.859242,6915348
2023-01-05,108.407812,108.986223,107.921478,108.35849,102.653459,12702211
2023-01-06,108.219643,109.430357,107.777576,108.696071,102.977496,8941737
2023-01-09,108.559329,109.350065,108.269806,109.302543,103.56482,8452447
2023-01-10,109.267011,109.439345,108.832074,109.209161,103.480589,11675573
2023-01-11,109.077752,109.462018,108.586569,108.928306,103.218705,8212970
2023-01-12,109.073499,109.175084,108.396195,108.458752,102.777984,12161474
2023-01-13,108.386755,108.70054,107.418131,108.029399,102.375324,9710617
2023-01-17,107.928735,109.063199,107.534536,108.550479,102.886031,10343841
2023-01-18,108.229489,109.404804,107.89031,109.047669,103.361521,11524338
2023-01-19,109.108565,109.240076,108.736893,108.870112,103.197461,5538494
2023-01-20,108.581446,108.727934,107.669936,108.034497,102.409591,7667594
2023-01-23,107.835606,108.209981,107.517533,107.567041,101.979037,6696306
2023-01-24,107.337969,107.539807,106.848162,107.280303,101.711371,7078432
2023-01-25,107.224441,109.187885,106.850484,108.721889,103.082358,11405541
2023-01-26,108.549199,108.623506,107.631779,107.904231,102.311314,6642775
2023-01-27,107.650178,108.524901,107.157986,108.107019,102.507801,17915199
2023-01-30,107.948462,108.2908,106.684406,107.111152,101.576027,10740629
2023-01-31,107.522517,108.432564,107.209511,108.102951,102.520783,8797713
2023-02-01,108.183767,108.334894,107.191751,107.951254,102.381124,12366218
2023-02-02,108.26216,108.678479,108.051996,108.440499,102.849348,5685471
2023-02-03,108.486272,108.928441,106.529939,106.867434,101.361553,11815827
2023-02-06,106.788281,107.2939,105.819336,106.249744,100.788103,12762106
2023-02-07,106.224993,107.762116,105.853816,107.397252,101.880809,6299228
2023-02-08,107.837189,108.957694,107.66493,108.750728,103.169,13473416
2023-02-09,108.835227,109.902679,106.628361,107.255094,101.75431,11735899
2023-02-10,106.942211,107.491355,105.491741,105.71631,100.298564,6234855
2023-02-13,106.089875,106.895689,105.005614,105.086695,99.713501,8116705
2023-02-14,105.160478,105.63396,104.190033,104.235451,98.909844,16071580
2023-02-15,104.327417,105.89996,104.083167,105.300719,99.924788,14087735
2023-02-16,105.358224,105.646112,103.435572,103.507173,98.226842,16348856
2023-02-17,103.926048,104.009933,102.815452,103.464228,98.19012,6734384
2023-02-21,103.099858,103.371287,102.681623,102.807312,97.58272,8639583
2023-02-22,102.816987,105.071646,102.577287,104.865844,99.540726,6569345
2023-02-23,104.234078,105.390112,103.324121,103.855946,98.586159,12289043
2023-02-24,104.051391,104.591317,102.073922,102.561272,97.361177,7463734
2023-02-27,102.328948,104.899679,102.131817,104.791578,99.490658,6842788
2023-02-28,104.853189,105.159659,104.220156,105.083021,99.771456,8913919
2023-03-01,104.823824,105.391474,103.819108,104.951892,99.651047,4978943
2023-03-02,105.529516,105.740612,104.237928,104.483722,99.210598,11422337
2023-03-03,104.35118,104.498697,103.7541,104.106193,98.856182,9003812
2023-03-06,104.177882,106.555776,103.703498,106.047301,100.711808,5671274
2023-03-07,106.391421,108.869089,106.087563,108.148581,102.711586,8677014
2023-03-08,107.772879,108.264042,107.099195,108.199932,102.764575,16383252
2023-03-09,107.656513,111.570898,106.942871,111.08329,105.507423,5077141
2023-03-10,111.126969,113.372332,110.409644,112.93557,107.271132,6363429
2023-03-13,112.454246,112.828258,111.227041,111.648188,106.061387,8086627
2023-03-14,111.817399,113.112719,111.385228,111.430918,105.859336,9119783
2023-03-15,111.536265,111.977886,110.215803,110.540522,105.017773,7064027
2023-03-16,110.618593,112.044729,110.329834,110.865777,105.331103,6683471
2023-03-17,110.689586,111.831454,109.518593,109.773492,104.297631,10169785
2023-03-20,109.62715,111.071226,108.774569,110.967616,105.445179,7527791
2023-03-21,110.927523,112.536323,109.994061,112.113614,106.538519,6994853
2023-03-22,112.024804,113.151206,111.8415,112.387737,106.803398,6140781
2023-03-23,112.170099,114.615549,111.841164,114.566843,108.878699,8852460
2023-03-24,114.033077,115.455773,113.81133,114.64982,108.962031,7798411
2023-03-27,114.261265,115.417085,112.7904,113.130621,107.531447,8817452
2023-03-28,112.608687,113.141679,112.042249,112.387397,106.829395,8039815
2023-03-29,112.274124,112.588195,112.079353,112.230352,106.684497,6210803
2023-03-30,111.880104,112.279556,108.487972,109.308774,103.911556,12129740
2023-03-31,109.407764,110.101858,108.49999,109.113424,103.730112,8909099
2023-04-03,109.200886,109.794437,107.819005,108.089458,102.769326,8045434
2023-04-04,107.98319,108.972863,107.89225,108.307061,102.980448,4183702
2023-04-05,108.152912,108.484927,107.328356,108.313897,102.991177,8608171
2023-04-06,108.476889,108.538831,107.8216,108.302653,102.984715,8614171
2023-04-10,107.962738,108.482765,107.788045,108.25188,102.953346,14022227
2023-04-11,108.220268,109.166237,107.556915,108.996786,103.666048,8782445
2023-04-12,108.857171,109.974291,108.671628,109.202665,103.866124,5671073
2023-04-13,108.803693,110.211005,108.436754,109.687372,104.331428,10889794
2023-04-14,109.570369,109.865938,107.129442,107.390256,102.150674,12526458
2023-04-17,107.094766,107.406242,106.108903,106.39005,101.211737,13791865
2023-04-18,106.479291,106.907839,106.134723,106.852741,101.656082,11173545
2023-04-19,106.880284,107.040177,106.325619,106.765776,101.577518,5895649
2023-04-20,106.964248,107.414655,106.044322,106.799537,101.613812,9189804
2023-04-21,106.673585,107.843615,106.351766,107.298106,102.092365,3957715
2023-04-24,107.080736,107.308332,106.479689,106.739485,101.573359,7190971
2023-04-25,106.707054,107.597095,106.662415,107.117741,101.937495,6176762
2023-04-26,107.034061,107.206936,105.876679,106.676023,101.521307,11056949
2023-04-27,106.50651,107.608425,105.827502,106.857594,101.698281,13019904
2023-04-28,107.304723,107.35862,105.91055,106.041414,100.925653,11407392
2023-05-01,105.832214,105.973263,105.395847,105.804321,100.712405,8921506
2023-05-02,106.04471,106.652988,105.802855,105.929658,100.835851,10878615
2023-05-03,105.964251,107.211867,105.777574,106.691596,101.565321,11110482
2023-05-04,106.799104,107.197046,105.580454,106.01025,100.920856,5337863
2023-05-05,105.924027,106.19228,105.413883,105.960403,100.877545,8361244
2023-05-08,105.699635,106.425978,105.571697,105.653125,100.5974,16337420
2023-05-09,105.703975,105.978079,105.325992,105.465935,100.423291,10251003
2023-05-10,105.354648,106.008384,104.998184,105.923034,100.862678,9395700
2023-05-11,105.693685,106.138964,105.399937,105.904837,100.849492,17604274
2023-05-12,106.101635,106.276169,105.808816,105.994204,100.938738,9759334
2023-05-15,106.465934,107.032269,105.508607,105.679184,100.651143,8456454
2023-05-16,105.948814,106.029147,104.915542,105.079347,100.083955,10661837
2023-05-17,104.692454,104.986792,104.239994,104.399079,99.44011,7130046
2023-05-18,104.504101,105.042757,104.425953,104.951308,99.970214,7037442
2023-05-19,104.677327,105.442491,104.370101,105.322132,100.327558,9277799
2023-05-22,105.298407,106.66926,105.234304,105.922022,100.911432,12756540
2023-05-23,105.988275,106.13189,105.383864,105.510806,100.523796,12363843
2023-05-24,105.442642,105.965471,105.082465,105.44657,100.466722,9579115
2023-05-25,105.106247,105.613207,104.596023,104.932681,99.981208,11594660
2023-05-26,105.024787,105.72714,103.803021,104.558668,99.628936,5739938
2023-05-30,104.804274,105.268353,104.545969,104.913425,99.98339,15713135
2023-05-31,105.076586,105.714346,104.970415,105.589256,100.631595,7087070
2023-06-01,105.638525,106.704995,105.4335,106.151635,101.171724,5094608
2023-06-02,106.182318,106.302114,105.849248,106.043133,101.072463,9015365
2023-06-05,106.230866,106.771768,105.9712,106.357398,101.384487,13557609
2023-06-06,106.330164,106.623234,105.422673,106.015011,101.062259,9171657
2023-06-07,105.883377,106.236737,104.874521,105.016512,100.114519,14706554
2023-06-08,104.827933,106.232595,104.329947,105.870525,100.932813,8070979
2023-06-09,105.746019,108.527474,105.312919,108.056448,103.021017,10920946
2023-06-12,108.249578,108.622669,106.311475,107.148252,102.167729,14968713
2023-06-13,107.045821,107.379483,106.307791,107.161517,102.184574,9664196
2023-06-14,106.918994,108.665515,106.518337,107.996887,102.985376,8730040
2023-06-15,108.280451,109.498608,108.08212,109.053869,103.99758,6795401
2023-06-16,109.086331,109.775658,108.876592,109.713904,104.63131,13848814
2023-06-20,109.268592,109.805813,109.21105,109.445345,104.39234,15219814
2023-06-21,109.702288,110.522687,109.631427,110.112709,105.033205,6859053
2023-06-22,109.76758,110.79624,109.63343,110.432596,105.342663,20519968
2023-06-23,110.143359,111.095303,109.906893,110.95557,105.845879,6927245
2023-06-26,110.811802,112.496113,110.529732,112.377918,107.215933,10362924
2023-06-27,112.283348,112.857032,111.982717,112.661841,107.49123,7438429
2023-06-28,112.509481,112.606874,111.199994,111.617695,106.499378,10522093
2023-06-29,111.647733,112.213326,109.912728,110.359608,105.303305,8208502
2023-06-30,110.885558,112.39726,110.840574,112.051748,106.922308,15930469
2023-07-03,111.865061,112.544763,111.625108,112.270334,107.144088,7851896
2023-07-05,113.004737,113.475971,112.078892,112.730033,107.591634,8929492
2023-07-06,112.378202,113.434361,111.994105,112.769217,107.633452,6062540
2023-07-07,112.680034,113.322461,111.921823,112.180673,107.076109,10298364
2023-07-10,112.081758,113.296333,111.474816,113.188269,108.051168,13420069
2023-07-11,112.546354,112.957737,111.025652,111.37336,106.322995,7197453
2023-07-12,111.177156,111.799861,110.804818,111.082794,106.049961,10715559
2023-07-13,111.116329,112.50469,110.996745,111.548694,106.499126,7649461
2023-07-14,111.904162,112.62389,111.841972,112.355601,107.273911,9664998
2023-07-17,112.719763,113.396715,112.297186,113.320831,108.208816,8317738
2023-07-18,113.555307,115.666708,113.189719,115.400124,110.198836,7144218
2023-07-19,115.446404,115.929996,113.638176,114.019697,108.885099,9375731
2023-07-20,114.212115,115.728399,113.851645,115.282388,110.095449,7750708
2023-07-21,115.190985,115.924852,113.150811,113.898967,108.77874,5142279
2023-07-24,114.63658,114.957245,112.096762,112.856013,107.79595,8086542
2023-07-25,113.294709,114.40397,112.747901,113.782506,108.685367,7710845
2023-07-26,114.108268,114.191326,113.133089,113.416802,108.340494,11541514
2023-07-27,112.549014,113.45778,111.609779,113.345316,108.276655,7047803
2023-07-28,112.715759,113.324965,111.884491,112.244777,107.229733,11364000
2023-07-31,112.261477,113.598978,111.882059,112.73226,107.708705,8844393
2023-08-01,113.123946,113.476247,112.494032,112.912424,107.885272,7128661
2023-08-02,113.123153,113.28406,111.044283,111.549491,106.587397,8501125
2023-08-03,111.916146,112.589485,111.114937,111.764866,106.797577,10755056
2023-08-04,111.709257,112.957086,111.534683,112.353457,107.364418,8133216
2023-08-07,111.54902,113.783009,111.251781,113.476201,108.450667,4712369
2023-08-08,113.721538,114.393677,113.234931,114.295326,109.238002,6637319
2023-08-09,113.68711,118.010023,112.836452,117.475017,112.281609,7147780
2023-08-10,117.705561,117.769018,116.860177,117.293523,112.112743,7149004
2023-08-11,117.36834,117.556007,115.962397,116.775764,111.622438,8831268
2023-08-14,116.562045,117.534339,115.820699,115.887952,110.787453,15351245
2023-08-15,115.469848,116.843045,114.626805,116.393002,111.274844,10643558
2023-08-16,117.118379,117.219247,115.272654,115.616339,110.536873,10317172
2023-08-17,115.646148,117.890887,115.201618,116.638706,111.518903,12435539
2023-08-18,116.984383,117.150708,115.119739,115.212206,110.159542,10293286
2023-08-21,115.227832,117.351162,115.110854,116.441426,111.348573,6222512
2023-08-22,116.534623,117.987959,116.392123,117.751187,112.605672,6637773
2023-08-23,117.4931,117.541736,115.511152,117.08319,111.971463,9837915
2023-08-24,116.833399,116.884262,115.73232,115.898836,110.84337,4882013
2023-08-25,115.787126,116.286065,115.62323,116.184144,111.120796,7632789
2023-08-28,116.127575,117.043782,115.787874,116.043122,110.999594,6632588
2023-08-29,116.176758,116.542959,115.640919,115.804535,110.775926,11599038
2023-08-30,115.87243,115.923359,115.200815,115.831257,110.806038,10018917
2023-08-31,115.374219,116.783127,115.079217,116.470987,111.42259,6800238
2023-09-01,116.748043,117.52966,114.279481,114.62573,109.661818,6852580
2023-09-05,114.776803,115.220875,113.359682,113.699587,108.793653,11730480
2023-09-06,113.325484,114.893553,113.274845,114.475839,109.540909,13423971
2023-09-07,114.497706,115.863716,114.286726,115.513132,110.538025,12468376
2023-09-08,115.708843,116.729334,115.600304,116.474742,111.462796,9207375
2023-09-11,116.23667,117.196058,115.65563,115.980255,111.003262,9365788
2023-09-12,115.780755,116.051468,115.122951,115.523272,110.57043,5041016
2023-09-13,115.624162,116.32051,114.214206,114.757115,109.841632,4555803
2023-09-14,114.709684,116.196138,114.220121,116.108617,111.139808,10728971
2023-09-15,115.906043,118.086077,115.777035,117.151106,112.142289,9566327
2023-09-18,116.750248,117.004047,116.568928,116.731315,111.754214,6163548
2023-09-19,116.645614,118.114136,116.467697,117.564935,112.556913,10625203
2023-09-20,118.007422,118.522826,115.923183,116.154123,111.210767,10586625
2023-09-21,117.010196,117.430381,116.303178,116.833969,111.866273,5762259
2023-09-22,116.635264,116.771327,116.155795,116.481761,111.533621,9095395
2023-09-25,116.62296,117.514532,116.399721,116.835956,111.886554,13090826
2023-09-26,116.687983,118.591173,116.278893,118.449235,113.436149,8952618
2023-09-27,119.23913,119.389144,118.778512,119.33246,114.286687,9125111
2023-09-28,118.987224,121.22338,118.909445,120.890151,115.783269,8337813
2023-09-29,120.39901,120.857866,119.079905,119.592549,114.545187,6756545
2023-10-02,119.196227,122.923141,118.562317,121.558166,116.442191,10471965
2023-10-03,122.050578,122.119095,120.453863,120.619355,115.547636,6145788
2023-10-04,120.05629,120.345499,119.097788,119.706014,114.677409,6037984
2023-10-05,119.888818,120.687524,116.626924,117.404398,112.477098,6680650
2023-10-06,117.369416,118.660311,117.208944,117.688618,112.75402,10809282
2023-10-09,117.342175,117.92158,116.539559,117.845975,112.91869,8901345
2023-10-10,118.38811,118.645554,116.312029,116.644929,111.772451,8595449
2023-10-11,116.838266,117.436254,115.828434,115.954698,111.115616,5963606
2023-10-12,115.756156,116.041169,115.496664,115.845454,111.01549,9041654
2023-10-13,115.630883,116.041678,115.257733,115.732691,110.911984,8462714
2023-10-16,116.333837,116.567701,115.792352,116.195607,111.369338,9762459
2023-10-17,116.448048,117.880217,115.824915,117.368457,112.498092,6866856
2023-10-18,117.082579,119.346472,116.702194,118.440155,113.52998,6312347
2023-10-19,118.404245,119.012812,117.913108,118.765051,113.846083,6061020
2023-10-20,118.484516,120.806775,118.002598,120.435846,115.452419,8270933
2023-10-23,120.91461,121.400115,118.878798,119.072052,114.15912,6543383
2023-10-24,118.949405,120.488105,118.45657,119.761227,114.824575,8217254
2023-10-25,119.760256,120.298723,119.276511,120.005935,115.063922,7427849
2023-10-26,119.819581,121.108826,119.509342,120.517113,115.558794,5494637
2023-10-27,120.624593,121.549473,120.486391,120.902325,115.932919,11382471
2023-10-30,120.884259,121.26416,120.214346,120.727139,115.779197,7587183
2023-10-31,120.98639,121.050046,118.914184,119.598323,114.701355,6641035
2023-11-01,119.569742,121.47802,119.102904,120.837831,115.894871,6555856
2023-11-02,121.256945,121.544352,120.744104,121.208776,116.255416,6066387
2023-11-03,121.316617,121.627508,120.950668,121.545843,116.583497,16964929
2023-11-06,121.649326,122.055074,121.148756,121.780521,116.822985,10243695
2023-11-07,121.233522,122.385685,120.714296,122.306215,117.332098,7701115
2023-11-08,121.908162,123.96829,121.619927,123.192768,118.187448,4786720
2023-11-09,122.893908,125.54206,122.374636,124.187914,119.147055,8427038
2023-11-10,124.038944,125.541459,123.924437,125.374887,120.290787,7853723
2023-11-13,125.558822,125.809974,125.196815,125.367215,120.298246,13293883
2023-11-14,124.835128,125.07806,123.342774,123.607686,118.614732,8050470
2023-11-15,123.327723,125.427422,123.082849,123.582013,118.594966,6380049
2023-11-16,123.039031,125.873839,122.666157,125.822764,120.750253,7282205
2023-11-17,125.452998,126.933732,125.258381,126.623734,121.523923,15454532
2023-11-20,126.257911,127.252966,125.199744,126.585399,121.502099,9350833
2023-11-21,126.19371,127.338575,125.670245,126.757113,121.671915,7727168
2023-11-22,126.808916,127.304946,126.385564,127.014944,121.92441,10547462
2023-11-24,127.358602,127.818186,126.97194,127.30673,122.214539,10009871
2023-11-27,127.706451,127.926724,126.290882,126.342603,121.303921,7644155
2023-11-28,126.023817,126.450441,125.67425,126.363063,121.328547,5930351
2023-11-29,126.515676,126.77074,125.548474,125.968783,120.954943,7622302
2023-11-30,125.160897,125.72521,125.007717,125.52033,120.529289,5159350
2023-12-01,124.909918,125.380563,124.263207,124.707766,119.753953,6664256
2023-12-04,125.10227,125.211427,124.364288,124.52691,119.595015,9741769
2023-12-05,124.200242,124.410922,122.85561,123.15822,118.28539,14601154
2023-12-06,123.295903,123.389949,122.680572,122.893851,118.036328,10946541
2023-12-07,122.958313,124.493385,122.868459,123.955298,119.06071,9493576
2023-12-08,123.602489,124.049848,120.985792,121.586141,116.789899,8068175
2023-12-11,121.988857,122.352567,121.667707,121.725271,116.937947,8511596
2023-12-12,121.654878,121.788156,119.725757,120.417653,115.686507,19151935
2023-12-13,121.149266,121.546222,120.431427,120.546577,115.815122,8564197
2023-12-14,121.160086,121.435281,120.099377,120.315792,115.598142,9113942
2023-12-15,120.047151,120.277265,119.790096,120.073267,115.369865,7104927
2023-12-18,119.998324,120.750644,118.95424,119.048776,114.399598,6713112
2023-12-19,119.001166,120.554953,118.623784,120.491193,115.790439,13476327
2023-12-20,120.657585,121.116609,120.194582,120.928845,116.21579,9895391
2023-12-21,120.934728,121.997685,120.862819,121.626914,116.891453,11639636
2023-12-22,121.214088,121.501211,120.414434,121.062719,116.354002,9131202
2023-12-26,121.235526,121.494595,120.136964,121.096228,116.405329,6688598
2023-12-27,121.248794,122.568219,121.160911,122.045478,117.322626,11537275
2023-12-28,122.000399,122.621557,120.756643,121.609816,116.908624,11760119
2023-12-29,121.136749,121.819132,120.997912,121.598129,116.902189,6435050
2024-01-02,121.825979,122.56514,120.604254,120.945851,116.294204,9810069
2024-01-03,120.701475,121.207359,120.528524,120.87178,116.227755,8269653
2024-01-04,120.938568,121.171965,119.025474,119.861522,115.261045,7770036
2024-01-05,119.529901,121.229129,119.072661,120.968477,116.330291,10252248
2024-01-08,120.447529,121.440691,120.010602,120.823522,116.205209,10499003
2024-01-09,120.748493,120.909202,120.078441,120.819395,116.206012,6673545
2024-01-10,121.041144,121.411449,119.917538,120.447427,115.853006,4933564
2024-01-11,120.523179,121.725157,120.274549,121.465082,116.836641,10152696
2024-01-12,121.549044,121.770506,120.541902,120.6105,116.019388,9198234
2024-01-16,120.36128,120.491697,120.072271,120.377909,115.814673,6670026
2024-01-17,120.789754,121.442474,119.224515,119.755223,115.220323,14950799
2024-01-18,120.020509,120.145937,118.290488,118.526418,114.042735,10888642
2024-01-19,118.580625,118.955457,117.611013,118.104045,113.641006,5824972
2024-01-22,117.907638,117.968555,117.105846,117.613051,113.18251,12349890
2024-01-23,117.915732,118.77785,117.527825,118.398505,113.943055,14706357
2024-01-24,118.702416,119.092734,116.729297,117.00698,112.608519,5712444
2024-01-25,117.276312,117.346768,117.07957,117.138872,112.740083,5855873
2024-01-26,117.147998,118.595463,116.625108,118.33257,113.893633,7466390
2024-01-29,117.900394,118.026355,117.665205,117.92447,113.514826,19234977
2024-01-30,117.826018,119.410811,117.741488,119.24116,114.786993,11267132
2024-01-31,119.660617,119.933185,118.916683,119.372695,114.918334,6318982
2024-02-01,119.068866,120.266788,118.884136,119.821711,115.355333,7921042
2024-02-02,119.720965,120.762111,119.559435,120.656589,116.163861,5644551
2024-02-05,120.697801,121.150262,118.865656,119.51703,115.080912,10803197
2024-02-06,119.818932,120.215577,117.849733,118.474725,114.081979,11078811
2024-02-07,119.086593,119.730649,117.725419,117.894851,113.528268,4176434
2024-02-08,117.573776,118.821778,117.353677,117.908488,113.546062,8803237
2024-02-09,118.540666,119.090343,116.545286,117.198546,112.867023,8455908
2024-02-12,116.976657,117.314349,115.620485,116.453748,112.16357,11297159
2024-02-13,116.679663,117.707408,116.472224,117.341021,113.022796,11929195
2024-02-14,117.387933,118.056874,116.64806,117.162147,112.85514,7265673
2024-02-15,117.160317,118.238493,116.822327,118.065834,113.730277,9626330
2024-02-16,117.994352,118.565303,117.701255,117.867183,113.543584,12289158
2024-02-20,117.989683,118.954026,117.657763,118.070343,113.757977,7150637
2024-02-21,117.999009,118.905846,117.745889,118.192546,113.880394,12635129
2024-02-22,118.446208,119.262931,118.105951,118.858544,114.526797,5186189
2024-02-23,118.964664,119.969979,118.603608,119.819594,115.457563,14297344
2024-02-26,119.566074,120.425833,119.488963,120.358879,115.991505,8031401
2024-02-27,120.125112,120.824934,119.645285,120.728867,116.352845,12057655
2024-02-28,121.0516,121.132974,119.83108,119.930062,115.587741,13112029
2024-02-29,120.059187,120.809516,119.499153,120.655032,116.291238,10171836
2024-03-01,120.60463,121.077463,118.77037,119.226364,114.918961,8966161
2024-03-04,119.656792,120.338372,119.570861,119.973191,115.653054,10879906
2024-03-05,120.381678,120.737265,119.698362,119.754389,115.446872,9818503
2024-03-06,119.870287,120.148115,118.810483,119.059934,114.782111,7409349
2024-03-07,119.398172,119.64053,117.592653,117.878672,113.647958,11522512
2024-03-08,117.58601,117.76984,115.839156,116.355287,112.183855,7384150
2024-03-11,116.468179,118.654884,116.080498,117.465206,113.267937,6613073
2024-03-12,117.728327,117.852828,116.204163,116.396748,112.242266,9610206
2024-03-13,116.221625,117.666975,115.575066,117.276366,113.095133,7841033
2024-03-14,117.743208,118.197416,116.354963,116.78531,112.62621,18935602
2024-03-15,116.487563,117.871376,115.981828,117.579848,113.397109,9455216
2024-03-18,117.58735,118.495486,117.368366,118.369489,114.172725,8688279
2024-03-19,118.608995,120.485671,118.524579,119.794543,115.552,5445757
2024-03-20,119.921484,120.016538,118.427244,119.008199,114.798218,8421706
2024-03-21,118.509395,119.391984,117.942667,118.91851,114.716413,8406006
2024-03-22,118.558188,118.884879,118.367317,118.784964,114.592292,10474632
2024-03-25,118.479754,119.309498,117.605186,118.21997,114.061292,8795217
2024-03-26,118.242419,118.934701,118.146791,118.218391,114.064452,8703366
2024-03-27,117.973259,118.128338,117.057667,117.158249,113.046204,10569647
2024-03-28,117.015942,117.39306,115.72465,116.419736,112.338226,9428381
2024-04-01,116.750678,116.959809,115.816216,116.238663,112.181927,8518204
2024-04-02,116.288259,116.697261,115.497861,116.353415,112.297286,7199266
2024-04-03,116.720331,117.132464,116.127617,116.575703,112.516446,10494433
2024-04-04,116.726512,116.887283,115.096121,115.390338,111.37693,10022148
2024-04-05,115.789159,117.168071,115.250321,116.988444,112.924089,10217785
2024-04-08,116.775975,117.114596,116.410369,117.017048,112.965617,8346970
2024-04-09,116.736801,117.432995,116.484101,117.140797,113.089726,13875099
2024-04-10,116.879975,117.248181,116.581857,116.802129,112.7674,5999872
2024-04-11,116.702235,116.865796,116.368458,116.540691,112.519614,10022832
2024-04-12,116.33579,116.94914,115.853612,116.562766,112.545549,16007420
2024-04-15,116.833134,117.04402,115.287268,115.607947,111.637391,7694513
2024-04-16,116.123809,116.740208,114.269558,114.846136,110.906298,6638124
2024-04-17,114.774579,116.656203,114.331481,116.488987,112.497411,7490139
2024-04-18,116.748415,117.321389,116.177656,116.459088,112.473155,7653108
2024-04-19,117.036015,117.126035,114.932845,115.207194,111.268678,6045142
2024-04-22,115.13568,115.315633,113.777607,113.999443,110.115782,5829192
2024-04-23,114.375696,114.59556,114.294026,114.436114,110.542116,6595642
2024-04-24,114.321684,114.523086,112.037743,113.237424,109.388707,6608797
2024-04-25,113.449532,113.679106,111.491594,111.567749,107.780207,10247542
2024-04-26,111.577723,111.99151,110.770803,111.2923,107.518524,9630018
2024-04-29,111.342343,112.15061,111.24295,112.05196,108.265764,11502356
2024-04-30,112.244107,112.554952,111.389405,111.596023,107.829661,4742542
2024-05-01,111.626245,112.189724,111.418151,111.556874,107.79626,8943990
2024-05-02,111.110862,111.425643,110.93974,111.206479,107.462089,5377994
2024-05-03,111.592079,112.657791,111.234359,111.321766,107.577912,10054122
2024-05-06,111.679524,112.659112,110.755394,111.802309,108.055606,5074941
2024-05-07,111.881927,112.736686,111.80775,112.520497,108.754193,13099957
2024-05-08,112.098936,114.143113,111.993824,113.821913,110.016566,10481541
2024-05-09,114.00254,114.386731,113.882407,114.215179,110.401218,4259185
2024-05-10,114.534569,114.683625,113.566411,113.841985,110.045005,8169339
2024-05-13,113.57309,114.050794,113.139196,113.383654,109.615465,6170867
2024-05-14,113.01622,113.614051,112.958347,113.512564,109.744598,8220763
2024-05-15,113.446077,113.566613,112.704132,112.966143,109.2208,8461053
2024-05-16,112.503066,113.738713,112.250365,113.43137,109.675107,8930057
2024-05-17,113.329043,113.571145,113.220215,113.40344,109.652605,15104851
2024-05-20,113.752924,114.391809,113.228895,113.293481,109.55978,7710509
2024-05-21,112.955256,114.315406,112.375618,113.877852,110.129415,6015037
2024-05-22,114.656758,114.747498,113.077407,113.249965,109.526694,9433282
2024-05-23,113.385581,114.442793,112.508492,113.947741,110.206055,6403424
2024-05-24,113.721818,114.185816,112.570178,113.057088,109.349139,7099196
2024-05-28,112.800111,113.10315,112.478182,112.83494,109.152205,8384974
2024-05-29,113.018881,113.255077,111.660866,111.817219,108.172144,10609673
2024-05-30,111.809382,111.958757,111.348079,111.518579,107.887669,13028340
2024-05-31,111.134523,112.060608,110.936675,111.861985,108.224339,6344646
2024-06-03,111.7646,112.690905,111.610045,112.369081,108.72834,9654874
2024-06-04,112.188434,112.553731,111.272053,111.736718,108.120906,13356673
2024-06-05,111.547089,111.778939,111.17109,111.279425,107.682832,7504710
2024-06-06,111.24513,111.310332,110.051084,110.357324,106.79492,7293193
2024-06-07,110.497762,111.09009,109.916592,110.8473,107.273485,9595838
2024-06-10,110.807636,110.961383,110.352217,110.679575,107.124364,7933522
2024-06-11,110.534079,110.675836,109.496043,110.280815,106.742797,7236654
2024-06-12,110.281804,111.759191,110.102219,111.570236,107.995286,9127676
2024-06-13,111.632953,111.839592,111.092601,111.143867,107.586997,6483848
2024-06-14,111.259659,111.6072,110.878194,111.396587,107.836057,6647807
2024-06-17,111.297764,112.101559,111.145619,111.903981,108.340581,10084846
2024-06-18,111.755736,112.104742,111.161131,111.427366,107.883574,7723792
2024-06-20,111.435752,111.720644,111.387421,111.582915,108.043049,5190955
2024-06-21,111.455977,111.557547,110.459066,110.597002,107.092811,7205456
2024-06-24,110.818965,110.933916,110.647856,110.743192,107.247583,13321322
2024-06-25,110.520568,111.396151,110.407166,111.28937,107.780947,3948048
2024-06-26,111.238338,112.685013,111.062745,111.815654,108.295087,6109683
2024-06-27,111.830811,113.529361,111.674417,112.946656,109.39497,8832504
2024-06-28,112.928353,114.626789,112.677853,114.044029,110.462372,18863382
2024-07-01,114.122583,114.863565,113.944916,114.173364,110.601271,6950669
2024-07-02,114.480244,115.4344,114.416563,115.044916,111.450132,8264068
2024-07-03,115.012959,116.028747,114.514076,115.598239,111.990765,6849467
2024-07-05,115.340358,116.328051,115.08377,116.060572,112.447906,7564132
2024-07-08,116.315768,116.700363,115.145104,115.248661,111.675025,7511938
2024-07-09,115.241148,115.490604,114.895127,115.110233,111.54547,7981183
2024-07-10,115.201636,115.322406,113.869096,114.12606,110.596318,12483465
2024-07-11,114.010017,114.107751,113.096595,113.189455,109.693185,11860350
2024-07-12,113.268118,113.636819,113.115692,113.498675,109.997371,11807394
2024-07-15,113.758269,113.816206,111.75487,112.651925,109.190193,10281307
2024-07-16,112.895176,113.376334,112.62175,112.791823,109.330283,5973735
2024-07-17,111.960313,113.042032,111.639164,112.292631,108.85088,11852309
2024-07-18,112.033218,112.397376,111.45696,111.509117,108.09582,7504085
2024-07-19,111.243475,111.591344,110.37178,110.434287,107.058288,11534083
2024-07-22,110.873544,111.350497,109.905839,111.110876,107.727465,6372074
2024-07-23,111.712986,112.246262,111.384824,111.517934,108.126568,8657451
2024-07-24,111.616151,112.145094,111.286649,111.816658,108.42066,5955901
2024-07-25,112.15948,112.360284,112.01201,112.252875,108.848098,16980507
2024-07-26,112.175086,112.391123,111.966902,112.270638,108.869794,12569320
2024-07-29,112.354854,112.956051,112.240018,112.724595,109.323468,15666318
2024-07-30,112.698313,114.594765,112.571796,114.518765,111.068065,6476930
2024-07-31,114.408249,114.547047,114.007969,114.329442,110.889001,8142651
2024-08-01,114.445087,115.267964,114.346615,114.968701,111.513603,11264395
2024-08-02,114.897949,115.403668,114.597962,114.687495,111.245416,8437587
2024-08-05,114.885891,115.156226,113.856011,113.930034,110.524304,7930732
2024-08-06,113.978161,114.52844,113.652968,114.257281,110.846321,8185869
2024-08-07,114.409511,114.873348,112.736374,112.99595,109.627147,8822861
2024-08-08,113.104969,113.811248,112.892757,113.73101,110.344824,7947831
2024-08-09,113.733481,114.169217,112.683273,112.971856,109.612774,8672609
2024-08-12,113.179614,114.110478,112.980711,113.979205,110.603797,10878699
2024-08-13,114.043861,114.326498,113.962668,114.248924,110.870081,11478875
2024-08-14,114.162552,114.972474,113.606509,114.867484,111.474926,9199325
2024-08-15,115.019736,115.322925,114.813846,115.078439,111.684237,13562771
2024-08-16,115.117599,115.34281,114.459405,114.544346,111.170462,6854558
2024-08-19,114.764809,114.974643,113.732179,114.227973,110.877068,11758419
2024-08-20,113.992066,114.061672,113.720543,113.961091,110.622558,25232387
2024-08-21,114.134067,114.336096,113.850189,114.167422,110.827395,10835784
2024-08-22,114.222066,115.151802,113.43583,115.062936,111.701298,7682866
2024-08-23,115.548062,115.776764,112.899788,113.468587,110.158053,7114086
2024-08-26,113.281007,115.409938,112.82323,114.826934,111.490504,7112557
2024-08-27,114.996931,115.228393,114.462958,114.550038,111.226221,9268115
2024-08-28,114.798199,115.04277,113.161105,113.329489,110.045607,7294481
2024-08-29,113.347885,115.130025,112.950144,114.751213,111.430711,7763965
2024-08-30,115.127258,115.608842,114.972432,115.517003,112.178948,9085850
2024-09-03,115.748779,116.403354,115.30291,116.293592,112.95165,9767997
2024-09-04,116.324484,116.58443,114.578922,114.774507,111.480797,12254545
2024-09-05,115.020301,115.560908,114.262151,115.273135,111.969714,5646615
2024-09-06,115.771156,116.017191,115.264815,115.489748,112.184727,5851269
2024-09-09,115.365477,116.383625,115.270255,115.897202,112.594392,7901735
2024-09-10,115.59562,116.462978,115.208973,116.251568,112.943297,10715566
2024-09-11,116.133076,116.810694,115.890314,116.508948,113.198001,9783282
2024-09-12,116.213913,116.584195,115.322979,115.531474,112.252915,6361387
2024-09-13,115.163479,115.901632,114.024989,114.842866,111.588431,6687867
2024-09-16,115.532397,115.633952,113.794531,114.289504,111.064432,12768241
2024-09-17,114.481161,114.732501,114.216077,114.569573,111.341171,12358026
2024-09-18,114.525122,114.787692,113.837723,114.391725,111.1729,7074447
2024-09-19,114.248451,115.119978,114.111733,114.882395,111.654348,6793005
2024-09-20,114.839864,116.303081,114.521816,115.907158,112.654943,13916849
2024-09-23,115.383801,115.657107,114.949462,115.164867,111.947271,6095390
2024-09-24,115.611734,115.763455,114.651616,114.872389,111.667551,6411624
2024-09-25,114.71353,114.770329,114.026136,114.425923,111.23811,8776665
2024-09-26,115.056583,115.534518,113.526595,113.573214,110.41369,13560174
2024-09-27,113.348865,114.297194,112.938236,114.026622,110.859038,13796842
2024-09-30,113.835635,114.952169,113.570132,114.762138,111.587868,6047006
2024-10-01,114.697042,115.733047,114.522335,115.294632,112.110238,10999777
2024-10-02,115.126847,116.315034,114.638313,115.891634,112.695379,8217044
2024-10-03,116.246929,116.373276,114.302911,114.648798,111.491399,8529343
2024-10-04,114.383377,115.282204,114.239087,115.219505,112.050991,8358770
2024-10-07,115.258213,115.478064,115.052449,115.280245,112.123873,9395926
2024-10-08,115.458619,115.618227,114.812454,114.929359,111.787185,11941988
2024-10-09,114.50041,115.579716,114.148999,115.025884,111.885666,7890839
2024-10-10,115.099486,117.262848,114.912059,116.616995,113.437998,4683963
2024-10-11,115.941255,117.631526,115.66368,116.94825,113.764895,13665616
2024-10-14,117.200039,117.773591,115.063181,115.377828,112.251049,9017648
2024-10-15,115.387136,115.675506,114.79233,114.838443,111.73087,4980635
2024-10-16,114.571945,114.755336,113.280912,113.499882,110.433066,10091935
2024-10-17,113.313103,114.582543,112.587881,113.874346,110.801962,8240384
2024-10-18,113.337544,114.077374,113.091995,113.97363,110.903122,9708165
2024-10-21,113.924065,115.139795,113.548504,114.596943,111.523381,7096309
2024-10-22,114.845622,115.4155,114.364862,114.92434,111.846591,8997587
2024-10-23,115.093336,115.610756,114.003686,114.178264,111.125059,9560055
2024-10-24,113.899869,114.63524,113.778487,114.485319,111.428479,10472095
2024-10-25,114.952592,115.74214,113.717292,113.864837,110.829116,9280758
2024-10-28,113.668735,115.187779,113.463436,114.813955,111.766698,9685974
2024-10-29,114.860151,115.664869,114.472561,115.350779,112.293886,13990847
2024-10-30,115.582898,115.80327,114.896126,115.619356,112.559969,13300108
2024-10-31,115.530521,116.097959,115.316704,115.621836,112.567006,15912396
2024-11-01,115.745885,116.049382,115.092757,115.457116,112.411254,6008283
2024-11-04,115.228787,116.394292,114.809933,115.949523,112.90458,15666743
2024-11-05,115.828749,117.056938,115.765144,116.639575,113.581176,8862009
2024-11-06,116.679462,117.148455,116.521425,117.03723,113.973084,7982345
2024-11-07,117.384612,118.235954,117.282728,118.107674,115.020226,11522265
2024-11-08,117.814348,119.117605,117.261129,118.366916,115.277425,6216712
2024-11-11,118.420795,118.545267,117.543932,117.836955,114.775437,6400902
2024-11-12,117.890698,118.104494,116.877339,117.470043,114.422757,12821256
2024-11-13,117.840028,117.920388,115.974933,116.688509,113.666164,5559310
2024-11-14,116.891098,118.417365,116.77529,118.150107,115.094632,11412758
2024-11-15,118.15988,118.879144,117.712716,118.45833,115.399623,7334937
2024-11-18,118.734816,119.00405,118.506487,118.777447,115.724757,10887027
2024-11-19,118.655164,119.497488,117.796179,117.918063,114.892179,12705079
2024-11-20,118.050109,118.609551,116.763062,116.950099,113.953733,10683696
2024-11-21,116.566953,117.048517,116.303193,116.959793,113.967859,6643200
2024-11-22,116.895086,117.741803,116.627838,117.525317,114.52362,10653343
2024-11-25,117.665418,117.73992,115.545878,115.618592,112.679475,8091593
2024-11-26,115.360215,115.906309,115.06891,115.68275,112.746633,11846411
2024-11-27,115.774559,117.309934,115.139635,116.937755,113.974465,11274739
2024-11-29,117.093116,117.227992,115.930868,116.813599,113.862808,6280780
2024-12-02,116.891795,117.040857,116.562634,116.857225,113.919365,5667733
2024-12-03,117.017621,118.019756,116.845993,117.543364,114.592961,6475277
2024-12-04,117.033341,117.492565,116.104785,116.616952,113.694471,8566548
2024-12-05,116.561917,116.995815,116.073939,116.436698,113.523396,12101644
2024-12-06,116.406228,117.780308,115.750513,117.361056,114.429326,7498989
2024-12-09,117.901606,118.111681,116.467403,117.024173,114.114916,7240401
2024-12-10,117.082942,117.543622,116.17479,116.640265,113.745224,10261592
2024-12-11,116.519128,116.847132,116.353585,116.622157,113.732236,5396037
2024-12-12,116.918933,117.268311,116.728116,117.117019,114.219526,8203319
2024-12-13,117.127218,117.31478,116.211739,117.049123,114.157998,7587488
2024-12-16,116.711288,118.340784,116.110609,118.286811,115.379329,10905853
2024-12-17,118.228674,118.357212,117.930215,118.155562,115.256039,10870709
2024-12-18,118.25966,118.402684,116.758714,116.838233,113.975718,6695154
2024-12-19,116.759039,117.247325,116.584888,117.142205,114.276936,10410872
2024-12-20,116.708755,117.897591,116.075711,117.385229,114.518718,5752801
2024-12-23,117.337681,118.260324,116.709088,117.725931,114.865251,8348960
2024-12-24,117.779043,117.964093,116.551496,116.86617,114.031065,8725858
2024-12-26,117.129738,117.619978,115.588469,115.749593,112.950852,13191894
2024-12-27,115.696507,117.123643,115.297691,116.586863,113.77255,6916333
2024-12-30,116.189806,119.001068,115.751654,118.37007,115.526944,7270856
2024-12-31,118.210834,118.827509,116.935231,117.385723,114.570946,6690108
2025-01-02,117.619411,118.543692,117.456141,118.376986,115.54793,9277909
2025-01-03,118.53668,119.22815,118.356141,118.540832,115.712611,8455296
2025-01-06,118.878872,119.424522,118.71093,119.040371,116.214549,16235696
2025-01-07,119.097387,121.666217,118.386207,120.963103,118.096489,4693770
2025-01-08,120.408894,121.909633,120.020708,121.450546,118.57725,9188566
2025-01-09,121.774623,122.750325,121.281242,121.527603,118.657357,6978444
2025-01-10,121.987763,123.421207,121.635486,122.072355,119.194137,7167102
2025-01-13,122.721224,123.318787,122.144662,122.478771,119.605706,14263990
2025-01-14,122.088924,122.414651,121.132526,121.983229,119.126681,11340204
2025-01-15,122.281786,122.879708,122.112521,122.556598,119.691538,4604887
2025-01-16,122.329506,123.179651,120.878468,120.933449,118.111185,9919463
2025-01-17,121.458756,121.857153,120.298635,120.599837,117.790195,8862108
2025-01-21,120.530024,120.793325,119.57052,120.02505,117.248058,4387480
2025-01-22,120.007928,121.51495,119.514805,120.889839,118.097689,12508750
2025-01-23,120.539018,121.941921,120.426548,121.750471,118.943327,7374463
2025-01-24,121.708266,122.599697,121.075914,122.201661,119.389018,5165888
2025-01-27,122.161226,123.501391,121.741757,123.245809,120.423969,7933419
2025-01-28,123.107482,123.720723,121.528809,121.810121,119.026041,9623575
2025-01-29,121.916006,122.172171,121.341363,121.549399,118.776156,15679074
2025-01-30,121.758989,122.778809,121.362843,122.046926,119.267229,13208963
2025-01-31,121.525606,122.453555,121.144181,122.271327,119.491426,8560475
2025-02-03,122.474295,123.101933,122.406716,122.634999,119.861596,8605613
2025-02-04,122.537769,123.463861,122.299533,123.058954,120.280903,7987693
2025-02-05,123.300467,123.777011,122.906567,123.156327,120.381022,4063954
2025-02-06,123.188287,123.755114,122.639652,123.495644,120.71765,7417575
2025-02-07,123.761269,124.130742,123.325957,123.830609,121.05005,10488918
2025-02-10,123.665482,124.063355,123.286315,123.796297,121.03142,13731682
2025-02-11,124.292301,124.732545,123.554154,123.726522,120.968171,5247918
2025-02-12,123.391449,124.26168,123.329765,123.54271,120.793417,9043665
2025-02-13,123.319706,124.669426,123.029624,124.530638,121.764361,10047515
2025-02-14,124.577465,124.956814,124.27009,124.363139,121.605576,6739850
2025-02-18,124.465136,125.634999,124.353087,125.249552,122.492455,5627438
2025-02-19,125.289157,125.613493,124.249325,124.951473,122.205956,6757254
2025-02-20,124.903037,125.234239,124.576622,124.966785,122.225951,5836234
2025-02-21,124.709382,126.539543,124.311935,126.138538,123.377071,7501457
2025-02-24,126.289264,127.002546,126.015236,126.432165,123.679507,7440840
2025-02-25,126.489672,127.649659,126.126569,127.050601,124.289582,10473450
2025-02-26,127.205916,127.394522,125.658941,126.301026,123.561371,13472061
2025-02-27,126.328303,127.892738,126.16114,127.606655,124.843807,10465712
2025-02-28,127.260807,127.991402,126.917922,127.898107,125.134087,6880658
2025-03-03,128.022305,129.985656,127.916213,129.515455,126.732096,8267115
2025-03-04,129.137872,130.426929,128.890349,130.164259,127.372186,12474376
2025-03-05,130.864392,131.17882,129.370336,130.200719,127.413097,8777412
2025-03-06,130.295746,131.085341,130.113228,130.503487,127.714628,14703501
2025-03-07,130.512546,130.825207,129.313291,129.549761,126.78649,14514839
2025-03-10,129.7596,130.233768,129.584108,129.973379,127.216744,15567436
2025-03-11,130.25257,130.479775,129.750257,129.885451,127.135903,4659739
2025-03-12,130.17544,130.603123,129.923807,130.53645,127.778368,4235172
2025-03-13,130.224527,130.645588,129.959469,130.199487,127.453759,14013132
2025-03-14,130.319616,130.535525,129.540717,129.954777,127.219434,10820310
2025-03-17,129.744695,130.685409,129.629472,130.597614,127.864493,7105192
2025-03-18,130.629915,131.743028,130.388996,131.590335,128.841729,13821456
2025-03-19,131.721117,133.083753,130.986686,132.731159,129.964062,10254190
2025-03-20,132.67759,134.061593,132.562337,133.653255,130.872308,8970478
2025-03-21,133.830455,135.995474,133.502196,135.511879,132.697709,7754882
2025-03-24,135.790848,137.025162,134.588975,135.345409,132.551026,7811174
2025-03-25,135.401713,137.280729,134.748619,136.580018,133.765638,11206237
2025-03-26,136.906387,137.186305,135.516334,135.620416,132.831265,9137296
2025-03-27,135.531832,136.869202,135.333164,136.463561,133.662559,8154234
2025-03-28,136.141546,136.931244,135.956721,136.87458,134.070647,7198509
2025-03-31,136.856825,139.548718,136.535151,139.189495,136.354939,9842927
2025-04-01,139.087512,139.874657,138.765163,139.769644,136.928896,12913574
2025-04-02,139.24608,139.951647,138.633613,139.129101,136.30697,10494222
2025-04-03,139.093874,139.425922,138.180393,139.160869,136.343692,7972540
2025-04-04,138.6293,139.599607,137.255597,138.565845,135.766289,14444529
2025-04-07,138.190903,140.781923,137.692108,140.28222,137.464922,9152307
2025-04-08,141.175106,141.9014,140.144984,140.780263,137.958629,7877805
2025-04-09,140.631071,141.282771,139.477622,140.341192,137.534006,6608479
2025-04-10,140.379054,140.667336,139.105806,139.480923,136.696558,9072023
2025-04-11,139.44905,141.192005,139.055471,140.10626,137.315052,7736708
2025-04-14,140.125557,141.051822,139.997055,140.733135,137.946433,8734999
2025-04-15,140.95299,142.448197,140.449925,141.375692,138.581957,9848622
2025-04-16,141.318977,141.398557,140.426303,140.688464,137.913973,9695122
2025-04-17,140.906168,141.378672,140.576742,140.70195,137.932858,6824252
2025-04-21,140.367204,140.555579,139.575843,140.41699,137.67612,9630054
2025-04-22,140.399294,141.079709,139.567445,140.841853,138.098361,14278742
2025-04-23,141.220786,143.0584,140.711901,140.84482,138.106941,8386490
2025-04-24,140.413124,140.692791,139.943157,140.513385,137.787608,10475722
2025-04-25,141.143821,141.603626,140.975128,141.126056,138.394078,11149908
2025-04-28,141.562431,142.189979,139.274699,140.199494,137.502392,10758344
2025-04-29,139.685303,140.609627,139.395872,139.98896,137.301547,9794332
2025-04-30,140.049707,141.739071,139.850201,141.023971,138.322368,20360768
2025-05-01,141.325567,141.959887,139.973025,140.060384,137.382883,21276192
2025-05-02,139.936961,142.79509,139.428837,142.275973,139.561848,9492760
2025-05-05,141.861128,143.915297,141.094036,143.805769,141.079842,7606215
2025-05-06,143.439711,146.821561,143.276602,146.173381,143.408464,8262237
2025-05-07,146.082578,147.320116,145.23079,147.158085,144.380471,7469198
2025-05-08,147.418959,148.810723,146.755571,148.211553,145.420027,8843358
2025-05-09,149.103936,149.186269,146.170888,146.75395,143.995791,5085919
2025-05-12,146.670836,146.937626,144.664792,145.135206,142.425016,8546164
2025-05-13,145.23897,145.979326,143.787659,144.120608,141.435172,7057711
2025-05-14,144.176316,146.710258,143.81255,146.108709,143.392118,12602002
2025-05-15,147.248021,147.501859,143.864831,144.228,141.55219,8183859
2025-05-16,143.316248,144.224322,142.189683,142.685564,140.044121,6373575
2025-05-19,143.447192,144.357642,141.501984,142.717587,140.09281,10054164
2025-05-20,142.900655,143.759598,142.799028,143.680335,141.043644,16448352
2025-05-21,143.511207,143.92106,141.21432,141.983861,139.384026,9518237
2025-05-22,141.686222,143.842455,141.435819,142.769508,140.161044,14218539
2025-05-23,142.946995,145.701825,142.84675,145.181321,142.534645,12043138
2025-05-27,145.692232,146.9803,144.738643,146.86071,144.207106,14634948
2025-05-28,147.596932,147.842946,147.312565,147.591781,144.930919,9107199
2025-05-29,148.005686,148.324078,147.549611,148.029172,145.366394,7371888
2025-05-30,147.991602,148.314985,147.092378,147.254724,144.611816,6792755
2025-06-02,148.038999,148.375633,147.12503,147.321241,144.694965,11518341
2025-06-03,147.044327,148.79404,145.580421,148.065696,145.432121,7099431
2025-06-04,147.589804,148.747958,146.565223,148.664832,146.026597,6859097
2025-06-05,148.483929,149.356111,147.809078,147.913249,145.294319,7416106
2025-06-06,147.690146,148.6632,146.851139,147.227796,144.626942,10595843
2025-06-09,147.281966,148.746056,146.872849,147.792074,145.19914,13203016
2025-06-10,148.185321,148.573254,147.117352,147.453107,144.872069,8323608
2025-06-11,147.81785,147.893708,147.333708,147.70588,145.126377,7768070
2025-06-12,147.834885,149.501171,147.445849,148.830228,146.237095,16388278
2025-06-13,148.92111,148.998349,148.524083,148.790583,146.204145,7658966
2025-06-16,148.743655,149.473177,147.939652,148.5974,146.032311,9545494
2025-06-17,148.403508,148.597225,146.129934,146.901891,144.371998,12040101
2025-06-18,147.341658,147.430515,145.744253,146.010779,143.502126,6948113
2025-06-20,145.463743,147.200934,145.353417,146.250566,143.7496,9999954
2025-06-23,145.946346,146.226252,145.781692,145.982307,143.503607,10286315
2025-06-24,145.92085,147.130349,145.693381,146.903563,144.415151,11069431
2025-06-25,146.721302,147.423691,146.086247,146.787939,144.307412,6207763
2025-06-26,146.870006,147.031563,143.888301,144.38883,141.954674,10964856
2025-06-27,144.276273,144.461818,141.851857,142.184074,139.792828,11026337
2025-06-30,142.872242,143.211269,137.985873,138.808857,136.491191,11592930
2025-07-01,139.113284,140.911685,138.315294,140.193448,137.858325,9050241
2025-07-02,140.01157,142.950087,139.195974,142.892131,140.517828,7849287
2025-07-03,143.431004,143.876901,141.281527,142.252764,139.894829,10315775
2025-07-07,141.378923,143.388731,140.592317,143.039644,140.691776,14364188
2025-07-08,143.865308,144.101202,141.373045,141.515674,139.198537,13204010
2025-07-09,142.220269,142.429981,140.433803,140.647266,138.35003,9833705
2025-07-10,140.915303,142.045333,140.23912,141.020651,138.723014,8293271
2025-07-11,141.445,142.045294,137.217803,137.650057,135.412897,7466886
2025-07-14,137.417787,141.714318,136.772027,140.318505,138.054984,8433604
2025-07-15,139.794246,142.661194,139.165447,141.940319,139.656371,8966605
2025-07-16,141.378867,142.279639,141.082913,141.55227,139.280287,12856481
2025-07-17,142.554976,143.543168,142.415217,143.311596,141.017166,6807917
2025-07-18,143.857895,144.144863,139.898655,142.140842,139.870899,11209663
2025-07-21,142.988062,145.107154,142.10415,144.002769,141.720551,4966025
2025-07-22,144.010133,144.468618,142.907313,143.799407,141.526224,9061959
2025-07-23,143.428806,143.794729,142.811152,143.536074,141.272856,9521906
2025-07-24,143.831641,144.568653,143.650652,144.269106,142.000161,13528996
2025-07-25,143.902945,145.243969,143.754027,144.812607,142.540968,9157953
2025-07-28,144.868863,145.523327,144.150067,144.239139,141.993989,11188091
2025-07-29,144.408457,145.403869,143.984668,144.165062,141.926893,10721363
2025-07-30,144.119312,145.717914,143.932634,145.206374,142.95791,9297903
2025-07-31,145.542948,145.961695,143.576024,143.833089,141.611705,9249285
2025-08-01,144.32154,144.892305,143.633287,144.542346,142.315852,4783452
2025-08-04,144.647792,145.383985,143.273832,143.676993,141.48126,10311185
2025-08-05,143.376322,144.517325,143.106716,143.715093,141.524589,12363863
2025-08-06,143.944019,144.32616,143.54949,144.085197,141.894879,9530776
2025-08-07,144.020309,147.150143,143.906041,146.883766,144.656846,9039952
2025-08-08,147.202372,147.437075,147.05008,147.37217,145.143806,12770544
2025-08-11,147.302472,147.789258,146.245881,146.363267,144.167919,6538965
2025-08-12,146.584949,147.975582,146.007158,147.441937,145.236374,9899880
2025-08-13,147.397184,148.018534,146.453337,146.912057,144.720363,13922432
2025-08-14,146.631261,147.611532,146.287998,147.469211,145.275172,7390578
2025-08-15,147.970421,148.354291,145.994635,146.780337,144.602486,11217196
2025-08-18,146.650663,147.310841,146.467082,146.840475,144.679555,7997573
2025-08-19,146.947968,147.058306,144.987256,146.368347,144.220297,11864544
2025-08-20,147.16622,147.718722,145.022503,146.510527,144.36632,11307829
2025-08-21,146.456647,147.786561,145.641933,147.559777,145.406185,6326367
2025-08-22,146.930965,147.218019,146.333661,147.078959,144.938336,8706806
2025-08-25,146.507485,147.836734,145.884001,146.993054,144.87153,6925083
2025-08-26,146.414954,148.21662,145.970817,147.739553,145.613235,9155766
2025-08-27,148.258334,148.392691,145.695596,146.562089,144.458649,7199569
2025-08-28,147.397133,147.869663,147.310804,147.732852,145.61859,5458215
2025-08-29,147.702402,148.140289,146.54872,147.151948,145.051956,7954303
2025-09-02,147.199152,147.450316,146.498088,146.755328,144.684762,10692133
2025-09-03,146.633208,147.250937,146.519621,146.884525,144.818084,9754859
2025-09-04,147.39582,147.685878,144.65186,144.772209,142.741346,8573169
2025-09-05,145.137392,145.64889,144.026354,145.153351,143.12302,10375801
2025-09-08,145.697661,146.575876,142.741844,143.674424,141.682233,7387877
2025-09-09,143.966934,144.690478,143.252385,144.066719,142.074923,13890094
2025-09-10,144.06021,146.28521,143.224134,145.74516,143.736062,10601622
2025-09-11,145.814687,146.511523,145.628695,146.225108,144.215316,6546079
2025-09-12,146.375881,147.628546,145.847032,147.370846,145.351276,10589131
2025-09-15,147.749823,147.941712,146.431466,146.940878,144.945057,10886715
2025-09-16,147.025875,147.9312,146.079121,147.74601,145.745238,11323369
2025-09-17,148.132249,149.418158,148.008927,148.794415,146.785474,6570090
2025-09-18,149.313736,149.670405,147.889762,148.198635,146.203742,8954786
2025-09-19,147.591161,148.85613,146.785967,148.363174,146.372077,9731341
2025-09-22,148.713486,148.959517,146.954093,147.314182,145.35507,11619310
2025-09-23,147.88859,148.255741,146.407903,147.128476,145.177795,6019353
2025-09-24,146.805748,147.509652,146.596682,146.698217,144.759187,14454420
2025-09-25,146.850206,147.081897,145.497948,145.950397,144.027165,11532421
2025-09-26,145.834906,148.008592,145.757753,147.208914,145.275064,5709786
2025-09-29,147.042071,147.667584,146.905818,147.594499,145.673531,6594059
2025-09-30,147.637021,147.817724,146.301196,146.713067,144.809517,9726775
2025-10-01,147.275268,148.211291,146.547173,147.62725,145.717823,11153537
2025-10-02,147.493117,149.951374,147.426488,148.6834,146.76634,7769553
2025-10-03,148.745486,149.299407,148.171698,148.676093,146.765155,7790490
2025-10-06,148.805388,149.513462,148.552243,148.971435,147.07482,5034688
2025-10-07,149.576291,150.073033,147.548816,148.385121,146.501986,12112971
2025-10-08,148.512983,149.311357,148.042094,148.983463,147.098776,6769825
2025-10-09,148.721155,150.606879,148.532401,150.391285,148.494887,13431316
2025-10-10,150.782809,150.862013,149.645965,149.715247,147.833444,10693532
2025-10-13,149.740209,150.366867,147.865983,148.600619,146.750906,5763005
2025-10-14,148.830839,149.459698,146.214818,147.480022,145.650239,10251860
2025-10-15,147.850646,148.032673,143.654593,143.969254,142.188868,5328941
2025-10-16,144.000659,145.502364,143.504381,145.207856,143.418043,6878411
2025-10-17,145.159449,148.296079,145.030726,146.233332,144.436811,18670317
2025-10-20,146.027224,146.490582,144.827561,145.906144,144.131399,9158731
2025-10-21,146.495417,149.533693,146.203762,149.403984,147.592753,7428023
2025-10-22,149.488014,149.57827,147.838303,149.299596,147.495688,5876227
2025-10-23,149.934907,152.717757,149.355298,152.200901,150.368113,6395506
2025-10-24,151.401101,152.627052,150.454191,151.269,149.453572,9647087
2025-10-27,151.624575,153.016251,149.865783,150.535643,148.747341,5365056
2025-10-28,150.074989,150.795168,148.305973,148.782774,147.021333,8076767
2025-10-29,148.028415,150.585761,147.792894,149.881246,148.112883,9472096
2025-10-30,150.094456,150.961301,148.933455,149.206747,147.452398,14083482
2025-10-31,148.818493,148.992714,146.969803,148.368779,146.630303,10923222
2025-11-03,147.252086,149.396224,146.730347,149.294701,147.563555,9591139
2025-11-04,149.12079,151.637188,149.028012,151.108593,149.362549,16220861
2025-11-05,151.403749,153.778976,150.90225,153.414571,151.648109,7591044
2025-11-06,154.605756,155.120041,152.29823,152.637819,150.886497,8558626
2025-11-07,152.673545,154.337643,152.080873,154.242676,152.479203,13091524
2025-11-10,154.151289,157.804585,153.902963,157.419628,155.639006,11686212
2025-11-11,156.437201,156.771468,154.82175,155.626783,153.872759,10666581
2025-11-12,155.834991,160.298816,155.584507,159.488349,157.697278,14651009
2025-11-13,159.771997,160.867732,154.670332,155.299207,153.561487,8674810
2025-11-14,155.004709,155.224804,151.620167,152.08254,150.386989,25746770
2025-11-17,152.926243,154.102886,149.485718,149.63438,147.984355,8866746
2025-11-18,149.639318,150.252049,148.845144,149.889553,148.242802,9003973
2025-11-19,149.038379,149.253726,144.059591,145.437305,143.845376,9555365
2025-11-20,145.723521,148.742281,145.437738,146.802006,145.201101,5811974
2025-11-21,146.587659,146.931049,145.890209,146.623887,145.030881,7648375
2025-11-24,146.306387,148.719555,145.906778,147.954513,146.365082,10942832
2025-11-25,148.750634,150.402224,146.439815,148.265064,146.67832,8264021
2025-11-26,148.047357,152.517187,147.702526,151.041523,149.431202,6312424
2025-11-28,151.536565,152.419492,149.000101,149.381623,147.801138,5604617
2025-12-01,149.036097,149.140937,145.518499,146.394125,144.863095,14510428
2025-12-02,146.037008,146.543062,145.224171,145.639333,144.122116,8026308
2025-12-03,144.773025,149.244708,144.604919,148.224568,146.686443,8901880
2025-12-04,148.743967,149.05173,145.192038,146.529147,145.01457,8041860
2025-12-05,146.570749,149.317608,145.82535,149.235911,147.699421,6451558
2025-12-08,149.803309,149.875515,148.185317,148.344185,146.834966,8929498
2025-12-09,148.798835,150.208161,147.613906,148.7473,147.240026,10765610
2025-12-10,149.221092,150.163478,148.657915,148.935632,147.432504,6362807
2025-12-11,149.024919,149.594406,146.063872,147.303348,145.822683,12706604
2025-12-12,146.724243,147.251261,145.360822,146.228199,144.764286,9637118
2025-12-15,147.003669,148.699061,146.864319,147.757158,146.295962,10721676
2025-12-16,147.160742,150.233108,146.915283,149.969394,148.492419,11104426
2025-12-17,149.468355,152.347081,148.857456,151.59889,150.112031,12405861
2025-12-18,151.328935,151.589034,151.023364,151.510482,150.030651,9513510
2025-12-19,151.117499,151.699252,151.022217,151.372224,149.8999,8996137
2025-12-22,151.709979,152.555384,149.816081,150.570267,149.124115,5709792
2025-12-23,150.039957,150.942806,149.312301,149.646857,148.21566,11659767
2025-12-24,148.636792,149.432741,147.812324,148.630255,147.214826,7257426
2025-12-26,148.293803,149.290225,147.163465,147.416778,146.024898,8640756
2025-12-29,147.545447,148.376032,146.70508,147.070865,145.700202,9023898
2025-12-30,146.491953,148.138217,146.414277,147.106298,145.741289,8583814
2025-12-31,147.663748,148.98503,147.333969,148.35316,146.982618,11871656
2026-01-02,148.734005,149.241593,147.611842,148.268641,146.910945,9093611
2026-01-05,148.297003,148.815086,146.496919,146.771976,145.445904,8317997
2026-01-06,146.317579,149.935793,145.884626,149.197744,147.855827,14166421
2026-01-07,149.313238,150.34046,149.124932,149.302812,147.966027,8278137
2026-01-08,149.425593,149.693431,148.764611,148.927595,147.60023,12418901
2026-01-09,149.54303,149.62507,148.137877,148.207086,146.892176,7469800
2026-01-12,148.469345,149.414084,148.047384,149.097524,147.792922,12123421
2026-01-13,149.282106,150.912346,148.908257,150.458826,149.148437,13728610
2026-01-14,150.182877,150.568605,149.17038,149.865025,148.565908,6750361
2026-01-15,149.665255,149.9182,148.416855,149.323716,148.035372,8394615
2026-01-16,149.352173,149.667491,147.700024,148.104705,146.832908,7701186
2026-01-20,147.64969,148.150885,145.286611,146.334762,145.101998,16948089
2026-01-21,147.207547,147.649927,146.196705,146.741145,145.510933,10838646
2026-01-22,146.471572,146.721384,144.610931,145.293175,144.081019,10410742
2026-01-23,145.663338,146.507235,145.402954,146.102783,144.889823,6850284
2026-01-26,145.41925,147.406606,145.298483,146.421787,145.22407,16017489
2026-01-27,146.153684,146.973947,145.255824,145.798605,144.611924,6358498
2026-01-28,145.510664,146.836544,145.017519,146.322245,145.137262,6990623
2026-01-29,146.147123,147.096005,144.862062,145.05521,143.886397,6472243
2026-01-30,145.36413,145.646759,143.850226,143.952322,142.79826,8394660
2026-02-02,143.502993,143.926642,143.159876,143.660175,142.526014,9147608
2026-02-03,142.921018,143.092515,142.624397,142.687114,141.566449,12553387
2026-02-04,142.011491,143.181714,141.899225,143.077735,141.959832,8830817
2026-02-05,143.205938,143.392659,140.978648,141.902945,140.800003,8556258
2026-02-06,141.598902,143.552527,141.510117,143.300174,142.192211,7775240
2026-02-09,143.606696,145.624373,143.276658,145.501574,144.394379,8732628
2026-02-10,145.642235,146.088098,144.342313,144.977626,143.880327,8319955
2026-02-11,144.700685,146.011308,144.623208,145.526989,144.431463,9847335
2026-02-12,145.582251,145.769097,143.807283,143.994974,142.916851,8752259
2026-02-13,144.182797,146.381995,143.19626,145.387804,144.305178,4136612
2026-02-17,145.1899,146.252887,144.748378,145.706376,144.645137,9490235
2026-02-18,145.70185,147.489365,144.594198,146.729044,145.666339,7659876
2026-02-19,146.863078,147.703209,145.639785,145.975936,144.924637,11087158
2026-02-20,146.059971,146.214914,143.394181,144.094131,143.062259,11639938
2026-02-23,143.272398,144.91584,142.844955,143.472573,142.462703,11927997
2026-02-24,143.126649,143.18706,139.81759,141.097528,140.110129,10110694
2026-02-25,141.315693,142.111853,139.592299,139.960233,138.986501,12434465
2026-02-26,139.698751,141.841908,139.302496,140.802099,139.828252,9475093
2026-02-27,141.374116,142.047941,140.587864,140.844617,139.876221,11407396
2026-03-02,141.261334,142.810151,140.368924,141.493778,140.538232,7343785
2026-03-03,141.047545,141.813842,139.287576,140.113792,139.173281,17433454
2026-03-04,140.471244,141.237764,136.331598,136.453006,135.542634,6108346
2026-03-05,136.855707,137.285065,134.371448,134.519108,133.627125,8074747
2026-03-06,134.324329,134.574849,130.778602,132.537661,131.664225,13674616
2026-03-09,132.091023,132.245071,130.835283,131.291208,130.442056,5582939
2026-03-10,131.387559,132.533023,127.636801,128.858603,128.030442,14741584
2026-03-11,129.147425,129.893477,127.892645,129.717963,128.889572,11801016
2026-03-12,130.611321,131.72986,126.856099,127.440378,126.631732,4583338
2026-03-13,127.196399,128.033857,125.558624,126.79308,125.993716,7547327
2026-03-16,127.244257,128.365674,126.45091,126.75049,125.966913,8208853
2026-03-17,126.86416,129.549539,126.160547,129.37677,128.582238,11038013
2026-03-18,128.292982,128.800625,128.023179,128.146251,127.364506,7193232
2026-03-19,128.33082,128.773444,127.439664,127.801831,127.027404,8765597
2026-03-20,127.135878,127.197317,125.282319,125.542744,124.78713,12624596
2026-03-23,125.980298,126.559444,124.819145,124.882156,124.145812,10619735
2026-03-24,124.876392,126.652078,124.012298,126.415458,125.675235,5169417
2026-03-25,126.648122,127.078291,125.007539,126.349882,125.615201,10965157
2026-03-26,126.338348,126.611007,125.264207,125.804837,125.078462,8189476
2026-03-27,126.04616,126.570345,124.818013,125.015128,124.298417,5129462
2026-03-30,125.122849,125.543495,124.590058,125.045614,124.344047,9234766
2026-03-31,124.969979,125.14712,124.260211,124.356792,123.664168,8751986
2026-04-01,124.440184,126.188408,124.042115,125.30587,124.613078,8088116
2026-04-02,125.658487,125.820096,124.61947,125.38118,124.693092,8280400
2026-04-06,126.537869,127.840753,125.785621,127.293285,126.615501,10984183
2026-04-07,127.332839,127.885169,126.781406,126.924846,126.254209,7763168
2026-04-08,126.68503,126.898353,124.471131,125.196614,124.540223,9412060
2026-04-09,125.20592,129.172116,125.006138,128.086374,127.420065,13545199
2026-04-10,128.571091,129.843538,127.065249,127.815274,127.155598,8821896
2026-04-13,127.986708,129.227609,127.21692,127.268757,126.627501,8816372
2026-04-14,127.152123,127.812863,126.591875,126.774412,126.140827,8068364
2026-04-15,126.217088,126.55059,125.17448,125.349625,124.728283,6256713
2026-04-16,126.103085,126.678246,125.844887,126.47284,125.851099,11875483
2026-04-17,127.173307,128.812512,125.495366,125.695579,125.082795,9595855
2026-04-20,126.508022,127.473392,126.219878,127.217841,126.613235,8571124
2026-04-21,126.453917,128.920755,126.075368,128.82391,128.216936,8719987
2026-04-22,128.459859,128.676545,126.804077,127.442863,126.847605,11211515
2026-04-23,127.682566,128.202278,126.535274,126.648329,126.061959,7967216
2026-04-24,126.775366,128.087196,126.464541,127.175239,126.591628,11294618
2026-04-27,126.996439,129.022158,126.025583,128.210708,127.63807,10014799
2026-04-28,128.456123,130.33796,128.353087,129.74676,129.172566,8100190
2026-04-29,129.805681,131.458835,129.673866,131.279475,130.703866,11942238
2026-04-30,130.78914,131.243584,129.405361,130.585083,130.017858,10172044
2026-05-01,129.858106,133.162161,129.397257,132.772137,132.200841,10040314
2026-05-04,132.463683,134.038961,131.412516,133.679196,133.120397,7841512
2026-05-05,133.533028,134.751712,133.437367,134.226543,133.670945,9311618
2026-05-06,133.826643,135.348355,133.728228,134.68138,134.129408,5890809
2026-05-07,134.983931,136.043763,134.517725,135.541184,134.991232,11600287
2026-05-08,135.727146,136.902828,134.827212,136.367853,135.820125,9553223
2026-05-11,137.057924,137.235079,135.244476,136.258854,135.728284,6942549
2026-05-12,136.489667,136.833978,133.716287,134.452915,133.934877,5930567
2026-05-13,135.119632,135.38107,132.7787,133.465864,132.957089,8669786
2026-05-14,133.101918,134.549609,132.747959,133.642415,133.138435,8509337
2026-05-15,133.983743,134.106489,132.033537,132.540933,132.04653,10131879
2026-05-18,132.647298,135.657343,132.487165,134.880256,134.393683,7822137
2026-05-19,134.117492,135.093188,133.370669,134.17513,133.696592,9745222
2026-05-20,134.409535,135.180261,132.616447,132.931018,132.462357,7935610
2026-05-21,133.389411,134.409426,131.481175,131.634043,131.175341,7442875
2026-05-22,131.816059,134.103823,131.099096,133.15257,132.694026,10159005
2026-05-26,133.40845,133.582015,131.563705,131.775012,131.342786,8561973
2026-05-27,131.884977,131.967782,131.337123,131.681306,131.254778,11619131
2026-05-28,131.972782,132.371481,131.409645,131.824978,131.403381,11092217
2026-05-29,131.054549,131.663054,129.496042,129.759092,129.349413,9758220
2026-06-01,130.159634,130.498817,127.936703,128.775116,128.38436,10121048
2026-06-02,128.904564,129.321287,128.245839,128.761236,128.375794,6193818
2026-06-03,128.932206,129.177026,128.15844,128.959834,128.579079,8410853
2026-06-04,128.91556,130.623252,127.836587,128.019193,127.646457,6624181
2026-06-05,127.738585,128.101857,127.539318,127.751077,127.384353,5454996
2026-06-08,127.490898,127.543775,124.972183,126.331022,125.983895,5638115
2026-06-09,127.055193,127.78468,126.771326,127.25662,126.912162,11311758
2026-06-10,127.448719,127.639687,125.03343,125.308079,124.974027,7204198
2026-06-11,125.539162,126.607819,125.187207,125.717606,125.387612,7008131
2026-06-12,125.92259,126.652067,124.556704,126.337665,126.011218,4847779
2026-06-15,125.952016,126.717563,125.835021,126.183339,125.872798,5429839
2026-06-16,126.302144,126.612544,125.547275,125.871173,125.566557,12221962
2026-06-17,125.973607,127.530745,124.883797,127.252613,126.949867,7880422
2026-06-18,127.949816,128.643769,127.290256,128.049482,127.750087,7203627
2026-06-22,127.338008,128.719835,126.397241,128.610461,128.330833,9206660
2026-06-23,128.897313,129.105819,127.176811,128.160821,127.887422,5670646
2026-06-24,128.422208,128.645355,125.668807,126.484167,126.219529,4040688
2026-06-25,126.219909,127.046388,125.27359,125.87543,125.617224,11947194
2026-06-26,125.664299,126.501224,125.247687,125.901842,125.648742,8423546
2026-06-29,125.736645,125.927572,125.287481,125.539348,125.302413,10498554
2026-06-30,125.945679,126.592161,125.423342,125.877713,125.6453,9687104
