date,open,high,low,close,adj_close,volume
2006-01-03,42.977913,43.162909,42.686716,42.782601,19.549133,23234192
2006-01-04,42.754315,43.592916,42.680533,43.33388,19.803096,17024051
2006-01-05,43.564436,43.675591,42.922422,43.040592,19.671113,33754957
2006-01-06,43.310587,43.473967,41.933221,42.351603,19.358234,13487058
2006-01-09,42.536972,42.777281,42.446559,42.671485,19.510535,9813001
2006-01-10,42.963287,43.09904,42.748326,43.059942,19.690196,20393865
2006-01-11,43.096549,43.23467,42.516793,42.867415,19.604198,12384877
2006-01-12,43.068842,43.127015,42.184661,42.254529,19.325923,34897818
2006-01-13,42.173118,43.233529,42.085335,43.075395,19.703411,13743697
2006-01-17,43.10646,43.443373,42.227569,42.346084,19.377875,15400192
2006-01-18,42.259534,42.887046,41.871323,42.785662,19.581066,18815956
2006-01-19,42.894328,43.084677,41.91887,42.309833,19.365315,16747813
2006-01-20,42.326231,42.420094,41.516234,41.752609,19.11226,16841342
2006-01-23,41.430116,42.476542,41.201547,42.435948,19.431123,32881201
2006-01-24,42.521238,42.732804,42.366143,42.590725,19.504023,21396120
2006-01-25,42.53848,42.833722,41.999241,42.119228,19.290113,17935699
2006-01-26,42.258532,42.415596,42.024593,42.25504,19.354326,21439817
2006-01-27,42.251578,42.286845,41.508778,41.642519,19.075754,28586730
2006-01-30,41.561896,42.593966,41.382897,42.478194,19.464637,15437525
2006-01-31,42.432574,42.797241,41.835882,42.329442,19.398493,13781902
2006-02-01,42.727913,43.080076,42.077745,42.402972,19.434212,30451829
2006-02-02,42.251436,43.21819,41.907434,43.187806,19.795978,22462236
2006-02-03,43.079825,43.13582,43.045522,43.075861,19.74672,12552473
2006-02-06,42.882343,44.266266,42.778459,44.097396,20.22132,15052386
2006-02-07,44.214081,44.557863,44.00723,44.522519,20.418388,24491970
2006-02-08,44.348952,45.525573,44.255968,45.495193,20.866636,18190463
2006-02-09,45.470292,46.701392,45.124365,46.459958,21.311348,18400663
2006-02-10,46.567464,47.039546,46.418689,46.815291,21.476575,21814114
2006-02-13,46.582364,46.717085,45.803487,46.005854,21.111833,25419322
2006-02-14,46.185785,46.814897,45.910535,46.572468,21.374072,19762890
2006-02-15,45.935829,47.210739,45.585307,46.748988,21.457317,10094113
2006-02-16,46.801695,47.137069,46.615923,46.722815,21.447535,20753294
2006-02-17,46.81287,47.047034,45.655488,46.334889,21.271675,23067284
2006-02-21,45.897209,46.164279,45.125328,45.998723,21.126136,11673930
2006-02-22,45.876167,46.363803,45.602986,46.33681,21.283626,25236633
2006-02-23,46.540583,46.704167,45.634482,46.068966,21.162801,21622861
2006-02-24,46.176349,46.317344,45.494021,45.736374,21.012203,13596950
2006-02-27,45.81463,45.903231,44.556428,45.073245,20.714012,16303695
2006-02-28,45.239595,46.359707,45.074344,46.328608,21.293146,20533733
2006-03-01,46.356927,46.926362,46.09906,46.510673,21.37905,17675157
2006-03-02,46.396578,46.876795,46.041778,46.809294,21.518552,16924491
2006-03-03,47.033008,47.317225,47.004419,47.134877,21.670479,10394284
2006-03-06,47.264819,47.316043,46.728211,46.769858,21.509372,21334565
2006-03-07,46.651641,48.205771,46.201971,47.691056,21.935312,27078432
2006-03-08,47.617316,48.626788,47.464887,48.090331,22.121258,13164194
2006-03-09,48.568488,48.642434,48.136602,48.449096,22.288607,13484222
2006-03-10,48.529027,48.801422,47.40063,47.515909,21.861576,21342567
2006-03-13,47.420584,48.265904,47.298425,48.192863,22.179957,35864516
2006-03-14,48.167852,48.445954,48.013441,48.159566,22.166939,12343367
2006-03-15,48.504118,48.979956,47.290922,47.810484,22.008552,18668122
2006-03-16,47.746937,48.009823,47.625836,47.75962,21.987426,23597346
2006-03-17,47.882698,48.647912,47.460423,48.510678,22.335519,16763006
2006-03-20,48.394129,49.628219,48.285839,49.281673,22.697587,35037854
2006-03-21,49.461441,49.776244,48.641787,48.791334,22.474091,17316658
2006-03-22,48.667882,49.440588,48.542077,49.308817,22.714815,19038118
2006-03-23,49.580734,49.882529,49.513447,49.747825,22.919435,22268464
2006-03-24,49.881267,51.105004,49.737596,50.548832,23.290892,26312095
2006-03-27,50.326879,50.429099,49.725304,49.751942,22.930872,18910809
2006-03-28,49.91252,49.979132,49.594603,49.881523,22.992989,18797682
2006-03-29,49.73443,50.076522,49.617767,50.055785,23.075716,12108242
2006-03-30,49.911132,50.215403,49.706753,49.808879,22.964281,12779702
2006-03-31,49.887264,50.485659,48.932097,49.311806,22.737472,12973934
2006-04-03,49.402301,49.798004,49.357344,49.391138,22.781161,16824868
2006-04-04,49.502564,49.770163,49.293351,49.727864,22.938859,25501901
2006-04-05,49.898903,50.515729,49.47162,49.73389,22.944025,16750241
2006-04-06,50.09782,50.507399,50.045199,50.107732,23.118897,12047297
2006-04-07,49.674016,49.851434,49.470743,49.760063,22.960877,14799481
2006-04-10,49.78435,50.379096,49.366895,49.526588,22.860278,25592838
2006-04-11,49.653524,49.972412,48.889754,49.220858,22.721524,9988532
2006-04-12,49.078679,49.293327,47.941712,48.315658,22.305983,23517959
2006-04-13,48.24672,48.333621,47.509332,47.915684,22.123628,15660304
2006-04-17,48.068718,48.220977,47.012036,47.625967,21.999013,24796853
2006-04-18,47.706031,47.960885,47.485692,47.535183,21.959363,20410097
2006-04-19,48.065411,48.433788,47.512252,48.13662,22.239517,18658394
2006-04-20,48.335463,48.905623,48.130614,48.85762,22.574973,22318723
2006-04-21,49.372432,49.563469,48.740429,49.086166,22.682934,19101580
2006-04-24,48.908289,49.757705,48.708319,49.324993,22.800412,29913684
2006-04-25,49.426401,50.465566,49.338614,50.182808,23.19935,21044167
2006-04-26,50.108049,50.2608,49.444434,49.775171,23.013295,21609490
2006-04-27,49.882752,51.334213,49.444975,50.928663,23.549055,7919677
2006-04-28,51.344274,51.778712,51.152478,51.212058,23.682559,11988299
2006-05-01,51.070648,51.777248,50.583809,51.560079,23.850941,19283825
2006-05-02,51.807623,52.020513,51.472688,51.739498,23.936428,12461703
2006-05-03,51.872035,51.907792,50.780273,51.035006,23.612963,24419101
2006-05-04,51.236861,51.729224,50.439562,50.867242,23.53779,13260759
2006-05-05,50.974981,51.577138,50.55679,51.404648,23.788939,31694264
2006-05-08,51.358094,51.911094,51.3143,51.564757,23.870483,17177520
2006-05-09,51.660327,52.364814,51.532301,52.081392,24.112154,24845389
2006-05-10,52.44857,52.903325,51.215923,51.496856,23.844011,19465794
2006-05-11,51.183148,52.466274,51.160742,52.403484,24.266321,21339605
2006-05-12,52.592298,52.873776,51.879726,52.254929,24.200048,14852192
2006-05-15,52.611405,52.735978,52.265948,52.389353,24.269876,20655646
2006-05-16,52.209859,52.308979,50.963977,51.335644,23.784209,13767998
2006-05-17,51.503115,51.538174,50.549085,51.018671,23.639812,7322601
2006-05-18,50.652795,50.923726,50.108731,50.72629,23.506781,15743788
2006-05-19,50.843027,50.910477,50.242419,50.699211,23.496677,20851470
2006-05-22,50.517395,50.65926,50.07842,50.154205,23.251349,21157979
2006-05-23,49.919038,50.593006,49.580942,50.334483,23.337353,18449508
2006-05-24,50.353827,50.438049,49.814521,49.873636,23.126089,18141137
2006-05-25,50.118365,50.218836,49.662887,49.730224,23.061989,12209887
2006-05-26,49.584627,50.339316,49.505601,50.312701,23.334536,13054877
2006-05-30,50.127996,51.022132,50.016339,50.968255,23.648414,20465888
2006-05-31,51.096922,51.636076,50.60693,51.593682,23.941093,17894447
2006-06-01,51.926266,53.355105,51.883822,52.922603,24.560309,20559139
2006-06-02,52.68864,53.576191,52.531105,53.024994,24.610387,22964516
2006-06-05,52.806095,53.614308,52.412367,53.588272,24.879584,13313494
2006-06-06,53.745449,53.826849,51.944452,52.039804,24.163186,11609998
2006-06-07,51.760208,51.789883,49.969753,50.518101,23.459068,31342588
2006-06-08,50.266163,51.268254,49.987188,50.827028,23.60498,15125009
2006-06-09,50.453765,50.832543,49.443851,49.539773,23.009549,13164150
2006-06-12,49.520353,49.73301,48.305745,48.816953,22.680902,15467985
2006-06-13,48.581291,49.065832,48.252666,48.906285,22.72477,23209437
2006-06-14,48.407272,48.506385,46.317682,46.934296,21.810736,21135840
2006-06-15,46.934738,47.980417,46.166096,47.491415,22.07193,19093442
2006-06-16,47.765142,47.979859,46.710231,47.060378,21.873878,16476234
2006-06-19,46.934466,47.87407,46.754215,47.802736,22.225866,17205651
2006-06-20,47.454899,48.552904,47.292367,48.504719,22.554599,24923503
2006-06-21,48.802253,49.354444,47.294088,47.748827,22.205421,20865978
2006-06-22,48.276307,48.635033,47.839434,48.310813,22.469108,20106536
2006-06-23,48.527538,49.511645,48.432712,49.243467,22.905263,25484377
2006-06-26,49.29341,49.360447,48.143629,48.332001,22.488319,19678752
2006-06-27,48.384753,48.815605,48.245123,48.327692,22.488654,26159496
2006-06-28,47.964451,49.228179,47.470743,48.721308,22.674176,19017368
2006-06-29,49.123509,50.333306,48.850478,50.226582,23.377141,23295529
2006-06-30,50.059295,51.040959,49.777993,50.959799,23.720872,17193726
2006-07-03,50.685755,50.91078,49.832799,50.725952,23.619392,16073294
2006-07-05,50.44768,50.77716,49.577258,50.029769,23.300077,12492721
2006-07-06,50.1423,50.607456,48.926544,48.980503,22.813782,14733221
2006-07-07,49.016881,49.149844,48.538157,48.615936,22.646332,21217984
2006-07-10,49.063775,49.270822,49.040257,49.121903,22.889166,10818039
2006-07-11,48.877554,49.410787,48.642463,49.221767,22.938085,18631529
2006-07-12,49.754207,50.312617,49.685882,50.135556,23.366355,16596186
2006-07-13,50.185488,50.630205,50.125114,50.396636,23.490479,17226718
2006-07-14,49.948419,50.825138,49.386378,50.4244,23.505866,21959940
2006-07-17,50.23276,51.654553,49.592375,51.581838,24.052924,21854324
2006-07-18,51.116168,52.160681,50.785287,51.990221,24.245877,19384731
2006-07-19,51.868816,52.120917,49.725979,49.95213,23.297828,40269157
2006-07-20,50.280354,50.429152,49.937199,50.002063,23.323544,17536784
2006-07-21,50.093579,51.17251,50.067677,50.563803,23.588022,18343493
2006-07-24,50.245384,52.099083,50.172079,51.891682,24.215035,22511163
2006-07-25,52.258619,52.651966,50.188999,50.547018,23.590007,23809928
2006-07-26,50.294425,50.700845,49.267799,49.615697,23.157774,21682973
2006-07-27,49.651242,50.759842,49.439965,50.063885,23.369394,19516837
2006-07-28,50.476991,50.505391,49.937645,50.106386,23.391666,13185013
2006-07-31,49.998827,50.187533,49.818309,50.144039,23.416551,9218049
2006-08-01,49.789992,50.800613,49.521807,50.612789,23.63791,14160118
2006-08-02,50.671434,52.254207,50.438845,51.798664,24.194272,15676572
2006-08-03,51.934762,53.532775,51.698633,53.31015,24.902852,17215493
2006-08-04,53.056586,53.679736,52.450942,53.260053,24.882038,16618518
2006-08-07,52.913375,54.619353,52.430283,54.458839,25.450029,20569247
2006-08-08,54.200288,55.594157,53.825396,55.2009,25.799498,12931180
2006-08-09,54.924416,55.101889,53.788285,54.345443,25.402322,20879344
2006-08-10,53.812128,54.294754,53.781438,54.16028,25.318406,21424801
2006-08-11,54.06199,55.281137,53.870956,54.907027,25.67016,12912755
2006-08-14,55.220543,55.80659,53.568081,54.014111,25.260586,19198545
2006-08-15,54.165681,54.417091,53.98773,54.212781,25.356136,24858898
2006-08-16,54.238438,54.294488,53.867744,54.163935,25.335925,18584138
2006-08-17,54.074108,54.261593,53.497293,53.972969,25.249225,12491560
2006-08-18,53.948639,55.366801,53.875303,55.274477,25.860777,15045287
2006-08-21,55.666042,56.397526,55.093695,55.954003,26.186873,17174829
2006-08-22,56.166592,56.210668,54.45003,54.926501,25.708669,24038111
2006-08-23,55.080457,56.567736,54.802465,56.18419,26.300074,18274764
2006-08-24,56.167115,57.220431,55.869924,56.671694,26.531037,17474084
2006-08-25,56.839285,57.610388,55.782265,56.522222,26.463814,11745297
2006-08-28,56.503382,57.842359,56.409037,57.467642,26.914861,12821217
2006-08-29,57.306557,57.58462,56.723538,57.034682,26.714864,32050405
2006-08-30,57.227208,58.264682,56.940341,58.179982,27.254154,11049691
2006-08-31,58.553506,58.623076,58.415158,58.454079,27.385403,22518409
2006-09-01,58.509414,59.008384,57.457006,57.832301,27.096922,18260436
2006-09-05,58.328582,58.979877,57.685005,58.197866,27.279555,19700765
2006-09-06,58.446712,58.533457,58.333231,58.467637,27.408859,13631428
2006-09-07,58.404608,58.982181,57.913504,57.940783,27.164702,26638760
2006-09-08,57.802446,58.421175,55.882167,55.907498,26.214153,23155958
2006-09-11,55.78154,56.085563,54.7865,54.981045,25.787801,19298423
2006-09-12,55.123296,55.576334,53.914627,54.10425,25.379198,16265923
2006-09-13,53.85292,55.017813,53.126297,54.530966,25.582023,33624487
2006-09-14,54.909377,56.555547,54.481068,56.137562,26.338463,12918903
2006-09-15,55.7101,56.310735,54.818219,54.869291,25.746097,15443312
2006-09-18,55.179692,55.338724,53.989687,54.035642,25.362843,13207192
2006-09-19,54.688059,54.830785,51.934551,52.318286,24.559318,19831019
2006-09-20,52.472377,52.53379,51.233545,51.44403,24.151436,19873699
2006-09-21,50.865911,51.347128,50.684945,51.026488,23.957905,14994314
2006-09-22,51.029571,52.046612,50.398371,50.819612,23.863255,19663348
2006-09-25,50.785061,50.99526,49.711895,49.822809,23.402492,17796001
2006-09-26,49.919544,51.000434,49.35315,50.488229,23.717516,21148554
2006-09-27,50.374901,50.573041,50.148328,50.523151,23.736391,19841798
2006-09-28,50.620475,50.977883,50.293591,50.438691,23.699176,11079008
2006-09-29,50.183088,50.493354,49.959022,50.095189,23.540227,10794856
2006-10-02,50.799893,50.896635,49.754183,49.791225,23.404695,15539691
2006-10-03,49.565237,50.086381,48.956121,49.730259,23.37847,19844600
2006-10-04,50.028773,50.144152,48.998006,49.09485,23.082162,17149806
2006-10-05,48.982433,49.190792,48.589931,48.727142,22.911666,12869360
2006-10-06,48.688683,48.87215,48.127204,48.215289,22.673349,18987918
2006-10-09,48.2965,48.4037,46.750654,47.505333,22.346464,16468369
2006-10-10,47.293323,48.939972,46.965259,48.752239,22.935394,17793406
2006-10-11,48.532313,49.553943,48.170432,49.514327,23.29634,11391685
2006-10-12,49.739105,49.983524,48.275931,48.411287,22.779733,27603639
2006-10-13,48.819499,48.862437,47.393329,47.910418,22.546397,30506408
2006-10-16,48.003801,48.414247,46.596641,46.715585,21.990978,17409842
2006-10-17,46.564804,47.061665,46.480492,47.026227,22.139513,22775529
2006-10-18,46.861731,48.148617,46.547058,47.861203,22.534956,19663311
2006-10-19,47.904076,48.085932,45.972677,46.484721,21.889131,13344207
2006-10-20,46.322033,48.550259,46.130425,48.193857,22.696305,39056959
2006-10-23,47.944248,48.72701,46.934294,48.490767,22.84326,9352719
2006-10-24,48.286659,48.310097,46.910186,47.304082,22.286549,16379540
2006-10-25,47.114817,47.739263,46.572458,46.7638,22.034296,23511914
2006-10-26,45.957128,47.20654,45.647465,46.789998,22.048934,17783277
2006-10-27,46.708752,46.940412,46.46586,46.643366,21.982123,13616942
2006-10-30,46.969102,47.001422,45.693653,45.739608,21.562929,16380327
2006-10-31,45.439847,46.494143,45.321965,45.825985,21.605897,35919226
2006-11-01,45.581873,46.736403,45.228283,46.529901,21.940059,10392439
2006-11-02,46.651633,46.686267,46.548222,46.594276,21.9727,14955775
2006-11-03,46.810679,47.19052,46.493667,46.652739,22.002559,25347480
2006-11-06,46.08803,46.986837,45.530233,46.196316,21.794099,15238690
2006-11-07,46.546563,46.691299,46.30932,46.575199,21.975132,16827050
2006-11-08,46.874561,47.601376,46.743819,47.143188,22.245435,19914712
2006-11-09,46.835019,48.968086,46.281169,48.685897,22.975783,35732122
2006-11-10,49.091115,50.009664,48.838001,49.916263,23.558866,24663285
2006-11-13,50.194897,51.54661,49.566647,50.996107,24.076031,24567257
2006-11-14,51.754122,52.048338,50.863752,50.978478,24.070212,23857019
2006-11-15,51.635077,51.932576,51.40849,51.557193,24.345994,13356442
2006-11-16,52.17111,52.313636,51.621988,51.86091,24.491961,10855998
2006-11-17,51.981958,53.727248,51.535665,53.268542,25.15935,20168152
2006-11-20,53.088399,53.785722,51.874543,52.376343,24.745676,15343916
2006-11-21,52.635419,52.717093,51.976309,52.1457,24.63927,17827475
2006-11-22,52.159042,54.040667,51.907234,53.420748,25.244367,14300828
2006-11-24,53.42385,54.070275,52.865994,53.313383,25.198874,16635159
2006-11-27,53.41129,54.198994,53.011114,53.861759,25.466014,16229171
2006-11-28,53.383825,53.503345,51.937181,52.669786,24.905036,18546438
2006-11-29,52.273901,52.55317,52.127526,52.46949,24.812907,15283902
2006-11-30,52.087294,52.32534,51.899899,52.280751,24.726224,13215619
2006-12-01,51.86511,51.896747,51.313956,51.562093,24.388872,12398073
2006-12-04,51.529072,51.79102,50.770403,50.852247,24.060623,15189305
2006-12-05,51.074966,51.427011,50.23688,50.348643,23.824822,18472750
2006-12-06,50.563422,50.705991,49.185584,49.915324,23.622235,20672644
2006-12-07,49.933746,50.493445,49.779255,50.199975,23.759416,24223794
2006-12-08,50.137138,51.28755,49.965781,51.177961,24.224813,11858764
2006-12-11,51.270109,52.06002,50.824505,51.818453,24.535643,20810915
2006-12-12,51.84594,52.414969,51.374348,51.818608,24.53827,10064382
2006-12-13,51.676404,52.359297,51.358365,51.469193,24.375342,20539119
2006-12-14,51.554318,51.615266,50.245709,50.481016,23.909838,16270000
2006-12-15,50.196445,50.479726,50.0813,50.29391,23.823696,17870294
2006-12-18,50.424615,50.489728,49.751107,49.917959,23.652993,14975334
2006-12-19,50.1136,50.36152,48.685367,48.791006,23.121406,22028222
2006-12-20,48.852664,49.969441,48.721328,49.579649,23.497578,16800300
2006-12-21,49.939436,50.073263,49.420779,49.446398,23.436864,16725615
2006-12-22,49.498385,50.92824,49.199542,50.589016,23.980943,16832338
2006-12-26,50.809871,51.779105,50.729615,51.012534,24.19177,12342109
2006-12-27,51.116917,51.439448,50.851188,51.008035,24.192154,17944448
2006-12-28,51.288641,52.017048,51.195855,51.809794,24.574969,23304427
2006-12-29,51.927968,52.437809,51.322785,52.213247,24.768916,17780782
2007-01-02,52.48601,52.971803,51.540716,51.594671,24.485664,15315990
2007-01-03,51.667608,51.989257,51.200395,51.275413,24.336683,17494550
2007-01-04,51.110106,51.49237,50.7529,50.950506,24.18499,18080919
2007-01-05,50.862746,50.986633,49.968672,50.133743,23.799767,19441479
2007-01-08,50.020867,50.891945,49.611541,50.705825,24.078864,13080936
2007-01-09,50.272647,51.273156,49.816877,50.975291,24.209345,20687402
2007-01-10,51.009638,51.526069,50.913205,51.321467,24.376287,26683491
2007-01-11,51.008503,53.074565,50.839458,52.925253,25.140657,18243144
2007-01-12,53.014752,53.190596,52.714055,53.106373,25.229318,25423502
2007-01-16,53.138639,53.72396,52.816166,53.36535,25.362903,17221124
2007-01-17,53.733816,53.924785,53.592903,53.764118,25.555084,17987762
2007-01-18,54.071711,54.289348,53.868964,53.908464,25.62636,13258638
2007-01-19,54.118653,54.244409,53.397837,53.473413,25.422195,18153251
2007-01-22,53.39861,53.804857,52.746359,52.973983,25.192619,14207504
2007-01-23,53.173418,53.222446,52.520736,52.781974,25.103918,14783105
2007-01-24,52.751215,52.88581,51.995359,52.166241,24.813647,25510650
2007-01-25,51.79945,52.916153,51.757235,52.143468,24.805396,34631307
2007-01-26,51.892565,52.700111,51.355468,52.372668,24.917022,14332065
2007-01-29,52.358287,52.660019,52.066263,52.113745,24.801575,8174686
2007-01-30,52.040263,52.402275,51.258757,52.219495,24.854489,21879766
2007-01-31,52.200849,52.42781,51.630398,52.030758,24.767234,14651121
2007-02-01,52.102306,53.487409,51.982683,53.427668,25.434825,23308799
2007-02-02,53.433837,53.847944,52.778349,52.89769,25.185143,30760498
2007-02-05,52.818635,53.382259,52.721353,52.99738,25.240483,11169716
2007-02-06,53.265593,53.389408,52.021806,52.05634,24.794884,19835403
2007-02-07,52.182075,52.211027,51.665381,52.057092,24.797822,16397202
2007-02-08,51.846606,52.954549,51.255429,52.5733,25.046328,22691778
2007-02-09,52.711554,52.950527,51.895408,52.079643,24.813727,16128647
2007-02-12,52.104495,52.439804,51.512319,52.004409,24.785616,21493779
2007-02-13,52.082285,52.972782,51.730962,52.720301,25.129429,18573812
2007-02-14,52.675387,53.017797,51.785542,52.15764,24.86382,24738515
2007-02-15,52.098846,52.129596,51.438966,51.573868,24.588091,17291922
2007-02-16,51.700737,51.975014,51.370181,51.405633,24.510434,27037366
2007-02-20,51.5508,52.742382,51.472091,52.479,25.032635,25775220
2007-02-21,52.62658,52.774217,52.218694,52.314274,24.956656,13304582
2007-02-22,52.613325,52.646435,51.467106,51.5725,24.605351,28313383
2007-02-23,51.426424,52.399436,51.150443,51.928487,24.777771,21171777
2007-02-26,51.435334,52.621456,51.222181,52.347474,24.985488,20647741
2007-02-27,52.483673,53.184715,52.012857,52.784222,25.19657,15782206
2007-02-28,52.476799,52.525283,51.747016,52.188478,24.914783,11797247
2007-03-01,51.911531,52.299174,51.630733,51.764004,24.714711,11248441
2007-03-02,51.598162,52.150868,51.559311,52.071658,24.864187,15112766
2007-03-05,52.026422,52.171986,51.794135,52.034327,24.854117,21737748
2007-03-06,52.19504,52.540877,51.93071,52.01901,24.849386,14421389
2007-03-07,52.227907,52.547415,51.946107,52.394097,25.031168,11522351
2007-03-08,52.4529,52.9994,52.074303,52.878511,25.265225,23805532
2007-03-09,52.80776,53.844921,52.468402,53.716373,25.668224,18461566
2007-03-12,53.796934,54.138278,52.962496,53.412768,25.531114,11532960
2007-03-13,53.390753,54.254814,53.299472,54.003079,25.815966,26572408
2007-03-14,53.97463,54.122381,53.545288,53.824822,25.733428,14002530
2007-03-15,53.88411,53.929671,52.959176,53.373275,25.520201,27774949
2007-03-16,53.464279,55.075664,53.403233,54.845654,26.226941,22363233
2007-03-19,55.23976,55.314655,54.540669,54.763941,26.196041,23391204
2007-03-20,55.167119,55.726152,54.752926,55.146942,26.381992,18994232
2007-03-21,54.893416,55.765105,54.716876,55.542743,26.574105,17394323
2007-03-22,55.431396,55.683836,54.952443,55.092474,26.361419,23416207
2007-03-23,55.268304,55.536704,54.395731,54.800536,26.224457,11621887
2007-03-26,54.895819,55.539578,54.731385,55.25296,26.449215,12627785
2007-03-27,55.594156,55.809826,54.736544,54.7662,26.218934,14471522
2007-03-28,54.868769,56.123812,54.52458,55.533316,26.588952,12315581
2007-03-29,54.686616,55.521601,54.651179,55.30659,26.483152,14511122
2007-03-30,55.230789,55.518668,54.248169,54.825454,26.255495,21436785
2007-04-02,55.001491,55.252335,54.310453,54.351381,26.036591,20878093
2007-04-03,54.587518,54.928406,54.085486,54.61271,26.1645,11505229
2007-04-04,54.609274,55.253911,54.546051,54.690294,26.204396,10008712
2007-04-05,54.931567,55.303783,54.580447,55.060993,26.384758,22123745
2007-04-09,54.934109,55.713347,54.829007,55.495207,26.603899,22290756
2007-04-10,55.269664,55.628944,54.261645,54.608207,26.181403,11590235
2007-04-11,55.022064,55.469226,54.549616,54.607086,26.183589,24406288
2007-04-12,54.600932,55.32692,54.494362,54.733851,26.247103,32840117
2007-04-13,54.579363,55.241262,54.04696,55.189124,26.468178,26768966
2007-04-16,55.222762,55.966503,54.994949,55.864892,26.800634,16158067
2007-04-17,55.79368,57.181639,55.661601,57.038449,27.366483,22825490
2007-04-18,56.741793,57.293961,56.205944,56.287463,27.008977,19911793
2007-04-19,56.429395,56.46199,56.007143,56.142095,26.942027,20608538
2007-04-20,56.291228,56.485819,55.611856,55.69724,26.731326,26938993
2007-04-23,55.498485,55.592436,54.746393,54.879865,26.347257,16925033
2007-04-24,54.941668,55.575947,54.409689,54.511601,26.173181,21140176
2007-04-25,54.283842,54.419245,53.53681,53.605922,25.741006,16855437
2007-04-26,53.395042,55.075791,53.253518,55.007454,26.416755,24275888
2007-04-27,54.966793,56.288237,54.062065,56.183205,26.984204,18103976
2007-04-30,56.159892,56.459412,54.440371,54.995018,26.421776,15570977
2007-05-01,54.828355,55.607663,53.831352,54.15562,26.021203,17414479
2007-05-02,54.406492,55.074794,53.978772,54.867914,26.366196,20452456
2007-05-03,55.033697,55.337153,53.768532,53.937121,25.92161,14632117
2007-05-04,54.011757,54.59545,53.072656,53.341508,25.638032,25006600
2007-05-07,53.53356,53.648633,52.107084,52.250328,25.121407,10860485
2007-05-08,52.262527,52.787763,51.821069,52.331038,25.16283,17839708
2007-05-09,51.977756,52.398565,51.789634,52.255021,25.128892,20766646
2007-05-10,52.093819,52.344586,51.961224,52.080246,25.04745,24883259
2007-05-11,51.873342,52.581777,51.714471,52.156876,25.086915,16177287
2007-05-14,52.627555,52.715322,51.166845,51.223295,24.645563,11890128
2007-05-15,51.241244,51.66669,50.324428,50.381663,24.243142,17116056
2007-05-16,50.213836,50.424398,50.049147,50.355964,24.233297,17465142
2007-05-17,50.290233,51.019803,49.902003,50.922994,24.508724,22894666
2007-05-18,51.017688,51.18827,50.183778,50.481922,24.298969,12153222
2007-05-21,50.457268,50.575979,48.934823,49.088648,23.635706,30624577
2007-05-22,49.501662,49.766348,48.690227,48.836971,23.516972,25299337
2007-05-23,49.075478,49.314467,48.037786,48.245139,23.234399,13049850
2007-05-24,48.453396,48.734497,47.166966,47.690383,22.969623,17862135
2007-05-25,47.868587,48.18859,47.226614,47.471344,22.866504,32403014
2007-05-29,46.755136,47.804292,46.122115,47.772604,23.021197,14668343
2007-05-30,48.18152,48.332621,47.085126,47.419272,22.853306,21869857
2007-05-31,47.449107,47.689838,47.322191,47.493943,22.891675,16053104
2007-06-01,47.393077,48.466211,47.259223,48.286345,23.276027,18879466
2007-06-04,48.516255,49.183871,47.49933,47.75338,23.026302,16296399
2007-06-05,47.694597,48.519146,47.522186,48.120679,23.205824,22008675
2007-06-06,48.06988,50.176713,47.5186,49.614514,23.928704,16511154
2007-06-07,49.310878,51.228413,49.017547,50.710899,24.460027,10222665
2007-06-08,50.76446,51.482833,49.467585,49.97799,24.109022,18550873
2007-06-11,50.103423,50.898031,49.114134,49.467076,23.87001,15322153
2007-06-12,50.062869,50.295645,49.675583,49.884625,24.074,15278489
2007-06-13,49.706772,50.274047,48.426971,49.225111,23.758194,20741259
2007-06-14,49.231944,49.585726,49.090761,49.266586,23.780686,18501700
2007-06-15,50.070419,50.446407,49.485177,49.626062,23.956695,18351430
2007-06-18,49.258903,49.42285,48.892806,49.167402,23.742689,17211012
2007-06-19,49.527765,49.56124,48.103915,48.655847,23.498106,21305560
2007-06-20,48.904351,49.992387,48.747412,49.875068,24.089429,19080685
2007-06-21,50.341447,50.576377,50.04665,50.40232,24.346622,25413696
2007-06-22,50.404304,52.264245,49.993694,51.770189,25.009967,20405224
2007-06-25,51.616095,52.80178,51.192984,52.503467,25.372129,17533630
2007-06-26,52.932467,54.806192,52.346437,54.53464,26.356429,10959848
2007-06-27,54.141496,54.235859,52.19997,52.314113,25.285885,20668750
2007-06-28,51.615233,54.608875,50.637386,53.915833,26.062783,26597092
2007-06-29,54.602945,56.968171,54.465276,56.433398,27.282606,25989820
2007-07-02,56.579425,57.437786,52.223886,52.384999,25.333322,19110280
2007-07-03,52.744352,54.687078,52.720382,54.623322,26.418521,11985373
2007-07-05,54.957059,57.606038,54.782902,57.43551,27.784414,13685140
2007-07-06,56.394906,57.106429,55.713055,56.229744,27.203955,29961188
2007-07-09,55.751284,58.277171,55.503836,58.048685,28.092725,12175234
2007-07-10,57.865956,60.104734,57.161427,59.929614,29.006021,10651469
2007-07-11,59.729145,62.939784,58.16872,61.518237,29.778015,27330223
2007-07-12,62.351728,66.620709,61.169895,66.112061,32.004993,22359613
2007-07-13,64.952397,71.237481,64.5271,70.062374,33.920877,18548776
2007-07-16,69.95931,72.709959,69.531846,72.409352,35.068116,18869927
2007-07-17,71.770476,74.153576,71.204413,73.80469,35.747602,14560483
2007-07-18,74.727984,76.544714,73.859809,75.404275,36.526168,19061478
2007-07-19,75.779009,76.671236,74.535117,75.592165,36.620992,14945419
2007-07-20,75.421812,78.588821,74.624896,78.24817,37.911651,18670358
2007-07-23,73.436539,77.142989,73.163385,76.318588,36.988301,20084659
2007-07-24,78.475736,80.977348,67.535859,70.044111,33.950867,14805434
2007-07-25,68.719266,73.137865,64.825751,72.654257,35.219687,11620316
2007-07-26,73.058292,74.43836,68.236347,71.157793,34.497854,14413085
2007-07-27,70.38551,83.600111,66.998865,83.295466,40.386494,11807181
2007-07-30,82.526235,85.049293,80.130136,83.034405,40.272484,13378466
2007-07-31,85.113301,91.071795,78.696918,80.351504,38.975306,19793694
2007-08-01,79.77892,88.480011,76.200314,88.384513,42.876258,21420763
2007-08-02,88.098481,96.156464,86.933687,91.690178,44.484499,15548372
2007-08-03,92.050692,97.029191,89.197574,96.637268,46.889513,7825448
2007-08-06,95.521118,97.760938,92.667063,97.531151,47.338007,13190622
2007-08-07,96.023816,97.357429,94.436922,96.676093,46.927876,16557963
2007-08-08,96.085054,105.066244,95.811902,100.724691,48.898207,21322676
2007-08-09,99.400673,109.684176,98.208318,109.434963,53.132257,29290246
2007-08-10,113.26853,114.263348,106.618059,107.917412,52.400916,18387556
2007-08-13,109.826933,114.341068,107.625271,111.693311,54.25129,19074928
2007-08-14,113.082359,116.281918,103.508314,107.540013,52.239399,23870638
2007-08-15,106.569814,107.206109,101.759858,102.656878,49.872521,21095003
2007-08-16,102.675208,102.742804,96.439605,97.16182,47.207836,19334049
2007-08-17,98.33068,99.758706,95.92618,98.975274,48.093939,10488684
2007-08-20,98.253771,102.389097,88.553343,91.032201,44.24806,22816653
2007-08-21,90.109082,94.789034,83.268249,86.027083,41.81957,19555132
2007-08-22,83.530245,84.932819,78.111691,79.93203,38.86068,19650664
2007-08-23,81.60103,83.060175,73.590972,74.238588,36.096446,32551785
2007-08-24,73.016062,74.428555,72.960551,73.308233,35.647795,13405729
2007-08-27,72.125952,73.265369,61.398436,63.228065,30.755682,35178186
2007-08-28,63.821341,69.718604,63.58513,65.589956,31.907883,18136892
2007-08-29,63.809141,70.415613,62.768101,69.295012,33.713808,10436154
2007-08-30,69.142188,71.03204,67.894031,70.477147,34.292515,18773888
2007-08-31,69.37363,71.593333,68.155993,69.155392,33.652881,14177109
2007-09-04,70.154179,70.952098,67.669922,69.332511,33.753115,10472222
2007-09-05,71.322275,73.398161,63.189035,65.57934,31.929283,13865612
2007-09-06,66.686206,70.000613,64.154393,64.835729,31.570518,10802422
2007-09-07,63.389146,65.332978,57.208132,59.629479,29.038455,9022874
2007-09-10,60.456765,63.924285,58.745227,63.438173,30.902862,17584189
2007-09-11,64.709386,66.048061,60.422751,61.854172,30.134377,18136686
2007-09-12,63.112002,63.670518,62.860501,63.24846,30.816858,15421665
2007-09-13,61.368572,62.084074,59.710742,61.201115,29.822423,23630450
2007-09-14,59.62873,59.677892,58.084651,58.132699,28.330175,23044332
2007-09-17,57.516089,60.202974,57.220099,59.475178,28.993461,12602731
2007-09-18,59.574597,59.837947,56.637244,57.769509,28.164898,24486302
2007-09-19,57.167298,58.180433,55.255759,56.637595,27.615918,23703289
2007-09-20,56.834737,57.541161,56.020791,57.19026,27.888294,18129371
2007-09-21,56.943775,57.380949,49.464964,50.137256,24.451506,28669436
2007-09-24,50.800699,52.043532,48.968679,49.881428,24.334335,16557545
2007-09-25,48.829201,49.322983,45.076558,45.716744,22.304941,25451973
2007-09-26,45.723387,47.351963,45.63307,47.118297,22.991143,15885321
2007-09-27,46.462792,48.117632,45.090389,47.687223,23.271168,11632090
2007-09-28,47.745087,48.652767,46.720958,47.060151,22.967549,18990235
2007-10-01,47.269018,47.506387,44.155798,44.408906,21.680384,16031159
2007-10-02,44.427841,45.214682,44.303195,44.388316,21.672586,18385812
2007-10-03,43.912841,44.600661,43.067146,43.510818,21.246358,9472436
2007-10-04,43.609264,47.670367,43.24012,47.113447,23.007918,29684453
2007-10-05,47.703298,47.935829,46.42859,46.585223,22.752326,11004860
2007-10-08,46.242579,48.339845,45.576827,47.281843,23.099765,15710464
2007-10-09,47.76126,48.770593,44.50887,45.043545,22.008524,14368032
2007-10-10,44.805965,44.947104,44.006812,44.197948,21.597607,16538762
2007-10-11,44.174556,45.918677,43.955684,45.239245,22.108744,16027910
2007-10-12,45.075254,46.716081,44.908698,46.104284,22.533839,22960721
2007-10-15,46.819435,48.531716,46.414776,47.671416,23.307061,17117187
2007-10-16,47.348026,47.705065,42.363032,42.595968,20.827787,27388299
2007-10-17,42.489808,46.74325,41.069539,43.837114,21.43689,18687843
2007-10-18,44.728845,45.62867,42.841787,43.745284,21.394209,25815736
2007-10-19,43.527209,43.65073,42.003786,42.909143,20.987467,21178995
2007-10-22,44.105355,44.783602,41.439988,41.730198,20.4172,26698556
2007-10-23,42.896137,43.297071,41.188361,42.649976,20.869388,14123612
2007-10-24,42.660514,45.166904,42.027299,44.091219,21.576858,23047935
2007-10-25,44.458419,46.493148,42.990426,45.695069,22.364059,11391172
2007-10-26,44.747231,45.633031,41.219209,42.946344,21.020966,18014136
2007-10-29,44.265806,46.634641,39.926812,42.145475,20.635404,9628404
2007-10-30,43.09129,44.112541,43.049868,44.07533,21.582551,15891640
2007-10-31,44.01324,48.274505,42.732295,48.001089,23.507339,13795216
2007-11-01,47.346777,55.482129,46.655954,53.164462,26.038682,28608930
2007-11-02,50.947643,57.037426,50.648541,54.343919,26.619121,16530573
2007-11-05,54.449728,54.658192,49.006293,50.873201,24.926848,20522302
2007-11-06,50.835537,56.34862,50.700452,54.77001,26.838998,13822904
2007-11-07,54.29589,55.9669,52.825179,55.425444,27.163007,20003483
2007-11-08,55.796539,56.284995,55.003929,55.313408,27.110921,17362569
2007-11-09,54.119467,56.145142,53.359258,56.091739,27.495267,15892157
2007-11-12,55.104894,55.142708,52.274973,53.734734,26.348123,15222234
2007-11-13,54.441393,55.663845,48.647201,50.424936,24.727779,23772794
2007-11-14,51.894278,53.070605,48.314724,48.677343,23.873265,11326830
2007-11-15,48.167277,49.144283,46.690634,48.062777,23.57431,12254867
2007-11-16,48.676877,49.080339,43.787622,44.9397,22.044766,17901461
2007-11-19,44.574091,45.229717,41.639515,42.400299,20.805578,16035194
2007-11-20,41.689897,42.667661,39.401889,39.835043,19.548856,25022195
2007-11-21,39.351459,41.238278,39.146985,40.91071,20.078823,20417710
2007-11-23,41.603396,42.553867,40.901566,42.200291,20.716054,17946063
2007-11-26,42.287631,43.210805,41.082337,41.576562,20.416238,18911831
2007-11-27,41.525396,41.791037,40.241843,40.529494,19.904144,19271232
2007-11-28,40.00909,40.962319,39.761093,40.585393,19.93367,15859667
2007-11-29,40.388116,40.532925,38.876685,39.54428,19.424344,29335698
2007-11-30,39.188696,39.451673,38.771395,38.816067,19.068627,9258306
2007-12-03,39.324595,39.528746,38.036034,38.825206,19.07907,30537537
2007-12-04,38.675652,38.736134,36.703038,37.148823,18.257179,22865237
2007-12-05,37.234202,38.878319,36.99462,38.566744,18.956003,20483866
2007-12-06,38.404901,38.509625,37.054223,37.25644,18.313879,14364167
2007-12-07,36.906663,38.006199,36.370837,37.844649,18.604956,21467549
2007-12-10,37.903881,38.166729,37.145469,37.472202,18.427606,29778440
2007-12-11,37.028435,37.822496,36.862136,37.627932,18.506115,17610845
2007-12-12,37.477971,39.594585,36.772557,39.098645,19.231439,18053661
2007-12-13,38.78792,39.916628,38.335407,39.386958,19.375267,14997993
2007-12-14,39.156633,40.600351,38.539668,40.541285,19.94518,15992088
2007-12-17,40.375632,40.68477,39.506948,39.914533,19.642965,16761313
2007-12-18,40.06127,41.386156,39.925693,40.750361,20.056384,13934842
2007-12-19,41.205296,41.432873,39.571612,39.86414,19.622248,24446280
2007-12-20,39.733371,41.474657,39.65826,40.935853,20.151872,22026404
2007-12-21,41.321726,41.646207,41.096786,41.54098,20.451891,19615572
2007-12-24,41.752638,41.99378,39.302037,39.759284,19.580818,15309632
2007-12-26,39.766282,40.582687,38.825467,40.406007,19.90346,20922178
2007-12-27,40.478864,40.718296,39.180657,39.522523,19.470293,18274285
2007-12-28,39.614343,40.263429,37.059491,38.031528,18.737722,14947647
2007-12-31,38.317729,38.721033,37.956731,38.103651,18.779116,14856217
2008-01-02,38.307857,38.530661,37.791429,38.357954,18.908382,16671145
2008-01-03,38.493388,40.086804,38.274347,39.740705,19.592041,18626824
2008-01-04,39.331061,40.357705,39.245914,40.257899,19.849081,21389556
2008-01-07,40.111166,40.264994,39.81076,40.018315,19.737114,22377673
2008-01-08,40.139637,41.169739,40.115941,41.136674,20.290802,41168257
2008-01-09,41.334345,42.865072,41.27874,42.665419,21.04705,25661686
2008-01-10,42.582869,44.645995,42.464333,43.909971,21.663247,23176551
2008-01-11,44.068101,44.336388,42.608471,43.064699,21.248437,8660798
2008-01-14,42.932372,43.29541,42.462126,43.188567,21.316207,25617784
2008-01-15,43.831797,44.251515,42.601808,43.744197,21.59269,11675360
2008-01-16,43.852327,44.099499,42.297647,42.40086,20.93178,20246028
2008-01-17,41.984896,43.791781,41.827636,43.691732,21.571281,18967348
2008-01-18,43.9465,44.925234,43.653844,44.689416,22.066149,18798861
2008-01-22,44.554162,46.726421,44.123224,46.267593,22.854909,30472046
2008-01-23,46.378076,46.419607,45.841436,46.247895,22.847556,20030978
2008-01-24,46.104709,47.374775,45.411933,46.954375,23.198987,23688031
2008-01-25,47.77396,47.847687,45.943665,46.832531,23.141194,14934142
2008-01-28,47.059159,47.272389,46.156449,47.158159,23.30937,32805643
2008-01-29,46.855482,47.238609,46.159433,46.384311,22.929257,20745488
2008-01-30,46.541736,47.550701,46.362615,47.390968,23.429318,19505571
2008-01-31,46.897257,48.390371,46.779947,47.938132,23.702292,18399574
2008-02-01,48.812878,49.085262,47.324821,47.730655,23.602164,20982917
2008-02-04,47.540064,47.602137,46.467195,47.426434,23.459052,17359577
2008-02-05,47.168041,47.392899,46.083808,46.297611,22.903072,24686606
2008-02-06,46.672139,47.093509,45.826515,46.015444,22.765855,6129122
2008-02-07,45.87472,46.364293,43.902074,44.381096,21.959556,15918006
2008-02-08,44.232708,46.340212,43.595588,46.038214,22.78186,15931645
2008-02-11,45.792539,47.001434,44.511564,44.948224,22.249425,16693732
2008-02-12,45.671586,45.836129,45.117331,45.495284,22.522564,18003440
2008-02-13,45.085848,45.845569,44.376429,45.708698,22.630569,23196582
2008-02-14,45.3072,45.580567,43.98734,44.42774,21.99865,18819117
2008-02-15,45.130695,45.484819,44.215295,44.681297,22.126502,19467635
2008-02-19,44.718621,45.770396,43.288538,43.418705,21.510207,9664792
2008-02-20,43.699294,44.17089,42.188901,42.531828,21.073029,19507880
2008-02-21,42.185587,42.581106,41.537603,41.978148,20.800863,18811689
2008-02-22,41.837334,42.469951,41.427237,42.39822,21.011202,18276884
2008-02-25,42.451409,42.758737,41.969363,42.34361,20.99069,18429977
2008-02-26,42.530112,42.770606,41.877803,42.327357,20.984816,21095724
2008-02-27,42.112177,42.461609,41.835816,42.363279,21.00481,22630120
2008-02-28,42.535982,43.439472,42.084875,42.964074,21.304916,21014139
2008-02-29,42.811133,43.751061,42.698844,43.581744,21.613453,15365150
2008-03-03,43.496666,43.884408,43.034369,43.74859,21.70297,11581554
2008-03-04,44.214463,44.899211,42.687346,43.487963,21.575922,15969350
2008-03-05,43.64261,43.752883,42.268918,42.549201,21.112365,14051744
2008-03-06,42.709404,43.664374,42.583954,43.233242,21.454009,38271791
2008-03-07,43.491119,43.720744,42.688848,42.80029,21.241372,13174600
2008-03-10,42.908311,43.494107,42.848163,43.012585,21.353395,25933574
2008-03-11,42.887011,43.061997,42.519943,42.621776,21.161582,15880525
2008-03-12,43.096527,43.932779,42.691138,43.883027,21.790055,20754508
2008-03-13,43.529223,44.330872,43.364096,44.206167,21.952794,24613362
2008-03-14,44.053012,45.594902,44.016313,45.307623,22.502118,10571243
2008-03-17,45.313773,45.717712,45.042523,45.222812,22.467008,16964168
2008-03-18,45.385723,45.704983,44.894053,45.583716,22.648664,26034526
2008-03-19,46.019668,47.005508,45.823914,46.823932,23.267297,18494863
2008-03-20,46.83523,47.465233,46.631997,47.187675,23.450484,15619650
2008-03-24,47.249295,48.639592,47.166264,48.451013,24.088337,23369147
2008-03-25,48.490064,48.743782,47.494219,47.657259,23.696172,13076436
2008-03-26,47.486443,47.719144,47.293881,47.447803,23.594481,10231049
2008-03-27,47.44067,48.66237,47.356592,48.303431,24.02246,13568141
2008-03-28,48.599103,48.683955,48.095166,48.438815,24.092296,24966039
2008-03-31,48.657662,49.092895,48.484431,48.877091,24.317873,20167760
2008-04-01,49.190549,49.504263,48.490071,48.996152,24.379646,15053960
2008-04-02,48.939965,49.48166,48.884349,49.121582,24.444601,15592034
2008-04-03,49.119095,49.735786,48.819727,48.988052,24.380688,14810674
2008-04-04,48.951008,49.306928,48.492003,49.112898,24.445366,12317420
2008-04-07,49.214912,50.151587,48.642236,50.068131,24.928601,16484691
2008-04-08,50.182245,50.406638,49.913911,50.032604,24.913504,11428426
2008-04-09,49.608844,50.249406,49.540523,49.952955,24.876431,9723721
2008-04-10,50.440807,51.095693,49.93036,50.877315,25.339396,18773144
2008-04-11,51.223127,51.342196,49.727223,49.859719,24.835167,23858067
2008-04-14,49.66283,50.55607,49.239948,50.065825,24.945613,22794613
2008-04-15,49.843529,49.93003,49.480467,49.6575,24.744737,25684652
2008-04-16,49.662254,50.177261,49.633174,50.051768,24.943799,15581828
2008-04-17,50.222612,50.478022,49.225701,49.506091,24.674422,21806592
2008-04-18,49.518528,49.689673,49.107525,49.499858,24.673882,15153781
2008-04-21,49.690516,49.803678,48.735516,48.804966,24.335098,23229832
2008-04-22,48.753637,49.438477,48.537826,48.87728,24.373691,17734696
2008-04-23,48.726151,49.147781,48.559567,48.884162,24.379659,16080623
2008-04-24,49.313993,49.906395,47.877792,47.956211,23.919357,24401332
2008-04-25,48.264553,49.925184,48.211071,49.579325,24.731498,22469168
2008-04-28,49.84488,51.148238,49.655632,50.382496,25.139987,14449942
2008-04-29,50.328786,51.201096,49.258844,49.884973,24.894322,21118650
2008-04-30,49.882538,50.161211,48.80284,49.199859,24.554981,28923501
2008-05-01,48.776831,48.918235,47.869101,48.057024,23.987103,17971289
2008-05-02,48.242645,48.455641,47.347172,47.453595,23.688373,35980072
2008-05-05,47.591554,49.206326,47.214121,48.373947,24.155341,20150521
2008-05-06,48.707923,49.399738,48.361204,49.327967,24.63429,14744435
2008-05-07,49.253983,49.387077,47.71653,48.04587,23.99651,26403787
2008-05-08,48.032413,48.343448,47.826874,48.082294,24.017201,27376372
2008-05-09,48.007139,48.412431,47.922654,48.353419,24.155141,32629474
2008-05-12,48.634747,48.767577,47.872235,48.167135,24.069594,29150916
2008-05-13,48.29498,48.35353,47.572694,48.25304,24.11503,22592237
2008-05-14,48.257026,48.593023,47.933318,48.081245,24.031673,25765510
2008-05-15,47.672851,48.200461,47.415072,48.171532,24.079305,18470030
2008-05-16,48.268997,48.707388,47.834927,48.003292,23.997704,17520293
2008-05-19,47.908451,48.805208,47.871936,48.442213,24.224688,15857190
2008-05-20,48.612755,48.788375,48.179282,48.458738,24.235473,20914617
2008-05-21,48.416352,49.356589,47.837837,47.896279,23.956665,13049449
2008-05-22,47.75524,48.175222,47.4631,48.011203,24.016646,26758933
2008-05-23,47.780233,48.29814,47.730399,48.10448,24.06581,21136354
2008-05-27,48.031346,48.751342,47.92629,48.564214,24.305919,20212343
2008-05-28,48.750613,49.046978,48.558799,48.726382,24.38962,9753145
2008-05-29,48.688078,49.115023,48.279419,48.856555,24.457322,17858875
2008-05-30,48.458429,50.496014,48.246541,50.139327,25.102082,24670694
2008-06-02,50.265869,50.355805,49.108301,49.429556,24.754462,9788256
2008-06-03,49.175631,50.027297,48.798958,49.868522,24.976896,14493449
2008-06-04,49.931749,50.051591,49.724687,49.971782,25.031219,26393249
2008-06-05,49.999781,50.050187,49.735531,49.807055,24.951301,16606854
2008-06-06,49.377218,49.69144,49.294355,49.477904,24.788989,14143564
2008-06-09,49.618215,49.680272,49.212075,49.301427,24.708283,18709470
2008-06-10,49.496709,50.172657,49.427449,49.778452,24.949948,29065190
2008-06-11,49.474389,49.514583,48.478706,48.747267,24.43564,17285567
2008-06-12,48.891543,49.738343,48.726531,49.367621,24.74918,22668462
2008-06-13,49.343881,50.962772,49.038867,50.52997,25.334529,24385232
2008-06-16,51.021572,51.134252,50.270673,50.411449,25.282996,25000490
2008-06-17,50.730337,51.249645,50.537734,51.22416,25.69327,19859439
2008-06-18,51.03127,51.433301,50.31813,50.47305,25.319158,20180874
2008-06-19,50.392851,50.791815,50.243729,50.471081,25.320805,14246521
2008-06-20,50.158697,50.715328,50.040669,50.543999,25.360026,14848524
2008-06-23,50.954603,51.095916,49.84851,50.14155,25.165953,17286802
2008-06-24,49.965432,50.027504,49.717071,49.81266,25.003485,17268278
2008-06-25,49.61763,49.855739,49.37455,49.784133,24.991766,12698848
2008-06-26,49.811651,50.535803,49.252935,50.280802,25.243722,20741807
2008-06-27,50.193088,50.264899,49.138,49.375676,24.791878,9846863
2008-06-30,48.919833,50.091313,48.647601,50.022316,25.124401,21086256
2008-07-01,50.11296,50.551552,48.931843,49.352092,24.790351,33973684
2008-07-02,49.324625,49.396865,47.464392,47.523822,23.874465,25955439
2008-07-03,47.969523,48.185813,47.366261,47.426835,23.82822,14317493
2008-07-07,47.476701,47.820058,47.190039,47.389213,23.819229,22773337
2008-07-08,47.670405,47.906564,47.148468,47.728118,23.992068,18698985
2008-07-09,47.891904,48.202443,47.598992,47.661544,23.961096,17193870
2008-07-10,47.286924,47.9216,47.065791,47.677673,23.971698,23173673
2008-07-11,47.69835,47.894011,46.48191,46.631233,23.448001,22326985
2008-07-14,46.532131,47.91987,46.179564,47.702762,23.994296,22256760
2008-07-15,47.438636,47.772197,46.858222,46.971439,23.628902,29012303
2008-07-16,46.882495,47.52874,46.587278,47.312107,23.80275,17868248
2008-07-17,47.044781,47.838423,46.976367,47.734402,24.017706,20253226
2008-07-18,47.796614,48.165822,47.284304,47.913786,24.110472,15686726
2008-07-21,47.87316,48.155937,47.572265,47.891428,24.106744,8621465
2008-07-22,47.85721,48.040632,46.873797,47.098187,23.709923,15728387
2008-07-23,46.821197,47.600411,46.578596,47.162071,23.744553,11618806
2008-07-24,47.225079,48.000604,47.178013,47.938489,24.137965,14568662
2008-07-25,47.850197,47.971268,47.684246,47.709119,24.024973,7671907
2008-07-28,47.521518,47.734423,47.106954,47.6795,24.017552,35423321
2008-07-29,47.796331,48.11462,47.243742,47.608057,23.984059,17236055
2008-07-30,47.216709,47.497582,46.680142,46.835158,23.597142,23278881
2008-07-31,46.542723,46.811491,46.517584,46.699489,23.531235,11824286
2008-08-01,46.556595,47.297911,46.476488,47.25916,23.815724,19392451
2008-08-04,46.988335,47.163725,46.476149,46.717092,23.549904,25822414
2008-08-05,46.922932,47.823411,46.879687,47.544683,23.969583,37891570
2008-08-06,47.481235,47.85001,46.934292,47.028842,23.711989,17400481
2008-08-07,46.809658,47.020591,46.697216,46.902362,23.650678,14451185
2008-08-08,46.839951,47.066896,46.545294,46.647708,23.524715,15414594
2008-08-11,46.281185,46.432557,45.292495,45.44818,22.926941,21722456
2008-08-12,45.109046,45.714906,44.727907,45.156898,22.78237,15150500
2008-08-13,45.040561,45.13785,44.450549,44.590809,22.49911,19441969
2008-08-14,44.565518,44.769461,43.810597,43.874702,22.140088,18340222
2008-08-15,43.905755,44.254606,43.059303,43.422496,21.914175,26096467
2008-08-18,43.173184,43.513317,43.048993,43.145127,21.780992,11826605
2008-08-19,43.313411,43.726827,43.157518,43.706981,22.066929,25675323
2008-08-20,43.754408,44.079159,42.430219,42.494743,21.457122,26897694
2008-08-21,42.498425,42.779577,41.711246,41.953488,21.186027,15448208
2008-08-22,41.725389,42.94409,41.462594,42.705226,21.56789,22980119
2008-08-25,43.014208,43.152718,42.612368,42.961939,21.704314,26922500
2008-08-26,42.95205,43.1467,41.835553,42.052486,21.24707,13810623
2008-08-27,42.088859,42.896153,41.851158,42.56301,21.50725,23785378
2008-08-28,42.523502,42.995782,42.315959,42.633084,21.5449,18391110
2008-08-29,42.515397,42.541981,41.05269,41.740783,21.096164,14456786
2008-09-02,41.730628,41.781263,39.913847,40.495055,20.475081,16572979
2008-09-03,40.787611,41.10013,40.109569,40.308821,20.383039,15022584
2008-09-04,40.518272,41.434368,40.371822,41.145641,20.80836,18766270
2008-09-05,41.658298,41.87177,40.226447,40.579766,20.524318,13174759
2008-09-08,40.290622,41.072814,40.048872,40.76529,20.624588,15508710
2008-09-09,40.633379,41.190036,40.538798,41.102838,20.797529,20432853
2008-09-10,40.848392,41.109181,39.469101,39.584244,20.031223,20764865
2008-09-11,39.547112,40.372255,39.187305,40.258046,20.374314,18778050
2008-09-12,39.895411,39.999274,39.484012,39.571249,20.028814,15368987
2008-09-15,39.480542,39.575899,38.85305,39.168119,19.830961,19126540
2008-09-16,39.226181,39.594284,38.684296,39.413003,19.957022,16052494
2008-09-17,39.449862,39.646635,39.074525,39.32255,19.913292,7663339
2008-09-18,39.51954,39.557696,39.30958,39.412911,19.961129,18279605
2008-09-19,39.54613,40.213396,39.284669,39.491265,20.002893,10572691
2008-09-22,39.657008,40.935097,39.386258,40.909792,20.727866,21187439
2008-09-23,40.988596,41.299719,40.828683,41.210916,20.88261,21074277
2008-09-24,41.295543,41.506784,40.333229,40.649821,20.600431,19258712
2008-09-25,40.675243,40.780979,39.963297,40.411563,20.481818,15782424
2008-09-26,40.418537,42.102251,40.382894,41.812937,21.194282,28638569
2008-09-29,41.823028,42.818584,41.793793,42.707423,21.65444,22981054
2008-09-30,42.967926,43.125949,42.671463,42.942663,21.775982,16083675
2008-10-01,42.872619,43.415667,42.636408,43.147041,21.881898,13332540
2008-10-02,43.27451,43.391548,42.861431,43.053712,21.836838,27457366
2008-10-03,42.489059,43.357727,42.358326,43.309088,21.96865,18972491
2008-10-06,43.418404,43.517915,43.213107,43.313714,21.977855,21344180
2008-10-07,42.804864,43.106845,42.554443,43.053787,21.848238,15507775
2008-10-08,43.161642,43.353744,42.22907,42.303263,21.469608,24620589
2008-10-09,42.310757,42.390036,41.758256,41.840408,21.236911,14478707
2008-10-10,41.814245,41.96716,41.500404,41.625232,21.129892,10982127
2008-10-13,42.0337,43.024864,41.73998,42.369144,21.514232,11826872
2008-10-14,42.724316,43.33617,41.782578,42.225289,21.443416,18997224
2008-10-15,42.336996,42.932735,42.215032,42.909585,21.793192,13424401
2008-10-16,42.663735,43.80063,42.644918,43.451098,22.070515,16987515
2008-10-17,43.44778,44.146714,41.965863,42.20015,21.43734,15688150
2008-10-20,42.384352,42.595001,42.265532,42.482404,21.587459,19181884
2008-10-21,42.700975,42.920116,42.008348,42.186931,21.439545,24297624
2008-10-22,42.080127,42.538869,42.03187,42.102407,21.398816,21411829
2008-10-23,42.191993,42.705775,41.075813,41.411054,21.049621,28168391
2008-10-24,41.17876,41.344289,40.905869,40.939203,20.81194,17179442
2008-10-27,41.104475,41.227698,40.676694,40.941407,20.819557,33476705
2008-10-28,41.20511,41.630485,40.5566,41.263456,20.985509,24979281
2008-10-29,40.879392,41.882418,40.295135,41.649143,21.183863,28331373
2008-10-30,41.899544,42.026579,40.992937,41.107414,20.910501,19810862
2008-10-31,41.136631,42.231847,40.966282,42.095205,21.415198,16057284
2008-11-03,42.414631,42.517845,41.988975,42.112176,21.430519,22039831
2008-11-04,41.931396,42.799187,41.710856,42.593191,21.677559,14186999
2008-11-05,42.440647,43.204387,42.401631,42.993189,21.883412,15253378
2008-11-06,43.242378,44.340552,42.889675,44.297034,22.549411,19499066
2008-11-07,44.482874,44.855962,44.216085,44.348031,22.57772,12218294
2008-11-10,44.299689,44.37636,43.237065,43.845305,22.328749,16143642
2008-11-11,43.631377,43.803139,43.421091,43.642267,22.227662,15124527
2008-11-12,43.88291,43.921841,42.472121,42.735046,21.767865,28665314
2008-11-13,42.647317,43.807953,42.265919,43.688608,22.255894,31119185
2008-11-14,43.730316,44.962671,43.470295,44.842659,22.846169,15216273
2008-11-17,44.513744,44.882161,43.817294,44.078307,22.463762,22894128
2008-11-18,44.2903,45.06694,44.200987,44.651152,22.75807,27534231
2008-11-19,44.751433,45.067527,43.493723,43.729015,22.290388,17629484
2008-11-20,43.871177,44.078832,43.465823,43.590423,22.222055,18236779
2008-11-21,43.754267,44.942549,43.545443,44.748457,22.814785,26034802
2008-11-24,44.557612,45.207117,44.378331,44.740936,22.818071,25444543
2008-11-25,44.552696,44.798663,44.212264,44.750793,22.825472,12540991
2008-11-26,44.672515,45.375892,44.580355,45.032554,22.971577,22284768
2008-11-28,44.718325,46.242361,44.660951,45.720103,23.327156,11195045
2008-12-01,45.6405,45.79132,45.194377,45.290125,23.114987,22145037
2008-12-02,45.175192,46.142368,44.910228,45.925044,23.441473,26922394
2008-12-03,46.174687,46.29944,44.492137,44.866377,22.903482,21848320
2008-12-04,44.725104,45.955315,44.223069,45.669589,23.315933,17684493
2008-12-05,45.390166,45.655254,45.268041,45.63669,23.301561,19392339
2008-12-08,45.709658,46.151127,45.581135,45.919763,23.453414,24837788
2008-12-09,46.403757,46.800849,46.185586,46.375338,23.688562,13366128
2008-12-10,46.270464,46.785256,45.831166,46.724145,23.869216,14996564
2008-12-11,46.736851,47.469898,46.614935,47.287496,24.159519,13526194
2008-12-12,47.139727,48.255079,46.596404,48.099948,24.577164,12651204
2008-12-15,47.841432,48.386693,47.551551,48.282985,24.67839,12343130
2008-12-16,48.25567,48.563183,47.856291,47.973971,24.522998,22868189
2008-12-17,47.832598,48.005605,47.427752,47.921364,24.498655,17009651
2008-12-18,48.292296,48.402172,47.898209,48.061958,24.573087,16550455
2008-12-19,48.254609,48.285167,47.769523,47.946498,24.516605,24039684
2008-12-22,47.949348,48.645015,47.763526,48.446824,24.780171,9027846
2008-12-23,48.495409,48.595347,47.854442,48.170284,24.641287,20496544
2008-12-24,48.471097,48.522226,47.562612,47.738066,24.422729,14285921
2008-12-26,47.69763,48.077768,47.591352,48.01019,24.567058,16337946
2008-12-29,47.852461,48.205344,47.640718,48.047565,24.593858,24044660
2008-12-30,47.968158,48.500691,47.724493,48.401687,24.777698,13159518
2008-12-31,48.376931,48.492778,48.1031,48.287404,24.721766,18703281
2009-01-02,48.717453,49.049388,48.467057,48.671202,24.923446,11502596
2009-01-05,48.624117,48.894245,46.945227,47.34776,24.253309,30077061
2009-01-06,47.464764,47.61882,47.398311,47.587677,24.37874,19141685
2009-01-07,47.508167,47.951735,47.344112,47.571282,24.372876,19201389
2009-01-08,47.612768,48.058215,47.449518,47.735816,24.459719,13049663
2009-01-09,47.733878,48.984487,47.526594,48.760674,24.987453,17346105
2009-01-12,48.791269,48.852832,47.870595,47.965188,24.587478,18157994
2009-01-13,47.699638,49.574371,47.611539,49.14651,25.195658,19786171
2009-01-14,49.359199,50.005449,49.065498,49.725263,25.495016,16386673
2009-01-15,49.737041,50.017886,49.033324,49.401418,25.33161,15072248
2009-01-16,49.390768,49.859693,48.929905,49.121739,25.19082,11133115
2009-01-20,49.123435,49.310656,48.543114,48.64757,24.958039,13025410
2009-01-21,48.751655,49.325493,48.663758,49.045274,25.164694,14532973
2009-01-22,49.218247,49.269098,49.077383,49.208635,25.25114,27738319
2009-01-23,49.350737,49.40459,48.650254,48.929621,25.110578,26801263
2009-01-26,49.032959,49.243661,48.229504,48.774456,25.038761,10091278
2009-01-27,49.013032,49.861769,48.857783,49.530307,25.429429,23431581
2009-01-28,49.690648,50.036543,48.275284,48.690366,25.000795,30648853
2009-01-29,48.663044,49.138438,48.639566,48.893695,25.107809,18626181
2009-01-30,49.006479,49.692065,48.778184,49.644801,25.496168,23318063
2009-02-02,49.577352,50.276102,49.339516,49.886649,25.628372,16193852
2009-02-03,49.630419,50.135686,49.502268,50.084573,25.732729,18922752
2009-02-04,50.350714,51.027389,49.47737,49.974158,25.678671,18466700
2009-02-05,50.174994,50.776262,50.054531,50.383977,25.891945,21517824
2009-02-06,50.2469,50.299599,48.852513,49.095963,25.23267,16964013
2009-02-09,48.876552,49.996788,48.760932,49.892797,25.650204,24039767
2009-02-10,49.671305,51.03714,49.362417,51.013706,26.229199,21908381
2009-02-11,50.797497,51.538601,50.737403,51.294871,26.376507,20088775
2009-02-12,51.37611,51.980881,50.4582,50.614501,26.029359,34163351
2009-02-13,50.401397,51.03666,48.669781,49.098779,25.252501,13997321
2009-02-17,48.91863,48.992744,48.490944,48.537108,24.974013,18406211
2009-02-18,48.54966,49.514255,48.281531,49.18034,25.307611,14988571
2009-02-19,49.097128,51.173444,48.853228,51.109066,26.302846,17578333
2009-02-20,51.26486,51.757807,51.206388,51.639638,26.578666,10281542
2009-02-23,51.41229,52.658395,51.163813,52.265877,26.909386,16057672
2009-02-24,52.317343,52.634526,51.765552,52.200643,26.878596,12886183
2009-02-25,52.384174,52.627167,52.068652,52.596977,27.085489,22348417
2009-02-26,52.497578,53.540124,52.030907,53.479247,27.542691,28095099
2009-02-27,53.531404,54.02641,53.280593,53.576221,27.595505,24674391
2009-03-02,53.728839,54.33325,53.491415,54.188822,27.91975,19469722
2009-03-03,54.36887,55.289936,54.262522,54.587299,28.127984,12471309
2009-03-04,54.570947,55.084295,54.131482,54.864667,28.273849,19137512
2009-03-05,54.800426,54.901257,53.896422,54.028708,27.845945,20854216
2009-03-06,54.560751,54.757887,54.104671,54.351615,28.015283,18250206
2009-03-09,54.406522,54.524771,53.355844,53.862296,27.771732,21237512
2009-03-10,53.837275,54.655434,53.531645,54.276171,27.98804,14405959
2009-03-11,54.396625,55.15803,54.13868,54.766628,28.243888,19612151
2009-03-12,54.321596,55.324775,53.958976,54.854887,28.292347,10553210
2009-03-13,54.46614,54.576227,53.71212,53.998826,27.853717,21731879
2009-03-16,53.649184,53.723843,52.663177,52.891632,27.29112,16257635
2009-03-17,52.890313,53.655657,52.845863,53.473467,27.594207,17043959
2009-03-18,53.384041,53.607611,52.294387,52.703721,27.19982,9039554
2009-03-19,52.773291,53.512587,51.520242,51.55173,26.608058,28567182
2009-03-20,51.433631,51.845412,50.212508,50.439909,26.036908,36404417
2009-03-23,50.381186,51.082994,50.177828,50.696991,26.177782,18225333
2009-03-24,50.587014,52.119057,49.824713,51.631272,26.662979,17367641
2009-03-25,51.256153,52.533957,51.165776,51.927197,26.818588,21527949
2009-03-26,51.525114,51.992339,51.130916,51.864559,26.789025,25703615
2009-03-27,51.809657,52.379409,51.568128,51.923646,26.822335,12423851
2009-03-30,51.740288,52.646362,51.595753,52.348224,27.050102,13169015
2009-03-31,52.306105,52.396054,51.176584,51.439182,26.583135,18221885
2009-04-01,51.985817,52.081429,51.164419,51.267534,26.497185,16243222
2009-04-02,50.936579,53.038893,50.775518,52.009201,26.883306,38049580
2009-04-03,51.816306,52.726455,50.975611,52.502633,27.141183,21997686
2009-04-06,52.134423,52.625811,51.547083,52.418147,27.105967,19969597
2009-04-07,52.300259,52.634319,51.473462,51.498448,26.633152,10152521
2009-04-08,51.775053,52.303906,51.548944,51.983089,26.886587,15234106
2009-04-09,51.706718,51.82258,50.404363,50.767057,26.260366,19375182
2009-04-13,51.312447,51.403564,50.546845,50.796122,26.286337,18906404
2009-04-14,50.864576,50.961362,49.464801,49.901188,25.825907,33521823
2009-04-15,49.917028,50.859893,49.895005,50.224165,25.995766,9454466
2009-04-16,50.643536,50.754367,50.123245,50.255904,26.0149,10194583
2009-04-17,50.246095,50.555512,50.219669,50.359628,26.071305,12983724
2009-04-20,50.35468,50.411134,49.842774,49.923358,25.853515,28971069
2009-04-21,49.890559,50.025184,49.857436,49.987719,25.889538,18083851
2009-04-22,50.006824,50.789837,49.561245,50.469172,26.141611,18670675
2009-04-23,50.869566,51.206784,49.64798,50.224598,26.017635,27755782
2009-04-24,50.203494,50.319019,49.989796,50.059769,25.934948,17012713
2009-04-27,50.131575,50.76113,50.109156,50.440834,26.140527,11177273
2009-04-28,50.621868,51.06632,49.721888,49.821562,25.822281,12861422
2009-04-29,49.702613,49.78566,47.588655,47.87205,24.81444,15488121
2009-04-30,47.668639,47.787285,47.546162,47.669121,24.711823,22781234
2009-05-01,47.419358,48.018509,47.215143,47.721687,24.741647,16792693
2009-05-04,48.137194,48.211698,46.940451,47.173639,24.465142,32919868
2009-05-05,47.200113,47.277317,45.60122,46.374846,24.053375,14835012
2009-05-06,46.489138,47.258645,45.801035,47.017801,24.389396,20152499
2009-05-07,46.828259,47.493161,46.146792,46.51897,24.13315,11585292
2009-05-08,46.654301,47.035253,46.363669,46.856098,24.310574,10746677
2009-05-11,46.763605,47.73612,46.408993,47.63737,24.723641,18684445
2009-05-12,47.344347,47.614486,46.771116,47.114401,24.454766,54460907
2009-05-13,46.856935,47.270882,46.456837,47.143372,24.472349,22056890
2009-05-14,46.804223,46.950447,46.023494,46.482371,24.131731,13288149
2009-05-15,46.670409,46.838201,44.77523,45.386498,23.56525,26916407
2009-05-18,45.083573,45.738597,44.832544,45.490707,23.62673,26270414
2009-05-19,45.512132,45.973936,45.184723,45.743433,23.760461,12079717
2009-05-20,45.819127,46.379579,45.770736,46.012494,23.902706,13332002
2009-05-21,45.78129,46.063397,44.910627,45.290119,23.529893,25158316
2009-05-22,45.193502,45.832313,45.131443,45.251525,23.512288,23631342
2009-05-26,44.565119,45.921861,43.990832,45.7402,23.776091,11931328
2009-05-27,45.819904,45.873856,45.092252,45.286333,23.542617,13949936
2009-05-28,45.586013,46.003921,44.342915,44.565853,23.170478,16549328
2009-05-29,44.829465,45.963029,44.790242,45.525966,23.672118,16089118
2009-06-01,45.022747,45.267441,44.788542,44.890877,23.349177,26207393
2009-06-02,44.453341,45.499517,44.416379,45.163905,23.493632,25198230
2009-06-03,45.24882,45.544748,45.1659,45.247033,23.539323,13948539
2009-06-04,44.838286,46.21478,44.157306,45.91112,23.887293,13084459
2009-06-05,45.818233,46.419344,45.280381,46.034626,23.954045,19157438
2009-06-08,46.0801,46.715927,45.813129,46.541286,24.225244,14811224
2009-06-09,46.368845,47.479635,45.79456,47.004467,24.46888,13272399
2009-06-10,47.251664,47.484594,46.137047,46.257717,24.082654,17080922
2009-06-11,45.726274,47.036006,45.277052,46.750724,24.341855,20617263
2009-06-12,46.297154,48.145288,45.794239,47.538785,24.754753,21827017
2009-06-15,47.135437,48.695842,47.097128,48.432473,25.227993,27941998
2009-06-16,48.634835,49.133554,47.975472,48.340051,25.182472,10965239
2009-06-17,48.317657,49.28237,48.217387,48.902489,25.478121,13381012
2009-06-18,48.922926,49.063653,48.47836,48.839538,25.447971,15657854
2009-06-19,48.923589,49.001299,47.646601,47.703628,24.858688,23896770
2009-06-22,47.931602,48.580043,47.911178,48.415707,25.237633,26246461
2009-06-23,48.789794,49.07246,48.695485,48.947837,25.517671,22937501
2009-06-24,48.978205,49.340748,48.312491,48.632543,25.355939,17900954
2009-06-25,49.032565,49.265453,48.345625,48.737584,25.413348,24524444
2009-06-26,48.809463,49.615462,48.417397,49.5043,25.815825,21531436
2009-06-29,49.2269,49.387946,49.046769,49.228983,25.680265,17010140
2009-06-30,49.176622,49.540109,49.128029,49.29222,25.715927,19555686
2009-07-01,49.20472,49.329319,47.722878,48.115021,25.10439,25817721
2009-07-02,48.166827,48.552043,47.538811,47.599384,24.837936,21419241
2009-07-06,47.755533,47.961048,47.554529,47.577176,24.836682,19370810
2009-07-07,47.771366,48.461762,47.546782,48.385212,25.261128,14166007
2009-07-08,48.722989,48.785814,48.08831,48.519231,25.333733,17893823
2009-07-09,48.451051,48.753078,48.30711,48.650397,25.404863,20600888
2009-07-10,48.744172,48.791168,47.339108,47.444089,24.777516,25617768
2009-07-13,47.624893,48.157935,47.131802,48.088251,25.121767,12905056
2009-07-14,48.096798,49.231323,48.035444,49.033487,25.618232,17155250
2009-07-15,48.797168,49.515591,48.482642,49.360728,25.791887,15994149
2009-07-16,49.136363,49.564734,48.649209,49.390289,25.810018,13017122
2009-07-17,49.559501,49.652523,49.10947,49.208654,25.717776,19959683
2009-07-20,49.382631,49.579353,48.60744,48.726718,25.473853,16886963
2009-07-21,49.05371,49.581456,48.664934,48.712913,25.469285,19980232
2009-07-22,48.87429,49.751556,48.471729,49.159598,25.705507,16075502
2009-07-23,49.067659,49.247133,48.715935,48.910682,25.57801,15592878
2009-07-24,48.997973,49.164082,48.859017,48.90714,25.578818,15836399
2009-07-27,49.103716,49.313384,48.476538,48.628785,25.441176,17472978
2009-07-28,48.524631,48.640162,48.460238,48.563587,25.409709,21137345
2009-07-29,48.544025,49.241442,48.390688,48.917876,25.597746,15635848
2009-07-30,48.787744,49.052053,48.56514,49.008441,25.647805,8925301
2009-07-31,49.305581,49.407835,48.389047,48.747855,25.514086,11270545
2009-08-03,48.948934,49.077083,48.551422,48.622131,25.456227,18729363
2009-08-04,48.540685,48.806439,48.408037,48.594218,25.44426,20490231
2009-08-05,48.513009,49.687347,48.171017,49.64281,25.996015,26633185
2009-08-06,49.598738,50.039037,48.903412,49.847873,26.106114,20318731
2009-08-07,49.773055,50.497355,49.479516,50.451406,26.424942,17510836
2009-08-10,50.525159,50.955056,50.286748,50.317286,26.362921,14060494
2009-08-11,50.453866,50.641344,49.370715,50.020926,26.210375,35331564
2009-08-12,50.045441,50.12191,49.534229,49.558501,25.970772,16210244
2009-08-13,49.354768,49.967695,49.102575,49.841449,26.121766,11937526
2009-08-14,50.107022,50.41255,49.664519,49.798719,26.102087,21315594
2009-08-17,49.945175,50.267258,49.236997,49.750773,26.085096,19672750
2009-08-18,49.701779,49.943587,49.661874,49.876341,26.153654,30219849
2009-08-19,49.834076,50.016016,49.328541,49.464719,25.940511,20215601
2009-08-20,49.410742,49.433142,48.719808,48.755795,25.571394,21847606
2009-08-21,48.834351,48.891733,48.723274,48.765837,25.579322,19503305
2009-08-24,48.640514,48.766974,48.517753,48.606887,25.503906,19815580
2009-08-25,48.714914,49.324139,48.676108,49.021943,25.724361,16815571
2009-08-26,49.423389,49.472913,48.45567,48.927434,25.677438,19979213
2009-08-27,48.982408,49.305416,47.876386,48.480719,25.445647,16859744
2009-08-28,48.423104,49.021649,48.365401,48.903788,25.67037,21071726
2009-08-31,49.146569,50.015621,49.060749,49.603141,26.045599,19304754
2009-09-01,49.469948,50.629081,49.008806,50.279951,26.403725,20938582
2009-09-02,50.493452,50.772768,49.364468,49.434435,25.962417,10174936
2009-09-03,49.253845,49.912633,49.177784,49.671409,26.089587,20561878
2009-09-04,49.702597,49.775214,48.472859,48.513124,25.483856,17949813
2009-09-08,48.425917,48.994329,48.276729,48.920976,25.708797,20691904
2009-09-09,48.881575,49.483921,48.749491,49.356652,25.940451,12821313
2009-09-10,49.271062,50.074912,49.236534,49.696399,26.12173,25371972
2009-09-11,49.942075,50.305941,49.526936,49.599018,26.073256,16187847
2009-09-14,49.766356,49.874479,49.214837,49.282477,25.914944,9027017
2009-09-15,49.601701,49.730256,49.154711,49.302284,25.928056,12920464
2009-09-16,49.318206,49.487867,48.935227,49.11543,25.832478,31500297
2009-09-17,49.308922,49.494823,48.815709,49.184536,25.871516,28594234
2009-09-18,49.342613,49.403409,48.400333,48.474672,25.500773,12432288
2009-09-21,48.395432,48.55688,47.474636,47.961134,25.238496,24832738
2009-09-22,47.896754,47.922912,47.254612,47.444866,24.969419,10433048
2009-09-23,47.016093,47.460079,46.826801,46.89911,24.684765,22838855
2009-09-24,46.958826,47.068075,46.406011,46.48199,24.467764,16997319
2009-09-25,46.391843,47.259035,46.303478,47.104932,24.798256,32122500
2009-09-28,47.078117,47.137031,46.493132,46.602791,24.541564,17826432
2009-09-29,46.584363,47.504441,46.434712,47.401883,24.964972,23464375
2009-09-30,47.383435,47.714087,47.121897,47.31113,24.919768,21448572
2009-10-01,47.280487,47.613182,46.497671,46.689679,24.594995,23039952
2009-10-02,46.669294,46.848385,46.096711,46.189691,24.334145,13820596
2009-10-05,46.038381,46.655139,45.979408,46.423764,24.465097,17389903
2009-10-06,46.353791,46.412421,46.185121,46.223227,24.361949,14186473
2009-10-07,46.280605,46.352979,45.845659,45.880999,24.184094,14985791
2009-10-08,45.7758,45.877595,45.286111,45.513714,23.992993,12408582
2009-10-09,45.509483,45.931069,45.423264,45.796827,24.14475,18050454
2009-10-12,45.952846,47.071825,45.64625,46.647638,24.600987,12413704
2009-10-13,46.602124,46.663731,45.652155,46.012655,24.268635,27725259
2009-10-14,46.008712,46.296332,45.283857,45.587222,24.046749,11331634
2009-10-15,46.017509,46.576664,45.67594,45.87371,24.200386,19941070
2009-10-16,45.991208,46.488093,45.624521,46.315252,24.435861,12634114
2009-10-19,46.408903,47.274723,46.382363,46.956803,24.782076,12164421
2009-10-20,47.024747,48.515772,46.688593,48.130199,25.403994,17831322
2009-10-21,48.343685,48.569853,47.288242,47.839832,25.25336,20697062
2009-10-22,47.711707,48.044197,47.285849,47.544111,25.099868,15677172
2009-10-23,47.492836,48.06246,46.797688,46.960628,24.794411,32896994
2009-10-26,46.682057,46.834667,46.216198,46.808027,24.721555,10562426
2009-10-27,46.819455,46.988588,46.667168,46.958984,24.803862,20778136
2009-10-28,47.314245,48.453034,47.135165,47.941455,25.325441,33274658
2009-10-29,48.228358,48.931336,48.022238,48.741343,25.750667,19777937
2009-10-30,48.479071,49.476506,48.366273,48.903089,25.838808,14520915
2009-11-02,49.123106,50.764926,48.741435,50.126484,26.493477,26586940
2009-11-03,49.941168,50.90353,49.780828,50.830296,26.86826,17112425
2009-11-04,50.958042,51.17644,49.993597,50.307953,26.594923,12831481
2009-11-05,50.73671,51.090578,50.27861,50.891885,26.906414,13131193
2009-11-06,50.980111,51.080944,50.196995,50.868972,26.897098,16386236
2009-11-09,51.067375,51.144475,50.669918,50.936135,26.941017,29496823
2009-11-10,50.616071,50.9379,50.280242,50.826627,26.885894,15482334
2009-11-11,51.151857,51.439443,50.394461,50.722832,26.833781,25451241
2009-11-12,50.774639,51.526644,50.493085,51.257433,27.119421,13320687
2009-11-13,51.383672,51.555682,50.75624,51.430549,27.213845,16832547
2009-11-16,51.448881,51.806153,50.436465,50.64362,26.805816,28607684
2009-11-17,50.343874,50.715691,50.203566,50.573301,26.771381,23805265
2009-11-18,50.670149,51.866584,50.644366,51.52739,27.279274,15035197
2009-11-19,51.803214,51.880368,50.583984,50.809052,26.901774,23921497
2009-11-20,50.545652,51.557304,50.402229,50.997665,27.004449,21610150
2009-11-23,51.056632,51.186777,50.766557,50.960905,26.993407,30273971
2009-11-24,51.089352,51.289668,50.936795,51.028005,27.031762,10692251
2009-11-25,50.928708,51.382047,50.258811,50.555176,26.78407,11217976
2009-11-27,50.850492,51.335616,50.611893,51.038943,27.045996,23757183
2009-11-30,50.883319,51.300577,50.823707,51.216211,27.148404,16704962
2009-12-01,51.112983,52.362627,50.586387,52.284832,27.717736,17568180
2009-12-02,52.132636,52.316428,51.88282,52.273021,27.714358,13366193
2009-12-03,52.622139,52.723753,52.230875,52.391139,27.779872,11073193
2009-12-04,52.580929,52.785983,52.003437,52.025674,27.588958,19691845
2009-12-07,51.909708,51.972878,51.410014,51.754271,27.453602,15007021
2009-12-08,51.543257,52.649085,51.511145,52.421351,27.810355,10590029
2009-12-09,52.277823,52.943988,52.007911,52.361622,27.781558,24088041
2009-12-10,52.559242,52.621233,52.215443,52.347998,27.777219,18666839
2009-12-11,52.282425,52.865827,52.172012,52.812387,28.026552,28469156
2009-12-14,52.438112,52.950432,51.946169,52.582206,27.91311,24338242
2009-12-15,52.641825,52.764118,52.244376,52.44914,27.845369,25860193
2009-12-16,52.43201,52.940586,50.886754,50.920796,27.03678,16568209
2009-12-17,50.733273,50.946482,50.433399,50.47703,26.803948,25124729
2009-12-18,50.332423,50.611246,49.930645,50.152798,26.634548,14225392
2009-12-21,50.180181,50.985403,50.140756,50.458905,26.805476,15735693
2009-12-22,50.508056,51.965191,50.450123,51.754909,27.496818,22430879
2009-12-23,51.867768,52.319778,51.802467,52.10416,27.685251,22506900
2009-12-24,52.226273,53.384433,52.123466,52.893461,28.107566,28755754
2009-12-28,53.044204,53.405831,52.690649,52.940517,28.144282,15314485
2009-12-29,52.696513,53.599799,52.663234,53.240705,28.306812,19965301
2009-12-30,53.378803,53.78982,52.851716,53.581131,28.490773,21145489
2009-12-31,53.768545,53.90466,53.661111,53.844474,28.633779,14747754
2010-01-04,53.584639,54.662934,53.528108,54.34998,28.914631,13423248
2010-01-05,54.167714,55.023836,54.127925,54.690187,29.098652,18886129
2010-01-06,54.664905,55.299926,54.598239,55.101859,29.320737,26000028
2010-01-07,55.082356,55.329442,54.700688,54.854386,29.192089,15427697
2010-01-08,54.813722,54.930607,53.745353,54.254514,28.875857,21795707
2010-01-11,54.295826,55.207829,54.10828,54.631476,29.085563,23206753
2010-01-12,54.399487,54.614063,54.164338,54.553127,29.046873,20181157
2010-01-13,54.353251,56.327849,54.223269,56.124732,29.886785,16082595
2010-01-14,56.124285,56.834227,56.004919,56.436988,30.05619,22816880
2010-01-15,56.774296,57.008919,56.595978,56.882126,30.296406,14204341
2010-01-19,56.379709,58.661699,56.192178,58.516423,31.179833,16673915
2010-01-20,58.445343,60.291412,57.757245,59.6191,31.770688,9502603
2010-01-21,59.485468,59.733087,58.921705,59.436565,31.676711,18420499
2010-01-22,59.516864,60.003069,59.016907,59.955774,31.956748,17513894
2010-01-25,59.777594,60.696122,59.383761,60.570882,32.294682,19618635
2010-01-26,60.513997,62.140456,59.760865,61.741713,32.922361,14224341
2010-01-27,61.527317,62.461048,61.307039,62.257566,33.200882,16693092
2010-01-28,61.943872,62.798191,61.89809,62.489744,33.328166,22583110
2010-01-29,63.128226,63.496704,62.163354,62.511685,33.343337,25898982
2010-02-01,62.323378,62.469092,61.200834,62.204959,33.190088,19134772
2010-02-02,62.157167,64.022048,61.831477,63.827917,34.059578,17968532
2010-02-03,63.940688,64.37734,63.032267,63.187663,33.721436,13950979
2010-02-04,63.161838,63.398294,62.213765,62.263577,33.231735,16201742
2010-02-05,61.91191,63.315996,61.309021,62.668321,33.451238,15584904
2010-02-08,63.132099,63.643387,62.821259,63.361668,33.831892,25534440
2010-02-09,63.836756,64.058185,61.618235,62.236522,33.234579,27538037
2010-02-10,62.399833,62.434935,62.245504,62.399775,33.325224,16856492
2010-02-11,63.174383,63.625312,62.752297,62.965427,33.630815,13186741
2010-02-12,62.813311,63.893795,62.749686,63.622242,33.985165,16701886
2010-02-16,63.373179,65.397144,63.269749,64.72049,34.586208,17249846
2010-02-17,64.935642,65.3054,63.063194,63.126778,33.738048,11125792
2010-02-18,63.233188,64.506486,62.854383,63.922025,34.166622,23575684
2010-02-19,64.093414,64.345476,62.795154,63.823433,34.117473,16978391
2010-02-22,63.919102,64.201614,62.603534,62.912245,33.640887,20495131
2010-02-23,62.951578,64.163797,62.815244,63.914764,34.180516,13551029
2010-02-24,64.002103,64.804397,63.652108,64.147724,34.308669,34932282
2010-02-25,64.408994,64.547242,63.322576,63.388803,33.906296,21530726
2010-02-26,63.372485,64.862267,63.188956,64.677689,34.599313,20373435
2010-03-01,64.252712,64.420968,63.953602,64.169508,34.338178,10137722
2010-03-02,64.393068,64.715559,64.09924,64.139027,34.325438,11058391
2010-03-03,64.193578,64.766877,63.849966,64.066203,34.290032,19168512
2010-03-04,64.449871,65.014037,63.781053,64.783896,34.677769,15543598
2010-03-05,64.468747,64.699645,63.619343,63.815306,34.162852,15792830
2010-03-08,63.527508,63.713476,63.226566,63.329084,33.913141,14029108
2010-03-09,62.976584,63.538108,62.333936,63.155951,33.823946,10929955
2010-03-10,63.497401,63.598507,63.122029,63.485113,34.003771,13207365
2010-03-11,63.453585,63.494457,62.898584,63.220115,33.865356,12738985
2010-03-12,63.262935,63.483473,62.529438,62.598311,33.535761,24553469
2010-03-15,62.484086,63.646251,62.114321,62.858184,33.685494,18873780
2010-03-16,62.934944,63.171245,62.624337,62.678641,33.592773,19641979
2010-03-17,62.950035,63.332615,61.694169,61.752527,33.099863,19798546
2010-03-18,61.281995,61.461657,60.342771,60.611095,32.491426,14813717
2010-03-19,60.550363,60.72056,59.80912,60.140655,32.242594,13211465
2010-03-22,59.859657,60.390678,59.526228,59.739716,32.037641,11989971
2010-03-23,59.796177,59.87227,59.37715,59.809807,32.078568,14462909
2010-03-24,59.839331,61.49388,59.163069,61.052749,32.748617,17136426
2010-03-25,61.0642,61.140222,60.524703,60.636926,32.528954,27808191
2010-03-26,60.553216,61.138902,60.315181,61.062072,32.760434,24357299
2010-03-29,61.285974,61.557873,60.000356,60.264214,32.342468,11663575
2010-03-30,60.20545,60.280814,59.069319,59.559653,31.967671,15578268
2010-03-31,59.749716,59.982963,58.80836,58.922413,31.628934,11646635
2010-04-01,58.588419,59.179424,57.53663,58.175004,31.230982,21369180
2010-04-05,58.179295,58.411911,56.522049,56.747717,30.47743,25552319
2010-04-06,56.819218,57.129778,56.171063,56.327482,30.254883,14888753
2010-04-07,56.050703,56.472142,55.686402,55.846464,29.999637,20760262
2010-04-08,55.922711,57.023235,55.677192,56.888503,30.562579,9539165
2010-04-09,56.728279,57.477125,56.02971,56.876573,30.559349,24773410
2010-04-12,56.566504,58.257177,56.420808,57.562271,30.937424,16149063
2010-04-13,57.571883,59.479807,57.393835,58.626127,31.512482,15390589
2010-04-14,58.702188,58.839373,58.406844,58.537612,31.468178,10387691
2010-04-15,58.558256,59.092349,58.31802,58.781274,31.602451,18501950
2010-04-16,58.832358,59.064581,57.548984,57.695926,31.022166,29233092
2010-04-19,58.252663,58.93438,56.858419,57.054897,30.687071,15710105
2010-04-20,56.795637,57.020276,54.658196,55.384261,29.791616,12519391
2010-04-21,55.238526,55.311515,54.860105,55.008672,29.592662,9692365
2010-04-22,55.082752,55.268337,54.593876,55.062011,29.624439,22077718
2010-04-23,55.02652,55.486819,54.153341,54.355201,29.247204,16298798
2010-04-26,54.39569,55.77369,54.187625,55.245276,29.735411,20127543
2010-04-27,55.049082,55.461498,54.961607,55.434201,29.840203,21645436
2010-04-28,55.285457,55.751042,54.862169,55.080002,29.652623,28795228
2010-04-29,54.968181,55.447416,54.77841,54.921319,29.570271,22956805
2010-04-30,54.891264,55.217513,54.028246,54.084327,29.122655,15723302
2010-05-03,54.020154,54.237814,53.897413,54.092026,29.135893,26707131
2010-05-04,54.199254,54.650538,54.162922,54.466229,29.340504,24275850
2010-05-05,54.44965,54.480251,53.957951,54.343201,29.277275,13115888
2010-05-06,54.620931,54.822227,53.947262,54.120678,29.160425,17032560
2010-05-07,54.099383,54.494248,53.548034,53.898821,29.043909,27743589
2010-05-10,53.632293,54.32217,53.417045,53.81306,29.006749,8917811
2010-05-11,53.825795,54.070943,53.496064,53.772832,28.98808,14267261
2010-05-12,53.63002,54.260207,53.396246,54.116423,29.17634,27227220
2010-05-13,54.11093,55.521535,53.537075,54.725621,29.507853,15473127
2010-05-14,54.756071,54.878443,54.433076,54.842065,29.573716,17440755
2010-05-17,54.929184,55.178252,54.60857,54.891546,29.609639,21227344
2010-05-18,54.968938,55.172987,54.597842,54.840953,29.585426,15563883
2010-05-19,54.530469,54.982288,54.225439,54.860358,29.598973,13204140
2010-05-20,54.832965,55.259271,54.233209,54.260108,29.278164,19257737
2010-05-21,54.134701,54.768574,53.909386,54.597445,29.463253,15175235
2010-05-24,54.321623,54.671481,53.823046,54.074921,29.190385,15698867
2010-05-25,54.073074,54.152297,53.916104,53.972345,29.138044,21180491
2010-05-26,54.322627,54.673443,53.314652,53.730146,29.010306,20265261
2010-05-27,53.573191,54.717752,52.997183,54.587933,29.476515,26319618
2010-05-28,54.800781,55.80228,54.683711,55.688951,30.074173,22360149
2010-06-01,55.287779,57.016604,55.182278,56.829046,30.702643,12660680
2010-06-02,56.554447,57.027331,56.186706,56.813305,30.697332,19906165
2010-06-03,57.001885,57.254578,56.119187,56.537404,30.551436,15660003
2010-06-04,56.836063,57.177801,56.658024,57.100718,30.859047,17563660
2010-06-07,56.835965,57.994554,56.751107,57.776732,31.234134,12581946
2010-06-08,57.894233,58.444519,57.596724,58.354815,31.549928,24270455
2010-06-09,58.278761,58.660406,58.035942,58.58133,31.67569,14572068
2010-06-10,58.471028,59.511889,58.414213,59.400903,32.122186,14750598
2010-06-11,59.308212,60.498319,59.181994,59.961021,32.428454,18707657
2010-06-14,59.62233,60.086818,59.197027,59.297753,32.079753,39808667
2010-06-15,59.088354,60.027739,59.056775,59.689953,32.295291,20765871
2010-06-16,59.671709,59.738032,59.148938,59.48257,32.186434,13309530
2010-06-17,59.041245,60.454207,58.935375,60.302686,32.6336,10901315
2010-06-18,60.437995,60.531551,60.042645,60.070953,32.511577,20752047
2010-06-21,59.946942,61.691331,59.670966,61.034564,33.043414,17375665
2010-06-22,61.577836,61.61243,59.929447,60.255353,32.624952,21311813
2010-06-23,60.265183,60.348142,59.463616,59.907174,32.439807,15886120
2010-06-24,59.577686,60.200946,59.252844,60.07586,32.534535,27245751
2010-06-25,60.085404,60.575917,59.06016,59.249617,32.090415,16160636
2010-06-28,59.244872,59.480123,58.813454,58.856934,31.887684,19873260
2010-06-29,58.910661,59.216518,58.845653,58.965545,31.949851,20426912
2010-06-30,59.039043,60.427529,58.462386,60.337306,32.696527,24191239
2010-07-01,60.366157,61.08418,59.100842,59.620331,32.311363,23622145
2010-07-02,59.391636,60.119728,59.278766,59.978864,32.509052,19621003
2010-07-06,59.664353,60.277306,59.517474,59.897946,32.478708,22418233
2010-07-07,59.96339,60.287554,59.623455,60.20685,32.649603,20593605
2010-07-08,60.248147,60.32873,60.189094,60.253713,32.678415,23900700
2010-07-09,60.111108,60.141239,59.471404,59.815274,32.444005,22557332
2010-07-12,60.00317,60.34492,59.120745,59.426986,32.243458,22362151
2010-07-13,59.23157,60.482041,59.115093,59.968696,32.54076,17854879
2010-07-14,59.857068,60.376487,59.387116,60.016182,32.569916,16557118
2010-07-15,59.823601,60.347944,59.163442,59.897553,32.50892,35229130
2010-07-16,59.731198,60.670072,59.393394,60.375143,32.771537,18039333
2010-07-19,60.003093,61.651343,59.763707,61.377957,33.326263,23119482
2010-07-20,61.049231,62.856952,60.785419,62.409498,33.889882,18227580
2010-07-21,62.598427,62.639249,61.91806,62.415076,33.896438,17262972
2010-07-22,62.403017,63.865878,61.960177,63.730411,34.614372,13350605
2010-07-23,63.943781,64.577557,62.378857,63.055565,34.251401,13823003
2010-07-26,62.940671,63.172468,62.109847,62.539943,33.981923,22091999
2010-07-27,62.655424,63.025367,61.487957,62.004084,33.694262,13254748
2010-07-28,61.620476,63.79333,61.407519,62.891472,34.180042,21810547
2010-07-29,63.520197,65.072809,63.372393,64.420293,35.014564,25050254
2010-07-30,64.123253,64.375394,64.059365,64.347441,34.978605,20398705
2010-08-02,64.541283,65.529783,64.145965,65.173529,35.438717,14512389
2010-08-03,65.010291,66.369803,64.88134,66.042778,35.915116,12497766
2010-08-04,66.182527,66.58401,66.006781,66.486628,36.16025,29011482
2010-08-05,66.815044,67.02813,63.33977,63.798967,34.702116,22939250
2010-08-06,64.213169,66.796473,64.099346,66.391383,36.115963,16817849
2010-08-09,66.734674,66.89571,66.371906,66.460917,36.165075,19038291
2010-08-10,66.416727,67.48499,66.389806,67.346494,36.650779,21344211
2010-08-11,67.113434,67.194868,66.425952,66.716588,36.311755,23674358
2010-08-12,67.43966,67.729208,66.935354,67.314389,36.64093,19946928
2010-08-13,67.137033,67.570457,66.574161,67.516925,36.755,16202707
2010-08-16,67.644716,67.770718,66.873555,67.05891,36.517061,13428048
2010-08-17,67.354492,67.660858,66.083433,66.357646,36.138946,31268040
2010-08-18,66.570784,66.735109,64.9632,65.011472,35.409491,23570996
2010-08-19,64.587407,65.012047,64.374093,64.631143,35.206002,16488676
2010-08-20,64.298238,64.571025,63.980551,64.01434,34.873644,14672246
2010-08-23,64.010448,64.708334,63.547506,64.121225,34.942777,15771136
2010-08-24,64.214086,65.343822,64.085931,65.197745,35.533122,13759214
2010-08-25,65.70379,65.804973,65.41843,65.740131,35.832452,20142798
2010-08-26,65.324151,66.210902,64.993874,66.149971,36.059592,20733881
2010-08-27,65.887988,66.950003,65.845319,66.758374,36.395031,10703505
2010-08-30,66.638866,67.249151,66.32719,66.824788,36.44261,16768187
2010-08-31,66.543759,66.693766,65.815475,66.006005,35.999836,35552873
2010-09-01,65.858017,68.099091,65.391536,67.674826,36.913855,23027498
2010-09-02,67.442022,68.775683,67.373729,67.934284,37.059234,19994139
2010-09-03,68.271325,69.05239,68.206232,68.711336,37.487028,13699933
2010-09-07,68.708856,69.437719,67.321566,67.541032,36.86388,37239906
2010-09-08,67.425851,68.721799,67.110681,68.294391,37.278941,10407828
2010-09-09,68.027035,69.512195,67.19425,69.215158,37.785479,23493627
2010-09-10,68.944307,69.285684,68.158447,68.232986,37.253174,30480115
2010-09-13,68.685688,70.381804,67.768643,69.599533,38.01113,14834880
2010-09-14,69.817559,69.862209,68.468705,68.994143,37.684422,13801599
2010-09-15,68.808574,70.669442,68.541138,70.452584,38.485023,15347014
2010-09-16,70.827031,71.355123,70.092315,70.194835,38.348216,27756961
2010-09-17,69.916609,70.824287,69.258519,70.08752,38.293572,11615709
2010-09-20,70.563979,70.875752,69.23762,69.528727,38.000124,11497380
2010-09-21,69.334723,69.825654,69.08322,69.558195,38.020185,8703858
2010-09-22,69.285516,70.914329,69.041963,70.405826,38.4875,12649246
2010-09-23,70.339544,70.695523,69.92522,69.987358,38.262724,20947910
2010-09-24,69.837516,70.546489,69.551777,70.343231,38.461284,15564533
2010-09-27,70.846124,71.562567,69.27198,69.561133,38.045533,19260494
2010-09-28,69.78963,70.700471,69.583744,70.197479,38.397568,15862981
2010-09-29,70.325561,71.229764,69.924372,71.200612,38.950327,23106040
2010-09-30,71.185333,72.625249,71.063216,72.068378,39.429141,25138775
2010-10-01,71.734777,72.247018,71.260182,71.485468,39.114296,15438268
2010-10-04,71.148271,72.876194,70.95205,72.824302,39.859297,19752675
2010-10-05,72.790532,73.239724,71.695838,73.17459,40.055189,23603007
2010-10-06,73.839965,74.492471,72.960715,73.3507,40.155768,19421423
2010-10-07,73.370297,74.922832,72.759139,73.989,40.509418,17528386
2010-10-08,74.048776,74.562759,73.512354,73.7959,40.407899,19951052
2010-10-11,73.043926,74.680791,72.741444,74.130206,40.603624,15574838
2010-10-12,73.519722,74.109284,73.473842,73.602141,40.318579,10738335
2010-10-13,73.944615,73.999065,72.198408,72.362784,39.643795,24840888
2010-10-14,72.044358,72.313705,71.447659,71.683831,39.275918,22052057
2010-10-15,71.376385,72.075759,70.972979,71.06684,38.941917,16151819
2010-10-18,70.906675,71.43467,68.79556,69.447481,38.066449,19400715
2010-10-19,69.383939,69.616428,68.0197,68.141704,37.354596,26875283
2010-10-20,68.186836,69.247543,67.474424,69.123588,37.896797,25241709
2010-10-21,69.198644,69.229184,68.556053,68.754435,37.698332,14686672
2010-10-22,68.726693,69.050938,68.04446,68.660059,37.650502,31394349
2010-10-25,68.916671,69.211448,67.224835,67.289019,36.910195,16361205
2010-10-26,66.919658,67.595134,64.694557,65.087089,35.706081,24700891
2010-10-27,65.177678,66.478002,65.130861,66.07075,36.249478,13877754
2010-10-28,66.18699,67.886482,65.710677,67.358837,36.960027,14191805
2010-10-29,66.842995,68.214466,66.45562,67.825068,37.219722,15342054
2010-11-01,68.211607,68.940472,66.253489,67.060782,36.811799,31555828
2010-11-02,67.3123,67.715455,65.662807,65.80992,36.12892,20633480
2010-11-03,65.568341,66.663958,65.46821,66.222899,36.359423,32435532
2010-11-04,66.518982,66.774954,65.443955,65.587802,36.014473,14466257
2010-11-05,65.454358,65.685892,63.547701,64.198712,35.255386,11830804
2010-11-08,64.096696,64.661693,63.732195,64.560439,35.4651,13418006
2010-11-09,65.160155,66.242547,65.083882,65.883614,36.195728,20656524
2010-11-10,66.17811,67.755228,66.048113,67.192528,36.918671,18840216
2010-11-11,67.275276,68.429708,66.957829,67.983706,37.357268,16089287
2010-11-12,67.903395,68.130011,67.35266,67.690674,37.200116,21521023
2010-11-15,67.48167,68.778142,67.284168,68.31973,37.55754,11655333
2010-11-16,68.515927,69.315127,68.378536,69.24308,38.069095,17684546
2010-11-17,69.252684,69.482977,68.307807,68.940817,37.906859,24027580
2010-11-18,68.974355,69.274176,68.421611,68.83993,37.855324,27429195
2010-11-19,68.842908,70.237559,68.534665,69.730289,38.348925,19785402
2010-11-22,69.860226,70.281717,69.610089,69.863825,38.434359,19325372
2010-11-23,70.128545,71.192233,70.034279,70.591671,38.838811,16243900
2010-11-24,70.815713,71.088816,68.792401,68.922525,37.92441,13476965
2010-11-26,68.928073,70.142447,68.888556,69.271663,38.124454,25641277
2010-11-29,69.644336,70.016466,69.246226,69.278794,38.140281,18529571
2010-11-30,69.139331,71.130582,68.941218,70.759931,38.959749,13621455
2010-12-01,70.730867,72.494182,70.357616,71.814057,39.544255,14745145
2010-12-02,71.801577,72.867608,71.411944,72.387343,39.864081,21120705
2010-12-03,72.460345,72.872787,71.91441,72.025686,39.669041,20217403
2010-12-06,72.095966,72.220663,71.932067,72.137742,39.74316,19972509
2010-12-07,71.975779,72.832498,71.870187,72.803201,40.113957,14235403
2010-12-08,72.706933,73.19378,72.190311,72.908572,40.176195,36785254
2010-12-09,72.916683,73.675601,72.110029,73.51395,40.514003,21872299
2010-12-10,73.099547,75.129585,72.926686,74.811982,41.233646,22876128
2010-12-13,75.01862,75.544737,74.75067,75.296713,41.513768,13876164
2010-12-14,75.119267,75.721497,74.859918,75.435158,41.594424,20858784
2010-12-15,75.830839,75.971218,74.414145,75.228521,41.484802,27835867
2010-12-16,74.932177,75.244397,74.2012,74.329641,40.993379,15604496
2010-12-17,74.334095,75.058253,72.187421,72.789857,40.148352,32332072
2010-12-20,72.912691,73.211377,70.877246,71.907786,39.674214,20917833
2010-12-21,72.412304,72.649814,70.736466,71.133829,39.251276,10023486
2010-12-22,70.683548,72.685292,70.565833,72.430963,39.971186,15754876
2010-12-23,72.464378,72.743255,71.940071,72.299483,39.90278,14771232
2010-12-27,72.204148,74.062625,71.886327,73.325732,40.486022,12184139
2010-12-28,73.400551,73.460116,72.277733,72.730329,40.161454,12554810
2010-12-29,72.270511,72.643816,70.474029,71.362948,39.410491,13129411
2010-12-30,71.766919,72.304802,70.799384,70.892302,39.154648,22238307
2010-12-31,70.78095,72.486657,70.104122,71.240453,39.35103,8814871
2011-01-03,70.852873,70.946637,69.87986,70.545156,38.979133,22492965
2011-01-04,70.575106,72.62871,70.496283,72.267294,39.93484,19246681
2011-01-05,72.062299,72.523414,70.326678,70.742504,39.09631,27571431
2011-01-06,70.88127,71.193891,70.845528,70.908074,39.191891,22343366
2011-01-07,70.379519,71.002834,69.633558,70.519096,38.980953,8463101
2011-01-10,70.661917,71.53109,70.129185,71.089896,39.308742,11320040
2011-01-11,71.272441,71.691975,69.586288,69.877495,38.642371,18713281
2011-01-12,69.710985,70.861878,69.019582,69.880272,38.647928,17524876
2011-01-13,69.954567,70.237668,68.580061,68.643326,37.967774,16589726
2011-01-14,69.119274,69.429859,67.227263,68.014393,37.623814,11385009
2011-01-18,68.293061,68.49514,67.833291,68.047919,37.658028,20098837
2011-01-19,68.181002,68.37689,68.072088,68.315555,37.810073,29088836
2011-01-20,67.948051,68.414782,67.40544,67.517773,37.372419,23037066
2011-01-21,67.22835,68.061312,66.963515,67.969817,37.626548,21284154
2011-01-24,68.07786,68.576418,67.782997,68.345878,37.846538,14116306
2011-01-25,68.575997,68.997954,68.364036,68.661147,38.025074,16757950
2011-01-26,68.105718,68.336405,67.165469,67.746862,37.52264,12467246
2011-01-27,67.838008,68.092861,67.484688,67.648113,37.471844,23087558
2011-01-28,67.436203,67.49828,66.758244,67.316306,37.291928,11631124
2011-01-31,67.39081,67.712838,66.972558,67.246212,37.264726,29378163
2011-02-01,67.0623,67.542556,66.22498,67.121989,37.199758,20592439
2011-02-02,67.453893,67.492049,66.582425,67.145937,37.216902,18240545
2011-02-03,66.84375,67.735206,66.325368,67.638464,37.493795,13544210
2011-02-04,67.994597,68.89157,67.926494,68.041683,37.721234,11812812
2011-02-07,68.4808,68.65593,66.967997,67.090132,37.20532,16313436
2011-02-08,67.093811,68.624203,67.003215,68.119616,37.780158,16176623
2011-02-09,68.473095,68.661575,67.826543,67.859415,37.639762,20388176
2011-02-10,68.170215,68.752565,68.099104,68.632366,38.072458,21677656
2011-02-11,68.573054,69.694188,68.001537,69.454378,38.532461,13617209
2011-02-14,69.334766,69.741522,69.050009,69.466878,38.551427,11713433
2011-02-15,69.547498,70.038595,69.027474,69.262091,38.441777,14384089
2011-02-16,69.702936,70.164143,67.521552,67.609302,37.528352,17714512
2011-02-17,67.568755,68.244733,67.27549,67.816155,37.647088,18174808
2011-02-18,67.942159,69.332097,67.909912,68.941785,38.275946,15955988
2011-02-22,69.244435,69.433107,67.317224,67.504739,37.493709,33099173
2011-02-23,67.635198,68.627774,67.46379,68.422277,38.007285,18701586
2011-02-24,68.317718,68.787763,67.826211,67.92301,37.733877,18837162
2011-02-25,67.732992,69.154459,67.680267,68.745828,38.194958,13063706
2011-02-28,68.615296,69.552371,68.054044,69.305015,38.517661,17172350
2011-03-01,69.452947,69.598792,67.60307,67.995646,37.793884,14171150
2011-03-02,67.69202,68.787937,67.493436,67.885144,37.73639,23549272
2011-03-03,67.609826,67.671297,66.648801,66.883141,37.183259,12476354
2011-03-04,67.235147,67.573525,65.794397,66.364508,36.898767,11473078
2011-03-07,66.349423,66.556161,66.221082,66.467313,36.967463,22617643
2011-03-08,66.201698,67.872187,66.013656,67.193398,37.375182,13838266
2011-03-09,67.253371,67.584143,66.640441,67.281956,37.428334,19696963
2011-03-10,66.934554,67.996549,66.572882,67.955931,37.807193,31208965
2011-03-11,68.123911,69.416435,68.028852,68.977706,38.37965,16107381
2011-03-14,69.006709,70.400101,68.740987,69.949639,38.932589,13640966
2011-03-15,69.9727,70.935911,69.444399,70.250322,39.104012,29299462
2011-03-16,70.381543,70.888311,69.92176,70.047593,38.995221,11960371
2011-03-17,70.121437,71.267637,69.829188,70.668258,39.344836,21187035
2011-03-18,70.721723,70.988209,70.186136,70.361315,39.178021,17973281
2011-03-21,69.910222,70.721274,69.569377,70.574039,39.308734,21737270
2011-03-22,70.531897,71.730663,69.90687,71.656716,39.915923,22855086
2011-03-23,71.488083,72.44905,71.36907,71.858479,40.032478,26313851
2011-03-24,71.951643,73.461006,71.749778,73.145007,40.753445,11374761
2011-03-25,73.024361,73.260281,72.507637,73.199342,40.787962,12838736
2011-03-28,73.44822,73.492005,72.793461,73.02343,40.702642,25192625
2011-03-29,72.927117,73.53367,72.352807,73.281635,40.850813,20424362
2011-03-30,73.199732,73.483795,72.683223,73.418789,40.931528,13577573
2011-03-31,72.940334,73.475514,72.692507,73.435692,40.945211,20946159
2011-04-01,73.029696,74.736382,72.346191,74.389351,41.481254,13414702
2011-04-04,74.142463,74.814626,73.791682,74.630395,41.628657,15246310
2011-04-05,74.647729,75.55403,74.451618,75.411695,42.068841,24112329
2011-04-06,75.929483,77.123872,75.83895,76.443852,42.649072,16361267
2011-04-07,76.483953,76.835473,75.04055,75.441255,42.094089,21167905
2011-04-08,75.455626,75.622666,74.050503,74.696182,41.682696,16429715
2011-04-11,74.797246,74.87631,73.838388,73.902328,41.252575,22199062
2011-04-12,73.890833,75.248882,73.642418,74.464107,41.570487,31439975
2011-04-13,74.303382,74.727693,73.670293,73.837446,41.224934,21275784
2011-04-14,74.132763,74.211082,73.389202,73.434973,41.004492,26460924
2011-04-15,73.066101,74.894381,72.937275,74.822251,41.783464,21334856
2011-04-18,74.762227,75.513193,73.973608,75.360169,42.096994,16280792
2011-04-19,74.954894,75.433569,74.226427,75.354125,42.097997,15548214
2011-04-20,75.28196,75.3822,74.737812,74.768183,41.774996,19733896
2011-04-21,74.792784,75.097766,74.364797,74.965423,41.889557,13809135
2011-04-25,74.819843,75.079531,74.260479,74.29055,41.529727,15700591
2011-04-26,74.221582,75.096674,73.786558,75.056938,41.962517,22843235
2011-04-27,75.190364,76.150607,74.749732,75.693611,42.322868,17790880
2011-04-28,75.519607,76.059182,75.212556,75.963479,42.47818,12063839
2011-04-29,75.773568,77.172804,75.65777,76.691704,42.88986,16789920
2011-05-02,76.9485,80.187951,76.641632,79.849959,44.670055,11039014
2011-05-03,80.126889,80.333047,78.825659,79.356859,44.398821,17766825
2011-05-04,79.532218,79.886479,79.171396,79.482724,44.473867,16871444
2011-05-05,79.204368,79.705684,79.016448,79.433635,44.451025,12465044
2011-05-06,79.470749,80.018667,78.897551,79.789322,44.654713,27280699
2011-05-09,79.484424,80.521532,79.205274,80.060325,44.820368,13950867
2011-05-10,80.210371,81.989574,79.912883,81.752797,45.772631,20475456
2011-05-11,81.942254,82.372204,80.630291,80.947566,45.326505,12190780
2011-05-12,80.892021,81.131852,80.809115,81.086596,45.409079,14657908
2011-05-13,81.331411,81.777988,80.683169,81.334679,45.552746,9529740
2011-05-16,81.734929,81.957271,81.42535,81.6963,45.769561,14641715
2011-05-17,81.300787,81.971863,80.648868,81.871255,45.87235,23020003
2011-05-18,83.165218,83.228597,80.488828,80.808465,45.281581,27001244
2011-05-19,80.987411,81.341334,80.214097,80.522995,45.12631,26114493
2011-05-20,79.813982,81.066293,79.31426,80.954289,45.372734,20736529
2011-05-23,81.086957,81.776478,80.056927,80.862514,45.335444,17462494
2011-05-24,80.499489,80.5333,78.804115,78.946443,44.265807,22505774
2011-05-25,78.960963,79.066507,76.994415,77.22143,43.303086,26180602
2011-05-26,77.230529,79.54427,77.160541,78.947449,44.275583,15286067
2011-05-27,79.060949,79.564024,78.286804,78.60071,44.08571,14749565
2011-05-31,78.357294,78.99731,77.873097,78.069348,43.805905,20721856
2011-06-01,78.054471,78.930585,77.433609,77.841391,43.682539,14084991
2011-06-02,77.759123,79.160018,77.678794,79.124101,44.406982,10361896
2011-06-03,79.078607,79.445702,78.740085,79.16087,44.432241,21031744
2011-06-06,79.005444,81.707455,78.478457,80.98886,45.472464,22174389
2011-06-07,80.529103,81.821697,80.107855,81.738757,45.898281,24628822
2011-06-08,81.841458,81.910377,81.128854,81.257421,45.632746,18314740
2011-06-09,81.487649,81.655477,80.963663,81.142055,45.572699,16778013
2011-06-10,80.834705,81.122118,79.386236,79.442193,44.62263,17032420
2011-06-13,79.30298,79.643147,76.745064,77.073099,43.305425,26785790
2011-06-14,76.816434,79.446826,76.312932,79.203344,44.506986,12687904
2011-06-15,79.197017,80.063604,77.993513,78.635503,44.192495,8750967
2011-06-16,78.794253,79.33241,77.771067,78.057596,43.872281,15843806
2011-06-17,77.912199,78.239457,76.612884,77.06922,43.32127,40227528
2011-06-20,76.85207,77.132324,75.679712,76.190131,42.840496,14668955
2011-06-21,76.187871,76.492465,76.084692,76.404107,42.965281,19444251
2011-06-22,77.058417,77.140685,76.206844,76.37162,42.95148,14356521
2011-06-23,76.455811,77.926294,75.96239,77.422561,43.547061,30814150
2011-06-24,77.823634,77.869453,76.986392,77.228001,43.442148,13721678
2011-06-27,76.606108,78.983127,76.261045,78.919211,44.407343,16601638
2011-06-28,78.602806,80.699242,78.158038,80.138138,45.097917,11896291
2011-06-29,79.704791,80.778989,79.358404,80.645761,45.388305,17403792
2011-06-30,81.23871,81.906962,80.685321,80.718586,45.434018,11971683
2011-07-01,80.556896,81.319745,79.955924,80.557179,45.347885,14430698
2011-07-05,80.158518,80.984162,79.953867,80.855363,45.534686,21053191
2011-07-06,80.922313,81.008008,79.49826,79.913133,45.008741,20285356
2011-07-07,79.451989,80.592699,79.298779,80.229524,45.19164,14876411
2011-07-08,80.266933,81.042322,80.187158,80.885614,45.565942,19905843
2011-07-11,81.119525,82.225371,80.513239,81.525128,45.940541,12875007
2011-07-12,81.158571,81.830638,80.903503,81.521922,45.943514,21551325
2011-07-13,81.861835,84.068049,81.331735,83.387759,46.999938,15293919
2011-07-14,83.533611,83.867242,83.243646,83.493798,47.064602,16851381
2011-07-15,83.842732,84.451925,82.849113,83.235564,46.923919,9720487
2011-07-18,83.051245,83.907781,82.904074,83.123602,46.875429,15520184
2011-07-19,83.622084,84.454557,82.945347,83.817762,47.2718,12794263
2011-07-20,83.612282,85.40072,83.100182,85.098828,47.999294,16026199
2011-07-21,85.092348,85.931987,84.530309,85.768829,48.382236,19341901
2011-07-22,86.634534,86.737474,83.97439,84.331175,47.576204,11314927
2011-07-25,84.750242,86.338068,84.50906,85.681323,48.352992,14835143
2011-07-26,86.229006,86.930456,83.587973,84.27956,47.566876,31545363
2011-07-27,84.208746,84.647498,83.133768,83.949046,47.385265,16378928
2011-07-28,83.932274,84.348074,83.583885,84.096565,47.473471,23971836
2011-07-29,84.291595,85.55732,84.083607,85.452944,48.244182,17009129
2011-08-01,86.088941,86.735152,84.799239,85.043319,48.027908,11809339
2011-08-02,85.07133,85.513799,84.341906,85.196351,48.119338,14460378
2011-08-03,85.339002,85.870424,85.173918,85.665456,48.389325,31174566
2011-08-04,85.952095,86.87153,85.720979,86.458291,48.84225,13438296
2011-08-05,86.614765,86.707727,85.922154,86.297781,48.756647,29500467
2011-08-08,86.584057,86.947637,85.011856,85.055474,48.069767,23752369
2011-08-09,84.707346,86.082864,83.77385,85.301986,48.214101,22363076
2011-08-10,85.116696,85.629849,84.30824,85.269297,48.200639,30930831
2011-08-11,85.018379,86.030192,84.981056,85.756222,48.48093,21756907
2011-08-12,85.723796,86.367239,84.959208,85.932164,48.58545,18987196
2011-08-15,85.728789,87.8542,85.269431,87.543828,49.512125,18218620
2011-08-16,87.979075,88.129537,86.248513,86.635911,49.003732,18603903
2011-08-17,86.693586,86.984819,85.558666,85.750591,48.508017,26082957
2011-08-18,85.935899,86.508253,84.591077,85.341089,48.28139,15304861
2011-08-19,85.456286,86.207925,85.025116,85.576999,48.419892,11652797
2011-08-22,85.716141,86.77678,85.071843,86.588133,49.007291,11827968
2011-08-23,86.675955,87.444587,84.271797,84.884566,48.048101,23761219
2011-08-24,84.93209,86.644544,84.606866,85.8136,48.579026,22865563
2011-08-25,86.060362,86.122083,85.860762,85.941971,48.656759,20347288
2011-08-26,85.988671,87.93081,85.531113,87.680328,49.646109,21050268
2011-08-29,87.9345,89.358588,87.690801,89.090052,50.460065,28288583
2011-08-30,88.899972,89.322788,88.092045,88.148439,49.931937,18760828
2011-08-31,87.903957,88.300561,86.795963,86.924411,49.243705,15115932
2011-09-01,86.51351,86.552046,86.068322,86.234688,48.858052,21861293
2011-09-02,86.566076,87.711964,84.164025,84.688819,47.9872,18306685
2011-09-06,85.039328,85.414407,81.734164,82.31446,46.661232,15260946
2011-09-07,82.488808,83.332855,82.043801,82.27175,46.641873,22163793
2011-09-08,81.623761,84.419172,81.317957,83.765755,47.493802,22368465
2011-09-09,83.545585,84.191759,82.29312,82.458925,46.757715,17111491
2011-09-12,82.417034,82.710439,81.681957,81.747159,46.368584,33410808
2011-09-13,81.884075,82.188128,80.796984,80.941137,45.916169,20901005
2011-09-14,81.364796,81.493316,79.567241,79.861775,45.308584,21199550
2011-09-15,79.814347,80.551415,78.83398,79.117908,44.89123,14781020
2011-09-16,79.330592,80.488467,78.21068,78.571735,44.585972,23023588
2011-09-19,78.145014,78.306651,77.75829,77.948523,44.246135,21016387
2011-09-20,78.222961,79.041442,76.525141,77.064323,43.748785,11620825
2011-09-21,76.999902,77.372201,75.148954,75.530369,42.882433,26653190
2011-09-22,75.045999,76.101601,74.934145,75.600495,42.926713,22122559
2011-09-23,75.175056,75.824903,74.926608,75.654044,42.961588,17376266
2011-09-26,75.949969,76.409955,75.502567,75.913743,43.12252,14515611
2011-09-27,75.805675,77.679905,75.211546,77.070263,43.784032,15650491
2011-09-28,77.169612,77.493236,75.670089,76.018178,43.19083,11956549
2011-09-29,76.002291,76.562735,75.731196,76.081304,43.231194,15032708
2011-09-30,75.895065,76.748022,75.671454,76.18021,43.291898,17817247
2011-10-03,76.131844,76.465072,75.119696,75.317155,42.8148,22793323
2011-10-04,75.065044,75.178352,74.65274,74.876193,42.568559,14478445
2011-10-05,75.155155,75.542575,73.515236,74.32773,42.261144,11979639
2011-10-06,74.313981,74.779068,73.672739,74.048113,42.10654,18033683
2011-10-07,74.37303,74.867933,73.781621,74.822526,42.551327,11498677
2011-10-10,74.72244,74.781713,74.521502,74.694193,42.491605,16029457
2011-10-11,74.889648,75.122394,73.28843,73.446153,41.785974,17900200
2011-10-12,73.761375,74.132897,72.755148,73.000199,41.536578,17199090
2011-10-13,72.844063,75.241395,72.50894,75.074077,42.721043,13400679
2011-10-14,75.299566,76.066358,74.609296,75.152935,42.770367,17055421
2011-10-17,75.247389,75.380843,73.790986,73.969499,42.110002,22194955
2011-10-18,74.177358,74.398158,73.654743,74.318404,42.313031,28868914
2011-10-19,74.205844,76.215704,73.980434,75.519471,43.00133,23834362
2011-10-20,75.523383,76.8281,75.463641,76.568772,43.603345,21348760
2011-10-21,76.869992,78.079214,76.473448,77.990902,44.417822,28850617
2011-10-24,77.601936,78.018258,76.394323,77.13819,43.945894,17396740
2011-10-25,76.970218,77.845179,76.629948,77.161664,43.963841,22412437
2011-10-26,77.226442,77.984663,75.634761,76.317815,43.487572,17368725
2011-10-27,75.410517,77.328466,75.041998,76.703735,43.712025,12631998
2011-10-28,76.749737,76.947427,75.985317,76.17768,43.416753,22937024
2011-10-31,76.085281,76.97808,75.78293,76.444431,43.582386,16648943
2011-11-01,76.492306,76.594902,76.017255,76.239712,43.470194,15903397
2011-11-02,76.858422,76.942344,76.543359,76.585613,43.671962,29926641
2011-11-03,76.381646,76.841191,75.818508,76.560177,43.662,16458246
2011-11-04,76.389706,77.291678,76.158311,77.247872,44.058774,15811264
2011-11-07,77.248884,77.312002,76.06357,76.12463,43.431679,31845450
2011-11-08,76.051554,76.746432,75.846008,76.439042,43.615599,16376107
2011-11-09,76.311697,77.552674,76.212122,77.187697,44.04736,19451701
2011-11-10,77.413089,77.634615,75.606822,75.987425,43.366933,6806985
2011-11-11,75.755251,76.801162,75.595878,76.690616,43.772806,14336451
2011-11-14,76.627951,78.144206,76.213256,77.99183,44.529398,27702674
2011-11-15,77.955219,79.100968,77.826743,78.99951,45.109425,12949108
2011-11-16,79.282725,80.12035,77.585625,78.255138,44.689031,13403861
2011-11-17,78.108962,78.272825,77.217648,77.472068,44.246448,18829558
2011-11-18,77.204589,77.480269,76.575546,77.063935,44.017931,19308256
2011-11-21,77.052925,78.026479,76.83773,77.509291,44.286133,17968912
2011-11-22,77.51757,78.059851,76.425936,77.093147,44.052946,16555380
2011-11-23,77.530062,78.052776,76.712695,76.986162,43.996388,12331803
2011-11-25,77.106449,77.17726,75.843982,76.239991,43.57903,20675519
2011-11-28,76.425214,77.636953,76.087146,77.486704,44.305482,15222886
2011-11-29,77.529579,78.15643,77.253148,78.051392,44.633004,17022533
2011-11-30,78.064363,78.953613,77.88507,78.414925,44.845552,16816441
2011-12-01,78.61242,79.749765,78.573932,78.723823,45.026895,19481623
2011-12-02,78.417859,80.477439,77.852625,79.742008,45.614002,19424187
2011-12-05,79.810557,80.189434,79.371788,79.975026,45.761574,13694813
2011-12-06,80.160302,80.93434,78.594091,78.668095,45.018433,26810834
2011-12-07,78.824538,79.723525,78.391513,78.514709,44.935332,21224886
2011-12-08,77.914377,79.215665,77.616992,78.832527,45.121918,15573451
2011-12-09,78.185521,78.255777,77.50681,77.844649,44.561116,28772533
2011-12-12,77.827535,78.295883,76.494124,76.58645,43.854562,19922718
2011-12-13,76.355227,76.741226,74.805548,74.92933,42.910135,20827946
2011-12-14,74.631774,74.91109,74.384619,74.538411,42.690706,21667459
2011-12-15,74.654854,76.122818,74.37828,75.619963,43.314654,15256902
2011-12-16,75.478814,75.627802,74.81977,75.559332,43.284428,14613840
2011-12-19,75.443476,75.680166,74.947556,75.637921,43.342974,41848766
2011-12-20,75.755366,76.660567,75.590835,76.503628,43.843613,18883680
2011-12-21,76.906926,77.501619,75.897268,76.432582,43.807455,23316744
2011-12-22,76.11948,77.21096,75.628043,76.72714,43.980857,15032521
2011-12-23,76.311697,76.590173,74.598314,75.278421,43.154924,19820536
2011-12-27,75.360534,76.168753,75.150159,75.983335,43.577162,14391251
2011-12-28,76.091104,76.869576,75.758735,76.517065,43.887827,35623642
2011-12-29,76.357618,76.969083,75.750695,76.887705,44.105003,19687818
2011-12-30,76.939996,77.625718,76.498437,77.252432,44.318832,17279782
2012-01-03,76.815755,77.519215,76.528416,77.290924,44.35937,19986573
2012-01-04,77.240923,77.741777,76.696222,76.826373,44.097339,17573141
2012-01-05,76.865912,78.005354,76.699048,77.743431,44.628362,19581019
2012-01-06,77.236006,78.098519,76.851404,77.528776,44.50977,17466805
2012-01-09,78.159313,78.474816,76.467007,76.732026,44.066102,16331432
2012-01-10,76.393627,77.727725,75.736712,77.48885,44.505366,12769949
2012-01-11,77.446371,78.320762,76.308129,76.659219,44.033452,20290609
2012-01-12,76.855605,77.653699,76.6865,77.163355,44.327641,19006211
2012-01-13,77.149395,77.571325,75.002247,75.399967,43.319144,14295138
2012-01-17,75.502644,76.284864,74.149962,74.242288,42.671783,24083702
2012-01-18,74.343341,74.954145,74.224572,74.587547,42.874686,18708723
2012-01-19,74.772096,74.966958,73.417165,73.608514,42.316317,17147633
2012-01-20,73.682969,73.861623,73.439171,73.692631,42.369082,33107455
2012-01-23,73.768213,74.261568,73.553303,73.816224,42.453389,30009960
2012-01-24,73.699712,73.793936,73.314117,73.666041,42.371423,15141960
2012-01-25,74.04944,74.374601,73.970584,74.06061,42.602805,20945946
2012-01-26,74.39084,74.500021,72.32585,73.565927,42.322645,14086445
2012-01-27,72.964562,74.767485,72.856494,74.724062,42.993395,12383221
2012-01-30,74.539116,74.808469,73.891903,74.089282,42.641474,14324994
2012-01-31,74.074048,75.531995,74.02713,75.357363,43.37582,25300505
2012-02-01,75.9365,76.021465,73.921509,74.119836,42.667936,10504050
2012-02-02,74.212885,74.372109,72.070586,72.811734,41.919274,20831900
2012-02-03,73.081243,73.309104,71.807668,71.929829,41.41585,30831486
2012-02-06,72.594137,72.881972,71.668649,71.778127,41.341404,15450606
2012-02-07,71.829995,71.920223,71.530683,71.684185,41.291593,24365489
2012-02-08,72.520304,72.687272,72.120934,72.224279,41.607027,11582372
2012-02-09,71.825352,73.044217,71.13203,72.599571,41.827577,33121360
2012-02-10,72.34919,72.600906,71.427916,71.689897,41.307774,14246555
2012-02-13,71.527185,71.7849,70.548379,70.648338,40.720335,13095078
2012-02-14,71.030964,71.285846,70.747798,70.868668,40.851578,16932717
2012-02-15,71.188447,71.36647,70.267734,70.331737,40.546288,21354837
2012-02-16,70.242404,70.968779,69.960122,70.63495,40.725327,26394315
2012-02-17,70.98841,71.529553,69.968652,70.596647,40.707478,19538739
2012-02-21,70.564842,70.897025,70.123967,70.731894,40.802441,18081314
2012-02-22,70.618494,71.080748,69.311418,69.711933,40.218249,10562730
2012-02-23,69.816963,71.030384,69.454967,70.975105,40.95126,19943705
2012-02-24,71.060573,71.830843,70.802516,71.581688,41.305543,11992365
2012-02-27,71.685036,72.913596,71.452967,72.217253,41.685299,13094210
2012-02-28,72.081625,72.549164,71.607127,71.921233,41.518749,10486320
2012-02-29,72.040497,72.423539,71.217894,71.486364,41.272001,14627585
2012-03-01,71.460516,71.721966,71.224645,71.6129,41.349357,18041906
2012-03-02,71.797344,72.318783,71.705429,71.992189,41.572684,17945296
2012-03-05,71.677266,72.052965,71.362467,71.993948,41.586678,13670870
2012-03-06,72.128544,72.337516,71.583894,71.669097,41.403338,21275391
2012-03-07,71.359868,71.468503,69.655248,70.246496,40.585722,14160217
2012-03-08,69.579464,70.847169,69.445364,70.369297,40.660901,13152018
2012-03-09,69.786866,71.693694,69.628135,71.348711,41.231117,22541850
2012-03-12,71.284311,71.638057,70.771232,71.360315,41.250696,17558390
2012-03-13,71.693703,73.687666,71.305796,73.384205,42.425044,36641156
2012-03-14,72.839545,73.740833,72.224815,73.498501,42.495541,18200592
2012-03-15,73.202943,75.549028,73.067045,75.345547,43.568004,16858718
2012-03-16,75.239255,77.188221,74.886534,76.638335,44.32016,22584997
2012-03-19,76.909891,77.548434,76.694296,76.754681,44.401299,20207448
2012-03-20,76.460577,76.952211,76.069139,76.428586,44.217259,21074751
2012-03-21,76.345407,76.793757,76.112373,76.158615,44.065653,15591267
2012-03-22,76.113547,76.831733,75.548537,76.23193,44.112662,20930788
2012-03-23,76.021532,76.156992,75.56168,75.915915,43.934366,16359559
2012-03-26,75.684606,76.512938,75.307225,75.991857,43.992044,18975890
2012-03-27,75.919168,75.97694,75.09667,75.923353,43.95696,18943780
2012-03-28,75.330564,77.791481,74.997661,77.506017,44.877935,22021362
2012-03-29,77.447245,78.359632,77.05964,77.858889,45.086948,32268902
2012-03-30,77.702926,78.051926,77.546771,77.64364,44.966978,13183548
2012-04-02,78.011604,78.092736,77.62827,78.058727,45.221486,26153908
2012-04-03,77.897402,79.60087,77.832497,79.389802,45.997399,21595976
2012-04-04,79.553428,79.611641,78.361626,78.765641,45.640516,12726061
2012-04-05,78.355873,79.336422,78.319931,79.072377,45.82302,13104488
2012-04-09,78.668131,81.485416,78.563079,80.835363,46.864182,22181478
2012-04-10,81.354094,82.569146,80.890155,82.033014,47.563467,17797950
2012-04-11,82.135924,82.267627,81.528814,81.637493,47.339065,13664962
2012-04-12,81.320076,83.922293,81.068882,82.891062,48.070972,25553356
2012-04-13,82.630321,84.063627,81.78549,83.876073,48.64727,13252624
2012-04-16,83.74356,85.127034,83.181344,84.653343,49.113406,17945399
2012-04-17,84.455572,85.432107,83.213079,83.459587,48.425861,17217271
2012-04-18,83.357668,83.81404,81.700679,82.083698,47.632482,16237588
2012-04-19,81.939369,83.231006,81.780931,82.662975,47.973623,20157757
2012-04-20,82.679044,82.826785,82.440386,82.665352,47.979993,23779726
2012-04-23,82.324631,84.052905,81.766431,83.335096,48.38382,22023800
2012-04-24,83.006202,83.45996,82.450908,82.68707,48.012576,45985240
2012-04-25,82.445218,82.483503,81.695096,82.101035,47.677252,12075990
2012-04-26,81.958313,82.138064,81.255543,81.398857,47.274406,9699394
2012-04-27,81.801045,82.396272,79.856023,81.146416,47.132697,14923364
2012-04-30,80.633192,81.245371,80.473616,81.161482,47.156164,24273142
2012-05-01,81.368023,81.436057,80.683943,80.853053,46.981849,23326619
2012-05-02,81.005872,81.644605,80.376249,81.024346,47.086282,22564243
2012-05-03,80.709488,81.554664,80.232361,81.4287,47.326191,12170913
2012-05-04,81.16601,81.332287,80.85034,81.216984,47.208053,17693558
2012-05-07,81.851338,82.211581,80.688177,80.950015,47.067563,12395794
2012-05-08,81.028776,81.219151,80.066382,80.696321,46.924938,17775705
2012-05-09,81.052254,81.398554,80.208091,80.977284,47.093217,12072222
2012-05-10,81.123458,81.393557,78.678181,78.899115,45.889409,28037404
2012-05-11,79.050121,79.389895,79.005548,79.105159,46.014036,16284559
2012-05-14,79.519319,79.604154,77.737555,78.126889,45.45918,23159489
2012-05-15,78.191897,79.494737,77.862465,78.943916,45.939357,20888106
2012-05-16,78.955624,79.151285,77.16308,77.963395,45.373489,20183837
2012-05-17,78.319093,78.491197,77.431997,77.949152,45.36992,15928378
2012-05-18,77.822762,79.509642,77.53615,78.720924,45.823893,21143843
2012-05-21,78.417042,78.911637,78.314495,78.859522,45.918902,20616513
2012-05-22,79.325092,80.60195,79.165616,79.886117,46.521515,37420367
2012-05-23,80.340623,80.463422,79.452197,79.567349,46.340702,20662833
2012-05-24,80.063277,80.376265,79.660384,80.234688,46.734227,12548621
2012-05-25,80.42273,80.915658,80.173569,80.220956,46.73109,19544639
2012-05-29,80.382577,81.660769,79.789864,81.43245,47.456567,19125818
2012-05-30,81.335416,83.41393,81.238064,82.906488,48.320622,27892115
2012-05-31,83.179199,84.692469,82.929247,84.321408,49.150397,16554540
2012-06-01,84.29602,85.156105,83.858092,84.98992,49.545223,21818024
2012-06-04,84.917792,86.400832,84.719311,86.011732,50.156545,18730832
2012-06-05,85.853334,86.080743,85.436095,85.681447,49.969142,21694191
2012-06-06,85.75964,86.142587,83.55017,84.227427,49.126273,21698847
2012-06-07,84.423662,84.868254,84.166582,84.755714,49.439543,17053846
2012-06-08,84.965744,85.41933,84.930427,85.111645,49.65233,19790011
2012-06-11,84.940913,85.030821,84.795342,84.926817,49.559971,10224962
2012-06-12,85.250558,85.437557,84.409786,84.621102,49.386706,13542000
2012-06-13,84.475402,84.690662,83.509687,83.979753,49.0175,27403767
2012-06-14,84.402798,84.927378,82.601113,82.806112,48.337495,12626215
2012-06-15,82.75635,83.006077,82.216631,82.335201,48.067605,28068061
2012-06-18,82.369647,83.189728,80.838842,81.312324,47.485264,18892382
2012-06-19,81.702109,81.813168,80.05695,80.252742,46.871359,23599712
2012-06-20,80.841896,81.284907,79.019267,79.538608,46.459105,24742906
2012-06-21,79.954774,81.280423,79.911295,81.208997,47.439727,20656965
2012-06-22,81.553605,83.583852,80.64503,83.29792,48.665072,15990846
2012-06-25,83.184248,83.839666,82.872926,83.500008,48.798366,9345777
2012-06-26,83.523,85.669035,83.144134,85.229586,49.814334,18058573
2012-06-27,85.452842,86.872699,84.340208,86.344676,50.471323,8918358
2012-06-28,86.775174,87.600243,85.621471,86.302776,50.452081,19681919
2012-06-29,86.071579,86.586552,85.920279,86.422598,50.527384,16373911
2012-07-02,86.358233,89.341999,85.875073,89.223829,52.181421,19572398
2012-07-03,89.806054,90.984836,89.42588,90.686837,53.042561,20137883
2012-07-05,90.180471,90.591791,89.751282,89.830226,52.552465,12495359
2012-07-06,89.231561,92.99019,88.665948,92.625331,54.193294,21902815
2012-07-09,92.425481,94.571798,90.441913,90.698808,53.082688,21346986
2012-07-10,90.300563,91.157392,90.118304,90.898014,53.204811,11104142
2012-07-11,90.795567,93.519023,90.689536,92.495237,54.145337,15157593
2012-07-12,92.766707,92.975517,91.774831,92.075559,53.905272,17812120
2012-07-13,92.585745,92.67083,89.03138,89.803458,52.58055,16932566
2012-07-16,89.997861,90.198586,86.513403,87.334438,51.150884,23418089
2012-07-17,87.471025,91.187947,87.347083,89.702729,52.543434,21390058
2012-07-18,89.723421,90.838635,89.524639,90.002488,52.724503,15083141
2012-07-19,90.232011,90.633846,89.152599,90.343916,52.930022,13072511
2012-07-20,90.874261,91.237777,88.008804,88.672096,51.955954,12685864
2012-07-23,89.350191,89.649051,85.797575,86.153432,50.495942,13768295
2012-07-24,85.755776,86.532343,82.258392,83.831908,49.140371,12201010
2012-07-25,83.157022,84.601081,82.956751,84.160922,49.338364,14698560
2012-07-26,85.406336,85.634692,84.008785,84.08525,49.299131,23099573
2012-07-27,83.541336,87.017928,82.770206,86.073874,50.470311,18463019
2012-07-30,85.389922,85.775028,85.320097,85.709351,50.272257,17933975
2012-07-31,84.692687,85.219253,84.041062,84.837782,49.766221,17486125
2012-08-01,85.339323,87.788735,84.136782,87.500724,51.333656,15799549
2012-08-02,87.526545,88.818041,86.554355,88.633212,52.003457,19120444
2012-08-03,88.316917,89.065337,86.890737,88.760988,52.083845,20832624
2012-08-06,88.816183,89.40861,87.636211,87.752491,51.508145,22727031
2012-08-07,87.870204,88.015518,87.249261,87.727109,51.498605,16312392
2012-08-08,88.0092,89.897271,86.491182,89.046147,52.278361,21175161
2012-08-09,89.778852,90.169643,88.052116,88.320619,51.857803,11526855
2012-08-10,88.84771,89.06816,87.932766,88.590974,52.021955,20062453
2012-08-13,88.171637,88.843026,85.38978,85.594397,50.27801,15748232
2012-08-14,84.890693,85.837127,84.540662,84.988872,49.92752,17792263
2012-08-15,86.034105,86.624976,83.517016,84.04414,49.377665,21048666
2012-08-16,85.460345,86.300433,85.420868,85.989202,50.525685,31861383
2012-08-17,86.441965,88.397254,85.717468,86.650082,50.919303,14482732
2012-08-20,87.023571,87.830339,85.618935,86.372624,50.772102,13485239
2012-08-21,86.172883,86.361012,85.628602,86.256099,50.70888,22977469
2012-08-22,85.902411,86.571902,84.734373,85.368675,50.192397,32141325
2012-08-23,85.124924,86.156136,85.008699,85.501386,50.275654,8689943
2012-08-24,85.632808,86.317569,85.205937,85.786749,50.448699,17728066
2012-08-27,84.86183,86.761342,84.776138,86.234654,50.727929,16874388
2012-08-28,86.86081,87.08667,84.784837,85.109138,50.071049,14418151
2012-08-29,86.532396,86.707879,84.293342,84.555826,49.750702,32628150
2012-08-30,84.546998,86.393579,84.291469,85.87252,50.530671,16397811
2012-08-31,86.427232,86.621433,85.547069,85.66837,50.415786,15578271
2012-09-04,85.348411,85.42404,84.696,84.945813,50.01137,21916447
2012-09-05,84.701133,85.294488,84.18287,84.592872,49.80876,30090521
2012-09-06,85.005585,86.052278,84.702338,85.314264,50.238746,11544823
2012-09-07,85.591921,87.197443,85.347531,86.857213,51.152659,21253808
2012-09-10,86.803187,88.563654,86.644604,88.218118,51.970353,17778401
2012-09-11,88.573174,91.273059,87.780229,90.661464,53.415314,29161938
2012-09-12,90.481423,92.960446,90.201652,92.605585,54.566415,12902950
2012-09-13,92.559887,93.559458,91.829887,93.073973,54.848112,15669608
2012-09-14,92.913975,95.304187,92.648829,94.284092,55.56701,16449264
2012-09-17,94.272723,94.993051,93.740912,93.993921,55.413289,34249345
2012-09-18,93.830347,95.561478,93.130375,94.962807,55.990312,18222220
2012-09-19,95.053659,95.779948,94.822595,95.486306,56.304826,16899409
2012-09-20,95.304213,95.484774,94.286509,94.386666,55.662198,20502475
2012-09-21,94.24737,95.684825,93.460538,95.432884,56.285035,16350481
2012-09-24,95.008036,97.884339,94.415852,97.433601,57.48297,12795529
2012-09-25,97.400121,98.110718,96.366606,98.023929,57.837262,16023096
2012-09-26,97.796268,98.867044,95.521018,96.025103,56.663786,15944624
2012-09-27,96.581869,97.311214,95.026463,95.344413,56.267969,15398722
2012-09-28,95.300822,96.370089,94.610937,96.040625,56.684739,22464468
2012-10-01,96.549341,96.614138,93.976594,95.229389,56.22348,21101629
2012-10-02,94.9155,96.651606,94.330313,95.891131,56.620063,10865445
2012-10-03,95.465495,96.630334,95.060056,96.35815,56.90174,14442753
2012-10-04,96.376716,97.910372,96.007376,97.607674,57.64561,8984985
2012-10-05,97.656351,98.728371,97.304532,97.835686,57.786282,14435438
2012-10-08,98.132788,99.558676,96.17302,97.885841,57.833954,39402086
2012-10-09,99.030527,99.444933,97.648353,98.436687,58.165462,12295933
2012-10-10,97.938642,99.599307,97.658866,99.179511,58.610488,20211467
2012-10-11,99.027599,101.331507,97.787145,100.377492,59.324611,9753428
2012-10-12,100.448593,102.508247,98.792503,102.058993,60.324679,24097662
2012-10-15,101.742136,102.033234,101.084249,101.138358,59.799174,15589429
2012-10-16,100.802502,101.124668,100.211109,100.413153,59.376566,15050673
2012-10-17,100.881396,101.24362,98.311155,98.427742,58.208603,23814519
2012-10-18,98.912344,99.851108,97.667215,97.909312,57.908036,13879890
2012-10-19,97.862347,98.320298,96.410809,96.456131,57.054494,18534645
2012-10-22,96.316883,97.259691,95.332575,95.95535,56.775996,19838199
2012-10-23,95.527759,96.323251,94.517453,95.691534,56.62579,13105172
2012-10-24,96.313865,96.510947,94.52934,94.882687,56.152994,23358886
2012-10-25,94.279627,94.706584,94.059354,94.121631,55.708385,14274185
2012-10-26,94.146553,94.557505,92.122073,93.06616,55.089407,14347387
2012-10-29,92.95466,93.462933,91.779384,92.562683,54.808484,25899759
2012-10-30,92.857094,93.248436,91.840364,92.062913,54.51823,13927238
2012-10-31,91.440919,92.375417,90.973346,91.788137,54.361168,10185725
2012-11-01,92.009347,92.612855,91.426948,91.985403,54.483666,9838445
2012-11-02,91.722681,92.54426,91.158328,92.272784,54.65957,23005229
2012-11-05,92.559225,93.121924,90.146664,91.429991,54.177233,13674185
2012-11-06,91.006432,91.369947,90.358243,91.28637,54.097757,21039495
2012-11-07,91.40601,91.902072,91.20944,91.438623,54.193622,21705750
2012-11-08,91.305161,91.588335,90.978664,91.073328,53.982736,20574820
2012-11-09,91.230908,92.051236,91.009711,91.130108,54.022012,22127567
2012-11-12,91.04545,91.383869,88.982904,89.345588,52.980681,44147215
2012-11-13,89.384196,90.649696,88.860764,90.387903,53.604335,10244277
2012-11-14,89.469745,89.754873,88.736808,88.822003,52.681163,25541531
2012-11-15,88.410772,89.618178,88.099703,89.347533,52.998373,21038528
2012-11-16,88.987821,92.086023,88.643217,91.458968,54.256459,21611413
2012-11-19,91.722039,92.428508,88.44455,88.992895,52.809984,19664690
2012-11-20,89.314412,90.597159,89.143943,90.310846,53.597656,25303022
2012-11-21,90.227648,91.918541,89.103475,91.614647,54.377093,14196538
2012-11-23,91.32828,93.32237,90.733174,92.454708,54.887123,18693199
2012-11-26,92.170633,92.631133,91.26389,91.606134,54.400331,15816788
2012-11-27,91.376588,91.628286,91.283347,91.565728,54.381994,20964337
2012-11-28,91.903151,93.146572,91.675597,93.058672,55.274421,13039340
2012-11-29,92.383217,94.223491,91.563506,93.560349,55.578187,20441672
2012-11-30,93.497851,93.957249,92.632013,93.836319,55.747922,13151163
2012-12-03,93.215288,94.328933,93.057889,93.8445,55.770187,17206937
2012-12-04,94.000857,95.414147,93.853454,94.140341,55.951821,11930306
2012-12-05,93.985868,97.018353,93.317023,96.418799,57.311972,27375487
2012-12-06,97.079779,97.51465,96.153943,96.674177,57.469749,17451154
2012-12-07,95.820771,98.382743,95.442745,97.163598,57.766704,14869644
2012-12-10,96.991411,97.979864,94.420615,94.948391,56.467318,10126843
2012-12-11,94.616809,94.872975,94.398184,94.7478,56.353886,16181368
2012-12-12,94.968657,95.349223,93.048635,93.554046,55.649657,30299548
2012-12-13,93.447546,95.910304,93.313601,95.319639,56.705801,20176775
2012-12-14,95.192081,96.365057,94.871766,96.03336,57.136339,18009848
2012-12-17,96.105066,96.743575,95.599777,96.243373,57.279164,14350409
2012-12-18,95.673413,96.563628,94.207005,94.762369,56.403613,32168652
2012-12-19,94.137862,95.481586,92.731766,95.309197,56.734994,16335812
2012-12-20,95.568751,96.234028,93.617098,93.718131,55.793679,17762297
2012-12-21,94.338874,94.497064,92.257144,92.34834,54.983916,12848899
2012-12-24,91.971954,92.687678,91.308612,91.893065,54.729926,12674371
2012-12-26,91.568973,93.762641,91.108761,92.623116,55.176211,27373973
2012-12-27,93.471009,94.020221,89.820548,90.632202,53.995828,16247349
2012-12-28,91.509016,91.585862,89.128866,89.426874,53.283274,13096552
2012-12-31,89.197011,89.885693,88.731463,89.184198,53.155268,20350237
2013-01-02,88.256277,91.283856,87.350264,90.470129,53.932926,16836278
2013-01-03,90.49914,91.293045,88.743713,88.894732,52.999281,12968011
2013-01-04,89.385511,91.961263,89.201111,91.25915,54.414614,25204328
2013-01-07,91.074242,94.237261,90.884532,94.006438,56.070223,20251468
2013-01-08,94.565742,94.923206,93.952246,94.852808,56.580927,21999673
2013-01-09,94.430495,96.040651,94.204645,95.074557,56.719104,13521322
2013-01-10,95.529823,97.513068,95.371316,97.118924,57.94475,17504751
2013-01-11,97.730504,98.822127,94.672297,95.246805,56.833687,19575735
2013-01-14,94.916591,97.330229,94.601396,96.278683,57.467342,29379747
2013-01-15,96.706287,99.110701,95.988686,98.330941,58.698411,24642500
2013-01-16,98.32316,98.908001,96.622771,96.778776,57.777861,20739554
2013-01-17,97.02044,98.41105,95.579173,98.069208,58.554353,12423724
2013-01-18,97.225404,98.121676,95.582281,96.758021,57.777491,36034348
2013-01-22,97.247747,97.385454,94.435468,96.609894,57.713052,15533729
2013-01-23,96.841843,97.999344,95.917423,97.242902,58.097244,20703797
2013-01-24,98.714607,99.102956,92.579573,94.099029,56.224803,23999616
2013-01-25,93.047203,95.36658,92.847162,94.268888,56.332155,17009410
2013-01-28,94.391964,96.661617,94.160785,95.604554,57.148142,8549916
2013-01-29,96.053429,97.836096,95.922822,97.055826,58.021684,15361934
2013-01-30,96.916687,97.887025,96.124508,96.317339,57.586194,16358246
2013-01-31,96.861982,98.438689,95.896208,98.321538,58.79058,15760560
2013-02-01,98.699478,99.085533,98.433137,98.900448,59.142888,15995093
2013-02-04,98.984842,99.094838,97.399267,98.393013,58.857807,15175797
2013-02-05,97.459442,97.979409,95.462825,96.394965,57.668592,13284934
2013-02-06,96.978058,97.833757,95.439231,95.861273,57.355276,18316586
2013-02-07,95.001417,96.179595,94.726748,95.221473,56.978402,14997620
2013-02-08,94.644773,96.69358,94.320138,96.472161,57.732791,29794689
2013-02-11,96.434019,96.928329,95.704283,96.843199,57.972927,23768469
2013-02-12,97.298009,97.977012,97.205359,97.640329,58.456192,20386197
2013-02-13,98.179945,98.67967,96.376705,96.767203,57.939488,14040343
2013-02-14,96.151725,97.303803,95.711392,96.228949,57.623203,13112699
2013-02-15,95.806053,96.128663,95.553076,95.905816,57.435681,15815349
2013-02-19,96.007971,96.321429,94.87621,95.335634,57.117978,21653871
2013-02-20,95.694284,95.884379,93.055627,93.609168,56.089444,18089966
2013-02-21,93.343672,94.205825,92.74203,93.820885,56.222151,13708036
2013-02-22,93.31483,93.558348,91.693333,91.895531,55.074113,21554157
2013-02-25,92.218213,92.630037,91.452943,91.869544,55.075725,23423119
2013-02-26,92.288215,92.587207,91.827349,91.950933,55.130254,18695354
2013-02-27,91.973843,92.40871,91.632704,91.736672,55.007513,16477943
2013-02-28,91.84091,92.520642,91.276493,91.407813,54.816024,20237401
2013-03-01,91.294226,92.373403,90.764956,92.104214,55.239393,12506994
2013-03-04,92.031414,92.138142,89.954049,90.681007,54.402804,21752559
2013-03-05,90.631032,92.420726,90.215684,92.195688,55.31727,10354372
2013-03-06,92.05019,93.480518,91.921502,93.366323,56.025478,12030308
2013-03-07,93.428195,93.487053,93.043623,93.434464,56.0722,15975572
2013-03-08,93.795256,95.432373,93.016911,95.232513,57.157198,15926389
2013-03-11,95.918267,98.118493,95.730579,97.296768,58.414363,25437061
2013-03-12,97.454491,97.551401,94.920291,95.343085,57.24738,9535959
2013-03-13,95.656833,96.141698,95.240323,95.848143,57.556622,15500040
2013-03-14,96.382385,96.560021,96.21923,96.470967,57.936654,22372548
2013-03-15,96.858292,97.421773,95.389441,96.407473,57.904546,22948853
2013-03-18,95.864066,97.620053,95.109473,97.288866,58.452172,16736199
2013-03-19,97.807085,99.317302,96.946612,98.600057,59.246113,34490652
2013-03-20,98.458402,98.724751,98.252123,98.476752,59.178179,12979561
2013-03-21,97.998297,98.984846,97.550284,98.033933,58.918203,31887862
2013-03-22,98.526273,99.264113,98.366933,98.800069,59.384827,12100136
2013-03-25,99.371187,100.947395,99.142794,100.502962,60.427226,16459979
2013-03-26,100.695909,101.998288,100.445535,101.489352,61.02664,21890510
2013-03-27,100.793544,101.772067,100.389977,101.447885,61.008052,30024149
2013-03-28,101.75309,102.776825,101.216389,102.221279,61.479547,14057445
2013-04-01,101.151414,102.195435,100.474243,101.990367,61.366201,24954631
2013-04-02,101.50071,102.885407,101.157593,102.389108,61.612527,12129448
2013-04-03,102.854741,103.938447,102.566753,103.775528,62.453301,24328986
2013-04-04,104.11444,104.884261,104.028478,104.240017,62.739363,27959061
2013-04-05,104.838582,105.767151,102.372473,102.656793,61.79289,31465197
2013-04-08,102.885562,104.109125,102.313223,103.863399,62.538706,17835134
2013-04-09,104.283384,104.680786,103.406649,103.801233,62.507778,14603400
2013-04-10,103.553487,103.610782,101.459239,102.418151,61.68132,15746101
2013-04-11,101.952696,102.717272,101.392305,102.545277,61.764307,11406488
2013-04-12,102.865864,104.171082,102.218752,103.481443,62.334657,20054109
2013-04-15,104.20593,106.064733,103.552551,105.150625,63.359903,27259393
2013-04-16,104.851669,105.110947,104.66329,104.99977,63.275586,10847273
2013-04-17,105.305524,105.483466,104.715152,105.040041,63.30644,30144194
2013-04-18,105.115735,105.415018,103.446153,103.811102,62.572282,15031336
2013-04-19,102.896289,103.516222,102.1596,102.94249,62.055181,18846934
2013-04-22,103.211447,104.837612,102.354151,104.283918,62.883437,11579321
2013-04-23,104.282561,105.725465,103.402278,104.241558,62.864433,18634119
2013-04-24,104.577662,107.878842,103.920742,105.998829,63.930833,14939386
2013-04-25,105.835758,107.708271,105.468289,107.606052,64.906946,13235668
2013-04-26,108.369791,108.752658,104.412612,105.356056,63.556382,15336954
2013-04-29,105.640603,106.441948,103.034814,103.590288,62.510684,8270319
2013-04-30,104.156914,105.531691,103.262271,105.39,63.603322,23065809
2013-05-01,105.736233,108.194477,105.620837,106.602785,64.341937,19515820
2013-05-02,107.479632,108.28186,106.683088,107.937146,65.154091,29401885
2013-05-03,108.841667,110.358331,108.320356,109.299467,65.983293,28718104
2013-05-06,110.163532,110.655821,108.562767,108.611671,65.588544,16214286
2013-05-07,109.193576,109.269125,107.485889,107.789795,65.099001,15844519
2013-05-08,107.280245,107.71487,106.274842,107.143279,64.715274,18446244
2013-05-09,108.207255,109.312052,105.960647,106.884094,64.565442,15420414
2013-05-10,107.176928,108.357105,106.869013,107.568486,64.985622,14523807
2013-05-13,107.522292,108.346569,105.746316,106.706358,64.484906,17961773
2013-05-14,107.124124,108.404503,106.793341,108.14849,65.363217,19011771
2013-05-15,107.843387,107.95089,106.194769,106.817493,64.565501,23734295
2013-05-16,106.320582,107.099992,106.137861,106.747215,64.529735,17687549
2013-05-17,107.055731,107.318795,105.644163,106.035632,64.106245,16952231
2013-05-20,105.655496,107.60406,105.485292,107.554548,65.044839,24381703
2013-05-21,107.841197,108.607546,106.3438,106.807026,64.599487,9435196
2013-05-22,106.40573,107.393285,106.294005,107.029792,64.740956,17303409
2013-05-23,106.97365,108.401107,106.11879,108.251199,65.486582,18807803
2013-05-24,108.125723,109.135371,107.570923,108.347354,65.551571,20125743
2013-05-28,108.010096,108.060971,107.396645,107.88074,65.296431,24581592
2013-05-29,108.00893,108.349523,107.921045,108.077109,65.422092,6351614
2013-05-30,107.574112,108.694673,106.966615,107.786544,65.252993,22098288
2013-05-31,108.330862,108.890685,105.692472,106.294346,64.356326,17666046
2013-06-03,106.818701,107.385525,105.581411,105.798488,64.076103,28239949
2013-06-04,105.673253,108.125555,105.525701,107.394824,65.04968,15788691
2013-06-05,107.199031,108.27233,107.127627,108.071231,65.466194,14634709
2013-06-06,107.796744,108.263244,107.006814,107.373493,65.050293,23144077
2013-06-07,107.415152,108.283534,105.188014,105.238614,63.763549,27697643
2013-06-10,105.816324,106.257435,105.067267,105.292907,63.81636,22028643
2013-06-11,105.258792,105.565225,103.460091,103.900888,62.979231,8976955
2013-06-12,104.318174,107.536681,104.269293,106.788543,64.736309,21748247
2013-06-13,106.874402,111.170605,106.773527,110.76691,67.155023,25236038
2013-06-14,111.071234,111.3617,110.088673,110.343445,66.905248,14547151
2013-06-17,109.97908,110.563419,109.313362,109.512337,66.422044,15691017
2013-06-18,110.764375,111.410567,109.972909,110.692112,67.144594,17588423
2013-06-19,110.458185,111.439769,107.198141,108.037879,65.541384,17392395
2013-06-20,108.112033,108.561064,106.783953,107.29005,65.094484,13617399
2013-06-21,106.884489,107.444019,105.618554,105.965055,64.297279,21968886
2013-06-24,105.2193,105.583254,103.898126,104.815757,63.619763,19833338
2013-06-25,105.54629,107.529524,105.381508,107.083848,65.003184,13634969
2013-06-26,106.880494,107.373755,103.4716,105.367223,63.967794,11184382
2013-06-27,106.010339,106.210018,103.726324,103.839169,63.046681,17266705
2013-06-28,104.403147,104.917954,103.60168,103.884584,63.080817,12820428
2013-07-01,104.295871,104.853667,103.737882,104.634071,63.555755,23493391
2013-07-02,104.182147,104.266804,102.763167,103.990084,63.171163,20530623
2013-07-03,104.587892,104.768562,103.903247,104.287687,63.35854,12335504
2013-07-05,104.50175,104.848848,103.884435,104.326584,63.395361,20357650
2013-07-08,104.863642,106.534186,102.822251,103.12088,62.682261,19082255
2013-07-09,102.235249,105.649784,101.39482,104.711101,63.655502,19735969
2013-07-10,104.999528,106.251192,104.260756,105.405666,64.084406,24762271
2013-07-11,105.418403,106.508264,105.342148,106.38706,64.687802,14554101
2013-07-12,106.15799,106.325278,105.480137,105.693117,64.272542,18553057
2013-07-15,106.276855,106.476366,105.624348,106.139767,64.564301,21881465
2013-07-16,106.364473,107.506154,106.28915,107.23721,65.238657,17195350
2013-07-17,107.350819,107.947617,105.98854,106.33335,64.695517,24998283
2013-07-18,105.98139,107.49415,105.755415,106.75483,64.958713,24568403
2013-07-19,106.694946,108.931118,105.527126,108.552458,66.059414,10329277
2013-07-22,108.781397,109.352736,107.670902,107.805057,65.625064,15944108
2013-07-23,108.323774,109.335988,107.499441,109.068837,66.401283,13470942
2013-07-24,109.55774,109.652637,104.57873,105.22667,64.068831,17784135
2013-07-25,105.164103,107.099509,104.207351,106.935595,65.11611,31260093
2013-07-26,106.512937,106.926423,105.502807,106.685974,64.970867,19756541
2013-07-29,107.009102,108.428951,106.955224,107.627308,65.564593,7712388
2013-07-30,107.564938,108.027194,105.273292,105.920674,64.531655,13019304
2013-07-31,105.625124,106.083636,104.398917,104.530254,63.691175,21863680
2013-08-01,104.395158,104.99445,102.844552,103.809244,63.258438,20655545
2013-08-02,103.473589,104.241125,102.53895,103.004082,62.774326,16986865
2013-08-05,103.097283,104.755054,102.216599,104.303398,63.586018,15231425
2013-08-06,104.972332,105.059508,102.647955,102.88125,62.725566,29185830
2013-08-07,103.197247,103.442032,102.451276,103.019257,62.816242,21781881
2013-08-08,103.171013,104.440746,102.939162,103.746094,63.266014,17421299
2013-08-09,103.86144,104.761026,103.506418,104.217797,63.560279,14681350
2013-08-12,104.130473,104.774957,102.826998,103.360245,63.056954,12996336
2013-08-13,103.353077,104.998922,103.222637,104.774152,63.926186,15420035
2013-08-14,104.894907,105.365017,104.218655,104.661165,63.863892,15000980
2013-08-15,104.813152,106.37336,104.700616,106.069525,64.730003,36184918
2013-08-16,106.072945,107.541428,105.924713,106.762495,65.159674,10717673
2013-08-19,106.281659,106.715268,105.996036,106.637841,65.103911,19298785
2013-08-20,106.918106,107.169018,106.325448,107.121201,65.405814,25273039
2013-08-21,108.200428,109.29662,107.770531,109.129936,66.639235,26207190
2013-08-22,109.449892,111.346481,108.545593,110.466906,67.462662,25016185
2013-08-23,111.07326,111.297557,109.112312,109.316059,66.766781,32284815
2013-08-26,109.563775,109.782743,108.000354,108.266224,66.146217,11880378
2013-08-27,108.387905,110.426726,107.770416,109.998501,67.211559,35100356
2013-08-28,110.388509,110.799304,107.202651,108.623506,66.378312,14520086
2013-08-29,108.476986,109.254029,107.979775,108.440338,66.273275,31144995
2013-08-30,107.960007,108.76113,106.147467,106.766815,65.257291,16628948
2013-09-03,106.459767,107.729284,105.734423,107.2953,65.607605,14744052
2013-09-04,106.740543,107.930325,105.775314,105.980241,64.810232,22918145
2013-09-05,105.970008,106.929619,104.715765,104.979464,64.204905,20337913
2013-09-06,105.296609,108.544689,104.307993,107.770017,65.918451,12244269
2013-09-09,107.81333,108.261208,105.243856,106.373063,65.084302,17633288
2013-09-10,106.043624,106.955612,105.18751,106.201592,64.986148,11911598
2013-09-11,106.703239,107.008681,103.462044,104.797648,64.133729,33491668
2013-09-12,104.700648,105.0686,104.338394,104.551305,63.989629,20175716
2013-09-13,103.897395,106.08062,103.842973,105.961827,64.859673,14440253
2013-09-16,106.246237,106.992205,104.400762,104.90957,64.235629,19798150
2013-09-17,104.307037,105.153559,102.875606,103.552692,63.411415,12782997
2013-09-18,103.824973,104.267343,102.165615,102.273451,62.634577,16943630
2013-09-19,102.604583,103.333853,101.075393,101.663216,62.267333,15887535
2013-09-20,101.5778,103.278955,101.204909,102.963193,63.070112,14974327
2013-09-23,102.301414,103.034585,100.368418,101.059231,61.923164,15472635
2013-09-24,100.584431,101.424976,100.272114,100.870097,61.813705,14072255
2013-09-25,100.778349,101.221916,99.910243,100.37318,61.515591,15167194
2013-09-26,100.383735,100.75269,99.091774,99.72161,61.122623,27441992
2013-09-27,99.194639,99.501832,98.469937,99.070768,60.730019,25636416
2013-09-30,98.59383,99.719961,98.222305,99.36437,60.92901,21428414
2013-10-01,99.385892,99.88587,99.233702,99.573977,61.063891,20351574
2013-10-02,99.726793,100.456182,99.313072,100.257191,61.489269,17309126
2013-10-03,100.335862,100.863905,99.83088,99.898858,61.275873,15822586
2013-10-04,99.75489,100.231622,99.598219,100.039349,61.368432,25935729
2013-10-07,100.144773,101.155214,99.812167,100.624599,61.746718,20254326
2013-10-08,100.893805,101.676515,99.923115,101.017725,61.994403,22524777
2013-10-09,100.818834,100.988325,100.184126,100.349086,61.590468,14946898
2013-10-10,100.302264,101.697755,99.639553,100.927462,61.951899,24967548
2013-10-11,101.071628,102.312303,100.502384,101.883185,62.545053,17492547
2013-10-14,101.328226,103.652774,100.675635,103.300144,63.434705,14419474
2013-10-15,103.186629,105.915197,103.016484,105.398538,64.730025,21675769
2013-10-16,105.673488,108.142711,105.501031,107.764335,66.189853,28822955
2013-10-17,108.155531,108.445084,107.723282,108.314719,66.534826,13409028
2013-10-18,108.324177,108.445763,105.78513,106.712927,65.557709,35330298
2013-10-21,106.73177,107.0227,103.989993,104.19499,64.030829,15250928
2013-10-22,104.267758,105.38371,103.651329,105.104684,64.596582,15361452
2013-10-23,104.941921,106.933865,104.796547,105.98249,65.142852,26315520
2013-10-24,106.198461,106.523735,105.98443,106.470325,65.449512,16416747
2013-10-25,106.836537,106.943488,106.220249,106.34021,65.376329,22377644
2013-10-28,105.779298,105.849335,105.37856,105.422016,64.832069,15556508
2013-10-29,105.739237,107.892442,105.526205,106.653599,65.596289,19759828
2013-10-30,106.58019,108.206447,106.535545,107.980802,66.419482,38102932
2013-10-31,107.885412,108.018853,106.870359,107.229054,65.96394,15450414
2013-11-01,107.074283,107.720788,105.038103,105.675891,65.015247,13571357
2013-11-04,105.624813,107.229354,104.334632,106.916533,65.799064,16752246
2013-11-05,106.571399,109.280266,105.579619,108.529875,66.798904,15565661
2013-11-06,108.808003,109.824316,108.300821,109.475904,67.388185,13345533
2013-11-07,109.204732,113.457359,108.001781,112.800439,69.441835,20880390
2013-11-08,112.551363,113.787205,111.200148,113.600971,69.941932,12953876
2013-11-11,113.270292,116.958968,109.389105,115.367612,71.051792,19582905
2013-11-12,114.885075,116.646628,112.665733,113.651718,70.002302,27822666
2013-11-13,112.958424,115.292963,112.627648,113.589937,69.971528,13427661
2013-11-14,113.451812,120.094789,111.912763,118.708324,73.132068,19789891
2013-11-15,118.600029,125.55726,115.242385,124.873969,76.938512,13480258
2013-11-18,123.908656,126.588407,119.457292,120.740958,74.415265,14901211
2013-11-19,119.932399,120.832001,114.80294,115.818744,71.389025,14643355
2013-11-20,114.895413,117.561514,113.031825,115.943523,71.473372,15947509
2013-11-21,115.922059,117.092748,114.899036,115.464576,71.185532,8670957
2013-11-22,114.656359,117.766433,113.969123,114.12396,70.366343,30796033
2013-11-25,114.521964,117.063431,113.412544,114.467109,70.599953,25146012
2013-11-26,116.679984,117.914244,115.072129,117.535724,72.500127,16433652
2013-11-27,115.530223,121.685074,114.529703,120.344858,74.240622,24722469
2013-11-29,120.16933,124.872654,120.070867,123.103445,75.958196,20083894
2013-12-02,121.644104,127.609515,121.174108,123.753753,76.38329,17614312
2013-12-03,126.124372,129.519355,124.916813,127.907905,78.95553,10328763
2013-12-04,128.079339,129.233612,127.253221,127.807131,78.901532,15771013
2013-12-05,127.873077,128.78731,127.722734,127.776037,78.890543,24120520
2013-12-06,129.55414,130.159201,125.307753,126.115335,77.873306,17629858
2013-12-09,122.696281,126.789757,121.962641,125.499673,77.51734,18797706
2013-12-10,124.259335,130.644247,122.746689,129.955679,80.27803,20723101
2013-12-11,129.548832,130.49092,123.462793,124.570366,76.959347,11173514
2013-12-12,124.331852,124.985723,119.735128,120.554864,74.486326,13374950
2013-12-13,121.933253,123.824792,120.287437,123.344984,76.218165,15105068
2013-12-16,124.819861,127.548966,124.231172,127.395475,78.745646,16940593
2013-12-17,127.657927,128.442777,125.87299,126.175403,77.99961,22342388
2013-12-18,127.430765,127.910146,126.996401,127.071769,78.561902,16770069
2013-12-19,127.618263,129.541861,119.574332,121.685635,75.239762,21065814
2013-12-20,122.55342,123.566185,113.785555,115.789011,71.601253,15753501
2013-12-23,118.526141,120.431288,113.759925,116.522978,72.077615,11884299
2013-12-24,115.895682,119.318799,113.543649,117.756469,72.848194,19210674
2013-12-26,115.142063,118.552933,114.187891,117.331105,72.600154,12390297
2013-12-27,115.785449,116.324845,111.897475,113.939914,70.509145,13067628
2013-12-30,116.077002,116.963666,111.393794,111.872551,69.251415,12708457
2013-12-31,112.992837,115.431002,108.362271,111.018294,68.729763,37082453
2014-01-02,112.249332,112.786158,111.568058,111.847041,69.257237,15552486
2014-01-03,111.598459,114.713541,110.125702,111.480174,69.03725,20096685
2014-01-06,113.997827,115.180081,108.970055,111.133497,68.844044,14086810
2014-01-07,111.308721,111.615278,109.780224,110.54066,68.483923,14099838
2014-01-08,111.361252,113.585639,106.638285,107.382472,66.534234,22680345
2014-01-09,105.521629,107.722472,101.058254,102.048861,63.236104,12869111
2014-01-10,101.713906,102.139518,101.562148,102.087586,63.266683,17465954
2014-01-13,103.356957,106.150865,101.061392,105.023882,65.106709,22831323
2014-01-14,105.503855,106.953692,102.742743,104.439936,64.751444,15788697
2014-01-15,104.076441,105.878452,94.66135,97.265172,60.309455,9596291
2014-01-16,97.310113,97.492369,96.575745,96.853326,60.060338,17730123
2014-01-17,96.606037,97.644513,93.882904,94.203529,58.423233,12226255
2014-01-21,94.908635,96.436413,88.579762,90.881302,56.386312,11365799
2014-01-22,89.739028,91.780336,89.604414,91.537077,56.799089,14546581
2014-01-23,92.348402,93.125861,84.153935,84.504843,52.441018,21213778
2014-01-24,84.172605,85.715506,80.233223,81.083713,50.323209,16686285
2014-01-27,80.23023,80.732083,78.987646,80.320999,49.865405,23950854
2014-01-28,80.666871,81.351905,76.151549,77.233326,47.953484,34047527
2014-01-29,75.541007,79.265989,74.919776,78.798131,48.930148,13098349
2014-01-30,79.961187,80.657632,78.490818,79.66382,49.472849,19971103
2014-01-31,78.882746,79.828179,77.586026,77.833108,48.340969,24458678
2014-02-03,77.461332,77.925345,75.302248,75.61651,46.978934,13881150
2014-02-04,73.674085,76.608095,73.101834,76.152506,47.316859,12306969
2014-02-05,75.517642,75.936339,74.820242,75.008863,46.611113,22302043
2014-02-06,75.008803,78.393227,73.503154,77.651937,48.258561,18487967
2014-02-07,77.105589,79.943233,76.046054,78.344559,48.694073,23441974
2014-02-10,79.682377,80.448279,76.602764,77.861059,48.408666,22997796
2014-02-11,78.555802,79.509061,75.383675,77.610434,48.257865,19579951
2014-02-12,78.266422,78.433605,75.491488,77.498138,48.193054,18705650
2014-02-13,78.789192,79.077473,76.695899,78.673768,48.929222,10977961
2014-02-14,77.666512,77.70519,74.884122,76.471719,47.56466,27242702
2014-02-18,76.190966,78.163128,75.794882,77.132331,47.995523,11347344
2014-02-19,76.268202,76.47882,72.89245,76.181935,47.409073,20576004
2014-02-20,76.901358,77.509458,74.756786,75.20092,46.803442,12896862
2014-02-21,75.247185,75.620784,72.600083,74.112378,46.130756,34718496
2014-02-24,72.310384,73.285343,71.864112,72.766906,45.307415,18369566
2014-02-25,72.619907,73.843145,68.700827,69.675264,43.386956,19505576
2014-02-26,69.40463,71.284582,67.60562,68.414967,42.606599,16578037
2014-02-27,68.268597,68.930668,66.662663,67.234014,41.875496,13758238
2014-02-28,68.223195,68.960976,65.318541,65.573027,40.84523,23208463
2014-03-03,65.61281,68.387808,65.427169,66.817589,41.633455,16454131
2014-03-04,67.541082,68.376076,67.015116,67.400553,42.001065,19950722
2014-03-05,66.646452,70.216855,65.760716,69.558536,43.350335,19263160
2014-03-06,70.071784,71.632016,69.323231,70.059091,43.666834,11679620
2014-03-07,71.041167,72.050035,68.348353,69.005288,43.014489,17158756
2014-03-10,68.692798,69.412357,65.767351,65.911143,41.098577,18564257
2014-03-11,65.602516,66.051496,64.289304,64.807129,40.414379,22932152
2014-03-12,65.009251,65.755385,63.741604,64.498974,40.226395,13315605
2014-03-13,64.837616,65.390567,63.65961,64.264499,40.084329,19861927
2014-03-14,65.165043,65.397626,65.082287,65.228632,40.68993,21958206
2014-03-17,64.91127,66.393929,63.224346,63.253367,39.470068,24885152
2014-03-18,62.979531,66.646639,62.720697,65.466519,40.855324,13668949
2014-03-19,66.006548,66.095397,64.30321,64.4647,40.23431,17965288
2014-03-20,64.163513,64.881303,63.776332,64.762101,40.424132,18475668
2014-03-21,64.497306,65.611635,63.680263,65.260006,40.73916,22489856
2014-03-24,64.803831,65.65162,61.206387,62.054491,38.75018,10891603
2014-03-25,61.750738,62.157744,61.015343,61.992119,38.715259,18043545
2014-03-26,61.668999,61.808248,61.323721,61.432193,38.369566,19613187
2014-03-27,61.516322,61.896019,60.557838,61.826548,38.619892,11024035
2014-03-28,62.713992,63.070976,58.041393,59.151903,36.953022,22808423
2014-03-31,58.530362,59.721344,58.419162,59.572033,37.2271,14514426
2014-04-01,59.947034,61.905835,59.475042,61.826105,38.63971,9559554
2014-04-02,62.3942,63.477701,60.169717,60.590468,37.871409,10682652
2014-04-03,60.301605,63.99918,60.07046,63.775151,39.866107,16339168
2014-04-04,64.600336,64.954118,63.001587,63.949832,39.979461,21061347
2014-04-07,64.652998,66.031393,62.825203,63.0972,39.458735,22693371
2014-04-08,62.309647,62.889182,61.441484,61.700139,38.589078,15699608
2014-04-09,60.806798,61.639856,60.028478,61.126149,38.234065,17774009
2014-04-10,61.374801,62.370887,60.906531,62.27273,38.955298,12603741
2014-04-11,62.433818,64.501651,61.447039,63.477173,39.71288,20878682
2014-04-14,63.190195,64.552314,63.132825,63.383108,39.666409,14987416
2014-04-15,63.407172,64.884333,63.227803,64.757593,40.530806,31844996
2014-04-16,65.439867,65.471656,62.467053,62.761763,39.285733,18959694
2014-04-17,62.667297,62.95794,61.816596,62.229016,38.956313,22125679
2014-04-21,61.631922,62.101679,61.386995,61.727635,38.658525,21935007
2014-04-22,61.658746,62.876706,61.045765,61.586097,38.573896,13761238
2014-04-23,61.738571,62.915757,61.245995,61.330411,38.417746,12283319
2014-04-24,61.455911,62.183498,58.275629,58.499807,36.648451,22204985
2014-04-25,58.880698,59.525266,57.620939,57.967014,36.31845,17261906
2014-04-28,57.600809,57.687123,55.662137,56.573213,35.456248,12822486
2014-04-29,56.673414,58.180437,52.655495,53.122938,33.297313,18601595
2014-04-30,53.523095,54.298806,49.847882,50.959918,31.944862,22245773
2014-05-01,51.589127,52.740211,51.310996,51.771124,32.456753,17679967
2014-05-02,51.672574,52.769039,51.520175,52.110506,32.67292,12861568
2014-05-05,53.485251,53.920106,51.008896,51.229982,32.130864,16811459
2014-05-06,50.486817,50.559721,49.33125,50.040099,31.387848,19244252
2014-05-07,50.1739,51.105157,50.031362,51.006997,31.997668,25790802
2014-05-08,50.896399,51.011484,50.233132,50.336089,31.58008,13061919
2014-05-09,50.434668,50.471288,49.234364,49.659889,31.159084,14131581
2014-05-12,49.563309,50.695403,49.470746,50.483841,31.685961,15927202
2014-05-13,50.473925,52.013942,50.444001,51.460395,32.302251,21661324
2014-05-14,51.22784,51.94304,50.817961,51.752173,32.488783,28453074
2014-05-15,51.649353,52.760956,51.408668,52.651873,33.057032,18185738
2014-05-16,52.181654,54.446959,51.782544,54.200324,34.032755,15763720
2014-05-19,53.903841,54.090156,52.618125,53.115786,33.362177,21919745
2014-05-20,53.010888,53.708926,52.343086,52.827215,33.184377,16034579
2014-05-21,52.948081,53.791506,52.641208,53.523724,33.6254,16645776
2014-05-22,53.524922,54.634933,53.246734,54.594264,34.301518,17719535
2014-05-23,54.790324,54.822617,53.992571,54.24822,34.087645,25222840
2014-05-27,54.217251,55.216575,53.90935,54.544096,34.287829,13871876
2014-05-28,54.169387,54.729892,53.850439,54.641685,34.35275,31051122
2014-05-29,54.923838,56.30809,54.628523,56.230803,35.355492,14547871
2014-05-30,55.916478,56.263511,54.387357,55.49176,34.894444,17964345
2014-06-02,56.285536,56.377176,55.851367,56.021847,35.238771,12159026
2014-06-03,56.466646,56.844053,54.606506,54.876723,34.522059,20495133
2014-06-04,54.606004,55.592186,54.577699,55.274523,34.775927,23405008
2014-06-05,55.596722,55.778606,54.572581,54.910124,34.550259,20468242
2014-06-06,54.472786,55.113375,54.192528,54.853705,34.518351,23016420
2014-06-09,55.060655,55.784066,54.601037,55.582572,34.987931,31223765
2014-06-10,55.478328,55.637716,54.663733,54.946671,34.591245,28486464
2014-06-11,55.178578,55.875088,55.04071,55.599317,35.005755,17498939
2014-06-12,56.114852,56.241356,55.085767,55.125717,34.711183,13312549
2014-06-13,55.016363,55.54422,54.002284,54.314733,34.204087,17582019
2014-06-16,54.080742,55.24656,53.78189,54.787816,34.512776,11395242
2014-06-17,54.595753,55.424703,53.987869,55.15789,34.749514,14206359
2014-06-18,55.63685,55.700521,55.332218,55.505884,34.972389,23996861
2014-06-19,55.422014,57.241944,54.789247,57.191878,36.038425,15834008
2014-06-20,56.458687,57.301877,56.144039,57.101377,35.985142,26023536
2014-06-23,56.945174,57.642535,56.786409,57.564262,36.288175,23079203
2014-06-24,57.741608,58.15609,57.45967,57.68705,36.369364,16482066
2014-06-25,58.214841,59.376282,57.59076,58.947104,37.167644,19851092
2014-06-26,58.630787,60.933165,57.451795,60.334747,38.046546,19368654
2014-06-27,59.691498,62.20298,59.559638,61.287696,38.651488,22743297
2014-06-30,61.021102,62.911965,59.418138,62.703945,39.556999,20720724
2014-07-01,62.753267,63.976747,62.33279,63.026293,39.76449,25259263
2014-07-02,63.060444,64.543814,62.350924,64.215925,40.519267,19459396
2014-07-03,64.772071,66.953139,64.118457,66.482369,41.953723,28990014
2014-07-07,66.680936,66.728625,64.963719,65.684265,41.467332,10876308
2014-07-08,65.147726,65.583141,64.178437,65.117716,41.11394,13897857
2014-07-09,65.216982,65.650345,64.353449,64.466429,40.706965,14687679
2014-07-10,63.870099,66.143116,63.528283,65.425422,41.316815,21192017
2014-07-11,65.383068,66.809704,65.200067,66.69967,42.125898,29054868
2014-07-14,66.850279,66.912474,65.988343,66.128412,41.778142,12552071
2014-07-15,66.093542,66.162733,64.256861,64.791323,40.937665,22266995
2014-07-16,65.177858,65.965757,64.268015,65.242683,41.227141,16809464
2014-07-17,65.857963,66.124394,65.357918,65.653323,41.490942,19214570
2014-07-18,65.300823,66.476137,64.962655,65.920762,41.66429,14193358
2014-07-21,65.40223,67.426605,65.250601,67.308763,42.554836,18593394
2014-07-22,67.80681,68.207627,67.144737,67.709096,42.812394,18122017
2014-07-23,67.844816,68.351556,66.091884,66.41286,41.997155,15402239
2014-07-24,66.337797,66.43197,65.936029,66.39531,41.990425,21344900
2014-07-25,66.508047,66.564966,65.207822,65.518201,41.440025,15869829
2014-07-28,65.818395,66.253837,64.72482,64.900928,41.062417,12380649
2014-07-29,64.820315,65.488761,63.758391,64.154275,40.594237,15112683
2014-07-30,64.180755,64.484555,63.435869,64.102107,40.565448,16985200
2014-07-31,63.973667,64.861936,63.501142,64.62503,40.900622,14246747
2014-08-01,64.293159,64.514507,62.83199,63.335842,40.088876,12816701
2014-08-04,62.82297,63.134799,62.296172,62.904043,39.827995,23767230
2014-08-05,63.296558,63.424069,62.957294,63.021601,39.906579,19842543
2014-08-06,63.805186,64.11923,63.483814,63.790468,40.397644,26632820
2014-08-07,64.093998,64.721168,63.836815,64.473264,40.834298,16315443
2014-08-08,64.632402,64.940267,62.634814,63.148833,39.999627,17195566
2014-08-11,63.046034,63.565925,62.372991,62.533283,39.622091,18188119
2014-08-12,62.614833,62.759149,61.144802,61.253727,38.815382,21669008
2014-08-13,61.370165,61.590009,60.700819,61.198756,38.784583,12676049
2014-08-14,60.903566,62.76031,60.778252,62.275494,39.47107,24105675
2014-08-15,62.145161,62.524442,60.350961,60.458005,38.323107,16508455
2014-08-18,60.643379,60.931775,58.487334,58.710127,37.226779,11615497
2014-08-19,58.64211,59.332133,58.52451,59.269056,37.585094,24080520
2014-08-20,59.448433,59.568806,58.795117,59.120692,37.494911,17836187
2014-08-21,58.951407,60.008924,58.746708,59.758487,37.90335,17745986
2014-08-22,59.942569,60.571503,59.113121,59.388998,37.672911,20674443
2014-08-25,58.97582,59.150444,58.897032,59.065053,37.479115,16404444
2014-08-26,59.342246,59.759081,58.689644,59.0326,37.46242,15221156
2014-08-27,59.031127,60.36467,58.40527,60.121866,38.157644,18016888
2014-08-28,59.690682,59.883333,59.269163,59.720324,37.90674,12649018
2014-08-29,59.863366,60.29196,58.491037,58.947516,37.420103,17912975
2014-09-02,58.783975,60.202133,58.710525,59.830597,37.996495,21580247
2014-09-03,59.728093,60.531846,59.137715,59.587847,37.846269,16846281
2014-09-04,59.471862,59.619371,57.997922,58.219992,36.981346,24726498
2014-09-05,58.554971,60.415032,58.506992,60.024059,38.131256,13080905
2014-09-08,60.414013,60.626828,58.777831,59.117663,37.567176,18478144
2014-09-09,59.175472,59.38241,58.652223,59.201091,37.624106,10038151
2014-09-10,59.368279,59.935031,58.470747,59.669101,37.925487,14338342
2014-09-11,59.960027,60.614788,58.665644,58.834458,37.398881,16448037
2014-09-12,59.442849,60.078216,58.633688,58.994399,37.504451,11728556
2014-09-15,59.059578,60.888407,58.833517,60.744154,38.628876,19016234
2014-09-16,60.449664,61.619144,60.375105,61.399316,39.049574,26720129
2014-09-17,61.632543,62.568521,61.416962,62.236199,39.585944,14886594
2014-09-18,61.701237,62.054988,60.255806,61.075437,38.851672,13953873
2014-09-19,61.028782,61.335101,59.811757,60.347421,38.392556,11919845
2014-09-22,60.819181,61.5103,60.650783,61.330111,39.029916,20337847
2014-09-23,61.500859,61.623843,60.977437,61.139894,38.912912,19771404
2014-09-24,61.409957,61.944235,61.377278,61.828394,39.355207,26831707
2014-09-25,61.799186,62.455057,61.64529,62.273037,39.642356,24932203
2014-09-26,62.059554,62.343824,61.495477,61.962526,39.448792,16457510
2014-09-29,61.916819,62.855325,61.840849,62.442053,39.766496,20071054
2014-09-30,62.136172,63.419625,61.858243,63.214268,40.262473,27093571
2014-10-01,63.28802,63.761175,62.606734,62.913563,40.075117,19039760
2014-10-02,63.129787,63.297691,61.875751,62.454697,39.786964,16232322
2014-10-03,62.783414,63.716839,61.283455,61.525889,39.199342,21190173
2014-10-06,61.432445,61.845329,61.223521,61.440263,39.157008,15151329
2014-10-07,61.488952,61.873811,61.333892,61.745733,39.355783,21739936
2014-10-08,61.545883,61.624765,61.005158,61.539703,39.228545,14709966
2014-10-09,61.28858,61.743088,60.600584,61.131228,38.972216,16812857
2014-10-10,60.886211,61.467463,60.484876,61.187447,39.012115,12825999
2014-10-13,60.681511,62.1291,60.285234,61.743667,39.379041,25312778
2014-10-14,61.598212,62.691108,61.549476,62.566892,39.908231,17916279
2014-10-15,62.749141,62.809778,62.093201,62.299151,39.741587,11585159
2014-10-16,62.347244,62.433688,62.020266,62.083264,39.60799,12294733
2014-10-17,61.89085,63.48332,61.823983,62.703254,40.007694,22548252
2014-10-20,62.416887,62.779003,61.986561,62.039415,39.59649,17879256
2014-10-21,62.23011,62.641245,61.866854,62.113406,39.647839,18319902
2014-10-22,61.915717,62.348541,61.525459,61.619094,39.336406,20428797
2014-10-23,61.574305,61.691496,60.92613,61.063747,38.985939,26439658
2014-10-24,61.273234,61.494289,61.09235,61.462369,39.24452,17516891
2014-10-27,61.374249,63.040604,61.224179,62.913131,40.183391,14453616
2014-10-28,63.051254,63.671572,62.900338,63.53124,40.582406,20813013
2014-10-29,63.695139,65.150425,63.33265,64.906303,41.465081,18920945
2014-10-30,64.500547,65.034113,64.424394,64.63054,41.293207,33130694
2014-10-31,64.234342,65.647975,63.572258,65.468071,41.832668,30677952
2014-11-03,65.811713,66.060277,65.099114,65.744545,42.022442,13960720
2014-11-04,65.574449,66.414861,65.452411,65.988152,42.182538,34579967
2014-11-05,65.619882,65.67209,64.67807,64.781027,41.415199,21028499
2014-11-06,64.602959,64.785095,63.564889,63.965719,40.898219,29072750
2014-11-07,63.755866,64.563931,63.632702,64.454422,41.214972,10442075
2014-11-10,64.375976,66.014013,64.216111,65.725347,42.040777,21195332
2014-11-11,65.581855,66.50252,65.166896,66.343868,42.440825,23109281
2014-11-12,66.490831,66.836954,65.541637,65.798356,42.096235,28316066
2014-11-13,66.033762,66.533658,65.31354,65.856748,42.137976,8937186
2014-11-14,65.817961,66.965497,65.594062,66.482078,42.542516,19725748
2014-11-17,66.198031,66.839272,65.270878,65.69446,42.051634,20319458
2014-11-18,65.357704,66.42373,65.202905,65.904293,42.190339,22949194
2014-11-19,66.052889,66.937967,65.512882,66.80177,42.769332,18783947
2014-11-20,67.561689,67.727714,65.228214,65.567735,41.983618,20754622
2014-11-21,65.782072,66.214567,64.995534,65.888923,42.193667,18782161
2014-11-24,65.746425,67.090652,65.148344,66.794111,42.78668,14504011
2014-11-25,66.757596,67.990167,66.636694,67.228251,43.06926,12565865
2014-11-26,67.269847,67.550495,66.675838,66.858321,42.836724,26043545
2014-11-28,66.966922,67.62671,66.82263,67.275335,43.112878,16788151
2014-12-01,67.500108,67.759065,66.887821,67.055061,42.985131,22994614
2014-12-02,67.033854,67.739957,65.422019,65.906877,42.253492,21824392
2014-12-03,65.913074,66.490492,65.677022,65.932364,42.27423,10370513
2014-12-04,66.093438,66.58759,65.954411,66.303305,42.516492,15451873
2014-12-05,66.314614,67.716794,65.921163,67.456785,43.260652,10474686
2014-12-08,67.557916,67.822602,66.733266,67.165402,43.087232,21194944
2014-12-09,67.203987,68.065155,66.707348,66.99139,42.980073,17969383
2014-12-10,67.099196,67.187637,65.218766,65.660347,42.130491,28154543
2014-12-11,66.066764,67.765704,65.386718,67.350372,43.219379,20421521
2014-12-12,67.4335,67.474635,65.3045,66.360394,42.588531,27759660
2014-12-15,66.626473,67.141414,64.793451,65.280068,41.908282,19370270
2014-12-16,65.813603,66.783185,65.055016,65.23625,41.884509,14569769
2014-12-17,65.271358,65.723767,64.439213,64.955969,41.708896,14267428
2014-12-18,66.021453,66.492439,62.176187,62.301664,40.008701,28213574
2014-12-19,62.101262,62.642414,60.803436,61.830288,39.710126,21664401
2014-12-22,61.385996,61.537329,59.958704,60.398292,38.802544,22952060
2014-12-23,59.95149,60.532476,58.560488,59.131728,37.992799,16628777
2014-12-24,59.20795,59.504943,58.570734,59.151167,38.009243,9288135
2014-12-26,59.846663,60.18693,58.448626,59.845842,38.463629,16431011
2014-12-29,60.026692,60.822939,59.774026,60.531906,38.916715,20837160
2014-12-30,60.643148,61.637721,60.436988,60.947871,39.188221,23549437
2014-12-31,61.294494,63.513984,60.786251,62.707857,40.32405,29414418
2015-01-02,63.322178,63.717395,61.337933,62.079068,39.928017,17962040
2015-01-05,61.968364,62.542236,59.723576,60.276082,38.780475,25375257
2015-01-06,60.837089,61.535978,58.35169,58.994491,37.959873,13923493
2015-01-07,58.958826,60.275274,58.433174,59.850788,38.514862,19285748
2015-01-08,60.299541,61.535244,59.829098,60.916494,39.204738,20525674
2015-01-09,60.946052,62.410176,60.890171,61.703019,39.715063,17739758
2015-01-12,60.936982,62.348485,60.349377,61.880958,39.842027,9937084
2015-01-13,61.721626,61.917987,57.673037,58.643914,37.761785,22811494
2015-01-14,58.782631,59.236185,57.157654,57.561874,37.068899,19625673
2015-01-15,57.52158,57.674061,57.147999,57.604097,37.099949,33643990
2015-01-16,57.651826,58.14265,55.825683,56.091868,36.129756,14673938
2015-01-20,55.817292,55.863404,53.612363,54.44409,35.08299,13311018
2015-01-21,54.35966,55.235823,54.162416,54.547803,35.153478,13642586
2015-01-22,54.733817,56.617023,54.663776,56.103556,36.159849,21137753
2015-01-23,55.511454,55.772242,54.203652,54.441632,35.092357,9699472
2015-01-26,54.543373,55.872036,54.123033,55.558739,35.823609,25643990
2015-01-27,56.267598,56.552719,54.395307,54.797786,35.336632,15680800
2015-01-28,55.799861,56.103972,53.817179,54.283932,35.008912,15827709
2015-01-29,54.733922,56.145382,54.682518,55.581389,35.849401,16339892
2015-01-30,55.986725,56.965703,53.614967,53.798276,34.702922,17893108
2015-02-02,53.335817,53.597652,52.601094,52.696089,34.00256,15614506
2015-02-03,52.404934,53.302852,49.99941,50.469767,32.569398,18489646
2015-02-04,50.315641,50.554755,49.001876,49.330784,31.837695,20884454
2015-02-05,48.971936,50.198482,48.525871,49.749517,32.111283,20830514
2015-02-06,49.979461,50.432167,48.443674,48.753347,31.47157,19020375
2015-02-09,48.44324,48.592098,48.08315,48.357363,31.225696,23858076
2015-02-10,48.235227,49.22304,47.796765,49.197902,31.771761,25883706
2015-02-11,48.999095,49.433674,46.488721,46.862838,30.266937,16346624
2015-02-12,46.541545,47.522441,46.121412,47.088981,30.416159,17127267
2015-02-13,47.129906,49.763082,47.026994,49.434681,31.934638,24646195
2015-02-17,49.334291,49.945304,47.592209,47.705144,30.83019,16493508
2015-02-18,47.739185,47.905235,47.061862,47.468048,30.680155,18938992
2015-02-19,47.469222,47.94112,47.034521,47.797976,30.896612,24269554
2015-02-20,47.939199,48.277405,47.496689,47.798814,30.900368,26907923
2015-02-23,47.797079,48.686987,47.418777,48.169562,31.149766,13623212
2015-02-24,47.909009,48.190908,47.30701,47.487815,30.712096,11953214
2015-02-25,47.2667,48.597195,46.590253,48.238206,31.200647,13080518
2015-02-26,48.340933,48.971652,47.934276,48.628798,31.456556,17736378
2015-02-27,48.750653,49.256487,47.985259,48.209949,31.188859,20275056
2015-03-02,48.293498,48.342885,47.064869,47.488533,30.731738,20233700
2015-03-03,47.397676,47.727003,46.441303,46.613776,30.168787,16427200
2015-03-04,47.021792,47.682775,46.268256,46.777261,30.277745,18862073
2015-03-05,46.780349,47.138646,46.378341,47.011471,30.432509,20558111
2015-03-06,47.351339,47.399865,46.092598,46.414192,30.048991,35069933
2015-03-09,46.568995,46.601237,45.471142,45.864072,29.702107,13707970
2015-03-10,45.981568,46.361742,45.164427,45.586333,29.525312,11807496
2015-03-11,45.676324,46.221577,45.602527,46.150603,29.893888,20517689
2015-03-12,46.050671,46.101099,45.23624,45.442579,29.43833,16151872
2015-03-13,45.938883,46.01637,43.265167,43.807252,28.381896,14007468
2015-03-16,43.772364,44.012909,42.851463,43.289804,28.055406,25509405
2015-03-17,43.271952,43.370668,43.003217,43.172015,27.98198,15475975
2015-03-18,42.938719,43.031022,41.992005,42.214009,27.363894,20647560
2015-03-19,42.279301,42.481596,41.909149,42.047171,27.258583,20086382
2015-03-20,42.238877,42.336246,41.080956,41.467957,26.885883,13356920
2015-03-23,41.677822,42.462794,41.535605,41.867403,27.153339,16474519
2015-03-24,41.56963,41.67497,41.193215,41.43674,26.876826,10293289
2015-03-25,41.481709,42.51174,41.387549,42.257173,27.411829,29032663
2015-03-26,42.528438,42.757483,41.614605,41.798056,27.116826,16475717
2015-03-27,41.849963,41.9213,41.58944,41.781529,27.108924,16583397
2015-03-30,41.816441,42.286757,40.478813,40.684347,26.405284,13847484
2015-03-31,40.548025,40.821548,39.634134,39.784473,25.823928,12642035
2015-04-01,39.699755,39.882335,39.624967,39.685143,25.762133,18326506
2015-04-02,39.534149,40.267912,39.493518,39.948153,25.935567,16695172
2015-04-06,40.092736,40.678727,40.056535,40.48123,26.292597,13907840
2015-04-07,40.542242,40.713644,40.437348,40.485158,26.297884,11053335
2015-04-08,40.589833,40.990011,40.512582,40.802918,26.507049,18692984
2015-04-09,41.036131,41.284676,40.272709,40.472265,26.29498,14426551
2015-04-10,40.699012,40.794867,40.367725,40.542521,26.343366,14948439
2015-04-13,40.656361,40.675819,39.942595,40.214757,26.138552,20407796
2015-04-14,39.980607,40.278443,39.720654,40.111136,26.073913,27522946
2015-04-15,40.177385,40.601749,40.153561,40.258006,26.172108,28025269
2015-04-16,40.157791,40.45429,39.550026,40.00411,26.009753,20319056
2015-04-17,40.069775,40.264008,39.013783,39.198186,25.488411,14097507
2015-04-20,39.285983,39.374792,39.071502,39.163509,25.473813,9642572
2015-04-21,39.281176,39.414159,38.759553,38.86914,25.284972,18902188
2015-04-22,38.757091,38.814829,38.259495,38.373592,24.965207,13918556
2015-04-23,38.439844,38.741979,38.283695,38.423766,25.00045,13571182
2015-04-24,38.306946,38.523222,38.095606,38.299811,24.922391,23494307
2015-04-27,38.22476,38.560394,37.895282,38.331993,24.951119,11585961
2015-04-28,38.492193,38.755564,38.198222,38.469921,25.043505,15748367
2015-04-29,38.45852,38.685373,37.24187,37.43927,24.375098,11892651
2015-04-30,37.19174,37.7769,36.841068,37.752254,24.581426,13356692
2015-05-01,37.593525,37.855773,37.213513,37.544182,24.448488,35325455
2015-05-04,37.303912,37.644177,37.107034,37.297806,24.295632,16628028
2015-05-05,37.362546,38.20743,37.253671,37.981945,24.743852,9726980
2015-05-06,37.933215,38.068272,37.651444,37.691858,24.557425,21591943
2015-05-07,37.965264,38.061669,36.791338,36.991041,24.103329,15828599
2015-05-08,37.15188,37.408519,36.491006,36.656461,23.887801,25023374
2015-05-11,36.589364,36.846102,36.425556,36.679717,23.910419,9449482
2015-05-12,36.459768,36.541666,35.945043,36.111052,23.542172,17618147
2015-05-13,36.271088,36.566044,36.193897,36.354134,23.703112,20946623
2015-05-14,36.517184,36.95612,36.24394,36.287405,23.662066,18152408
2015-05-15,36.331666,36.445907,35.446914,36.031687,23.497764,16257878
2015-05-18,36.084418,36.322214,35.909121,36.266465,23.658255,28230451
2015-05-19,36.258182,36.793104,35.968674,36.741448,23.970602,12928033
2015-05-20,36.66304,37.444645,36.595711,37.274888,24.321155,26717301
2015-05-21,37.421419,37.734307,35.781686,35.965122,23.468999,6832884
2015-05-22,35.960542,36.054262,35.516456,35.911356,23.436353,23335782
2015-05-26,35.865824,35.984082,35.602359,35.780546,23.360703,19134874
2015-05-27,35.687207,36.288547,35.490484,35.898006,23.43983,19984229
2015-05-28,35.874133,36.27785,35.707389,36.061243,23.548867,14862686
2015-05-29,35.974489,36.153545,35.8335,35.863191,23.42197,15086535
2015-06-01,35.94419,36.08359,35.518574,35.923204,23.468488,13121745
2015-06-02,35.976049,36.113578,35.704794,35.986381,23.512207,16781488
2015-06-03,36.08038,36.527148,36.007285,36.416405,23.795645,15445928
2015-06-04,36.285583,36.528263,36.250084,36.438776,23.81274,15795725
2015-06-05,36.384232,36.412929,36.251052,36.278661,23.710572,15820413
2015-06-08,36.257606,36.405844,36.181972,36.377232,23.782416,17572830
2015-06-09,36.414153,36.650358,36.276436,36.560356,23.904625,18549418
2015-06-10,36.655833,36.909884,36.433811,36.840916,24.090572,20626797
2015-06-11,36.639566,37.389161,36.602685,37.28308,24.382243,14218440
2015-06-12,37.335405,37.828196,37.079004,37.806171,24.726905,31251404
2015-06-15,37.921505,38.127668,36.696113,36.765647,24.053863,25262944
2015-06-16,36.836097,37.194666,35.975801,36.143646,23.64938,22846472
2015-06-17,36.123515,37.177402,36.051177,36.927873,24.165026,18427283
2015-06-18,36.859155,37.005415,36.687263,36.800509,24.084187,15327486
2015-06-19,36.878299,37.497892,36.662595,37.066926,24.261068,13742326
2015-06-22,36.943499,37.009786,36.555348,36.70751,24.033323,14853937
2015-06-23,36.751598,37.249223,36.608927,36.823641,24.111865,26778437
2015-06-24,36.845762,36.878389,35.755805,36.078023,23.626098,17867264
2015-06-25,35.79055,36.72072,35.704736,36.670561,24.016626,18061144
2015-06-26,36.905461,37.366059,36.78276,37.200548,24.366265,23904395
2015-06-29,37.152614,37.394823,36.96706,37.212977,24.382015,17011017
2015-06-30,37.137257,37.44859,36.992889,37.381003,24.494654,19162414
2015-07-01,37.449176,37.814895,37.024497,37.041987,24.275033,22919473
2015-07-02,37.21593,37.453018,36.130764,36.291012,23.785364,19870894
2015-07-06,36.314165,36.433566,35.91901,35.975931,23.588673,11343654
2015-07-07,36.180235,36.315958,34.944394,35.088958,23.009497,22319285
2015-07-08,34.94663,35.729892,34.777468,35.532783,23.302958,9797728
2015-07-09,35.47268,35.580229,35.061522,35.147951,23.052978,14635980
2015-07-10,34.789553,35.272124,33.958436,34.073971,22.350896,16027927
2015-07-13,34.310516,34.884985,34.248052,34.747487,22.799806,12108675
2015-07-14,34.998098,35.258495,34.699665,34.777524,22.821889,14430401
2015-07-15,34.937358,35.296141,34.869317,35.265554,23.144554,16335815
2015-07-16,35.50539,35.586591,35.089813,35.233504,23.125926,17765134
2015-07-17,34.985894,35.229125,33.982521,34.617507,22.723973,28072175
2015-07-20,34.540066,34.724017,33.761346,33.905648,22.263635,19684422
2015-07-21,34.011011,34.459468,33.926808,34.156655,22.430789,16884912
2015-07-22,33.770393,33.947465,33.329679,33.903072,22.266576,18764534
2015-07-23,33.973512,34.026136,33.183477,33.46579,21.981669,20326142
2015-07-24,33.569888,33.969588,33.020322,33.042313,21.70577,19003603
2015-07-27,33.028145,33.09077,32.615565,32.806564,21.557632,13616158
2015-07-28,32.698033,33.067962,32.361813,32.43313,21.314461,15010816
2015-07-29,32.361685,32.510921,31.827846,32.126237,21.114973,19248883
2015-07-30,32.063106,32.152768,31.560785,31.71356,20.84591,14140526
2015-07-31,31.735845,32.058284,31.25875,31.524702,20.723926,26747551
2015-08-03,31.657595,31.672953,31.520289,31.548257,20.745885,9260435
2015-08-04,31.470742,31.763355,31.457316,31.597175,20.780215,10719564
2015-08-05,31.578224,31.743807,31.549255,31.563852,20.760459,14252986
2015-08-06,31.449007,31.673291,31.39554,31.606294,20.790537,21431389
2015-08-07,31.628381,32.178137,31.540273,32.071675,21.098859,20780004
2015-08-10,32.001647,32.833571,31.766247,32.671553,21.500208,18511235
2015-08-11,32.47472,33.103893,32.084422,32.937708,21.677612,19844333
2015-08-12,32.816955,32.995657,32.718407,32.947999,21.686641,25501065
2015-08-13,33.059528,34.133451,32.951672,33.808533,22.255366,28388809
2015-08-14,33.856619,33.94436,33.391043,33.644326,22.149578,13963026
2015-08-17,33.716437,34.557667,33.489742,34.378546,22.640012,16108401
2015-08-18,34.485044,34.806192,34.278249,34.665755,22.83153,15676214
2015-08-19,34.667709,35.08853,34.522578,34.551033,22.758339,22610537
2015-08-20,34.410509,35.365715,34.186174,35.251096,23.221878,20492159
2015-08-21,35.055414,35.29259,34.898518,34.97201,23.040425,24925922
2015-08-24,34.984261,35.041823,34.75705,34.95755,23.038088,29675154
2015-08-25,35.132659,35.762761,35.013445,35.687094,23.521326,20658601
2015-08-26,35.738238,35.774216,35.569518,35.677332,23.517339,19153045
2015-08-27,35.882683,36.060429,34.759724,35.007381,23.07813,21085493
2015-08-28,34.978905,35.225657,34.069043,34.282957,22.602915,14519400
2015-08-31,34.352672,34.403074,33.476642,33.783428,22.280526,10914657
2015-09-01,34.016819,34.291309,33.549222,33.862666,22.335108,15378478
2015-09-02,33.438522,34.333632,33.340605,34.092039,22.488737,25359447
2015-09-03,34.488708,34.879598,34.319733,34.485638,22.750741,28699292
2015-09-04,34.243934,34.997631,33.287657,33.714034,22.244015,23662485
2015-09-08,34.048652,34.407695,33.368801,33.481101,22.099524,17325355
2015-09-09,33.462393,34.03642,33.319193,33.975148,22.427958,17798332
2015-09-10,33.996678,34.059747,33.39932,33.431451,22.071345,22193273
2015-09-11,33.19679,34.70113,33.182333,34.116235,22.52578,13590141
2015-09-14,34.208263,34.560121,33.912036,34.488394,22.778612,17630321
2015-09-15,34.718476,34.792239,33.263133,33.751716,22.294377,16571357
2015-09-16,33.533517,33.713768,33.268345,33.41115,22.071715,12491403
2015-09-17,33.468971,33.921649,33.395152,33.813445,22.339799,20388251
2015-09-18,34.043427,34.685742,33.898011,34.563266,22.837565,16648123
2015-09-21,34.86178,35.189232,34.719578,35.053494,23.168712,21861946
2015-09-22,35.353151,35.889951,34.989173,35.499372,23.465857,23716853
2015-09-23,35.788736,36.05085,34.449677,34.760107,22.979578,20716911
2015-09-24,34.56767,34.663742,33.505844,33.750723,22.314605,15657669
2015-09-25,33.662463,33.769167,33.462337,33.665687,22.260699,24682822
2015-09-28,33.506448,34.521172,33.209456,34.273943,22.669969,26531700
2015-09-29,33.714128,35.132539,33.531776,35.004428,23.155546,33569021
2015-09-30,34.687141,35.023364,34.373231,34.431154,22.778693,26650680
2015-10-01,34.295596,34.7124,33.528158,33.671401,22.278379,16766488
2015-10-02,33.781751,34.1439,33.464484,33.660986,22.273806,17659872
2015-10-05,33.576291,33.940783,33.297482,33.559031,22.213273,16519439
2015-10-06,33.470922,34.176393,33.272378,33.95992,22.480967,15005608
2015-10-07,33.880601,34.520691,33.660391,34.007463,22.514782,13759378
2015-10-08,34.110163,34.678075,34.025256,34.573085,22.891636,18942535
2015-10-09,34.349392,34.887838,34.215898,34.673729,22.960663,21036478
2015-10-12,34.688641,35.295862,33.645601,33.981678,22.509417,26106011
2015-10-13,34.276921,34.402695,33.235201,33.577302,22.243873,21408120
2015-10-14,33.41622,33.647325,32.662994,33.194578,21.992619,13277020
2015-10-15,33.2596,33.717982,33.19745,33.676589,22.31429,18420981
2015-10-16,33.424865,34.815512,33.260031,34.781475,23.048791,15887211
2015-10-19,34.934167,35.326693,33.831308,34.358002,22.775274,21706245
2015-10-20,34.301867,34.526766,33.448775,33.464879,22.185547,34851763
2015-10-21,33.330376,33.723779,33.255319,33.527287,22.229234,43824429
2015-10-22,33.166495,34.077758,33.052368,33.898795,22.477889,26413184
2015-10-23,33.93678,34.520809,33.634971,34.183706,22.669168,12801275
2015-10-26,34.154075,34.449892,33.988285,34.401374,22.820638,16471394
2015-10-27,34.464955,34.648366,34.354609,34.486193,22.879284,13949768
2015-10-28,34.537529,35.156852,34.494892,34.909287,23.162388,14681919
2015-10-29,34.839643,35.305283,34.727096,35.234841,23.380826,13959530
2015-10-30,35.330331,35.601534,34.988306,35.102219,23.295245,27176228
2015-11-02,34.960412,35.301908,34.761685,34.817838,23.113732,18111305
2015-11-03,34.906858,35.000526,34.624891,34.824384,23.120483,24353672
2015-11-04,34.972153,36.160467,34.795628,35.983088,23.892251,15190986
2015-11-05,36.077907,36.608367,35.950316,36.245122,24.068742,18268782
2015-11-06,36.347414,36.402345,35.964269,36.305667,24.111455,20896892
2015-11-09,36.299972,36.619245,36.16357,36.53617,24.272113,19747741
2015-11-10,36.210678,36.246258,35.912361,36.153978,24.020709,9280744
2015-11-11,36.176126,36.555445,35.930388,36.281065,24.107654,16733627
2015-11-12,36.446601,37.514109,36.384899,37.134963,24.67761,16043347
2015-11-13,37.157764,37.499932,36.959415,37.383141,24.845119,14714783
2015-11-16,37.527669,37.678189,36.494232,37.074423,24.647634,13117480
2015-11-17,36.924351,37.215144,36.52577,36.891275,24.528426,21558322
2015-11-18,36.785511,38.668813,36.573987,38.538387,25.626231,19693476
2015-11-19,38.788883,38.98525,37.613739,37.764874,25.114494,23813659
2015-11-20,37.829854,37.972861,36.549451,36.926491,24.559505,12842408
2015-11-23,37.093198,37.13181,36.193899,36.670664,24.39697,11769854
2015-11-24,36.800431,37.630137,36.776053,37.260738,24.792125,18552467
2015-11-25,36.957676,38.098062,36.705318,37.983188,25.27545,16265726
2015-11-27,38.145844,38.279763,37.527176,37.818878,25.171349,18926316
2015-11-30,37.705436,38.509924,37.483381,38.267085,25.477616,13080686
2015-12-01,38.318097,38.5289,38.194146,38.268635,25.481299,8484063
2015-12-02,38.629181,38.772221,37.095449,37.264714,24.815416,29649253
2015-12-03,37.707106,38.113982,36.763475,36.860202,24.548596,14537302
2015-12-04,36.530243,36.672375,35.984393,36.438634,24.270361,20775633
2015-12-07,36.831183,36.855851,36.290021,36.488125,24.310911,21042577
2015-12-08,36.41765,37.460439,36.24855,37.046143,24.68527,16038027
2015-12-09,37.20127,37.531493,37.032196,37.455391,24.960564,29909655
2015-12-10,37.462235,38.487177,37.105811,38.238057,25.484789,19104251
2015-12-11,38.075989,38.109464,37.640144,37.908101,25.26751,21041036
2015-12-14,37.502768,38.035872,37.350936,37.819806,25.216526,21876343
2015-12-15,38.150786,38.608646,38.047719,38.426915,25.623985,22644691
2015-12-16,38.767613,39.128644,37.860768,38.374026,25.59138,17976481
2015-12-17,38.261558,38.385622,37.466054,37.487445,25.002726,18647256
2015-12-18,37.462621,37.53375,37.296629,37.501221,25.014517,8356890
2015-12-21,37.339465,37.508849,37.226266,37.417566,24.966507,17011218
2015-12-22,37.310285,37.85264,37.020444,37.533792,25.046664,23898751
2015-12-23,37.604098,38.053862,37.323295,37.97077,25.3409,23956686
2015-12-24,37.912174,38.155609,37.773932,38.049536,25.396108,15024937
2015-12-28,37.856489,38.493803,37.656592,38.339685,25.600419,18525990
2015-12-29,38.214387,39.156838,38.092891,38.846181,25.941319,20926782
2015-12-30,38.707494,38.858822,38.677435,38.72763,25.864841,14926631
2015-12-31,38.870155,39.397016,38.719594,39.131619,26.137371,14097714
2016-01-04,39.347746,39.522108,38.643706,38.838543,25.952413,23377546
2016-01-05,38.865438,39.369508,38.538276,39.14491,26.159853,24649929
2016-01-06,39.155769,40.397949,39.135492,40.096375,26.798488,20495307
2016-01-07,40.00198,40.637035,39.706252,40.307376,26.942314,16198536
2016-01-08,39.984676,40.524198,39.964077,40.395117,27.003771,18138827
2016-01-11,40.213786,40.517901,40.146489,40.356542,26.986406,13178326
2016-01-12,40.389125,40.643943,39.390723,39.416089,26.360268,17614892
2016-01-13,39.598837,40.261984,39.574401,39.798324,26.618664,18038461
2016-01-14,39.765937,39.853865,38.964827,39.140822,26.181625,19555579
2016-01-15,39.275958,39.500828,38.888644,38.921791,26.037822,20017230
2016-01-19,39.247621,39.430095,37.971535,38.198256,25.564429,21372449
2016-01-20,38.153094,38.908208,38.125358,38.81057,25.976927,21468352
2016-01-21,38.938739,39.729523,38.589219,39.297961,26.305887,10712561
2016-01-22,39.082631,40.034327,38.705579,39.413627,26.386058,34678486
2016-01-25,39.579706,39.923461,39.525417,39.835688,26.676939,17870534
2016-01-26,39.985253,40.261801,38.709926,38.845269,26.016387,22527777
2016-01-27,38.884401,38.923564,38.667953,38.83284,26.010769,18832041
2016-01-28,38.667385,39.066807,38.095115,38.836959,26.016234,9617301
2016-01-29,39.017277,39.315,38.539,39.27554,26.31277,30198905
2016-02-01,38.82407,38.950152,37.984482,38.048187,25.498458,13089921
2016-02-02,38.139462,38.261183,37.533579,37.69106,25.261753,17874524
2016-02-03,37.57526,37.708644,36.595781,37.0899,24.861423,23388496
2016-02-04,36.861194,37.401094,36.72982,37.042395,24.832163,26602960
2016-02-05,37.02501,37.601195,36.713328,37.539509,25.168033,29401728
2016-02-08,37.503976,37.623578,36.537275,36.623228,24.561385,32804547
2016-02-09,36.639531,36.924868,36.02371,36.246393,24.31119,13553789
2016-02-10,36.209754,36.583308,36.06479,36.088301,24.207672,17050096
2016-02-11,36.316405,36.500993,35.573156,35.834748,24.040093,17706581
2016-02-12,35.940649,35.989651,35.55375,35.699388,23.951777,20607948
2016-02-16,35.896778,35.968114,35.751116,35.782097,24.017262,10648147
2016-02-17,35.553659,35.691864,35.07608,35.128189,23.580806,13421261
2016-02-18,34.962946,35.277901,34.792088,35.0942,23.560441,16820263
2016-02-19,35.006938,35.185037,34.590549,34.70297,23.300213,16466637
2016-02-22,34.723384,35.757956,34.480284,35.648078,23.942248,17283336
2016-02-23,35.58223,35.694912,35.433907,35.640246,23.939478,20668185
2016-02-24,35.752807,35.961954,35.158622,35.413387,23.789572,16157310
2016-02-25,35.435271,36.04237,35.402374,35.921547,24.133448,12489954
2016-02-26,36.054082,36.204869,35.565752,35.825023,24.071104,11387768
2016-02-29,35.887965,36.462382,35.843683,36.295149,24.394598,9802165
2016-03-01,36.247194,36.663468,35.983936,36.514868,24.544828,14989796
2016-03-02,36.785089,37.026495,35.892701,36.139942,24.295335,29502183
2016-03-03,35.969038,36.021995,35.726701,35.940107,24.163509,14834398
2016-03-04,35.745626,35.975755,35.613551,35.879219,24.125082,32275516
2016-03-07,35.814104,35.900487,34.973757,35.150422,23.642419,16498438
2016-03-08,35.175881,35.78557,35.127537,35.500395,23.880298,26044581
2016-03-09,35.455368,35.981433,35.285026,35.813365,24.093332,26838254
2016-03-10,35.637956,35.729736,35.001817,35.084514,23.605455,16514888
2016-03-11,35.216752,35.439998,34.991045,35.256339,23.72353,21003522
2016-03-14,35.270896,35.563676,35.127267,35.251275,23.727527,10929703
2016-03-15,35.221473,35.684851,35.061207,35.580672,23.951735,21631000
2016-03-16,35.751614,35.824672,35.574642,35.681609,24.022182,20061018
2016-03-17,35.631447,35.832597,35.532123,35.713544,24.046183,27105264
2016-03-18,35.858164,35.947445,35.339422,35.501529,23.905919,9307084
2016-03-21,35.72484,36.554979,35.55726,36.240667,24.411256,24811332
2016-03-22,36.174821,36.427989,35.806815,36.119259,24.332008,20947743
2016-03-23,36.381735,36.515513,36.106264,36.174138,24.371513,18884615
2016-03-24,36.188362,36.766384,35.875796,36.560898,24.634647,35606515
2016-03-28,36.288267,36.441783,35.789234,36.063934,24.309908,15479729
2016-03-29,36.096709,36.454307,35.654298,36.031819,24.290787,13077771
2016-03-30,35.818806,36.635801,35.760506,36.516305,24.619964,16406293
2016-03-31,36.631823,37.043273,35.456943,35.651052,24.039095,21449966
2016-04-01,35.299944,36.015185,34.979195,35.923271,24.225169,10288709
2016-04-04,35.847145,36.058197,35.806103,35.999937,24.284448,12479399
2016-04-05,35.809039,36.056994,34.865234,35.195254,23.744104,27769546
2016-04-06,35.011193,35.147155,34.509045,34.667768,23.390674,20184083
2016-04-07,34.831926,34.960529,34.502046,34.598131,23.346119,10065977
2016-04-08,34.559589,35.413572,34.514838,34.89375,23.548046,12248817
2016-04-11,35.244113,35.449865,34.572173,34.937077,23.584645,15701886
2016-04-12,35.212425,35.284313,33.87069,34.234823,23.112986,12278056
2016-04-13,34.393747,34.4099,32.942501,33.075414,22.332556,18656922
2016-04-14,33.083945,33.225688,32.53989,32.656124,22.051745,13588978
2016-04-15,32.617501,32.706745,32.0863,32.226396,21.763826,18918158
2016-04-18,32.008826,32.035809,30.449345,30.571615,20.652729,12902728
2016-04-19,30.463274,30.885635,29.979816,30.045927,20.299711,13520464
2016-04-20,30.07587,30.113354,29.858253,29.914017,20.212692,15724309
2016-04-21,30.011182,30.187476,29.663235,30.157277,20.379182,31067690
2016-04-22,30.119813,30.433475,29.65744,29.7183,20.084627,18668674
2016-04-25,29.490129,29.815233,28.957025,29.177353,19.725192,8763901
2016-04-26,29.486206,29.560304,28.78925,28.883274,19.528413,18445838
2016-04-27,29.019134,29.059122,28.603323,28.702254,19.408042,21796803
2016-04-28,28.60907,28.747552,28.585609,28.619799,19.3543,17475391
2016-04-29,28.728279,29.206085,28.557207,28.807856,19.483502,20708019
2016-05-02,28.95331,29.391021,28.662123,29.195019,19.751514,15142185
2016-05-03,28.866788,30.064348,28.746845,29.742061,20.123702,20661509
2016-05-04,29.633332,29.758399,29.608243,29.655302,20.067088,15219230
2016-05-05,29.420159,29.814904,29.384962,29.659067,20.071723,16224046
2016-05-06,29.889275,30.385301,29.782875,30.235108,20.463687,16554768
2016-05-09,30.28153,30.346609,30.211451,30.261668,20.488057,27508725
2016-05-10,29.998792,30.83694,29.877955,30.788845,20.84714,10419577
2016-05-11,30.659704,31.075558,30.097744,30.930791,20.945431,15668803
2016-05-12,31.268927,31.401032,30.725188,30.837168,20.884205,15892400
2016-05-13,30.905583,31.341979,30.882447,30.934325,20.952183,19647537
2016-05-16,31.022354,31.328468,30.035086,30.358736,20.568749,17806020
2016-05-17,30.075805,30.804689,30.01648,30.613031,20.743198,24141082
2016-05-18,30.467617,30.886064,30.251038,30.66952,20.783636,11119080
2016-05-19,30.703332,31.176133,30.267379,30.729254,20.826283,14333243
2016-05-20,31.044973,31.440019,30.803521,30.88877,20.93657,20322223
2016-05-23,30.881656,30.996919,30.373652,30.84739,20.915049,10578577
2016-05-24,31.013734,31.690956,30.594607,31.554927,21.396998,18976944
2016-05-25,31.517926,32.335306,31.065403,32.15187,21.804045,19039928
2016-05-26,32.201125,32.235525,31.854319,31.935183,21.659351,17484062
2016-05-27,32.014808,32.045835,31.123369,31.272487,21.212098,19962785
2016-05-31,31.146181,31.263564,30.183698,30.727448,20.851074,17950505
2016-06-01,30.658875,31.227817,30.450679,30.961671,21.0122,16814813
2016-06-02,30.842874,31.345305,30.308684,31.208864,21.182161,11184860
2016-06-03,31.535481,31.720452,30.972451,31.238963,21.204796,16463898
2016-06-06,31.399523,31.527082,30.328076,30.629685,20.797713,17004237
2016-06-07,30.722139,30.826846,30.351373,30.777178,20.900035,20172706
2016-06-08,31.195836,31.288002,30.05666,30.313153,20.587069,24223152
2016-06-09,30.571777,30.839723,30.281825,30.33977,20.607289,15910661
2016-06-10,30.54748,30.829375,30.39036,30.514465,20.728102,10582121
2016-06-13,30.676817,30.709976,30.284147,30.532082,20.746543,18889168
2016-06-14,30.362061,30.639177,29.926021,29.954621,20.356277,22176750
2016-06-15,30.141841,30.793984,29.851667,30.73836,20.891056,21382073
2016-06-16,30.622464,30.746265,29.858926,30.032011,20.413115,13483223
2016-06-17,29.995084,30.116309,29.906306,30.069168,20.440498,16925450
2016-06-20,30.043962,30.39876,29.838787,30.266328,20.580947,24734176
2016-06-21,30.155084,30.476654,30.027351,30.098987,20.469285,14295961
2016-06-22,29.88141,30.728706,29.752957,30.575185,20.795294,17727162
2016-06-23,30.595272,30.637764,30.208763,30.279782,20.596522,14507500
2016-06-24,30.353663,30.614969,30.090391,30.419224,20.693525,18832946
2016-06-27,30.553978,30.69242,29.658384,29.708899,20.216616,25285829
2016-06-28,29.88657,30.074373,28.714203,28.987882,19.728023,16614193
2016-06-29,28.743607,29.527726,28.717832,29.48573,20.068926,14996561
2016-06-30,29.461018,29.651986,29.005359,29.023182,19.756157,17102718
2016-07-01,29.045769,29.114695,28.85737,29.04048,19.769989,22560033
2016-07-05,29.037461,29.208271,28.838925,29.144416,19.849004,14164779
2016-07-06,29.276721,29.612147,28.697108,28.876933,19.668879,20198677
2016-07-07,28.860399,28.94809,28.400785,28.444065,19.376056,14785862
2016-07-08,28.221505,28.515857,27.991521,28.453316,19.384374,23566831
2016-07-11,28.655364,28.681096,27.923044,28.042586,19.110521,10983079
2016-07-12,27.993807,28.061792,27.660333,27.799861,18.947079,30185656
2016-07-13,27.560311,28.232405,27.311667,28.033912,19.108585,15495704
2016-07-14,27.784351,29.497756,27.736797,29.067187,19.814951,23705917
2016-07-15,29.094972,29.158305,29.066447,29.125833,19.856996,25363849
2016-07-18,29.05944,30.107592,28.833387,29.820903,20.337217,31826531
2016-07-19,30.083878,30.740516,29.93442,30.633152,20.893327,17831182
2016-07-20,30.684374,31.430953,30.61462,31.345536,21.381433,20797268
2016-07-21,31.509396,31.993993,31.181557,31.60698,21.562012,24870811
2016-07-22,31.511195,31.573022,30.65195,31.212039,21.294802,15685648
2016-07-25,31.352636,31.570408,31.182505,31.28165,21.348958,15775422
2016-07-26,31.168128,32.321829,30.719253,32.215668,21.988689,19868345
2016-07-27,32.119736,32.136952,31.42429,31.638918,21.597278,44094783
2016-07-28,31.939188,32.560394,31.709403,32.351919,22.086282,17272522
2016-07-29,32.469681,32.649161,32.254299,32.579918,22.244249,28110512
2016-08-01,32.748721,33.310448,32.519139,33.132213,22.628395,17111048
2016-08-02,33.20022,34.102814,32.889916,33.959279,23.195671,24228873
2016-08-03,33.804642,34.324768,33.467037,33.948342,23.190613,20523508
2016-08-04,33.875216,34.069318,33.488098,33.903593,23.162454,25943172
2016-08-05,34.031465,34.420093,33.488549,33.516815,22.900596,14238742
2016-08-08,33.182817,33.408532,32.300351,32.793827,22.413604,17884999
2016-08-09,32.826092,32.942128,32.471994,32.671511,22.332327,16404361
2016-08-10,32.759136,32.905881,31.33323,31.796101,21.73621,32076578
2016-08-11,31.685704,31.784694,31.292257,31.433597,21.490634,24545403
2016-08-12,31.393982,32.008131,31.36735,31.972059,21.861045,14399136
2016-08-15,31.808425,31.867777,31.323231,31.696646,21.679496,23436305
2016-08-16,31.730459,32.359081,31.514912,32.15418,21.994723,11427441
2016-08-17,32.301689,33.066119,31.908373,32.769381,22.417876,20450346
2016-08-18,33.074768,33.300093,31.981633,32.31575,22.109843,18028138
2016-08-19,32.151438,32.726331,31.808324,32.626795,22.324977,9728775
2016-08-22,32.839276,32.990024,32.046984,32.354218,22.145377,19329287
2016-08-23,32.508996,32.675085,32.158881,32.32843,22.130027,13941981
2016-08-24,32.154683,33.538055,31.920336,32.958406,22.563617,12647798
2016-08-25,32.762531,33.050869,32.574536,32.798207,22.45628,16570370
2016-08-26,32.679153,32.913367,32.171673,32.622676,22.338421,27279349
2016-08-29,33.074958,33.350702,31.854121,32.211542,22.063782,20735843
2016-08-30,32.365916,32.536956,31.802518,31.826563,21.802353,24371130
2016-08-31,31.675693,31.855626,30.738049,30.985642,21.228499,16547323
2016-09-01,30.829925,30.941547,30.313933,30.385176,20.819282,25303398
2016-09-02,30.439108,31.386299,30.186339,31.282081,21.436052,18853788
2016-09-06,31.455272,31.767788,31.304236,31.530519,21.615288,14545046
2016-09-07,31.788932,32.199685,31.520756,32.01438,21.949275,22036146
2016-09-08,32.028763,32.096713,31.860381,31.883663,21.861929,9018893
2016-09-09,32.038998,32.137693,31.470663,31.952137,21.91116,17850230
2016-09-12,31.854465,33.075581,31.683799,33.020421,22.650803,24099483
2016-09-13,33.016438,33.125952,32.736762,33.086428,22.698443,12533728
2016-09-14,33.095601,33.186406,32.922171,33.02111,22.65599,18391105
2016-09-15,33.259028,33.445155,32.67598,32.868518,22.553642,21940886
2016-09-16,33.18557,33.551029,32.00867,32.066652,22.005708,18264294
2016-09-19,31.943268,32.254345,31.800484,32.075433,22.018606,30037696
2016-09-20,32.045194,32.354742,31.832792,32.20636,22.110782,13822502
2016-09-21,32.203585,32.448237,32.124311,32.257687,22.148325,21524086
2016-09-22,32.499777,32.682299,32.084822,32.467297,22.294563,13025863
2016-09-23,32.652195,32.68344,31.836227,32.001966,21.977317,14622604
2016-09-26,31.834417,31.881262,31.420631,31.66228,21.750826,13466316
2016-09-27,31.808274,31.979702,31.409501,31.514255,21.651391,17260891
2016-09-28,31.543948,31.832766,31.498693,31.77847,21.835187,17809853
2016-09-29,31.810606,32.092399,31.734952,31.94245,21.950142,11974694
2016-09-30,31.850881,32.264325,31.712928,32.221739,22.144367,19729246
2016-10-03,32.290527,32.412867,31.985081,32.093826,22.063344,12082572
2016-10-04,32.129646,32.472752,31.840301,32.360576,22.24904,12257962
2016-10-05,32.424306,32.763852,32.240273,32.723697,22.50104,25767063
2016-10-06,32.63345,32.874098,32.606312,32.750102,22.521539,22380075
2016-10-07,32.587896,33.088501,32.335475,32.972564,22.67688,25792428
2016-10-10,33.12576,33.877268,32.782271,33.79044,23.246629,24781564
2016-10-11,33.772796,33.921862,33.351066,33.535388,23.073563,21441446
2016-10-12,33.838866,34.015598,32.86262,33.202049,22.84659,28990807
2016-10-13,33.160014,33.516709,32.881695,33.069045,22.757436,26094388
2016-10-14,33.111012,33.350545,32.40111,32.455637,22.337625,24072441
2016-10-17,32.522822,32.823652,32.19011,32.27064,22.217234,15951884
2016-10-18,32.33836,32.417126,32.01861,32.161701,22.144537,18348342
2016-10-19,32.086426,32.254603,31.741686,31.809472,21.904293,13796463
2016-10-20,31.967544,32.195448,30.790535,30.951832,21.315932,23293377
2016-10-21,30.727152,30.898079,30.631855,30.844727,21.244381,15484066
2016-10-24,30.751133,31.331054,30.735163,31.198622,21.494835,10377193
2016-10-25,30.971607,31.434013,30.942026,31.37576,21.619126,10747903
2016-10-26,31.441565,31.978606,31.368801,31.670305,21.824349,29477349
2016-10-27,31.721926,31.832129,31.676171,31.789288,21.908622,29484605
2016-10-28,31.79378,32.574557,31.488393,32.276381,22.246632,21482765
2016-10-31,32.549325,32.724859,32.004772,32.164691,22.17657,22172068
2016-11-01,32.288465,32.529231,31.300889,31.477906,21.70531,24668779
2016-11-02,31.584982,31.964891,31.017587,31.071063,21.427005,22845057
2016-11-03,31.322425,31.612831,30.842273,31.162877,21.492556,16716510
2016-11-04,31.106753,31.463765,30.932705,31.030495,21.403481,23105953
2016-11-07,30.8972,31.002263,30.881631,30.925345,21.337613,18214043
2016-11-08,30.900274,31.495806,30.611284,31.158547,21.500752,24183773
2016-11-09,31.264,31.583051,31.187658,31.533065,21.76145,18312034
2016-11-10,31.60677,31.619747,30.957056,31.065106,21.440735,21926692
2016-11-11,31.114757,31.231577,30.87641,31.045026,21.429105,15012301
2016-11-14,31.217604,31.31168,30.655288,30.735641,21.222171,18277784
2016-11-15,30.966805,31.565498,30.915267,31.371848,21.66371,12854529
2016-11-16,31.51473,31.810489,31.247885,31.261804,21.589966,25366358
2016-11-17,31.552514,31.730732,30.915524,31.033413,21.434465,27232566
2016-11-18,31.177524,31.447136,30.609777,30.822309,21.290872,21507642
2016-11-21,30.884689,31.028185,30.565962,30.737918,21.239206,19464617
2016-11-22,30.600585,30.97067,30.586113,30.643655,21.176276,15170379
2016-11-23,30.518293,30.588325,30.150898,30.277004,20.925079,25266743
2016-11-25,30.187008,30.220951,29.131926,29.516486,20.403714,24340382
2016-11-28,29.627421,30.392057,29.495906,30.150122,20.84823,13100263
2016-11-29,30.084825,30.321119,29.955167,30.058184,20.786819,24587766
2016-11-30,30.252569,30.448053,30.152669,30.195206,20.88375,19906845
2016-12-01,29.98599,31.330132,29.436964,31.132456,21.534215,20651539
2016-12-02,31.090637,31.576519,30.95373,31.557781,21.830682,16541758
2016-12-05,31.952854,32.076835,31.254349,31.35708,21.698615,19013100
2016-12-06,31.26457,32.218238,31.175119,32.049158,22.17983,16587610
2016-12-07,31.903695,32.411393,31.598637,32.273948,22.337721,18172163
2016-12-08,31.867693,32.56514,31.854846,32.503936,22.499243,14571466
2016-12-09,32.409592,32.573071,31.349288,31.443384,21.767393,15662720
2016-12-12,31.268624,31.44621,30.960977,31.026868,21.485755,16371291
2016-12-13,31.330924,31.795045,30.316972,30.557143,21.162677,33259112
2016-12-14,30.693152,30.894595,30.087143,30.145771,20.87995,18724148
2016-12-15,30.196333,30.37336,30.155524,30.311351,20.99682,22237872
2016-12-16,30.34679,31.020755,30.195595,30.725535,21.285942,7033524
2016-12-19,30.819907,30.902206,30.352291,30.62213,21.220927,13151387
2016-12-20,30.681289,30.956968,30.558784,30.700636,21.277545,37608206
2016-12-21,30.494127,31.199174,30.36336,31.095805,21.553665,15538790
2016-12-22,31.232283,31.628114,31.145004,31.396656,21.764461,30470847
2016-12-23,31.299704,32.080977,31.156362,31.6676,21.954565,13868240
2016-12-27,31.723051,32.021147,31.463398,31.628961,21.936905,31096243
2016-12-28,31.522736,32.128916,31.294125,31.790003,22.050893,27261012
2016-12-29,31.946149,32.070225,31.77383,31.810168,22.067176,19317336
2016-12-30,31.725196,31.991307,31.64636,31.912231,22.140282,17348683
2017-01-03,31.773709,33.015194,31.596844,32.817534,22.777846,17857688
2017-01-04,32.798665,33.018493,32.312794,32.709656,22.705333,22101905
2017-01-05,32.735912,32.938651,32.555834,32.721449,22.715882,12581321
2017-01-06,32.885587,33.239249,32.743486,33.192338,23.04518,24206739
2017-01-09,33.149307,33.213168,32.576272,32.971934,22.899301,14306971
2017-01-10,32.838069,33.108256,32.270728,32.421267,22.519201,16196958
2017-01-11,32.412288,32.781254,32.331547,32.721315,22.729973,22813140
2017-01-12,32.726974,32.793447,32.553311,32.657211,22.687804,21206068
2017-01-13,32.759738,32.826537,32.214744,32.297757,22.440416,16540361
2017-01-17,32.151034,32.345339,31.896327,32.021613,22.257813,12496807
2017-01-18,31.790086,32.361287,31.620216,32.207133,22.389095,23006025
2017-01-19,32.218415,32.23672,31.717901,31.900849,22.178485,16346742
2017-01-20,31.732172,32.296964,31.526427,32.274393,22.44052,12529188
2017-01-23,32.062534,32.277052,31.569999,31.969588,22.235527,26979858
2017-01-24,31.964734,32.399188,31.480343,31.521941,21.92646,17420088
2017-01-25,31.42747,31.927335,31.361164,31.74724,22.085474,26269648
2017-01-26,31.64745,31.677655,31.460629,31.572884,21.966466,33137619
2017-01-27,31.52239,31.560477,30.846056,30.959535,21.541976,15622865
2017-01-30,30.978151,31.175551,30.777801,31.031947,21.599101,17688647
2017-01-31,31.008329,31.275475,30.776676,31.177987,21.703007,18190767
2017-02-01,31.336984,32.160336,31.1154,32.019011,22.290764,27576294
2017-02-02,32.030835,32.142749,31.653609,31.6774,22.055238,14766740
2017-02-03,31.671652,31.732629,31.602906,31.701728,22.074472,11978615
2017-02-06,32.011846,32.403548,31.985661,32.233381,22.451678,15379560
2017-02-07,32.238376,32.46309,32.09064,32.313282,22.509674,13796504
2017-02-08,32.071878,32.112106,31.34641,31.604406,22.018156,18315880
2017-02-09,31.532868,31.617789,30.99861,31.346541,21.840779,19965212
2017-02-10,31.321086,31.403026,30.956578,31.09479,21.667625,13597380
2017-02-13,30.939836,31.180555,30.698815,30.861627,21.511864,17687245
2017-02-14,31.128069,31.140629,30.09227,30.253896,21.090444,24903683
2017-02-15,30.070894,30.445998,29.823541,30.13838,21.012102,27001595
2017-02-16,29.994001,30.285576,29.793037,30.028977,20.938006,25897809
2017-02-17,29.957418,30.912479,29.885239,30.897442,21.545793,15896340
2017-02-21,30.839342,31.90055,30.60806,31.748777,22.148672,12014676
2017-02-22,31.843021,32.215884,31.766261,32.201436,22.466794,17702766
2017-02-23,32.302393,32.749074,31.952486,32.540623,22.705806,21430624
2017-02-24,32.594511,33.191402,32.56106,32.934552,22.983068,35146061
2017-02-27,32.949829,33.150007,32.716931,33.095096,23.102312,22019909
2017-02-28,33.070566,33.88748,32.859293,33.725504,23.544823,26162812
2017-03-01,34.067023,34.234049,33.640064,33.67204,23.509943,14095221
2017-03-02,33.586365,34.034011,33.455634,33.920517,23.685895,17779419
2017-03-03,33.982612,34.171595,33.436202,33.614848,23.474896,21027738
2017-03-06,33.623417,33.921317,33.547646,33.623078,23.487973,22871347
2017-03-07,33.454486,33.673364,33.203592,33.557951,23.444917,16030945
2017-03-08,33.539319,33.860848,32.993261,33.245468,23.22902,20469509
2017-03-09,33.351528,33.390786,32.614148,32.879542,22.975734,29074669
2017-03-10,32.84463,32.930063,32.348565,32.515955,22.724029,32497179
2017-03-13,32.457565,32.514267,31.473559,31.609697,22.097579,20943474
2017-03-14,31.701644,31.849782,31.613973,31.821788,22.248161,22488546
2017-03-15,31.823353,32.374316,31.682788,32.133488,22.468423,17080195
2017-03-16,32.144037,32.554521,31.986209,32.366703,22.633847,16258965
2017-03-17,32.355481,33.179118,32.315439,32.98084,23.065709,25033852
2017-03-20,33.078988,33.333268,33.052292,33.316009,23.307389,15678692
2017-03-21,33.32103,33.35163,32.377781,32.589543,22.801536,33242372
2017-03-22,32.379558,32.462685,32.308246,32.328425,22.621196,27560764
2017-03-23,32.448155,32.479941,31.973418,32.386745,22.664362,21676961
2017-03-24,32.531091,32.637628,32.205634,32.338729,22.633115,14840412
2017-03-27,32.225746,33.334632,31.999575,32.953924,23.070875,15211170
2017-03-28,32.765962,32.81553,32.301919,32.40597,22.689615,20365521
2017-03-29,32.657275,32.699723,32.436885,32.497242,22.755889,14955147
2017-03-30,32.682731,32.726573,31.687243,31.720403,22.214225,8408733
2017-03-31,31.79139,32.373856,31.615361,32.093196,22.477635,18364589
2017-04-03,32.298488,32.368658,32.035101,32.241837,22.588791,17938309
2017-04-04,32.134792,32.231117,31.862757,32.120663,22.506237,21725254
2017-04-05,31.959591,32.1217,31.869433,31.963009,22.398102,13985692
2017-04-06,31.833923,32.022549,31.480869,31.508428,22.081852,19671748
2017-04-07,31.3703,31.601511,31.066908,31.136769,21.823655,27138488
2017-04-10,31.248209,31.658222,31.112589,31.544459,22.116305,32248062
2017-04-11,31.517354,32.276409,31.312287,32.084779,22.497472,11361358
2017-04-12,32.438235,32.487066,31.47153,31.81299,22.309218,22406374
2017-04-13,31.789321,32.228432,31.750131,32.013649,22.452268,10476486
2017-04-17,31.963764,32.37644,31.621636,31.673527,22.222975,26851727
2017-04-18,31.779835,32.171758,31.699726,31.764878,22.289388,19535967
2017-04-19,31.807205,31.976896,31.429991,31.654293,22.214102,22691371
2017-04-20,31.822661,31.862209,31.476731,31.556468,22.147755,19454971
2017-04-21,31.710579,32.063705,31.638606,31.890617,22.384605,19176843
2017-04-24,31.806007,32.489983,31.628214,32.466871,22.796202,13845624
2017-04-25,32.397348,32.627764,32.177783,32.413397,22.761024,17023146
2017-04-26,32.278485,32.903768,32.179574,32.810764,23.042456,24914414
2017-04-27,32.785446,33.018473,32.208303,32.246308,22.648404,16765735
2017-04-28,32.05761,32.221615,31.637347,31.719917,22.281008,16527336
2017-05-01,31.717311,32.145626,31.461025,32.067456,22.532161,23118103
2017-05-02,32.108824,32.219581,31.789596,31.858823,22.387895,10794147
2017-05-03,31.955205,32.284261,31.86742,32.067759,22.537063,15506656
2017-05-04,32.017698,32.521614,31.839254,32.239037,22.659794,14207171
2017-05-05,32.304065,32.389844,32.029359,32.091188,22.558222,16495453
2017-05-08,32.137016,32.31975,31.541085,31.644146,22.250922,19172097
2017-05-09,31.62662,31.723303,31.096024,31.253377,21.978435,33328518
2017-05-10,31.322297,31.543365,31.222401,31.529666,22.175038,16746041
2017-05-11,31.22175,31.405171,30.930087,31.007369,21.809971,17325013
2017-05-12,30.995232,31.032358,30.341913,30.497963,21.453897,12936449
2017-05-15,30.696805,30.73372,30.505248,30.617201,21.544499,16192780
2017-05-16,30.589207,30.819083,30.473584,30.623035,21.550846,10875753
2017-05-17,30.649147,31.308938,30.507172,31.155003,21.927498,17656004
2017-05-18,31.250992,31.350535,30.803904,31.254611,21.999892,14356692
2017-05-19,31.288555,31.486011,31.239417,31.375184,22.087061,19479351
2017-05-22,31.535119,31.581837,31.356974,31.475346,22.164488,19513078
2017-05-23,31.568434,31.937182,31.544511,31.87109,22.4455,28626603
2017-05-24,31.802077,32.740587,31.734961,32.560087,22.933118,13184784
2017-05-25,32.714382,32.781517,32.354587,32.466384,22.869499,22939082
2017-05-26,32.443264,32.839269,32.210557,32.645738,22.99823,10319944
2017-05-30,32.783451,32.932396,32.493437,32.522061,22.920639,26384486
2017-05-31,32.565637,32.584281,31.985178,32.097615,22.623855,16685541
2017-06-01,32.163231,32.179214,31.136052,31.316231,22.075397,21911023
2017-06-02,31.042113,31.325893,30.964827,31.273558,22.047609,27504039
2017-06-05,31.368841,31.422054,30.885352,30.921856,21.806467,15505008
2017-06-06,31.092133,31.374954,30.625047,30.715855,21.663446,23636400
2017-06-07,30.706298,31.479332,30.589965,31.022756,21.882176,15572964
2017-06-08,31.100714,31.513455,30.803313,31.467615,22.19827,17631483
2017-06-09,31.50554,31.67359,30.669364,30.793682,21.725116,12640484
2017-06-12,30.760924,30.863823,29.614835,29.771795,21.010726,22290437
2017-06-13,29.57652,30.24188,29.182727,30.177377,21.299171,28132751
2017-06-14,29.988784,30.288382,29.272676,29.6935,20.959832,22751483
2017-06-15,29.90947,30.15707,29.52366,29.731818,20.989063,21206809
2017-06-16,29.646897,29.792958,29.205093,29.21845,20.628799,25275903
2017-06-19,29.178251,29.248149,28.315965,28.60864,20.204566,18193118
2017-06-20,28.594759,28.615311,28.152873,28.318535,20.001763,32074780
2017-06-21,28.167188,29.320652,28.053841,28.885679,20.404467,24222134
2017-06-22,29.037067,29.134992,28.02636,28.495005,20.130595,33290510
2017-06-23,28.514551,28.858652,28.060612,28.408568,20.071619,30408368
2017-06-26,28.516143,28.818559,28.029303,28.715881,20.295079,24809130
2017-06-27,28.610092,28.722639,28.341019,28.458242,20.115084,9661748
2017-06-28,28.420305,28.759316,27.417744,27.557495,19.480437,25545169
2017-06-29,27.446918,27.718688,27.05004,27.372333,19.351559,19097898
2017-06-30,27.464319,27.955865,26.888935,26.901768,19.02086,20266943
2017-07-03,26.781489,26.848617,25.819304,26.07257,18.440332,24030223
2017-07-05,25.785061,26.084775,25.290813,25.609278,18.116429,21508797
2017-07-06,25.467182,26.208833,25.456355,26.030184,18.416101,19328048
2017-07-07,25.937216,25.947764,25.206933,25.322366,17.91719,19435489
2017-07-10,25.397346,25.490198,24.938473,25.165535,17.81178,15725211
2017-07-11,25.033032,25.450912,24.950368,25.075032,17.74957,13214687
2017-07-12,25.244503,25.29888,24.787467,24.885478,17.617226,18624843
2017-07-13,24.982058,25.017233,24.214471,24.294662,17.200758,21091883
2017-07-14,24.474924,24.666889,24.099908,24.15751,17.105433,10195553
2017-07-17,24.140148,24.342213,23.834643,24.017223,17.011407,17966456
2017-07-18,24.03389,24.370693,23.84128,24.246906,17.175879,18888388
2017-07-19,24.187074,24.275299,24.042416,24.079501,17.059068,19878848
2017-07-20,24.095692,24.451318,23.60181,23.787314,16.853822,20792521
2017-07-21,23.941044,23.969863,23.762401,23.809554,16.871335,12107791
2017-07-24,23.929275,24.370024,23.842233,24.285515,17.21397,22735195
2017-07-25,24.126273,24.199442,23.604514,23.690149,16.793712,32567945
2017-07-26,23.654602,23.727074,22.770756,22.990588,16.299496,28526283
2017-07-27,23.205418,23.385466,22.800319,23.033926,16.33192,14232621
2017-07-28,23.130042,23.245941,22.546252,22.656369,16.06589,15940373
2017-07-31,22.704402,22.721098,22.592537,22.644521,16.0625,33629386
2017-08-01,22.710576,23.417948,22.529514,23.249556,16.493387,26540976
2017-08-02,23.268612,23.501367,23.220534,23.454341,16.640394,8425744
2017-08-03,23.493979,23.657609,23.254432,23.27524,16.515044,12584417
2017-08-04,23.017181,23.800138,22.933521,23.678876,16.803194,13031023
2017-08-07,23.626489,23.662312,23.312536,23.344189,16.570862,12595899
2017-08-08,23.459136,23.605097,23.195151,23.481262,16.669897,13219740
2017-08-09,23.316414,24.222406,23.212944,23.90749,16.974252,13306186
2017-08-10,23.82371,23.918553,23.778308,23.862483,16.94406,12136063
2017-08-11,23.893155,24.166623,23.733544,24.134365,17.138899,24283804
2017-08-14,24.002244,24.372794,23.818412,24.11341,17.129363,11449335
2017-08-15,24.081949,24.131186,23.756088,23.980038,17.036392,14164480
2017-08-16,24.142111,24.193304,23.18821,23.314664,16.565407,23697693
2017-08-17,23.266588,23.676767,22.953323,23.528632,16.719174,14780712
2017-08-18,23.505901,23.668237,23.335103,23.43205,16.652276,22741491
2017-08-21,23.204504,24.580551,23.023689,24.302337,17.276148,24014489
2017-08-22,24.212162,24.61227,23.963951,24.039656,17.09119,10430029
2017-08-23,24.022854,24.055987,23.86583,24.044171,17.096178,18126024
2017-08-24,23.780563,24.107174,23.320889,23.707799,16.858761,20544331
2017-08-25,23.892581,24.059009,23.858189,24.031024,17.090386,19646636
2017-08-28,24.224716,24.758758,24.105045,24.58687,17.491151,15220304
2017-08-29,24.51657,25.524825,24.321821,25.500883,18.14327,20171882
2017-08-30,25.480069,25.519643,25.166397,25.306041,18.006517,17004181
2017-08-31,25.208727,25.793112,25.193526,25.625901,18.236011,21098355
2017-09-01,25.383838,25.406491,25.092635,25.176959,17.918397,12220167
2017-09-05,25.305782,25.512752,24.476263,24.561192,17.487433,19219969
2017-09-06,24.62004,25.038519,24.525058,24.989976,17.794576,38915460
2017-09-07,25.09812,25.506653,25.066833,25.426298,18.107151,25885108
2017-09-08,25.381055,26.058163,25.30424,25.982215,18.504968,15689298
2017-09-11,25.941996,26.954945,25.567335,26.534246,18.904033,18310403
2017-09-12,26.399563,26.712926,26.076974,26.661895,18.996951,30908741
2017-09-13,26.590502,26.750241,26.411379,26.717095,19.038263,7847262
2017-09-14,26.607354,27.124005,26.453644,26.923424,19.187287,17964095
2017-09-15,26.894261,27.310649,26.094748,26.141584,18.632037,16067084
2017-09-18,26.13833,26.352463,25.834097,25.871515,18.445306,25896527
2017-09-19,26.016656,26.154965,25.762681,25.809743,18.403179,15099418
2017-09-20,25.630311,25.844832,25.358718,25.640294,18.284259,41690044
2017-09-21,25.704552,26.165216,25.600381,25.967753,18.519699,16060056
2017-09-22,26.03164,26.643007,25.67213,26.537955,18.928325,22008035
2017-09-25,26.724383,26.971057,26.575901,26.79791,19.119706,23648102
2017-09-26,26.793135,27.192223,26.702213,27.158304,19.378855,21265820
2017-09-27,27.25672,27.682102,27.193899,27.615007,19.706787,14836691
2017-09-28,27.626997,28.081117,27.540224,27.763171,19.814581,12075177
2017-09-29,27.846434,28.084366,27.814899,28.07195,20.037041,19939461
2017-10-02,27.798172,29.231846,27.76195,29.035904,20.731557,25647375
2017-10-03,29.134025,29.545817,29.019971,29.471348,21.044652,15884994
2017-10-04,29.44528,30.532289,29.050319,30.435942,21.735702,23844856
2017-10-05,30.266273,30.622701,30.113536,30.33958,21.66914,18257035
2017-10-06,30.204959,30.754614,30.086314,30.615358,21.868381,19196546
2017-10-09,30.669241,31.064673,30.168525,30.350132,21.6857,16443799
2017-10-10,30.289793,30.496368,29.654564,29.777602,21.27883,16521204
2017-10-11,29.870911,30.313633,29.844096,30.241271,21.612413,21411963
2017-10-12,30.276558,31.12956,30.1377,31.054979,22.196251,23070521
2017-10-13,31.162476,31.249572,30.796672,31.033923,22.183509,18634469
2017-10-16,30.827874,31.085704,30.778416,30.98439,22.155017,22605035
2017-10-17,30.944396,31.432109,30.89022,31.401961,22.455932,15198941
2017-10-18,31.40992,31.468763,31.047079,31.121322,22.257559,20771205
2017-10-19,31.01873,31.598216,30.982632,31.474103,22.512205,22359085
2017-10-20,31.304654,31.586126,31.272647,31.471205,22.512474,12051064
2017-10-23,31.33607,31.627341,31.230546,31.531587,22.562709,20494614
2017-10-24,31.477733,31.914854,31.333859,31.827064,22.77651,14766352
2017-10-25,31.690146,32.880123,31.532582,32.531718,23.283206,26530460
2017-10-26,32.415331,32.485243,31.689936,31.754187,22.729085,15899442
2017-10-27,31.759722,31.819143,31.348423,31.525682,22.567874,16261837
2017-10-30,31.525389,32.115581,31.348319,32.064488,22.960747,13099889
2017-10-31,32.115335,32.739193,31.939633,32.557334,23.31609,18156408
2017-11-01,32.356514,32.978336,32.241994,32.761729,23.464909,15101377
2017-11-02,32.704771,33.308209,32.663541,33.062134,23.682531,27912742
2017-11-03,32.820584,32.952194,32.453145,32.616548,23.365787,19867005
2017-11-06,32.797175,33.099673,32.422599,32.490339,23.28264,10591831
2017-11-07,32.249446,32.737285,32.164416,32.646454,23.396946,18564219
2017-11-08,32.81681,33.329681,32.54334,32.886764,23.571623,25621721
2017-11-09,32.956537,33.011631,32.056896,32.462325,23.269826,15606950
2017-11-10,32.458017,32.637643,32.209587,32.383974,23.216078,16152916
2017-11-13,32.379631,32.845946,32.336443,32.68206,23.43709,19408237
2017-11-14,32.572324,33.537252,32.534738,33.188302,23.802604,19152794
2017-11-15,33.210162,33.342415,32.318259,32.503794,23.314101,27286841
2017-11-16,32.314083,32.567116,32.173419,32.364572,23.216656,18928319
2017-11-17,32.160159,32.818992,31.733535,32.694422,23.455714,18285799
2017-11-20,32.49952,32.541976,32.326101,32.47718,23.307133,21975455
2017-11-21,32.264343,33.203914,32.131979,32.85252,23.578947,22567626
2017-11-22,32.830272,32.905814,32.688594,32.849243,23.579049,12672289
2017-11-24,32.965821,33.170015,32.704731,33.064383,23.738414,19377711
2017-11-27,33.060485,33.970926,32.622714,33.815849,24.285504,14256747
2017-11-28,33.817169,34.137023,33.572373,33.812874,24.285894,13706433
2017-11-29,33.989686,35.308507,33.823959,35.053633,25.179681,26263064
2017-11-30,34.775067,34.981419,34.293062,34.477093,24.768119,22629745
2017-12-01,34.426518,35.25326,34.123761,34.795824,24.999694,14768661
2017-12-04,35.081678,35.150112,33.932895,34.063099,24.480893,19654435
2017-12-05,33.928578,34.802694,33.646003,34.199534,24.581506,17060730
2017-12-06,34.457084,34.755908,34.015796,34.142547,24.543098,11052766
2017-12-07,33.859922,34.743571,33.73192,34.710801,24.95418,21076691
2017-12-08,35.103847,35.391244,34.496438,35.348732,25.415443,34039468
2017-12-11,35.56939,36.018574,34.54288,34.814252,25.03897,13573760
2017-12-12,34.749548,35.071107,34.444741,34.715205,24.970332,9781505
2017-12-13,34.570869,35.337818,34.532688,35.304812,25.397073,11473610
2017-12-14,35.394034,35.932947,35.181488,35.671576,25.66358,12370008
2017-12-15,35.939661,36.209803,34.906223,35.284639,25.387843,18611283
2017-12-18,35.15915,35.294917,34.658084,34.989945,25.183665,21139420
2017-12-19,34.896291,36.360925,34.803242,36.090108,25.978199,17908297
2017-12-20,36.069339,36.731855,35.941864,36.512993,26.285333,26529389
2017-12-21,36.722123,36.749199,35.998184,36.100292,25.990937,15738128
2017-12-22,36.137442,36.466698,35.855461,36.216679,26.077444,19036403
2017-12-26,36.218567,36.29672,35.387998,35.509234,25.578699,19205131
2017-12-27,35.435496,35.890144,35.303257,35.799278,25.790311,10269639
2017-12-28,35.618565,35.861128,35.459257,35.821707,25.809155,13591221
2017-12-29,36.015718,36.201224,35.951791,36.102155,26.013921,17969804
2018-01-02,36.307436,36.421521,36.070687,36.145841,26.056241,12162509
2018-01-03,36.073454,36.640634,35.893378,36.573502,26.367269,30457503
2018-01-04,36.666138,36.715021,36.23127,36.460333,26.288416,16310543
2018-01-05,36.52418,36.716226,36.276171,36.65941,26.434704,17433762
2018-01-08,36.76643,36.910394,36.150761,36.423933,26.273103,10840554
2018-01-09,36.614553,36.802482,35.847331,36.080367,26.027991,14645132
2018-01-10,36.03688,37.343777,35.869104,37.154579,26.805705,18110246
2018-01-11,37.025894,37.399232,36.61679,37.292472,26.90799,13907742
2018-01-12,37.527398,37.665893,37.13863,37.374184,26.969754,18462527
2018-01-16,37.41708,37.805703,37.32292,37.666059,27.191688,18977778
2018-01-17,37.697659,37.829856,36.378001,36.71219,26.505833,19604169
2018-01-18,36.893701,37.601344,36.834514,37.560419,27.121068,11004232
2018-01-19,37.715674,37.787003,37.566461,37.638014,27.179924,14620541
2018-01-22,37.360231,38.811983,36.900296,38.519746,27.825342,17456784
2018-01-23,38.184825,38.566523,38.020387,38.53134,27.836613,20197179
2018-01-24,38.381689,39.250239,38.245225,38.550872,27.853621,21466031
2018-01-25,38.880244,39.10122,38.202344,38.44161,27.777567,13162201
2018-01-26,38.292113,38.351968,37.50337,37.53735,27.126979,17457686
2018-01-29,37.263799,37.514906,36.86562,36.979273,26.732018,20050201
2018-01-30,37.038894,37.341024,36.632753,36.799468,26.604806,20296960
2018-01-31,36.754397,37.24136,36.516971,37.112163,26.833666,17244938
2018-02-01,37.15341,37.785324,36.933102,37.70946,27.268374,17613527
2018-02-02,37.91062,37.944674,37.290657,37.384083,27.0359,15514885
2018-02-05,37.342597,37.918538,37.174646,37.541221,27.158017,19682177
2018-02-06,37.582294,37.776746,37.109718,37.206216,26.918468,13052845
2018-02-07,37.166972,37.374379,36.524893,36.640322,26.511806,17698114
2018-02-08,36.495642,37.293696,36.337035,36.906102,26.706894,23181805
2018-02-09,36.678427,37.397999,36.650704,37.205391,26.926274,19557954
2018-02-12,37.379002,37.48732,36.815295,36.856837,26.682345,14418332
2018-02-13,36.958508,37.043076,36.893833,36.921243,26.731753,14898820
2018-02-14,37.071576,37.921884,36.997196,37.89618,27.440483,11077001
2018-02-15,37.658116,37.845029,37.225347,37.267373,26.987973,20849733
2018-02-16,37.263251,37.829987,36.997274,37.464592,27.133616,17858679
2018-02-20,37.403332,37.486957,36.270275,36.417452,26.386207,12964045
2018-02-21,36.074568,36.492635,35.829318,36.257053,26.272723,16296775
2018-02-22,36.079472,36.274646,35.791024,36.182103,26.221141,19227798
2018-02-23,35.910325,36.852202,35.838973,36.469648,26.432274,11548313
2018-02-26,36.336731,36.436919,35.960541,36.274392,26.298964,22983461
2018-02-27,36.255987,36.38629,35.977652,36.132054,26.198495,15314904
2018-02-28,36.021905,36.153858,35.80573,36.059364,26.148509,15997182
2018-03-01,35.984586,37.336003,35.859422,36.995945,26.830464,16082547
2018-03-02,37.092606,37.414257,36.472998,36.515942,26.485108,20203997
2018-03-05,36.438424,36.683449,36.169046,36.226493,26.283372,12644468
2018-03-06,36.345045,36.563328,36.258464,36.438776,26.44014,16109192
2018-03-07,36.488125,37.352181,36.221353,36.977445,26.833792,28310143
2018-03-08,36.82693,37.105937,36.580236,36.872479,26.760404,15379135
2018-03-09,37.035912,37.116277,36.536199,36.626329,26.584525,15109549
2018-03-12,36.584935,37.406288,36.229314,37.03088,26.886551,19151920
2018-03-13,36.919431,37.621159,36.45167,37.127749,26.959689,15557718
2018-03-14,36.980149,37.027081,36.35398,36.512158,26.515446,20607323
2018-03-15,36.669098,36.775753,36.41274,36.718327,26.667942,17716968
2018-03-16,36.698367,36.887721,36.638836,36.730493,26.679554,10983730
2018-03-19,36.880558,37.133115,36.416659,36.760399,26.709611,17868656
2018-03-20,36.678816,37.247829,36.268706,36.792315,26.735583,16089470
2018-03-21,37.061675,37.340414,37.007037,37.273255,27.087881,23313673
2018-03-22,37.196325,37.361375,36.76024,37.009018,26.898649,22958838
2018-03-23,37.127348,37.657553,36.343369,36.904083,26.825172,9987286
2018-03-26,36.658383,37.066125,36.430403,36.568139,26.589275,11891767
2018-03-27,36.751147,36.767664,35.77275,36.031975,26.202147,15754446
2018-03-28,35.987762,36.642639,35.943548,36.220356,26.341877,13588974
2018-03-29,35.997289,36.691215,35.967595,36.356233,26.443447,27373397
2018-04-02,36.267394,36.288593,35.865334,36.047755,26.229991,31510415
2018-04-03,36.356001,36.40836,35.673049,35.786312,26.042463,21221472
2018-04-04,35.831111,35.99296,35.561188,35.640746,25.939229,15856545
2018-04-05,35.473282,35.874,35.217357,35.238825,25.649381,17527451
2018-04-06,35.121271,35.77628,34.91397,35.618354,25.928327,15299798
2018-04-09,35.820771,35.997487,35.790661,35.916019,26.153173,21725972
2018-04-10,35.894483,35.993196,34.97972,35.283947,25.695587,20273614
2018-04-11,35.287589,35.773357,35.02878,35.341427,25.740125,12859216
2018-04-12,35.393724,36.634453,35.377787,36.165557,26.343102,19989095
2018-04-13,36.067009,36.496981,36.029558,36.052271,26.263317,16965847
2018-04-16,36.144899,36.734652,36.038587,36.563034,26.643711,25752672
2018-04-17,36.332166,38.028995,36.174579,37.677182,27.458454,34568686
2018-04-18,37.674134,38.015499,37.170749,37.332322,27.209957,16738817
2018-04-19,37.37489,37.434784,36.716379,36.826587,26.84414,23975753
2018-04-20,36.750462,37.267659,36.608227,37.124639,27.064217,14394955
2018-04-23,37.007129,37.148115,36.871112,36.905225,26.91266,19944947
2018-04-24,36.87784,37.281263,36.450125,36.573194,26.673305,20933438
2018-04-25,36.101279,36.87092,35.978809,36.83797,26.869205,15563261
2018-04-26,36.766629,37.447647,36.668388,37.317811,27.222028,11936926
2018-04-27,37.105893,37.321205,36.944171,37.302958,27.214025,11155290
2018-04-30,37.568309,37.948193,37.458856,37.597376,27.437377,18042474
2018-05-01,37.608172,37.867195,37.278695,37.403924,27.299042,15604721
2018-05-02,37.343786,37.451487,36.98972,37.175222,27.134948,14861006
2018-05-03,37.15802,37.535417,36.994211,37.434199,27.326823,22458158
2018-05-04,37.336094,37.732171,37.292436,37.524328,27.395467,12187040
2018-05-07,37.318036,37.622767,37.24492,37.602683,27.461242,22591491
2018-05-08,37.516411,38.012127,37.284718,37.888812,27.673081,24205173
2018-05-09,38.019494,38.13161,37.703243,38.039923,27.786339,15221283
2018-05-10,37.952748,38.05069,37.248502,37.425008,27.340017,17655508
2018-05-11,37.600871,37.95544,37.463324,37.683698,27.531862,17654785
2018-05-14,37.822378,38.06778,37.675334,37.794562,27.621479,27136481
2018-05-15,37.938332,38.067827,37.846939,38.034361,27.799624,13640798
2018-05-16,38.20281,38.244945,37.808806,37.931007,27.726966,15576829
2018-05-17,37.867254,38.628717,37.595524,38.462047,28.118073,17740333
2018-05-18,38.433289,39.210026,38.365717,39.179161,28.645307,25898484
2018-05-21,39.384688,40.103048,39.212085,40.049013,29.290428,13798868
2018-05-22,40.142358,40.357293,40.088358,40.334832,29.502535,27842080
2018-05-23,40.297683,40.448431,39.35577,39.591574,28.961899,16896498
2018-05-24,39.403303,40.881908,39.084047,40.557805,29.6718,17658416
2018-05-25,40.408025,41.096752,40.177437,41.014626,30.009129,20619444
2018-05-29,41.072186,41.335052,40.869648,40.992389,30.005343,13693776
2018-05-30,41.039223,41.247985,40.89472,41.22781,30.180805,20709879
2018-05-31,40.999312,41.781148,40.82083,41.688813,30.521457,17932142
2018-06-01,41.8493,41.915335,40.868354,40.997922,30.018761,19054849
2018-06-04,40.866569,41.048722,39.99476,40.027885,29.317647,26706933
2018-06-05,40.147723,40.20038,39.297273,39.39658,28.858262,25289292
2018-06-06,39.31451,39.423472,39.164622,39.37781,28.847514,22161703
2018-06-07,39.565238,40.199305,39.057857,39.379224,28.851551,11975294
2018-06-08,39.468078,39.676744,38.960288,39.139021,28.678548,14456477
2018-06-11,39.079194,39.747948,38.883018,39.588602,29.017027,12234280
2018-06-12,39.267255,40.230309,39.228099,40.038461,29.349811,15262923
2018-06-13,40.033562,41.101126,39.73049,40.976801,30.040777,19212989
2018-06-14,41.129149,41.263399,41.053058,41.213549,30.217484,13752645
2018-06-15,41.376539,41.396902,41.184666,41.231292,30.233639,17630653
2018-06-18,41.256696,41.28026,40.631348,40.873441,29.980594,15047405
2018-06-19,41.140804,42.006022,41.000371,41.759286,30.633546,30192613
2018-06-20,41.814746,42.58069,41.553631,42.436629,31.133667,27522249
2018-06-21,42.476657,42.842808,42.192722,42.269494,31.014275,12429533
2018-06-22,42.143777,42.241968,41.989363,42.100337,30.893374,13101267
2018-06-25,42.144839,42.223376,41.910673,42.103635,30.905438,17854373
2018-06-26,42.208519,42.635485,42.084824,42.434308,31.151404,27204254
2018-06-27,42.398833,42.510268,41.431848,41.955328,30.802985,28036802
2018-06-28,41.987406,42.23285,41.423912,41.785035,30.68115,13103167
2018-06-29,41.560483,41.947538,40.961665,41.296986,30.325949,21886025
2018-07-02,41.666028,42.191883,41.444971,41.814346,30.715451,26867209
2018-07-03,41.644658,42.405214,41.227265,42.130511,30.950916,15133212
2018-07-05,42.166048,42.493685,42.010556,42.424797,31.173597,16718727
2018-07-06,42.423146,42.780031,42.225752,42.594547,31.301585,36905041
2018-07-09,42.489266,42.866631,42.461908,42.778021,31.446229,13496852
2018-07-10,42.815538,43.061959,42.171003,42.248076,31.059896,13050665
2018-07-11,41.874938,42.334817,41.497053,42.083748,30.942305,12877383
2018-07-12,42.41939,42.470892,41.930577,42.090505,30.950492,27091719
2018-07-13,42.205937,42.272738,41.946462,42.155002,31.001145,28642158
2018-07-16,42.478016,42.678613,41.430809,41.48827,30.520348,12151291
2018-07-17,41.479302,41.756422,41.02211,41.092518,30.232363,14004040
2018-07-18,40.983874,41.153652,40.854652,41.007973,30.173301,36259189
2018-07-19,40.661179,41.178366,40.220481,40.990446,30.163544,21916977
2018-07-20,40.578974,41.5924,40.384611,41.525096,30.560154,18637237
2018-07-23,41.87032,42.047313,40.782401,40.973214,30.163413,29775039
2018-07-24,41.200571,41.496686,40.325995,40.67019,29.943449,19437493
2018-07-25,40.948519,41.370246,40.581519,41.177178,30.319874,20312435
2018-07-26,41.387689,41.780108,40.771204,41.250459,30.376993,16096556
2018-07-27,41.413772,41.971378,41.328281,41.774252,30.765917,13273405
2018-07-30,41.567467,41.879133,41.297067,41.487088,30.563964,20123941
2018-07-31,41.302074,41.956952,40.722678,41.880366,30.856906,14664442
2018-08-01,41.749062,41.880344,41.630807,41.860557,30.84552,17080694
2018-08-02,42.267128,42.474616,42.192067,42.375485,31.2282,21923630
2018-08-03,42.573338,43.316051,42.545715,42.978137,31.675615,22591036
2018-08-06,43.097857,43.2731,42.570516,42.752838,31.519402,13092224
2018-08-07,42.885569,43.340897,42.413176,42.848841,31.593466,22171573
2018-08-08,42.872999,42.949136,42.601682,42.887718,31.625421,20625750
2018-08-09,43.136605,43.304204,42.7787,42.869095,31.614977,25579903
2018-08-10,42.588555,42.83864,42.111484,42.175096,31.106405,14555670
2018-08-13,42.163774,42.483756,41.980425,42.192615,31.129041,16316490
2018-08-14,42.004606,42.613085,41.978688,42.546821,31.393634,12294562
2018-08-15,42.463251,42.596434,42.079745,42.128626,31.088299,17620379
2018-08-16,42.046291,42.194631,41.703153,41.825739,30.867998,15284971
2018-08-17,41.980119,42.64843,41.796298,42.406522,31.299881,16901314
2018-08-20,42.44979,42.704374,42.237998,42.395101,31.301219,15688150
2018-08-21,42.410811,42.793172,42.383349,42.762388,31.57568,31065265
2018-08-22,42.477174,42.550108,41.825676,42.091945,31.08386,12922843
2018-08-23,42.12972,42.187438,41.468604,41.630545,30.746326,15688888
2018-08-24,41.296385,42.29632,41.101673,42.194085,31.165772,21224367
2018-08-27,42.098343,42.60172,41.998472,42.465017,31.375681,12249066
2018-08-28,42.858763,43.063762,42.425255,42.664059,31.526025,12174631
2018-08-29,42.56548,42.907323,42.453511,42.54253,31.439493,19785686
2018-08-30,42.538197,43.045273,42.198339,42.285254,31.252615,20106034
2018-08-31,42.209862,42.358786,41.600327,41.716592,30.83553,8880624
2018-09-04,42.089343,42.190209,40.239537,40.364863,29.848795,12810272
2018-09-05,40.453992,40.995239,40.256253,40.692687,30.094344,18320316
2018-09-06,40.628861,41.279763,40.401555,40.761059,30.148045,24440909
2018-09-07,40.867291,40.969285,40.447838,40.891394,30.247591,23319960
2018-09-10,40.7676,41.67429,40.674409,41.636514,30.808375,17402346
2018-09-11,41.552903,41.753473,41.387846,41.425096,30.655128,22512423
2018-09-12,41.491192,41.785833,41.391662,41.573046,30.767814,33336271
2018-09-13,41.73791,42.040205,41.37527,41.625356,30.809733,17900467
2018-09-14,41.711499,42.204451,41.51632,41.90475,31.019758,24692672
2018-09-17,42.011931,42.370695,41.525124,41.880855,31.011748,19680235
2018-09-18,41.852001,42.484319,41.674929,42.458199,31.442528,16303792
2018-09-19,42.514871,42.817659,42.341613,42.371659,31.381706,14668111
2018-09-20,42.29298,42.852855,42.235162,42.532764,31.504302,13438875
2018-09-21,42.498451,42.894096,42.287016,42.810274,31.713155,15378228
2018-09-24,42.768176,42.926256,42.414714,42.735733,31.667819,23275731
2018-09-25,43.011682,43.474093,42.832884,43.422716,32.180231,15206891
2018-09-26,43.091975,43.197753,42.940812,42.985595,31.859598,14653037
2018-09-27,43.274981,43.306747,42.300949,42.493515,31.498161,20219610
2018-09-28,42.63032,43.068545,42.340775,42.532915,31.530646,20073146
2018-10-01,42.438364,42.794121,41.963502,42.474524,31.497189,27669813
2018-10-02,42.436552,42.463224,42.032812,42.284357,31.359432,31882218
2018-10-03,41.905739,42.172221,40.823251,40.992451,30.404476,35551566
2018-10-04,40.85177,41.722929,40.604151,41.58421,30.846598,25471730
2018-10-05,41.370277,42.613009,41.192941,42.253235,31.346133,18655857
2018-10-08,42.533918,42.850569,41.497672,41.616995,30.883768,9957425
2018-10-09,41.604744,42.859354,41.550391,42.415014,31.479248,26179378
2018-10-10,41.803283,43.344789,41.5867,43.118109,32.004395,12074344
2018-10-11,43.01156,43.028828,42.74447,42.835284,31.797777,20918977
2018-10-12,42.576248,43.734,42.155051,43.559624,32.338838,21811292
2018-10-15,43.670802,44.244742,43.606063,44.008824,32.682525,12574622
2018-10-16,43.860245,45.083833,43.813148,44.561608,33.096486,19543430
2018-10-17,44.648739,45.081097,44.543999,44.956078,33.392937,14881435
2018-10-18,44.818678,45.067614,44.458617,44.62344,33.149306,20699938
2018-10-19,44.686757,44.878934,43.800469,44.248749,32.87438,13549200
2018-10-22,44.118315,44.253051,43.658252,44.052275,32.738627,8497817
2018-10-23,44.06032,44.800111,43.660109,44.617878,33.16242,12999136
2018-10-24,44.724624,45.50529,44.691898,45.004452,33.453223,17377629
2018-10-25,44.993129,45.528993,44.854436,45.050046,33.490599,21029659
2018-10-26,44.801857,45.092986,44.402296,45.009201,33.463715,23768650
2018-10-29,45.067823,45.095722,44.496166,44.767887,33.294692,15975507
2018-10-30,44.473294,45.084439,44.385219,45.032127,33.494697,11966262
2018-10-31,45.010582,45.518857,44.624015,44.915956,33.411765,19380874
2018-11-01,44.861403,46.342388,44.71814,46.295808,34.441783,24700328
2018-11-02,46.594157,46.79694,45.286743,45.660489,33.972672,22143634
2018-11-05,45.788254,46.154125,45.302919,45.506023,33.868314,18305915
2018-11-06,45.293117,45.350935,45.121753,45.29721,33.71641,14611941
2018-11-07,45.628983,45.730446,45.180957,45.250928,33.685465,18796813
2018-11-08,45.113107,45.312151,44.703376,45.246889,33.685963,12659640
2018-11-09,44.894226,45.30676,44.677128,45.23978,33.684174,13259744
2018-11-12,45.134454,45.523912,44.993753,45.120049,33.605513,11268634
2018-11-13,45.153638,45.575035,44.622816,45.298856,33.7422,15784981
2018-11-14,45.230794,45.537613,45.192929,45.393055,33.815884,15662819
2018-11-15,45.326503,46.4635,45.250894,46.387856,34.560564,16625750
2018-11-16,46.156026,46.358519,44.590325,45.257846,33.722176,15839151
2018-11-19,45.409768,46.543193,45.009229,46.166311,34.409822,10003129
2018-11-20,45.487004,47.24962,45.219949,46.588243,34.72792,14419968
2018-11-21,46.850683,47.876138,46.608681,47.444992,35.37024,28079499
2018-11-23,47.614676,48.002531,46.755679,46.925963,34.990583,18469123
2018-11-26,47.03619,47.860302,47.006636,47.52215,35.446195,20412770
2018-11-27,47.861155,47.908711,46.653283,46.990665,35.053413,15624674
2018-11-28,47.040704,47.546876,46.526524,46.560548,34.736174,14943441
2018-11-29,46.373749,47.635864,46.204999,47.425728,35.385317,18320287
2018-11-30,47.127876,47.639523,46.425318,47.558903,35.488374,14574542
2018-12-03,47.413846,48.926227,47.297522,48.562259,36.248388,41091490
2018-12-04,48.879524,49.25443,48.784295,48.95095,36.542321,15804559
2018-12-05,48.97055,49.770245,48.477288,49.744482,37.138563,22557409
2018-12-06,49.754927,50.522394,49.145398,49.339798,36.840265,22462153
2018-12-07,48.959544,49.832663,48.79067,49.577013,37.021236,15795789
2018-12-10,49.812135,50.321931,49.618793,49.860172,37.244305,14946821
2018-12-11,50.090878,50.501375,50.026829,50.449058,37.688109,25615145
2018-12-12,50.460401,50.9393,49.809999,50.297069,37.578475,25184945
2018-12-13,50.146075,50.223293,49.856029,50.04616,37.394903,10797380
2018-12-14,49.975012,50.357785,49.12426,49.398181,36.914568,16434833
2018-12-17,49.443031,50.792128,49.120737,50.047545,37.411504,15869813
2018-12-18,50.11162,50.38352,49.36218,50.155671,37.496231,15366608
2018-12-19,50.271798,50.521033,49.560372,50.08951,37.450665,18731181
2018-12-20,49.778822,49.916613,49.502921,49.81754,37.251196,12149198
2018-12-21,49.846164,50.042277,49.300238,49.407994,36.9488,26240989
2018-12-24,49.184427,49.772452,49.022002,49.605915,37.108392,23671224
2018-12-26,49.022901,49.457682,48.117702,48.181578,36.050398,18221345
2018-12-27,48.20134,48.643467,48.10309,48.186019,36.057471,20967415
2018-12-28,48.543952,48.755242,48.275904,48.480869,36.281882,18262206
2018-12-31,48.67761,49.197895,48.521853,48.925927,36.626382,22229461
2019-01-02,48.762273,49.014868,48.671418,48.967871,36.66541,17200831
2019-01-03,49.176891,49.752092,48.520059,48.76549,36.517673,13115561
2019-01-04,48.523063,48.816042,48.059039,48.408376,36.254023,19387529
2019-01-07,48.482629,48.511506,47.84805,47.980135,35.944521,25144176
2019-01-08,48.038639,48.30128,46.576117,46.786329,35.053823,38104833
2019-01-09,47.055753,47.304333,45.539307,45.975975,34.450264,33074889
2019-01-10,45.555254,45.942202,45.265663,45.611554,34.180755,20641618
2019-01-11,45.708951,46.115755,44.050117,45.064718,33.774477,14299883
2019-01-14,44.859105,45.950676,44.495923,45.651192,34.2247,14807348
2019-01-15,45.41174,47.307265,45.068604,46.902497,35.166461,16323084
2019-01-16,46.930769,46.968177,45.180243,45.617196,34.206329,13851535
2019-01-17,45.148749,46.812313,44.382827,46.764487,35.070281,18659124
2019-01-18,46.96479,47.014886,46.634851,46.944486,35.208931,14103256
2019-01-22,46.85231,48.135984,46.750186,47.750332,35.828233,17955839
2019-01-23,47.651861,48.119272,47.092043,47.250177,35.456642,16777374
2019-01-24,47.643846,47.890429,45.641178,46.422292,34.83902,13144287
2019-01-25,46.273158,47.68425,46.093037,47.410674,35.584483,16523315
2019-01-28,47.165372,47.877209,45.752748,45.960035,34.506462,12428109
2019-01-29,46.004129,46.409494,45.756782,46.145164,34.64906,21086035
2019-01-30,46.121155,47.342011,45.93062,47.267019,35.495121,14704786
2019-01-31,47.502883,48.54671,47.25695,48.10529,36.128379,16305768
2019-02-01,47.794008,49.065895,47.604203,48.894854,36.725183,13930369
2019-02-04,48.813594,49.554321,48.570291,49.156612,36.933317,23787165
2019-02-05,49.117377,49.209326,48.723732,48.817288,36.682185,21268977
2019-02-06,49.105917,49.370328,48.693086,48.908119,36.754261,20848446
2019-02-07,49.118388,49.227677,48.633256,49.160027,36.947412,17026085
2019-02-08,49.110475,49.500217,48.829856,49.455441,37.173305,22084290
2019-02-11,49.60502,51.824986,49.31503,51.196193,38.493758,16016063
2019-02-12,50.948293,52.267068,50.792571,51.721194,38.892546,12030604
2019-02-13,52.008536,52.412467,51.877107,51.91109,39.039402,13999413
2019-02-14,52.025515,52.262022,50.749587,51.642997,38.841826,13204605
2019-02-15,51.473221,52.232502,51.124429,51.8565,39.006464,19659017
2019-02-19,52.11007,53.308717,51.592662,52.780427,39.717967,13308960
2019-02-20,52.614095,53.036046,51.697211,52.330049,39.383149,27399956
2019-02-21,52.324608,52.441115,51.662707,51.863698,39.036238,26535240
2019-02-22,51.626675,51.781752,50.332187,50.907367,38.320423,22821483
2019-02-25,51.018304,52.251626,50.931719,51.751123,38.96772,13119925
2019-02-26,51.848665,52.227729,51.389928,51.466514,38.757446,13819975
2019-02-27,51.7413,52.558385,51.385847,52.497997,39.53833,20578822
2019-02-28,52.983602,53.354248,50.849875,51.648779,38.902796,19368164
2019-03-01,51.726319,51.782292,51.137245,51.478986,38.77894,20484353
2019-03-04,51.291411,52.026421,51.050698,51.789326,39.024896,15297858
2019-03-05,51.682633,52.685768,51.079204,52.557292,39.607704,31879510
2019-03-06,52.435987,52.907579,52.229239,52.833383,39.819911,9233137
2019-03-07,52.53405,52.959431,52.218807,52.47631,39.554905,22272280
2019-03-08,52.325671,53.438254,52.221156,52.912385,39.887753,8871235
2019-03-11,52.700993,52.806929,52.381338,52.498817,39.58834,16048336
2019-03-12,52.856675,52.989815,51.323499,51.418679,38.777864,20043074
2019-03-13,51.765053,52.505274,50.710919,51.417357,38.780901,21037931
2019-03-14,51.277802,51.54761,50.813854,51.281661,38.682579,20644317
2019-03-15,51.392985,52.843847,51.352157,51.496412,38.84861,26505709
2019-03-18,51.534898,52.731139,50.800803,52.134537,39.342286,19812386
2019-03-19,52.247899,52.707611,50.659646,51.56318,38.91517,21807372
2019-03-20,51.808664,53.249471,51.642045,52.860634,39.898521,16490269
2019-03-21,52.644128,53.095839,52.231053,52.963926,39.980644,23500373
2019-03-22,53.441213,53.464235,52.963238,53.240153,40.19334,22894149
2019-03-25,53.416557,53.632111,51.921153,52.582252,39.709053,21655452
2019-03-26,52.850322,53.666577,51.928088,53.628666,40.503497,22461137
2019-03-27,53.516265,53.94674,51.388171,51.917291,39.215047,18629981
2019-03-28,52.011287,52.460682,51.83751,52.383772,39.571514,22039641
2019-03-29,52.414128,52.906379,51.952128,52.175436,39.418234,23366516
2019-04-01,51.92532,52.34272,51.528473,52.175284,39.430424,16170894
2019-04-02,51.931161,52.678845,51.731347,52.432018,39.628568,24967513
2019-04-03,52.365135,52.71937,51.352039,51.728338,39.100789,17509308
2019-04-04,51.789873,52.092657,51.023278,51.368082,38.832516,28663602
2019-04-05,50.952932,51.148404,50.528784,51.079521,38.618392,12410581
2019-04-08,50.392374,51.111573,50.314378,51.052318,38.609873,20733683
2019-04-09,51.200126,51.888534,49.740741,50.152089,37.932994,14675881
2019-04-10,50.493789,53.062647,50.342741,52.415604,39.649149,18894099
2019-04-11,52.41435,54.285091,52.147725,53.555726,40.515796,16749327
2019-04-12,53.599074,53.97294,52.597324,53.075981,40.157039,11235325
2019-04-15,52.733295,53.004449,52.48021,52.671874,39.863733,19175327
2019-04-16,52.941282,53.010961,52.899274,52.929099,40.062577,20014588
2019-04-17,52.905215,53.151319,52.706779,53.122598,40.213222,20318004
2019-04-18,53.336351,54.391777,53.285513,53.94166,40.837491,14934508
2019-04-22,53.688744,53.90669,53.133531,53.817675,40.760585,27128062
2019-04-23,54.011198,54.037385,52.772825,53.168833,40.273353,18673716
2019-04-24,53.317994,53.568619,53.121489,53.279425,40.361322,21289700
2019-04-25,53.586257,54.283952,53.053232,53.911895,40.844692,26650912
2019-04-26,53.917965,54.320436,53.78434,54.167153,41.04235,18049376
2019-04-29,54.475005,54.659153,54.113876,54.225174,41.099139,16063037
2019-04-30,54.364548,54.571978,53.357056,53.421702,40.494371,24478351
2019-05-01,53.058823,53.428992,52.829142,53.284198,40.394344,18781978
2019-05-02,53.2604,53.637681,53.119207,53.364337,40.459306,8166171
2019-05-03,53.258522,54.003437,52.98399,53.804004,40.796893,23769936
2019-05-06,53.898761,53.984095,52.853492,52.889335,40.115864,20638852
2019-05-07,52.837696,52.991053,52.220697,52.566316,39.875007,12880650
2019-05-08,52.218679,53.735355,52.140004,53.564686,40.636563,19343046
2019-05-09,53.613319,53.976123,52.780377,53.048397,40.249071,19740814
2019-05-10,53.137924,54.214797,52.639883,53.24261,40.400628,13524118
2019-05-13,53.543505,53.902038,52.093713,52.348731,39.73475,19004865
2019-05-14,52.43837,52.933299,52.256572,52.541386,39.885132,20573424
2019-05-15,52.197098,52.4046,51.418267,51.622199,39.191438,23293369
2019-05-16,51.936301,52.057598,51.411187,51.450065,39.064818,17565326
2019-05-17,51.453255,52.405472,51.228366,51.931411,39.434395,17657438
2019-05-20,52.062289,52.116163,51.117514,51.664301,39.24381,15986251
2019-05-21,51.456138,53.482132,51.3638,52.939511,40.216634,30146168
2019-05-22,53.122728,53.411945,51.794534,51.982801,39.493957,24037035
2019-05-23,52.230762,52.910987,51.717791,52.596487,39.964363,14053067
2019-05-24,52.343179,52.798197,51.588978,51.991896,39.509087,19785090
2019-05-28,52.221515,53.254746,52.094008,52.980421,40.277034,28944118
2019-05-29,52.992267,53.109252,52.086292,52.266142,39.738155,17029095
2019-05-30,52.232063,52.779772,52.110509,52.549405,39.957678,19700608
2019-05-31,52.406475,53.366344,52.257404,53.064292,40.353388,20344070
2019-06-03,53.34525,54.481583,53.036777,54.018691,41.091996,15730218
2019-06-04,53.743881,55.223409,53.677421,54.809243,41.697706,12225946
2019-06-05,54.628295,55.855166,54.550401,55.58912,42.29542,29321220
2019-06-06,55.628353,55.890152,54.077998,54.45468,41.436583,11370800
2019-06-07,54.148126,55.067678,53.776442,54.589408,41.543425,15496594
2019-06-10,54.795243,55.655936,54.552609,55.420562,42.189112,19048162
2019-06-11,55.573627,56.144601,55.509353,55.912596,42.568104,20988417
2019-06-12,55.967529,56.324558,55.887529,56.085765,42.704386,11106690
2019-06-13,55.625907,56.47323,55.517142,55.776772,42.473533,23550517
2019-06-14,55.725464,56.442106,55.500918,56.383873,42.940302,22664708
2019-06-17,56.713016,57.945044,56.414293,57.697459,43.954407,14926970
2019-06-18,57.510612,58.173653,57.082693,57.656203,43.927548,13749054
2019-06-19,58.184964,58.666479,57.570335,58.474555,44.555675,12971959
2019-06-20,58.204992,58.467233,57.172011,57.822206,44.063192,17595604
2019-06-21,57.780398,57.885804,57.144407,57.347285,43.705827,22504269
2019-06-24,57.155942,57.52592,56.609793,57.332718,43.708365,19471986
2019-06-25,57.307141,58.223726,57.142343,58.106029,44.302517,22246154
2019-06-26,57.99086,58.438059,57.484317,57.703795,44.000414,15951073
2019-06-27,57.362391,58.352394,57.32622,58.247563,44.419671,25867323
2019-06-28,58.0412,58.223988,56.832294,57.210127,43.63306,22490529
2019-07-01,57.096268,57.301668,56.917086,57.179166,43.62306,24794337
2019-07-02,57.405011,58.811137,57.20894,58.378966,44.543044,19317419
2019-07-03,58.343945,58.378166,58.00265,58.241759,44.442978,26891894
2019-07-05,57.977473,58.067365,57.568891,57.726133,44.058682,18461525
2019-07-08,57.712632,58.479687,57.621286,58.355517,44.552955,23407132
2019-07-09,57.959476,58.64053,57.649536,58.352631,44.555387,15268285
2019-07-10,58.352685,58.868579,57.206009,57.452087,43.872337,17938477
2019-07-11,57.251943,58.381965,57.217244,58.273433,44.504174,25033998
2019-07-12,58.254145,58.739878,57.309182,58.05357,44.340874,25963309
2019-07-15,57.987868,58.479244,57.325117,57.721991,44.10138,14875971
2019-07-16,57.904642,58.51257,57.878938,58.236997,44.49949,21944925
2019-07-17,58.152634,59.776367,57.94945,59.695079,45.618371,22727225
2019-07-18,59.451922,60.134372,59.378546,59.976477,45.838181,12782287
2019-07-19,59.876656,60.116329,59.644716,59.693284,45.626492,21941639
2019-07-22,59.851736,60.320199,59.467578,59.710067,45.653567,14605691
2019-07-23,59.480123,60.361672,59.359801,60.224491,46.05168,16234431
2019-07-24,60.463934,60.622556,60.229993,60.282567,46.100884,13240218
2019-07-25,60.417819,60.595909,59.445917,59.56968,45.560447,12892986
2019-07-26,59.267889,60.039835,58.987233,59.939493,45.848059,11933211
2019-07-29,60.050131,60.303724,59.212466,59.24656,45.332177,29028246
2019-07-30,58.845852,59.512072,58.735228,59.090787,45.217693,19171815
2019-07-31,59.226913,59.293824,58.246714,58.404918,44.697499,19024134
2019-08-01,58.12705,58.499211,57.657837,57.871262,44.293698,10749529
2019-08-02,57.967327,58.732726,57.90221,58.550765,44.818441,22906680
2019-08-05,58.050341,58.254098,57.54285,58.061108,44.4575,28547257
2019-08-06,58.131491,58.183853,57.051653,57.13352,43.751796,11855638
2019-08-07,57.058507,58.316685,56.810853,58.172324,44.551928,13859396
2019-08-08,58.161294,59.550388,57.838059,58.955414,45.156364,12367699
2019-08-09,59.060153,59.299766,57.790139,58.313031,44.668984,24516637
2019-08-12,58.220034,58.394944,57.675707,58.225311,44.615711,17217888
2019-08-13,58.504418,59.048226,57.828661,57.918606,44.385313,17348962
2019-08-14,58.117565,59.559207,57.980125,59.321473,45.465116,15519589
2019-08-15,59.472498,59.815463,58.441266,58.68063,44.97864,15934953
2019-08-16,58.388677,59.420215,57.497032,59.223997,45.399853,14794619
2019-08-19,59.654803,59.937419,58.334814,59.107707,45.324852,21531712
2019-08-20,58.873938,59.071189,56.188173,56.582855,43.393265,19138749
2019-08-21,56.473399,56.509389,54.111062,54.674268,41.933936,12524498
2019-08-22,55.301022,55.412449,54.249933,54.503876,41.807599,17103290
2019-08-23,54.438299,55.227472,54.379949,54.794167,42.034642,19657091
2019-08-26,54.709929,54.75643,53.570498,54.616914,41.911743,28379072
2019-08-27,54.20901,55.663767,53.626624,55.575547,42.651813,21129862
2019-08-28,54.867187,55.801312,54.413209,55.769366,42.805014,9108204
2019-08-29,55.862939,56.078,54.904855,55.35923,42.494641,19004252
2019-08-30,55.163271,55.82815,55.053905,55.241029,42.40832,16282966
2019-09-03,55.523904,57.238444,55.36591,57.108333,43.86009,20450933
2019-09-04,57.028021,57.340456,55.343052,56.42062,43.336424,22420924
2019-09-05,56.837943,57.572397,56.741474,56.973818,43.765886,20045398
2019-09-06,56.567427,60.025037,56.466688,59.525788,45.731005,17526365
2019-09-09,59.304421,59.708655,59.063712,59.259388,45.540553,16058485
2019-09-10,59.596158,59.725532,58.98657,59.032834,45.371168,19436521
2019-09-11,59.057644,59.580523,58.702692,59.324198,45.599846,12170175
2019-09-12,59.608092,60.105404,57.679933,57.960284,44.556102,12392298
2019-09-13,57.699408,58.337584,55.821863,56.876997,43.727891,24079162
2019-09-16,56.580102,57.301937,56.230548,57.173719,43.969737,10633462
2019-09-17,57.43911,58.316722,56.903329,57.273457,44.051023,13425795
2019-09-18,57.523967,59.021023,57.342886,58.699046,45.152191,20525463
2019-09-19,59.411181,59.458296,58.60007,59.185489,45.531107,20876727
2019-09-20,59.215982,59.747946,58.409768,58.764601,45.212023,12880773
2019-09-23,58.32707,59.007723,57.76781,58.588977,45.090974,28717891
2019-09-24,58.715579,58.928644,58.320299,58.640484,45.13531,21259104
2019-09-25,58.451673,59.928664,57.993465,59.870494,46.086838,17738933
2019-09-26,59.580675,61.042086,59.296147,60.751092,46.769566,14545372
2019-09-27,60.541267,61.968872,60.447484,61.858732,47.627244,18956216
2019-09-30,62.070827,62.680055,61.485379,61.519602,47.380922,21801080
2019-10-01,61.431893,61.528739,60.414978,61.064846,47.035572,10928217
2019-10-02,60.952691,61.277603,60.879629,60.940227,46.944468,25289477
2019-10-03,61.12208,61.465771,60.300812,60.671986,46.742695,16696193
2019-10-04,60.876477,61.261627,60.267459,61.083027,47.064264,14202177
2019-10-07,60.729409,60.976644,59.481315,59.556213,45.902183,16344462
2019-10-08,59.579076,61.081925,59.429911,60.446573,46.593264,21324085
2019-10-09,60.386747,60.559297,58.544555,58.902055,45.407447,24555221
2019-10-10,59.027854,60.020016,58.892472,59.964751,46.231486,24569377
2019-10-11,59.729885,60.279643,59.115355,59.291608,45.717264,18543379
2019-10-14,59.323007,59.486131,58.99996,59.217612,45.674462,19943643
2019-10-15,59.464133,60.07071,59.393171,59.65229,46.014516,23072399
2019-10-16,59.702256,60.101008,57.648107,57.803665,44.593165,25089262
2019-10-17,57.722667,58.246428,56.780865,56.919606,43.915718,12658860
2019-10-18,57.180162,57.314675,54.838529,55.040028,42.469967,23775919
2019-10-21,55.626641,55.901528,52.892318,53.584658,41.359883,14926106
2019-10-22,53.576915,53.795737,52.113716,52.402331,40.451499,30054579
2019-10-23,52.089865,52.154525,51.562739,52.099086,40.221597,20154335
2019-10-24,52.836925,53.306834,51.136213,51.532517,39.788332,18521059
2019-10-25,51.503897,52.535099,51.368092,52.365249,40.435492,21411967
2019-10-28,52.538712,54.20049,51.988605,53.938747,41.663521,20917372
2019-10-29,54.215712,54.345116,53.185668,53.631634,41.43061,25194195
2019-10-30,53.548435,53.875898,53.040338,53.810733,41.57329,22578406
2019-10-31,53.860952,54.4972,51.35003,51.536334,39.820269,16125435
2019-11-01,51.231013,51.543596,51.105573,51.517913,39.810177,14202113
2019-11-04,51.583825,51.674698,50.910633,51.252769,39.617652,24285808
2019-11-05,51.029913,51.334487,50.740975,51.275943,39.639689,19573048
2019-11-06,51.381136,52.023337,51.156548,51.527833,39.838561,27213786
2019-11-07,51.643398,52.013136,51.422647,51.944749,40.165077,21810642
2019-11-08,51.882241,52.424205,51.560259,52.301231,40.444926,22561735
2019-11-11,52.080858,52.409648,51.964958,52.277553,40.439235,22558653
2019-11-12,51.994657,52.778334,51.963363,52.618988,40.707587,17326369
2019-11-13,52.752635,53.821365,52.712339,53.730792,41.572036,17819892
2019-11-14,54.170207,54.456412,53.169144,53.515736,41.409953,19829513
2019-11-15,53.650938,53.76043,52.667835,53.304828,41.251046,16124385
2019-11-18,53.111574,53.311239,52.761253,53.124301,41.124175,15647707
2019-11-19,53.402276,53.452677,52.346331,52.567015,40.697007,22396036
2019-11-20,52.490938,52.771149,51.461412,51.882496,40.171236,10314326
2019-11-21,51.928251,52.199756,51.189143,51.515412,39.891162,16857894
2019-11-22,51.74198,51.842721,51.308965,51.388136,39.796746,21471749
2019-11-25,51.349518,51.81405,50.217654,50.516651,39.13405,18913342
2019-11-26,50.372405,51.12733,49.841117,51.106036,39.594752,19862658
2019-11-27,51.364636,51.918483,50.222986,50.307136,38.979854,20126986
2019-11-29,50.325831,50.510775,49.687829,50.1432,38.860915,13826267
2019-12-02,50.416697,50.718869,50.056833,50.562053,39.197759,8481907
2019-12-03,50.736292,51.374323,50.67255,50.993495,39.536343,13229288
2019-12-04,51.052752,51.820747,51.019754,51.654584,40.053066,13455385
2019-12-05,51.928955,53.010783,51.693154,52.476113,40.694315,12402083
2019-12-06,52.157894,53.573073,52.113118,53.309875,41.345184,28922406
2019-12-09,53.504664,53.611141,53.27615,53.489069,41.49711,18375867
2019-12-10,53.085511,54.946909,53.027767,54.808056,42.524812,24321087
2019-12-11,55.115939,55.590635,55.069257,55.447014,43.025046,26761118
2019-12-12,55.33599,55.715555,55.012893,55.340989,42.947242,15972729
2019-12-13,55.344481,56.398081,55.27326,56.303136,43.69846,22041150
2019-12-16,56.510187,58.834244,56.219838,58.04914,45.067647,9701479
2019-12-17,58.013074,58.77784,57.390894,58.705131,45.581681,19398437
2019-12-18,58.558081,60.23145,58.31826,60.001695,46.593248,18390383
2019-12-19,59.838693,60.520054,58.894763,59.01976,45.835512,20492640
2019-12-20,58.79357,59.695727,58.476796,59.550686,46.252648,19325069
2019-12-23,59.453345,59.675644,58.34045,59.035713,45.866985,23696121
2019-12-24,59.302417,59.363412,58.387073,58.680307,45.595601,23011688
2019-12-26,58.596534,59.914657,58.551663,59.868884,46.528826,14388422
2019-12-27,60.0025,60.268268,59.568736,59.914051,46.568773,12279920
2019-12-30,60.02723,61.29008,59.775694,60.837536,47.301322,20825347
2019-12-31,60.658418,61.775951,60.175758,61.657157,47.943567,21428823
2020-01-02,61.574962,61.718013,61.44132,61.517316,47.844783,10112278
2020-01-03,61.212878,62.079874,60.612854,60.918056,47.383642,27192649
2020-01-06,60.825268,61.272675,60.49045,60.884361,47.372216,15356712
2020-01-07,60.794947,61.729807,60.473647,61.104253,47.548253,19547903
2020-01-08,61.028431,61.22874,59.952993,60.368479,46.980599,23886956
2020-01-09,60.551273,61.274207,59.874394,60.647283,47.202483,26417414
2020-01-10,61.037047,61.214031,60.569687,60.619163,47.185506,19742606
2020-01-13,60.261116,62.328711,59.512547,62.100179,48.353407,13104028
2020-01-14,62.112455,63.935783,61.860275,63.715627,49.616414,15334952
2020-01-15,63.958869,65.113316,63.533751,64.994034,50.617197,31875329
2020-01-16,65.709498,65.760854,64.229501,64.712323,50.403044,14544076
2020-01-17,64.611957,65.256196,63.572059,64.139662,49.962209,17074648
2020-01-21,64.917962,65.230609,64.054033,64.257476,50.074815,14647725
2020-01-22,64.832152,65.503451,63.191996,63.409121,49.418847,20426546
2020-01-23,63.101198,63.751827,61.676232,62.216993,48.49479,16047040
2020-01-24,62.549483,62.713096,61.431,61.685623,48.085618,14193237
2020-01-27,61.167672,61.546425,60.855834,61.224076,47.740728,22061392
2020-01-28,61.095361,61.971964,59.790584,60.021196,46.807627,9658869
2020-01-29,60.146854,62.050028,60.037364,61.45543,47.931103,19875509
2020-01-30,61.504554,61.754853,60.957431,61.549388,48.009379,18433912
2020-01-31,62.10973,62.257291,61.89456,61.998105,48.364416,17118445
2020-02-03,61.865969,63.953841,61.611459,63.438891,49.503814,27587849
2020-02-04,63.416448,63.78655,62.764904,63.006021,49.171144,14223874
2020-02-05,62.769176,64.040668,62.633741,63.800559,49.796398,23408532
2020-02-06,64.032521,64.824067,63.761335,64.658863,50.471556,19378830
2020-02-07,65.002254,65.221827,64.136625,64.516881,50.365967,11933086
2020-02-10,64.082008,65.394844,63.84198,64.787046,50.592663,17462135
2020-02-11,64.751685,65.639629,64.285898,65.338078,51.028277,16339139
2020-02-12,65.598482,65.950572,64.745838,65.103862,50.850647,24658057
2020-02-13,64.963806,65.947074,64.556518,65.668333,51.296874,14626805
2020-02-14,65.87386,66.272417,64.088804,64.192655,50.149364,17378837
2020-02-18,64.581122,64.861289,63.859818,64.346076,50.290146,19961116
2020-02-19,64.120823,64.434304,63.241122,63.529049,49.656759,12881165
2020-02-20,62.979985,64.182798,62.44087,63.905417,49.956139,25287792
2020-02-21,63.694216,64.594465,63.347578,64.109428,50.120833,23873324
2020-02-24,63.976062,64.097494,63.304431,63.75934,49.862694,16472279
2020-02-25,63.583176,64.250336,63.539589,64.018001,50.070188,24345912
2020-02-26,64.30885,64.634787,63.23626,63.276587,49.495457,22082889
2020-02-27,63.183772,63.395006,63.141679,63.245452,49.47625,17651022
2020-02-28,62.929642,63.0608,62.304625,62.916479,49.224019,13238734
2020-03-02,62.983611,63.753753,62.376012,63.72327,49.870791,19553628
2020-03-03,63.868007,64.600412,63.810366,64.142452,50.204073,23792497
2020-03-04,63.924501,64.450383,63.341591,63.68683,49.852645,12493740
2020-03-05,63.792918,64.253957,62.019501,62.312839,48.782191,13203710
2020-03-06,62.264979,62.875307,62.080317,62.803153,49.171152,12449068
2020-03-09,63.17031,63.581837,62.39326,62.740478,49.137416,19367863
2020-03-10,62.432881,63.457519,62.394566,63.034868,49.373115,18383075
2020-03-11,63.091117,63.401593,62.918001,63.3424,49.619156,10558297
2020-03-12,62.622636,63.853438,62.494606,63.491975,49.7415,24154319
2020-03-13,63.917944,64.257769,63.355514,63.930478,50.090248,20638610
2020-03-16,64.113283,64.547812,63.331619,63.392501,49.684241,21930396
2020-03-17,63.493924,64.63862,62.849226,64.308795,50.407636,12604971
2020-03-18,63.823192,64.13585,63.731708,64.006654,50.176026,33981379
2020-03-19,64.212644,65.704214,63.590185,65.562403,51.400955,16965320
2020-03-20,65.762839,65.940653,65.224512,65.448696,51.317147,25971446
2020-03-23,65.358331,66.074706,65.280944,65.821436,51.625517,22816637
2020-03-24,65.37127,65.447013,64.659023,64.874298,50.887945,19265964
2020-03-25,64.912344,65.039935,64.543757,64.944048,50.947958,12350504
2020-03-26,64.569584,65.903369,64.356224,65.727865,51.568219,8994946
2020-03-27,65.694489,65.821185,65.223504,65.354452,51.280584,16594866
2020-03-30,65.09397,65.487708,64.638617,64.881661,50.9255,14283124
2020-03-31,64.800261,65.045686,64.491133,64.885139,50.933529,24625278
2020-04-01,64.655086,65.767583,63.935083,65.659594,51.546823,12360394
2020-04-02,65.667119,65.96098,64.326559,64.773529,50.856498,17469259
2020-04-03,64.873766,65.347682,63.05026,63.668456,49.994058,26227609
2020-04-06,63.648213,64.538926,63.333227,64.344,50.540284,30474323
2020-04-07,64.448816,65.286514,64.182213,64.694467,50.820853,15598026
2020-04-08,64.765323,65.20405,64.720816,65.011369,51.075109,21427489
2020-04-09,64.61862,65.456286,64.27254,65.339323,51.338102,20734261
2020-04-13,65.011409,65.804952,64.382909,65.639791,51.595651,21474944
2020-04-14,65.710598,66.110238,64.723477,64.817503,50.954599,17255198
2020-04-15,64.912408,66.306622,64.710336,65.679457,51.637574,18711575
2020-04-16,65.74427,66.946325,65.593401,66.638541,52.397062,24397614
2020-04-17,66.925381,67.294571,66.377275,67.008104,52.693127,16205031
2020-04-20,67.091119,67.500769,66.459917,66.575618,52.369376,10664810
2020-04-21,66.528078,67.108715,66.443896,66.816959,52.564686,15633792
2020-04-22,66.204851,66.513949,63.909399,64.289639,50.581715,11776371
2020-04-23,64.128013,64.663559,63.799323,64.04634,50.395534,13412369
2020-04-24,63.502709,64.094829,62.591242,63.26083,49.782627,31020319
2020-04-27,63.495203,67.417181,62.51955,66.602903,52.429007,24888554
2020-04-28,65.994876,66.279947,64.988138,65.138852,51.281859,15891496
2020-04-29,64.868026,67.787533,63.676625,66.904435,52.677329,29901048
2020-04-30,66.810148,67.855976,62.07716,62.242329,49.01171,20812774
2020-05-01,61.593621,62.785054,60.851867,62.183176,48.970225,12996711
2020-05-04,61.238067,61.630026,60.087425,60.353434,47.544112,15385467
2020-05-05,60.877885,61.829947,60.156744,61.159744,48.184305,20181950
2020-05-06,61.589917,62.003049,59.504157,59.944294,47.231634,21126736
2020-05-07,60.39457,60.483795,58.024161,58.25975,45.909115,20564844
2020-05-08,58.823141,60.308097,57.931085,59.590773,46.962857,15845720
2020-05-11,59.499782,60.747374,58.919627,60.553609,47.736555,23323342
2020-05-12,60.119214,60.825374,59.606744,60.563366,47.749214,15561904
2020-05-13,61.511836,61.656039,57.391446,57.733274,45.522656,18769635
2020-05-14,58.766989,59.133132,58.352104,58.627485,46.23255,10587462
2020-05-15,57.081596,61.212738,56.534711,60.938013,48.05959,20543167
2020-05-18,60.948639,62.352514,59.377652,60.269111,47.546889,20111937
2020-05-19,60.509583,60.791496,57.553658,59.33979,46.818609,17725480
2020-05-20,59.711502,63.563801,58.384255,63.473086,50.084957,12959669
2020-05-21,63.178368,65.033764,62.906911,63.139188,49.82667,15801426
2020-05-22,63.706636,63.835394,61.716791,63.25817,49.925759,13353663
2020-05-26,64.089822,64.676275,59.615734,60.63779,47.877576,14652358
2020-05-27,59.322881,62.760714,58.514693,60.649944,47.892154,18674666
2020-05-28,61.069897,64.605468,60.803468,63.730445,50.329905,22856628
2020-05-29,64.105675,64.524302,63.286645,64.459005,50.910567,13060887
2020-06-01,66.248448,68.296202,63.337124,63.537272,50.198235,12950568
2020-06-02,65.49107,68.033118,57.569152,59.800626,47.250978,21188080
2020-06-03,60.330147,60.683739,58.940119,59.928826,47.357201,18253750
2020-06-04,60.170688,60.628421,59.076211,60.541499,47.846327,13731282
2020-06-05,60.087156,60.837664,58.261348,58.362865,46.129338,9401967
2020-06-08,57.653011,57.775567,56.156481,56.781249,44.893257,13414853
2020-06-09,57.293622,58.55727,52.004001,53.162325,42.036381,26664161
2020-06-10,53.195058,53.794801,49.925368,49.985319,39.528379,29953088
2020-06-11,49.986487,52.908789,49.270332,49.536431,39.177474,26267156
2020-06-12,50.094606,50.664158,46.62408,46.824552,37.036551,26985360
2020-06-15,45.919981,49.302528,45.818248,48.313229,38.22597,19970457
2020-06-16,47.436409,50.672957,45.814192,49.497553,39.167095,15013722
2020-06-17,50.111457,53.403055,49.578057,52.937237,41.893254,11493890
2020-06-18,52.694446,56.235127,51.159297,54.475626,43.115183,31469786
2020-06-19,54.579508,56.802478,52.88643,55.666477,44.062276,15342105
2020-06-22,57.326914,58.978837,54.996994,55.539141,43.975207,18001111
2020-06-23,55.835012,57.577981,55.614926,56.794548,44.973902,15327067
2020-06-24,55.791194,56.83439,54.78177,55.463002,43.92406,17960534
2020-06-25,56.152866,56.565053,55.206786,55.584298,44.0247,18450754
2020-06-26,55.980556,56.117591,53.926788,53.958826,42.741716,21619383
2020-06-29,53.501496,54.126783,52.163295,53.38735,42.302241,21910590
2020-06-30,51.934366,53.455336,50.453579,53.318024,42.251706,10595001
2020-07-01,53.668939,54.408244,53.561296,53.71072,42.567325,19208720
2020-07-02,54.258647,54.611015,52.586707,53.284933,42.23427,16023843
2020-07-06,53.684512,55.453229,53.162727,54.14994,42.93775,21141252
2020-07-07,53.620639,57.577686,53.552805,56.473157,44.784585,17657390
2020-07-08,56.844325,60.729492,55.669136,60.160929,47.714041,25703945
2020-07-09,59.241148,63.855621,57.533116,63.143477,50.084731,21184686
2020-07-10,63.862209,64.904731,63.781375,63.83013,50.634644,16982000
2020-07-13,63.875879,64.448667,61.092222,63.030194,50.015686,10941803
2020-07-14,62.086413,63.190968,60.947885,61.210864,48.577066,16678178
2020-07-15,61.165576,62.341791,59.074361,59.150668,46.946974,15038103
2020-07-16,58.009788,61.4503,55.69733,60.224629,47.804334,14360928
2020-07-17,59.198943,60.473979,58.73605,60.169991,47.765933,16324484
2020-07-20,60.328478,61.140311,57.525331,58.03582,46.086103,21074221
2020-07-21,58.380356,59.838938,53.823969,54.203706,43.047509,13766944
2020-07-22,54.277639,56.28829,52.530607,55.235467,43.871478,22005174
2020-07-23,54.861015,55.046586,52.281448,52.48695,41.69277,24465986
2020-07-24,52.679141,55.084989,51.589808,54.235712,43.086374,13974766
2020-07-27,53.389168,53.720128,52.073805,52.752318,41.921006,11151215
2020-07-28,53.576929,53.691109,52.79632,53.358917,42.407468,15965286
2020-07-29,52.905525,53.366985,51.541876,53.043134,42.160883,23576919
2020-07-30,53.236104,54.815921,51.610657,52.061846,41.385219,12178326
2020-07-31,51.526996,52.996476,51.346158,51.938272,41.291283,10161957
2020-08-03,52.167827,53.222617,51.401943,53.114501,42.239575,20449847
2020-08-04,53.042375,54.232775,51.813251,52.179297,41.500167,20385803
2020-08-05,51.881976,53.560135,51.248922,52.236203,41.549749,24172197
2020-08-06,53.320519,53.979618,48.893968,50.539741,40.204531,10070868
2020-08-07,49.625455,50.813987,49.094847,50.317652,40.032023,21234829
2020-08-10,51.100384,51.521203,50.026186,50.133697,39.898121,30728476
2020-08-11,50.646889,50.713648,47.876677,48.574413,38.661212,21243217
2020-08-12,48.248168,48.737337,47.572696,47.898292,38.127042,7772251
2020-08-13,48.061601,48.429887,47.699694,48.271554,38.428156,18133188
2020-08-14,48.564569,49.445919,47.800401,48.743558,38.807948,25352817
2020-08-17,49.368321,49.39254,46.641617,47.845021,38.104454,12298657
2020-08-18,48.162144,48.230515,45.177138,45.716795,36.413293,30645214
2020-08-19,45.844016,48.019519,45.582563,46.937924,37.389809,21343751
2020-08-20,47.040076,49.344936,46.78606,48.650801,38.758284,24246975
2020-08-21,47.920239,49.093533,47.266319,48.032483,38.269674,12926932
2020-08-24,47.117386,47.364133,45.932214,45.971843,36.639303,17867213
2020-08-25,45.913056,46.896408,42.283812,42.794331,34.110392,11667960
2020-08-26,43.339436,43.971445,43.277734,43.569289,34.731706,13756929
2020-08-27,43.65838,44.045702,42.467374,43.258128,34.487249,20544315
2020-08-28,42.844853,45.121242,42.50504,44.272159,35.299351,15213239
2020-08-31,43.788106,46.058288,43.491422,45.040036,35.92281,21304127
2020-09-01,44.349415,46.199051,43.924344,45.031183,35.919485,15091339
2020-09-02,45.641191,46.269039,42.503086,44.106595,35.185641,16770343
2020-09-03,44.46479,44.69351,41.739047,42.079538,33.572067,22784267
2020-09-04,42.928235,45.478798,42.816354,44.912672,35.836137,42268599
2020-09-08,44.48523,44.995273,44.092972,44.53718,35.551321,15832351
2020-09-09,44.306551,47.134363,44.054412,46.351209,37.0032,23094646
2020-09-10,46.792382,48.506124,45.415709,47.566234,37.977132,16358403
2020-09-11,46.599362,51.266853,46.551624,50.026736,39.945766,27689244
2020-09-14,50.940448,52.121826,49.195286,51.655196,41.258947,18527188
2020-09-15,51.288306,53.776915,50.719356,53.271101,42.554059,21831213
2020-09-16,53.351591,56.778833,51.993299,55.8027,44.58099,19887710
2020-09-17,55.809579,56.062169,52.86295,54.293624,43.379896,22478455
2020-09-18,54.677776,54.890669,52.962496,54.365042,43.441478,30093788
2020-09-21,53.451469,56.309477,51.982115,55.080911,44.027247,12257231
2020-09-22,54.619343,55.384337,52.996713,53.194131,42.523531,14269062
2020-09-23,52.943261,54.522936,51.509829,53.453192,42.735071,15189092
2020-09-24,52.388002,55.020463,52.206016,54.474988,43.556513,15222697
2020-09-25,53.4452,55.191253,52.840847,55.107213,44.066605,25460190
2020-09-28,54.238897,54.565466,51.904104,53.314294,42.646202,11461384
2020-09-29,53.967588,54.545671,51.382008,51.999631,41.598928,15914614
2020-09-30,52.574479,53.23179,50.375495,51.131749,40.908892,26581319
2020-10-01,50.596506,50.871846,46.926225,47.362911,37.897506,22152885
2020-10-02,47.039597,48.968792,45.625531,48.819338,39.066933,19465457
2020-10-05,48.601642,50.245103,48.491904,49.901722,39.94556,19915782
2020-10-06,50.911843,51.272575,49.534004,50.10845,40.115216,24066412
2020-10-07,50.180454,50.482481,49.581707,50.395457,40.349182,17422243
2020-10-08,51.2465,51.405409,50.636308,50.784457,40.664866,18091468
2020-10-09,51.277506,52.379429,48.889739,49.282662,39.466433,16980367
2020-10-12,50.06611,50.870396,49.819777,50.422013,40.39145,10231097
2020-10-13,50.550544,51.05406,48.940591,50.055903,40.102343,10688502
2020-10-14,49.551528,50.231133,49.047662,50.165633,40.194435,12486869
2020-10-15,50.26877,50.34669,47.540044,48.323909,38.72281,18415915
2020-10-16,47.955274,48.046557,46.478833,46.975733,37.646409,25186247
2020-10-19,46.572495,46.873296,46.233558,46.682293,37.422925,20201956
2020-10-20,46.648316,47.040811,45.432097,46.866373,37.574402,22231327
2020-10-21,46.483638,47.554444,45.515045,47.271741,37.903343,18203642
2020-10-22,47.17412,48.359801,44.72496,45.295983,36.322923,13718802
2020-10-23,45.549519,45.677116,45.013666,45.4247,36.42993,15358368
2020-10-26,45.624777,49.781353,44.875677,48.355845,38.792771,18990348
2020-10-27,47.514881,50.272009,46.964139,49.752149,39.917089,16016720
2020-10-28,50.120517,51.106972,49.590934,50.638662,40.632582,24891656
2020-10-29,50.782694,51.635186,50.019698,50.053988,40.167617,22161077
2020-10-30,49.607153,49.952088,48.414278,49.346759,39.604196,18012334
2020-11-02,49.266522,49.651546,48.093603,48.150334,38.656045,20769278
2020-11-03,48.503078,50.500782,48.349029,50.19175,40.299126,19067911
2020-11-04,49.752484,49.818833,49.301868,49.656004,39.873122,13274753
2020-11-05,49.603777,49.851678,49.474588,49.723745,39.931672,14250164
2020-11-06,49.605474,50.23067,48.52988,49.197375,39.51307,25764429
2020-11-09,49.302754,49.74822,48.617768,48.985927,39.355526,14346215
2020-11-10,48.937458,49.751426,48.772028,49.470351,39.74885,8603817
2020-11-11,49.510138,50.163258,48.999301,49.515441,39.789219,26523471
2020-11-12,49.477587,49.582258,48.536871,48.750328,39.178471,12017086
2020-11-13,48.728981,49.963669,48.379472,49.796257,40.023202,30938683
2020-11-16,49.549324,50.544993,49.153725,49.852655,40.081039,18424255
2020-11-17,49.973132,50.00612,49.054878,49.116123,39.492983,13754903
2020-11-18,48.600096,48.808123,47.721781,47.835209,38.467036,15942641
2020-11-19,47.682337,48.082837,47.316191,47.808806,38.449803,26712135
2020-11-20,47.887083,48.63198,47.806009,48.38948,38.920855,17584678
2020-11-23,48.279846,48.454,47.801516,48.21179,38.790039,14503207
2020-11-24,47.999402,48.619022,47.351935,47.409282,38.148329,20066590
2020-11-25,47.331473,48.092831,47.072754,47.61297,38.316215,18512879
2020-11-27,47.211109,47.905498,47.16547,47.414062,38.164085,13773907
2020-11-30,47.442734,47.509631,47.180441,47.376713,38.145927,21004938
2020-12-01,47.434682,48.10038,47.370024,48.008352,38.65852,15288932
2020-12-02,48.056072,48.081235,47.753855,47.854169,38.538374,10132513
2020-12-03,47.889626,48.481083,47.35789,48.312934,38.911879,12063271
2020-12-04,48.340396,48.742787,47.02943,47.457127,38.226577,14697249
2020-12-07,47.572599,47.650205,47.221762,47.432019,38.21828,20486768
2020-12-08,47.348693,47.42212,47.011345,47.157801,38.001282,19757758
2020-12-09,47.198786,47.310966,46.738823,46.872824,37.775569,21899410
2020-12-10,46.799726,47.006509,46.763505,46.819038,37.736148,12234508
2020-12-11,47.002614,47.103596,46.96618,47.069841,37.942242,12322318
2020-12-14,47.101614,47.19942,46.460311,46.587195,37.564911,20509507
2020-12-15,46.438795,46.704666,46.328453,46.393236,37.412408,14507504
2020-12-16,46.560349,46.749163,46.26944,46.347862,37.379706,20300603
2020-12-17,46.322213,47.632538,46.171489,47.336739,38.181211,20684744
2020-12-18,47.57636,48.229586,47.443659,47.909245,38.647007,14058083
2020-12-21,47.749448,47.798862,47.056367,47.610008,38.41761,22849219
2020-12-22,47.406894,47.482086,46.919113,47.409312,38.259644,30753546
2020-12-23,47.303193,47.824722,47.197759,47.705395,38.502591,17464768
2020-12-24,47.95664,48.610407,46.805845,47.14061,38.050717,16831622
2020-12-28,47.205786,47.500281,46.259802,46.360914,37.436941,27370980
2020-12-29,46.122566,47.088195,45.904145,47.048305,37.995971,18554434
2020-12-30,46.887481,47.630128,46.795818,47.373245,38.262371,13265870
2020-12-31,47.367085,47.696069,47.118664,47.645466,38.486242,16433173
2021-01-04,47.528785,47.811358,46.694572,46.92961,37.923779,10839130
2021-01-05,47.375381,47.44308,46.03705,46.226385,37.35939,13287157
2021-01-06,45.715412,46.212556,45.579366,46.150555,37.301986,21639104
2021-01-07,46.102806,46.224572,45.734115,45.760268,36.990378,9948095
2021-01-08,45.902201,46.24252,45.087272,45.264519,36.593445,17861830
2021-01-11,45.685714,46.173682,45.284662,45.925979,37.139783,17973002
2021-01-12,45.913259,46.37211,45.875621,46.090115,37.276396,24517713
2021-01-13,46.075313,46.257173,45.772331,45.853093,37.088558,19143717
2021-01-14,45.772248,45.81534,44.704683,45.029903,36.426505,25658463
2021-01-15,45.112202,45.353997,44.356269,45.20032,36.568166,13263931
2021-01-19,44.847537,45.712158,44.79597,45.576627,36.887956,23783374
2021-01-20,45.650478,45.845281,45.406621,45.603306,36.913388,21783432
2021-01-21,45.814501,45.896471,44.702156,45.091173,36.502643,23320156
2021-01-22,45.143473,45.523167,43.914238,44.182501,35.770767,19437254
2021-01-25,44.126485,44.599363,43.957702,44.567219,36.093504,19701024
2021-01-26,44.306995,44.459979,44.015214,44.411486,35.971123,11642230
2021-01-27,44.281492,45.251813,44.162748,45.108587,36.539542,12990686
2021-01-28,44.790777,45.370088,44.771856,44.978612,36.438048,19070703
2021-01-29,45.019243,45.136511,44.084402,44.16409,35.781911,22173812
2021-02-01,44.294978,45.063155,44.142849,44.188543,35.812898,21079127
2021-02-02,44.309414,44.643945,44.270892,44.505213,36.073298,13037592
2021-02-03,44.371478,45.268291,44.278888,45.022245,36.496171,32989177
2021-02-04,45.138138,45.578963,43.994541,44.108738,35.759379,12095518
2021-02-05,44.494383,44.622565,44.180584,44.588406,36.152012,14765348
2021-02-08,44.389968,44.538979,43.784615,43.902157,35.606717,17879120
2021-02-09,43.874755,44.451966,43.636664,44.038919,35.721354,19414083
2021-02-10,44.031747,44.064759,42.942565,43.097733,34.961565,16806482
2021-02-11,43.12595,44.159635,43.016401,43.558796,35.339263,16661245
2021-02-12,43.629297,43.747176,43.186346,43.556198,35.340832,10384995
2021-02-16,43.240865,44.381991,43.2193,44.269995,35.934947,15318816
2021-02-17,44.390491,44.815738,44.164775,44.629623,36.230635,24129872
2021-02-18,44.678431,44.854401,43.816486,44.024865,35.743406,15868296
2021-02-19,43.809984,43.859071,43.143805,43.215992,35.09034,17314714
2021-02-22,42.990881,43.562818,42.965633,43.376728,35.231848,21885332
2021-02-23,43.504619,43.632309,42.383365,42.591621,34.59776,14801941
2021-02-24,42.931276,43.18392,42.159413,42.176663,34.264249,17173612
2021-02-25,42.217914,42.498621,41.947362,42.456545,34.495214,27604965
2021-02-26,42.518806,42.538643,41.203037,41.580517,33.786971,12843924
2021-03-01,41.477337,41.91547,41.118602,41.664532,33.865807,28548668
2021-03-02,42.02927,42.050104,41.600525,41.706157,33.903168,17790268
2021-03-03,41.642645,42.760091,41.604029,42.516965,34.565874,15350677
2021-03-04,42.312485,42.919763,42.130542,42.67081,34.694558,18685209
2021-03-05,42.749282,42.930116,42.168604,42.249766,34.355792,16546195
2021-03-08,42.269528,42.292026,41.515802,41.693537,33.914072,26226709
2021-03-09,41.77815,41.93705,41.537889,41.704164,33.926246,16926971
2021-03-10,41.696179,41.767274,40.827462,40.928392,33.298621,16527110
2021-03-11,41.105239,41.159408,40.280659,40.631829,33.060782,21569571
2021-03-12,40.86109,41.21409,40.171766,40.298867,32.793273,17876723
2021-03-15,40.050017,41.874452,39.280275,41.328375,33.641536,17824756
2021-03-16,41.521678,42.165039,40.481915,40.815314,33.227358,28024235
2021-03-17,41.226415,42.566183,41.065837,42.095372,34.273006,25086429
2021-03-18,42.208854,42.663934,40.83259,41.438022,33.741319,20733164
2021-03-19,42.065731,42.436781,40.320906,40.422924,32.91819,22746106
2021-03-22,40.164863,40.883417,40.12535,40.823396,33.25469,30982633
2021-03-23,40.24246,40.4521,40.050836,40.320914,32.848786,11917543
2021-03-24,39.976459,40.392389,39.775436,40.375246,32.896472,21292709
2021-03-25,40.347294,40.492222,39.96663,40.297757,32.836752,11547439
2021-03-26,40.499837,40.844094,39.737533,39.876432,32.496814,17945764
2021-03-29,39.615561,40.677651,39.487006,40.231283,32.796231,25547730
2021-03-30,40.357478,40.470723,39.000569,39.508197,32.210128,11321980
2021-03-31,39.346484,39.455822,38.331741,39.216705,31.975807,20055788
2021-04-01,39.288244,39.418036,38.550328,38.697753,31.555957,24267430
2021-04-05,38.548463,39.739694,38.477128,39.5451,32.260345,24624008
2021-04-06,39.575295,39.750622,38.436413,38.614003,31.504047,26303832
2021-04-07,38.67129,38.734755,38.506014,38.714639,31.589439,20151443
2021-04-08,38.604534,38.993026,38.401788,38.526709,31.439367,13489590
2021-04-09,38.575689,38.596125,38.005186,38.291326,31.250536,16802803
2021-04-12,38.362204,38.815929,37.838294,38.731478,31.619623,26394322
2021-04-13,38.384104,39.139472,38.048397,39.069839,31.899173,24453283
2021-04-14,39.142899,39.645992,38.967906,38.992979,31.839732,11630739
2021-04-15,39.15061,39.528167,39.048721,39.311774,32.103384,15985165
2021-04-16,39.163794,40.130124,38.960299,39.985658,32.657099,15427926
2021-04-19,39.988432,40.997916,39.914672,40.616147,33.182387,20653405
2021-04-20,40.686676,40.904311,39.682542,39.786751,32.508173,9884403
2021-04-21,39.45289,40.6328,39.341038,40.237089,32.879547,28696658
2021-04-22,40.236846,40.451911,39.70355,39.76076,32.493697,11511008
2021-04-23,39.939098,40.155945,39.14918,39.570254,32.341375,18772713
2021-04-26,39.245093,39.549277,39.183886,39.361781,32.181029,23332791
2021-04-27,39.540914,39.635426,39.203781,39.337308,32.164367,17792648
2021-04-28,39.469798,39.529469,38.873532,39.001493,31.893104,15889315
2021-04-29,38.91793,39.00706,38.51492,38.670652,31.625852,19181918
2021-04-30,38.708082,39.145521,38.453477,39.126334,32.001849,16144390
2021-05-03,39.20429,39.620786,37.760046,37.964952,31.061636,17975861
2021-05-04,37.713323,37.778787,37.252506,37.627041,30.788371,14739862
2021-05-05,37.9796,38.02909,37.036693,37.219912,30.458406,17338824
2021-05-06,37.211754,37.643158,36.948356,37.531899,30.716912,19242713
2021-05-07,37.596661,37.945725,37.232785,37.377052,30.593365,16863859
2021-05-10,37.364186,37.913599,37.181482,37.576962,30.766593,32795486
2021-05-11,37.717576,37.798682,37.606422,37.625987,30.809938,16896130
2021-05-12,37.820077,38.072008,37.495906,37.595803,30.788426,14437094
2021-05-13,37.701429,38.007799,36.998436,37.262447,30.518605,17179483
2021-05-14,37.396067,38.231331,37.358948,38.00243,31.127902,33139538
2021-05-17,38.110731,38.157303,37.855468,38.02303,31.154498,26201977
2021-05-18,37.898749,39.080841,37.619064,38.70555,31.717026,26010757
2021-05-19,38.799637,39.298674,37.108733,37.306937,30.574122,23590135
2021-05-20,37.170504,37.214944,36.930706,37.159698,30.456624,16209750
2021-05-21,37.232669,37.249373,36.682436,37.223509,30.512099,29851495
2021-05-24,37.278428,37.358278,37.22989,37.328886,30.608028,24012869
2021-05-25,37.386489,38.543103,37.310713,38.524319,31.591516,10670905
2021-05-26,38.743077,39.609225,38.445568,39.573124,32.454956,20830810
2021-05-27,39.818889,39.953278,38.78798,39.263933,32.20473,35388147
2021-05-28,39.183799,39.473267,38.776146,39.221376,32.173171,19594792
2021-06-01,38.934293,38.953569,38.242899,38.367367,31.485731,18897306
2021-06-02,38.325284,38.349154,37.242275,37.369816,30.670293,32626891
2021-06-03,37.590104,37.967554,36.379938,36.477873,29.941369,19700167
2021-06-04,36.486029,37.090657,36.258383,36.978477,30.355428,12889588
2021-06-07,37.09336,37.273221,36.218085,36.398849,29.888941,22428762
2021-06-08,36.525838,36.912106,35.673942,36.188517,29.719319,22925763
2021-06-09,36.122935,36.575594,35.911897,36.389862,29.88778,24643269
2021-06-10,36.548658,37.274727,36.533932,37.196318,30.553318,18982655
2021-06-11,37.269573,37.315976,36.392764,36.498013,29.982845,8321267
2021-06-14,36.532185,36.9899,36.24809,36.728429,30.181548,11047318
2021-06-15,36.926627,37.543554,36.707914,37.321419,30.672028,8985742
2021-06-16,37.250253,38.019299,37.137077,37.65919,30.95284,17105595
2021-06-17,37.558989,38.102026,36.070893,36.294806,29.83453,32733994
2021-06-18,36.539181,36.712729,36.010571,36.227763,29.782518,19097929
2021-06-21,36.292789,36.454861,35.929338,36.198375,29.767648,17346251
2021-06-22,36.318002,36.655743,36.222394,36.590729,30.09343,19634272
2021-06-23,36.300996,36.835489,35.318759,35.334704,29.063457,28739281
2021-06-24,35.871999,35.94454,34.921869,35.242321,28.990486,28757063
2021-06-25,35.31422,35.590677,35.183237,35.49712,29.203123,18726540
2021-06-28,35.252793,35.394455,34.716408,35.088801,28.876214,13100184
2021-06-29,35.032616,35.327739,33.836541,34.668158,28.533016,14341436
2021-06-30,34.800884,35.206199,34.352824,35.169558,28.948696,22324879
2021-07-01,35.433954,35.55532,35.186772,35.486152,29.212329,20339147
2021-07-02,35.961202,36.393688,35.871827,36.18487,29.790616,21412476
2021-07-06,36.119341,37.187653,36.057412,36.872336,30.369235,19038761
2021-07-07,36.840105,37.673236,36.702863,37.655317,31.01735,17690616
2021-07-08,37.737836,37.982566,37.489248,37.965061,31.275745,22059823
2021-07-09,38.059091,38.196986,38.013424,38.111561,31.399699,14665696
2021-07-12,38.161528,38.463536,37.700199,37.821005,31.170041,19543749
2021-07-13,37.703881,38.423568,37.59675,38.213056,31.496424,18917206
2021-07-14,37.924014,38.148701,37.445513,37.831484,31.185164,11654506
2021-07-15,37.93601,38.379391,37.466924,37.668961,31.054424,16094353
2021-07-16,37.598827,37.629535,37.57538,37.59676,30.998127,14795480
2021-07-19,37.73746,37.939001,37.567806,37.77727,31.156679,14831583
2021-07-20,37.684593,39.068047,37.119498,38.863734,32.056071,13017267
2021-07-21,38.684501,38.735787,38.506787,38.536257,31.789264,20208698
2021-07-22,38.745576,38.942584,38.3097,38.398672,31.679064,10241804
2021-07-23,38.392185,38.766513,38.146179,38.487885,31.755968,15148885
2021-07-26,38.537198,38.569292,38.046031,38.115007,31.458127,23151154
2021-07-27,38.128497,38.167135,37.883129,38.082754,31.434777,9110021
2021-07-28,38.304931,38.58061,37.62057,37.758219,31.170138,22751385
2021-07-29,37.817494,38.516624,37.697701,38.400604,31.703738,20543335
2021-07-30,38.206673,38.274729,37.724023,37.97424,31.354992,21789306
2021-08-02,37.96146,38.111133,37.447331,37.617365,31.070018,16729027
2021-08-03,38.06184,39.040999,37.890415,38.957437,32.180197,25376963
2021-08-04,39.426453,39.458541,38.816999,38.860023,32.10307,18142597
2021-08-05,38.917873,39.274373,37.797003,38.110168,31.486875,19898143
2021-08-06,38.270729,38.452091,37.553801,37.809139,31.241413,15457749
2021-08-09,37.676505,39.084674,37.610357,38.909272,32.160481,19082854
2021-08-10,39.229486,39.322799,38.735214,38.879873,32.139524,43362694
2021-08-11,38.636073,40.817197,38.277618,40.542979,33.517796,43106539
2021-08-12,40.732955,41.330867,40.317317,41.054841,33.944495,15316647
2021-08-13,40.763432,41.127397,40.635804,41.039434,33.935287,10173946
2021-08-16,40.706653,41.434213,40.570622,40.976972,33.894214,19125942
2021-08-17,41.145701,41.837398,40.771406,41.541403,34.36466,19989787
2021-08-18,41.37785,41.570829,40.993524,41.456728,34.298182,23968633
2021-08-19,41.589272,41.793197,40.91688,41.029163,33.947979,20780553
2021-08-20,41.051809,41.115187,40.039809,40.306645,33.353629,17523758
2021-08-23,40.276583,40.751698,39.86937,40.570486,33.582436,13048714
2021-08-24,40.501572,41.191731,40.47634,41.000312,33.941759,21442350
2021-08-25,40.837893,40.883173,40.198628,40.307905,33.372027,18180815
2021-08-26,40.389527,40.913955,40.279502,40.511869,33.544385,13760342
2021-08-27,40.888581,41.212707,39.081676,39.317469,32.558792,32784361
2021-08-30,39.371764,39.548493,39.194154,39.231462,32.497711,24958602
2021-08-31,39.324412,39.691254,39.216259,39.58729,32.795876,27145850
2021-09-01,39.403062,39.667952,39.267866,39.564481,32.78039,17495395
2021-09-02,39.342301,39.67354,39.142729,39.600882,32.813963,38916628
2021-09-03,39.387159,39.519597,39.120256,39.42685,32.673156,26891289
2021-09-07,39.335485,40.783371,39.02081,40.409688,33.501576,22183139
2021-09-08,40.46776,40.717378,39.678486,39.824993,33.020271,11213098
2021-09-09,39.923191,41.486513,39.614735,41.281713,34.231649,13974687
2021-09-10,41.091851,42.489508,40.787829,42.433087,35.190053,16874037
2021-09-13,42.463031,42.816433,41.71462,41.904323,34.762393,13714499
2021-09-14,41.450519,42.687892,41.055955,42.491245,35.252952,18905011
2021-09-15,42.320535,42.430056,42.177906,42.334341,35.12643,23435018
2021-09-16,42.433828,42.77878,42.070885,42.299013,35.100769,12783315
2021-09-17,41.739312,42.646154,41.445434,42.470195,35.246487,21564476
2021-09-20,42.325696,42.694853,42.215251,42.551741,35.325186,15088591
2021-09-21,42.341424,42.414631,41.369561,41.573422,34.516606,19264255
2021-09-22,41.616327,41.997718,41.078202,41.592354,34.535917,19455579
2021-09-23,41.75223,42.42071,41.611355,42.063533,34.930791,16037992
2021-09-24,42.285843,42.431938,41.342572,41.573903,34.52778,25521002
2021-09-27,41.64439,42.268082,41.158064,42.225607,35.079977,16862712
2021-09-28,42.167131,43.318682,42.114979,42.835193,35.590109,23014114
2021-09-29,42.856605,43.332215,42.375607,43.084422,35.800908,16263692
2021-09-30,43.299573,44.146139,43.047801,43.914352,36.494334,13491370
2021-10-01,44.177219,44.49468,43.456941,43.853697,36.447719,18830009
2021-10-04,43.782112,45.038091,43.659518,44.704046,37.16606,10024421
2021-10-05,44.833149,45.23629,44.164426,44.388747,36.907766,24941964
2021-10-06,44.618234,44.924468,43.20336,43.670632,36.314455,18313743
2021-10-07,43.51998,45.147151,43.487156,44.91207,37.350663,10088103
2021-10-08,44.832752,44.86855,44.619035,44.73509,37.20735,16185773
2021-10-11,44.418282,45.497924,44.233043,45.076939,37.503378,39334437
2021-10-12,44.980946,45.256125,44.275508,44.435484,36.973543,22100477
2021-10-13,44.673098,44.702504,44.015338,44.35279,36.908576,21413108
2021-10-14,44.189022,44.715547,43.574067,43.789057,36.443251,12489852
2021-10-15,44.012738,44.091496,43.568413,43.884722,36.526668,15761297
2021-10-18,44.062557,44.987127,43.795579,44.499599,37.050012,14159593
2021-10-19,44.579531,45.06112,44.256692,45.008515,37.477631,29509104
2021-10-20,44.827428,46.204939,44.788054,45.89179,38.217091,16118848
2021-10-21,46.161312,46.542971,45.891113,46.083757,38.380947,15954812
2021-10-22,46.070116,46.37688,45.806574,46.279523,38.548001,22634742
2021-10-25,46.273943,47.188724,45.946688,47.104652,39.24753,15031462
2021-10-26,47.042949,47.130817,46.374587,46.930515,39.106508,13980250
2021-10-27,47.071723,47.541625,46.758624,47.243926,39.371765,17946707
2021-10-28,47.346582,47.557605,47.322388,47.360876,39.473335,15791157
2021-10-29,47.43259,47.484989,46.197449,46.239673,38.542868,29959436
2021-11-01,46.292203,46.320627,45.606466,45.756374,38.151922,14901407
2021-11-02,45.538587,46.175276,45.486723,46.146335,38.481077,28649788
2021-11-03,46.23615,46.857525,46.104485,46.457878,38.744902,17303692
2021-11-04,46.308703,46.874173,46.262991,46.672354,38.92782,13669388
2021-11-05,46.405298,47.526199,46.336329,46.833833,39.066568,13349392
2021-11-08,46.885754,47.219694,45.721406,45.747491,38.172305,14215365
2021-11-09,45.983181,46.187964,45.714656,45.769647,38.194766,12425821
2021-11-10,45.935006,46.671648,45.634791,46.497997,38.806611,19674399
2021-11-11,46.578377,46.909772,45.892374,46.043088,38.430948,14171785
2021-11-12,46.2444,46.474085,46.115331,46.260437,38.616381,18898249
2021-11-15,46.128417,46.796575,46.085942,46.109684,38.502554,15452879
2021-11-16,45.998867,46.359964,45.399507,45.495045,37.99327,16574450
2021-11-17,45.435148,45.56767,43.752638,44.108898,36.83952,15835357
2021-11-18,44.204392,44.403752,42.957388,43.336625,36.198287,14209536
2021-11-19,43.145117,43.793576,43.030311,43.164707,36.058439,12576000
2021-11-22,43.42663,43.510404,42.847169,43.124206,36.035851,16797738
2021-11-23,43.243807,43.487076,42.807255,43.140313,36.053061,23252528
2021-11-24,43.277477,43.563481,42.624542,42.844778,35.809803,14990782
2021-11-26,42.593634,42.808125,41.829771,42.112279,35.204903,7278682
2021-11-29,41.792255,42.584716,41.593841,42.395112,35.452408,23504216
2021-11-30,42.409507,42.481235,41.194331,41.436474,34.654364,12567401
2021-12-01,41.572739,43.324418,41.323822,43.157283,36.097275,25758302
2021-12-02,43.146961,43.254596,41.975448,42.079541,35.1995,13889980
2021-12-03,41.854521,42.739908,41.61902,42.258574,35.352939,19146378
2021-12-06,42.375957,42.666846,41.842256,42.190252,35.3068,15922427
2021-12-07,41.93619,43.208616,41.505344,42.753387,35.78178,24880246
2021-12-08,42.363864,42.637489,42.138235,42.287651,35.395672,19035347
2021-12-09,42.695899,43.059565,41.784285,41.912113,35.084989,19154550
2021-12-10,42.075371,42.308548,40.871536,41.385748,34.647969,16206865
2021-12-13,41.324932,42.034323,41.213873,41.855809,35.052441,20352063
2021-12-14,41.814093,42.310301,41.782901,42.170528,35.319678,12365274
2021-12-15,42.008373,42.436753,41.884392,42.386118,35.503938,18999354
2021-12-16,42.369617,42.759652,42.188203,42.67037,35.745755,14643492
2021-12-17,42.541715,42.849131,42.13916,42.436105,35.553206,14601596
2021-12-20,42.305358,42.461902,41.965478,42.1347,35.311707,17314873
2021-12-21,41.889512,42.204297,41.011166,41.20409,34.535386,15683351
2021-12-22,41.130508,42.048149,40.951581,41.766198,35.010161,13346783
2021-12-23,41.719355,41.756573,41.290019,41.492604,34.784442,15475745
2021-12-27,41.436079,41.947016,41.303698,41.76756,35.02952,17468487
2021-12-28,41.88331,41.934725,41.135458,41.280844,34.624925,17377774
2021-12-29,41.200582,41.345662,41.179481,41.231958,34.587519,13634686
2021-12-30,41.443033,41.476935,41.342197,41.409224,34.739833,15718461
2021-12-31,41.709166,41.954663,41.006803,41.052143,34.443847,16163025
2022-01-03,40.988152,41.186119,39.986758,40.39847,33.905979,21787252
2022-01-04,40.602316,41.150827,40.35971,41.113934,34.51005,19553211
2022-01-05,41.187048,41.345592,40.245037,40.599782,34.082029,15557259
2022-01-06,40.626159,40.84474,40.43393,40.739504,34.202879,16445788
2022-01-07,40.796238,40.820973,39.838038,40.024927,33.606451,31270315
2022-01-10,40.096919,40.652516,40.068853,40.482123,34.000941,33689885
2022-01-11,40.609011,40.835885,40.226293,40.301044,33.852374,13984197
2022-01-12,40.153793,40.380752,39.985564,40.26338,33.824255,13861996
2022-01-13,40.137111,40.210964,39.47511,39.621218,33.288255,19186177
2022-01-14,39.510638,40.155668,39.452455,40.063856,33.663644,13617172
2022-01-18,40.108175,40.429628,39.97078,40.238842,33.824749,24142126
2022-01-19,40.164022,40.233106,39.643754,39.796234,33.456174,18079350
2022-01-20,39.772359,40.572989,39.52914,40.279488,33.865963,16763966
2022-01-21,39.998545,40.498076,39.734585,40.378856,33.953041,28874186
2022-01-24,40.393899,40.56793,40.129687,40.475991,34.045342,15075488
2022-01-25,40.418384,40.554982,39.988737,40.194052,33.811714,20326683
2022-01-26,40.501388,40.718602,40.28599,40.302405,33.906389,22620526
2022-01-27,40.564589,40.788163,39.84368,40.142362,33.775259,11307826
2022-01-28,40.224195,40.241891,39.424815,39.446527,33.193246,11648744
2022-01-31,39.413645,40.007634,39.167261,39.636943,33.363888,23268522
2022-02-01,39.418341,39.517534,38.413472,38.465377,32.381106,18199643
2022-02-02,38.466665,38.545437,38.190687,38.268226,32.218491,18077967
2022-02-03,38.194435,38.659959,37.940687,38.552457,32.461165,18406681
2022-02-04,38.740078,38.822706,38.45861,38.639867,32.53815,14816560
2022-02-07,38.735716,39.013736,38.597741,38.987987,32.841546,15921484
2022-02-08,38.816562,39.187042,38.653385,39.086003,32.927536,26577680
2022-02-09,39.014682,39.595088,38.974021,39.577848,33.345354,21594398
2022-02-10,39.661224,40.227856,39.555066,39.969452,33.678794,40443859
2022-02-11,40.061297,40.270314,39.374307,39.539396,33.319889,14684625
2022-02-14,39.456681,39.480909,39.402149,39.422651,33.231878,11475979
2022-02-15,39.507561,39.728725,39.409101,39.646022,33.423649,20650771
2022-02-16,39.372431,39.40891,39.115556,39.281746,33.119991,14130635
2022-02-17,39.264705,39.345707,38.651548,38.869314,32.775664,11969307
2022-02-18,38.895367,39.322151,38.878767,39.234634,33.087153,19040857
2022-02-22,39.358262,39.65223,38.807685,39.043198,32.939417,14702759
2022-02-23,38.942214,40.081868,38.747083,39.787829,33.57113,15381026
2022-02-24,39.882312,40.143072,39.281548,39.349533,33.204771,24289137
2022-02-25,39.275272,39.514491,38.847069,39.016243,32.926952,22497286
2022-02-28,39.088068,39.347682,38.749096,38.803784,32.757874,20291704
2022-03-01,38.713081,38.780215,38.522984,38.686678,32.662412,15197915
2022-03-02,38.720221,38.862946,38.350474,38.4737,32.485978,12928292
2022-03-03,38.222273,38.617541,38.138741,38.338423,32.375123,22736245
2022-03-04,38.259581,38.570234,37.944656,38.515711,32.528219,23328372
2022-03-07,38.446118,39.006809,38.229409,38.852382,32.822795,15520275
2022-03-08,38.864877,38.947244,38.709515,38.809591,32.790056,15750655
2022-03-09,38.692941,38.895555,38.338915,38.627304,32.639439,23298929
2022-03-10,38.665243,39.243635,38.46166,38.976455,32.937892,8429720
2022-03-11,38.998605,39.193867,38.402312,38.43663,32.485081,18348578
2022-03-14,38.386611,38.931077,38.352094,38.441133,32.499029,17648276
2022-03-15,38.214915,39.095478,37.868828,38.82938,32.830677,19877579
2022-03-16,38.918373,39.287601,38.89516,38.93291,32.921637,20165293
2022-03-17,38.90216,38.988698,38.739208,38.762544,32.780986,24340201
2022-03-18,38.988399,39.62865,38.922794,39.072583,33.04662,13777863
2022-03-21,38.995047,39.035194,38.714357,38.807333,32.832525,19486753
2022-03-22,38.991902,39.206245,38.754657,38.886272,32.902733,20876434
2022-03-23,38.749426,39.157216,38.688096,39.057846,33.051345,15681178
2022-03-24,39.017641,39.659039,38.848071,39.566048,33.484876,18132520
2022-03-25,39.544326,39.777161,39.459842,39.645067,33.555242,19657269
2022-03-28,39.840646,39.880669,39.612458,39.659654,33.578066,16219420
2022-03-29,39.678603,39.849801,39.622312,39.78768,33.689965,22500873
2022-03-30,39.907531,40.159573,38.896376,39.152125,33.155262,20286114
2022-03-31,39.385152,39.469167,38.856936,38.883217,32.930968,22923599
2022-04-01,39.047121,39.657569,38.880654,39.408044,33.378928,20770744
2022-04-04,39.385595,39.538474,39.34351,39.422278,33.401407,17772751
2022-04-05,39.356102,39.684099,39.294384,39.600505,33.555905,7931868
2022-04-06,39.645859,39.948877,39.55103,39.913524,33.824664,12720262
2022-04-07,39.796421,40.115534,39.680422,39.763733,33.701229,17487701
2022-04-08,39.603231,39.863482,39.430799,39.741954,33.686275,17360055
2022-04-11,39.659447,39.976734,39.531319,39.739941,33.695084,17911458
2022-04-12,39.58444,39.844384,39.51712,39.758948,33.714707,21299614
2022-04-13,39.679215,39.73309,39.21882,39.345962,33.367976,26686517
2022-04-14,39.216661,40.381846,39.132738,40.060219,33.977248,32760568
2022-04-18,40.325761,40.657123,39.938908,40.05214,33.984536,18126280
2022-04-19,40.048939,40.12016,39.211351,39.232393,33.292437,14694326
2022-04-20,39.280662,39.545326,38.365412,38.414066,32.6014,18374040
2022-04-21,38.45596,38.767998,38.161446,38.600359,32.762913,17070726
2022-04-22,38.826409,39.341254,38.077637,38.190305,32.418243,24876745
2022-04-25,38.105865,38.794613,37.843124,38.451958,32.650539,26390146
2022-04-26,38.460274,38.489276,37.711056,38.145247,32.393473,12902677
2022-04-27,38.324356,38.591421,38.043124,38.10718,32.364513,15195857
2022-04-28,37.863348,37.88035,37.47986,37.715435,32.035135,14762594
2022-04-29,37.497258,37.615538,37.312499,37.348329,31.72662,32263264
2022-05-02,37.482538,37.954149,37.452884,37.672678,32.012137,27252017
2022-05-03,37.725083,38.163505,37.526392,37.688727,32.029107,20363401
2022-05-04,37.701161,38.559418,37.447315,38.125235,32.403437,22580210
2022-05-05,38.250921,38.420075,36.843186,37.097901,31.533564,21623555
2022-05-06,37.160182,37.94921,36.762475,37.471042,31.854052,30632772
2022-05-09,37.672885,38.333754,37.60462,38.307491,32.575281,15053207
2022-05-10,38.171849,39.329248,38.087853,39.169933,33.312135,18594077
2022-05-11,39.127426,39.406355,38.106835,38.363476,32.629678,9184335
2022-05-12,38.258731,38.293719,38.010078,38.09029,32.400692,21589534
2022-05-13,37.852568,38.043758,37.540241,37.648583,32.028296,9408965
2022-05-16,37.714951,37.883791,37.456943,37.785544,32.154845,19437471
2022-05-17,37.980043,38.056442,37.225261,37.32449,31.765801,22596013
2022-05-18,37.246948,37.899176,37.125784,37.623483,32.023597,25946989
2022-05-19,37.597601,37.785795,37.340579,37.420008,31.853721,32948542
2022-05-20,37.433783,37.56684,37.16096,37.308954,31.762491,20864429
2022-05-23,37.445329,37.95975,37.419279,37.550364,31.977991,12949804
2022-05-24,37.686306,37.704675,37.277537,37.411636,31.863165,6526039
2022-05-25,37.495685,37.51964,36.762888,36.966319,31.487168,14705272
2022-05-26,37.20522,37.394763,37.046829,37.338944,31.807872,9294074
2022-05-27,37.453843,37.825661,37.253246,37.588406,32.023712,16233227
2022-05-31,37.549123,37.742583,37.281854,37.654331,32.09323,33315201
2022-06-01,37.820729,37.971895,37.655683,37.886159,32.29418,10323751
2022-06-02,38.09107,38.325959,37.596319,37.696083,32.135502,32766301
2022-06-03,37.600238,38.173592,37.028458,37.992891,32.391897,14583670
2022-06-06,37.944008,38.40992,37.70734,38.327393,32.687286,19668622
2022-06-07,38.275827,39.088871,37.944493,38.867245,33.151145,17448186
2022-06-08,38.986307,39.082666,37.919553,38.289094,32.661419,17705237
2022-06-09,38.188171,38.343753,38.094931,38.206523,32.594375,21140704
2022-06-10,38.205904,38.274951,37.337846,37.546455,32.034597,24184007
2022-06-13,37.542373,37.717729,37.247897,37.642447,32.126522,18895080
2022-06-14,37.725814,38.143159,36.878748,37.007946,31.588285,19547822
2022-06-15,37.172797,37.269978,36.70511,36.73321,31.357045,28558255
2022-06-16,36.491844,36.759878,36.132221,36.512893,31.172215,20390086
2022-06-17,36.191401,36.343137,35.753529,36.269532,30.967672,25231371
2022-06-21,36.311062,36.396182,35.826926,36.099687,30.835485,14416962
2022-06-22,36.009758,36.875763,35.930025,36.812195,31.447363,15785670
2022-06-23,36.789478,37.130578,36.5772,36.795973,31.436776,29442135
2022-06-24,36.883007,37.038017,36.743645,36.808889,31.451083,14478051
2022-06-27,36.691778,37.098233,36.670644,36.903535,31.541796,10951204
2022-06-28,36.971022,37.031758,36.791702,36.870234,31.516612,14124896
2022-06-29,36.55211,36.925849,36.286739,36.901973,31.547024,18486725
2022-06-30,36.890207,37.717596,36.801059,37.372284,31.952411,19185522
2022-07-01,37.290392,37.427058,37.019519,37.36888,31.952825,12886000
2022-07-05,37.368374,37.415273,37.352033,37.389742,31.98397,24216017
2022-07-06,37.255368,37.348501,37.084013,37.287714,31.900012,15486626
2022-07-07,37.348893,37.473385,37.055424,37.163516,31.797068,25516830
2022-07-08,37.115975,37.136645,36.637985,36.76938,31.463118,25918186
2022-07-11,36.81503,37.052186,36.709936,36.889346,31.575626,16376229
2022-07-12,36.673202,37.14599,36.649572,36.980643,31.657065,15528207
2022-07-13,36.809697,37.041978,36.712653,36.876983,31.571612,13962951
2022-07-14,36.777008,36.82668,36.128981,36.25116,31.039053,15328772
2022-07-15,36.220353,36.607335,36.106204,36.44485,31.208141,12513945
2022-07-18,36.422162,36.697689,36.039491,36.174765,30.986535,17650367
2022-07-19,36.106402,37.099694,36.079011,36.700491,31.440131,17653113
2022-07-20,36.62372,36.925644,36.535538,36.597308,31.355,17317003
2022-07-21,36.604865,36.764683,36.259689,36.404883,31.193383,7205993
2022-07-22,36.440639,36.923479,36.402304,36.701839,31.4511,12375357
2022-07-25,36.598757,36.757731,36.576467,36.73974,31.493407,23469691
2022-07-26,36.615267,36.884512,35.5787,35.76314,30.659453,15902422
2022-07-27,35.7803,35.871097,35.278651,35.312006,30.275849,15111830
2022-07-28,35.369113,35.615121,35.12724,35.144703,30.135541,10771385
2022-07-29,35.319157,35.558276,34.741387,34.876383,29.908577,18631718
2022-08-01,34.576263,34.751411,34.530956,34.610577,29.689898,12397389
2022-08-02,34.495641,34.722874,34.338898,34.607708,29.690525,30661529
2022-08-03,34.331711,34.819472,34.123213,34.636272,29.718122,20805054
2022-08-04,34.685713,35.191116,34.577258,34.813443,29.873243,17286423
2022-08-05,34.918469,35.255629,34.819468,35.117943,30.137669,14111007
2022-08-08,35.134266,35.843207,35.119818,35.531711,30.502277,11894566
2022-08-09,35.595408,35.685763,35.262382,35.288988,30.297063,16584529
2022-08-10,35.195557,35.384217,34.724475,34.763996,29.84944,15432599
2022-08-11,34.567593,34.77255,34.476769,34.735088,29.827722,17119374
2022-08-12,34.931849,35.042852,34.498224,34.542529,29.665454,20625484
2022-08-15,34.530093,34.909639,34.417184,34.742931,29.846876,21392097
2022-08-16,34.722852,34.947007,34.708769,34.737902,29.845661,19130048
2022-08-17,34.813532,34.925941,34.434848,34.561443,29.697142,18510348
2022-08-18,34.627907,34.973882,34.424902,34.919316,30.007769,12186437
2022-08-19,34.958441,35.298088,34.712372,35.211725,30.262197,11404183
2022-08-22,34.971442,35.539182,34.708828,35.458054,30.483413,27113600
2022-08-23,35.551476,35.620357,35.241779,35.283723,30.336697,26205756
2022-08-24,35.261016,35.321785,34.185176,34.281598,29.478144,19062121
2022-08-25,34.269585,34.381694,34.18361,34.337993,29.529709,14682843
2022-08-26,34.33908,35.238591,34.128694,34.930355,30.042248,19114980
2022-08-29,34.999362,35.086958,34.472806,34.873064,30.002338,12523199
2022-08-30,34.814474,34.858625,34.320672,34.456715,29.647225,29289621
2022-08-31,34.382132,34.844739,34.247154,34.828239,29.970009,13499935
2022-09-01,34.565948,36.326367,34.290505,36.19492,31.149291,19441689
2022-09-02,36.434508,36.784042,36.101305,36.738444,31.620336,21505958
2022-09-06,36.610871,36.768435,35.919717,35.982933,30.982968,23879343
2022-09-07,35.797771,36.111639,35.639585,35.764747,30.798303,11072050
2022-09-08,35.679675,35.786229,35.419139,35.452988,30.533013,32675605
2022-09-09,35.374474,35.844691,35.215299,35.731539,30.77611,14502960
2022-09-12,35.911846,36.471884,35.708422,36.427542,31.385382,17836023
2022-09-13,36.886075,37.239547,36.521022,36.609434,31.545379,13593682
2022-09-14,36.825906,37.02021,36.453255,36.550413,31.497799,19969853
2022-09-15,36.657771,36.862315,36.609414,36.838025,31.748956,14198905
2022-09-16,37.139091,37.359381,36.131492,36.290467,31.280296,15995730
2022-09-19,36.334912,36.794872,35.782474,36.134876,31.155907,16713689
2022-09-20,36.071101,37.075405,35.800174,36.857866,31.782585,15488826
2022-09-21,36.667373,36.926102,36.589241,36.793462,31.73035,16054324
2022-09-22,36.767267,37.918208,36.542971,37.571545,32.404733,10780286
2022-09-23,37.578825,38.540446,37.119203,38.276531,33.016204,11073518
2022-09-26,38.034157,38.169074,37.604182,37.738172,32.561993,21179599
2022-09-27,37.524575,37.736858,36.824552,36.988677,31.918619,16698853
2022-09-28,37.142742,37.463332,37.028141,37.04933,31.974285,16916004
2022-09-29,37.153764,37.39662,37.007748,37.381324,32.264159,30092221
2022-09-30,37.500032,37.612775,37.44502,37.533505,32.398878,15123167
2022-10-03,37.528209,38.068064,37.393272,37.853799,32.685556,17960262
2022-10-04,37.76643,38.542999,37.581084,38.34948,33.117006,19835047
2022-10-05,38.427523,38.982609,38.154716,38.848439,33.551377,14842699
2022-10-06,38.543815,38.711302,38.316718,38.524061,33.27469,20124347
2022-10-07,38.398621,39.003156,38.311293,38.942776,33.639849,17572336
2022-10-10,38.633218,39.606869,38.490462,39.546385,34.171928,29701476
2022-10-11,39.487208,39.882655,39.383968,39.806175,34.39999,24385288
2022-10-12,39.621226,40.948824,39.537351,40.741388,35.211852,28518707
2022-10-13,40.521201,40.893132,39.615099,39.760346,34.367535,12386786
2022-10-14,39.611853,41.10941,39.384385,41.081616,35.513292,20504113
2022-10-17,40.752217,41.303922,40.709949,41.247249,35.667605,12841712
2022-10-18,41.062073,41.519407,40.698039,40.915159,35.38412,18227317
2022-10-19,40.598227,40.762863,40.119859,40.212442,34.780016,10669843
2022-10-20,40.230608,40.494245,39.961357,40.172885,34.749418,18648232
2022-10-21,40.243925,40.323661,39.595009,39.850367,34.474028,11612373
2022-10-24,39.970556,39.987205,38.982077,39.068656,33.80833,24628070
2022-10-25,39.220995,40.228365,38.849186,40.156378,34.753213,17695162
2022-10-26,40.062914,40.619707,39.340006,39.678636,34.343326,20106807
2022-10-27,39.575641,41.31055,39.49638,41.056284,35.539429,30183276
2022-10-28,41.135425,42.279267,41.046664,41.851136,36.231243,11306322
2022-10-31,41.623738,42.048591,41.154858,41.963003,36.339429,13952953
2022-11-01,42.060574,42.267476,41.164385,41.501975,35.943923,14292758
2022-11-02,41.565982,41.923152,41.495636,41.892979,36.286338,14035808
2022-11-03,41.694402,42.073749,41.506458,41.747305,36.163922,23270700
2022-11-04,41.619828,41.737022,41.210769,41.410075,35.875527,33330726
2022-11-07,41.385235,41.864409,40.894661,41.746617,36.178379,15989747
2022-11-08,41.823022,42.15386,41.145315,41.522671,35.988047,24128862
2022-11-09,41.446827,41.568244,41.221141,41.42182,35.904374,17250341
2022-11-10,41.486693,41.899951,41.065728,41.77245,36.212067,21467328
2022-11-11,41.954108,42.121567,41.586029,41.771838,36.215304,19602469
2022-11-14,41.50578,42.060938,41.263543,41.894717,36.333176,10673337
2022-11-15,41.829236,42.6246,41.677065,42.241997,36.638166,20909366
2022-11-16,42.641667,43.088408,42.43635,42.854927,37.173652,30330066
2022-11-17,42.894936,43.012534,42.876313,42.967526,37.275202,14971833
2022-11-18,43.293697,43.337903,42.802289,43.039304,37.341355,18061665
2022-11-21,42.876411,43.548406,42.607944,43.483942,37.738905,16947867
2022-11-22,43.506458,43.829765,43.012729,43.085644,37.39712,15793184
2022-11-23,43.077321,44.315171,43.017779,44.021429,38.21333,12014549
2022-11-25,44.061924,44.164503,43.754638,43.908416,38.123159,21247702
2022-11-28,43.834216,44.191428,43.619833,44.125674,38.323752,21296240
2022-11-29,44.270239,44.31559,43.87499,44.082801,38.2905,14312834
2022-11-30,43.961165,44.240251,43.13569,43.213707,37.539506,27123323
2022-12-01,43.213868,43.492325,41.894681,42.357259,36.799343,19120750
2022-12-02,42.289534,42.345862,41.757961,41.884298,36.392228,15834353
2022-12-05,41.940711,42.199529,41.37802,41.800013,36.330332,30965749
2022-12-06,42.160669,42.443275,41.632713,41.750363,36.290954,12635692
2022-12-07,41.401853,41.556004,40.502414,40.808112,35.475605,17985665
2022-12-08,40.823515,41.16291,40.541173,41.015839,35.659898,19876136
2022-12-09,40.983905,41.218158,40.862409,41.045131,35.689078,19369995
2022-12-12,41.282547,41.639919,41.165774,41.311779,35.932144,12730351
2022-12-13,41.609575,41.711034,40.866489,40.90762,35.584317,12691889
2022-12-14,40.822822,40.873752,39.331077,39.751997,34.582672,19225150
2022-12-15,40.007671,41.136243,39.774916,40.747997,35.452842,20118841
2022-12-16,41.004564,42.687329,40.559935,42.425627,36.916306,17248962
2022-12-19,42.356629,42.8814,42.073835,42.238962,36.765354,12241335
2022-12-20,41.930496,42.058349,41.125161,41.579513,36.195126,11663363
2022-12-21,41.447013,42.165439,40.799725,41.61474,36.229561,16275895
2022-12-22,41.688024,42.054365,40.82943,41.055125,35.746082,20704080
2022-12-23,40.982824,42.149251,40.653896,41.611695,36.234449,14499572
2022-12-27,41.938188,42.201789,41.213167,41.577031,36.219334,19992900
2022-12-28,41.622056,41.685008,41.001594,41.626357,36.266076,13030666
2022-12-29,41.697188,41.802267,41.284777,41.598154,36.245275,19368678
2022-12-30,41.491414,42.586239,41.248102,42.144232,36.724904,19712798
2023-01-03,42.164531,42.458046,41.293721,41.548331,36.220701,13810828
2023-01-04,41.567945,41.837591,41.111042,41.373058,36.071655,15538948
2023-01-05,41.466116,41.578401,40.368288,40.391233,35.219302,13290179
2023-01-06,40.412026,41.136512,40.300882,40.852547,35.625253,18083799
2023-01-09,40.79434,41.479539,40.573761,41.24729,35.980715,24512922
2023-01-10,41.403265,41.842465,41.224045,41.767538,36.438326,13067722
2023-01-11,41.615974,42.047017,41.124182,41.680609,36.366272,16717492
2023-01-12,41.523784,41.616066,41.138434,41.341788,36.074404,24256702
2023-01-13,41.114136,41.520179,40.979851,41.342235,36.078547,12754969
2023-01-17,41.295404,41.953889,40.97408,41.883103,36.565766,29484030
2023-01-18,41.950065,42.154163,41.686792,41.977313,36.651828,19980422
2023-01-19,41.958312,42.124826,41.802191,41.931148,36.615329,13699875
2023-01-20,41.831876,41.906739,41.18431,41.542962,36.28013,19994455
2023-01-23,41.465871,41.921593,41.322753,41.823341,36.536391,9039357
2023-01-24,41.715442,42.077064,41.21979,41.551427,36.302627,17336831
2023-01-25,41.658731,42.668858,41.608751,42.342918,36.997986,24463395
2023-01-26,42.914963,42.953171,42.577444,42.687531,37.302979,18743667
2023-01-27,42.585462,43.067685,42.421709,42.731558,37.345338,21328147
2023-01-30,42.707768,42.734845,42.34664,42.454746,37.114999,13219164
2023-01-31,42.352991,43.036833,42.30897,42.919463,37.52517,21284237
2023-02-01,43.021684,43.055925,42.279312,42.824801,37.446302,10579365
2023-02-02,42.918203,43.635803,42.887391,43.305717,37.870758,19279141
2023-02-03,43.399584,43.524024,42.238161,42.435932,37.113994,22307243
2023-02-06,42.219194,42.386107,41.492837,41.643297,36.432134,16699846
2023-02-07,41.872587,42.286375,41.736296,42.032688,36.776622,19725641
2023-02-08,41.821637,43.647548,41.682356,43.409395,37.985128,20867051
2023-02-09,43.628226,43.666003,42.311651,42.505312,37.197886,26963223
2023-02-10,42.583589,42.720992,42.541959,42.569564,37.257991,27926968
2023-02-13,42.277638,42.528681,42.118865,42.456439,37.17058,19331494
2023-02-14,42.422486,42.684235,42.161829,42.646224,37.340621,28048177
2023-02-15,42.625102,42.741983,42.513299,42.539624,37.251159,15416834
2023-02-16,42.3949,42.861965,41.681743,41.724922,36.541542,18339382
2023-02-17,41.933225,42.084478,40.514882,40.774828,35.71319,19751987
2023-02-21,40.987154,41.307937,39.698399,39.903611,34.964671,21552341
2023-02-22,39.855208,40.881365,39.5696,40.706222,35.671652,20593775
2023-02-23,40.527444,41.378185,40.317773,41.188642,36.098162,8089913
2023-02-24,41.471348,41.549522,39.92628,40.899287,35.848297,15065275
2023-02-27,40.892213,42.153319,40.837814,42.11297,36.923615,16591858
2023-02-28,41.265655,42.714451,41.052194,42.692407,37.435545,24784821
2023-03-01,42.763347,43.087892,42.183045,42.88124,37.605039,17576999
2023-03-02,42.579809,43.431729,42.338878,43.22588,37.911218,25398486
2023-03-03,42.932511,42.956282,42.50129,42.823346,37.562083,28799041
2023-03-06,43.353054,44.297674,43.091579,43.967898,38.578055,17176767
2023-03-07,44.268581,45.652691,43.754502,45.267624,39.722585,13819165
2023-03-08,45.2046,46.282899,44.551338,46.126526,40.480488,15538195
2023-03-09,46.216123,47.898099,45.555591,47.625216,41.800082,20527850
2023-03-10,47.754338,48.894016,47.613264,48.438484,42.518301,11648936
2023-03-13,48.075143,48.766416,47.621262,48.01383,42.158705,16127647
2023-03-14,47.706618,49.150732,47.687266,48.656497,42.727446,15510489
2023-03-15,47.918712,48.670342,47.848325,48.310128,42.427697,19994821
2023-03-16,48.00403,48.508435,47.73435,48.026206,42.182735,13124934
2023-03-17,47.513351,48.536043,47.397383,47.911381,42.086259,13507379
2023-03-20,47.529642,48.046248,47.412714,47.605775,41.830864,16151072
2023-03-21,47.547001,47.94902,47.313405,47.905741,42.098821,20626040
2023-03-22,48.015337,48.41488,47.917541,47.991657,42.178711,22795913
2023-03-23,48.093253,49.815567,47.963356,49.520642,43.527027,11532987
2023-03-24,49.595002,50.339471,49.468105,50.208476,44.136202,9340379
2023-03-27,50.060584,50.202391,49.121918,49.54584,43.567303,18633346
2023-03-28,49.511855,49.678572,47.314739,47.827419,42.060613,14553128
2023-03-29,48.150732,48.639922,48.091461,48.514747,42.669506,23559764
2023-03-30,48.060204,48.314925,46.615007,46.818342,41.181775,8256612
2023-03-31,46.732893,47.331585,46.167062,47.121086,41.452383,15374845
2023-04-03,47.288388,47.802906,46.365842,46.490082,40.910055,26897505
2023-04-04,46.442825,46.492402,44.726154,44.815324,39.440415,19431359
2023-04-05,44.910979,45.147354,44.34601,44.511825,39.177393,22502922
2023-04-06,44.62248,44.74403,44.217994,44.474537,39.148646,9998085
2023-04-10,44.957694,45.050053,44.196782,44.259493,38.97557,15467008
2023-04-11,44.140137,44.530285,43.900735,44.101873,38.840808,18123123
2023-04-12,44.390041,44.831433,43.906339,44.018947,38.771808,17560302
2023-04-13,44.376618,44.456653,43.69785,43.833159,38.612184,15861960
2023-04-14,43.441358,43.822848,42.757574,42.808387,37.713396,16607988
2023-04-17,43.029954,43.291975,41.820955,42.119506,37.118088,15466670
2023-04-18,42.23071,42.944455,41.99881,42.881135,37.79321,27705628
2023-04-19,42.641895,43.704938,42.517571,43.668276,38.490959,9831338
2023-04-20,43.211974,44.099211,43.123227,43.84069,38.646953,14941500
2023-04-21,43.631354,44.524876,43.424482,43.907043,38.709472,14386486
2023-04-24,43.895905,44.009261,43.580018,43.667069,38.509923,11881242
2023-04-25,43.300846,43.747364,43.256051,43.675342,38.521226,24754776
2023-04-26,43.681566,44.156204,43.476721,43.936717,38.755788,22584900
2023-04-27,44.022151,44.206572,43.742795,44.01093,38.825289,15577294
2023-04-28,43.987842,44.643831,43.414201,44.316684,39.099085,18153152
2023-05-01,44.495317,44.530124,44.149166,44.180509,38.991111,22312269
2023-05-02,44.40231,44.621062,44.245189,44.462975,39.244481,19328994
2023-05-03,44.6344,44.900594,44.546524,44.708267,39.46509,20194903
2023-05-04,44.660383,45.278005,44.162688,44.274727,39.08646,23266417
2023-05-05,44.499845,44.710233,44.415454,44.642142,39.41492,21704548
2023-05-08,44.813161,45.106479,44.471101,44.51407,39.314112,14508932
2023-05-09,44.451287,44.79652,44.233139,44.703874,39.485853,11667282
2023-05-10,44.756558,44.825704,44.238587,44.578094,39.37885,28640299
2023-05-11,44.656055,44.88046,44.468638,44.765465,39.548483,15463442
2023-05-12,44.962018,45.746889,44.898622,45.72323,40.398832,16240822
2023-05-15,45.833715,46.167753,45.278898,45.356057,40.086925,18899095
2023-05-16,45.254212,45.691335,45.024884,45.234508,39.983656,23335074
2023-05-17,45.663053,45.815172,45.007286,45.291538,40.038232,16033398
2023-05-18,45.023994,45.607264,44.689044,45.488641,40.216657,18013365
2023-05-19,45.210368,46.50939,45.063174,46.321783,40.957502,20298416
2023-05-22,46.331376,46.601126,46.218399,46.545384,41.168056,13814331
2023-05-23,46.615354,46.694672,46.343403,46.438741,41.078007,24618291
2023-05-24,46.773189,46.840073,46.143337,46.209274,40.879281,16507570
2023-05-25,46.270597,46.315771,45.352245,45.469788,40.229276,19498616
2023-05-26,45.35218,45.479818,45.064947,45.389114,40.162078,11615110
2023-05-30,45.248631,45.510387,44.776054,45.092363,39.916109,23910746
2023-05-31,45.215764,45.576947,44.99821,45.159806,39.979969,28459597
2023-06-01,45.120541,45.186497,44.846895,45.041447,39.879335,11155109
2023-06-02,45.21667,45.474429,44.407319,44.470725,39.378119,15680085
2023-06-05,44.614136,44.886751,44.272052,44.484739,39.402824,21580116
2023-06-06,44.410378,44.692506,44.004294,44.520204,39.438341,16787208
2023-06-07,44.708328,45.444395,44.64459,45.34606,40.174107,19654713
2023-06-08,45.217277,45.48694,45.062017,45.404586,40.230143,24789867
2023-06-09,45.263745,46.275034,44.947353,46.091038,40.842614,8511640
2023-06-12,46.288254,46.401268,45.496949,45.94393,40.724966,20113533
2023-06-13,45.564442,45.961666,45.472078,45.842601,40.639375,19503543
2023-06-14,45.779926,46.260594,45.639916,45.982192,40.767363,21146995
2023-06-15,46.087038,46.234801,46.06252,46.115633,40.889925,12682235
2023-06-16,46.161332,46.611412,45.703762,46.188654,40.958932,31422205
2023-06-20,46.222611,46.826086,46.087917,46.469169,41.224838,12327845
2023-06-21,46.358314,46.772464,45.921261,46.468163,41.228235,13929164
2023-06-22,46.417364,47.420126,46.223615,47.233896,41.911981,15131877
2023-06-23,47.139147,48.135995,47.090052,48.064647,42.653568,23706988
2023-06-26,48.202804,48.295862,48.132776,48.155905,42.747891,20148881
2023-06-27,47.986494,48.364438,47.680658,48.310407,42.889505,16919507
2023-06-28,48.486817,48.703019,47.188788,47.482986,42.159314,12976680
2023-06-29,47.422859,47.764537,46.709196,47.25278,41.959284,9129317
2023-06-30,47.837415,48.922868,47.712088,48.200862,42.80561,12917023
2023-07-03,48.151561,48.433939,47.730819,47.859787,42.51598,26320030
2023-07-05,47.795259,48.08353,47.565086,47.672246,42.358192,14959517
2023-07-06,47.229367,47.717443,46.688305,47.486996,42.197982,8564005
2023-07-07,47.592599,47.980765,46.156545,46.805398,41.596626,23893154
2023-07-10,46.425683,46.69246,46.282154,46.459992,41.302548,11459728
2023-07-11,46.607974,46.731171,45.602962,45.788275,40.709633,16343714
2023-07-12,45.757599,45.85866,45.447253,45.484104,40.443407,16799171
2023-07-13,45.242206,45.279507,45.026393,45.173165,40.171106,19452125
2023-07-14,45.430223,45.793428,44.901426,45.581316,40.53828,15054866
2023-07-17,45.700739,46.859285,45.676914,46.624882,41.479332,13733277
2023-07-18,46.693157,47.285246,46.420236,47.162211,41.961726,30462078
2023-07-19,46.871473,47.196593,46.850511,46.944865,41.772692,20684441
2023-07-20,46.591294,50.140125,46.163948,49.550408,44.095755,19980141
2023-07-21,49.850705,50.094046,47.2834,47.833165,42.571981,25046442
2023-07-24,47.807232,47.935812,46.847458,47.205596,42.026553,14288011
2023-07-25,46.827531,48.459135,46.541789,48.080999,42.810367,32387685
2023-07-26,48.162002,49.676284,48.034583,49.036712,43.665858,22070810
2023-07-27,49.224193,49.781522,48.967823,49.058148,43.689491,14948994
2023-07-28,48.783968,49.040048,48.491168,48.701741,43.376599,18255126
2023-07-31,48.431678,49.959071,48.283085,49.809333,44.376934,20934236
2023-08-01,49.816805,51.666865,49.630306,51.288106,45.69918,24837540
2023-08-02,50.702466,50.77456,49.482018,49.924376,44.488686,19441129
2023-08-03,49.898054,50.223319,49.807857,49.957006,44.522395,23457674
2023-08-04,50.321524,50.634325,49.746094,50.347061,44.874686,14042983
2023-08-07,50.623461,50.847884,49.790378,50.134754,44.699404,33885343
2023-08-08,50.441814,51.116718,49.499813,49.850717,44.450786,12169535
2023-08-09,49.781509,51.406792,49.701659,50.887141,45.379663,9942804
2023-08-10,50.977873,51.257495,49.737513,49.768592,44.386792,20518463
2023-08-11,49.694319,50.411506,49.547208,50.269928,44.83858,14169088
2023-08-14,50.396984,50.438492,49.763225,49.807305,44.439809,16911176
2023-08-15,49.494087,51.550225,49.125785,51.009046,45.516778,31811474
2023-08-16,51.82237,52.036884,50.224646,50.471875,45.042132,17786983
2023-08-17,50.180159,51.389727,49.355373,51.252477,45.743516,16166694
2023-08-18,51.398876,51.756278,49.409132,50.048892,44.673948,15067553
2023-08-21,50.582752,51.839874,50.369356,51.239426,45.750904,20435979
2023-08-22,51.196046,52.936285,50.747106,52.713256,47.07176,23263874
2023-08-23,52.58683,53.859875,50.59965,51.833019,46.290544,12963368
2023-08-24,51.984358,52.678127,51.867877,52.258704,46.675567,18033008
2023-08-25,52.278374,52.3166,51.146919,51.646808,46.133843,24672203
2023-08-28,51.750447,52.725001,51.637261,52.091416,46.545517,14798639
2023-08-29,52.391756,52.983999,51.599094,51.840641,46.32626,15486104
2023-08-30,51.847368,52.436546,51.761747,52.338386,46.775926,17603479
2023-08-31,52.152179,53.199783,51.651715,52.904192,47.286518,41591268
2023-09-01,53.009219,53.213272,52.001423,52.084483,46.558694,19773004
2023-09-05,52.244218,52.397063,51.676827,52.011618,46.512912,24729802
2023-09-06,52.409162,52.988296,51.826171,52.666189,47.103182,22999869
2023-09-07,52.689196,52.964749,52.207074,52.419009,46.886989,16161469
2023-09-08,52.597974,52.691603,50.659886,51.196492,45.798254,55758156
2023-09-11,51.465799,51.762755,48.693412,49.728194,44.498662,23945483
2023-09-12,49.781929,51.213301,49.718933,50.632543,45.312622,18653336
2023-09-13,50.385147,51.119372,49.932488,50.817283,45.482682,16796596
2023-09-14,50.783857,50.848009,49.90182,50.183879,44.920444,14176651
2023-09-15,49.827662,50.714166,49.591456,50.521023,45.226933,11818307
2023-09-18,50.187369,51.65426,49.765269,51.070684,45.733266,13587764
2023-09-19,51.000902,52.162287,50.798915,51.693353,46.295677,17172217
2023-09-20,51.59169,52.081338,50.811413,51.022888,45.699973,20962841
2023-09-21,50.929608,52.045534,50.472906,51.337517,45.986564,20765164
2023-09-22,51.218361,51.375829,50.938951,50.969777,45.661904,16523919
2023-09-25,51.147508,51.700186,50.835038,51.472895,46.127023,12875692
2023-09-26,51.261335,52.215049,51.168981,52.085349,46.680725,15832526
2023-09-27,51.852461,52.588751,51.744473,52.399801,46.967434,18583616
2023-09-28,52.36567,52.654547,52.230438,52.46518,47.030928,8871711
2023-09-29,52.700832,52.891438,50.996944,51.79202,46.432323,15722817
2023-10-02,51.418187,53.818852,50.845846,53.712416,48.169019,26548953
2023-10-03,53.781274,54.429976,52.812465,52.985405,47.521983,26160957
2023-10-04,53.545169,53.682957,52.090791,52.29815,46.910472,22125450
2023-10-05,52.190904,52.838076,50.960194,51.651307,46.335086,15411517
2023-10-06,51.63278,53.23942,51.420421,52.222938,46.852757,19128800
2023-10-09,52.092309,52.714844,51.691097,52.310249,46.94574,21950194
2023-10-10,52.268826,52.630148,51.70471,51.740142,46.438929,24510178
2023-10-11,51.628825,51.931446,49.793083,49.847948,44.745262,20011654
2023-10-12,50.086236,51.185876,49.763021,49.977965,44.866637,14727451
2023-10-13,50.116428,50.732349,49.53053,50.58362,45.415075,12974503
2023-10-16,50.209519,51.207261,49.157213,50.613291,45.4559,20536789
2023-10-17,50.935065,52.896754,50.718767,52.078467,46.776644,18135397
2023-10-18,52.369601,54.291222,52.008626,53.570995,48.122231,23213577
2023-10-19,53.609682,53.862551,53.533668,53.74201,48.280875,17334649
2023-10-20,53.481667,56.042036,53.334911,55.790051,50.126014,23016859
2023-10-23,55.742451,55.850148,55.248287,55.315192,49.714879,17817232
2023-10-24,55.963275,57.423429,55.662315,57.285171,51.490767,26114877
2023-10-25,57.310066,57.525674,56.016255,56.331773,50.639074,31170899
2023-10-26,56.5465,57.833833,56.085049,57.27241,51.490009,17881273
2023-10-27,57.26921,58.025279,57.101842,57.8597,52.023417,17697174
2023-10-30,57.420633,58.711164,56.442245,58.633071,52.735235,17704013
2023-10-31,58.538721,58.582253,58.213513,58.449875,52.575936,15806410
2023-11-01,58.465393,59.363772,58.160471,58.775882,52.874682,23282679
2023-11-02,59.252044,59.499144,58.691478,59.113924,53.184316,14408289
2023-11-03,59.036428,59.609471,58.76982,59.249371,53.311724,24103483
2023-11-06,58.491882,59.683256,58.130305,59.525455,53.57686,14342599
2023-11-07,59.431683,60.127262,59.119875,59.44874,53.513378,15923712
2023-11-08,59.140021,59.476146,58.77717,58.939756,53.060731,22595938
2023-11-09,58.495533,59.111354,58.381183,58.842541,52.978724,28927552
2023-11-10,58.954109,59.842899,58.741728,59.784571,53.832479,13800989
2023-11-13,59.374059,59.904932,58.868835,59.586227,53.670631,25242683
2023-11-14,58.793266,59.344547,57.835196,58.134932,52.368865,24524955
2023-11-15,58.011844,59.277075,57.840318,59.13536,53.275609,15389895
2023-11-16,58.745364,59.633201,58.289806,59.258508,53.392109,25141713
2023-11-17,58.686788,59.194769,58.525362,59.017053,53.180089,14478155
2023-11-20,59.129277,59.464729,58.486418,58.635784,52.853022,20731772
2023-11-21,58.691858,60.553697,58.610883,60.056432,54.139196,26868888
2023-11-22,60.37604,61.235142,59.841959,60.957206,54.956936,21954091
2023-11-24,60.340476,62.638896,59.974943,61.904716,55.822793,15287199
2023-11-27,61.574869,61.651823,60.569447,60.66989,54.726362,17915737
2023-11-28,60.449352,61.392984,59.885868,61.028849,55.055884,20695854
2023-11-29,61.278582,61.531645,60.67018,61.332783,55.335828,20517014
2023-11-30,61.159632,62.077963,61.009507,62.052966,55.991419,20056058
2023-12-01,62.105008,62.605312,61.844519,62.213825,56.142405,15371895
2023-12-04,62.16373,62.883248,61.934067,62.720299,56.617121,12584746
2023-12-05,62.62948,62.939046,62.013817,62.229043,56.179513,15211909
2023-12-06,62.204771,62.466819,60.774457,60.924681,55.007675,16464771
2023-12-07,61.013909,61.944228,60.926308,61.504273,55.536754,20280209
2023-12-08,61.729994,61.971293,59.844708,60.213021,54.376445,30831225
2023-12-11,60.094165,61.159671,59.969392,60.123985,54.312988,18581139
2023-12-12,60.202455,60.555291,58.636836,58.726941,53.056488,23254658
2023-12-13,58.951257,59.354768,57.905687,58.103068,52.498316,26776688
2023-12-14,58.074736,58.544083,57.485512,57.554547,52.008117,18732032
2023-12-15,57.345177,57.794875,56.699672,56.809644,51.34034,24056585
2023-12-18,56.888153,56.958587,56.032731,56.26259,50.861826,14245535
2023-12-19,56.339348,57.334378,56.117871,57.281105,51.787959,15753996
2023-12-20,56.64918,57.257613,56.553762,56.946966,51.49122,18059244
2023-12-21,56.729937,58.123785,56.29338,57.662235,52.143388,19645957
2023-12-22,57.9943,58.045173,56.994801,57.026122,51.573523,15303563
2023-12-26,57.18046,57.862575,57.012496,57.569358,52.086489,21109263
2023-12-27,57.100977,57.779028,56.949205,57.579787,52.101344,30523788
2023-12-28,57.781655,58.719738,57.332246,58.220528,52.686603,30416898
2023-12-29,57.770582,58.844216,57.478407,58.671132,53.099901,31608539
2024-01-02,58.563861,58.831627,57.349133,57.38399,51.956599,13930461
2024-01-03,57.490089,57.810223,56.511208,56.660722,51.307076,19250957
2024-01-04,56.920786,57.171242,55.925441,55.974638,50.69109,13757191
2024-01-05,55.923424,56.426953,55.747249,55.784307,50.523981,14832232
2024-01-08,55.493429,56.304642,55.089937,55.930928,50.67259,17761826
2024-01-09,55.937447,56.014365,55.25606,55.477648,50.267154,27682728
2024-01-10,55.461912,55.830843,54.866015,55.244699,50.061292,20828283
2024-01-11,55.193331,55.786493,54.894044,55.631371,50.416928,24419083
2024-01-12,55.435234,55.706291,55.375742,55.496484,50.299918,14561805
2024-01-16,55.241842,55.439073,54.473423,54.691488,49.590933,21536760
2024-01-17,54.764436,54.875586,53.551204,53.93529,48.910347,20475258
2024-01-18,53.695285,53.72609,53.185084,53.257907,48.301098,15538740
2024-01-19,53.555707,54.222538,53.091459,54.149467,49.114789,12558699
2024-01-22,54.143884,54.348212,53.587477,53.765152,48.781429,30080634
2024-01-23,53.952318,54.343738,53.175165,53.594575,48.631723,15614791
2024-01-24,53.208655,53.347519,52.348352,52.795678,47.911788,23221993
2024-01-25,52.649402,53.308739,52.553718,53.096349,48.189658,15020128
2024-01-26,53.237578,53.572316,53.20766,53.532101,48.590197,11337421
2024-01-29,53.432161,53.667597,53.264684,53.63329,48.697242,15068204
2024-01-30,53.627451,54.907613,53.310754,54.767677,49.732401,31421971
2024-01-31,55.083591,55.452645,54.608973,54.719769,49.694068,19194413
2024-02-01,54.565392,54.762568,53.817514,53.865393,48.923251,17788241
2024-02-02,53.849006,54.200471,53.365052,54.096223,49.138014,12965932
2024-02-05,54.112637,54.519485,53.462256,53.702089,48.795232,17086051
2024-02-06,53.6932,54.022464,52.453234,52.739513,47.925594,12691622
2024-02-07,52.812134,52.971599,51.716983,51.89102,47.159455,26778109
2024-02-08,51.9905,52.290264,51.752383,52.03768,47.297663,13577408
2024-02-09,51.897331,52.154777,51.151782,51.622504,46.925186,16227044
2024-02-12,51.498514,52.419254,51.386603,52.276187,47.534222,30342466
2024-02-13,52.471147,52.670657,52.132139,52.56131,47.798455,21308207
2024-02-14,52.510385,52.762695,52.168446,52.19257,47.468066,20334741
2024-02-15,52.341098,52.804071,52.308574,52.715537,47.948682,13835917
2024-02-16,52.607075,52.717495,52.203415,52.259913,47.539204,24391639
2024-02-20,52.213431,52.913658,51.793818,52.86914,48.113417,21372791
2024-02-21,52.554892,53.327583,52.325079,53.083308,48.313346,17603073
2024-02-22,52.92529,53.835283,52.628423,53.605516,48.793706,18375680
2024-02-23,53.371254,54.808915,53.269848,54.334659,49.462544,23320993
2024-02-26,54.20801,54.859456,54.076528,54.689473,49.801084,11082345
2024-02-27,54.66987,54.763517,54.13486,54.529902,49.660942,18214166
2024-02-28,54.975819,55.269864,53.506509,53.579368,48.800358,22985805
2024-02-29,53.514762,53.543632,52.337249,52.782276,48.079364,11399225
2024-03-01,53.037881,53.581372,52.139639,52.167909,47.524681,16372644
2024-03-04,52.085407,52.846428,51.39374,52.433222,47.781292,29223320
2024-03-05,52.634731,52.781661,51.351238,51.441674,46.882592,6200361
2024-03-06,51.162457,51.414232,50.888668,50.979303,46.466033,16378590
2024-03-07,51.529823,51.830466,49.486908,49.828222,45.421585,16280176
2024-03-08,50.273499,50.416971,49.903322,50.232249,45.794645,16091294
2024-03-11,50.21219,51.987307,50.125959,51.559163,47.01901,12137333
2024-03-12,51.73157,52.56745,50.372895,50.585964,46.136307,23900653
2024-03-13,50.806555,51.549548,50.730749,51.460032,46.938373,15117443
2024-03-14,51.645686,52.405057,50.763911,50.828449,46.36711,12892617
2024-03-15,51.140402,51.656885,50.985631,51.601477,47.077185,27914446
2024-03-18,51.432841,53.01465,51.09382,52.423643,47.842195,15713604
2024-03-19,52.380086,53.318876,51.657199,53.019606,48.39111,15305648
2024-03-20,52.870293,53.098417,50.926538,51.406019,46.923267,25334838
2024-03-21,51.794997,52.036252,51.493734,51.903531,47.382323,13598995
2024-03-22,51.781256,52.608513,51.170281,52.404623,47.844744,15253990
2024-03-25,52.408313,53.400939,52.034111,52.653505,48.086977,16493438
2024-03-26,53.029134,53.368198,52.228769,52.557359,48.004163,27906871
2024-03-27,52.629722,52.669071,51.696508,51.82733,47.342304,15782188
2024-03-28,51.848047,51.958758,51.377136,51.584202,47.125118,19081968
2024-04-01,51.552796,51.684223,50.46102,50.56549,46.213694,24668678
2024-04-02,50.982894,51.526305,50.830743,51.265804,46.858612,15506613
2024-04-03,51.545982,51.757812,51.273437,51.349666,46.940148,10301911
2024-04-04,51.442295,52.144745,50.317557,50.574644,46.236489,20628500
2024-04-05,50.315108,51.04457,50.207407,50.870881,46.512155,12504260
2024-04-08,50.517349,50.911094,50.292868,50.851843,46.509262,15394831
2024-04-09,50.78468,51.170687,50.531957,51.012582,46.661129,15550282
2024-04-10,50.866953,51.565936,50.626028,51.469721,47.084172,12340159
2024-04-11,51.491981,51.701249,49.890317,50.177827,45.907131,20308536
2024-04-12,50.22818,50.310568,49.861398,50.063924,45.807688,24145659
2024-04-15,49.966765,50.23267,49.569919,49.785434,45.567094,15943948
2024-04-16,49.945108,50.060823,48.948285,49.089805,44.935081,15518687
2024-04-17,49.558567,49.801686,49.446074,49.725351,45.521572,27278750
2024-04-18,49.614485,49.698678,48.356292,48.755664,44.638507,18706809
2024-04-19,48.93056,49.17752,48.036456,48.154815,44.092984,9390307
2024-04-22,48.275253,48.342484,47.479949,47.567792,43.569073,14217715
2024-04-23,47.747615,47.943309,47.589433,47.611499,43.613642,11336058
2024-04-24,47.853779,47.896385,46.739111,46.839327,42.910772,19390790
2024-04-25,46.564117,46.600199,45.605618,45.930858,42.082878,8574265
2024-04-26,46.019234,46.278563,44.885514,45.289656,41.499711,16953824
2024-04-29,45.253908,47.158741,45.17671,46.580078,42.695471,12020034
2024-04-30,46.320953,46.510177,45.924717,46.139123,42.295691,16858754
2024-05-01,46.021492,46.113001,45.407555,45.574373,41.782332,18325801
2024-05-02,45.444703,45.574307,45.395948,45.499075,41.717638,24746159
2024-05-03,45.437602,46.886209,45.283289,46.662425,42.788754,26327553
2024-05-06,46.524251,47.482752,46.018379,47.398244,43.477057,31420880
2024-05-07,47.705649,47.793974,47.649703,47.75657,43.810297,18221169
2024-05-08,47.740063,48.467232,47.705324,48.276072,44.291478,23427355
2024-05-09,48.188003,48.737339,48.060566,48.468005,44.472196,18455983
2024-05-10,48.191601,49.05063,47.793727,48.958269,44.926715,16397662
2024-05-13,48.965921,49.343802,48.280625,48.598397,44.6104,17784972
2024-05-14,48.598569,48.774816,47.90796,48.021324,44.085267,22287640
2024-05-15,48.177301,48.348345,47.636383,47.669552,43.766881,17181999
2024-05-16,47.589838,48.527384,47.384682,48.444266,44.482798,18589696
2024-05-17,48.225442,49.609104,47.491354,49.241265,45.219327,18932804
2024-05-20,49.136571,49.281409,48.704884,48.762518,44.793662,16190917
2024-05-21,48.765954,49.068925,48.121417,48.871116,44.898092,9971042
2024-05-22,48.559304,48.691823,48.34982,48.477929,44.541504,21971337
2024-05-23,48.889655,49.148333,48.117201,48.528738,44.592826,17255832
2024-05-24,48.559873,49.067133,46.732567,47.011697,43.203319,10863026
2024-05-28,46.941832,47.669297,46.836882,47.441401,43.616361,20001733
2024-05-29,47.283669,48.238262,47.161199,47.771909,43.924791,11538186
2024-05-30,47.855512,48.178429,47.208899,47.713172,43.875348,20609970
2024-05-31,47.392906,47.567235,46.6373,46.84816,43.084396,22552343
2024-06-03,46.785033,47.34649,46.710367,47.24445,43.462411,8088835
2024-06-04,47.353808,47.643264,46.952041,47.113175,43.346154,28369707
2024-06-05,47.193103,47.436627,46.770858,46.791064,43.054277,13792618
2024-06-06,46.754046,46.872743,46.152891,46.448478,42.743498,21588766
2024-06-07,46.470402,46.994741,46.351864,46.890586,43.15483,19399972
2024-06-10,46.629036,46.724955,46.253093,46.321256,42.644166,23375429
2024-06-11,46.202416,46.463549,45.472772,45.743169,42.11635,18514514
2024-06-12,45.762245,46.286406,45.74239,46.266092,42.602244,19064607
2024-06-13,46.194393,46.69417,46.069268,46.565926,42.882796,11145031
2024-06-14,46.357497,46.478806,45.849812,46.10538,42.463094,19809391
2024-06-17,45.916103,47.101131,45.702028,46.858366,43.170067,17694281
2024-06-18,46.524791,46.963433,46.370525,46.729249,43.055592,19786233
2024-06-20,46.633645,47.182083,46.421432,47.057156,43.366743,18710718
2024-06-21,47.485038,48.11418,46.339085,46.579549,42.931058,22572655
2024-06-24,46.57441,46.895529,46.425168,46.719259,43.073267,20967832
2024-06-25,46.745173,47.22863,46.595093,47.095982,43.425107,15204565
2024-06-26,46.994774,47.970266,46.974914,47.515938,43.816889,12402787
2024-06-27,47.888103,48.32419,47.422674,47.443657,43.754787,34675983
2024-06-28,47.441902,49.050628,47.181869,48.875869,45.08033,18415032
2024-07-01,48.87857,49.133971,48.748036,48.993814,45.203223,9988354
2024-07-02,48.899925,49.888525,48.642909,49.644487,45.808319,20613617
2024-07-03,49.746154,50.000832,49.534963,49.664281,45.831352,14160900
2024-07-05,49.932477,50.700136,49.58137,50.668824,46.768098,11650148
2024-07-08,50.801912,50.986601,50.164528,50.275936,46.419942,18109758
2024-07-09,50.72934,50.850867,50.286316,50.326529,46.471489,24411074
2024-07-10,50.115481,50.604691,49.911541,50.477432,46.615683,16365200
2024-07-11,50.537292,50.618923,50.068301,50.348092,46.501075,17036590
2024-07-12,50.281601,50.922233,50.241393,50.75982,46.886221,11472632
2024-07-15,50.628986,50.700608,50.443709,50.590163,46.744099,18083353
2024-07-16,50.645897,51.548624,50.451535,51.385304,47.48373,13041720
2024-07-17,51.266829,51.686643,50.452371,50.50129,46.671693,31216196
2024-07-18,50.771245,50.906637,50.171097,50.589296,46.757889,26183140
2024-07-19,50.60852,50.646996,50.374943,50.485706,46.667,24907108
2024-07-22,50.455623,51.021294,50.199545,50.876545,47.042956,32154690
2024-07-23,50.864432,51.253275,50.577434,51.125227,47.277818,13802818
2024-07-24,51.140271,51.537585,50.815737,51.433709,47.568035,18440416
2024-07-25,51.307113,52.075638,50.959431,51.91811,48.021024,18849381
2024-07-26,51.853,52.159896,51.687056,51.754741,47.874898,19454320
2024-07-29,51.916014,52.309583,51.891867,52.087584,48.197831,29119532
2024-07-30,52.183633,53.194665,52.057886,52.96962,49.019099,11520893
2024-07-31,53.143893,53.173859,52.788248,52.924018,48.981993,17112837
2024-08-01,52.960613,53.170515,52.910064,53.141543,49.188433,22636082
2024-08-02,53.078402,53.268334,52.532888,52.75195,48.832902,25800336
2024-08-05,52.379073,52.958698,52.186943,52.49641,48.611516,18702311
2024-08-06,52.448741,52.697034,52.05184,52.149349,48.295163,12135849
2024-08-07,52.29014,52.333226,51.658155,51.812934,47.988604,15604064
2024-08-08,51.792515,51.853741,51.355225,51.698571,47.887664,18585308
2024-08-09,51.565563,52.017527,50.456319,50.81836,47.077234,18416860
2024-08-12,51.11037,52.77025,50.960451,52.294131,48.459485,27093339
2024-08-13,52.166278,53.491832,51.694665,53.206952,49.3105,10233565
2024-08-14,53.322136,54.071209,53.150328,53.607214,49.68662,23009652
2024-08-15,53.572709,53.618444,53.363775,53.508217,49.600022,14451672
2024-08-16,53.237702,53.401917,53.149729,53.315548,49.426568,17083675
2024-08-19,53.313489,53.735942,52.786806,53.528112,49.639117,20576105
2024-08-20,53.316427,53.723755,52.993431,53.023953,49.176703,20352559
2024-08-21,53.025601,53.255234,52.922019,52.998019,49.157765,18477009
2024-08-22,53.012072,53.633103,52.551694,53.556561,49.681004,19376044
2024-08-23,53.595582,53.865444,52.181881,52.301161,48.521497,10413263
2024-08-26,52.53083,52.753888,52.228659,52.332707,48.565919,21088845
2024-08-27,52.315824,52.835936,51.657227,51.953552,48.219071,23538137
2024-08-28,51.967368,52.054219,51.10613,51.152878,47.48089,15367269
2024-08-29,51.021394,51.279169,50.53387,51.240714,47.56737,15281079
2024-08-30,51.200722,51.912873,50.800785,51.778987,48.072056,23818490
2024-09-03,52.012591,52.51065,51.546555,52.085816,48.377047,11855307
2024-09-04,52.37216,52.455653,50.710291,51.244127,47.600242,12642532
2024-09-05,51.254652,52.567839,50.865367,52.381136,48.661463,12549762
2024-09-06,52.692079,53.025913,50.460401,50.802669,47.199995,20968753
2024-09-09,51.343272,51.364376,49.976701,50.3669,46.809737,11746805
2024-09-10,50.744237,50.92498,49.156983,49.336061,45.856471,31565485
2024-09-11,49.470212,49.736219,48.735979,48.847903,45.407466,21411705
2024-09-12,48.787515,48.875354,47.298673,47.818238,44.454947,14838375
2024-09-13,47.833217,47.933243,46.76982,47.218514,43.901971,27162377
2024-09-16,47.247043,47.451457,45.71663,46.049479,42.828413,14440977
2024-09-17,46.121287,46.287628,45.366349,45.914444,42.707266,17760100
2024-09-18,45.737784,46.18496,45.515858,46.02691,42.81633,15562753
2024-09-19,45.97057,46.435222,45.735682,46.398192,43.166205,17667888
2024-09-20,46.07357,46.944303,46.050969,46.874793,43.614144,15918423
2024-09-23,47.139224,47.30578,46.060908,46.597922,43.370067,20936698
2024-09-24,46.339513,46.420341,46.120897,46.270635,43.069932,10860149
2024-09-25,46.195833,46.374692,45.281721,45.444276,42.305136,13330149
2024-09-26,45.434258,45.803929,45.256547,45.595575,42.4504,27943305
2024-09-27,45.978845,46.098715,45.302789,45.365874,42.240938,24887386
2024-09-30,45.368399,45.535198,44.29007,44.541679,41.486463,17907176
2024-10-01,44.369748,44.557121,44.294539,44.501439,41.453296,21871361
2024-10-02,44.490028,45.235757,44.332787,44.902875,41.831587,17493347
2024-10-03,44.813695,44.920239,43.92565,44.500638,41.461176,21188372
2024-10-04,44.759475,45.102321,44.679034,44.982688,41.914661,20329842
2024-10-07,44.742946,45.77429,44.696718,45.330254,42.251707,20538642
2024-10-08,45.113596,45.307603,44.900205,45.071138,42.01456,17717073
2024-10-09,44.709905,45.798661,44.666199,45.585037,42.498029,19683534
2024-10-10,45.686218,46.382823,45.43911,46.278067,43.148616,14202754
2024-10-11,46.404845,47.07953,46.180329,46.34707,43.217449,18982973
2024-10-14,46.771947,47.101575,45.408614,45.806738,42.726937,24453866
2024-10-15,45.985062,46.449082,45.131289,45.599017,42.537607,11623240
2024-10-16,45.622953,45.791553,44.563635,44.879496,41.870749,37848419
2024-10-17,44.975525,45.582161,44.757532,45.554204,42.504646,16794887
2024-10-18,45.633545,46.17954,45.358509,45.472576,42.432897,14539099
2024-10-21,45.781625,46.185328,44.904366,45.079086,42.078841,23259677
2024-10-22,45.169307,45.650587,44.938166,45.330796,42.318202,23524060
2024-10-23,45.113826,45.767308,44.583323,45.574001,42.549671,19821958
2024-10-24,45.587028,46.77407,45.438142,46.749148,43.651374,14539604
2024-10-25,46.750548,47.060225,46.052821,46.299369,43.235898,10573905
2024-10-28,46.662744,46.843975,46.228849,46.596916,43.52734,11915604
2024-10-29,46.691871,47.090187,46.508024,46.956918,43.868191,17800593
2024-10-30,47.023434,47.432334,46.712983,47.35047,44.240458,16779737
2024-10-31,47.556691,47.715641,46.624907,46.651873,43.592281,11944218
2024-11-01,46.539492,46.724717,46.430261,46.528695,43.481705,19118129
2024-11-04,46.614238,47.005948,46.551427,46.584927,43.547844,14166910
2024-11-05,46.800528,47.263533,46.417465,47.130284,44.06223,13701537
2024-11-06,47.110624,47.446075,46.897306,47.350409,44.272632,20197625
2024-11-07,47.089867,47.900121,46.990148,47.857684,44.751589,25860466
2024-11-08,47.783087,48.388852,47.690766,48.128603,45.009608,18061498
2024-11-11,48.317411,48.589645,48.292709,48.546876,45.414947,20239089
2024-11-12,48.604876,49.121418,48.093747,48.302508,45.191045,16902398
2024-11-13,48.286308,48.701012,47.610625,47.65961,44.594199,21830793
2024-11-14,47.833437,48.531846,47.653386,48.312761,45.210044,21294631
2024-11-15,48.238758,48.613656,48.103959,48.441897,45.335603,16887595
2024-11-18,48.133498,48.588142,47.841129,48.31294,45.22903,13720076
2024-11-19,48.094093,48.374445,47.445893,47.502634,44.475074,30691105
2024-11-20,47.341492,47.742126,47.255216,47.534134,44.509197,10787988
2024-11-21,47.057546,47.758744,47.036088,47.533516,44.513249,14523503
2024-11-22,47.712812,49.01068,47.686109,48.826193,45.728547,37998547
2024-11-25,48.662092,49.005057,46.839443,47.085754,44.112291,22654529
2024-11-26,46.8205,47.251977,46.286291,46.857553,43.903068,15791090
2024-11-27,46.587256,48.058389,46.298574,47.264449,44.288917,16019164
2024-11-29,47.133459,47.516834,46.953684,47.289441,44.321557,16668894
2024-12-02,46.996481,47.961779,46.888624,47.508174,44.540461,12794501
2024-12-03,47.436539,48.854956,47.357994,48.818523,45.773718,12345653
2024-12-04,48.898951,49.076764,48.27993,48.701434,45.668682,25022136
2024-12-05,48.936032,48.974758,48.26834,48.370927,45.363477,31802703
2024-12-06,48.313253,48.915523,48.114115,48.629063,45.610308,14607833
2024-12-09,48.672442,49.673223,48.497096,49.272218,46.227964,21283573
2024-12-10,48.982525,49.91102,48.944447,49.578748,46.520395,17324274
2024-12-11,49.410005,49.720894,48.818644,49.261565,46.227587,15422208
2024-12-12,49.349035,49.848884,49.039848,49.798112,46.73595,25609251
2024-12-13,49.752869,50.337786,49.492665,49.950109,46.883479,25079398
2024-12-16,49.600639,51.024694,49.35143,50.927776,47.816044,23487272
2024-12-17,51.292351,51.548221,50.444729,50.470778,47.3919,13610554
2024-12-18,50.694758,50.760099,49.309002,49.444416,46.43298,23837944
2024-12-19,49.735023,50.20379,49.594002,49.714836,46.691787,11272753
2024-12-20,49.942466,49.968176,49.340959,49.652311,46.637916,14741371
2024-12-23,49.536754,49.971336,49.133087,49.867287,46.854463,14596736
2024-12-24,49.692065,50.00067,49.471661,49.535361,46.547433,11095370
2024-12-26,49.31567,49.555861,48.845946,48.879262,45.940468,19513212
2024-12-27,48.735021,50.048446,48.43272,49.731342,46.746181,17357401
2024-12-30,49.555807,50.160827,49.526647,50.096287,47.103919,12952380
2024-12-31,50.279803,50.33239,48.830025,49.3069,46.366508,12998311
2025-01-02,49.607741,51.524899,49.468068,51.438052,48.380635,19608143
2025-01-03,51.548479,52.337737,51.521252,51.979772,48.895243,20139643
2025-01-06,52.117902,52.447432,51.827362,52.133439,49.055099,23282993
2025-01-07,51.796357,53.354609,51.555723,53.178641,50.043791,17476291
2025-01-08,53.258925,54.479312,53.129175,54.409736,51.207642,11339592
2025-01-09,54.503459,54.746006,53.920217,54.51369,51.310816,18376710
2025-01-10,54.335537,54.533664,53.969513,54.184933,51.00668,21542300
2025-01-13,54.253285,54.940939,52.47921,52.907635,49.81985,27985695
2025-01-14,52.69308,53.238381,52.566155,52.993421,49.905822,19877536
2025-01-15,53.469888,54.653282,53.227531,54.42669,51.260915,17979218
2025-01-16,54.601815,54.84096,53.970106,54.071036,50.931247,44124457
2025-01-17,53.930793,55.039432,53.348964,54.728548,51.555942,16670831
2025-01-21,54.39745,54.613812,53.73438,54.238392,51.115468,22922083
2025-01-22,54.274896,54.887448,53.838784,53.943666,50.843001,13450373
2025-01-23,53.937169,54.670311,53.696458,54.574558,51.442981,16089009
2025-01-24,54.623652,54.855817,53.55982,53.732214,50.654242,22834898
2025-01-27,53.600754,54.306351,53.525343,54.103404,51.020091,14365889
2025-01-28,53.856622,54.303717,53.56474,53.969644,50.899248,21136387
2025-01-29,53.704958,54.205129,53.653569,54.182816,51.105609,16134988
2025-01-30,53.863921,54.545499,53.72845,54.311405,51.232225,23060033
2025-01-31,53.893183,53.930471,53.401898,53.818045,50.772119,12865307
2025-02-03,53.717545,54.571811,53.560313,54.163066,51.113563,16562194
2025-02-04,53.988325,54.720285,53.794098,54.463215,51.402161,21158186
2025-02-05,54.324302,54.948815,53.813705,54.775173,51.701964,20961178
2025-02-06,54.336833,54.945991,54.092936,54.816399,51.746261,13410671
2025-02-07,54.373715,55.412106,54.170648,55.257947,52.168506,14131231
2025-02-10,55.347879,55.82624,54.835418,54.902216,51.848844,17221649
2025-02-11,54.863502,56.158445,54.809552,55.935971,52.830603,16296676
2025-02-12,56.068645,56.145274,54.699889,55.399094,52.328975,9099761
2025-02-13,55.371226,56.105214,55.218796,55.806406,52.719199,10365739
2025-02-14,56.078411,56.435546,55.356532,55.556349,52.488436,21119685
2025-02-18,55.484986,56.833533,55.187486,56.595663,53.492614,13495856
2025-02-19,56.669378,56.78682,55.341791,55.376971,52.346186,22695564
2025-02-20,55.191484,56.2589,55.126106,55.895773,52.842092,20965326
2025-02-21,55.707071,57.216878,55.407717,56.930984,53.826347,18506141
2025-02-24,56.601589,57.230552,56.303865,56.889678,53.804084,21910510
2025-02-25,56.862487,57.045062,56.722557,56.840489,53.763156,21827052
2025-02-26,56.979843,57.372235,55.922483,56.280167,53.238708,22792045
2025-02-27,56.133148,57.24608,55.816333,57.156413,54.073226,11940697
2025-02-28,56.972745,57.863807,56.463371,57.679779,54.574038,26464634
2025-03-03,57.670964,58.207979,57.409722,58.158151,55.043829,20562905
2025-03-04,57.949219,58.375352,57.35887,57.685894,54.602542,42220119
2025-03-05,57.410156,57.926821,56.452735,56.939049,53.901224,22835755
2025-03-06,56.9184,58.053872,56.825384,57.624434,54.555717,25279951
2025-03-07,57.576679,57.963583,57.138033,57.789592,54.717772,19496986
2025-03-10,57.642342,57.748038,56.775554,57.23089,54.205684,16340878
2025-03-11,57.276502,58.183921,57.071423,57.890934,54.836544,25411192
2025-03-12,57.887897,58.550826,57.33447,58.372636,55.298583,16601465
2025-03-13,58.310201,59.140943,57.921996,59.037652,55.934396,22763832
2025-03-14,58.917284,59.311702,58.720098,59.141709,56.038814,16159165
2025-03-17,58.950292,59.989811,58.899759,59.664645,56.551962,17546158
2025-03-18,59.954436,60.843134,59.775163,60.743571,57.580591,16175918
2025-03-19,60.669417,61.247117,60.411496,60.490711,57.346864,13836660
2025-03-20,60.365635,61.073134,60.210612,60.85033,57.693794,19097228
2025-03-21,60.812476,62.13707,60.725249,62.095361,58.880366,16908529
2025-03-24,62.236885,62.309204,61.558737,61.778043,58.597764,23988212
2025-03-25,61.643596,62.576922,61.613431,62.499556,59.288302,25814572
2025-03-26,62.644191,62.821469,61.776419,61.980412,58.80195,16209189
2025-03-27,61.811257,62.092388,61.641164,61.784093,58.621797,7906350
2025-03-28,61.934887,62.269804,61.493596,62.101489,58.929078,24960339
2025-03-31,62.107451,62.626113,61.433654,62.502688,59.328296,15752829
2025-04-01,62.339999,62.714918,61.849102,61.95317,58.812805,23173420
2025-04-02,62.372856,62.645474,60.975759,61.650833,58.531883,22899271
2025-04-03,61.879363,62.590576,61.371942,62.322187,59.175429,19820385
2025-04-04,62.176778,62.794618,62.065535,62.270219,59.132237,16660943
2025-04-07,62.649782,63.205189,62.118354,62.943867,59.790596,19612002
2025-04-08,63.110451,64.017705,61.995096,62.750981,59.613574,12276582
2025-04-09,62.658736,64.028883,62.244224,63.817811,60.633374,13666386
2025-04-10,63.941366,64.883829,63.583679,64.422416,61.214178,17616784
2025-04-11,63.98735,66.437828,63.875669,66.155999,62.867968,15305846
2025-04-14,66.208859,68.880558,66.004445,68.363699,64.986224,14770329
2025-04-15,68.547619,68.903965,68.365341,68.501826,65.124302,15570504
2025-04-16,69.125638,69.405527,68.323634,69.31183,65.901223,18486166
2025-04-17,69.827762,70.475255,68.89514,69.205638,65.807103,17328629
2025-04-21,69.070368,70.121909,68.943249,69.723788,66.327404,16665501
2025-04-22,70.182002,70.363853,69.491027,69.790264,66.39755,19690210
2025-04-23,69.357461,69.407793,68.840584,69.30269,65.940538,20287652
2025-04-24,69.449075,69.535227,68.960963,69.031371,65.689216,21012813
2025-04-25,69.657384,69.981146,68.408542,68.524992,65.214138,20272873
2025-04-28,68.847819,69.470144,67.4824,67.910712,64.649712,17798773
2025-04-29,68.448502,68.58067,68.341164,68.397847,65.12023,10316719
2025-04-30,68.307503,69.665639,67.248661,68.960917,65.663149,21603643
2025-05-01,68.900717,69.18205,68.596642,68.823754,65.539364,15897200
2025-05-02,68.715003,70.569039,68.309648,70.080901,66.74346,16634941
2025-05-05,70.527479,70.913074,70.424547,70.685286,67.340078,17129353
2025-05-06,71.234855,71.695235,70.578381,70.957654,67.606589,21950072
2025-05-07,71.354539,71.65182,71.124741,71.594803,68.220745,19352647
2025-05-08,71.826212,71.924389,71.749233,71.874547,68.494432,19517214
2025-05-09,71.906138,72.889678,71.83298,72.374529,68.978076,28300772
2025-05-12,72.708254,72.780782,70.459645,71.348138,68.02108,16208472
2025-05-13,70.983913,71.543493,69.627924,69.736768,66.491768,10166529
2025-05-14,69.294351,72.674102,69.259607,71.642763,68.316179,17868553
2025-05-15,71.518093,72.694799,70.381159,70.974231,67.685731,23742351
2025-05-16,70.138861,70.538886,67.928261,68.012751,64.868216,27434377
2025-05-19,68.012079,68.678059,67.257296,68.403456,65.261223,10921054
2025-05-20,68.51733,69.430626,67.482279,69.123354,65.954913,22231883
2025-05-21,68.449087,70.981144,68.211146,69.100788,65.940241,20762055
2025-05-22,69.684954,70.658483,69.116266,69.750665,66.567319,16851072
2025-05-23,69.621445,72.674831,69.311064,71.506293,68.249922,21563690
2025-05-27,71.582795,72.218632,70.953593,72.004843,68.754375,21361781
2025-05-28,72.106964,74.880289,70.889688,74.653584,71.290962,26522259
2025-05-29,75.376508,75.507905,73.57524,74.132308,70.800531,16504381
2025-05-30,73.765416,75.085128,73.270529,74.269914,70.939333,11899989
2025-06-02,73.907208,74.96916,73.069855,74.659962,71.33415,14393709
2025-06-03,74.705287,76.465463,73.397531,76.08143,72.69986,9517270
2025-06-04,75.897329,77.675669,75.515853,76.540893,73.146511,11265082
2025-06-05,76.112176,76.148314,74.610285,75.646746,72.299539,10886077
2025-06-06,76.287714,76.499537,74.883426,75.440594,72.11001,13614133
2025-06-09,75.375415,75.569234,74.98687,75.474918,72.16534,13464024
2025-06-10,75.784873,76.188718,74.640408,75.668853,72.358298,11455402
2025-06-11,75.537708,75.946277,74.764171,74.963637,71.691394,17073379
2025-06-12,74.711339,75.078323,74.496888,74.826052,71.567261,33168274
2025-06-13,75.250643,75.648387,73.708728,73.973738,70.759427,19604319
2025-06-16,73.87455,74.179689,73.528804,74.107422,70.90943,12150172
2025-06-17,73.92392,74.516832,73.38584,74.22593,71.030214,12106364
2025-06-18,74.072945,75.247072,73.463817,74.802502,71.58941,25638736
2025-06-20,75.074741,75.246199,74.330877,74.820628,71.621659,12459147
2025-06-23,74.891728,76.407753,73.953665,76.141447,72.908758,17788499
2025-06-24,76.541518,76.912336,76.340098,76.530754,73.289161,15181924
2025-06-25,76.576397,77.848764,76.171667,77.728609,74.444024,30957319
2025-06-26,77.966564,78.137757,75.804696,76.033132,72.827769,13686789
2025-06-27,76.397717,76.434705,74.765068,75.382019,72.211618,9184127
2025-06-30,75.637964,76.156618,74.527189,74.761734,71.639777,18450166
2025-07-01,74.498846,75.428567,73.322918,73.371824,70.315223,37818673
2025-07-02,73.160367,75.101396,72.269588,74.861195,71.750013,21531821
2025-07-03,74.911899,75.132072,72.650323,73.836671,70.77543,14677603
2025-07-07,73.987724,75.750583,73.89919,74.551961,71.490809,26607753
2025-07-08,74.612596,75.95004,74.391409,75.790655,72.686203,12408949
2025-07-09,75.46828,76.186274,74.429553,74.799354,71.742971,10300497
2025-07-10,74.795622,75.667267,72.539028,73.689845,70.686151,9542604
2025-07-11,74.070164,74.544447,72.732111,73.358725,70.375849,21650687
2025-07-14,73.365297,75.221081,72.623727,74.647533,71.634607,23170362
2025-07-15,75.238263,76.824136,75.147479,76.242678,73.172981,27313357
2025-07-16,76.284864,76.761969,75.018207,75.768644,72.725599,27342449
2025-07-17,75.308672,77.006322,74.894485,76.165827,73.114436,14335955
2025-07-18,75.922046,76.16679,73.416515,73.869891,70.917859,19362379
2025-07-21,73.529678,77.459759,73.365114,76.155006,73.134477,19246262
2025-07-22,75.847544,77.032129,75.208012,76.703497,73.668878,25574258
2025-07-23,77.078275,78.628906,75.490971,76.452366,73.435322,17335977
2025-07-24,76.512817,77.612415,75.810126,77.02161,73.989799,32007909
2025-07-25,77.374712,77.714081,76.43002,76.577635,73.570954,14090599
2025-07-28,76.008177,77.071875,75.96831,76.697373,73.708993,24297880
2025-07-29,76.430958,76.507456,75.584783,76.113078,73.155075,16119577
2025-07-30,75.709818,76.785311,75.646192,76.562483,73.594671,16938912
2025-07-31,76.914333,77.454179,75.578971,75.635903,72.711572,15744495
2025-08-01,75.514746,75.758192,74.934429,75.60091,72.685494,23736097
2025-08-04,75.569932,75.669289,74.882441,75.113953,72.239859,23408104
2025-08-05,74.935606,75.453391,74.293521,74.58839,71.741869,24434860
2025-08-06,74.651578,75.33717,74.428813,74.988377,72.134096,20114136
2025-08-07,74.640832,77.292399,74.375007,77.047253,74.122316,9679295
2025-08-08,77.851524,78.479351,77.024842,77.26553,74.340041,16313859
2025-08-11,76.997486,77.38631,75.260063,75.600737,72.760988,19865260
2025-08-12,75.037288,75.515505,74.675724,75.265736,72.446107,9987088
2025-08-13,75.009838,76.330707,74.381336,75.548729,72.726064,19455415
2025-08-14,75.530157,75.70804,74.555134,74.613237,71.832997,23020710
2025-08-15,74.701783,74.764656,73.092951,74.019072,71.268386,13496982
2025-08-18,74.409188,74.855601,73.21854,74.474971,71.729728,38435761
2025-08-19,73.869678,75.049877,73.748493,75.000556,72.243455,24391756
2025-08-20,75.504291,76.244904,75.28174,75.892865,73.110568,21251562
2025-08-21,75.852418,76.455318,75.650823,75.911893,73.136507,29448562
2025-08-22,75.727266,75.889534,75.410261,75.476128,72.724239,11530323
2025-08-25,75.580197,75.956538,75.348722,75.792617,73.051986,13784304
2025-08-26,75.492503,75.948282,75.340094,75.605678,72.879388,11632643
2025-08-27,75.932983,76.270854,75.252784,75.363402,72.653406,21619338
2025-08-28,75.041462,76.50171,74.983035,76.041738,73.314978,15546131
2025-08-29,76.010902,76.094938,74.866907,75.546768,72.845335,18769400
2025-09-02,75.614517,75.675193,74.785688,74.859449,72.212639,17662977
2025-09-03,74.915708,75.633318,74.308625,74.340021,71.719037,16782857
2025-09-04,74.169401,75.05417,73.052409,73.146926,70.575348,19899755
2025-09-05,73.857,74.248982,71.841462,71.99523,69.47137,14447987
2025-09-08,72.339989,72.760722,71.647578,71.888389,69.389928,10909444
2025-09-09,71.904877,72.354266,70.747858,71.117773,68.653237,21934636
2025-09-10,71.016881,72.36227,70.696603,72.049774,69.560176,20533532
2025-09-11,71.615143,72.473716,71.462792,72.244671,69.755596,19841782
2025-09-12,72.5026,73.619878,72.056954,73.17344,70.659717,18690320
2025-09-15,72.970676,73.21325,72.035928,72.188075,69.729963,16947667
2025-09-16,72.439596,73.00252,71.501672,72.488558,70.027498,23503223
2025-09-17,72.639754,75.5533,72.442948,74.578598,72.054075,49373042
2025-09-18,74.609797,74.696299,73.772197,74.060475,71.560936,18160218
2025-09-19,73.815035,75.764672,73.153485,75.671248,73.124953,16063083
2025-09-22,75.384053,76.187966,75.059799,75.474141,72.957246,15966551
2025-09-23,75.08699,76.10543,74.5127,74.580423,72.100832,20873189
2025-09-24,74.346336,75.370444,74.213612,74.688657,72.212981,10857370
2025-09-25,74.61117,74.760603,73.561781,73.8468,71.406456,17605001
2025-09-26,73.732899,74.148076,73.495742,73.956681,71.520147,18454955
2025-09-29,73.45411,74.08329,73.212121,73.724937,71.318294,14482302
2025-09-30,73.812046,75.042117,73.399545,74.298089,71.880214,14368268
2025-10-01,73.942226,74.900763,73.677754,74.386589,71.973322,17826824
2025-10-02,74.863681,75.015537,74.132049,74.390317,71.984418,15619663
2025-10-03,73.384068,74.15328,73.292618,73.845327,71.464488,12087106
2025-10-06,73.076114,75.556678,72.813693,75.410357,73.001841,13835992
2025-10-07,75.457586,75.568371,74.369649,75.126451,72.73457,26744053
2025-10-08,75.216262,75.859265,74.791708,75.731253,73.327745,18116243
2025-10-09,76.04216,76.264623,75.458871,76.202177,73.791399,24640685
2025-10-10,76.03521,76.19284,75.817589,76.074207,73.675142,16661365
2025-10-13,76.477235,76.956423,75.021669,75.385784,73.03122,21727212
2025-10-14,74.918523,75.598844,74.019968,75.125191,72.786339,11672249
2025-10-15,75.08152,75.409859,71.981822,72.345611,70.100587,19540179
2025-10-16,73.071127,73.309559,72.424349,73.174968,70.911585,16697157
2025-10-17,73.675786,73.723428,72.390048,73.232271,70.974499,16260731
2025-10-20,73.992201,74.346547,72.421508,72.479329,70.266699,25649240
2025-10-21,71.771898,75.090092,71.135254,74.928364,72.648528,22951729
2025-10-22,74.407486,77.404609,73.995032,77.252809,74.91004,15943552
2025-10-23,77.120093,79.369632,76.697834,78.731417,76.351751,17794257
2025-10-24,79.068015,79.159916,77.997952,78.38444,76.023171,20548149
2025-10-27,78.386231,78.992969,77.079005,78.098709,75.769692,9791157
2025-10-28,77.410291,79.829466,77.34064,79.053982,76.704457,15691745
2025-10-29,79.135539,81.841692,78.151535,80.665885,78.276597,20979743
2025-10-30,80.286692,81.186751,79.22042,79.767319,77.412699,10499990
2025-10-31,80.532877,80.898565,77.638034,79.833653,77.485136,21614684
2025-11-03,79.256861,81.886209,78.740842,81.271121,78.904941,23866401
2025-11-04,81.405609,84.122042,81.215085,83.932752,81.497558,11311984
2025-11-05,83.812009,86.120393,82.559654,86.064009,83.575674,14205993
2025-11-06,86.533081,87.165611,85.157572,86.310391,83.823654,12448235
2025-11-07,87.129225,88.389984,86.611198,87.325965,84.818791,25194016
2025-11-10,87.493516,91.846379,86.835596,90.109162,87.549402,19476492
2025-11-11,89.379537,89.884415,88.204063,89.57894,87.043298,16050306
2025-11-12,89.561986,93.389259,89.501203,92.999737,90.376666,30385010
2025-11-13,91.634089,92.610457,90.719574,91.015172,88.457279,19065247
2025-11-14,91.254802,92.090825,90.354503,91.176422,88.623217,18484998
2025-11-17,91.408335,91.565167,86.757244,87.006009,84.595987,23013009
2025-11-18,85.999145,89.284786,85.643647,89.169268,86.708346,17663291
2025-11-19,89.265215,89.305668,88.228079,88.277508,85.850128,14474320
2025-11-20,88.683715,90.065726,84.95295,86.31944,83.954636,7699329
2025-11-21,86.409693,87.802594,85.878446,87.475661,85.088033,22415485
2025-11-24,87.354277,91.399369,85.57455,91.281973,88.818169,21162595
2025-11-25,91.022654,97.754164,90.203742,95.51298,92.944646,26456006
2025-11-26,94.030213,96.090776,92.801991,95.288367,92.73572,23962553
2025-11-28,96.082021,97.953244,93.443353,93.704585,91.213344,27930900
2025-12-01,92.548967,92.930341,89.700603,90.20158,87.830879,19752948
2025-12-02,90.75195,91.778279,87.636216,88.264384,85.953539,9405419
2025-12-03,88.48415,88.622652,87.27033,87.732124,85.444102,20693840
2025-12-04,88.02133,89.921029,86.449449,87.555714,85.281165,17995626
2025-12-05,86.304504,88.786189,84.708276,88.166578,85.885095,24036789
2025-12-08,87.927848,90.325685,87.890991,90.050105,87.747265,17700295
2025-12-09,90.562167,91.194263,85.874821,87.626137,85.394169,25407138
2025-12-10,87.11466,88.35767,86.090346,86.437492,84.244565,16594677
2025-12-11,86.030052,87.446045,85.833115,87.334636,85.127803,15620324
2025-12-12,87.741482,87.928502,86.214011,87.349535,85.151185,28354422
2025-12-15,86.7683,88.02407,85.754786,87.88509,85.700005,16374122
2025-12-16,87.460534,89.752617,86.341319,89.198026,86.989348,36942831
2025-12-17,88.463046,89.944985,88.348969,89.815574,87.600718,15741891
2025-12-18,90.18389,91.182611,88.526342,91.12265,88.884808,17894007
2025-12-19,91.159534,91.388415,89.37331,90.068299,87.865491,12626127
2025-12-22,90.537281,91.200353,90.136884,90.269889,88.089641,14966354
2025-12-23,91.311254,92.060868,89.723668,89.88137,87.719632,23563175
2025-12-24,89.655147,90.19232,88.567021,89.131272,86.996624,16877285
2025-12-26,88.815495,90.085322,87.410957,87.935844,85.847687,33842408
2025-12-29,87.670201,88.936863,87.071046,88.060973,85.996682,13125185
2025-12-30,88.465834,89.260505,87.692707,88.1368,86.079686,18554507
2025-12-31,88.053895,88.408482,86.829445,87.199759,85.173377,16166549
2026-01-02,86.636037,87.557001,86.224009,86.44689,84.455574,21924594
2026-01-05,86.717101,88.446695,86.334702,87.933549,85.934805,30530070
2026-01-06,88.512078,91.62322,88.294506,91.318636,89.252234,17515601
2026-01-07,91.415336,93.153499,91.037236,92.039782,89.966421,18324518
2026-01-08,91.921142,92.63264,90.613303,90.743504,88.708573,18740938
2026-01-09,91.300337,91.984525,89.170025,89.362823,87.367943,18972958
2026-01-12,89.950058,90.297688,89.013883,89.333209,87.366254,18227647
2026-01-13,88.663874,89.181553,87.385715,88.242098,86.308146,19409146
2026-01-14,88.243984,89.68618,87.282027,87.49517,85.586492,18169306
2026-01-15,87.410448,87.511507,84.856004,85.635004,83.77562,21911352
2026-01-16,85.40685,85.904079,85.033167,85.35199,83.507439,25350466
2026-01-20,85.034511,85.421612,84.579379,85.068232,83.264457,20459296
2026-01-21,86.450147,86.764515,85.059001,86.239211,84.419389,17069222
2026-01-22,85.940069,86.046909,81.519509,82.384829,80.654732,27756986
2026-01-23,81.632084,82.972847,81.302735,82.513149,80.788763,16528275
2026-01-26,82.401007,83.010244,81.853421,81.938218,80.25089,13011379
2026-01-27,81.478808,82.462679,81.238186,81.683653,80.009892,22075768
2026-01-28,81.725855,82.211826,80.835302,81.540734,79.878211,14911322
2026-01-29,81.231218,82.049753,81.198385,81.51608,79.862368,10621889
2026-01-30,82.228362,82.2857,79.504622,80.878608,79.246072,14883560
2026-02-02,81.695845,81.940298,78.688194,79.981802,78.391832,21517627
2026-02-03,80.398775,80.506097,78.629285,78.873051,77.313165,14240206
2026-02-04,78.677129,80.254335,78.47274,79.618519,78.052009,15519029
2026-02-05,80.43956,80.611099,79.038004,79.123459,77.57476,17615114
2026-02-06,78.866625,78.918265,77.857292,78.581443,77.051369,16830292
2026-02-09,78.104592,81.283017,77.415075,80.352496,78.812533,19048391
2026-02-10,80.322147,80.655126,78.16416,79.025775,77.519303,15276702
2026-02-11,78.508879,79.261775,77.55347,79.225174,77.722987,13686913
2026-02-12,79.78495,80.276526,76.755348,78.004489,76.533409,27712931
2026-02-13,78.153005,79.295601,77.587801,78.712358,77.235963,12933177
2026-02-17,78.408065,80.342932,77.753711,79.649691,78.188246,23168111
2026-02-18,78.990214,79.478567,78.044239,78.741073,77.304342,23417740
2026-02-19,78.184301,79.216599,77.772468,78.757184,77.328204,29223770
2026-02-20,78.528726,78.627454,77.595144,77.672295,76.270934,16616831
2026-02-23,77.640392,78.130801,77.431114,78.095152,76.710101,14657909
2026-02-24,78.343271,79.154779,75.423729,76.28873,74.943513,22710093
2026-02-25,75.929054,76.700856,75.60425,75.931291,74.600137,17145025
2026-02-26,75.532216,79.110845,75.287192,78.479918,77.112107,14511393
2026-02-27,78.619418,79.196984,78.03338,78.609599,77.247564,18303122
2026-03-02,78.300907,78.608291,76.819001,77.047397,75.736064,27723334
2026-03-03,76.504973,76.595409,74.891469,75.916535,74.632214,16326109
2026-03-04,75.736152,76.20615,74.026275,74.149423,72.902581,18845249
2026-03-05,74.501748,75.064461,73.251899,73.944663,72.708828,13796381
2026-03-06,74.805686,75.122317,71.164247,71.662304,70.471945,17363387
2026-03-09,71.343262,72.084514,70.543864,71.928012,70.75532,19705526
2026-03-10,71.976872,73.125054,70.109506,70.487383,69.345393,16887292
2026-03-11,70.390255,71.912883,69.737417,71.471383,70.320766,13537674
2026-03-12,71.483625,72.614599,70.654134,71.029265,69.893037,20063110
2026-03-13,70.597821,73.601333,70.187141,72.353605,71.203599,12608838
2026-03-16,73.517814,74.2179,70.821998,71.189574,70.07994,16813947
2026-03-17,71.328284,74.345312,70.40105,73.547601,72.408745,21099036
2026-03-18,73.790042,74.422054,72.25228,72.954562,71.832362,13744455
2026-03-19,73.055867,75.61031,72.9273,74.946779,73.801612,25129833
2026-03-20,74.528508,75.101648,72.930765,73.074055,71.96499,22801075
2026-03-23,72.330305,74.213959,71.277821,73.921218,72.82202,24253178
2026-03-24,74.743653,76.032104,74.451188,75.512346,74.397228,20130217
2026-03-25,75.204007,77.777365,74.949913,76.10223,74.986202,22806938
2026-03-26,75.68667,76.458159,74.890377,75.515586,74.415903,26381071
2026-03-27,74.935649,77.673399,74.074015,77.384386,76.265423,17641944
2026-03-30,77.724259,77.846976,76.957656,77.532355,76.435105,23115945
2026-03-31,77.85297,78.406743,75.920221,76.376931,75.303867,9980180
2026-04-01,76.372855,77.784858,76.274871,77.675045,76.591711,17951212
2026-04-02,77.394823,78.546749,76.32439,77.932355,76.853427,15572398
2026-04-06,77.604751,79.850795,76.236781,78.876516,77.816895,21368488
2026-04-07,78.447353,79.352526,77.474415,78.912329,77.860326,10746123
2026-04-08,78.814376,80.312471,78.310461,80.116971,79.057133,21128104
2026-04-09,79.668493,83.190775,79.602522,83.042938,81.95292,22037543
2026-04-10,82.978868,83.419944,81.520703,82.378589,81.305749,16262838
2026-04-13,82.198154,82.511965,82.105324,82.383763,81.336239,11096500
2026-04-14,82.09702,83.036819,81.345934,82.404854,81.365526,25600755
2026-04-15,82.922389,83.647334,79.582946,79.692385,78.695455,13241678
2026-04-16,80.165755,80.566078,79.000633,80.328111,79.331481,18896763
2026-04-17,80.391478,81.650516,79.19329,81.577405,80.573657,24595181
2026-04-20,81.862449,84.007475,80.601255,83.729925,82.725508,21117674
2026-04-21,83.633624,84.486909,83.269049,84.01855,83.019307,19867510
2026-04-22,83.927874,84.863939,81.145771,82.394836,81.423375,16992064
2026-04-23,81.612034,83.234147,81.17794,81.379262,80.428142,19184651
2026-04-24,81.442026,81.742737,81.394525,81.660173,80.714167,13381721
2026-04-27,81.723731,83.607652,81.263653,83.167465,82.229658,10120285
2026-04-28,82.834055,84.286412,81.88426,84.030878,83.09198,19016435
2026-04-29,84.001008,84.348293,82.980465,83.516514,82.591955,12987694
2026-04-30,83.295919,83.465122,82.464279,83.201046,82.28854,14281616
2026-05-01,82.972676,84.891337,82.717924,84.267387,83.351858,25336551
2026-05-04,85.421812,86.855759,84.406918,86.578513,85.664607,25205143
2026-05-05,86.973986,87.252034,85.879096,86.50564,85.601409,14211855
2026-05-06,86.648991,86.77857,84.902562,85.207327,84.32544,10301363
2026-05-07,84.530466,88.61518,84.290266,87.523967,86.627115,13456428
2026-05-08,87.05389,89.141379,86.743689,88.31319,87.417345,28001983
2026-05-11,88.174215,88.549659,87.755879,87.960169,87.095084,18559750
2026-05-12,88.384063,88.640663,85.294638,85.527687,84.695337,18391021
2026-05-13,85.806801,86.054208,84.390665,84.82018,84.003455,11798528
2026-05-14,85.906147,86.34001,83.383718,83.508848,82.713354,20792961
2026-05-15,83.471807,84.425701,80.875585,81.422902,80.655669,28349414
2026-05-18,81.732456,83.317683,81.345644,82.921086,82.165377,9815506
2026-05-19,82.308971,82.999465,81.577405,82.780201,82.034311,22325066
2026-05-20,82.508968,82.624206,80.987163,81.118626,80.396071,16450819
2026-05-21,80.80542,81.406919,80.586212,81.038077,80.324596,17252783
2026-05-22,80.896963,81.511358,79.381311,80.706453,80.004214,13017288
2026-05-26,81.221515,81.261529,78.949065,79.858631,79.19672,25605672
2026-05-27,79.281329,80.202251,77.944597,78.40169,77.759945,20166086
2026-05-28,78.787447,79.348077,77.279388,79.204596,78.564453,10851501
2026-05-29,79.169253,79.994539,77.471902,77.613305,76.994033,22721989
2026-06-01,77.479493,78.685607,77.286128,78.086288,77.487422,13372983
2026-06-02,78.186546,78.7342,77.394632,78.073907,77.483198,17752736
2026-06-03,78.216779,80.572199,77.776424,80.489021,79.88835,12352165
2026-06-04,79.752089,80.172772,79.720088,80.001896,79.413122,21123383
2026-06-05,80.572668,81.021329,78.711741,79.150414,78.576081,11371633
2026-06-08,79.21593,79.577723,78.949065,79.007625,78.458812,15599032
2026-06-09,79.327949,79.487999,78.592324,78.909971,78.369989,16210736
2026-06-10,79.705806,79.957373,77.851535,78.055675,77.529605,24130048
2026-06-11,78.307809,78.618853,78.111551,78.472546,77.951776,10833476
2026-06-12,78.455756,80.259322,77.198399,79.323094,78.804878,29671991
2026-06-15,79.65842,80.925752,79.413702,80.295696,79.796027,20410378
2026-06-16,80.617454,82.963168,78.630617,82.749725,82.243341,21720429
2026-06-17,82.340637,83.629255,81.589632,83.454192,82.952127,25705943
2026-06-18,84.172855,84.635584,82.667061,83.323829,82.831165,19905242
2026-06-22,82.938632,84.753077,82.629157,84.030106,83.568037,11736776
2026-06-23,84.193215,84.32687,82.657197,83.449296,82.999055,11407253
2026-06-24,83.966046,84.128092,80.85221,81.173211,80.743651,14556330
2026-06-25,81.731204,82.48838,78.488781,79.829441,79.415253,22720170
2026-06-26,79.968117,80.013402,79.497895,79.831213,79.425279,12280660
2026-06-29,80.088608,80.333382,78.32493,79.501535,79.121968,17531412
2026-06-30,79.177859,79.710524,77.674757,78.60368,78.236539,18550682
